20
199
230
311
320
381
399
523
559
755
801
909
928
953
1111
1281
1300
1338
1359
1467
1471
1475
1520
1537
1679
1773
1809
1943
1980
1987
2029
2182
2265
2450
2479
2511
2829
2839
3011
3097
3162
3367
3448
3541
3633
3702
4013
4058
4123
4260
4309
4698
4734
4751
4802
4816
4868
4953
4965
5151
5339
5520
5545
5560
5833
5846
5884
6205
6315
6386
6672
6678
6751
6754
6790
6792
7030
7114
7123
7176
7180
7213
7226
7277
7312
7358
7439
7466
7510
7570
7728
7814
8096
8143
8168
8209
8268
8377
8378
8442
8477
8550
8583
8674
8720
8781
8817
8859
9056
9068
9136
9162
9258
9627
9657
9677
9749
9811
9831
9865
9990
10015
10041
10071
10088
10147
10235
10475
10480
10586
10607
10656
10686
10704
10801
10832
10846
10849
10920
11145
11261
11284
11396
11440
11470
11685
11726
11776
11805
11990
11993
12015
12039
12101
12174
12344
12354
12498
12584
12623
12653
13000
13142
13192
13224
13513
13539
13723
13727
13913
14177
14291
14448
14461
14474
14597
14610
14627
14635
14788
14789
14878
14885
15006
15067
15197
15313
15360
15403
15445
15497
15559
15579
15653
15869
15953
16028
16089
16219
16270
16498
16524
16568
16654
16682
16716
16794
16847
16974
16977
17066
17549
17551
17620
17675
17890
18111
18281
18387
18432
18509
18539
18541
18619
18660
18737
18768
18798
18816
18963
19094
19115
19116
19131
19210
19269
19364
19394
19418
19463
19584
19634
19736
19773
19822
19846
19849
19856
19880
19981
20096
20206
20218
20223
20319
20327
20358
20402
20487
20559
20571
20700
20972
21001
21182
21272
21358
21658
21817
21886
21948
22157
22169
22245
22356
22367
22511
22689
22720
22975
23044
23158
23272
23367
23408
23425
23461
23655
23681
23723
23842
24181
24225
24268
24294
24458
24571
24612
24613
24617
24665
24888
24977
25056
25074
25235
25255
25357
25384
25645
25726
25869
26164
26165
26190
26277
26280
26519
26566
26684
26751
26776
26803
26805
26847
26854
26899
26924
27017
27107
27198
27361
27465
27482
27510
27555
27679
27745
28029
28101
28117
28151
28179
28189
28340
28358
28410
28521
28694
28844
29001
29117
29143
29156
29193
29221
29222
29398
29545
29549
29604
29862
29896
29908
29996
30083
30145
30186
30239
30447
30510
30576
30632
30638
30763
30862
30905
30939
30995
31084
31097
31128
31232
31274
31282
31314
31434
31551
32059
32205
32241
32290
32332
32493
32652
32657
32774
32786
32874
32902
32982
33030
33045
33209
33235
33365
33403
33472
33730
33788
34015
34019
34041
34055
34073
34079
34219
34286
34290
34314
34729
34786
35014
35275
35398
35433
35568
35642
35676
35694
35783
35864
35986
36022
36106
36116
36154
36168
36198
36246
36435
36612
36626
36671
36758
36769
36856
36947
36991
37018
37067
37074
37421
37656
37688
37719
37855
37916
38010
38066
38068
38195
38264
38278
38321
38334
38393
38436
38505
38572
38586
38677
38845
38889
38940
38980
39194
39309
39370
39474
39529
39535
39571
39599
39655
39920
39957
39958
39989
40007
40065
40078
40130
40159
40210
40227
40228
40285
40302
40523
40723
40768
41005
41058
41096
41286
41381
41449
41527
41608
41804
41817
41925
41932
42259
42459
42675
42940
42962
43179
43283
43432
43464
43586
43614
43628
43685
43766
43806
43820
43856
43882
43925
43968
44110
44130
44132
44160
44374
44477
44526
44676
44753
44890
45135
45622
45653
45716
45928
45967
46002
46020
46048
46083
46118
46166
46408
46596
46787
46806
46807
46871
46944
46970
47035
47042
47106
47286
47311
47431
47478
47511
47555
47600
47659
47841
47897
48026
48059
48120
48126
48258
48327
48329
48506
48663
48666
48686
48751
48754
48925
48979
49014
49098
49115
49150
49161
49176
49178
49226
49419
49523
49555
49659
49687
49917
49921
50151
50293
50309
50423
50429
50430
50457
50464
50525
50572
50649
50653
50668
50879
51051
51090
51098
51114
51126
51131
51258
51363
51471
51508
51555
51672
51757
51930
51957
51963
52047
52208
52269
52408
52522
52659
52697
52713
52731
52742
52802
52889
52904
52939
52964
53035
53093
53286
53361
53363
53426
53473
53595
53617
53708
53809
53830
53908
54011
54262
54363
54390
54572
54721
54863
55014
55034
55061
55112
55118
55239
55252
55311
55622
55637
55793
55894
55910
55935
55989
56035
56078
56545
56593
56655
56727
56757
57132
57201
57294
57427
57604
57606
57713
57878
58078
58248
58250
58272
58322
58437
58456
58556
58752
58877
58935
58949
59103
59163
59285
59311
59314
59331
59341
59358
59693
59758
59781
59816
59968
59992
60190
60233
60247
60282
60561
60562
60883
60935
61142
61145
61412
61465
61592
61604
61664
61702
61769
61791
61828
61911
61921
62177
62235
62309
62486
62582
62588
62598
62702
62776
62798
62799
62887
62909
63030
63040
63077
63176
63254
63432
63464
63616
63671
63680
63776
63849
63898
63926
63955
64016
64063
64110
64195
64220
64238
64453
64457
64484
64620
64875
64977
65218
65223
65268
65337
65468
65470
65505
65546
65615
65713
65756
65797
65890
66144
66156
66565
66594
66835
66840
67038
67177
67205
67237
67247
67277
67328
67360
67366
67368
67447
67477
67507
67519
67540
67715
67728
67887
68136
68228
68552
68610
68656
68688
68715
68722
68843
68858
68872
68917
68965
69003
69044
69061
69099
69114
69530
69651
69676
69892
69989
70045
70110
70183
70475
70489
70746
70858
70892
70940
71156
71217
71276
71314
71379
71396
71460
71544
71746
71897
71913
72076
72347
72447
72541
72763
72787
72801
72877
72897
72925
72958
72991
73004
73075
73111
73211
73264
73380
73391
73414
73475
73717
73721
73921
73932
73997
74060
74061
74109
74229
74319
74505
74584
74687
74825
74869
75029
75060
75092
75112
75286
75366
75438
75728
75747
75752
75869
75962
76080
76128
76130
76248
76254
76268
76388
76389
76392
76433
76477
76539
76747
76778
76783
76844
77015
77037
77042
77075
77080
77142
77228
77292
77505
77560
77634
77699
77745
77840
77876
78140
78252
78289
78366
78409
78414
78426
78446
78510
78532
78549
78641
78650
78675
78700
78716
78728
78801
78830
78985
79048
79134
79280
79300
79399
79484
79508
79573
79579
79667
79692
79700
79840
79929
79932
79946
79952
79982
79993
80107
80111
80180
80270
80488
80581
80656
80750
80809
80838
80853
80889
80985
81037
81090
81294
81335
81391
81525
81675
81756
81762
81838
81891
81903
82022
82151
82165
82292
82299
82806
82813
82891
82906
82912
82973
83134
83217
83381
83648
83925
84010
84109
84368
84465
84543
84706
84788
84835
85110
85177
85225
85306
85444
85452
85454
85470
85732
85805
85840
85913
85957
85967
85994
86075
86083
86272
86374
86489
86674
86687
86709
86891
86999
87077
87231
87372
87490
87701
87863
87891
87936
87961
87963
87964
88077
88087
88147
88239
88258
88381
88503
88587
88641
88693
88747
88791
88840
88901
88912
88998
89003
89037
89056
89268
89322
89484
89610
89662
89729
89764
89802
89867
89891
89926
89984
90090
90141
90189
90200
90371
90490
90635
90745
90864
90882
90884
90910
91041
91153
91297
91300
91441
91451
91471
91544
91572
91628
91895
91957
92107
92155
92165
92227
92287
92381
92399
92441
92673
92681
92837
92954
92989
92993
93037
93087
93284
93355
93463
93577
93703
93732
93757
93767
93835
93868
94038
94155
94291
94366
94390
94444
94615
94739
94825
94841
94903
95050
95208
95235
95281
95355
95379
95406
95485
95591
95689
95690
95912
96013
96263
96296
96398
96424
96458
96460
96900
96976
97033
97117
97130
97150
97196
97232
97442
97465
97493
97674
97676
97930
97947
97997
98189
98242
98280
98341
98416
98438
98465
98479
98524
98566
98575
98745
98816
98836
98914
98923
99136
99229
99231
99431
99449
99467
99648
99664
99756
99767
99829
100099
100232
100293
100340
100364
100369
100376
100661
100801
100988
101101
101208
101263
101417
101466
101698
101863
101891
102029
102040
102088
102125
102132
102189
102206
102266
102288
102616
102671
102956
103116
103187
103204
103280
103295
103426
103443
103500
103533
103749
103757
103853
103922
103960
104071
104173
104324
104482
104555
104699
104739
104919
104997
105069
105216
105359
105439
105566
105613
105631
105703
105732
105752
105786
105799
105829
105909
106006
106321
106434
106447
106591
106823
106832
107031
107151
107494
107609
107623
107656
107671
107855
107862
108037
108040
108107
108202
108303
108310
108314
108415
108532
108761
108773
109100
109166
109193
109269
109455
109556
109627
109724
109758
109792
109802
109890
109998
110208
110263
110272
110273
110333
110362
110395
110661
110699
110747
110838
110861
110862
110875
110904
111061
111235
111303
111316
111606
111717
111859
112030
112117
112137
112229
112274
112293
112514
112670
112684
112773
112918
112989
113016
113032
113113
113123
113312
113373
113402
113433
113909
113941
114175
114304
114365
114390
114664
114698
114789
115176
115289
115369
115441
115710
115719
115747
115830
115846
116092
116152
116291
116317
116468
116505
116513
116915
116955
116970
117280
117322
117489
117494
117752
117823
117886
117925
118074
118159
118196
118285
118316
118593
118743
118812
118818
118828
118856
118872
118905
119033
119130
119192
119295
119421
119441
119445
119529
119677
119691
119805
119874
120101
120110
120137
120156
120181
120429
120492
120519
120605
120658
120713
120745
120761
120839
121008
121034
121090
121118
121426
121487
121494
121571
121572
121606
121620
121699
121786
121863
122036
122052
122102
122237
122549
122670
122749
122832
122836
122847
122922
122952
123111
123127
123204
123404
123444
123462
123601
123689
123739
123788
123918
123953
124174
124303
124307
124323
124408
124445
124453
124601
124655
124660
124684
124747
124864
124988
125019
125066
125069
125147
125217
125260
125355
125363
125382
125449
125453
125480
125536
125561
125573
125738
125854
125981
126033
126042
126231
126318
126400
126415
126886
126981
127202
127222
127406
127556
127623
127652
127668
127700
127744
127801
127857
127976
128163
128242
128618
128654
128785
128830
128871
129007
129047
129054
129114
129311
129371
129422
129464
129486
129594
129704
129768
129868
129996
130034
130104
130183
130767
130768
130821
130886
131055
131116
131146
131409
131547
131549
131558
131596
131614
131615
131699
131879
131940
132034
132303
132326
132396
132438
132515
132548
132585
132683
132794
132838
132853
133013
133074
133123
133183
133260
133404
133520
133538
133541
133657
133863
133927
134013
134112
134186
134215
134229
134254
134404
134508
134572
134583
134633
134634
134725
134749
134818
134994
135176
135177
135352
135375
135467
135573
135609
135611
135614
135675
135718
135797
135892
135988
135997
136008
136023
136178
136419
136481
136498
136847
137076
137285
137550
137743
137768
137783
137829
137900
137959
138065
138096
138100
138150
138171
138340
138410
138559
138573
138603
138712
138748
138837
139030
139134
139170
139281
139376
139437
139549
139579
139654
139658
139778
139918
139923
139930
139937
140059
140072
140079
140125
140284
140397
140513
140587
140609
140661
140895
141218
141222
141286
141355
141403
141562
141698
141914
141918
141963
142016
142061
142161
142374
142392
142556
142678
142726
142843
142929
142942
143102
143132
143139
143182
143196
143249
143263
143456
143510
143681
143746
143752
143793
143890
143980
144048
144090
144118
144187
144211
144293
144472
144531
144620
144727
144882
144976
144986
145048
145049
145153
145386
145387
145473
145531
145621
145630
145677
145728
145926
146018
146166
146367
146403
146507
146639
146689
146814
146821
146862
146882
147007
147014
147098
147196
147207
147212
147232
147240
147250
147453
147528
147537
147572
147745
147796
147835
147967
148052
148109
148292
148487
148500
148686
148758
148770
148798
148835
148845
148887
148986
149139
149270
149276
149356
149425
149461
149522
149560
149590
149592
149627
149662
149797
149902
149969
150016
150062
150210
150310
150322
150782
150971
150999
151012
151246
151247
151252
151289
151409
151416
151476
151949
151962
152081
152158
152182
152314
152331
152371
152381
152575
152586
152597
152669
152702
152749
153054
153152
153180
153215
153316
153335
153339
153347
153591
153720
153726
153802
153820
153821
153915
153956
153994
154065
154110
154130
154180
154185
154231
154467
154615
154660
154700
154785
154811
154813
154847
154950
155065
155306
155435
155472
155486
155623
155668
155686
155740
155749
155769
155858
155885
155934
155948
156018
156057
156148
156207
156234
156481
156517
156523
156649
156745
156797
156807
156897
157051
157076
157150
157235
157246
157247
157273
157285
157444
157448
157463
157487
157488
157600
157673
157677
157733
157855
157955
158050
158056
158169
158196
158535
158959
159353
159427
159556
159590
159631
159642
159643
159675
159734
159748
159832
159925
160005
160073
160098
160173
160212
160229
160484
160487
160490
160566
160634
160730
160846
160995
161075
161300
161599
161637
161642
161720
161813
161947
162076
162125
162132
162149
162189
162208
162236
162259
162335
162429
162542
162561
162673
162695
162830
162875
162927
162979
163091
163096
163167
163183
163232
163271
163418
163489
163724
163861
164092
164136
164194
164214
164386
164450
164481
164698
164711
164828
164923
164962
165012
165126
165155
165270
165436
165633
165767
165864
165880
166102
166296
166308
166378
166402
166450
166592
166600
166683
166729
166924
166932
166951
166954
167118
167230
167266
167308
167320
167325
167490
167543
167571
167610
167660
167691
167727
167730
167910
167949
168029
168052
168258
168655
168903
169060
169264
169332
169502
169551
169587
169650
169664
169686
169735
169919
169937
169967
170123
170164
170275
170447
170450
170463
170516
170700
171001
171321
171347
171477
171497
171516
171593
171660
171669
171804
171920
171941
172006
172071
172132
172150
172190
172280
172336
172466
172467
172488
172499
172543
172564
172690
172720
172775
172783
172867
172889
172940
172949
173252
173254
173342
173454
173475
173537
173599
173663
173932
174026
174127
174352
174414
174606
174611
174676
175164
175215
175272
175341
175358
175504
175532
175578
175622
175625
175798
175830
175893
175926
175927
175950
175951
176122
176171
176255
176434
176491
176548
176800
176806
176893
176951
176959
176960
176987
177014
177062
177103
177211
177249
177358
177372
177394
177410
177587
177598
177727
177935
177977
178048
178122
178168
178213
178228
178290
178374
178416
178449
178453
178503
178531
178541
178990
179255
179293
179618
179637
179777
179930
179983
180076
180164
180302
180303
180544
180595
180741
180763
180899
180968
181008
181043
181347
181470
181553
181614
181677
181879
182093
182224
182242
182284
182332
182398
182490
182514
182742
182754
182780
182869
182871
183071
183116
183380
183577
184024
184048
184100
184312
184316
184429
184473
184487
184528
184563
184570
184589
184662
184778
184962
185005
185006
185088
185117
185146
185173
185227
185403
185472
185497
185636
185680
185807
185827
186007
186088
186102
186248
186363
186407
186506
186557
186730
187035
187055
187244
187301
187534
187549
187558
187658
187766
187816
187855
187884
187893
188111
188164
188167
188194
188225
188306
188424
188521
188560
188727
189051
189190
189233
189401
189451
189601
189605
189667
189739
189869
189927
189944
190036
190050
190204
190304
190378
190388
190481
190520
190657
190745
190850
190900
190904
191013
191071
191405
191433
191476
191523
191551
191565
191585
191611
191642
191722
191778
191858
192069
192077
192148
192285
192365
192370
192382
192399
192504
192587
192926
192942
192984
193064
193104
193128
193412
193422
193431
193469
193495
193745
193860
193866
193993
194068
194185
194234
194329
194355
194391
194431
194509
194530
194698
194718
194793
194972
194989
194990
195089
195279
195365
195441
195630
195716
195793
195911
195929
195992
195995
196010
196064
196095
196169
196196
196205
196384
196439
196534
196542
196544
196620
196697
196754
196847
196869
196882
196895
196903
196910
197032
197039
197209
197234
197254
197282
197293
197398
197405
197457
197552
197597
197674
197797
197817
197896
197952
198228
198277
198352
198380
198388
198489
198631
198651
198795
198989
199353
199355
199386
199512
199667
199786
199882
199913
199993
200013
200052
200154
200224
200312
200328
200342
200436
200440
200451
200609
200659
200982
200993
201171
201278
201415
201417
201569
201579
201760
201919
202136
202144
202159
202236
202433
202447
202754
202869
202967
202996
203027
203106
203280
203346
203599
203688
203868
204242
204283
204356
204422
204444
204462
204485
204560
204633
204753
204778
204814
204882
204998
205067
205153
205309
205532
205855
205870
205901
206026
206114
206228
206547
206647
206650
206796
207054
207141
207202
207379
207445
207608
207612
207686
207688
207811
207843
207905
208088
208125
208231
208382
208512
208558
208619
209077
209195
209208
209373
209441
209526
209661
209860
209944
209990
210042
210081
210253
210286
210454
210486
210682
210788
210844
210901
211088
211132
211258
211264
211322
211427
211555
211613
211677
211746
211788
211907
212004
212229
212244
212340
212394
212481
212488
212589
212604
212681
212719
212783
212828
212835
212931
213107
213129
213519
213695
213724
213901
214074
214076
214404
214426
214452
214500
214632
214650
214693
214746
214893
214932
215314
215331
215357
215388
215394
215443
215611
215702
215872
215910
215922
215964
215980
215984
216090
216263
216299
216320
216538
216619
216645
216692
216762
216797
216853
216864
217008
217052
217056
217096
217114
217119
217141
217177
217285
217319
217479
217583
217623
217632
217640
217677
217851
217861
217922
217990
218050
218075
218175
218183
218241
218278
218305
218376
218401
218622
218813
218991
219041
219148
219214
219544
219678
219727
219749
219766
219823
219908
219936
219972
220063
220103
220193
220393
220561
220608
220777
220778
221117
221141
221201
221209
221236
221267
221457
221493
221495
221557
221601
221784
221939
221969
221980
222057
222108
222153
222161
222196
222249
222265
222410
222607
222627
222701
222726
222746
222782
222787
222850
222946
222973
222978
223000
223057
223398
223400
223452
223480
223483
223544
223589
223602
223634
223686
223725
223728
223818
223891
223919
223966
224026
224081
224192
224205
224279
224285
224385
224408
224455
224613
224817
224868
224876
224883
224885
224906
224985
225264
225391
225554
225556
225725
225877
225914
225961
225986
226018
226262
226374
226381
226507
226564
226578
226638
226659
226764
226836
226864
226910
226926
227301
227453
227662
227881
227916
227981
228117
228154
228178
228459
228623
228686
228705
228754
228969
229042
229116
229142
229224
229500
229683
229685
229891
229921
229946
229957
229967
230001
230117
230143
230299
230404
230419
230496
230559
230637
230674
230685
230896
231014
231073
231095
231133
231346
231423
231455
231468
231864
231890
231916
232045
232054
232294
232406
232475
232500
232623
232643
232790
232818
232905
233096
233129
233144
233155
233255
233343
233403
233460
233611
233617
233633
233716
233767
233895
233940
234028
234046
234135
234284
234670
234675
234895
234897
234916
234954
235008
235025
235080
235345
235395
235407
235437
235614
235717
235790
235941
236002
236170
236185
236283
236315
236410
236413
236580
236581
236592
236686
236700
236740
236795
236799
236855
236865
237116
237227
237228
237267
237278
237400
237538
237744
237806
237867
237875
237933
238182
238223
238416
238457
238492
238720
238739
238951
238975
239071
239329
239333
239421
239499
239502
239626
239660
239750
239795
239857
239873
239894
240319
240362
240386
240520
240694
240790
240937
240985
241091
241105
241166
241257
241271
241449
241606
241639
241669
242152
242200
242272
242286
242345
242347
242449
242701
242920
242956
242992
243008
243113
243187
243254
243314
243364
243389
243594
243772
243927
244048
244050
244247
244303
244531
244574
244607
244634
244676
244677
244702
244718
244774
244822
244846
244910
244915
244992
245002
245103
245220
245268
245278
245388
245524
245558
245596
245599
245607
245639
245652
245677
245681
245694
245890
246042
246110
246162
246255
246378
246381
246485
246503
246618
246648
246653
246670
246776
246847
247141
247205
247211
247357
247405
247526
247555
247627
247636
247649
247686
247709
247719
248037
248064
248076
248171
248210
248415
248452
248542
248916
249006
249029
249071
249126
249130
249144
249280
249398
249592
249673
249713
249741
249774
249782
249906
250016
250068
250180
250260
250609
250695
250841
251031
251032
251068
251191
251534
251617
251696
251731
251760
251770
251822
251964
252026
252127
252131
252189
252361
252520
252655
252689
252886
252963
252988
253350
253671
253695
253742
253748
253822
253887
254006
254329
254340
254378
254408
254611
254663
254819
254856
255040
255356
255381
255391
255404
255445
255483
255534
255711
255788
255865
255920
256019
256076
256141
256165
256210
256227
256262
256276
256342
256416
256591
256606
256679
256688
256739
256832
256838
256850
256904
256992
257211
257469
257543
257630
257919
257926
257950
257994
258017
258108
258214
258359
258397
258520
258673
258706
258741
258745
258870
259043
259147
259166
259222
259419
259519
259575
259585
259647
259672
259861
259991
260037
260174
260224
260418
260457
260502
260629
260765
260983
261062
261148
261380
261405
261412
261476
261491
261699
261736
261744
261752
261807
261808
261911
261956
262034
262048
262063
262231
262278
262392
262398
262455
262666
262736
262765
262802
262820
263118
263123
263200
263236
263355
263378
263478
263505
263747
263760
263883
264032
264057
264167
264494
264514
264599
264605
264795
264846
264969
265109
265118
265212
265356
265505
265537
265585
265650
265834
265880
265926
265946
266017
266151
266267
266335
266533
266552
266583
266613
266626
266703
266798
266841
266842
266941
266958
266986
267099
267168
267230
267335
267466
267589
267648
267665
267749
267785
268098
268175
268371
268456
268569
268701
268902
269158
269205
269226
269387
269418
269543
269558
269741
269753
269996
270101
270142
270201
270205
270450
270488
270641
270655
270712
270720
271114
271162
271186
271395
271411
271571
271587
271613
271726
271760
271797
271846
271915
272017
272029
272154
272233
272267
272339
272542
272545
272727
273069
273101
273223
273317
273327
273425
273641
273720
273791
274096
274153
274156
274210
274327
274538
274583
274590
274622
274624
274634
274660
274844
274956
274961
275047
275066
275083
275184
275190
275316
275417
275511
275530
275549
275597
275797
275983
276079
276154
276301
276705
276736
276819
276933
276961
277138
277192
277290
277324
277349
277436
277448
277467
277482
277553
277593
277650
277738
277778
278031
278051
278082
278157
278188
278256
278297
278323
278382
278470
278543
278595
278773
278794
278828
278853
278887
279014
279195
279300
279393
279548
279561
279574
279595
279643
279659
279682
279721
279746
279940
279978
280271
280288
280345
280520
280526
280532
280641
280681
280700
280709
280804
280986
280994
281306
281530
281534
281734
281942
281975
282006
282054
282120
282126
282198
282343
282367
282480
282560
282564
282746
282765
282851
282960
282992
283069
283199
283272
283295
283561
283615
283623
283718
283854
284017
284062
284083
284093
284199
284475
284575
284749
284925
284956
285009
285140
285175
285249
285255
285261
285283
285328
285329
285513
285670
285773
285869
285954
286016
286045
286250
286483
286617
286663
286742
286810
286881
286894
286913
287374
287524
287596
287764
287771
287819
287836
287880
287885
287929
287996
288132
288244
288267
288326
288401
288818
288909
289128
289161
289223
289226
289278
289287
289349
289400
289613
289689
289913
289919
289953
289960
290177
290255
290295
290330
290476
290494
290719
290884
290948
291168
291331
291438
291611
291630
291690
291989
291998
292004
292035
292101
292269
292312
292321
292454
292461
292580
292613
292615
292640
292700
292881
292891
292906
292958
293111
293294
293302
293462
293680
293774
293887
293911
293942
293971
294041
294076
294077
294156
294262
294409
294563
294589
294591
294599
294803
294885
295110
295277
295290
295507
295612
295637
295655
295661
295760
295775
295913
295988
296080
296160
296200
296229
296262
296416
296630
296997
297008
297108
297139
297169
297177
297285
297355
297713
297743
297771
297949
297987
298322
298324
298445
298646
298803
298912
298975
299204
299254
299286
299437
299466
299495
299517
299617
299643
299779
299810
299831
299837
300018
300096
300106
300233
300244
300325
300405
300411
300473
300477
300608
300624
300847
300974
301063
301107
301146
301155
301182
301255
301412
301492
301901
301971
301993
302008
302128
302169
302181
302189
302238
302560
302584
302654
302678
302710
302793
302839
302879
303026
303073
303083
303180
303190
303249
303342
303354
303469
303491
303592
303618
303625
303646
304092
304189
304202
304315
304574
304689
304725
304951
305123
305351
305400
305430
305536
305599
305701
305970
306020
306142
306162
306169
306176
306227
306250
306273
306371
306373
306645
306694
306811
306966
307073
307221
307295
307310
307341
307381
307407
307438
307439
307452
307475
307997
308088
308117
308129
308370
308494
308527
308528
308566
308629
308789
309058
309209
309218
309358
309644
309647
309675
309815
309838
309866
309968
310014
310069
310082
310085
310105
310137
310166
310355
310461
310480
310633
310698
310815
310915
311047
311069
311127
311211
311238
311319
311333
311431
311545
311653
311720
311722
311782
311831
311862
311947
311966
312073
312089
312154
312473
312665
312738
312924
313075
313126
313296
313348
313521
313614
313663
313836
313871
314021
314096
314440
314475
314565
314608
314632
314640
314655
314703
314777
314890
315055
315137
315255
315699
315826
316209
316363
316395
316437
316671
316681
316717
316815
316838
316857
317090
317240
317266
317376
317413
317432
317448
317478
317489
317623
317643
317651
318004
318074
318088
318169
318209
318249
318272
318278
318313
318330
318448
318609
318621
318773
318791
318854
318864
318980
319056
319090
319124
319186
319240
319301
319336
319376
319402
319588
319609
319618
319674
319702
319859
319938
320034
320047
320067
320094
320391
320434
320437
320438
320589
320672
320699
320710
320722
320770
320891
320934
321087
321166
321318
321330
321435
321712
321720
321793
321877
322017
322049
322184
322186
322229
322363
322378
322413
322445
322755
322864
322927
323043
323045
323266
323308
323331
323465
323468
323567
323599
323653
323772
323835
323865
323959
324117
324152
324156
324270
324563
324588
324835
324840
324972
325049
325202
325315
325511
325585
326045
326058
326192
326327
326389
326678
326711
326776
326823
326937
326971
327016
327031
327126
327129
327132
327232
327278
327403
327564
327667
327784
327857
327929
327947
328051
328087
328118
328185
328348
328415
328475
328510
328869
329186
329253
329861
329883
330070
330252
330410
330430
330688
330724
330734
330737
330815
330968
330975
331033
331317
331419
331598
331634
331663
331713
331965
332008
332308
332338
332409
332538
332550
332681
332843
332938
333026
333038
333089
333145
333220
333248
333292
333500
333546
333644
333875
333925
334003
334201
334643
334873
334880
334989
335001
335075
335367
335415
335693
335793
335802
335914
336210
336275
336389
336471
336562
336569
336599
336621
336714
336726
336746
336850
336854
336884
336886
336887
336956
336993
337057
337149
337328
337366
337411
337423
337567
337571
337573
337595
337746
337921
337993
338026
338143
338263
338379
338450
338469
338490
338570
338603
338622
338744
338936
338995
339028
339042
339177
339179
339260
339343
339417
339431
339462
339484
339667
339758
339807
339865
340047
340123
340184
340309
340343
340415
340642
341097
341123
341145
341334
341380
341476
341495
341541
341624
341705
341976
341993
342164
342194
342203
342285
342343
342351
342352
342365
342394
342435
342519
342604
342610
342621
342627
342710
342943
342984
343023
343105
343135
343374
343415
343469
343513
343619
343771
343793
343823
343942
343956
343976
343993
344086
344153
344177
344357
344361
344424
344496
344687
344755
344962
345168
345199
345237
345368
345419
345504
345507
345558
345601
345619
345737
345740
345917
345978
345989
346100
346141
346178
346188
346209
346270
346389
346413
346456
346518
346962
346967
347091
347170
347172
347440
347675
347702
347711
347738
347819
347910
348100
348136
348304
348363
348400
348538
348569
348639
348652
348815
348881
348926
349003
349015
349022
349162
349246
349272
349298
349532
349555
349612
349789
349835
350141
350152
350165
350311
350510
350555
350741
350811
350863
350931
351029
351032
351084
351256
351278
351311
351435
351533
351667
351717
351758
351827
351961
352011
352119
352122
352177
352216
352220
352245
352271
352287
352471
352473
352777
353011
353340
353391
353635
353656
353952
353976
354027
354122
354193
354210
354256
354328
354352
354421
354428
354463
354543
354626
354637
354679
354782
354893
354932
354938
355188
355192
355338
355352
355588
355613
355652
355756
355762
355768
355827
355925
356373
356722
356966
357002
357050
357143
357150
357356
357366
357419
357497
357574
357675
357881
357900
358174
358223
358363
358388
358521
358583
358708
358720
358738
358865
358883
358941
359183
359186
359198
359371
359501
359515
359535
359624
359642
359655
359780
359929
360003
360049
360121
360210
360304
360603
360654
360765
360783
361072
361178
361193
361246
361261
361326
361472
361635
361843
361864
362029
362073
362095
362124
362170
362301
362308
362313
362471
362497
362653
362661
362851
362937
362958
363015
363025
363039
363073
363158
363182
363309
363380
363737
363761
363785
364258
364312
364325
364371
364496
364604
364642
364703
364754
364801
364841
364858
365067
365155
365390
365476
365504
365513
365651
365694
365748
366097
366202
366222
366314
366335
366379
366525
366562
366632
366704
366737
366748
366763
366834
366914
366918
366981
367066
367084
367132
367155
367209
367349
367374
367387
367510
367549
367766
367937
368257
368349
368359
368459
368499
368701
368709
368787
368836
368983
369000
369169
369246
369377
369406
369407
369662
369756
369822
369839
369841
369845
369951
369981
370059
370205
370256
370307
370382
370456
370484
370492
370525
370556
370571
370584
370643
370657
370710
370737
370769
370806
370842
370857
370885
370964
371028
371142
371182
371315
371322
371707
371801
371853
371978
372148
372455
372486
372528
372626
372630
372652
372655
372717
372838
372877
372946
372950
373174
373284
373396
373614
373719
373777
373787
373870
373904
373985
374140
374484
374604
374679
374753
374853
374861
374954
375133
375233
375262
375546
375703
375768
375797
375901
375941
376017
376273
376357
376427
376468
376762
376765
376811
377014
377020
377125
377126
377394
377398
377409
377433
377624
377668
377704
377727
377801
377803
378009
378013
378053
378384
378531
378574
378624
378695
378701
378758
378800
378808
378858
378929
378934
378969
378970
379277
379279
379422
379512
379574
379592
379701
379735
379886
380299
380328
380367
380417
380430
380479
380645
380663
380965
381099
381142
381143
381267
381316
381397
381416
381559
381571
381610
381670
381789
381828
382183
382191
382273
382531
382537
382561
382582
382643
382771
382999
383024
383060
383073
383164
383232
383336
383465
383526
383529
383541
383565
383569
383583
383677
383688
383722
383728
383896
383988
384069
384172
384216
384221
384227
384298
384518
384535
384668
384741
384748
384789
384822
384929
384972
385032
385098
385149
385191
385224
385423
385489
385495
385525
385660
385694
385797
386223
386311
386331
386338
386355
386636
386661
386862
386897
386976
387184
387291
387327
387350
387466
387574
387902
387996
388014
388045
388286
388459
388466
388573
388678
388685
388720
388743
388763
389358
389370
389388
389569
389673
389707
389785
389797
389812
390073
390111
390176
390202
390204
390245
390312
390314
390368
390424
390759
390885
390899
391030
391252
391309
391382
391515
391607
391622
391685
391863
392042
392050
392118
392145
392151
392161
392213
392228
392246
392401
392505
392549
392563
392597
392607
392710
393004
393107
393115
393177
393218
393269
393445
393491
393553
393554
393573
393619
393653
393773
393813
393840
394018
394086
394201
394274
394676
394715
394727
394813
394928
395067
395102
395220
395267
395299
395307
395319
395365
395504
395518
395627
395790
395901
395955
395989
396022
396121
396156
396207
396425
396456
396510
396553
396569
396630
396740
396774
396931
396963
397077
397134
397336
397395
397736
397780
397821
397854
397891
397958
397985
398259
398277
398292
398303
398581
398598
398770
398790
398867
399000
399081
399091
399103
399134
399153
399154
399204
399255
399266
399300
399540
399559
399574
399580
399589
399673
399882
400097
400219
400318
400549
400636
400730
400790
400864
401090
401417
401433
401515
401614
401722
401976
402031
402306
402389
402469
402492
402527
402649
402664
402735
402739
402869
402911
403401
403462
403480
403519
403641
403837
403943
403951
403973
404475
404501
404531
404671
404802
404820
404855
405074
405133
405199
405214
405420
405439
405534
405582
405625
405628
405643
405696
405740
405884
406120
406242
406285
406336
406522
406523
406556
406588
406596
406712
406719
406744
406951
407015
407027
407047
407198
407318
407652
407692
407722
407742
407771
407780
407857
407885
407911
408303
408461
408476
408509
408584
408651
408892
409073
409380
409463
409560
409744
409770
409806
409916
409940
409967
410019
410247
410272
410329
410417
410538
410632
410674
410708
410733
410951
411030
411064
411078
411081
411125
411132
411138
411227
411452
411548
411602
411733
411772
411809
412053
412298
412424
412507
412607
412740
412950
413023
413070
413242
413345
413361
413367
413534
413547
413615
413688
413713
413718
413924
414018
414261
414335
414415
414489
414656
414682
414889
414921
414922
414949
415177
415523
415532
415629
415722
415812
415851
415872
415900
415935
416061
416229
416362
416562
416638
416706
416764
416810
416873
416898
417012
417034
417158
417306
417337
417433
417463
417540
417543
417599
417677
417734
417745
417903
418074
418239
418379
418468
418519
418523
418614
418681
418689
418709
418732
418739
418820
418880
419164
419222
419249
419283
419317
419447
419458
419459
419487
419494
419513
419686
419861
420012
420037
420061
420249
420276
420398
420431
420440
420492
420660
420811
420819
420867
420879
420897
420924
420971
421019
421021
421034
421103
421435
421468
421721
421806
422001
422129
422164
422200
422308
422401
422428
422473
422475
422573
422599
422604
422605
422618
422652
422729
422811
422979
422994
423020
423322
423542
423634
423719
423735
423828
423829
424012
424056
424074
424080
424092
424207
424289
424442
424562
424603
424638
424735
424770
424805
424894
424903
425066
425138
425279
425576
425896
426048
426108
426171
426343
426347
426367
427204
427218
427245
427407
427580
427673
427676
427736
427885
428102
428127
428232
428312
428480
428528
428578
428587
428673
428790
428874
428987
429011
429064
429280
429362
429522
429592
429648
429653
429725
429809
429911
429928
430002
430102
430417
430599
430604
430687
430802
430837
430858
431061
431224
431277
431287
431382
431440
431472
431696
431707
431779
431880
432075
432095
432176
432256
432283
432284
432319
432401
432402
432418
432572
432689
432739
432904
433063
433318
433609
433666
433740
434148
434266
434315
434375
434435
434592
434710
434846
434935
434979
435156
435219
435299
435429
435453
435491
435628
435703
435811
435978
436017
436193
436238
436313
436332
436395
436442
436579
436612
436815
436958
437041
437160
437217
437255
437298
437303
437345
437399
437477
437487
437524
437535
437571
437574
437752
437811
437919
438049
438072
438082
438108
438210
438245
438256
438259
438651
438725
439012
439142
439155
439171
439395
439589
439855
439938
439950
439988
440016
440033
440065
440116
440190
440252
440294
440356
440383
440500
440924
440930
441013
441100
441176
441203
441206
441365
441367
441381
441393
441531
441542
441583
441812
441839
441881
441988
442020
442038
442119
442191
442355
442366
442405
442439
442463
442468
442522
442605
442684
442963
442992
443036
443054
443062
443122
443202
443225
443240
443460
443574
443576
443589
443748
443987
444084
444107
444272
444438
444475
444509
444555
444743
444810
444926
444981
445035
445172
445392
445457
445488
445491
445641
445751
445830
445928
445992
446095
446115
446202
446306
446337
446399
446439
446506
446631
446681
446717
446742
446819
447004
447227
447230
447359
447379
447519
447704
447755
447910
447995
448110
448151
448355
448438
448479
448765
448773
448809
448881
448908
449037
449069
449093
449108
449202
449209
449248
449289
449296
449303
449488
449537
449539
449603
449848
449932
449947
450092
450155
450178
450193
450319
450358
450391
450393
450425
450480
450599
450697
450719
450770
450959
451018
451168
451279
451352
451567
451608
451661
451740
451772
451834
452107
452131
452168
452243
452307
452369
452541
452610
452756
452778
453272
453323
453348
453397
453478
453718
453740
453751
453815
453883
453888
453996
454158
454281
454324
454354
454358
454390
454417
454533
454619
454646
454722
454780
454813
454858
454886
454926
454944
455087
455143
455439
455469
455654
455698
455960
456087
456123
456130
456223
456260
456269
456487
456498
456543
456595
456608
456618
456819
456930
457004
457173
457177
457218
457289
457321
457376
457504
457606
457753
457759
457806
458207
458220
458351
458372
458415
458443
458606
458694
458721
458754
458901
459050
459060
459480
459503
459573
459650
459738
459783
459812
459836
460273
460366
460936
460954
460959
461038
461044
461182
461201
461217
461234
461258
461289
461336
461623
461659
461742
461837
461869
461906
461922
461990
462088
462092
462096
462222
462334
462490
462568
462765
462933
462977
463005
463252
463253
463313
463372
463501
463532
463966
464005
464214
464622
464789
464949
465162
465231
465294
465309
465460
465486
465506
465800
465900
466085
466209
466307
466404
466522
466685
466726
466807
466947
467026
467157
467252
467392
467393
467514
467623
467649
467745
467808
467969
467982
468067
468103
468132
468264
468383
468697
468716
468964
468988
469019
469105
469250
469460
469501
469548
469583
469659
469680
469791
470172
470284
470336
470339
470483
470531
470541
470703
470767
470907
471207
471226
471263
471292
471407
471577
471704
471762
471766
471779
471823
471985
472032
472181
472339
472682
472688
472874
472883
472944
472993
473017
473021
473330
473437
473710
473776
473890
473912
474007
474097
474221
474397
474489
474503
474543
474577
474750
474779
474788
475173
475242
475430
475513
475541
475561
475679
475889
475897
475910
476029
476054
476086
476160
476188
476314
476397
476472
476535
476620
476703
476716
476775
476917
476958
477099
477111
477313
477369
477375
477429
477622
477767
477806
477875
477918
477997
478210
478233
478428
478471
478555
478746
478774
479077
479459
479489
479511
479717
479761
479780
479801
479885
480074
480216
480310
480410
480470
480508
480622
480629
480740
480966
481081
481190
481405
481532
481545
481608
481627
481633
481734
481826
482076
482143
482208
482212
482288
482346
482388
482585
482674
482733
482784
482809
483042
483060
483106
483189
483201
483324
483344
483423
483430
483475
483566
483595
483670
483671
483776
483864
483903
484069
484075
484170
484207
484218
484241
484277
484393
484550
484793
484831
484882
484937
485011
485127
485283
485300
485448
485477
485484
485515
485567
485570
485593
485633
485808
485969
485986
486036
486209
486245
486255
486299
486334
486436
486573
486668
486805
486989
486991
487010
487043
487090
487097
487121
487134
487137
487299
487302
487762
487775
487862
487918
487930
488067
488235
488270
488272
488408
488421
488432
488506
488511
488512
488568
488605
488611
488689
488713
488829
488891
488923
489000
489009
489179
489208
489215
489333
489357
489384
489522
489659
489708
489716
489762
489774
489796
489880
489993
490071
490162
490204
490219
490230
490401
490483
490698
490748
490751
490752
490793
490835
490845
490934
490951
490975
491103
491168
491189
491260
491311
491361
491408
491421
491463
491506
491547
491693
491766
492128
492167
492255
492320
492380
492430
492468
492504
492628
492702
492978
492985
492999
493036
493063
493160
493222
493328
493332
493599
493613
493738
493755
493838
493839
493876
494022
494165
494260
494279
494400
494412
494426
494665
494808
494866
494890
494897
494935
494939
495072
495074
495156
495169
495185
495214
495448
495567
495581
495709
495974
495976
495986
496017
496258
496322
496354
496373
496397
496528
496552
496603
496617
496656
496675
496775
496825
496845
497023
497054
497060
497119
497166
497184
497450
497488
497514
497531
497547
497558
497772
497836
498160
498183
498232
498252
498669
498708
498719
498746
498783
499032
499054
499060
499075
499181
499269
499291
499461
499503
499785
499801
499930
500015
500243
500541
500566
500645
500757
500765
500815
500825
500831
500980
500988
500994
501034
501067
501253
501317
501364
501487
501572
501636
501692
501703
501770
501979
502003
502012
502090
502122
502157
502205
502400
502514
502575
502583
502668
502757
502895
503019
503085
503276
503427
503517
503645
503675
503832
503895
504088
504277
504371
504397
504438
504457
504589
504611
504640
504680
504681
504722
504803
504848
505016
505070
505171
505260
505448
505509
505649
505715
505777
505933
505937
506079
506203
506284
506304
506464
506509
506632
506678
506732
506733
506738
506741
506863
506872
507347
507456
507626
507672
507695
507703
507718
507720
507732
507776
507845
507934
507978
508019
508066
508093
508153
508230
508406
508417
508469
508661
508763
508781
508845
508854
508915
508939
509047
509066
509083
509096
509149
509183
509207
509241
509263
509289
509444
509720
509730
509853
509961
510088
510173
510250
510447
510513
510636
510853
510878
511058
511106
511177
511198
511240
511355
511392
511472
511523
511545
511667
511723
511923
511987
511990
512140
512202
512280
512299
512316
512345
512430
512771
512798
512806
512832
513179
513206
513661
513671
513692
513730
514043
514134
514318
514331
514409
514417
514498
514842
515017
515107
515171
515295
515342
515519
515866
515930
516204
516221
516475
516551
516567
516604
516724
516772
516878
516894
517002
517206
517230
517257
517414
517418
517657
517683
517694
517867
517882
517911
518017
518083
518121
518275
518457
518548
518789
518800
518900
518918
519034
519083
519121
519198
519229
519246
519276
519432
519486
519609
519766
519901
519912
519990
519999
520141
520347
520565
520594
520635
520737
520787
520838
520891
521025
521060
521213
521225
521442
521443
521484
521581
521842
521852
521856
521907
521923
521976
522057
522120
522207
522404
522447
522459
522477
522572
522764
523089
523146
523389
523456
523559
523655
523667
523686
523780
523817
523921
524058
524064
524100
524114
524144
524157
524299
524606
524665
524790
524794
524841
525078
525153
525302
525405
525610
525673
525741
525800
525951
525980
526025
526049
526256
526360
526376
526513
526612
526648
526726
526767
527057
527100
527163
527187
527302
527407
527488
527517
527535
527576
527605
527659
527773
527933
528087
528156
528170
528377
528395
528531
528678
528690
528722
528879
528952
529179
529200
529224
529229
529291
529594
529626
529696
529791
529832
530128
530231
530310
530670
530831
530847
530906
530929
531143
531166
531196
531229
531513
531523
531628
531641
531661
531782
532118
532281
532462
532496
532644
532671
532696
532816
532836
532911
532957
532968
533014
533109
533131
533252
533541
533545
533562
533656
533734
533790
533895
534005
534062
534158
534226
534296
534345
534495
534501
534629
534692
534829
534890
534942
534971
534992
535060
535082
535180
535297
535299
535330
535355
535530
535580
535584
535792
535795
535902
535949
536188
536582
536675
536725
537139
537143
537160
537179
537329
537342
537351
537688
537783
537806
537946
537972
538060
538140
538216
538290
538354
538391
538505
538547
538552
538650
538670
538915
539037
539110
539217
539349
539391
539392
539435
539503
539548
539560
539732
539840
539936
540054
540162
540164
540214
540295
540553
540600
540685
540733
540843
540975
540976
541153
541381
541423
541472
541474
541491
541566
541629
541670
541678
541681
541745
541772
541805
541944
542041
542264
542403
542440
542512
542679
542763
542839
542888
542951
542986
543134
543160
543179
543292
543310
543359
543469
543529
543585
543617
543774
543823
543905
543964
543976
544030
544316
544415
544432
544517
544527
544528
544540
544579
544784
544859
544862
545064
545093
545206
545319
545346
545473
545617
545779
545921
546121
546153
546156
546201
546549
546553
546578
546692
546915
546990
547067
547152
547177
547445
547446
547455
547474
547544
547809
547870
548269
548283
548350
548355
548455
548492
548561
548569
548583
548643
548767
548792
548996
549011
549086
549374
549403
549584
549632
549699
549700
549734
549783
549849
549929
550127
550206
550298
550433
550456
550572
550715
550797
550800
550806
551102
551224
551345
551382
551389
551470
551652
551855
551936
552106
552207
552326
552353
552442
552450
552460
552604
552676
552828
552841
553191
553229
553510
553632
553666
553692
553748
553773
553953
553988
554292
554308
554309
554328
554455
554701
554751
554907
554982
555189
555256
555334
555409
555427
555492
555497
555501
555555
555571
555602
555644
555714
555793
555958
555978
555983
556148
556167
556296
556368
557038
557062
557109
557200
557223
557319
557337
557351
557678
557732
557774
557789
557957
558003
558039
558269
558297
558508
558509
558644
558650
558760
558768
558840
558935
559050
559346
559382
559439
559480
559491
559582
559756
559792
559892
559955
559962
560004
560015
560051
560068
560151
560421
560519
560560
560749
560865
560888
560908
560996
561053
561082
561292
561494
561744
561748
561749
561887
562131
562195
562288
562407
562414
562577
562591
562607
562634
562674
562831
562939
563036
563102
563221
563543
563845
563899
564054
564110
564186
564385
564442
564443
564471
564507
564554
564560
564665
565052
565077
565331
565335
565345
565417
565520
565792
565847
565855
566036
566161
566236
566323
566441
566561
566571
566608
566669
566733
566786
566935
566963
567018
567118
567129
567170
567178
567387
567480
567498
567557
567695
567792
567834
567879
568143
568235
568262
568284
568291
568338
568440
568499
568534
568620
568691
568734
568771
568809
568851
568990
569021
569029
569122
569140
569343
569378
569479
569548
569739
569799
569853
570000
570050
570302
570592
570636
570645
570686
570715
570739
570744
570947
570954
571108
571120
571246
571322
571417
571427
571550
571624
571769
571806
571822
571887
571890
571923
572101
572127
572129
572403
572676
572760
572868
572929
572942
572963
572971
573062
573080
573111
573263
573600
573943
574028
574034
574133
574236
574274
574343
574357
574378
574399
574431
574578
574618
574655
574882
575095
575208
575233
575268
575438
575559
575657
575778
575807
575837
575874
575914
575984
576123
576230
576245
576306
576307
576431
576571
576586
576782
576835
576853
576988
577049
577050
577057
577242
577282
577426
577458
577534
577579
577835
577946
578198
578271
578334
578354
578584
578605
578620
578623
578651
578835
578840
578844
578958
579080
579397
579398
579493
579588
579659
579776
579823
579878
579894
579949
579977
580020
580130
580259
580302
580519
580538
580581
580605
580640
580717
580784
580848
580943
581031
581247
581315
581567
581746
581804
582065
582071
582126
582312
582314
582560
582671
582744
582867
582910
583144
583194
583224
583238
583541
583605
583626
583668
583984
583998
584161
584196
584221
584460
584536
584733
584741
584779
584833
584872
584952
585023
585072
585131
585225
585236
585241
585243
585489
585552
585562
585980
586041
586110
586121
586151
586167
586294
586376
586759
586814
586849
586943
586961
587107
587201
587351
587604
587686
587740
587825
587979
588086
588097
588127
588138
588148
588149
588512
588566
588610
588626
588636
588693
588719
588722
588767
588794
588928
589000
589192
589248
589282
589317
589490
589544
589585
589614
589655
589702
589707
589729
589755
589786
590003
590351
590564
590579
590647
590650
590876
590973
591168
591235
591247
591253
591355
591396
591468
591472
591501
591551
591641
591748
591833
591904
591931
591960
591987
592065
592068
592152
592204
592270
592438
592497
592551
592697
592795
592975
593138
593157
593193
593218
593390
593604
593632
593645
593669
593921
593967
593993
594006
594024
594050
594060
594094
594262
594313
594404
594503
594632
594662
594781
594823
594833
594916
594930
595035
595168
595364
595479
595515
595555
595675
595723
595780
595874
596093
596128
596192
596254
596316
596456
596470
596492
596505
596511
596520
596536
596600
596772
596901
596942
596975
596985
597045
597224
597295
597493
597512
597528
597586
597619
597628
597657
597792
597799
598013
598072
598303
598393
598521
598551
598555
598638
598660
598664
598735
598804
598823
599018
599202
599219
599234
599256
599286
599602
599982
600020
600040
600107
600194
600204
600210
600251
600363
600428
600468
600582
600621
600733
600805
600809
601080
601393
601413
601767
601908
602004
602209
602243
602316
602359
602421
602752
602940
602988
603123
603173
603199
603290
603345
603688
603867
603918
603922
603958
603973
603991
604056
604088
604154
604202
604278
604341
604609
604636
604692
604742
604784
604852
604921
604922
605023
605089
605433
605461
605473
605483
605597
605644
605767
605893
605905
605949
606007
606157
606179
606203
606277
606288
606303
606346
606404
606423
606509
606519
606639
606652
606753
606855
606874
607172
607332
607497
607540
607953
607983
608149
608235
608550
608685
608853
609010
609116
609320
609390
609470
609554
609556
609589
609623
609639
609850
609967
610108
610325
610403
610579
610592
610735
610745
610816
611056
611231
611482
611681
611891
611923
611934
612007
612036
612105
612168
612226
612325
612367
612384
612481
612525
612529
612603
612644
612753
612992
613095
613183
613222
613355
613377
613400
613463
613511
613514
613593
613697
613700
613904
613918
614009
614048
614108
614139
614343
614559
614577
614621
614743
614884
614955
615178
615213
615243
615296
615308
615331
615411
615576
615577
615647
615740
615758
615846
615939
615985
616086
616193
616274
616351
616363
616390
616631
616681
616815
616916
616954
616996
617191
617198
617249
617341
617358
617400
617496
617633
617675
617891
617986
618007
618129
618542
618818
618953
618984
619039
619043
619524
619545
619594
619683
619687
619798
619894
619906
620007
620222
620369
620379
620391
620443
620450
620487
620525
620563
620618
620630
620717
620779
620803
620867
621037
621134
621155
621158
621189
621218
621231
621305
621375
621399
621554
621582
621658
621664
621764
621781
621853
621987
622057
622107
622109
622151
622165
622677
622800
622806
622891
623272
623516
623615
623730
623768
623874
623877
623885
623903
623972
624046
624078
624098
624148
624203
624443
624451
624470
624513
624521
624548
624710
624982
624993
625067
625120
625258
625416
625438
625593
625681
625772
625941
625958
626040
626104
626117
626184
626323
626439
626463
626509
626519
626763
626859
626975
627003
627037
627152
627446
627516
627663
627666
627817
627864
627898
627950
628319
628415
628428
628569
628671
628675
628707
628768
628781
628805
628843
629030
629131
629165
629227
629268
629497
629533
629689
629734
629743
629854
629926
630021
630028
630040
630405
630459
630537
630615
630635
630666
630716
630963
630974
630980
631142
631249
631434
631483
631561
631870
632082
632118
632138
632192
632271
632327
632348
632488
632640
632720
632807
632918
632945
633063
633186
633308
633318
633633
633684
633755
633785
633799
633811
633985
634097
634384
634538
634706
634734
634760
635040
635044
635068
635108
635190
635378
635416
635471
635518
635747
635840
635924
636068
636263
636308
636314
636347
636364
636477
636498
636506
636547
636836
636869
637085
637477
637646
637657
638057
638317
638362
638394
638409
638633
638636
638657
638669
638695
638764
638895
638976
639211
639427
639490
639697
639710
639776
639964
640201
640344
640465
640590
640606
640627
640636
640688
640725
640790
640808
640945
641011
641057
641167
641481
641489
641514
641526
641636
641650
641664
641708
641850
641895
641926
641986
642391
642488
642531
642565
642669
642720
642741
642792
642794
642804
642910
642938
642979
643110
643296
643347
643657
643752
643756
643767
643770
643827
643946
644052
644095
644171
644278
644294
644344
644514
644543
644588
644690
644779
644841
644908
644972
645001
645018
645087
645149
645205
645334
645369
645386
645403
645455
645555
645558
645614
645671
645795
645969
645978
646171
646214
646370
646562
646599
646601
646685
646729
646758
646821
646987
647202
647386
647402
647439
647501
647588
647642
647695
647942
647981
648080
648182
648199
648247
648283
648467
648495
648658
648661
648729
648756
648821
648973
649079
649189
649356
649380
649411
649419
649421
649522
649524
649725
649739
649750
649963
650024
650212
650225
650239
650323
650338
650400
650411
650582
650595
650635
650726
650755
650756
650783
650799
650871
650900
650921
651068
651098
651202
651245
651327
651586
651595
651634
651698
651969
652038
652164
652327
652404
652548
652705
652764
652907
652956
653015
653137
653231
653234
653260
653289
653517
653571
653576
653640
653734
653749
653783
653812
653820
653845
653945
654004
654030
654048
654105
654197
654244
654279
654290
654300
654362
654433
654516
654567
654642
654707
654818
654880
654941
654954
654968
655055
655150
655162
655340
655352
655417
655527
655653
656007
656065
656144
656395
656433
656607
656669
656677
656770
656851
656947
657018
657113
657301
657431
657468
657556
657566
657637
657667
657802
658148
658198
658328
658351
658374
658412
658469
658482
658556
658626
658650
658673
658755
658769
658862
658892
659119
659295
659501
659512
659526
659622
659699
659789
659890
659912
660154
660310
660477
660478
660610
660796
660810
660820
660834
660929
661027
661081
661110
661176
661243
661451
661524
661553
661694
661741
661754
661794
661807
662061
662167
662221
662248
662353
662386
662563
662580
662793
662853
662862
662895
662899
663012
663102
663242
663329
663346
663391
663570
663641
663652
663680
663899
663953
664044
664045
664229
664254
664320
664407
664412
664576
664637
664660
664794
664862
664867
665050
665180
665186
665284
665454
665678
665753
665823
665845
665887
665948
665957
666061
666066
666118
666341
666386
666679
666698
666889
667056
667167
667172
667228
667453
667484
667558
667868
667913
667991
668116
668209
668431
668444
668657
668865
668870
668905
668980
669003
669155
669183
669241
669369
669379
669435
669451
669552
669585
669725
669924
670093
670164
670286
670332
670339
670355
670629
670661
670724
670953
670966
670980
671067
671114
671219
671224
671370
671378
671456
671574
671585
671660
671705
671830
671851
671880
671967
671983
672276
672279
672376
672446
672526
672569
672592
672618
672660
672765
672895
672899
672943
672953
673415
673452
673636
673659
673678
673714
673873
673915
674072
674181
674497
674538
674603
674605
674661
674711
674722
674755
674780
674922
675090
675310
675327
675431
675451
675458
675583
675627
675864
675899
675905
676009
676102
676249
676563
676604
676785
676854
676864
676910
677006
677127
677155
677238
677338
677963
678084
678128
678135
678152
678225
678239
678259
678328
678476
678644
678730
679219
679232
679381
679498
679524
679620
679747
679748
679799
679979
680135
680264
680330
680364
680509
680550
680709
680962
681154
681249
681353
681390
681398
681430
681432
681469
681749
681820
681915
681956
682192
682343
682463
682583
682673
682688
682689
682782
683136
683543
683648
683682
683802
683809
684021
684063
684243
684318
684334
684339
684362
684445
684500
684546
684661
684765
684926
685008
685096
685155
685196
685197
685205
685220
685267
685277
685416
685537
685563
685783
685814
685833
685856
685868
685940
685956
685957
686006
686108
686181
686455
686457
686554
686625
686648
686795
686798
686989
687030
687047
687208
687229
687334
687367
687406
687431
687454
687515
687540
687655
687718
687824
687879
687977
688071
688333
688451
688560
688719
688753
688792
688867
688868
689094
689202
689395
689405
689454
689569
689582
689708
689837
690189
690209
690353
690385
690406
690525
690833
690935
691008
691108
691138
691205
691264
691272
691411
691436
691564
691718
691741
691996
692123
692159
692320
692345
692511
692543
692619
692672
692921
692970
693000
693327
693365
693509
693563
693608
693654
693870
693936
693995
694020
694035
694050
694091
694098
694303
694569
694657
694689
695125
695130
695441
695515
695548
695557
695559
695866
695911
696029
696225
696231
696258
696292
696319
696358
696381
696627
696652
696658
696722
696830
696940
696941
696986
697236
697290
697413
697417
697685
697809
697836
697867
697890
698042
698077
698124
698218
698455
698737
698753
698918
698951
698953
699046
699105
699258
699639
699683
699781
699798
699816
699896
699899
699993
700040
700224
700255
700264
700309
700590
700613
700712
700765
700794
700948
701018
701226
701238
701303
701462
701529
701958
701974
702126
702269
702290
702339
702555
702633
702735
702742
702792
702803
702982
703020
703407
703434
703443
703466
703599
703611
703665
703816
703893
703925
703995
704019
704080
704093
704295
704353
704368
704417
704425
704434
704673
704913
704973
705116
705236
705301
705386
705396
705516
705558
705668
705788
705808
705968
706071
706113
706287
706415
706514
706778
707073
707294
707498
707516
707530
707600
707661
707751
707801
707826
708262
708278
708303
708477
708507
708551
708585
708640
708682
708924
709102
709115
709141
709199
709452
709518
709556
709597
709625
709639
709754
709883
709959
710085
710235
710258
710414
710523
710574
710631
710804
710809
711066
711073
711110
711187
711262
711473
711532
711704
711733
711878
711951
712000
712010
712031
712050
712150
712153
712375
712520
712746
712814
712888
713016
713148
713222
713297
713496
713664
713866
713902
713954
714034
714037
714064
714114
714177
714208
714380
714501
714536
714549
714622
714894
714970
715042
715074
715079
715300
715308
715333
715400
715443
715497
715531
715586
715656
715802
715954
716087
716146
716157
716238
716244
716298
716454
716503
716524
716538
716806
716954
716987
716994
717036
717051
717140
717192
717265
717305
717517
717683
717726
717760
717794
717796
718112
718248
718321
718715
718736
718888
719094
719102
719297
719484
719504
719570
719638
719679
719681
719701
719721
719726
719757
719758
719876
720147
720604
720998
721007
721190
721285
721297
721364
721432
721452
721465
721497
721850
721973
722127
722274
722287
722605
722746
722756
722839
722941
723007
723031
723133
723173
723233
723262
723683
723708
723867
723908
723922
724102
724133
724174
724340
724355
724404
724523
724692
724778
724882
724946
725040
725334
725429
725451
725455
725483
725545
725575
725607
725672
725707
725851
725953
725971
725982
726096
726414
726427
726466
726469
726558
726562
726652
726803
726889
726961
726981
727056
727533
727654
727721
727741
727742
728055
728147
728288
728370
728483
728815
728938
728956
729020
729043
729072
729271
729283
729401
729511
729587
729840
729973
730118
730202
730269
730293
730400
730488
730558
730657
730747
730860
731023
731116
731239
731397
731602
731741
731816
731902
732000
732015
732176
732258
732274
732316
732494
732673
732780
732851
732990
733087
733105
733159
733163
733174
733272
733408
733449
733454
733487
733514
733543
733587
733632
733708
733711
733760
733762
733810
733814
733952
734213
734240
734412
734414
734450
734635
734809
734834
734860
734898
734899
734919
735005
735043
735047
735312
735444
735519
735533
735720
735754
735915
735945
735963
735982
735994
736025
736061
736191
736263
736516
736553
736707
736776
736808
737104
737167
737173
737181
737212
737280
737299
737413
737652
737667
737681
737707
737841
737867
737922
738221
738278
738356
738435
738487
738509
738658
739075
739238
739321
739371
739411
739510
739528
739588
739647
739674
739711
739714
739883
739903
739969
739976
740184
740242
740334
740440
740714
740775
740788
740888
740993
741091
741154
741259
741269
741380
741491
741602
741605
741689
741704
741731
741903
742284
742299
742315
742343
742355
742423
742437
742465
742546
742824
742897
742941
743003
743016
743237
743810
743819
743880
744079
744116
744158
744340
744519
744593
745012
745020
745298
745332
745410
745704
745706
745713
745775
745803
745822
745858
745883
745906
746116
746119
746496
746514
746535
746672
746699
746869
746894
746901
747253
747297
747329
747514
747589
747727
747776
747791
747839
747873
747962
747977
748015
748093
748147
748201
748398
748464
748556
748681
748713
748729
748805
748980
749097
749158
749159
749197
749231
749273
749301
749511
749654
749709
749726
749775
749824
749893
749925
750007
750012
750042
750113
750184
750190
750322
750394
750447
750523
750645
750953
751015
751146
751210
751257
751273
751456
751508
751512
751630
751638
751903
752000
752087
752244
752492
752634
752658
752689
752696
752726
752762
752959
753131
753179
753279
753339
753401
753426
753516
753630
753722
753796
753809
753889
754032
754046
754052
754206
754214
754339
754430
754490
754515
754564
754625
754745
754833
754865
755171
755198
755222
755229
755386
755404
755458
755463
755536
755606
755617
755723
755772
756036
756312
756337
756627
756731
756753
756790
756801
756818
756853
756919
757058
757070
757081
757106
757119
757167
757204
757206
757272
757317
757330
757394
757423
757483
757488
757781
757795
758045
758209
758210
758375
758461
758815
758841
758863
758994
759007
759017
759106
759117
759282
759657
759660
759853
759880
759924
759984
760027
760134
760269
760289
760338
760344
760484
760490
760495
760709
760742
760748
760767
760822
760905
760962
761055
761104
761193
761430
761539
761542
761647
761899
761905
762122
762190
762199
762216
762237
762242
762354
762520
762538
762666
762693
762726
762871
763015
763132
763157
763273
763278
763302
763328
763424
763446
763555
763578
763823
763872
763899
763912
763945
763952
764004
764066
764208
764268
764269
764368
764439
764466
764829
764869
764968
765026
765039
765108
765231
765324
765350
765377
765403
765450
765466
765543
765566
765693
765724
765796
765970
766122
766312
766338
766633
766965
767080
767160
767351
767378
767547
767725
767788
767792
767806
768002
768152
768188
768325
768337
768487
768534
768550
768652
768665
768956
769003
769013
769018
769194
769296
769419
769492
769518
769609
769623
769645
769676
769855
769865
769926
769942
770086
770109
770213
770246
770376
770413
770420
770421
770602
770657
770745
770797
771133
771170
771301
771434
771697
771807
771905
771987
772131
772145
772149
772342
772388
772435
772487
772519
772755
773070
773094
773210
773248
773254
773326
773346
773430
773447
773463
773476
773492
773493
773903
773974
774045
774222
774251
774449
774548
774589
774597
774623
774810
774826
774892
774907
774998
775037
775044
775281
775318
775324
775330
775350
775520
775742
775758
775795
775890
775974
776042
776043
776058
776099
776317
776333
776529
776566
776569
776717
776763
776809
776811
776972
777179
777183
777236
777240
777306
777346
777399
777403
777482
777544
777584
777587
777727
777740
777802
777874
777879
777997
778112
778154
778296
778338
778367
778413
778422
778664
778716
778732
778962
779008
779054
779337
779478
779540
779541
779668
779705
779826
779901
779909
779947
780011
780026
780052
780154
780195
780199
780311
780372
780533
780611
780630
780664
780861
780872
780951
781050
781107
781149
781177
781180
781184
781210
781263
781271
781693
781697
781706
781791
781852
781883
781898
781953
781981
782222
782451
782506
782552
782585
782596
782690
782864
782917
782952
783036
783042
783086
783273
783328
783454
783457
783559
783648
783806
783859
783872
783873
783880
783884
783932
783964
784046
784109
784130
784380
784441
784639
784643
784657
784741
784822
785065
785241
785364
785367
785384
785395
785444
785458
785548
785720
785811
785885
786188
786204
786340
786347
786704
786846
786907
786923
787033
787062
787171
787293
787345
787384
787400
787434
787507
787512
787533
787573
787659
787881
788246
788286
788291
788335
788336
788337
788440
788511
788769
788836
788949
788979
789011
789569
789850
789871
790052
790082
790177
790250
790358
790387
790508
790740
790805
790972
791004
791042
791154
791197
791327
791363
791528
791623
791660
791670
791729
791892
792158
792165
792197
792208
792306
792402
792442
792468
792615
792622
792770
792814
792945
793097
793200
793211
793222
793291
793307
793327
793368
793469
793510
793536
793612
793664
793741
793793
793861
793910
793915
793970
793998
794167
794180
794306
794324
794373
794440
794461
795049
795084
795141
795158
795347
795451
795495
795586
795607
795681
795703
795749
795961
796067
796435
796688
796766
796838
796866
796919
797085
797119
797164
797257
797278
797335
797359
797632
797748
797919
797941
798049
798087
798227
798263
798367
798770
798789
798895
798937
798971
798972
799100
799113
799537
799538
799603
799812
799875
800090
800137
800256
800333
800595
800641
800685
800743
800987
801108
801247
801304
801525
801710
801853
801856
801871
801940
801973
802041
802519
802580
802686
802699
802711
802740
802931
803286
803384
803426
803432
803483
803513
803601
803694
803723
803753
803810
803823
804027
804035
804069
804144
804148
804184
804335
804478
804517
804610
804655
804703
804856
804922
804934
804938
804981
804986
805086
805188
805203
805215
805216
805341
805558
805990
806029
806042
806199
806245
806251
806269
806305
806393
806405
806522
806534
806546
806569
806602
806705
806724
806760
806771
806784
806879
806931
806949
806995
807080
807289
807447
807528
807737
807806
807889
807973
808077
808377
808382
808495
808572
808623
808815
808892
808911
809362
809411
809419
809725
809832
809834
809848
809852
810050
810097
810172
810344
810365
810490
810522
810535
810595
810686
810691
810877
810890
810892
810988
811039
811127
811137
811311
811352
811533
811554
811672
811809
811810
811887
811929
812004
812063
812090
812228
812321
812345
812373
812483
812610
812743
812842
813066
813275
813420
813523
813567
813609
813647
813734
813788
813937
814210
814218
814395
814806
814843
814848
814853
814909
815083
815111
815130
815178
815192
815232
815348
815427
815463
815561
815572
815686
815776
815853
815993
816072
816227
816407
816417
816464
816557
816674
816708
816881
817097
817110
817531
817595
817612
817630
817678
817689
817724
817837
817843
818162
818324
818326
818342
818347
818352
818381
818423
818691
818816
818945
819229
819268
819420
819893
819917
820002
820058
820147
820158
820415
820459
820824
820918
820931
820986
821043
821059
821087
821091
821098
821253
821258
821325
821360
821379
821423
821483
821538
821543
821890
821955
822091
822148
822219
822290
822440
822454
822540
822632
822699
822756
822858
823099
823268
823270
823310
823313
823324
823347
823378
823585
823776
823843
823940
824105
824150
824153
824216
824251
824258
824310
824343
824383
824400
824463
824520
824675
824810
824859
824927
824940
825020
825061
825088
825314
825502
825609
825633
825709
825842
825938
826067
826093
826332
826354
826396
826437
826480
826490
826521
826531
826719
826739
826751
826811
826976
826991
827012
827226
827317
827384
827591
827750
827924
827983
828033
828288
828360
828382
828447
828505
828775
828813
828942
828967
829003
829009
829090
829146
829250
829324
829341
829342
829345
829451
829626
829657
829679
829694
829813
829863
830015
830024
830249
830339
830407
830514
830958
831115
831154
831167
831168
831183
831252
831288
831372
831472
831768
831828
832040
832051
832098
832141
832209
832308
832533
832590
832664
832674
832729
832818
832888
833246
833425
833430
833578
833639
833738
833775
833877
834017
834092
834185
834213
834229
834253
834278
834291
834368
834649
834699
834726
834728
834939
834951
835201
835338
835359
835371
835377
835507
835582
835588
835642
835679
835688
835784
835871
836052
836213
836376
836387
836418
836593
836859
836888
837023
837064
837066
837219
837311
837470
837525
837608
837865
837935
837960
838045
838083
838544
838610
838694
838763
838776
838788
838977
839068
839188
839201
839323
839326
839376
839403
839412
839507
839510
839714
839718
839731
839781
839865
839870
840052
840094
840202
840218
840259
840312
840326
840343
840362
840374
840411
840463
840504
840862
841328
841360
841365
841498
841718
841726
841992
842033
842053
842055
842086
842302
842392
842483
842678
842871
843300
843361
843502
843531
843953
843984
844002
844205
844232
844595
844826
844838
844877
844978
845009
845039
845178
845214
845232
845391
845720
845791
846087
846101
846504
846530
846536
846678
846692
846748
846795
846917
846926
847152
847203
847217
847223
847231
847349
847370
847641
847647
847950
848003
848096
848136
848614
848699
848825
849043
849146
849284
849390
849391
849429
849584
849608
849703
849771
849815
849845
849911
849939
849979
850108
850110
850169
850179
850467
850484
850540
850600
850657
850666
850712
850788
850790
850801
850868
850906
851050
851060
851083
851124
851143
851148
851164
851166
851192
851369
851440
851632
851698
851914
851991
852001
852054
852238
852488
852520
852562
852578
852627
852757
853142
853226
853446
853448
853457
853517
853669
853745
853905
853997
854060
854145
854240
854507
854624
854687
854725
854929
854974
854978
855111
855294
855421
855461
855484
855488
855493
855556
855608
855671
856090
856291
856461
856537
856718
856990
857150
857176
857253
857309
857424
857434
857456
857486
857558
857620
857660
857667
857724
857987
858232
858425
858452
858642
858665
858701
858867
859127
859234
859249
859351
859395
859613
859718
859812
859838
859860
860063
860342
860546
860570
860610
860613
860733
860900
861079
861128
861138
861224
861242
861334
861365
861426
861454
861649
861682
861827
862148
862296
862385
862435
862603
862639
862732
862742
862978
862993
863118
863130
863263
863424
863426
863429
863500
863567
863608
863723
863733
863750
863869
863999
864315
864333
864493
864504
864616
864742
864761
864854
864903
864920
864924
865069
865085
865225
865736
865746
865764
866117
866234
866332
866358
866565
866652
866730
866770
866863
866866
866899
866918
866920
866954
866969
867237
867252
867360
867500
867658
867728
867730
868152
868413
868486
868530
868606
868630
868654
868703
868917
868950
869184
869504
869523
869805
869927
869968
869991
870005
870137
870228
870318
870368
870396
870497
870595
870633
870720
871160
871546
871562
871652
871691
872192
872208
872235
872344
872372
872484
872589
872598
872616
872784
872800
873188
873246
873251
873465
873591
873652
873671
873779
874013
874018
874118
874163
874257
874297
874450
874469
874538
874597
874661
874817
874870
875033
875074
875163
875272
875344
875347
875349
875401
875405
875407
875420
875490
875922
876010
876192
876431
876513
876797
876846
876900
876928
877036
877065
877203
877309
877362
877367
877463
877684
877780
877991
878113
878334
878343
878551
878559
878732
878759
878972
878992
879056
879094
879109
879196
879351
879557
879580
879675
879732
879920
879935
879954
880019
880214
880221
880515
880798
880817
880859
880955
881201
881246
881305
881307
881435
881490
881702
881846
881879
881962
881971
881973
882209
882318
882401
882518
882553
882618
882643
882830
882886
883083
883104
883279
883283
883408
883498
883520
883581
883779
883988
884086
884188
884270
884605
884778
884818
884850
884889
884950
885120
885152
885518
885553
885776
885889
885918
886064
886181
886227
886283
886305
886349
886717
886755
886907
887197
887439
887560
887702
887904
888029
888102
888275
888281
888284
888501
888502
888664
888683
888737
888830
888893
889246
889278
889315
889348
889382
889440
889591
889675
889919
889993
890071
890181
890412
890615
890619
890643
890684
890904
891620
892009
892178
892436
892484
892487
892495
892508
892609
892722
892863
892937
893117
893193
893225
893249
893392
893444
893471
893613
893635
893711
893796
893909
893912
894078
894270
894338
894466
894645
894689
894702
894734
894737
895014
895135
895238
895355
895371
895399
895446
895529
895577
895732
895948
895999
896020
896100
896183
896184
896233
896234
896276
896452
896616
897005
897157
897289
897328
897410
897456
897459
897564
897581
897678
897993
898240
898325
898336
898398
898458
898780
898886
898897
898969
899230
899314
899335
899493
899544
899875
899944
899996
900080
900108
900203
900281
900298
900433
900581
900651
900719
901094
901278
901289
901295
901396
901521
901685
901712
901866
902114
902190
902360
902464
902470
902719
902741
902903
902955
903029
903086
903098
903102
903336
903363
903652
903754
903830
903954
904163
904198
904229
904260
904264
904564
904570
904665
904702
904706
904916
904954
905224
905243
905284
905308
905358
905367
905391
905437
905592
905631
905656
905689
905776
905825
905841
905878
905883
906014
906032
906115
906177
906696
906783
906791
906873
907048
907140
907343
907475
907637
907659
907674
907716
907909
907952
908010
908150
908197
908243
908260
908309
908441
908535
908624
908767
908772
908956
908987
909038
909082
909198
909205
909217
909423
909616
909678
909741
909748
909751
909908
909930
909953
910001
910035
910395
910525
910570
910576
910679
910747
910902
910968
911232
911261
911334
911497
911537
911895
912099
912130
912174
912294
912359
912366
912544
912688
912861
912893
912915
912938
913053
913333
913375
913407
913455
914035
914037
914041
914111
914154
914171
914358
914453
914621
914782
914842
914960
914979
915034
915147
915180
915229
915276
915413
915442
915573
915838
916055
916118
916158
916218
916353
916473
916714
916748
916796
916865
916979
917068
917077
917215
917301
917308
917379
917382
917394
917582
917683
917705
917813
917871
917877
917887
917894
917899
917931
917963
918085
918119
918125
918190
918219
918251
918348
918487
918550
918608
918615
918777
919031
919051
919064
919100
919172
919286
919538
919640
919824
920120
920132
920179
920185
920263
920289
920318
920493
920535
920542
920564
920619
920659
920796
920817
921022
921032
921211
921362
921373
921426
921443
921485
921565
921730
921799
921808
921951
921989
921993
922059
922062
922391
922392
922395
922547
922726
922791
922846
922949
923030
923066
923084
923133
923251
923269
923311
923406
923456
923511
923622
923628
923632
923684
923734
923791
924183
924191
924256
924276
924308
924341
924342
924369
924382
924407
924514
924543
924787
924855
924876
924998
925086
925110
925163
925206
925240
925289
925440
925582
925721
925740
925771
925912
925971
926464
926831
926968
927171
927201
927335
927346
927496
927589
927590
927756
928161
928167
928229
928390
928406
928415
928470
928500
928548
928570
928622
928831
928883
929001
929135
929172
929306
929389
929696
929731
929967
930032
930074
930247
930353
930367
930544
930574
930593
930641
930684
930805
930887
930903
931019
931065
931124
931177
931261
931372
931534
931813
931901
931964
931997
932059
932114
932526
932528
932536
932705
932712
932718
932874
932914
932967
933012
933152
933192
933259
933325
933487
933647
933714
933847
933992
934034
934087
934243
934321
934474
934554
934605
934684
934689
934722
934774
934834
934963
935019
935063
935101
935140
935218
935269
935383
935386
935518
935589
935638
935805
936102
936180
936204
936288
936289
936534
936576
936870
936906
936923
937030
937122
937227
937440
937564
937568
937673
938144
938236
938295
938341
938513
938536
938791
938862
938980
939210
939316
939379
939402
939835
939838
939895
939928
939940
940057
940368
940428
940462
940498
940716
940779
940913
940976
941054
941115
941145
941248
941389
941440
941451
941460
941475
941644
941691
941770
941942
941965
942151
942533
942763
942979
943013
943014
943030
943671
943840
943857
943886
944091
944262
944401
944499
944578
944590
944605
944924
945013
945065
945149
945205
945218
945285
945525
945787
945795
945938
945981
946066
946104
946172
946239
946299
946509
946731
946786
946836
946860
946883
946971
947147
947213
947229
947274
947365
947444
947546
947581
947590
947648
947682
947741
947800
947916
947926
947941
948091
948169
948170
948180
948363
948452
948490
948716
948822
948828
948978
949128
949153
949160
949234
949246
949256
949280
949340
949359
949525
949681
949728
949794
949826
950032
950034
950122
950322
950441
950662
950836
950895
951087
951109
951315
951334
951352
951370
951415
951420
951529
951557
951590
951726
951764
951840
951866
952043
952062
952161
952199
952206
952242
952270
952580
952708
952736
952880
953168
953248
953303
953365
953522
953784
953826
953924
953958
953960
953988
954034
954063
954067
954197
954242
954312
954323
954338
954340
954453
954517
954561
954703
955048
955054
955275
955318
955334
955354
955428
955429
955480
955609
955637
955726
955918
956214
956238
956291
956293
956364
956390
956430
956473
956494
956608
956745
956801
956830
956872
956946
957095
957147
957217
957256
957494
957511
957547
957646
957656
957783
957864
957944
957949
958084
958218
958240
958246
958558
958601
958714
958954
958970
959053
959077
959196
959287
959405
959582
959589
959698
959752
959757
959890
959897
959974
960115
960119
960325
960484
960488
960510
960743
960753
960795
960859
961041
961211
961309
961344
961397
961556
961566
961632
961717
961853
962019
962144
962217
962265
962290
962309
962387
962510
962586
962605
962632
962656
962864
962875
962899
963055
963463
963586
963627
963633
963674
963729
963749
963754
963785
963797
963818
964009
964104
964333
964368
964375
964569
964573
964868
964939
964971
965086
965103
965153
965228
965253
965368
965500
965565
965867
965872
965875
965887
965993
966075
966170
966342
966416
966451
966540
966553
966657
966717
966776
966780
966967
966970
967043
967156
967310
967442
967631
967669
967710
967790
967951
967982
968051
968079
968086
968254
968265
968285
968675
968684
968984
969067
969088
969093
969123
969181
969217
969243
969271
969491
969599
969602
969811
970196
970236
970349
970400
970482
970637
970649
970656
970764
970765
970896
970935
970979
971034
971097
971187
971205
971243
971376
971517
971609
971623
971733
971930
971943
972192
972288
972403
972696
972887
972925
973014
973018
973033
973095
973118
973168
973179
973204
973291
973296
973475
973658
973842
973853
973854
973974
974122
974134
974155
974219
974282
974381
974447
974465
974595
974885
974920
975367
975370
975453
975483
975642
975656
975853
975949
976055
976101
976168
976180
976204
976323
976393
976396
976442
976448
976535
976769
976786
976834
976842
976924
976993
977017
977040
977052
977056
977093
977108
977111
977131
977174
977220
977248
977249
977290
977319
977391
977428
977437
977444
977514
977699
977723
977745
977826
977921
977947
978036
978189
978284
978305
978377
978648
978652
978670
978685
978964
979030
979057
979100
979180
979433
979668
979776
979782
979916
980098
980244
980254
980283
980348
980463
980474
980518
980545
980670
980682
980855
980868
980939
980966
981055
981144
981283
981421
981545
981702
981729
981812
982303
982323
982343
982430
982441
982452
982463
982482
982519
982611
982981
983043
983136
983168
983181
983424
983533
983618
983650
983721
983736
983789
983843
983863
983968
984007
984021
984143
984176
984259
984391
984498
984657
984710
984779
984840
984959
985014
985025
985056
985074
985085
985238
985269
985298
985345
985421
985454
985460
985468
985503
985579
985717
985770
985837
985913
985945
986403
986624
987007
987139
987150
987287
987441
987603
987690
987727
987969
988067
988294
988309
988356
988436
988509
988584
988659
988685
988704
988747
988851
989082
989154
989172
989423
989481
989501
989606
989610
989766
989773
989805
989843
989846
989866
989934
989977
990036
990116
990133
990144
990160
990296
990474
990538
990607
990742
990910
991290
991310
991461
991560
991625
991640
991731
991773
991811
991910
991975
992382
992392
992529
992544
992819
992902
992999
993088
993090
993236
993267
993286
993304
993474
993492
993683
993711
993810
993915
994171
994210
994212
994453
994675
994747
994972
995086
995095
995169
995369
995428
996000
996183
996190
996193
996233
996326
996413
996475
996551
996631
996638
996742
996783
997056
997071
997469
997559
997640
997711
997743
997808
997840
998339
998368
998387
998405
998674
998696
998723
998762
998847
999111
999121
999214
999397
999443
999619
999656
999702
999711
999712
999745
999778
999855
999892
999956
999970
999971
999981
1000103
1000350
1000428
1000528
1000964
1000977
1001097
1001100
1001138
1001144
1001156
1001167
1001236
1001292
1001342
1001373
1001387
1001416
1001421
1001442
1001593
1001646
1001788
1001859
1002443
1002457
1003011
1003134
1003142
1003194
1003378
1003388
1003515
1003649
1003729
1003737
1003766
1003785
1003812
1003814
1003936
1003948
1003957
1004031
1004041
1004095
1004147
1004162
1004169
1004261
1004338
1004367
1004569
1004976
1005020
1005099
1005363
1005364
1005404
1005422
1005491
1005497
1005587
1005602
1005604
1005631
1005655
1005658
1006026
1006109
1006340
1006401
1006426
1006447
1006491
1006679
1006816
1006922
1006995
1007121
1007144
1007211
1007326
1007446
1007457
1007592
1007636
1007881
1007889
1007951
1008197
1008236
1008344
1008371
1008392
1008414
1008621
1008680
1008746
1008755
1008758
1008824
1008876
1008932
1008966
1008974
1009125
1009224
1009301
1009389
1009591
1009633
1009793
1009909
1009942
1009948
1010439
1010567
1010725
1010819
1010891
1011191
1011200
1011312
1011639
1011652
1011728
1011984
1011998
1012016
1012045
1012180
1012320
1012355
1012431
1012498
1012676
1012751
1012925
1012926
1013052
1013128
1013168
1013234
1013319
1013326
1013378
1013746
1013755
1013785
1013804
1013923
1013951
1013964
1013981
1014061
1014236
1014272
1014467
1014750
1014992
1015152
1015221
1015295
1015344
1015447
1015661
1015797
1015865
1015899
1015936
1015974
1016057
1016349
1016365
1016453
1016579
1016739
1016864
1017116
1017217
1017252
1017297
1017304
1017538
1017578
1017625
1017767
1017778
1017988
1018017
1018105
1018217
1018221
1018223
1018272
1018287
1018517
1018565
1018686
1018690
1018722
1018823
1018824
1018871
1019016
1019049
1019087
1019099
1019194
1019206
1019434
1019461
1019484
1019489
1019653
1019669
1019804
1019927
1019956
1019979
1020070
1020077
1020147
1020189
1020385
1020552
1020954
1021189
1021212
1021265
1021375
1021380
1021400
1021413
1021498
1021712
1021720
1021842
1021846
1021847
1021934
1021994
1021996
1022212
1022372
1022440
1022461
1022609
1022622
1022671
1022682
1022991
1023061
1023118
1023156
1023186
1023194
1023207
1023421
1023439
1023467
1023614
1023632
1023679
1023706
1023791
1023866
1023915
1024073
1024272
1024360
1024515
1024578
1024587
1024665
1024796
1024842
1024942
1024951
1025011
1025055
1025071
1025109
1025128
1025185
1025485
1025495
1025506
1025730
1025769
1025772
1025892
1025959
1026040
1026065
1026087
1026097
1026114
1026133
1026182
1026266
1026482
1026617
1026764
1026839
1026866
1026906
1026928
1027002
1027058
1027312
1027357
1027431
1027433
1027436
1027545
1027645
1027743
1027800
1027814
1027876
1028053
1028082
1028124
1028158
1028173
1028213
1028242
1028361
1028557
1028776
1028822
1028842
1028916
1029027
1029392
1029613
1029630
1029645
1029688
1029755
1029922
1029992
1030134
1030266
1030276
1030335
1030451
1030571
1030656
1030783
1030890
1030956
1030988
1031113
1031136
1031171
1031206
1031270
1031289
1031411
1031416
1031428
1031436
1031438
1031532
1031554
1031579
1031606
1031614
1031909
1032011
1032097
1032259
1032599
1032634
1032704
1032786
1032801
1032840
1032919
1033041
1033044
1033110
1033180
1033218
1033238
1033297
1033513
1033555
1033556
1033600
1033667
1033788
1033892
1034023
1034123
1034187
1034244
1034429
1034445
1034486
1034533
1034657
1034733
1034908
1034918
1035027
1035037
1035148
1035357
1035416
1035420
1035661
1035826
1035857
1035871
1036005
1036012
1036113
1036290
1036356
1036477
1036513
1036593
1036632
1036712
1036725
1036888
1036967
1037047
1037070
1037075
1037082
1037138
1037234
1037273
1037356
1037400
1037450
1037462
1037493
1037558
1037636
1037780
1037864
1037944
1037961
1038008
1038029
1038214
1038272
1038281
1038397
1038399
1038482
1038573
1038597
1038637
1038706
1038845
1039007
1039122
1039234
1039370
1039538
1039590
1039605
1039830
1039887
1039946
1040009
1040063
1040073
1040079
1040103
1040216
1040220
1040418
1040574
1040582
1040695
1040713
1040728
1040805
1040997
1041053
1041083
1041154
1041161
1041246
1041336
1041440
1041567
1041572
1041590
1041898
1041989
1041998
1042055
1042100
1042149
1042178
1042355
1042357
1042380
1042449
1042652
1042699
1042723
1042728
1042777
1042975
1042985
1043064
1043066
1043202
1043204
1043313
1043326
1043343
1043427
1043431
1043484
1043630
1043916
1043979
1044023
1044048
1044085
1044163
1044167
1044363
1044452
1044472
1044485
1044495
1044862
1045089
1045271
1045291
1045427
1045518
1045545
1045562
1045602
1045940
1045954
1045986
1046027
1046312
1046325
1046384
1046423
1046478
1047124
1047185
1047326
1047418
1047455
1047503
1047520
1047548
1047602
1047675
1047756
1048051
1048255
1048378
1048393
1048721
1048725
1048809
1048960
1049124
1049129
1049238
1049452
1049524
1049529
1049535
1049814
1049881
1050015
1050062
1050064
1050073
1050096
1050207
1050385
1050465
1050519
1050743
1050757
1050830
1050858
1050930
1051023
1051205
1051284
1051297
1051431
1051607
1051908
1051979
1052199
1052217
1052250
1052276
1052321
1052456
1052490
1052555
1052603
1052718
1052852
1052907
1052988
1053013
1053137
1053155
1053230
1053292
1053321
1053394
1053444
1053506
1053650
1053654
1053720
1053794
1053814
1053826
1053841
1053871
1053885
1053937
1053963
1054464
1054607
1054626
1054646
1054667
1054690
1054857
1054932
1054990
1055242
1055309
1055562
1055590
1055670
1055777
1055817
1055905
1056179
1056323
1056424
1056445
1056489
1056586
1056659
1056737
1056951
1057044
1057208
1057217
1057360
1057372
1057409
1057445
1057456
1057457
1057464
1057519
1057583
1057751
1057786
1057822
1057843
1057897
1057981
1058400
1058414
1058600
1058683
1058691
1058776
1058814
1059136
1059138
1059158
1059177
1059250
1059436
1059552
1059586
1059609
1059713
1059879
1059902
1060023
1060048
1060129
1060143
1060227
1060276
1060333
1060354
1060565
1060578
1060592
1060602
1060613
1060715
1060861
1061006
1061127
1061620
1061656
1061887
1061902
1061919
1061976
1062084
1062358
1062379
1062453
1062549
1062555
1062612
1062720
1062746
1062846
1063021
1063439
1063488
1063500
1063589
1063761
1063855
1063972
1064044
1064270
1064300
1064322
1064404
1064527
1064578
1064604
1064611
1064613
1064627
1064782
1065112
1065151
1065191
1065231
1065318
1065569
1065745
1065773
1065798
1065854
1065886
1065889
1066219
1066601
1066626
1066632
1066723
1066738
1066770
1066800
1066828
1066982
1066997
1067064
1067104
1067167
1067322
1067377
1067580
1067590
1067852
1067897
1068051
1068227
1068333
1068351
1068525
1068565
1068597
1068627
1068726
1069033
1069319
1069357
1069500
1069658
1069808
1069864
1069895
1070028
1070031
1070033
1070038
1070049
1070150
1070163
1070172
1070192
1070196
1070260
1070262
1070301
1070345
1070350
1070358
1070364
1070372
1070492
1070574
1070659
1070692
1070890
1071045
1071294
1071488
1071776
1071821
1071884
1071970
1072054
1072088
1072222
1072271
1072452
1072468
1072501
1072511
1072537
1072540
1072575
1072894
1072980
1073049
1073183
1073305
1073389
1073503
1073556
1073589
1073956
1074047
1074118
1074165
1074192
1074352
1074428
1074446
1074487
1074581
1074693
1074919
1074938
1074957
1075041
1075052
1075070
1075102
1075135
1075178
1075263
1075301
1075347
1075408
1075488
1075653
1075664
1075807
1075826
1075828
1075987
1076096
1076319
1076395
1076466
1076473
1076699
1076780
1076843
1076868
1076898
1077124
1077214
1077227
1077262
1077343
1077395
1077429
1077451
1077504
1077519
1078009
1078080
1078173
1078310
1078348
1078409
1078410
1078455
1078495
1078503
1078706
1078876
1079005
1079240
1079328
1079611
1079715
1079717
1079864
1079930
1079975
1079990
1080043
1080066
1080078
1080142
1080245
1080328
1080368
1080400
1080508
1080587
1080666
1080718
1080726
1080752
1080858
1081017
1081021
1081151
1081183
1081212
1081362
1081446
1081530
1081857
1082068
1082145
1082242
1082264
1082279
1082504
1082549
1082550
1082713
1082880
1082896
1082938
1083139
1083172
1083194
1083198
1083228
1083280
1083355
1083412
1083419
1083433
1083453
1083486
1083595
1083660
1083667
1083835
1083924
1083938
1084104
1084136
1084137
1084154
1084196
1084320
1084345
1084462
1084536
1084611
1084930
1084965
1084991
1085388
1085569
1085599
1085631
1085758
1085770
1085918
1085936
1086094
1086286
1086364
1086372
1086403
1086686
1086730
1086814
1086958
1086962
1086970
1087065
1087513
1087524
1087585
1087651
1087678
1087731
1087816
1087828
1087850
1087861
1087886
1087910
1087913
1087984
1087989
1088005
1088010
1088101
1088104
1088202
1088217
1088363
1088372
1088551
1088604
1088723
1088848
1089070
1089093
1089096
1089101
1089109
1089112
1089120
1089127
1089144
1089380
1089414
1089509
1089550
1089594
1089642
1089720
1089893
1090016
1090164
1090194
1090209
1090234
1090261
1090324
1090355
1090455
1090552
1090842
1090902
1090920
1090982
1091112
1091113
1091267
1091330
1091340
1091813
1091818
1091871
1091930
1092048
1092128
1092225
1092287
1092402
1092434
1092591
1092718
1092725
1092794
1092844
1092854
1092865
1093045
1093180
1093205
1093220
1093514
1093669
1093682
1093694
1093724
1093753
1093757
1093809
1093815
1093997
1094014
1094203
1094238
1094345
1094355
1094379
1094389
1094473
1094496
1094519
1094822
1094976
1095216
1095462
1095482
1095626
1095726
1095737
1095745
1095752
1095795
1096256
1096318
1096350
1096460
1096516
1096538
1096547
1096655
1096722
1096766
1096798
1096820
1096862
1096922
1096932
1096996
1097005
1097285
1097302
1097438
1097516
1097611
1097799
1097833
1097901
1097923
1098266
1098397
1098664
1098673
1098793
1098808
1098853
1098910
1098965
1098988
1099101
1099132
1099151
1099169
1099266
1099375
1099704
1099743
1100091
1100338
1100344
1100410
1100475
1100543
1100627
1100630
1100655
1100727
1100735
1100909
1101010
1101248
1101419
1101452
1101552
1101588
1101600
1101652
1101733
1101812
1101818
1102032
1102035
1102099
1102185
1102243
1102281
1102345
1102442
1102444
1102499
1102591
1102677
1102822
1102896
1102954
1102985
1103174
1103197
1103548
1103570
1103573
1103579
1103599
1103616
1103692
1103707
1103733
1103759
1103793
1103857
1104107
1104122
1104155
1104261
1104345
1104358
1104365
1104369
1104386
1104387
1104393
1104454
1104459
1104512
1104595
1104674
1104723
1104811
1104824
1104993
1105029
1105099
1105311
1105336
1105576
1105628
1105805
1106050
1106095
1106106
1106154
1106192
1106337
1106370
1106539
1106613
1107102
1107194
1107212
1107270
1107341
1107387
1107484
1107551
1107558
1107609
1107627
1108136
1108360
1108413
1108428
1108548
1108940
1108973
1109223
1109274
1109369
1109425
1109437
1109458
1109587
1109792
1109801
1109824
1110118
1110130
1110455
1110473
1110501
1110929
1111141
1111314
1111489
1111564
1111586
1111611
1111675
1111717
1111825
1111859
1111941
1111981
1112055
1112074
1112204
1112259
1112317
1112543
1112604
1112789
1112852
1112863
1112877
1113073
1113227
1113250
1113397
1113451
1113469
1113518
1113604
1113629
1113681
1113821
1113967
1114170
1114445
1114469
1114569
1114572
1114655
1114910
1114959
1115063
1115134
1115179
1115263
1115737
1116023
1116151
1116164
1116259
1116312
1116406
1116488
1116490
1116956
1116965
1117225
1117409
1117465
1117526
1117537
1117616
1117619
1117820
1117843
1117890
1117934
1117968
1118045
1118058
1118100
1118164
1118330
1118347
1118472
1118504
1118543
1118577
1118586
1118649
1118735
1118767
1118805
1118909
1118920
1118960
1119133
1119248
1119267
1119271
1119278
1119295
1119297
1119371
1119781
1119915
1119941
1120348
1120392
1120423
1120651
1120685
1120756
1120810
1120992
1121037
1121038
1121099
1121118
1121244
1121344
1121518
1121639
1121882
1121904
1121991
1122026
1122193
1122255
1122292
1122359
1122420
1122488
1122666
1122803
1122806
1122891
1122939
1123008
1123013
1123020
1123272
1123353
1123354
1123402
1123420
1123498
1123556
1123592
1123635
1123750
1123889
1123947
1124094
1124158
1124243
1124283
1124328
1124631
1124920
1124935
1125038
1125120
1125292
1125314
1125381
1125476
1125481
1125490
1125641
1125719
1125914
1126094
1126136
1126263
1126287
1126590
1126595
1126758
1126770
1126778
1126814
1126850
1127256
1127334
1127375
1127566
1127569
1127887
1127963
1127968
1128003
1128069
1128072
1128118
1128405
1128488
1128511
1128532
1128534
1128554
1128764
1128935
1129203
1129220
1129459
1129485
1129489
1129493
1129537
1129621
1129673
1129695
1129762
1129783
1129828
1129831
1130039
1130115
1130205
1130276
1130286
1130351
1130562
1130567
1130600
1130674
1130695
1130711
1130992
1130993
1131015
1131114
1131646
1131697
1131937
1131987
1132045
1132271
1132304
1132437
1132448
1132465
1132486
1132559
1132735
1132737
1132808
1132862
1132884
1132908
1133028
1133147
1133250
1133284
1133336
1133386
1133459
1133841
1133956
1133958
1134024
1134150
1134270
1134308
1134337
1134500
1134527
1134679
1134869
1134928
1134934
1134969
1135051
1135063
1135077
1135128
1135149
1135217
1135304
1135333
1135581
1135624
1135662
1135724
1135727
1135768
1135791
1135920
1136070
1136123
1136241
1136365
1136379
1136848
1136960
1137000
1137195
1137205
1137358
1137479
1137515
1137534
1137623
1137664
1137732
1137737
1137891
1138120
1138133
1138243
1138319
1138320
1138327
1138391
1138495
1138540
1138827
1139020
1139057
1139272
1139360
1139421
1139515
1139559
1139692
1139715
1139830
1140059
1140137
1140140
1140165
1140180
1140207
1140386
1140613
1140838
1140876
1140920
1140980
1141008
1141018
1141029
1141138
1141358
1141391
1141404
1141453
1141719
1142096
1142357
1142402
1142445
1142542
1142609
1142804
1143058
1143195
1143298
1143328
1143452
1143549
1143644
1143663
1143734
1143762
1143780
1143793
1144047
1144078
1144084
1144091
1144113
1144186
1144211
1144227
1144233
1144268
1144278
1144366
1144383
1144406
1144418
1144421
1144646
1144775
1144942
1144962
1144974
1144983
1145022
1145034
1145078
1145138
1145240
1145270
1145365
1145422
1145431
1145574
1145599
1145688
1145693
1145711
1145716
1145810
1146013
1146399
1146464
1146693
1146746
1146927
1147038
1147081
1147126
1147142
1147150
1147288
1147297
1147321
1147425
1147434
1147439
1147452
1147583
1147616
1147630
1147705
1147777
1147796
1147826
1148115
1148153
1148246
1148281
1148319
1148350
1148404
1148411
1148421
1148520
1148707
1148708
1148755
1148886
1148945
1149079
1149110
1149111
1149163
1149184
1149204
1149210
1149326
1149561
1149725
1149806
1149841
1149917
1149928
1150269
1150305
1150518
1150890
1150897
1150986
1151299
1151403
1151426
1151748
1151841
1151924
1151948
1152093
1152106
1152160
1152357
1152365
1152712
1152788
1152867
1152901
1153050
1153195
1153234
1153249
1153279
1153307
1153575
1153628
1153776
1153779
1153823
1154029
1154114
1154272
1154278
1154477
1154592
1154688
1154698
1154771
1154963
1155001
1155045
1155100
1155211
1155504
1155595
1155641
1155784
1155805
1155979
1156018
1156189
1156330
1156342
1156395
1156459
1156478
1156500
1156618
1156669
1156730
1156761
1156971
1157085
1157111
1157238
1157285
1157308
1157507
1157518
1157830
1157899
1157913
1157914
1158003
1158060
1158418
1158694
1158696
1158761
1159006
1159125
1159527
1159613
1159633
1159764
1159809
1159848
1160006
1160083
1160137
1160360
1160438
1160440
1160469
1160583
1160710
1160844
1160858
1160863
1160975
1161120
1161159
1161212
1161325
1161371
1161386
1161426
1161432
1161510
1161692
1161763
1161833
1161851
1161882
1161896
1161989
1162120
1162472
1162610
1162725
1162795
1162837
1162898
1162995
1163124
1163276
1163410
1163429
1163470
1163495
1163573
1163699
1163772
1163791
1163921
1163937
1164033
1164067
1164077
1164119
1164212
1164213
1164247
1164255
1164375
1164473
1164597
1164611
1164629
1164650
1164668
1164701
1164706
1164728
1164839
1165078
1165170
1165332
1165367
1165368
1165377
1165434
1165531
1165551
1165565
1165581
1165796
1165804
1165985
1166013
1166027
1166360
1166446
1166453
1166558
1166650
1166661
1166714
1166778
1166857
1166995
1167000
1167140
1167163
1167355
1167373
1167418
1167593
1167648
1167846
1167851
1167878
1167894
1168040
1168074
1168178
1168247
1168384
1168399
1168450
1168556
1168746
1168841
1168999
1169203
1169421
1169458
1169541
1169614
1169675
1169695
1169740
1169798
1169799
1169815
1169865
1169878
1169920
1170147
1170149
1170358
1170394
1170405
1170408
1170496
1170510
1170640
1170676
1170779
1170785
1170949
1171119
1171152
1171215
1171218
1171339
1171375
1171659
1171661
1171695
1171732
1171802
1172158
1172212
1172282
1172295
1172461
1172479
1172761
1172762
1172890
1172942
1172997
1173133
1173141
1173151
1173266
1173520
1173522
1173562
1173604
1173700
1173996
1174017
1174072
1174325
1174513
1174527
1174772
1174924
1174929
1174975
1175091
1175125
1175130
1175201
1175219
1175387
1175658
1175771
1175781
1176021
1176023
1176035
1176068
1176197
1176231
1176491
1176509
1176558
1176642
1176721
1176722
1176787
1176822
1176826
1176975
1176989
1177047
1177200
1177258
1177309
1177321
1177436
1177448
1177524
1177628
1177799
1178008
1178073
1178205
1178236
1178241
1178257
1178393
1178442
1178533
1178558
1178655
1178739
1178812
1178960
1179095
1179170
1179192
1179249
1179369
1179457
1179632
1179659
1179876
1180084
1180092
1180104
1180270
1180463
1180567
1180589
1180663
1181183
1181250
1181252
1181408
1181438
1181508
1181647
1181690
1181816
1181858
1181884
1181964
1182025
1182051
1182246
1182278
1182327
1182384
1182406
1182412
1182584
1182696
1182748
1182836
1182865
1182995
1183058
1183401
1183429
1183497
1183804
1183811
1183822
1183899
1183976
1184329
1184330
1184337
1184414
1184451
1184457
1184517
1184549
1184574
1184666
1184756
1185023
1185114
1185201
1185218
1185414
1185424
1185587
1185590
1185740
1185842
1186080
1186141
1186286
1186361
1186512
1186796
1186812
1186848
1186917
1187091
1187193
1187203
1187211
1187280
1187427
1187520
1187532
1187650
1187675
1187698
1187903
1188002
1188217
1188542
1188571
1188588
1188627
1188718
1188721
1188799
1189092
1189229
1189312
1189332
1189357
1189407
1189512
1189730
1189783
1189789
1190102
1190306
1190400
1190503
1190591
1190628
1190685
1190701
1190733
1190913
1191032
1191066
1191080
1191166
1191260
1191424
1191532
1191876
1191889
1191891
1191906
1191922
1192004
1192342
1192389
1192438
1192522
1192574
1192664
1192858
1192997
1193126
1193274
1193400
1193559
1193917
1193918
1193960
1193998
1194044
1194203
1194351
1194506
1194616
1194892
1194929
1194939
1195052
1195167
1195312
1195349
1195445
1195452
1195526
1195642
1195666
1195709
1195763
1195802
1195817
1195831
1195862
1195892
1196011
1196146
1196156
1196222
1196412
1196495
1196539
1196547
1196625
1196684
1196816
1196879
1196934
1197754
1197809
1197978
1198192
1198550
1198552
1198597
1198618
1198746
1198811
1198937
1198943
1199156
1199186
1199198
1199204
1199226
1199366
1199396
1199417
1199489
1199687
1199714
1199745
1199911
1199926
1199958
1199968
1200042
1200065
1200124
1200269
1200298
1200487
1200600
1200653
1200661
1200731
1200923
1200966
1201038
1201186
1201412
1201482
1201587
1201610
1201742
1201745
1201827
1201905
1201969
1202009
1202023
1202099
1202276
1202334
1202463
1202555
1202636
1202719
1202779
1202785
1202827
1202964
1203071
1203208
1203224
1203395
1203400
1203404
1203761
1204031
1204045
1204060
1204297
1204308
1204314
1204494
1204671
1204782
1204785
1204836
1204878
1205063
1205114
1205123
1205183
1205241
1205292
1205412
1205426
1205511
1205549
1205568
1205585
1205593
1205646
1205751
1205849
1205920
1206020
1206143
1206172
1206392
1206724
1207040
1207041
1207046
1207058
1207132
1207133
1207298
1207308
1207333
1207342
1207389
1207392
1207658
1207720
1207741
1207771
1207808
1208139
1208162
1208185
1208233
1208345
1208467
1208494
1208595
1208606
1208657
1208734
1208770
1208825
1208832
1208836
1208850
1208851
1208910
1208944
1208989
1209026
1209111
1209269
1209358
1209390
1209461
1209546
1209891
1210052
1210199
1210235
1210256
1210269
1210324
1210326
1210335
1210535
1210644
1210741
1210761
1210817
1210915
1211061
1211094
1211221
1211311
1211363
1211413
1211458
1211666
1211747
1211753
1211814
1212134
1212239
1212504
1212524
1212571
1212616
1212625
1212751
1213001
1213062
1213079
1213185
1213221
1213318
1213322
1213364
1213420
1213701
1213762
1213948
1214091
1214214
1214317
1214479
1214540
1214596
1214779
1214864
1214900
1214928
1214936
1214981
1215023
1215241
1215462
1215474
1215543
1215643
1215754
1215769
1215779
1215856
1215928
1215952
1216189
1216195
1216222
1216268
1216328
1216335
1216337
1216380
1216544
1216556
1216637
1216685
1216704
1216883
1216884
1216988
1217054
1217095
1217237
1217270
1217351
1217449
1217455
1217497
1217582
1217612
1217644
1217819
1217840
1218558
1218583
1218664
1218668
1218790
1218913
1219154
1219235
1219369
1219475
1219528
1219550
1219683
1219765
1219823
1219902
1219962
1220015
1220075
1220154
1220310
1220375
1220478
1220539
1220594
1220716
1220723
1220773
1221179
1221229
1221246
1221251
1221349
1221642
1222298
1222304
1222412
1222557
1222637
1222780
1222807
1222881
1222898
1222939
1222986
1223034
1223313
1223536
1223614
1223624
1223897
1223942
1223954
1224046
1224066
1224125
1224134
1224360
1224514
1224634
1224915
1224920
1225011
1225049
1225114
1225128
1225132
1225303
1225411
1225504
1225586
1225598
1225601
1225769
1225792
1225878
1225929
1226033
1226220
1226260
1226310
1226319
1226334
1226353
1226386
1226392
1226397
1226416
1226429
1226499
1226754
1226767
1226775
1226854
1226873
1226894
1227548
1227635
1227815
1228048
1228085
1228125
1228267
1228287
1228306
1228358
1228370
1228519
1228522
1228530
1228734
1228780
1228844
1228866
1228961
1229128
1229199
1229347
1229396
1229449
1229463
1229679
1229712
1229811
1229904
1229906
1229949
1230178
1230246
1230289
1230311
1230362
1230367
1230374
1230575
1230590
1230771
1230815
1230886
1230904
1231035
1231125
1231140
1231225
1231370
1231384
1231460
1231721
1231901
1231903
1232414
1232703
1232733
1232747
1232846
1233048
1233082
1233172
1233204
1233278
1233520
1233623
1233752
1233904
1234021
1234321
1234362
1234446
1234469
1234524
1234681
1234728
1234749
1234750
1235093
1235152
1235216
1235219
1235347
1235369
1235425
1235580
1235653
1235682
1236068
1236069
1236254
1236268
1236318
1236319
1236434
1236581
1236701
1236734
1236754
1236784
1236876
1236926
1237093
1237313
1237331
1237335
1237368
1237851
1237970
1238124
1238173
1238346
1238373
1238389
1238455
1238473
1238527
1238745
1238810
1238835
1238847
1238977
1239187
1239357
1239613
1239692
1239785
1239871
1240010
1240016
1240046
1240087
1240149
1240229
1240240
1240431
1240506
1240661
1240694
1240812
1240990
1241042
1241201
1241309
1241802
1241823
1241975
1242003
1242082
1242205
1242225
1242246
1242258
1242260
1242320
1242380
1242437
1242629
1242806
1242960
1242963
1242992
1243138
1243265
1243565
1243629
1243693
1243852
1243887
1243909
1243945
1244139
1244336
1244368
1244753
1244763
1244771
1244864
1245123
1245202
1245221
1245494
1245500
1245530
1245607
1245706
1245765
1245812
1246001
1246022
1246042
1246066
1246207
1246566
1246686
1246738
1247053
1247119
1247290
1247462
1247476
1247508
1247594
1247915
1248034
1248132
1248241
1248263
1248347
1248425
1248444
1248462
1248556
1248577
1248672
1248793
1249046
1249628
1249683
1249745
1249838
1250200
1250418
1250429
1250476
1250780
1250783
1250927
1250934
1251078
1251083
1251115
1251190
1251234
1251242
1251678
1251690
1251698
1251705
1251815
1251953
1251954
1252084
1252125
1252150
1252313
1252358
1252528
1252686
1252817
1252945
1252979
1253057
1253096
1253229
1253301
1253349
1253420
1253671
1253704
1253898
1253974
1253995
1254004
1254137
1254204
1254371
1254450
1254837
1254879
1255000
1255418
1255463
1255516
1255542
1255633
1255918
1255956
1255974
1256055
1256178
1256429
1256488
1256652
1256655
1256663
1256720
1256731
1256768
1256848
1256857
1257019
1257134
1257370
1257389
1257525
1257536
1257635
1257680
1257714
1257802
1257952
1258192
1258485
1258519
1258545
1258601
1258635
1258690
1258783
1258875
1259013
1259037
1259079
1259158
1259252
1259335
1259442
1259466
1259472
1259624
1259956
1260219
1260275
1260286
1260345
1260378
1260379
1260407
1260452
1260476
1260513
1260611
1260779
1260936
1261039
1261165
1261179
1261220
1261225
1261290
1261356
1261390
1261448
1261537
1261647
1261692
1261754
1261795
1261853
1261880
1261919
1262124
1262186
1262401
1262452
1262550
1262565
1262576
1262802
1262961
1263032
1263073
1263095
1263098
1263201
1263320
1263724
1263826
1263874
1263887
1264000
1264227
1264245
1264375
1264640
1264700
1264760
1264793
1264824
1264892
1265494
1265500
1265521
1265580
1265689
1265705
1265710
1265779
1265790
1265827
1265840
1265891
1265947
1266008
1266208
1266301
1266372
1266414
1266535
1266602
1266944
1267005
1267057
1267137
1267312
1267316
1267356
1267404
1267436
1267475
1267583
1267672
1267680
1267792
1267875
1267965
1268108
1268119
1268294
1268337
1268353
1268385
1268394
1268418
1268514
1268696
1268913
1269027
1269114
1269133
1269142
1269167
1269173
1269359
1269384
1269409
1269412
1269467
1269532
1269586
1269646
1269709
1269827
1269883
1270099
1270176
1270205
1270299
1270342
1270472
1270612
1270622
1270749
1270820
1270997
1271013
1271025
1271263
1271332
1271375
1271550
1271688
1271847
1272020
1272219
1272220
1272387
1272551
1272591
1272674
1272681
1272867
1273153
1273165
1273184
1273361
1273387
1273603
1273704
1273714
1273866
1273929
1273993
1274060
1274206
1274334
1274356
1274396
1274444
1274476
1274857
1274889
1274952
1274998
1275042
1275065
1275099
1275170
1275333
1275491
1275514
1275593
1276143
1276502
1276590
1276640
1276650
1276681
1276719
1276810
1276916
1276996
1277005
1277073
1277103
1277384
1277386
1277417
1277476
1277518
1277624
1277637
1277771
1277828
1277862
1278083
1278121
1278198
1278200
1278323
1278455
1278508
1278522
1278600
1278717
1278799
1278934
1279101
1279140
1279250
1279480
1279527
1279536
1279612
1279688
1279761
1279786
1280041
1280111
1280145
1280235
1280439
1280665
1280690
1280836
1280891
1280990
1281051
1281061
1281106
1281147
1281227
1281234
1281357
1281749
1281783
1281808
1281953
1281998
1282014
1282092
1282332
1282360
1282370
1282535
1282799
1283001
1283122
1283328
1283330
1283462
1283575
1283576
1283618
1283692
1283782
1283791
1283943
1284238
1284363
1284424
1284484
1284540
1284561
1284835
1284924
1284940
1285019
1285039
1285447
1285460
1285482
1285559
1285563
1285584
1285606
1285641
1285783
1285946
1285991
1286083
1286185
1286235
1286338
1286343
1286380
1286649
1286706
1286900
1287007
1287011
1287037
1287070
1287223
1287270
1287471
1287663
1287717
1287844
1288085
1288103
1288272
1288313
1288387
1288496
1288551
1288564
1288761
1288821
1288924
1289008
1289044
1289066
1289249
1289344
1289450
1289480
1289511
1289599
1289613
1289617
1289632
1289704
1289724
1289807
1289814
1289847
1289954
1290005
1290014
1290022
1290029
1290354
1290495
1290502
1290567
1290574
1290629
1290673
1290678
1290787
1290846
1290939
1290988
1291079
1291123
1291229
1291366
1291396
1291636
1291757
1291909
1291924
1292138
1292145
1292178
1292279
1292374
1292449
1292453
1292725
1292754
1292823
1292890
1292936
1293017
1293029
1293099
1293198
1293268
1293277
1293411
1293451
1293533
1293581
1293648
1293692
1293707
1293738
1293784
1293848
1293877
1293956
1294108
1294222
1294269
1294328
1294687
1294863
1294926
1295119
1295154
1295253
1295417
1295430
1295526
1295550
1295624
1295709
1295722
1296069
1296119
1296241
1296254
1296524
1296553
1296746
1296779
1296800
1296844
1297069
1297189
1297352
1297382
1297430
1297452
1297459
1297482
1297577
1297766
1297810
1297816
1297831
1298090
1298101
1298123
1298377
1298444
1298585
1298605
1298622
1298667
1298716
1298729
1298815
1299211
1299218
1299307
1299466
1299682
1299686
1299746
1299766
1299976
1300016
1300022
1300144
1300148
1300217
1300342
1300502
1300603
1300629
1300876
1300914
1300937
1301036
1301105
1301147
1301153
1301343
1301371
1301453
1301524
1301592
1301782
1301784
1301824
1301862
1301866
1302071
1302169
1302177
1302190
1302202
1302281
1302334
1302417
1302581
1302633
1302667
1302781
1302802
1302808
1302832
1302879
1303072
1303137
1303311
1303396
1303422
1303580
1303680
1303765
1303839
1303880
1303952
1304106
1304193
1304288
1304324
1304330
1304339
1304488
1304618
1304655
1304674
1304701
1304825
1304932
1304939
1305018
1305069
1305074
1305170
1305263
1305363
1305398
1305458
1305499
1305522
1305765
1305997
1306268
1306269
1306405
1306410
1306453
1306536
1306839
1306922
1307149
1307198
1307406
1307526
1307581
1307634
1307724
1307808
1307925
1308054
1308230
1308256
1308519
1309177
1309195
1309211
1309276
1309282
1309362
1309432
1309504
1309612
1309649
1309723
1309746
1309958
1310025
1310171
1310175
1310365
1310450
1310562
1310568
1310593
1310704
1310873
1310933
1310950
1311149
1311213
1311261
1311281
1311328
1311349
1311397
1311490
1311519
1311597
1311624
1311807
1311935
1312097
1312125
1312247
1312418
1312440
1312506
1312526
1312604
1312615
1312684
1312774
1312790
1312828
1312977
1313024
1313036
1313216
1313431
1313554
1313606
1313647
1313765
1313876
1314003
1314023
1314033
1314058
1314547
1314785
1314821
1314859
1315012
1315257
1315298
1315309
1315660
1315702
1315747
1315969
1315972
1316006
1316070
1316173
1316189
1316243
1316315
1316362
1316443
1316553
1316601
1316626
1316678
1316823
1316873
1316998
1317005
1317166
1317238
1317314
1317320
1317411
1317477
1317594
1317700
1317884
1317937
1318108
1318571
1318643
1318677
1318827
1318905
1318989
1319114
1319122
1319202
1319218
1319310
1319424
1319493
1319512
1319541
1319641
1319650
1319654
1319690
1319796
1319822
1319927
1319994
1320091
1320232
1320517
1320566
1320630
1320767
1320973
1321027
1321315
1321755
1322095
1322374
1322428
1322468
1322595
1322607
1322825
1322859
1323081
1323102
1323236
1323240
1323359
1323413
1323428
1323483
1323485
1323746
1323941
1323990
1324069
1324091
1324154
1324272
1324282
1324343
1324382
1324492
1324496
1324516
1324810
1324868
1325144
1325234
1325248
1325395
1325482
1325521
1325623
1325711
1325718
1325783
1325871
1325931
1326000
1326329
1326641
1326642
1326668
1326748
1326827
1326907
1327059
1327064
1327170
1327192
1327205
1327232
1327531
1327670
1327684
1327803
1327810
1327865
1327917
1327965
1328080
1328125
1328175
1328291
1328378
1328442
1328456
1328495
1328559
1328571
1328725
1328744
1328753
1328811
1328870
1328908
1329087
1329156
1329203
1329209
1329258
1329333
1329344
1329369
1329407
1329616
1329653
1329800
1329886
1330052
1330115
1330456
1330475
1330482
1330751
1330909
1330968
1330978
1330993
1331030
1331062
1331182
1331207
1331259
1331412
1331441
1331460
1331484
1331532
1331565
1331667
1331733
1331778
1331932
1332045
1332160
1332172
1332269
1332472
1332503
1332711
1332737
1332765
1332815
1332816
1332831
1333068
1333121
1333159
1333169
1333182
1333246
1333458
1333549
1333752
1333939
1333972
1333978
1334402
1334410
1334535
1334661
1334782
1334958
1335023
1335104
1335117
1335286
1335383
1335511
1335610
1335641
1335691
1335699
1335714
1335779
1335790
1335886
1335928
1335960
1335990
1336038
1336239
1336301
1336303
1336352
1336486
1336614
1336659
1336814
1336919
1336929
1336942
1337051
1337257
1337279
1337452
1337493
1337521
1337546
1337677
1337719
1337932
1337990
1338030
1338096
1338159
1338438
1338467
1338473
1338496
1338547
1338588
1338718
1338815
1338854
1338888
1338955
1339027
1339142
1339354
1339410
1339481
1339501
1339564
1339711
1339806
1339919
1340014
1340053
1340070
1340156
1340237
1340266
1340279
1340480
1340679
1340756
1340828
1340939
1340946
1341010
1341064
1341109
1341185
1341258
1341359
1341411
1341555
1341660
1341747
1341812
1341860
1341906
1341945
1342084
1342223
1342246
1342307
1342308
1342344
1342364
1342397
1342444
1342500
1342573
1342604
1342698
1342711
1342856
1342867
1342889
1343266
1343391
1343437
1343447
1343506
1343536
1343635
1343796
1343851
1343887
1343981
1344022
1344043
1344159
1344281
1344361
1344426
1344472
1344525
1344549
1344578
1344602
1344657
1344696
1344717
1344728
1344959
1344988
1345023
1345098
1345099
1345128
1345399
1345497
1345518
1345718
1345764
1345786
1345817
1346025
1346206
1346299
1346330
1346360
1346391
1346484
1346485
1346597
1346865
1346877
1347171
1347242
1347434
1347719
1347819
1347843
1347927
1347972
1348058
1348094
1348127
1348149
1348194
1348289
1348439
1348459
1348470
1348519
1348942
1349195
1349253
1349296
1349323
1349346
1349440
1349660
1349661
1349690
1349820
1349866
1349879
1349913
1350006
1350033
1350070
1350151
1350312
1350369
1350411
1350468
1350500
1350608
1350987
1351014
1351073
1351074
1351172
1351212
1351540
1351657
1351697
1351699
1351821
1351827
1351886
1352016
1352020
1352097
1352187
1352445
1352462
1352797
1352970
1353076
1353179
1353193
1353265
1353266
1353296
1353349
1353406
1353451
1353513
1353533
1353604
1353720
1353969
1354146
1354193
1354259
1354440
1354469
1354633
1354641
1354681
1354768
1354997
1355007
1355234
1355253
1355321
1355435
1355657
1355698
1355999
1356079
1356243
1356294
1356369
1356374
1356527
1356613
1356698
1356775
1356780
1356800
1356864
1356931
1357003
1357012
1357222
1357343
1357383
1357386
1357646
1357701
1357928
1357977
1358209
1358329
1358352
1358469
1358614
1358624
1358639
1358726
1358771
1358839
1358876
1358884
1359086
1359139
1359160
1359178
1359234
1359242
1359438
1359656
1359707
1359745
1359832
1360016
1360041
1360156
1360212
1360326
1360617
1360659
1360740
1360780
1360841
1360845
1360864
1360870
1360877
1360926
1361152
1361356
1361358
1361475
1361561
1361612
1361686
1361750
1361860
1361981
1362093
1362111
1362115
1362147
1362185
1362237
1362409
1362475
1362514
1362537
1362684
1362740
1362874
1362993
1363121
1363169
1363192
1363214
1363280
1363430
1363466
1363715
1363744
1363918
1364076
1364234
1364239
1364268
1364283
1364314
1364418
1364459
1364698
1364745
1364874
1364915
1365110
1365196
1365200
1365231
1365254
1365268
1365415
1365437
1365499
1365504
1365526
1365818
1365819
1365946
1365988
1366023
1366061
1366275
1366382
1366425
1366480
1366488
1366516
1366524
1366602
1366687
1366706
1366768
1367008
1367394
1367545
1367569
1367578
1367616
1367625
1367662
1367696
1367782
1367938
1368014
1368183
1368201
1368255
1368261
1368292
1368365
1368435
1368451
1368702
1368770
1368878
1369108
1369275
1369336
1369338
1369497
1369612
1369614
1369722
1369727
1369914
1370097
1370123
1370138
1370166
1370193
1370371
1370444
1370500
1370531
1370661
1370696
1370799
1370815
1370890
1371014
1371222
1371344
1371416
1371471
1371592
1371699
1371853
1372086
1372171
1372195
1372211
1372237
1372259
1372263
1372308
1372392
1372512
1372595
1372693
1372732
1373144
1373156
1373159
1373487
1373605
1373613
1373789
1374070
1374336
1374470
1374475
1374544
1374584
1374588
1374677
1374891
1374912
1374981
1375022
1375183
1375249
1375276
1375400
1375435
1375472
1375557
1375613
1375707
1375819
1375821
1376024
1376485
1376650
1376655
1376836
1376899
1376948
1377153
1377265
1377323
1377691
1377706
1377785
1377882
1378005
1378326
1378348
1378395
1378450
1378723
1378745
1378820
1378878
1378909
1379157
1379211
1379258
1379273
1379275
1379482
1379522
1379534
1379542
1379613
1379651
1379661
1379728
1379744
1379752
1379845
1379967
1380288
1380461
1380619
1380646
1380666
1380759
1380824
1380854
1380862
1380892
1380902
1381062
1381193
1381274
1381312
1381386
1381507
1381661
1381864
1382090
1382105
1382154
1382259
1382292
1382323
1382647
1382739
1382796
1382902
1382990
1382993
1383371
1383405
1383630
1383840
1383843
1383922
1383939
1383953
1384173
1384180
1384250
1384376
1384609
1384659
1384711
1384783
1384861
1385217
1385364
1385367
1385386
1385392
1385429
1385445
1385592
1385667
1385695
1385786
1385849
1386033
1386118
1386145
1386182
1386226
1386348
1386403
1386527
1386562
1386564
1386582
1386589
1386615
1386662
1386716
1386816
1386913
1386920
1386946
1386960
1387053
1387155
1387202
1387246
1387316
1387337
1387390
1387430
1387456
1387506
1387512
1387577
1387611
1387647
1387742
1388008
1388068
1388123
1388134
1388303
1388342
1388371
1388597
1388689
1388835
1388882
1389013
1389084
1389304
1389402
1389524
1389533
1389738
1390060
1390754
1390872
1390972
1390980
1391207
1391533
1391539
1391540
1391555
1391624
1391644
1391732
1391767
1391867
1391921
1391983
1392101
1392159
1392283
1392349
1392414
1392421
1392431
1392440
1392957
1392995
1393257
1393375
1393418
1393499
1393509
1393554
1393617
1393654
1393661
1393891
1394373
1394388
1394624
1394641
1394671
1394901
1394965
1395269
1395313
1395437
1395570
1395620
1395651
1395723
1395902
1396064
1396101
1396197
1396214
1396249
1396275
1396296
1396330
1396369
1396441
1396453
1396507
1396663
1397012
1397213
1397222
1397302
1397318
1397321
1397510
1397828
1397853
1397922
1398301
1398458
1398487
1398638
1398658
1398725
1399051
1399151
1399229
1399275
1399286
1399345
1399483
1399499
1399563
1399576
1399579
1399617
1399834
1400015
1400029
1400126
1400167
1400264
1400392
1400567
1400620
1400639
1400642
1400671
1400805
1400835
1400997
1401071
1401099
1401118
1401248
1401255
1401356
1401368
1401417
1401449
1401460
1401577
1401670
1401727
1401732
1401745
1402044
1402140
1402321
1402342
1402389
1402446
1402459
1402507
1402599
1402781
1403146
1403187
1403276
1403318
1403319
1403389
1403533
1403537
1403555
1403600
1403976
1404014
1404078
1404120
1404343
1404368
1404467
1404498
1404546
1404562
1404631
1404978
1405027
1405034
1405166
1405271
1405367
1405396
1405403
1405419
1405591
1405615
1405694
1405728
1405999
1406090
1406288
1406324
1406393
1406511
1406604
1406760
1406865
1407004
1407051
1407136
1407149
1407172
1407245
1407305
1407462
1407472
1407512
1407628
1407836
1408113
1408362
1408483
1408514
1408552
1408762
1408763
1408799
1408837
1408904
1409043
1409054
1409110
1409121
1409242
1409246
1409278
1409300
1409428
1409514
1409687
1409736
1409746
1409897
1410000
1410010
1410017
1410084
1410249
1410344
1410481
1410590
1410599
1410704
1410749
1410755
1410849
1410857
1410876
1410977
1410997
1411242
1411266
1411281
1411309
1411312
1411317
1411396
1411832
1411839
1411988
1412023
1412028
1412398
1412463
1412768
1412782
1412788
1412828
1412862
1412867
1412984
1413159
1413211
1413227
1413366
1413476
1413495
1413582
1413615
1413646
1413758
1413762
1413827
1414144
1414187
1414306
1414332
1414348
1414357
1414405
1414482
1414641
1414693
1414715
1414890
1415097
1415319
1415342
1415372
1415409
1415411
1415414
1415562
1415704
1415776
1415821
1415901
1415902
1416001
1416059
1416069
1416155
1416184
1416203
1416322
1416377
1416386
1416447
1416450
1416513
1416774
1416825
1416850
1416869
1416911
1416959
1417188
1417217
1417331
1417361
1417404
1417527
1417563
1417573
1417594
1417643
1417660
1417748
1417810
1417814
1418086
1418248
1418454
1418458
1418573
1418860
1419182
1419331
1419497
1419556
1419620
1419627
1419744
1419820
1419896
1419980
1419983
1420081
1420097
1420328
1420461
1420770
1420778
1420791
1420824
1420908
1420956
1420996
1421002
1421107
1421155
1421188
1421195
1421324
1421374
1421441
1421514
1421591
1421639
1421831
1421898
1422014
1422017
1422144
1422215
1422412
1422460
1422489
1422606
1422619
1422873
1422957
1423071
1423160
1423270
1423520
1423668
1423670
1423780
1424064
1424278
1424296
1424435
1424605
1424844
1424919
1424945
1425076
1425144
1425236
1425536
1425893
1425898
1425903
1425904
1425952
1425958
1426259
1426260
1426292
1426501
1426509
1426720
1426764
1426773
1426919
1427016
1427039
1427142
1427382
1427410
1427427
1427504
1427582
1427662
1427671
1427700
1427770
1427804
1427833
1427892
1427943
1428490
1428553
1428573
1428668
1428888
1428903
1429003
1429069
1429214
1429386
1429471
1429549
1429677
1429768
1429890
1429901
1429945
1429958
1430161
1430201
1430257
1430282
1430286
1430348
1430372
1430396
1430648
1430659
1430685
1430755
1430838
1430995
1431032
1431080
1431112
1431237
1431312
1431363
1431418
1431572
1431673
1431679
1431769
1431852
1431872
1431874
1431881
1431898
1431909
1431993
1431994
1432131
1432136
1432137
1432143
1432251
1432412
1432417
1432572
1432593
1432823
1432825
1432845
1432977
1433064
1433111
1433206
1433408
1433439
1433454
1433590
1433665
1433877
1433921
1434033
1434246
1434260
1434275
1434305
1434458
1434459
1434551
1434608
1434610
1434864
1434887
1435004
1435287
1435352
1435370
1435398
1435405
1435454
1435481
1435493
1435673
1435729
1435802
1436031
1436034
1436048
1436133
1436281
1436450
1436659
1436756
1436816
1437004
1437033
1437041
1437193
1437208
1437376
1437501
1437533
1437656
1437702
1437742
1437788
1437820
1437821
1437830
1437884
1437890
1437920
1437957
1438020
1438042
1438088
1438094
1438167
1438233
1438256
1438444
1438524
1438724
1438853
1438971
1439228
1439307
1439426
1439481
1439570
1439604
1439652
1439713
1439779
1439903
1440299
1440392
1440567
1440585
1440967
1441062
1441484
1441607
1441785
1441801
1441840
1441843
1441898
1441913
1442064
1442093
1442202
1442237
1442369
1442391
1442472
1442512
1442881
1442922
1442971
1443002
1443092
1443228
1443233
1443243
1443357
1443459
1443596
1443656
1443686
1443752
1443772
1443893
1443943
1444009
1444099
1444139
1444193
1444227
1444405
1444487
1444508
1444523
1444653
1444722
1444906
1445338
1445580
1445699
1445733
1445774
1445836
1445856
1446028
1446074
1446079
1446095
1446355
1446437
1446598
1446842
1446948
1446980
1447065
1447098
1447119
1447289
1447294
1447446
1447456
1447545
1447670
1447727
1447876
1448034
1448115
1448185
1448202
1448307
1448426
1448566
1448574
1448618
1448865
1449051
1449252
1449274
1449357
1449601
1449620
1449651
1449667
1449702
1449709
1449842
1449852
1449960
1449970
1450055
1450062
1450092
1450169
1450614
1450869
1450887
1450895
1451011
1451025
1451118
1451136
1451141
1451242
1451260
1451288
1451366
1451407
1451450
1451550
1451590
1451714
1451876
1451898
1451936
1451943
1452188
1452283
1452392
1452397
1452637
1452639
1452758
1452925
1453371
1453649
1453765
1453836
1453858
1453937
1454035
1454082
1454372
1454466
1454526
1454701
1454839
1454916
1455182
1455216
1455329
1455589
1455891
1455901
1456175
1456240
1456299
1456328
1456587
1456589
1456695
1456876
1456925
1457099
1457141
1457201
1457247
1457442
1457772
1457862
1457875
1457925
1457939
1458199
1458233
1458235
1458239
1458267
1458281
1458342
1458377
1458477
1458613
1458735
1458768
1458955
1458962
1458966
1459086
1459253
1459296
1459395
1459415
1459431
1459557
1459613
1459692
1459816
1460096
1460403
1460430
1460506
1460612
1460788
1460837
1460905
1460969
1461311
1461331
1461488
1461519
1461580
1461720
1461979
1462005
1462012
1462051
1462088
1462142
1462273
1462320
1462498
1462529
1462700
1462870
1462997
1463007
1463051
1463154
1463205
1463409
1463554
1463616
1463679
1463715
1463723
1463810
1463864
1463962
1464019
1464227
1464256
1464311
1464417
1464489
1464493
1464608
1464689
1464707
1464737
1464846
1464974
1464990
1465305
1465336
1465480
1465559
1465567
1465631
1465709
1465743
1465776
1465777
1465793
1465823
1465824
1465940
1465963
1465978
1466030
1466178
1466328
1466408
1466491
1466510
1466516
1466673
1466914
1466927
1467188
1467307
1467439
1467541
1467588
1467637
1467675
1467826
1467837
1467842
1467846
1467865
1467921
1468004
1468009
1468069
1468088
1468207
1468289
1468426
1468493
1468543
1468616
1468629
1468732
1468768
1468783
1468869
1468887
1469044
1469151
1469291
1469352
1469390
1469533
1469588
1469598
1469988
1469999
1470120
1470139
1470227
1470249
1470401
1470426
1470432
1470491
1470675
1470870
1470894
1471047
1471057
1471155
1471189
1471198
1471555
1471564
1471575
1471596
1471681
1471722
1471856
1471955
1472115
1472241
1472242
1472625
1473152
1473217
1473234
1473275
1473278
1473477
1473817
1474033
1474171
1474207
1474220
1474227
1474255
1474287
1474305
1474463
1474794
1474902
1474972
1475106
1475126
1475139
1475220
1475249
1475285
1475376
1475492
1475559
1475588
1475675
1475854
1475867
1475989
1476220
1476310
1476508
1476572
1476605
1476868
1476882
1477031
1477236
1477305
1477329
1477414
1477499
1477507
1477710
1477788
1477805
1477843
1477845
1477913
1478020
1478040
1478174
1478197
1478408
1478441
1478464
1478471
1478526
1478547
1478720
1478877
1478913
1478926
1478949
1479029
1479170
1479182
1479483
1479539
1479714
1479744
1479795
1479824
1479877
1479898
1480015
1480074
1480231
1480252
1480259
1480281
1480319
1480375
1480412
1480416
1480466
1480688
1480908
1480911
1480958
1481063
1481141
1481423
1481424
1481487
1481787
1481868
1481963
1481972
1481978
1482218
1482225
1482371
1482687
1482768
1482984
1483048
1483265
1483408
1483446
1483464
1483618
1484102
1484221
1484343
1484453
1484897
1484979
1485050
1485140
1485259
1485272
1485359
1485576
1485623
1485672
1485780
1485985
1486089
1486232
1486250
1486260
1486300
1486425
1486584
1486630
1486696
1486712
1486821
1486930
1486955
1486968
1487047
1487466
1487582
1487596
1487993
1488156
1488247
1488259
1488447
1488471
1488623
1488775
1488920
1488957
1488969
1489007
1489030
1489134
1489203
1489442
1489867
1489903
1489910
1489927
1489933
1489971
1489988
1490154
1490779
1490782
1490826
1490860
1491004
1491005
1491087
1491296
1491417
1491491
1491561
1491684
1491798
1491845
1491872
1491946
1491951
1492026
1492048
1492243
1492448
1492575
1492670
1492849
1492888
1493126
1493137
1493196
1493198
1493298
1493299
1493361
1493390
1493415
1493784
1493867
1493997
1494244
1494481
1494546
1494659
1494738
1494770
1494898
1494906
1495027
1495116
1495138
1495198
1495554
1495640
1495652
1495845
1495993
1496126
1496332
1496350
1496440
1496448
1496562
1496632
1496694
1496738
1496881
1496932
1496947
1496998
1497098
1497155
1497192
1497238
1497770
1497851
1497867
1497877
1497885
1497968
1498047
1498083
1498236
1498237
1498315
1498490
1498535
1498586
1498596
1498616
1498688
1498755
1498955
1499197
1499204
1499243
1499292
1499373
1499616
1499619
1499760
1499912
1499985
1500393
1500492
1500504
1500613
1500732
1500752
1500768
1500836
1500879
1500893
1500960
1500967
1501018
1501052
1501091
1501123
1501254
1501310
1501354
1501504
1501677
1501734
1501765
1501820
1501828
1502287
1502409
1502436
1502543
1502617
1502623
1502737
1502959
1503046
1503079
1503092
1503188
1503192
1503269
1503343
1503600
1503650
1503664
1503971
1504196
1504226
1504362
1504386
1504644
1504714
1504725
1504866
1504932
1504953
1504974
1505093
1505257
1505376
1505423
1505739
1506086
1506249
1506294
1506398
1506500
1506552
1506570
1506680
1506743
1506914
1506957
1506977
1507070
1507338
1507543
1507669
1507754
1507871
1508005
1508070
1508247
1508298
1508300
1508302
1508350
1508397
1508420
1508448
1508536
1508611
1508643
1508759
1508828
1508987
1509113
1509173
1509277
1509474
1509792
1510044
1510153
1510160
1510170
1510218
1510232
1510388
1510461
1510467
1510557
1510584
1510658
1510719
1510743
1510817
1510900
1510931
1510956
1510964
1511276
1511320
1511334
1511402
1511577
1511591
1511617
1511756
1511990
1512040
1512108
1512256
1512429
1512441
1512525
1512595
1512640
1512868
1512880
1513042
1513125
1513215
1513261
1513312
1513441
1513445
1513454
1513691
1513805
1513863
1514073
1514115
1514252
1514282
1514304
1514308
1514602
1514635
1514684
1514802
1515003
1515111
1515184
1515196
1515312
1515335
1515381
1515589
1515615
1515715
1516032
1516174
1516309
1516323
1516576
1516731
1516746
1516882
1516904
1517047
1517132
1517167
1517184
1517441
1517454
1517497
1517574
1517616
1517950
1517966
1517977
1518006
1518050
1518079
1518203
1518228
1518364
1518708
1518823
1519391
1519478
1519523
1519645
1519719
1519751
1519847
1519998
1520177
1520307
1520419
1520739
1520832
1520843
1520997
1521132
1521205
1521216
1521367
1521546
1521560
1521668
1521752
1521846
1521852
1521971
1522043
1522085
1522111
1522268
1522274
1522302
1522416
1522521
1522555
1522592
1522614
1522668
1522676
1522800
1522832
1522935
1523162
1523212
1523266
1523279
1523303
1523496
1523616
1523703
1523911
1523983
1524162
1524248
1524370
1524424
1524724
1524802
1524809
1524838
1524906
1524931
1524964
1525027
1525276
1525585
1525616
1525618
1525936
1525983
1526041
1526257
1526526
1526570
1526625
1526739
1526769
1526811
1526868
1526875
1526911
1526987
1527437
1527449
1527731
1527746
1527754
1527801
1528222
1528271
1528404
1528478
1528498
1528572
1528661
1528685
1528712
1528743
1528807
1528900
1528947
1529018
1529167
1529197
1529210
1529468
1529481
1529556
1529565
1529703
1529782
1529803
1529838
1529877
1529886
1530105
1530231
1530263
1530283
1530430
1530450
1530539
1530873
1531037
1531268
1531270
1531325
1531499
1531933
1531976
1532090
1532219
1532260
1532312
1532358
1532465
1532690
1532822
1532844
1532916
1533174
1533250
1533367
1533384
1533434
1533547
1533861
1533902
1533967
1534443
1534502
1534631
1534685
1534845
1534897
1534909
1535139
1535538
1535732
1535740
1535748
1535817
1535877
1536075
1536265
1536404
1536469
1536479
1536578
1536603
1536608
1536769
1536782
1536843
1536894
1536902
1537140
1537162
1537225
1537226
1537256
1537286
1537389
1537405
1537448
1537485
1537833
1537880
1537963
1538280
1538349
1538413
1538505
1538506
1538542
1538575
1538603
1538631
1538743
1538969
1539118
1539192
1539282
1539289
1539485
1539491
1539526
1540017
1540112
1540242
1540335
1540371
1540499
1540571
1540613
1540702
1540870
1540919
1541100
1541190
1541192
1541209
1541260
1541311
1541487
1541499
1541521
1541585
1541683
1541724
1541852
1541861
1541870
1541930
1541997
1542178
1542329
1542384
1542446
1542582
1542700
1542728
1542874
1542904
1542960
1543059
1543061
1543287
1543308
1543370
1543473
1543709
1543800
1544125
1544140
1544210
1544290
1544299
1544495
1544544
1544548
1544695
1544702
1544731
1544806
1544862
1545046
1545068
1545150
1545234
1545250
1545317
1545327
1545456
1545478
1545510
1545572
1545573
1545599
1545678
1545928
1545969
1545978
1546021
1546082
1546408
1546452
1546570
1546668
1546696
1547176
1547574
1547593
1547713
1547786
1547815
1547863
1547952
1548174
1548285
1548293
1548475
1548741
1548765
1548808
1548815
1548853
1549306
1549320
1549574
1549673
1549674
1549735
1549792
1549820
1549904
1550043
1550208
1550287
1550293
1550517
1550763
1550816
1550860
1550913
1550933
1550938
1550950
1550983
1550985
1551247
1551380
1551482
1551699
1551723
1552031
1552247
1552458
1552475
1552568
1552737
1552822
1553083
1553146
1553151
1553333
1553389
1553405
1553547
1553622
1553656
1553740
1553744
1553842
1553999
1554032
1554083
1554157
1554181
1554198
1554324
1554449
1554531
1554701
1554751
1554838
1554961
1555026
1555033
1555041
1555146
1555210
1555458
1555570
1555605
1555648
1555712
1555847
1555947
1556025
1556106
1556248
1556257
1556264
1556382
1556490
1556842
1556989
1557129
1557159
1557193
1557204
1557369
1557399
1557466
1557589
1557611
1557770
1557935
1557946
1558120
1558310
1558418
1558488
1558732
1558764
1558831
1558866
1559027
1559098
1559203
1559219
1559230
1559308
1559523
1559581
1559671
1559683
1559713
1559738
1560008
1560086
1560246
1560259
1560281
1560447
1560456
1560471
1560481
1560492
1560498
1560647
1560742
1560785
1560792
1560892
1560939
1560993
1560994
1561163
1561241
1561422
1561571
1561691
1561733
1561872
1561887
1562043
1562052
1562074
1562106
1562110
1562166
1562191
1562343
1562376
1562485
1562491
1562514
1562586
1562612
1562644
1562698
1562810
1562887
1562934
1562949
1563224
1563261
1563385
1563498
1563652
1563664
1563665
1563676
1563836
1563842
1563871
1563944
1564097
1564101
1564127
1564385
1564497
1564572
1564607
1564749
1564783
1564809
1564851
1565244
1565372
1565423
1565446
1565634
1565793
1566068
1566083
1566096
1566107
1566146
1566174
1566266
1566275
1566477
1566479
1566577
1567008
1567168
1567237
1567315
1567339
1567574
1567645
1567809
1567924
1567989
1567991
1568018
1568074
1568092
1568169
1568175
1568248
1568346
1568434
1568436
1568438
1568558
1568630
1568653
1568655
1568686
1568778
1568902
1569224
1569228
1569325
1569901
1569999
1570005
1570029
1570165
1570274
1570371
1570372
1570517
1570541
1570573
1570595
1570646
1570654
1570684
1570936
1570982
1571050
1571131
1571274
1571354
1571540
1571642
1571705
1571761
1571939
1572080
1572087
1572091
1572213
1572364
1572509
1572553
1572642
1572661
1572677
1572908
1572922
1573024
1573102
1573372
1573420
1573454
1573645
1574081
1574791
1575094
1575428
1575513
1575598
1575644
1575726
1576071
1576109
1576265
1576407
1576409
1576664
1576747
1576752
1576874
1577013
1577255
1577276
1577484
1577523
1577529
1577567
1577704
1577871
1577944
1577956
1578023
1578090
1578201
1578260
1578285
1578354
1578398
1578552
1578939
1579056
1579086
1579226
1579329
1579459
1579475
1579478
1579760
1579875
1579877
1580029
1580072
1580089
1580090
1580150
1580151
1580154
1580248
1580296
1580325
1580416
1580538
1580553
1580555
1580585
1580958
1580969
1580970
1580993
1581045
1581336
1581387
1581567
1581611
1581625
1581636
1581705
1581803
1581825
1581951
1581991
1581998
1582006
1582293
1582323
1582407
1582434
1582532
1582611
1582623
1582653
1582849
1582872
1582900
1583006
1583014
1583035
1583108
1583150
1583221
1583305
1583502
1583536
1583596
1583622
1583680
1583709
1583730
1584130
1584131
1584235
1584434
1584521
1584604
1584690
1584732
1584764
1584915
1584975
1585034
1585081
1585317
1585363
1585477
1585487
1585527
1585581
1585660
1585694
1585750
1585751
1585769
1585906
1586083
1586157
1586161
1586192
1586229
1586363
1586662
1586675
1586761
1586763
1586993
1587035
1587153
1587283
1587365
1587581
1587599
1587644
1587878
1587903
1587955
1588026
1588078
1588323
1588339
1588397
1588425
1588670
1588783
1588819
1588847
1588964
1589227
1589315
1589615
1589661
1589723
1589802
1589919
1589994
1589999
1590071
1590150
1590163
1590165
1590198
1590246
1590416
1590599
1590623
1590676
1590690
1590964
1591012
1591184
1591254
1591321
1591367
1591404
1591568
1591579
1591717
1591863
1592036
1592124
1592169
1592207
1592208
1592212
1592217
1592220
1592259
1592270
1592315
1592407
1592534
1592537
1592637
1592662
1592782
1592818
1592909
1592951
1592998
1593058
1593234
1593350
1593431
1593463
1593584
1593618
1593635
1593782
1593901
1593980
1594029
1594038
1594055
1594271
1594388
1594442
1594516
1594524
1594585
1594846
1594957
1595112
1595249
1595664
1595740
1595785
1595791
1595993
1596057
1596103
1596134
1596294
1596474
1596482
1596594
1596670
1596702
1596811
1596818
1596942
1597028
1597042
1597154
1597210
1597231
1597300
1597435
1597442
1597567
1597597
1597721
1597728
1597746
1598094
1598186
1598370
1598539
1598648
1598833
1599096
1599114
1599185
1599224
1599250
1599270
1599316
1599376
1599403
1599603
1599754
1599765
1599996
1600067
1600071
1600159
1600321
1600366
1600371
1600464
1600665
1600842
1600975
1601083
1601099
1601121
1601237
1601265
1601280
1601401
1601433
1601675
1601702
1601710
1601719
1601882
1601918
1601974
1601987
1601995
1602038
1602058
1602060
1602101
1602276
1602285
1602342
1602352
1602487
1602534
1602557
1602790
1602841
1602920
1603050
1603132
1603223
1603230
1603316
1603355
1603368
1603486
1603515
1603659
1603726
1603757
1603803
1603886
1603914
1603972
1603981
1604207
1604227
1604303
1604338
1604383
1604514
1604583
1604673
1604822
1604908
1604944
1605145
1605231
1605272
1605539
1605570
1605720
1605772
1605796
1605873
1605878
1605953
1605980
1606088
1606168
1606207
1606233
1606262
1606269
1606419
1606621
1606763
1606794
1606999
1607043
1607293
1607330
1607462
1607603
1607660
1607831
1607878
1607961
1607977
1608185
1608259
1608290
1608429
1608617
1608683
1608737
1608901
1608917
1608982
1609067
1609262
1609527
1609548
1609789
1609947
1610083
1610245
1610249
1610282
1610314
1610366
1610656
1610848
1611283
1611529
1611590
1611654
1611683
1611754
1611862
1611863
1611878
1612094
1612112
1612442
1612462
1612567
1612725
1612787
1612887
1612920
1613059
1613133
1613136
1613409
1613553
1613809
1613811
1613918
1614272
1614476
1614808
1614813
1614843
1614846
1614896
1614918
1614926
1615049
1615232
1615255
1615582
1615794
1615833
1615911
1616077
1616283
1616339
1616347
1616370
1616409
1616541
1616781
1616782
1616862
1616938
1617084
1617281
1617345
1617416
1617418
1617589
1617693
1617722
1617725
1617864
1617966
1618001
1618014
1618035
1618054
1618286
1618325
1618352
1618802
1618833
1619041
1619045
1619051
1619323
1619326
1619328
1619457
1619685
1619713
1619715
1619831
1619910
1620029
1620136
1620219
1620237
1620256
1620330
1620359
1620433
1620650
1620721
1620788
1621069
1621117
1621233
1621314
1621319
1621331
1621334
1621391
1621452
1621493
1621626
1621781
1621805
1621815
1621827
1622021
1622049
1622199
1622374
1622381
1622479
1622548
1622709
1622871
1622916
1623015
1623036
1623038
1623151
1623175
1623203
1623357
1623478
1623526
1623689
1623785
1623792
1623892
1623905
1623959
1623970
1624190
1624254
1624275
1624289
1624336
1624387
1624436
1624522
1624567
1624686
1624776
1624859
1624922
1625044
1625083
1625173
1625314
1625408
1625837
1626006
1626068
1626070
1626088
1626136
1626271
1626425
1626500
1626767
1626867
1626914
1626993
1627018
1627090
1627221
1627382
1627561
1627654
1627655
1627674
1627983
1628081
1628135
1628142
1628256
1628272
1628624
1628661
1628674
1629020
1629048
1629056
1629083
1629121
1629323
1629375
1629734
1629853
1629862
1629886
1629928
1629932
1630036
1630064
1630240
1630506
1630658
1630729
1631048
1631202
1631299
1631310
1631393
1631449
1631453
1631556
1631615
1631968
1632174
1632177
1632211
1632328
1632339
1632374
1632592
1632645
1632924
1633008
1633022
1633043
1633063
1633106
1633165
1633198
1633236
1633249
1633342
1633445
1633597
1633708
1633724
1634086
1634400
1634405
1634568
1634709
1634772
1634887
1634934
1634971
1635070
1635196
1635212
1635267
1635416
1635500
1635542
1635550
1635612
1635910
1636031
1636160
1636390
1636490
1636583
1636648
1636709
1636767
1636930
1637085
1637133
1637164
1637330
1637425
1637432
1637565
1637588
1637662
1637679
1637771
1637853
1637855
1637997
1638053
1638382
1638391
1638455
1638658
1638725
1638743
1638775
1638837
1639231
1639295
1639385
1639412
1639662
1639666
1639675
1639850
1639915
1639946
1639992
1640115
1640137
1640142
1640463
1640525
1640544
1640597
1640674
1640725
1640732
1640870
1640872
1640877
1640934
1640971
1641016
1641023
1641133
1641301
1641319
1641389
1641478
1641531
1641620
1641681
1641786
1641920
1641936
1642110
1642190
1642218
1642343
1642384
1642446
1642451
1642452
1642484
1642494
1642500
1642595
1642735
1642806
1642808
1642857
1643014
1643030
1643124
1643145
1643180
1643374
1643646
1643695
1643976
1644021
1644023
1644095
1644266
1644296
1644477
1644702
1644815
1644891
1644902
1645086
1645120
1645144
1645149
1645250
1645293
1645357
1645401
1645416
1645500
1645561
1645589
1645626
1645674
1645834
1645855
1645857
1645928
1646137
1646178
1646327
1646450
1646581
1646618
1646800
1646843
1646925
1647104
1647158
1647268
1647335
1647364
1647504
1647691
1647725
1647728
1647850
1647908
1648051
1648082
1648127
1648225
1648274
1648293
1648417
1648484
1648735
1648738
1648784
1648786
1648833
1648978
1648996
1649106
1649117
1649133
1649347
1649384
1649393
1649501
1649596
1649656
1649688
1649739
1649830
1649985
1650104
1650170
1650217
1650263
1650629
1650670
1650883
1650971
1651262
1651278
1651475
1651666
1651744
1651790
1651843
1651883
1651898
1651971
1652073
1652157
1652261
1652349
1652373
1652479
1652636
1652701
1652724
1652730
1652887
1653004
1653238
1653278
1653356
1653360
1653392
1653998
1654071
1654080
1654088
1654258
1654747
1654772
1654913
1655201
1655218
1655307
1655355
1655357
1655549
1655586
1655661
1655774
1655793
1655795
1656355
1656367
1656406
1656484
1656581
1656842
1656856
1656891
1657069
1657128
1657281
1657299
1657324
1657475
1657606
1657681
1657694
1657734
1658012
1658034
1658041
1658113
1658159
1658212
1658240
1658372
1658432
1658579
1658709
1658768
1658841
1658898
1658914
1659361
1659468
1659638
1659714
1659788
1659804
1659821
1659859
1659944
1659950
1660088
1660314
1660382
1660479
1660577
1660579
1660762
1660790
1660906
1660962
1661023
1661245
1661268
1661271
1661326
1661341
1661398
1661411
1661576
1661591
1661593
1661694
1661789
1661875
1662221
1662346
1662470
1662600
1662701
1662705
1662728
1662820
1663114
1663117
1663167
1663353
1663534
1663603
1663737
1663767
1663827
1663832
1663934
1663936
1663967
1664163
1664202
1664515
1664654
1664825
1664837
1665148
1665163
1665300
1665503
1665824
1665901
1666221
1666562
1666572
1666656
1666663
1666723
1666751
1666823
1666936
1667084
1667121
1667149
1667216
1667344
1667449
1667626
1667872
1667905
1668132
1668331
1668355
1668377
1668483
1668528
1668565
1668633
1668743
1668802
1668805
1668811
1668876
1668915
1668917
1669138
1669202
1669224
1669237
1669285
1669568
1669615
1669719
1669724
1669815
1669897
1669925
1670157
1670242
1670249
1670432
1670455
1670524
1670687
1670825
1670930
1670990
1671011
1671077
1671147
1671185
1671227
1671410
1671462
1671519
1671535
1671539
1671616
1671701
1671747
1671811
1672043
1672091
1672138
1672266
1672380
1672412
1672488
1672554
1672612
1672663
1672668
1672867
1672947
1672991
1673550
1673578
1673628
1673729
1673894
1673952
1674012
1674662
1674761
1674906
1674930
1674933
1674970
1675207
1675380
1675718
1675719
1675758
1675839
1675853
1675887
1675924
1675935
1675948
1675975
1675995
1675997
1676006
1676063
1676122
1676238
1676375
1676400
1676410
1676447
1676696
1677154
1677358
1677370
1677503
1677729
1677936
1678001
1678052
1678073
1678282
1678434
1678441
1678488
1678580
1678587
1678707
1678728
1678780
1678883
1678992
1679171
1679285
1679287
1679369
1679724
1679851
1679932
1680037
1680270
1680348
1680414
1680665
1680806
1680877
1680913
1681148
1681198
1681331
1681397
1681637
1681698
1681871
1682310
1682323
1682676
1682842
1682869
1682973
1683038
1683157
1683185
1683425
1683561
1683637
1683678
1683812
1683859
1683874
1683918
1683957
1684065
1684090
1684145
1684211
1684280
1684349
1684474
1684521
1684524
1684588
1684627
1684641
1684794
1684920
1685011
1685263
1685396
1685507
1685596
1685753
1685768
1685862
1686003
1686114
1686200
1686234
1686274
1686318
1686382
1686565
1686593
1686625
1686725
1686807
1686813
1687219
1687227
1687240
1687254
1687296
1687423
1687537
1687872
1688025
1688037
1688115
1688336
1688377
1688385
1688664
1688749
1688757
1688954
1689045
1689054
1689064
1689207
1689244
1689370
1689378
1689578
1689579
1689609
1689706
1689737
1689768
1689813
1689816
1689959
1690073
1690205
1690383
1690410
1690415
1690564
1690674
1690756
1690809
1690930
1690964
1690986
1691032
1691185
1691250
1691267
1691274
1691276
1691324
1691381
1691475
1691592
1691600
1691619
1691805
1691993
1692157
1692192
1692275
1692297
1692359
1692386
1692615
1692635
1692790
1692844
1692857
1693661
1693770
1693823
1693837
1693965
1694322
1694521
1694577
1694831
1694895
1694992
1695017
1695332
1695381
1695443
1695451
1695475
1695660
1695804
1696151
1696411
1696507
1696529
1696596
1696630
1696763
1696796
1696837
1696931
1696951
1697042
1697048
1697121
1697194
1697465
1697504
1697581
1697617
1697634
1697746
1697827
1698061
1698065
1698092
1698207
1698389
1698412
1698548
1698677
1698705
1698787
1698873
1698879
1699042
1699215
1699320
1699456
1699497
1699611
1699705
1699905
1699917
1700091
1700172
1700302
1700321
1700419
1700500
1700862
1700906
1700926
1701008
1701097
1701114
1701117
1701134
1701136
1701241
1701261
1701411
1701870
1701878
1701879
1701920
1702112
1702124
1702360
1702425
1702505
1702531
1702555
1702654
1702719
1702895
1702923
1703150
1703232
1703270
1703390
1703500
1703540
1703560
1703654
1703767
1703827
1703905
1703937
1703967
1704051
1704132
1704149
1704175
1704267
1704377
1704460
1704483
1704595
1704692
1704832
1705214
1705217
1705344
1705348
1705388
1705416
1705578
1705622
1705827
1705904
1705969
1706033
1706102
1706126
1706168
1706389
1706439
1706480
1706500
1706874
1706899
1707288
1707375
1707413
1707432
1707503
1707507
1707618
1707853
1707928
1707931
1708084
1708142
1708252
1708291
1708366
1708422
1708884
1708932
1709007
1709110
1709112
1709153
1709158
1709170
1709300
1709361
1709464
1709584
1709720
1709732
1709759
1710005
1710175
1710213
1710223
1710385
1710560
1710970
1710996
1711079
1711249
1711283
1711299
1711397
1711408
1711511
1711553
1711559
1711726
1711727
1711901
1712046
1712065
1712083
1712174
1712544
1712557
1712560
1712592
1712608
1712741
1712851
1713161
1713176
1713509
1713536
1713700
1713802
1713877
1713893
1713932
1714014
1714061
1714108
1714166
1714271
1714285
1714521
1714530
1714895
1714906
1714992
1715094
1715281
1715353
1715450
1715681
1715794
1715831
1716092
1716145
1716440
1716468
1716497
1716754
1716811
1716902
1716952
1717114
1717140
1717308
1717338
1717350
1717566
1717601
1717734
1718088
1718109
1718128
1718150
1718225
1718405
1718449
1718514
1718633
1718673
1718674
1718953
1719133
1719521
1719579
1719583
1719597
1719641
1719725
1719762
1719806
1720024
1720032
1720111
1720166
1720502
1720528
1720558
1720652
1720678
1720704
1720748
1720799
1720833
1721010
1721283
1721400
1721529
1721611
1721692
1721837
1722039
1722082
1722105
1722106
1722108
1722254
1722257
1722300
1722354
1722402
1722476
1722480
1722512
1722531
1722544
1722629
1722748
1722819
1722862
1722868
1722877
1722947
1722949
1723009
1723310
1723386
1723431
1723583
1723656
1723669
1723690
1723707
1723783
1723956
1723967
1724035
1724118
1724386
1724485
1724497
1724541
1724625
1724786
1725380
1725515
1725658
1725901
1725997
1726002
1726060
1726097
1726103
1726132
1726156
1726388
1726442
1726486
1726583
1726756
1726770
1726793
1726811
1726885
1726897
1726905
1727102
1727169
1727230
1727242
1727253
1727271
1727414
1727495
1727550
1727833
1728226
1728630
1728656
1728700
1728716
1728750
1728758
1729071
1729099
1729101
1729231
1729279
1729769
1729839
1729867
1729897
1729918
1729927
1729972
1730041
1730057
1730145
1730149
1730264
1730284
1730356
1730525
1730566
1730664
1730668
1730726
1730800
1730876
1730939
1730971
1730999
1731034
1731072
1731108
1731116
1731204
1731215
1731234
1731257
1731322
1731442
1731467
1731469
1731673
1731804
1731841
1731842
1732437
1732479
1732571
1732595
1732960
1733111
1733207
1733236
1733452
1733520
1733548
1733549
1733573
1733799
1734065
1734184
1734213
1734549
1734608
1734609
1734692
1734890
1734899
1734943
1735046
1735220
1735410
1735466
1735474
1735499
1735531
1735623
1735858
1735955
1736040
1736056
1736183
1736185
1736272
1736559
1736583
1736651
1736740
1736775
1736786
1736910
1736946
1737027
1737351
1737384
1737925
1737960
1737964
1737965
1738110
1738138
1738165
1738205
1738209
1738232
1738262
1738324
1738335
1738469
1738502
1738570
1738584
1738754
1738758
1738816
1739020
1739025
1739137
1739223
1739310
1739385
1739445
1739735
1739928
1740024
1740130
1740286
1740289
1740330
1740361
1740627
1740629
1740856
1741117
1741172
1741501
1741555
1741739
1741868
1742029
1742095
1742169
1742258
1742327
1742446
1742449
1742519
1742771
1742775
1742778
1742927
1742971
1743052
1743132
1743435
1743567
1743586
1743666
1743849
1743987
1744127
1744129
1744267
1744472
1744494
1744499
1744675
1744706
1744987
1745428
1745455
1745529
1745720
1745739
1745820
1745857
1745938
1745970
1746050
1746067
1746189
1746430
1746452
1746577
1746584
1746912
1746923
1746955
1747062
1747063
1747103
1747245
1747257
1747277
1747364
1747520
1747921
1748086
1748156
1748234
1748383
1748527
1748812
1748839
1748860
1749012
1749021
1749105
1749171
1749212
1749253
1749289
1749324
1749351
1749433
1749487
1749620
1749770
1749898
1749939
1750202
1750306
1750339
1750357
1750419
1750616
1750642
1750645
1750744
1750783
1750809
1751158
1751394
1751460
1751636
1751786
1751796
1751977
1752143
1752273
1752326
1752407
1752597
1752605
1752640
1752654
1752833
1752930
1752938
1752944
1752989
1753081
1753168
1753230
1753340
1753401
1753894
1754103
1754257
1754309
1754312
1754468
1754500
1754518
1754639
1754753
1754904
1754916
1754938
1754976
1755033
1755349
1755360
1755442
1755461
1755546
1755693
1755930
1756137
1756208
1756467
1756501
1756711
1756740
1756751
1756822
1756833
1756858
1756930
1757009
1757074
1757176
1757183
1757599
1757714
1757740
1757827
1757831
1757906
1757969
1758044
1758295
1758321
1758371
1758414
1758434
1758627
1758917
1758946
1758962
1759148
1759229
1759324
1759355
1759372
1759435
1759440
1759444
1759466
1759706
1759720
1759931
1760125
1760155
1760553
1760627
1760654
1760702
1760866
1760886
1760906
1760915
1761191
1761430
1761609
1761653
1761886
1762128
1762144
1762199
1762242
1762328
1762381
1762520
1762770
1762803
1762944
1763071
1763181
1763464
1763511
1763713
1763795
1764139
1764265
1764344
1764445
1764495
1764509
1764529
1764572
1764606
1764644
1764823
1764910
1764969
1765009
1765467
1765513
1765696
1765746
1765748
1765755
1765773
1766248
1766289
1766329
1766496
1766562
1766623
1766655
1766723
1766732
1766752
1766999
1767001
1767017
1767177
1767193
1767421
1767531
1767543
1767736
1767827
1768103
1768271
1768289
1768333
1768352
1768614
1768840
1768842
1769274
1769399
1769596
1769885
1769898
1770081
1770183
1770196
1770230
1770272
1770331
1770375
1770437
1770555
1770636
1770655
1770671
1770720
1770734
1770960
1771073
1771189
1771227
1771472
1771484
1771543
1771640
1771654
1771673
1771770
1771840
1771865
1771942
1772044
1772088
1772361
1772488
1772532
1772557
1772827
1772945
1773149
1773534
1773589
1773617
1773652
1773943
1774059
1774234
1774280
1774482
1774521
1774545
1774563
1774659
1774674
1774797
1775068
1775114
1775160
1775239
1775326
1775770
1775851
1775953
1776024
1776158
1776174
1776187
1776238
1776290
1776463
1776677
1776800
1776882
1776970
1777025
1777444
1777454
1777526
1777709
1777767
1777806
1777888
1778009
1778249
1778376
1778498
1778630
1778667
1778728
1779015
1779059
1779116
1779136
1779165
1779295
1779346
1779508
1779570
1779613
1779679
1779746
1779749
1779754
1779879
1779896
1779906
1779908
1779941
1779972
1780142
1780271
1780388
1780468
1780543
1780792
1780841
1780911
1780971
1781150
1781256
1781378
1781471
1781504
1781552
1781622
1781734
1781738
1781748
1781886
1781975
1782039
1782112
1782122
1782197
1782215
1782250
1782604
1782634
1782762
1782774
1782838
1782896
1782933
1783077
1783126
1783143
1783201
1783380
1783389
1783489
1783560
1783658
1783696
1783799
1783845
1783913
1784400
1784407
1784642
1784652
1784668
1784749
1784754
1784937
1785031
1785402
1785424
1785557
1785635
1785668
1785670
1785682
1785734
1785830
1785906
1785942
1786118
1786204
1786284
1786288
1786301
1786363
1786426
1787073
1787203
1787216
1787377
1787414
1787422
1787430
1787528
1787530
1787595
1787664
1787695
1787717
1787955
1788136
1788237
1788241
1788419
1788441
1788540
1788596
1789066
1789493
1789749
1789788
1790016
1790080
1790085
1790178
1790219
1790233
1790241
1790330
1790430
1790693
1790725
1790818
1790823
1790919
1790937
1791042
1791056
1791109
1791163
1791167
1791395
1791536
1791579
1791873
1791888
1792035
1792060
1792174
1792305
1792350
1792382
1792572
1792586
1792626
1792722
1792887
1793122
1793226
1793455
1793533
1793672
1793985
1794024
1794224
1794251
1794269
1794283
1794430
1794521
1794556
1794564
1794645
1794662
1794753
1794807
1794813
1794873
1794927
1794941
1795051
1795276
1795459
1795498
1795508
1795761
1795764
1795800
1795874
1796009
1796053
1796093
1796469
1796489
1796573
1796675
1796799
1796892
1797368
1797435
1797486
1797492
1797533
1797565
1797742
1797829
1797864
1797925
1798047
1798411
1798511
1798616
1799010
1799076
1799167
1799259
1799288
1799311
1799477
1799534
1799688
1799735
1799796
1799928
1800013
1800178
1800295
1800322
1800379
1800448
1800528
1800552
1800848
1800856
1800891
1800900
1800908
1801013
1801040
1801178
1801209
1801267
1801497
1801551
1801748
1801766
1801774
1801909
1801985
1801991
1802061
1802271
1802374
1802417
1802462
1802591
1802630
1802788
1802798
1802905
1802909
1803021
1803209
1803217
1803233
1803234
1803412
1803573
1803642
1803770
1803788
1803861
1803886
1803910
1804330
1804398
1804402
1804452
1804656
1804756
1804794
1805019
1805066
1805081
1805104
1805107
1805158
1805202
1805735
1805854
1806033
1806114
1806164
1806314
1806349
1806402
1806406
1806642
1806671
1806783
1806895
1806912
1807004
1807070
1807171
1807204
1807263
1807289
1807294
1807313
1807324
1807331
1807442
1807466
1807676
1807754
1807757
1807852
1807883
1807900
1807978
1808066
1808104
1808241
1808363
1808659
1808736
1808919
1808967
1809013
1809024
1809050
1809205
1809232
1809247
1809520
1809525
1809617
1809647
1809733
1809756
1809798
1809829
1809895
1809901
1809957
1810002
1810186
1810220
1810255
1810463
1810467
1810505
1810722
1810753
1810757
1810794
1810890
1810954
1811107
1811119
1811173
1811186
1811198
1811286
1811389
1811394
1811504
1811674
1811735
1811828
1811901
1811905
1811928
1812019
1812028
1812226
1812594
1812597
1812640
1812685
1812750
1812787
1812827
1812877
1813022
1813178
1813201
1813329
1813383
1813521
1813586
1813728
1813794
1813823
1813860
1813997
1814097
1814354
1814720
1814760
1814873
1814896
1814898
1814912
1814940
1814981
1815004
1815028
1815038
1815042
1815094
1815162
1815210
1815410
1815443
1815462
1815507
1815510
1815545
1815653
1815789
1815914
1815953
1815966
1816153
1816543
1816570
1816595
1816643
1816689
1816809
1816893
1816984
1817079
1817165
1817320
1817463
1817493
1817661
1817773
1817914
1817948
1818007
1818206
1818251
1818352
1818571
1818612
1818617
1818621
1818695
1818794
1818989
1819082
1819124
1819784
1819877
1819989
1820051
1820236
1820286
1820357
1820561
1820631
1820848
1820853
1821109
1821402
1821435
1821623
1821652
1821688
1821728
1821781
1821928
1822179
1822197
1822299
1822334
1822390
1822439
1822926
1822963
1823088
1823132
1823207
1823210
1823252
1823442
1823491
1823567
1823583
1823682
1823744
1823866
1823905
1823980
1824339
1824374
1824404
1824653
1824750
1824803
1825055
1825057
1825309
1825347
1825357
1825391
1825410
1825471
1825485
1825807
1825946
1825994
1826038
1826116
1826276
1826573
1826681
1826774
1826819
1827038
1827048
1827068
1827088
1827279
1827280
1827516
1827648
1827892
1828415
1828563
1828639
1828848
1828849
1828970
1829443
1829577
1829695
1830007
1830069
1830098
1830144
1830184
1830189
1830357
1830417
1830575
1830676
1830941
1830953
1831205
1831223
1831338
1831393
1831519
1831664
1831697
1831771
1831831
1831907
1832001
1832061
1832135
1832429
1832472
1832614
1832663
1832748
1832975
1832986
1833163
1833476
1833579
1833724
1833795
1834059
1834075
1834204
1834291
1834379
1834482
1834550
1834628
1834648
1834667
1834922
1835072
1835126
1835154
1835227
1835467
1835607
1835666
1835736
1835940
1836059
1836080
1836092
1836152
1836296
1836486
1836593
1836624
1836690
1836695
1836743
1836902
1836936
1837013
1837081
1837138
1837283
1837384
1837439
1837483
1837558
1837610
1837645
1837648
1837686
1837783
1838201
1838419
1838465
1838550
1838749
1838776
1838908
1838927
1838932
1839043
1839046
1839130
1839188
1839207
1839271
1839404
1839526
1839531
1839563
1839824
1839887
1840140
1840174
1840276
1840327
1840346
1840472
1840647
1840656
1840702
1840777
1840903
1840927
1840993
1841096
1841235
1841272
1841371
1841408
1841514
1841533
1841591
1841755
1841774
1841863
1841902
1841933
1842002
1842242
1842317
1842384
1842643
1842745
1842825
1842844
1842960
1842974
1843094
1843171
1843216
1843461
1843536
1843561
1843665
1843722
1843932
1843984
1844011
1844046
1844628
1844870
1844887
1844943
1845083
1845097
1845163
1845217
1845308
1845312
1845390
1845569
1845647
1845832
1846022
1846027
1846213
1846283
1846294
1846533
1846545
1846623
1846626
1846676
1846876
1847028
1847050
1847075
1847141
1847152
1847241
1847250
1847302
1847318
1847355
1847363
1847412
1847429
1847434
1847470
1847503
1847668
1847678
1847779
1847884
1848163
1848168
1848190
1848260
1848301
1848462
1848496
1848532
1848815
1848874
1848889
1849010
1849054
1849130
1849157
1849263
1849518
1849580
1849651
1849673
1849714
1849779
1849963
1850018
1850066
1850068
1850248
1850414
1850421
1850445
1850478
1850520
1850855
1850883
1850944
1851187
1851261
1851285
1851287
1851356
1851391
1851452
1851530
1851534
1851737
1852062
1852083
1852269
1852271
1852305
1852400
1852477
1852531
1852600
1852601
1852614
1852672
1852736
1852769
1852852
1852911
1853007
1853021
1853107
1853111
1853115
1853153
1853155
1853183
1853360
1853457
1853526
1853698
1853865
1853870
1853930
1854122
1854220
1854320
1854379
1854732
1854848
1854877
1854910
1854972
1855122
1855438
1855604
1855663
1855770
1855780
1855793
1855814
1855958
1856108
1856282
1856344
1856443
1856580
1856645
1856755
1856849
1856966
1856974
1857000
1857043
1857176
1857297
1857364
1857382
1857539
1857796
1857827
1857938
1857961
1858066
1858184
1858267
1858425
1858605
1858621
1858780
1858997
1859014
1859216
1859342
1859388
1859522
1859552
1859555
1859567
1859641
1859927
1860089
1860152
1860423
1860561
1860879
1860888
1860899
1861510
1861573
1861723
1861738
1861743
1861806
1862027
1862170
1862252
1862263
1862275
1862301
1862327
1862434
1862566
1862681
1862988
1863088
1863107
1863416
1863442
1863481
1863626
1863706
1863863
1864297
1864454
1864463
1864493
1864537
1864559
1864600
1864640
1864712
1864725
1864790
1864843
1864957
1865045
1865067
1865105
1865137
1865274
1865299
1865384
1865450
1865894
1865920
1865992
1866038
1866076
1866105
1866179
1866215
1866248
1866324
1866374
1866437
1866451
1866558
1866579
1866863
1866974
1867036
1867461
1867642
1867863
1867927
1867933
1868234
1868246
1868295
1868349
1868461
1868474
1868500
1868666
1868715
1868724
1868799
1868811
1869126
1869128
1869153
1869169
1869299
1869304
1869321
1869465
1869677
1869780
1869785
1869930
1870148
1870302
1870400
1870515
1870596
1870834
1870847
1870893
1871008
1871026
1871041
1871050
1871149
1871198
1871317
1871349
1871500
1871669
1871726
1871730
1871805
1871827
1872183
1872458
1872580
1872627
1872721
1872826
1872919
1872990
1873002
1873018
1873158
1873305
1873346
1873387
1873402
1873555
1873803
1873835
1873871
1873886
1874053
1874318
1874346
1874487
1874512
1874529
1874550
1874851
1874937
1875086
1875179
1875321
1875394
1875501
1875510
1875745
1875751
1875970
1876010
1876232
1876300
1876457
1876489
1876570
1876673
1876675
1877157
1877241
1877247
1877257
1877275
1877340
1877426
1877673
1877798
1877828
1877975
1878233
1878321
1878503
1878530
1878678
1878723
1878862
1878897
1878939
1878961
1878980
1879344
1879611
1879626
1879657
1879686
1879708
1879787
1879834
1880035
1880177
1880617
1880802
1880854
1880857
1881012
1881107
1881164
1881219
1881252
1881265
1881475
1881511
1881547
1881599
1881824
1881927
1882166
1882285
1882405
1882543
1882746
1882860
1882865
1882883
1883330
1883348
1883540
1883631
1883653
1883798
1884027
1884066
1884136
1884406
1884432
1884523
1884602
1884719
1884840
1884939
1884947
1884961
1884981
1885096
1885248
1885249
1885260
1885303
1885346
1885454
1885522
1885875
1885960
1886001
1886407
1886421
1886453
1886459
1886483
1886639
1886673
1886676
1886701
1886825
1886831
1886898
1886909
1887057
1887244
1887274
1887282
1887414
1887494
1887764
1887784
1887994
1888028
1888234
1888500
1888639
1888930
1889116
1889202
1889203
1889335
1889348
1889380
1889426
1889515
1889547
1889723
1889843
1890142
1890245
1890479
1890574
1890626
1890701
1891011
1891132
1891147
1891175
1891230
1891413
1891567
1891578
1891624
1891638
1891683
1891778
1891817
1891838
1891903
1891970
1892327
1892333
1892449
1892573
1892582
1892656
1892703
1892715
1892741
1893011
1893141
1893192
1893205
1893245
1893521
1893596
1893623
1893769
1893780
1893810
1893832
1893893
1893895
1893925
1894181
1894373
1894392
1894462
1894482
1894527
1894535
1894564
1894638
1894696
1894784
1894832
1894920
1895238
1895276
1895289
1895339
1895785
1895880
1896064
1896214
1896218
1896268
1896322
1896399
1896598
1896675
1896683
1896744
1896760
1896809
1896845
1896862
1896886
1896948
1897039
1897275
1897316
1897439
1897450
1897505
1897641
1897743
1897834
1897938
1897993
1897998
1898176
1898206
1898351
1898353
1898547
1898675
1898730
1898751
1898753
1898763
1898794
1898819
1898825
1898836
1899066
1899203
1899265
1899467
1899538
1899776
1899885
1900311
1900433
1900453
1900456
1900596
1900626
1900678
1900974
1901056
1901169
1901190
1901267
1901382
1901427
1901480
1901506
1901509
1901517
1901605
1901679
1901707
1901846
1901990
1902248
1902373
1902424
1902447
1902525
1902568
1902586
1902700
1903263
1903469
1903533
1903584
1903589
1903655
1903747
1903887
1903938
1904023
1904107
1904205
1904331
1904343
1904536
1904564
1904654
1904672
1904752
1904756
1904764
1904801
1904956
1905033
1905046
1905055
1905288
1905341
1905673
1905738
1906007
1906059
1906096
1906120
1906185
1906448
1906577
1906858
1907090
1907149
1907217
1907260
1907430
1907436
1907599
1907613
1907628
1907701
1907741
1907748
1907771
1908043
1908083
1908274
1908312
1908487
1908585
1908666
1908747
1908831
1909023
1909031
1909090
1909156
1909382
1909403
1909482
1909503
1909572
1909643
1909695
1909696
1909697
1909724
1909812
1910035
1910053
1910075
1910160
1910465
1910481
1910614
1910640
1910823
1910825
1910827
1910885
1910986
1911036
1911040
1911141
1911159
1911176
1911193
1911346
1911509
1911604
1911725
1911999
1912040
1912047
1912066
1912099
1912169
1912173
1912207
1912311
1912580
1912712
1912780
1912862
1912923
1912982
1913003
1913115
1913230
1913365
1913544
1913554
1913686
1913874
1913914
1913918
1914002
1914036
1914103
1914778
1915206
1915233
1915321
1915355
1915451
1915491
1915551
1915612
1915722
1915780
1916147
1916271
1916272
1916596
1916780
1916828
1917031
1917055
1917110
1917137
1917192
1917380
1917575
1917640
1917806
1917968
1917995
1918089
1918102
1918678
1918822
1918824
1918879
1918897
1918996
1919084
1919085
1919238
1919321
1919436
1919569
1919636
1919698
1919862
1920033
1920110
1920114
1920259
1920320
1920388
1920446
1920684
1921025
1921127
1921142
1921173
1921295
1921306
1921431
1921684
1921758
1921852
1922023
1922095
1922096
1922126
1922433
1922561
1922788
1922995
1923452
1923516
1923524
1923794
1923832
1923880
1924191
1924518
1924521
1924531
1924579
1924676
1924717
1924780
1924818
1925006
1925062
1925216
1925274
1925401
1925433
1925473
1925574
1925584
1925627
1925688
1925734
1926100
1926232
1926305
1926329
1926477
1926521
1926578
1926590
1926697
1926902
1926912
1926939
1926989
1927031
1927045
1927123
1927225
1927291
1927334
1927369
1927572
1927600
1927802
1927937
1928000
1928432
1928471
1928812
1928822
1928919
1929187
1929271
1929593
1929625
1929633
1929683
1929861
1929970
1930071
1930122
1930126
1930291
1930357
1930583
1930630
1930727
1930996
1931088
1931236
1931285
1931331
1931341
1931398
1931467
1931514
1931832
1931854
1931881
1932044
1932335
1932562
1932636
1932644
1932968
1933040
1933043
1933088
1933104
1933248
1933413
1933429
1933449
1933455
1933573
1933795
1933853
1933887
1933947
1934021
1934159
1934177
1934208
1934303
1934350
1934399
1934406
1934524
1934546
1934565
1934648
1934679
1934702
1934706
1934772
1934775
1934867
1934966
1935001
1935074
1935149
1935157
1935219
1935378
1935557
1935687
1935764
1935802
1935895
1935922
1936102
1936261
1936265
1936293
1936304
1936483
1936669
1936676
1936689
1937033
1937138
1937146
1937223
1937262
1937319
1937421
1937518
1937661
1937663
1937956
1938045
1938111
1938229
1938384
1938752
1938965
1939142
1939632
1939666
1939718
1939828
1939959
1940031
1940321
1940587
1940637
1940667
1940688
1940721
1940729
1940838
1940943
1941117
1941158
1941350
1941422
1941631
1941661
1941726
1941790
1941814
1941819
1941954
1942034
1942475
1942495
1942651
1942907
1942924
1942958
1943038
1943043
1943184
1943232
1943252
1943273
1943280
1943312
1943521
1943560
1943749
1943765
1943849
1944012
1944043
1944175
1944351
1944673
1944722
1944887
1944930
1944943
1944964
1944977
1945081
1945309
1945370
1945596
1945859
1946106
1946152
1946176
1946489
1946842
1946864
1946978
1946993
1947317
1947535
1947563
1947602
1947677
1947719
1947840
1947869
1948077
1948246
1948307
1948386
1948464
1948486
1948618
1948632
1948803
1948906
1949001
1949067
1949105
1949138
1949306
1949347
1949481
1949505
1949525
1949646
1949689
1949807
1949857
1949896
1949931
1950155
1950209
1950424
1950431
1950559
1950569
1950678
1950684
1950689
1950737
1950865
1950935
1951144
1951160
1951168
1951591
1951643
1951668
1951765
1951784
1951821
1951861
1952052
1952448
1952779
1952932
1953036
1953051
1953115
1953178
1953261
1953307
1953329
1953514
1953540
1953575
1953584
1953655
1953673
1953866
1953874
1953938
1954122
1954138
1954268
1954609
1954774
1954830
1954921
1954984
1954990
1955005
1955007
1955034
1955039
1955269
1955636
1955643
1955700
1955703
1955867
1956039
1956078
1956090
1956091
1956231
1956379
1956737
1956820
1957333
1957424
1957502
1957523
1957604
1957714
1957786
1958068
1958149
1958152
1958188
1958307
1958344
1958482
1958522
1958751
1958880
1958910
1958969
1959099
1959240
1959359
1959565
1959566
1959673
1959784
1959786
1960184
1960304
1960435
1960539
1960565
1960628
1960669
1960833
1960861
1961036
1961062
1961251
1961266
1961591
1961669
1962113
1962152
1962268
1962303
1962368
1962420
1962445
1962623
1962770
1963424
1963945
1963982
1964046
1964092
1964213
1964306
1964333
1964517
1964523
1964609
1964637
1964647
1964747
1964778
1964827
1964901
1964983
1965050
1965106
1965484
1965629
1965716
1965968
1966025
1966214
1966236
1966327
1966555
1966572
1966685
1966825
1966899
1966900
1967041
1967122
1967164
1967180
1967279
1967308
1967319
1967338
1967342
1967439
1967661
1967678
1967803
1968039
1968075
1968122
1968322
1968330
1968374
1968502
1968838
1969034
1969036
1969127
1969486
1969547
1969623
1970045
1970171
1970349
1970503
1970508
1970552
1970695
1970776
1970819
1970849
1970868
1971161
1971166
1971230
1971330
1971517
1971525
1971532
1971629
1971689
1971856
1971961
1972066
1972109
1972333
1972375
1972431
1972579
1972585
1972636
1972823
1972845
1973067
1973411
1973665
1973697
1973898
1973946
1973986
1974104
1974141
1974347
1974496
1974520
1974565
1974603
1974640
1974732
1974796
1974806
1974865
1974887
1975091
1975105
1975187
1975278
1975524
1975685
1975698
1975734
1975849
1975900
1975915
1975990
1976078
1976080
1976295
1976357
1976359
1976508
1976644
1976706
1976746
1976757
1976759
1976850
1977130
1977501
1977710
1977850
1978331
1978333
1978378
1978391
1978417
1978441
1978456
1978524
1978983
1979066
1979093
1979152
1979365
1979370
1979606
1979742
1979838
1979860
1980015
1980132
1980192
1980246
1980315
1980513
1980570
1980687
1980778
1980792
1980842
1980928
1981030
1981080
1981099
1981125
1981373
1981621
1981662
1981718
1981768
1981840
1981875
1981965
1981989
1982005
1982104
1982174
1982252
1982308
1982332
1982926
1982970
1983102
1983122
1983200
1983235
1983332
1983411
1983449
1983748
1983844
1983871
1983994
1984014
1984045
1984106
1984390
1984438
1984517
1984628
1984773
1985155
1985196
1985268
1985438
1985553
1985573
1985607
1985776
1985971
1986036
1986043
1986130
1986290
1986370
1986467
1986507
1986558
1986687
1986694
1986769
1986776
1986802
1986889
1986900
1986927
1987184
1987751
1987834
1987985
1987987
1988032
1988061
1988216
1988413
1988449
1988632
1988696
1988752
1988763
1988850
1988965
1989044
1989224
1989347
1989377
1989399
1989494
1989656
1989851
1989899
1989937
1990032
1990201
1990281
1990332
1990438
1990540
1990617
1990723
1990953
1991134
1991334
1991408
1991515
1991665
1991808
1991926
1991950
1992228
1992388
1992484
1992592
1992667
1992668
1992677
1992692
1992776
1992879
1992981
1993092
1993129
1993160
1993162
1993182
1993228
1993290
1993377
1993399
1993408
1993459
1993525
1993569
1993584
1993669
1993760
1993958
1993993
1994003
1994267
1994390
1994546
1994817
1995070
1995441
1995448
1995464
1995524
1995679
1995816
1995929
1996011
1996033
1996047
1996122
1996284
1996300
1996303
1996465
1996542
1996665
1996731
1996800
1996816
1996883
1997015
1997060
1997136
1997157
1997221
1997355
1997367
1997639
1997672
1997999
1998001
1998056
1998084
1998109
1998282
1998404
1998579
1998774
1998805
1998831
1998896
1999079
1999118
1999216
1999357
1999467
1999518
1999523
1999549
1999620
1999623
1999718
1999756
1999789
1999806
1999833
2000367
2000372
2000634
2000670
2000760
2000781
2000849
2000880
2000888
2001058
2001608
2001662
2001746
2001796
2001899
2001917
2002113
2002223
2002257
2002299
2002505
2002553
2002642
2002689
2002759
2002769
2002861
2002926
2002967
2002995
2003050
2003074
2003124
2003158
2003227
2003336
2003556
2003651
2003685
2003694
2003895
2003982
2004225
2004290
2004344
2004448
2004562
2004650
2004673
2004870
2004904
2004969
2005085
2005127
2005150
2005316
2005352
2005461
2005555
2005611
2005654
2005661
2005684
2005726
2005944
2005976
2006032
2006137
2006170
2006390
2006424
2006441
2006697
2006745
2006790
2006876
2006915
2006939
2007301
2007473
2007594
2007639
2007665
2007894
2007923
2007956
2007967
2008007
2008148
2008210
2008284
2008345
2008498
2008642
2008763
2009169
2009431
2009486
2009557
2009644
2009856
2010164
2010382
2010407
2010516
2010653
2010740
2010791
2010843
2010926
2011036
2011045
2011153
2011302
2011333
2011370
2011613
2011894
2011930
2012009
2012028
2012037
2012115
2012411
2012416
2012449
2012463
2012644
2012652
2012677
2012736
2012778
2012921
2012923
2012943
2012958
2013009
2013561
2013745
2013833
2013839
2013961
2014026
2014075
2014257
2014269
2014399
2014490
2014591
2014693
2014699
2014823
2014833
2015043
2015157
2015186
2015264
2015294
2015343
2015423
2015672
2015981
2016026
2016037
2016300
2016385
2016386
2016519
2016539
2016685
2016850
2016914
2017113
2017268
2017277
2017301
2017321
2017350
2017372
2017425
2017439
2017626
2017636
2017755
2017781
2017888
2018141
2018180
2018561
2018607
2018648
2018696
2018840
2018915
2018977
2018999
2019043
2019092
2019184
2019209
2019308
2019360
2019368
2019389
2019483
2019537
2019597
2019784
2019823
2019844
2019966
2020183
2020461
2020780
2020852
2020945
2020952
2021050
2021119
2021232
2021239
2021458
2021475
2021632
2021782
2021824
2021844
2021918
2022032
2022107
2022128
2022258
2022346
2022526
2022619
2022652
2022656
2022745
2022763
2022880
2023146
2023166
2023226
2023389
2023505
2023552
2023690
2023856
2023858
2024044
2024234
2024425
2024469
2024491
2024658
2024719
2024816
2024825
2025038
2025057
2025188
2025246
2025251
2025932
2025950
2026112
2026207
2026310
2026364
2026494
2026515
2026628
2026654
2026751
2026996
2027075
2027195
2027249
2027255
2027293
2027475
2027553
2027780
2027831
2027963
2028111
2028272
2028313
2028405
2028421
2028432
2028434
2028736
2028904
2029059
2029100
2029104
2029258
2029297
2029318
2029362
2029509
2029549
2029611
2029693
2030054
2030210
2030444
2030570
2030653
2030694
2030769
2030816
2030871
2031048
2031061
2031349
2031675
2031689
2031866
2031927
2032140
2032182
2032392
2032536
2033579
2033630
2033658
2033684
2033742
2033807
2034182
2034219
2034302
2034366
2034372
2034426
2034431
2034439
2035031
2035239
2035384
2035421
2035467
2035785
2035997
2036070
2036101
2036184
2036397
2036514
2036550
2036664
2036678
2036713
2036929
2036942
2037007
2037124
2037125
2037160
2037185
2037294
2037335
2037419
2037421
2037513
2037551
2037724
2037726
2037867
2037959
2038027
2038128
2038144
2038218
2038263
2038269
2038332
2038509
2038574
2038680
2038777
2038803
2038997
2039224
2039260
2039265
2039359
2039564
2039671
2039838
2040028
2040172
2040315
2040396
2040449
2040580
2040743
2040927
2041097
2041110
2041315
2041336
2041350
2041358
2041382
2041450
2041629
2041715
2041739
2041836
2041979
2042002
2042046
2042164
2042194
2042268
2042417
2042453
2042497
2042793
2042814
2042838
2042911
2042931
2043009
2043212
2043469
2043527
2043559
2043738
2043864
2043967
2043992
2044075
2044154
2044274
2044379
2044387
2044531
2044750
2044903
2044947
2045148
2045350
2045363
2045514
2045671
2045721
2045797
2045842
2046224
2046241
2046345
2046401
2046511
2046576
2046668
2046725
2046977
2047055
2047064
2047078
2047182
2047231
2047392
2047924
2047939
2048012
2048306
2048386
2048494
2048593
2048641
2048808
2048856
2049129
2049143
2049221
2049259
2049460
2049966
2050286
2050352
2050830
2050856
2050907
2050993
2051244
2051246
2051305
2051361
2051380
2051568
2051574
2051577
2051611
2051656
2051666
2051781
2051785
2051879
2051983
2052254
2052268
2052462
2052624
2052666
2052693
2052699
2052748
2052859
2053007
2053280
2053301
2053310
2053313
2053324
2053521
2053562
2053583
2053602
2053859
2054215
2054228
2054257
2054320
2054626
2054700
2054941
2054955
2054967
2055093
2055103
2055154
2055280
2055370
2055591
2055623
2055732
2055918
2056038
2056326
2056844
2057039
2057253
2057377
2057418
2057522
2057789
2057847
2057879
2057891
2057976
2058052
2058053
2058104
2058150
2058217
2058311
2058353
2058688
2058760
2058784
2058837
2058869
2059023
2059151
2059216
2059235
2059339
2059362
2059643
2059886
2059985
2060339
2060349
2060387
2060515
2060517
2060666
2060978
2061057
2061064
2061187
2061217
2061403
2061411
2061548
2061552
2061590
2062130
2062134
2062508
2062564
2063077
2063151
2063275
2063279
2063485
2063527
2063551
2063674
2063803
2064109
2064268
2064377
2064634
2064648
2064658
2064928
2064988
2065021
2065040
2065041
2065192
2065229
2065305
2065317
2065410
2065490
2065788
2065882
2065893
2065896
2066030
2066077
2066165
2066230
2066406
2066625
2066632
2066652
2066993
2067293
2067668
2067817
2067824
2067838
2068060
2068139
2068149
2068275
2068308
2068368
2068404
2068406
2068836
2068961
2068963
2069041
2069054
2069368
2069735
2069779
2069816
2069834
2069844
2069989
2070043
2070137
2070291
2070514
2070536
2070565
2070609
2070617
2070638
2070717
2070718
2070737
2070908
2070952
2071034
2071056
2071071
2071086
2071100
2071184
2071205
2071226
2071310
2071346
2071444
2071510
2071561
2071568
2071694
2071713
2071721
2072111
2072199
2072298
2072570
2072678
2072696
2072783
2072829
2072830
2072945
2072988
2073188
2073465
2073655
2073931
2073992
2074007
2074150
2074303
2074546
2074622
2074677
2074777
2074800
2074932
2075072
2075204
2075214
2075345
2075531
2075780
2075823
2075830
2075885
2076142
2076461
2076614
2076828
2076871
2076984
2077066
2077134
2077189
2077386
2077387
2077434
2077563
2077743
2077748
2077800
2077965
2078008
2078070
2078105
2078147
2078184
2078375
2078376
2078435
2078446
2078880
2078938
2078996
2079108
2079151
2079234
2079237
2079240
2079349
2079392
2079480
2079530
2079532
2079826
2079870
2079899
2079974
2080188
2080227
2080683
2081053
2081141
2081165
2081435
2081537
2081559
2081747
2081761
2081859
2081919
2082089
2082135
2082253
2082478
2082486
2082530
2082581
2082729
2082898
2082990
2083019
2083140
2083277
2083397
2083559
2083589
2083645
2083945
2083993
2084030
2084115
2084247
2084267
2084298
2084301
2084600
2084687
2084933
2084967
2085030
2085062
2085124
2085300
2085473
2085540
2085547
2085605
2085675
2085740
2085776
2085812
2085927
2085969
2085983
2086058
2086116
2086125
2086196
2086270
2086446
2086554
2086808
2086816
2086819
2086851
2086860
2087012
2087171
2087181
2087318
2087520
2087531
2087556
2087570
2087655
2087724
2087787
2087829
2087918
2088000
2088086
2088177
2088201
2088352
2088376
2088603
2088611
2088647
2088689
2088729
2088869
2088896
2089001
2089226
2089270
2089383
2089385
2089458
2089608
2089634
2089645
2089690
2089783
2089924
2089983
2090113
2090193
2090298
2090463
2090465
2090769
2090839
2090931
2090967
2091019
2091020
2091109
2091272
2091279
2091352
2091379
2091395
2091646
2091671
2091677
2091831
2091910
2091945
2092075
2092270
2092424
2092577
2092626
2092710
2092739
2092954
2092956
2093057
2093071
2093110
2093141
2093234
2093365
2093662
2093719
2093906
2094049
2094098
2094280
2094470
2094827
2094909
2094917
2094926
2094970
2095073
2095161
2095220
2095266
2095696
2095835
2095902
2096144
2096274
2096288
2096327
2096524
2096552
2096725
2096863
2097175
2097210
2097376
2097411
2097461
2097527
2097585
2097605
2097634
2097675
2097739
2097751
2097762
2097874
2098042
2098295
2098316
2098323
2098342
2098439
2098698
2098724
2098813
2098865
2098879
2098884
2098913
2098939
2098961
2098994
2099300
2099321
2099570
2099621
2099742
2099830
2099933
2099951
2100063
2100216
2100373
2100378
2100515
2100521
2100539
2100559
2100607
2100687
2100723
2101373
2101412
2101700
2101807
2101810
2101869
2101872
2101973
2102058
2102273
2102275
2102525
2102574
2102879
2103005
2103052
2103056
2103159
2103442
2103464
2103491
2103509
2103562
2103569
2103657
2103894
2103967
2104039
2104109
2104116
2104154
2104176
2104318
2104347
2104365
2104420
2104490
2104516
2104745
2105122
2105374
2105414
2105425
2105531
2105545
2105556
2105780
2105792
2106156
2106179
2106242
2106487
2106490
2106509
2106512
2106538
2106603
2106735
2106815
2106902
2106917
2107219
2107268
2107317
2107357
2107389
2107404
2107825
2107895
2107909
2108107
2108432
2108569
2108772
2108938
2109064
2109077
2109091
2109319
2109358
2109369
2109756
2109767
2109808
2110055
2110442
2110448
2110497
2110596
2110657
2110769
2110817
2111051
2111244
2111471
2111801
2111896
2112216
2112253
2112269
2112300
2112435
2112636
2112643
2112683
2112723
2112787
2113006
2113079
2113117
2113213
2113356
2113544
2113667
2113706
2113764
2113902
2113926
2114018
2114055
2114168
2114223
2114536
2114641
2114658
2114814
2114824
2115024
2115173
2115269
2115276
2115536
2115676
2115850
2115864
2115911
2116014
2116156
2116312
2116431
2116470
2116478
2116593
2116673
2116709
2116724
2116824
2116883
2116935
2116964
2117015
2117161
2117189
2117323
2117373
2117537
2117621
2117813
2118014
2118242
2118410
2118704
2118865
2118885
2119010
2119013
2119156
2119228
2119286
2119447
2119554
2119877
2119901
2119945
2119960
2120274
2120356
2120581
2120631
2120794
2121054
2121171
2121195
2121197
2121291
2121340
2121527
2121638
2121723
2121748
2121766
2121781
2121795
2121863
2121901
2121942
2122148
2122204
2122246
2122282
2122460
2122488
2122506
2122518
2122594
2122938
2123012
2123108
2123117
2123252
2123284
2123378
2123520
2123599
2123611
2123630
2123658
2123681
2123714
2123795
2123815
2123819
2123908
2123920
2124029
2124127
2124173
2124197
2124373
2124380
2124459
2124811
2124865
2124931
2125014
2125018
2125234
2125248
2125261
2125340
2125461
2125495
2125693
2125752
2125770
2125838
2125955
2126081
2126309
2126459
2126594
2126748
2126776
2126914
2127071
2127113
2127257
2127484
2127492
2127536
2127541
2127644
2127733
2127756
2127810
2128025
2128082
2128223
2128448
2128515
2128680
2128812
2128910
2129006
2129047
2129246
2129309
2129408
2129415
2129470
2129694
2129745
2129837
2129919
2129947
2129965
2130648
2130662
2130811
2131129
2131186
2131219
2131374
2131523
2131525
2131580
2131642
2131653
2131786
2131809
2131978
2132037
2132068
2132117
2132183
2132545
2132592
2132626
2132628
2132637
2132857
2132860
2133139
2133212
2133398
2133660
2133750
2133827
2134013
2134086
2134170
2134190
2134203
2134211
2134368
2134389
2134444
2134532
2134547
2134688
2134742
2134811
2135109
2135147
2135155
2135364
2135509
2135648
2135724
2135865
2135872
2135944
2136021
2136134
2136435
2136515
2136571
2136635
2136660
2136739
2136793
2136860
2136974
2137064
2137136
2137166
2137342
2137467
2137484
2137485
2137606
2137654
2137718
2137803
2137851
2138030
2138068
2138126
2138160
2138623
2138636
2138649
2138727
2138782
2138963
2138970
2139012
2139303
2139396
2139430
2139542
2139683
2139886
2139951
2139966
2140178
2140454
2140546
2140584
2140791
2140864
2140942
2140997
2141006
2141116
2141167
2141347
2141486
2141522
2141590
2141680
2141761
2141779
2141812
2141893
2142163
2142475
2142524
2142672
2142676
2142693
2142828
2142972
2143030
2143067
2143108
2143192
2143283
2143438
2143541
2143779
2143781
2143942
2144041
2144282
2144322
2144384
2144422
2144696
2144906
2144947
2145003
2145099
2145288
2145300
2145590
2145757
2146049
2146265
2146281
2146380
2146414
2146699
2146885
2147315
2147375
2147380
2147548
2147558
2147737
2147795
2147864
2147873
2147944
2147975
2147994
2148618
2148839
2148863
2148878
2148965
2149067
2149117
2149185
2149268
2149293
2149349
2149393
2149411
2149575
2149577
2149804
2150022
2150032
2150144
2150192
2150217
2150312
2150530
2150664
2150722
2150858
2151029
2151154
2151221
2151230
2151269
2151289
2151316
2151622
2151766
2152081
2152163
2152174
2152194
2152229
2152300
2152328
2152487
2152590
2152618
2152662
2152705
2152831
2152840
2152928
2152946
2152979
2153048
2153116
2153254
2153385
2153613
2153762
2153796
2154197
2154264
2154391
2154532
2154556
2154585
2154869
2155067
2155176
2155287
2155554
2155582
2155597
2155599
2155708
2155866
2156218
2156407
2156635
2156665
2156692
2157125
2157127
2157128
2157211
2157249
2157358
2157551
2157774
2157799
2157917
2157941
2157972
2158055
2158309
2158342
2158424
2158480
2158535
2158655
2158793
2158820
2158821
2158861
2158895
2158910
2159296
2159324
2159406
2159409
2159431
2159681
2159771
2159785
2160095
2160256
2160268
2160301
2160522
2160547
2160572
2160647
2160671
2160759
2160780
2160863
2160910
2160922
2161228
2161310
2161486
2161567
2161601
2161896
2161939
2162092
2162291
2162294
2162592
2162633
2162792
2163039
2163059
2163113
2163119
2163202
2163205
2163280
2163373
2163384
2163656
2163680
2163704
2163808
2163810
2164077
2164128
2164275
2164409
2164437
2164466
2164497
2164649
2164823
2164838
2165031
2165069
2165092
2165134
2165246
2165375
2165641
2165671
2165683
2165696
2165952
2165979
2166017
2166021
2166112
2166120
2166131
2166175
2166224
2166245
2166255
2166272
2166473
2166888
2166912
2166959
2167002
2167092
2167147
2167164
2167306
2167403
2167417
2167647
2167692
2167783
2167833
2167847
2168155
2168537
2168558
2168586
2168631
2168705
2168728
2168774
2168776
2168859
2168982
2168995
2169148
2169169
2169210
2169442
2169448
2169618
2169633
2169803
2170018
2170052
2170208
2170234
2170343
2170345
2170484
2170618
2170829
2170851
2170885
2170910
2170927
2171030
2171050
2171061
2171091
2171186
2171259
2171603
2171641
2171668
2171713
2171721
2171746
2171787
2171845
2171923
2172155
2172501
2172636
2172650
2172863
2172956
2173035
2173052
2173068
2173075
2173084
2173200
2173445
2173733
2173902
2173911
2173930
2173934
2174003
2174012
2174165
2174247
2174715
2174892
2175068
2175279
2175305
2175338
2175339
2175428
2175532
2175560
2175593
2175609
2175781
2175782
2175832
2175931
2175978
2175984
2176043
2176057
2176253
2176301
2176304
2176323
2176329
2176331
2176466
2176537
2176585
2176603
2176793
2177013
2177054
2177067
2177206
2177230
2177410
2177478
2177509
2177660
2178007
2178156
2178180
2178238
2178324
2178447
2178552
2178636
2178699
2178748
2179002
2179056
2179255
2179311
2179501
2179552
2179613
2180238
2180326
2180346
2180466
2180481
2180519
2180562
2180638
2180797
2180936
2181291
2181302
2181312
2181371
2181377
2181489
2181735
2181754
2181932
2181991
2182126
2182203
2182235
2182383
2182420
2182493
2182549
2182577
2182595
2182669
2182713
2182835
2182846
2182925
2183519
2183628
2183638
2183652
2183655
2183781
2183800
2183898
2184044
2184109
2184163
2184190
2184265
2184292
2184324
2184717
2184791
2185115
2185289
2185390
2185426
2185431
2185515
2185535
2185617
2185762
2185924
2186009
2186319
2186373
2186410
2186426
2186599
2186662
2186708
2186753
2186939
2186983
2187263
2187357
2187552
2187585
2187591
2187783
2187968
2188001
2188088
2188165
2188260
2188536
2188703
2188792
2188879
2189082
2189266
2189347
2189454
2189486
2189606
2189627
2189712
2189930
2190062
2190168
2190358
2190441
2190585
2190694
2190728
2190779
2190781
2190812
2190879
2190909
2190938
2191008
2191133
2191322
2191433
2191454
2191456
2191497
2191667
2191688
2191717
2191718
2191751
2191809
2191824
2192071
2192226
2192321
2192323
2192585
2192702
2193054
2193162
2193251
2193550
2193642
2193766
2193799
2193873
2194037
2194103
2194105
2194275
2194298
2194377
2194670
2195004
2195057
2195073
2195138
2195170
2195200
2195222
2195324
2195356
2195580
2195672
2195691
2195762
2195831
2195875
2195928
2196331
2196338
2196375
2196417
2196424
2196487
2196673
2196796
2196811
2196843
2197145
2197195
2197257
2197381
2197648
2197813
2197992
2198311
2198358
2198468
2198508
2198531
2198549
2198569
2198745
2198772
2198852
2199272
2199297
2199301
2199411
2199415
2199489
2199516
2199569
2199744
2199803
2200201
2200245
2200313
2200324
2200362
2200365
2200383
2200737
2200770
2200826
2201027
2201159
2201185
2201261
2201385
2201431
2201481
2201515
2201854
2201893
2201939
2201982
2202151
2202179
2202226
2202455
2202487
2202567
2202575
2202631
2202700
2202809
2202845
2202848
2202874
2203121
2203235
2203271
2203324
2203330
2203369
2203428
2203693
2203714
2203840
2203894
2204027
2204095
2204156
2204158
2204600
2204622
2204625
2204825
2204868
2205027
2205045
2205190
2205325
2205360
2205380
2205801
2205994
2206104
2206149
2206294
2206325
2206392
2206496
2206555
2206772
2206803
2206854
2207000
2207107
2207424
2207895
2207925
2208004
2208438
2208940
2209031
2209047
2209318
2209464
2209684
2209780
2209795
2209849
2210010
2210086
2210213
2210483
2211025
2211087
2211466
2211679
2211702
2211743
2211849
2212032
2212164
2212174
2212233
2212278
2212422
2212526
2212558
2212608
2212692
2212716
2212776
2212787
2212953
2213033
2213252
2213268
2213372
2213375
2213448
2213617
2213982
2214056
2214135
2214526
2214527
2214612
2214772
2214811
2214830
2215026
2215067
2215109
2215188
2215343
2215367
2215492
2215531
2215552
2215583
2215943
2216032
2216098
2216208
2216280
2216324
2216371
2216388
2216602
2216608
2216665
2216929
2216959
2217086
2217136
2217156
2217255
2217394
2217401
2217488
2217511
2217588
2217596
2217800
2217839
2217853
2217856
2218012
2218021
2218038
2218045
2218050
2218055
2218064
2218133
2218178
2218253
2218337
2218390
2218576
2218785
2218905
2219052
2219172
2219184
2219217
2219229
2219328
2219403
2219663
2219925
2219943
2220007
2220387
2220514
2220531
2220600
2220667
2220874
2220903
2220935
2220951
2221128
2221263
2221361
2221369
2221371
2221776
2221822
2221884
2221945
2222196
2222201
2222230
2222273
2222419
2222497
2222764
2223034
2223132
2223206
2223723
2223843
2224176
2224210
2224558
2224654
2224706
2224826
2224896
2224911
2224990
2225087
2225171
2225370
2225397
2225442
2225549
2225576
2225654
2225803
2225989
2226338
2226373
2226402
2226433
2226672
2227135
2227320
2227673
2227705
2227732
2227838
2227864
2228078
2228238
2228241
2228369
2228588
2228843
2228856
2228953
2228991
2229143
2229190
2229319
2229511
2229632
2229668
2229697
2229715
2229716
2229784
2229854
2229983
2230252
2230254
2230294
2230301
2230315
2230326
2230376
2230379
2230473
2230976
2231060
2231261
2231331
2231356
2231377
2231458
2231658
2231735
2232043
2232208
2232330
2232491
2232540
2232555
2232632
2232733
2232803
2232826
2232908
2233076
2233085
2233197
2233424
2233551
2233644
2233730
2233832
2233908
2234085
2234151
2234243
2234255
2234397
2234478
2234525
2234591
2234651
2234700
2234718
2234986
2235006
2235024
2235129
2235188
2235278
2235342
2235442
2235659
2235745
2235829
2235873
2236002
2236139
2236218
2236270
2236301
2236358
2236387
2236405
2236413
2236463
2236530
2236635
2236691
2236847
2236957
2237001
2237094
2237234
2237302
2237407
2237488
2237509
2237621
2237658
2237800
2237856
2238020
2238050
2238112
2238161
2238244
2238281
2238288
2238575
2238635
2238889
2238915
2238974
2238980
2239081
2239482
2239564
2239887
2240122
2240403
2240650
2240990
2241016
2241047
2241201
2241277
2241428
2241438
2241628
2241752
2241764
2241808
2242089
2242104
2242248
2242251
2242338
2242369
2242454
2242604
2242635
2242768
2242833
2242943
2242944
2243017
2243488
2243530
2243548
2243720
2243847
2243853
2243856
2243900
2243992
2244038
2244152
2244210
2244274
2244344
2244421
2244426
2244444
2244506
2244666
2244714
2244751
2244844
2244926
2245041
2245043
2245119
2245139
2245193
2245237
2245251
2245321
2245362
2245502
2245553
2245653
2245708
2245783
2245920
2246362
2246437
2246703
2246942
2247229
2247289
2247319
2247570
2247730
2247775
2247792
2248030
2248131
2248199
2248253
2248352
2248401
2248434
2248509
2248563
2248618
2248621
2248761
2248838
2248844
2249048
2249180
2249378
2249451
2249517
2249629
2249722
2249782
2249836
2249933
2249971
2250402
2250455
2250838
2250895
2250898
2250905
2251218
2251238
2251273
2251296
2251362
2251571
2251803
2252034
2252288
2252316
2252326
2252567
2252656
2252848
2253087
2253295
2253698
2253844
2253858
2253949
2253973
2254032
2254310
2254418
2254493
2254522
2254692
2254712
2254753
2254780
2254894
2254952
2255072
2255155
2255196
2255682
2255697
2255810
2255862
2255888
2255911
2256087
2256096
2256285
2256346
2256370
2256399
2256433
2256477
2256595
2256766
2257156
2257242
2257287
2257372
2257399
2257402
2257592
2257802
2257937
2257999
2258005
2258567
2258590
2258666
2258667
2258889
2258917
2258951
2258965
2258981
2259232
2259274
2259275
2259420
2259627
2259637
2259641
2259829
2259865
2259895
2259928
2259946
2259981
2260001
2260107
2260155
2260326
2260370
2260446
2260558
2260567
2260663
2260672
2260728
2260960
2261145
2261323
2261370
2261471
2261504
2261809
2261972
2261998
2262009
2262030
2262279
2262289
2262400
2262464
2262540
2262607
2262609
2262721
2262936
2262945
2263110
2263118
2263225
2263241
2263439
2263483
2263549
2263613
2263648
2263801
2264020
2264032
2264104
2264171
2264184
2264195
2264300
2264360
2264392
2264499
2264514
2264582
2264615
2264699
2264721
2264847
2264855
2265068
2265088
2265096
2265122
2265265
2265487
2265514
2265580
2265612
2265662
2265767
2266067
2266147
2266490
2266593
2266835
2266858
2266892
2266941
2267007
2267010
2267273
2267286
2267313
2267467
2267714
2267738
2267834
2267859
2267869
2267935
2268132
2268310
2268328
2268330
2268393
2268456
2268552
2268675
2268735
2269308
2269377
2269474
2269531
2269726
2269835
2269906
2270005
2270049
2270134
2270184
2270259
2270343
2270422
2270613
2270674
2270710
2270731
2270779
2270832
2270991
2271023
2271063
2271163
2271204
2271405
2271586
2271590
2271832
2271991
2272057
2272187
2272322
2272336
2272400
2272513
2272775
2272816
2272860
2272995
2273191
2273234
2273423
2273511
2273516
2273558
2273579
2273763
2273920
2274045
2274122
2274516
2274802
2275003
2275078
2275108
2275181
2275404
2275483
2275805
2275945
2276009
2276072
2276112
2276205
2276345
2276504
2276506
2276585
2276598
2276710
2276795
2276957
2277184
2277289
2277307
2277316
2277334
2277637
2277725
2277744
2277902
2278529
2278762
2278810
2278814
2279060
2279064
2279099
2279184
2279352
2279452
2279465
2279508
2279544
2279619
2279727
2279907
2279924
2280003
2280081
2280136
2280151
2280194
2280252
2280281
2280377
2280380
2280538
2280545
2280628
2280641
2280716
2280898
2280986
2281054
2281254
2281423
2281473
2281475
2281628
2281767
2281819
2281863
2281891
2282081
2282160
2282271
2282281
2282305
2282331
2282475
2282566
2282808
2282846
2282881
2282997
2283030
2283098
2283112
2283162
2283254
2283277
2283386
2283438
2283445
2283595
2283802
2283839
2283851
2284259
2284559
2284592
2284625
2284654
2284660
2284925
2285001
2285025
2285127
2285251
2285351
2285443
2285477
2285578
2285609
2285697
2285743
2285816
2285819
2286030
2286037
2286210
2286237
2286551
2286618
2286653
2286663
2286679
2286893
2287000
2287038
2287065
2287075
2287079
2287102
2287186
2287219
2287235
2287359
2287452
2287549
2287562
2287634
2287709
2287797
2287867
2288010
2288036
2288180
2288207
2288217
2288312
2288518
2288622
2288636
2288678
2288696
2288798
2288810
2288827
2288841
2288861
2289028
2289078
2289092
2289197
2289280
2289308
2289501
2289521
2289525
2289578
2289860
2289963
2290005
2290063
2290080
2290190
2290209
2290375
2290410
2290620
2290699
2290899
2291095
2291176
2291286
2291929
2291947
2292070
2292226
2292234
2292242
2292271
2292330
2292514
2292536
2292850
2292983
2293416
2293446
2293456
2293505
2293549
2293662
2293797
2293904
2293944
2294004
2294094
2294492
2294539
2294557
2294750
2294935
2294940
2295192
2295293
2295498
2295729
2295796
2295894
2295955
2295966
2296015
2296100
2296227
2296233
2296354
2296512
2296568
2296722
2296843
2296866
2297116
2297118
2297359
2297400
2297570
2297573
2298034
2298133
2298179
2298181
2298253
2298431
2298711
2298744
2299079
2299135
2299285
2299311
2299369
2299374
2299385
2299406
2299413
2299466
2299569
2299701
2299722
2299835
2299995
2300002
2300018
2300045
2300119
2300342
2300453
2300482
2300516
2300560
2300574
2300793
2300905
2300930
2301144
2301182
2301262
2301296
2301504
2301813
2301983
2302086
2302161
2302257
2302283
2302344
2302494
2302503
2302533
2302590
2302646
2302947
2303243
2303533
2303563
2303646
2303843
2303944
2303967
2304020
2304122
2304130
2304264
2304291
2304419
2304446
2304627
2304748
2304817
2304892
2304945
2304989
2305072
2305095
2305274
2305427
2305483
2305580
2305702
2305833
2305897
2305934
2305997
2306215
2306254
2306525
2306657
2306754
2306845
2306902
2306909
2307043
2307053
2307189
2307267
2307307
2307402
2307558
2307604
2307606
2307683
2307802
2307891
2307972
2307991
2308214
2308267
2308391
2308398
2308546
2308548
2309002
2309137
2309316
2309328
2309371
2309686
2309763
2309853
2309970
2309985
2309997
2310207
2310381
2310425
2310657
2310802
2310815
2310952
2310998
2311125
2311411
2311599
2311638
2311956
2311983
2312091
2312444
2312687
2312976
2313025
2313269
2313291
2313476
2313543
2313637
2313754
2313935
2313954
2313961
2314076
2314093
2314169
2314240
2314287
2314525
2314777
2314814
2314887
2314895
2315092
2315205
2315303
2315402
2315450
2315598
2315611
2315681
2315816
2315968
2316028
2316037
2316421
2316426
2316551
2316805
2316831
2317017
2317185
2317215
2317297
2317498
2317532
2317566
2317662
2317912
2317955
2318020
2318073
2318387
2318404
2318448
2318692
2318855
2319043
2319052
2319203
2319247
2319281
2319286
2319376
2319411
2319696
2320066
2320213
2320283
2320316
2320335
2320363
2320364
2320438
2320447
2320543
2320574
2320798
2320810
2320869
2320875
2320932
2320939
2321022
2321031
2321253
2321944
2322089
2322188
2322352
2322438
2322774
2322787
2323014
2323027
2323045
2323166
2323273
2323317
2323439
2323851
2323944
2324232
2324234
2324494
2324515
2324870
2324986
2325035
2325092
2325195
2325220
2325284
2325450
2325536
2326225
2326296
2326541
2326583
2326889
2326947
2326986
2327003
2327065
2327100
2327141
2327219
2327354
2327589
2327652
2327994
2328178
2328689
2328920
2329006
2329040
2329145
2329162
2329543
2329572
2329827
2329888
2330138
2330400
2330698
2330868
2330922
2330928
2331000
2331011
2331013
2331016
2331136
2331962
2332235
2332488
2332758
2332770
2332847
2332931
2332954
2332960
2333168
2333310
2333416
2333482
2333551
2333614
2333708
2333738
2333797
2333934
2334092
2334240
2334255
2334348
2334463
2334515
2334536
2334729
2334793
2334802
2334841
2334857
2334954
2335017
2335127
2335269
2335276
2335299
2335581
2335594
2335640
2335822
2335847
2335852
2335895
2335979
2336171
2336232
2336384
2336602
2336659
2336729
2336745
2336758
2336879
2336893
2336942
2337018
2337044
2337191
2337209
2337306
2337311
2337428
2337453
2337456
2337547
2337647
2337740
2337891
2337972
2338208
2338254
2338340
2338343
2338526
2338671
2338729
2338767
2338841
2338861
2338875
2339043
2339137
2339145
2339168
2339211
2339448
2339825
2339883
2340081
2340253
2340633
2340677
2340686
2340821
2340838
2340845
2340849
2340851
2340985
2340992
2341043
2341119
2341686
2342092
2342099
2342367
2342447
2342448
2342958
2343063
2343144
2343219
2343277
2343555
2343733
2343827
2343834
2344185
2344268
2344292
2344373
2344417
2344582
2344593
2344772
2344824
2344858
2344871
2344947
2345231
2345291
2345333
2345338
2345555
2345639
2345664
2345881
2346170
2346249
2346252
2346324
2346336
2346361
2346478
2346683
2346688
2346713
2346935
2346941
2346953
2346968
2347007
2347047
2347418
2347525
2347633
2347864
2348053
2348138
2348594
2349096
2349226
2349369
2349395
2349561
2349633
2349696
2349809
2350175
2350209
2350275
2350306
2350320
2350345
2350347
2350416
2350440
2350486
2350623
2350970
2350992
2351072
2351301
2351328
2351451
2351663
2351727
2351736
2351807
2351833
2351869
2351917
2352178
2352247
2352312
2352344
2352550
2352964
2352981
2353700
2353750
2353918
2354150
2354167
2354310
2354321
2354334
2354352
2354401
2354427
2354451
2354604
2354630
2354720
2354758
2354917
2355108
2355220
2355285
2355376
2355499
2355577
2355616
2355676
2355700
2355721
2355775
2355860
2355911
2356194
2356241
2356370
2356373
2356446
2356570
2356648
2356681
2356729
2356889
2356904
2356967
2357202
2357366
2357669
2357684
2357784
2358009
2358089
2358179
2358290
2358421
2358441
2358493
2358514
2358801
2358912
2358929
2359260
2359461
2359614
2359644
2359683
2359722
2359741
2359901
2359910
2359998
2360001
2360056
2360285
2360309
2360313
2360758
2360804
2360964
2360974
2360981
2360983
2361035
2361112
2361196
2361314
2361349
2361439
2361486
2361488
2361508
2361532
2361603
2361834
2361840
2361847
2361908
2362087
2362125
2362268
2362343
2362524
2362534
2362650
2362738
2363091
2363239
2363410
2363503
2363525
2363662
2363686
2363818
2363908
2363962
2364026
2364121
2364157
2364165
2364170
2364292
2364415
2364571
2364669
2364932
2364999
2365510
2365632
2365715
2365773
2365814
2365824
2366061
2366064
2366142
2366232
2366473
2366481
2366570
2366629
2366653
2366717
2366870
2367117
2367152
2367271
2367282
2367521
2367703
2367785
2367849
2367854
2367978
2368012
2368028
2368244
2368306
2368352
2368486
2368502
2368543
2368598
2369174
2369233
2369361
2369392
2369551
2369701
2369742
2369942
2369963
2369984
2370122
2370136
2370172
2370253
2370308
2370378
2370404
2370488
2370606
2370635
2370723
2371055
2371091
2371125
2371655
2371721
2371747
2371917
2371966
2372008
2372020
2372361
2372380
2372475
2372500
2372535
2372554
2372651
2372663
2372978
2373168
2373262
2373621
2373720
2373730
2373845
2373947
2374022
2374066
2374316
2374927
2374947
2374984
2375196
2375240
2375475
2375544
2375553
2375965
2375999
2376023
2376030
2376343
2376423
2376509
2376964
2377067
2377076
2377203
2377237
2377715
2377805
2378125
2378333
2378383
2378551
2378617
2378710
2378744
2378840
2378901
2379434
2379446
2379508
2379639
2379645
2379774
2379928
2379953
2379996
2380163
2380405
2380576
2380648
2380867
2380918
2381362
2381394
2381687
2381788
2382005
2382295
2382355
2382399
2382420
2382694
2382882
2382987
2383041
2383156
2383209
2383246
2383390
2383613
2383744
2383810
2383859
2383958
2383986
2384012
2384058
2384199
2384298
2384681
2384729
2384785
2384803
2385101
2385337
2385409
2385421
2385650
2385690
2386302
2386326
2386511
2386632
2386635
2386852
2386982
2387105
2387191
2387934
2388003
2388335
2388404
2388513
2388532
2388554
2388661
2388826
2389056
2389124
2389205
2389246
2389262
2389276
2389382
2389424
2389562
2389603
2389637
2389657
2389778
2389915
2390174
2390298
2390505
2390608
2390735
2390770
2390856
2390939
2390972
2390999
2391056
2391242
2391394
2391414
2391480
2391495
2391550
2391581
2391698
2392367
2392565
2392962
2392965
2393119
2393140
2393171
2393234
2393377
2393453
2393569
2393817
2393863
2393991
2394067
2394164
2394269
2394285
2394498
2394505
2394581
2394647
2394682
2394790
2394840
2394846
2394900
2395016
2395053
2395089
2395176
2395232
2395300
2395333
2395497
2395501
2395658
2395695
2395718
2395750
2395763
2395784
2395810
2396016
2396363
2396390
2396399
2396516
2396716
2396767
2396846
2397046
2397129
2397152
2397242
2397455
2397519
2397614
2397624
2397660
2397920
2398147
2398245
2398285
2398383
2398494
2398504
2398766
2398837
2399037
2399245
2399261
2399454
2399479
2399491
2399647
2399694
2399756
2399789
2399844
2399920
2399972
2400079
2400186
2400194
2400198
2400351
2400446
2400510
2400524
2400589
2400621
2400657
2400673
2400717
2400758
2400977
2401001
2401038
2401040
2401053
2401139
2401341
2401371
2401723
2401792
2401865
2401981
2402101
2402122
2402154
2402206
2402210
2402225
2402260
2402451
2402530
2402614
2403080
2403354
2403435
2403684
2403694
2403725
2403768
2403832
2404000
2404041
2404107
2404207
2404316
2404797
2404901
2405218
2405344
2405434
2405479
2405489
2405545
2405560
2405693
2405704
2405795
2406182
2406201
2406231
2406250
2406273
2406329
2406527
2406876
2406894
2406962
2406981
2407073
2407204
2407253
2407272
2407385
2407459
2407496
2407620
2407685
2407704
2407793
2407875
2407941
2408014
2408083
2408140
2408211
2408221
2408264
2408331
2408435
2408459
2408705
2408870
2408873
2408941
2409129
2409266
2409271
2409281
2409367
2409399
2409506
2409546
2409582
2409607
2409688
2409834
2409903
2410052
2410113
2410212
2410412
2410588
2410710
2410906
2411061
2411328
2411479
2411602
2411779
2412008
2412009
2412070
2412266
2413028
2413323
2413400
2413703
2413867
2413890
2414093
2414199
2414340
2414379
2414483
2414520
2414564
2414656
2414894
2415052
2415115
2415125
2415222
2415319
2415526
2415654
2415705
2415823
2415850
2415910
2415973
2416129
2416205
2416355
2416420
2416490
2416925
2416996
2417075
2417130
2417443
2417544
2417611
2417615
2417621
2417673
2417958
2417969
2418019
2418064
2418180
2418298
2418414
2418464
2418474
2418504
2418542
2418671
2418698
2419002
2419077
2419218
2419265
2419357
2419389
2419410
2419517
2419532
2419574
2419878
2419887
2419896
2419968
2419998
2420003
2420076
2420248
2420265
2420372
2420721
2420779
2420881
2421075
2421095
2421266
2421299
2421406
2421521
2421659
2421807
2421899
2422026
2422040
2422085
2422358
2422373
2422673
2422709
2422735
2422743
2422768
2422969
2422989
2423146
2423308
2423310
2424001
2424028
2424045
2424084
2424134
2424244
2424300
2424441
2424493
2424753
2424921
2425039
2425066
2425393
2425571
2425629
2425644
2425718
2425740
2425742
2425744
2425847
2425867
2425930
2425936
2426216
2426539
2426554
2426580
2426600
2426939
2426945
2427027
2427452
2427460
2427504
2427606
2427702
2427781
2427952
2428086
2428132
2428192
2428250
2428317
2428332
2428364
2428380
2428853
2428874
2428918
2429015
2429250
2429261
2429439
2429545
2429600
2429676
2429690
2429804
2429881
2429961
2429964
2430008
2430261
2430615
2430914
2430952
2430959
2431154
2431213
2431264
2431328
2431466
2431467
2431803
2431961
2432121
2432191
2432332
2432540
2432838
2432861
2432969
2433118
2433269
2433360
2433430
2433543
2433666
2433681
2433757
2434207
2434257
2434286
2434446
2434522
2434669
2434760
2434829
2434902
2435091
2435524
2435678
2435730
2435810
2435897
2435899
2435966
2436113
2436128
2436230
2436238
2436343
2436456
2436783
2436875
2437121
2437253
2437259
2437669
2437727
2437879
2437953
2437979
2438345
2438523
2438530
2438695
2438821
2438854
2438904
2438909
2438916
2438943
2438989
2439160
2439189
2439547
2439564
2439801
2439858
2440312
2440618
2440656
2440730
2440810
2440952
2441002
2441029
2441064
2441097
2441154
2441251
2441354
2441460
2441499
2441559
2441662
2441821
2441968
2442085
2442111
2442159
2442198
2442357
2442616
2442651
2442780
2442827
2442978
2442996
2443052
2443078
2443093
2443128
2443152
2443260
2443766
2443782
2443852
2443982
2444515
2445036
2445046
2445330
2445512
2445839
2445969
2446147
2446208
2446245
2446268
2446345
2446457
2446506
2446598
2446641
2446901
2446936
2447237
2447289
2447363
2447421
2447435
2447488
2447493
2447541
2447574
2447590
2447625
2447827
2447854
2447945
2448141
2448208
2448217
2448274
2448287
2448292
2448329
2448491
2448606
2448626
2448630
2448837
2449034
2449092
2449152
2449167
2449198
2449248
2449552
2449698
2449831
2450119
2450535
2450609
2450658
2450732
2450750
2450935
2450971
2451035
2451289
2451359
2451472
2451563
2451697
2451738
2452302
2452324
2452353
2452362
2452404
2452552
2452698
2452756
2452929
2453007
2453015
2453055
2453122
2453441
2453517
2453551
2453601
2454300
2454327
2454333
2454509
2454561
2454735
2454836
2455029
2455335
2455517
2456042
2456193
2456246
2456365
2456560
2456719
2456751
2456924
2456944
2457018
2457122
2457123
2457239
2457374
2457484
2457883
2457951
2457968
2458017
2458102
2458197
2458270
2458420
2458531
2458579
2458720
2458767
2458899
2458908
2458982
2459288
2459386
2459668
2459810
2460069
2460081
2460091
2460104
2460695
2460820
2460908
2461141
2461173
2461426
2461657
2461751
2461796
2462088
2462106
2462331
2462336
2462374
2462541
2462616
2462674
2462693
2462735
2462753
2462770
2462784
2462887
2462894
2462911
2463111
2463697
2463930
2464094
2464105
2464348
2464713
2464744
2464762
2464838
2464855
2464868
2464994
2465087
2465141
2465159
2465241
2465288
2465289
2465333
2465604
2465670
2465770
2465825
2466194
2466360
2466489
2466533
2466732
2466857
2466986
2467165
2467200
2467289
2467392
2467429
2467565
2467661
2467817
2467828
2467850
2468182
2468312
2468457
2468554
2468557
2468693
2468744
2468773
2468783
2468847
2468852
2468871
2468923
2468942
2469108
2469237
2469759
2469845
2469930
2469956
2470238
2470418
2470740
2470804
2470979
2471181
2471215
2471261
2471291
2471307
2471378
2471454
2471461
2471673
2471779
2471901
2472293
2472338
2472357
2472441
2472459
2472518
2472688
2472879
2472917
2473012
2473020
2473043
2473089
2473105
2473180
2473232
2473377
2473398
2473557
2473604
2473834
2473867
2474010
2474143
2474339
2474955
2474981
2475036
2475095
2475097
2475113
2475328
2475352
2475534
2475562
2475588
2475836
2475929
2476016
2476242
2476397
2476467
2476578
2476904
2477065
2477087
2477100
2477130
2477136
2477315
2477362
2477514
2477696
2477882
2477902
2477924
2477962
2478173
2478204
2478446
2478506
2478547
2478831
2478918
2478922
2478965
2479018
2479035
2479046
2479121
2479242
2479266
2479469
2479481
2479532
2479621
2479760
2479843
2479847
2479888
2479917
2480009
2480023
2480151
2480201
2480366
2480453
2480488
2480597
2480821
2480847
2480950
2480967
2481034
2481104
2481366
2481479
2481480
2481502
2481527
2481689
2481743
2481837
2481945
2482035
2482097
2482681
2483051
2483167
2483233
2483295
2483320
2483527
2483547
2483607
2483803
2483852
2483906
2483923
2484022
2484044
2484073
2484164
2484185
2484402
2484530
2484546
2484568
2484652
2484690
2484742
2484756
2484894
2485045
2485285
2485320
2485460
2485504
2485654
2485660
2485676
2485753
2485838
2485928
2485957
2485982
2485999
2486289
2486363
2486435
2486475
2486561
2486592
2486827
2486941
2486981
2487012
2487128
2487159
2487374
2487486
2487487
2487514
2487574
2487651
2487688
2487735
2487795
2487856
2488048
2488161
2488380
2488618
2488661
2488819
2488858
2489125
2489157
2489181
2489368
2489405
2489462
2489486
2489494
2489528
2489803
2489819
2489881
2489961
2489997
2490153
2490498
2490792
2490813
2490912
2490936
2490970
2491134
2491271
2491354
2491491
2491532
2491566
2491587
2491723
2491729
2491766
2491814
2491869
2492003
2492029
2492101
2492195
2492331
2492631
2492684
2492688
2492866
2492871
2492962
2493273
2493396
2493403
2493826
2494044
2494142
2494189
2494482
2494835
2495530
2495574
2495825
2496148
2496272
2496454
2496459
2496627
2496682
2496757
2497129
2497174
2497193
2497217
2497221
2497315
2497349
2497474
2498013
2498091
2498160
2498286
2498336
2498414
2498566
2498728
2498809
2499273
2499518
2499572
2499705
2499986
2500332
2500336
2500480
2500541
2500707
2500782
2500939
2500973
2501104
2501215
2501217
2501287
2501419
2501436
2501576
2501658
2501954
2502058
2502101
2502305
2502395
2502519
2502881
2502917
2503091
2503108
2503111
2503221
2503348
2503388
2503617
2503674
2503864
2503911
2504160
2504166
2504500
2504555
2504601
2504634
2504673
2504815
2504933
2505242
2505323
2505346
2505620
2505878
2506143
2506169
2506227
2506285
2506576
2506681
2506728
2506894
2506991
2507051
2507193
2507216
2507240
2507380
2507647
2507870
2507944
2508002
2508045
2508288
2508292
2508658
2508681
2508754
2508766
2508875
2509217
2509268
2509455
2509499
2509502
2509583
2509639
2509654
2509794
2509822
2509855
2510107
2510123
2510126
2510155
2510228
2510282
2510442
2510756
2510776
2510829
2510908
2510918
2510967
2510975
2510977
2511040
2511233
2511335
2511723
2511757
2511935
2512037
2512087
2512217
2512296
2512435
2512502
2512522
2512628
2512842
2512878
2512924
2513020
2513121
2513188
2513217
2513391
2513564
2513654
2513904
2513967
2514070
2514124
2514207
2514232
2514278
2514397
2514823
2515132
2515176
2515190
2515273
2515533
2515693
2515761
2515917
2516136
2516445
2516611
2516672
2516688
2516692
2517044
2517493
2517621
2517669
2517783
2517806
2517825
2517950
2518170
2518229
2518327
2518413
2518762
2518908
2519498
2519499
2519578
2519625
2519702
2519780
2519803
2519804
2519867
2519928
2519995
2520074
2520296
2520682
2520781
2520825
2520846
2520898
2521059
2521064
2521167
2521189
2521267
2521313
2521488
2521551
2521627
2521749
2521751
2521770
2521882
2522053
2522296
2522297
2522444
2522451
2522544
2522647
2522785
2522928
2523091
2523155
2523210
2523244
2523275
2523310
2523428
2523480
2523576
2523582
2523603
2523716
2523820
2524033
2524122
2524247
2524588
2524592
2524800
2524868
2524907
2525001
2525047
2525098
2525260
2525327
2525338
2525564
2525712
2525725
2525857
2525970
2526203
2526249
2526355
2526390
2526436
2526491
2526720
2526724
2526745
2526968
2527046
2527072
2527303
2527339
2527394
2527426
2527642
2527723
2527770
2527951
2528176
2528385
2528537
2528562
2528615
2528616
2528703
2528706
2528862
2529187
2529225
2529352
2529365
2529392
2529470
2529483
2529563
2529583
2529707
2529711
2529905
2529994
2530112
2530160
2530171
2530223
2530320
2530336
2530370
2530408
2530416
2530550
2530596
2530759
2530914
2531173
2531188
2531255
2531424
2531664
2531667
2531688
2531838
2531856
2531909
2532215
2532400
2532481
2532611
2532630
2532824
2532902
2532940
2533170
2533177
2533260
2533432
2533437
2533756
2533762
2533931
2534125
2534130
2534150
2534153
2534219
2534389
2534443
2534519
2534584
2534638
2534819
2534824
2534829
2534961
2535509
2535551
2535572
2535584
2535626
2535659
2535710
2536169
2536184
2536207
2536221
2536222
2536391
2536405
2536466
2536527
2536682
2536781
2536966
2537063
2537125
2537216
2537343
2537560
2537756
2537876
2537920
2537989
2538385
2538537
2538758
2538932
2539119
2539378
2539501
2539517
2539604
2540047
2540123
2540298
2540654
2540700
2540746
2540775
2540962
2541261
2541423
2541528
2541593
2541748
2541847
2541893
2541912
2541934
2542110
2542129
2542193
2542231
2542424
2542494
2542792
2542834
2543056
2543251
2543344
2543364
2543615
2543627
2543678
2544004
2544171
2544231
2544239
2544628
2544687
2544836
2544890
2545015
2545017
2545134
2545581
2545769
2545874
2545985
2546531
2546534
2546549
2546569
2546779
2546849
2547048
2547105
2547164
2547479
2547832
2547919
2548034
2548237
2548399
2548584
2548585
2548613
2548806
2548811
2548904
2548969
2549193
2549436
2549472
2549682
2549891
2549989
2550385
2550436
2550448
2550475
2550532
2550560
2550584
2550616
2550910
2551023
2551044
2551415
2551478
2551480
2551529
2551593
2551645
2551845
2551888
2551955
2552010
2552106
2552396
2552451
2552649
2552894
2553103
2553127
2553458
2553669
2553790
2553903
2553911
2553946
2553953
2554171
2554656
2554689
2554732
2554759
2554830
2554882
2554927
2555264
2555379
2555474
2555665
2555772
2555838
2555860
2555944
2556208
2556217
2556519
2556658
2556771
2556806
2556911
2557221
2557345
2557384
2557501
2557506
2557579
2557859
2558111
2558228
2558271
2558292
2558311
2558421
2558663
2558907
2558984
2559161
2559214
2559216
2559241
2559569
2559733
2559765
2560106
2560135
2560188
2560203
2560331
2560437
2560478
2560528
2560564
2560623
2560657
2560822
2560943
2560985
2561156
2561265
2561392
2561426
2561468
2561539
2561705
2561738
2561829
2561867
2561934
2561948
2562018
2562071
2562144
2562405
2562688
2562700
2562808
2562896
2563231
2563636
2563664
2563982
2564112
2564142
2564173
2564280
2564407
2564541
2564781
2564901
2564966
2565099
2565194
2565253
2565439
2565494
2565561
2565569
2565656
2565737
2565888
2566226
2566321
2566411
2566476
2566595
2566795
2566984
2567042
2567227
2567340
2567462
2567478
2567584
2567698
2567707
2567729
2567767
2568113
2568195
2568438
2568593
2568809
2568817
2568869
2568981
2568998
2569168
2569284
2569414
2569436
2569558
2569735
2569852
2569921
2569956
2569998
2570021
2570124
2570169
2570506
2570513
2570573
2570588
2570648
2571070
2571119
2571128
2571186
2571208
2571280
2571548
2571653
2571785
2571887
2571925
2571996
2572095
2572216
2572233
2572354
2572561
2572751
2572798
2572862
2573139
2573338
2573472
2573599
2573603
2573622
2573751
2573761
2573842
2574042
2574090
2574195
2574278
2574317
2574333
2574546
2574670
2574962
2575111
2575178
2575314
2575597
2575671
2575717
2575819
2576156
2576197
2576204
2576209
2576411
2576566
2576629
2576676
2576768
2576821
2576859
2576902
2577043
2577201
2577248
2577290
2577296
2577372
2577478
2577556
2577665
2577679
2577693
2577709
2577712
2577740
2577845
2577926
2577988
2578364
2578405
2578513
2578516
2578517
2578853
2579192
2579234
2579256
2579289
2579331
2579342
2579374
2579453
2579500
2579819
2579925
2580078
2580085
2580381
2580383
2580480
2580482
2580497
2580505
2580682
2580875
2580936
2580997
2581115
2581619
2581620
2581651
2581671
2581869
2581950
2582006
2582011
2582094
2582095
2582280
2582302
2582333
2582458
2582552
2582635
2582705
2582878
2583007
2583085
2583148
2583159
2583196
2583225
2583238
2583401
2583482
2583673
2583694
2583723
2583754
2583847
2583923
2583956
2584091
2584292
2584403
2584424
2584572
2584743
2585004
2585036
2585102
2585118
2585262
2585302
2585653
2585765
2585810
2585825
2585838
2585939
2586065
2586092
2586107
2586128
2586439
2586446
2586549
2586630
2586658
2586764
2586870
2586902
2587094
2587128
2587219
2587284
2587300
2587337
2587496
2587595
2587634
2587661
2588282
2588310
2588506
2588509
2588620
2588752
2588875
2588896
2588958
2588967
2589045
2589192
2589284
2589291
2589596
2589631
2589641
2590199
2590498
2590533
2590599
2590676
2591048
2591117
2591225
2591245
2591553
2591582
2591596
2591759
2591780
2591901
2592240
2592340
2592475
2592512
2592590
2592636
2592650
2592785
2592849
2592917
2593021
2593062
2593255
2593308
2593752
2594008
2594127
2594160
2594211
2594233
2594531
2594542
2595096
2595380
2595532
2595973
2596501
2596511
2596601
2596928
2596973
2597221
2597259
2597331
2597437
2597523
2597615
2597793
2597820
2597849
2597927
2598004
2598180
2598235
2598274
2598295
2598327
2598390
2598438
2598468
2598560
2598706
2598759
2598786
2598866
2599024
2599081
2599208
2599804
2600026
2600228
2600338
2600400
2600431
2600626
2600705
2601003
2601109
2601142
2601268
2601366
2602156
2602403
2602451
2602545
2602623
2602686
2602776
2602803
2603041
2603405
2603657
2603732
2603746
2603771
2603947
2604098
2604260
2604283
2604287
2604355
2604358
2604526
2604564
2604654
2604927
2604935
2605100
2605106
2605143
2605216
2605259
2605265
2605489
2605795
2606086
2606142
2606144
2606280
2606481
2606739
2607377
2607667
2607691
2607901
2608118
2608423
2608526
2608613
2608634
2608721
2608756
2608765
2608799
2608892
2609025
2609069
2609263
2609322
2609510
2609581
2609645
2609763
2609794
2609917
2609959
2610047
2610490
2610534
2610608
2610778
2611041
2611182
2611442
2611475
2611527
2611572
2611692
2611711
2611737
2612091
2612102
2612133
2612657
2612669
2612833
2612895
2613042
2613064
2613080
2613369
2613398
2613424
2613543
2613622
2613637
2613775
2613778
2614005
2614009
2614047
2614268
2614585
2614725
2614757
2614820
2614838
2614849
2614900
2614914
2615355
2615484
2615530
2615542
2615613
2615649
2615977
2615983
2616038
2616277
2616587
2616922
2616983
2616999
2617450
2617580
2617672
2617704
2617723
2617906
2618015
2618420
2618461
2618473
2618548
2618568
2618693
2619294
2619393
2619419
2619547
2619624
2619847
2619977
2620079
2620329
2620638
2620646
2620674
2620712
2620822
2620991
2621015
2621019
2621083
2621157
2621432
2621446
2621480
2621693
2621746
2621946
2621958
2621968
2621993
2622077
2622109
2622160
2622254
2622257
2622463
2622709
2622738
2622750
2623071
2623179
2623712
2623759
2623855
2623919
2623980
2624186
2624267
2624300
2624389
2624462
2624622
2624993
2625088
2625436
2625590
2625743
2625751
2625795
2625810
2625832
2625918
2625994
2626032
2626203
2626222
2626616
2626797
2627010
2627032
2627126
2627178
2627588
2627621
2627732
2627733
2627784
2627869
2627933
2628039
2628163
2628369
2628593
2628715
2628754
2628761
2628867
2628930
2629176
2629303
2629388
2629591
2629802
2629828
2629849
2629915
2630123
2630295
2630381
2630653
2630691
2630916
2631044
2631073
2631127
2631132
2631202
2631205
2631438
2631490
2631639
2631808
2631997
2632081
2632260
2632527
2632769
2632837
2633051
2633085
2633158
2633237
2633254
2633359
2633484
2634033
2634113
2634169
2634239
2634400
2634425
2634477
2634544
2634647
2634828
2634985
2635057
2635084
2635239
2635394
2635475
2635481
2635832
2635872
2635981
2636015
2636045
2636264
2636270
2636334
2636443
2636536
2636616
2636738
2637027
2637065
2637106
2637201
2637403
2637565
2637694
2637905
2638259
2638323
2638505
2638706
2638892
2638985
2639060
2639175
2639179
2639322
2639393
2639647
2639750
2639812
2639998
2640109
2640142
2640178
2640309
2640594
2640946
2641054
2641072
2641077
2641110
2641257
2641732
2641751
2641856
2641920
2641980
2642013
2642114
2642116
2642179
2642242
2642281
2642288
2642387
2642805
2642963
2642965
2642975
2643048
2643247
2643270
2643282
2643457
2643488
2643489
2643619
2643683
2644248
2644251
2644310
2644420
2644791
2644964
2644983
2644996
2645284
2645426
2645842
2645855
2646097
2646133
2646349
2646584
2646855
2646903
2647064
2647308
2647370
2648292
2648326
2648407
2648684
2648759
2648869
2648922
2649067
2649117
2649141
2649192
2649327
2649369
2649457
2649535
2649639
2649665
2649691
2650024
2650032
2650220
2650236
2650256
2650357
2650471
2650602
2650620
2651166
2651183
2651343
2651628
2651733
2651745
2651802
2651961
2652240
2652346
2652365
2652558
2652811
2652990
2653168
2653396
2653481
2653511
2653696
2653789
2653879
2654023
2654028
2654131
2654297
2654331
2654377
2654741
2654848
2654970
2655079
2655120
2655251
2655279
2655280
2655308
2655340
2655492
2655535
2655598
2655725
2655804
2655823
2655898
2656016
2656151
2656219
2656363
2656438
2656448
2656525
2656656
2656659
2656673
2656770
2657228
2657619
2657829
2657947
2657950
2658200
2658273
2658308
2658419
2658552
2658601
2658975
2659039
2659088
2659125
2659223
2659271
2659287
2659357
2659476
2659572
2659616
2659704
2659779
2659812
2659843
2659957
2659979
2660089
2660150
2660308
2660312
2660330
2660505
2660523
2660869
2660924
2661037
2661293
2661365
2661428
2661429
2661430
2661694
2661700
2661724
2662129
2662194
2662197
2662198
2662814
2663035
2663069
2663144
2663163
2663298
2663308
2663565
2663725
2663917
2664021
2664192
2664199
2664479
2664499
2664527
2664572
2664587
2664700
2664704
2664791
2664940
2664970
2665029
2665097
2665195
2665294
2665465
2665500
2665519
2665784
2665810
2665877
2666018
2666195
2666340
2666361
2666826
2666853
2666866
2666875
2666977
2666979
2667066
2667102
2667268
2667534
2667889
2667996
2668205
2668214
2668219
2668434
2669036
2669041
2669274
2669400
2669568
2669945
2669986
2670109
2670444
2670654
2670831
2671210
2671481
2671558
2671667
2671854
2671901
2671946
2671967
2672285
2672364
2672516
2672545
2672600
2672865
2672972
2673135
2673137
2673170
2673374
2673549
2673721
2673852
2673910
2674090
2674285
2674319
2674406
2674508
2674639
2674671
2674726
2674814
2674972
2675048
2675165
2675174
2675209
2675462
2675909
2676061
2676261
2676302
2676316
2676780
2676788
2676833
2676879
2676968
2677035
2677037
2677150
2677159
2677224
2677513
2677565
2677656
2677675
2677740
2677794
2677875
2677888
2678145
2678259
2678362
2678365
2678571
2678670
2678767
2678858
2678862
2678892
2678903
2679089
2679189
2679199
2679504
2679632
2679662
2679863
2679920
2680009
2680250
2680550
2680613
2680787
2680864
2680948
2680967
2681006
2681166
2681205
2681358
2681586
2681660
2681711
2681804
2681881
2681910
2681932
2682049
2682173
2682231
2682301
2682366
2682378
2682454
2682492
2682696
2682742
2682766
2682795
2682873
2682923
2682987
2683015
2683071
2683148
2683253
2683405
2683613
2683733
2683790
2683945
2683980
2684208
2684238
2684250
2684395
2684610
2684618
2684807
2684813
2685001
2685339
2685360
2685511
2685601
2685608
2685643
2685749
2685891
2686045
2686108
2686453
2686604
2686679
2686767
2686812
2686835
2686877
2686881
2687163
2687182
2687190
2687348
2687372
2688056
2688126
2688211
2688456
2688563
2688598
2688666
2688677
2688786
2688791
2688816
2688841
2688926
2688934
2688971
2689043
2689141
2689278
2689373
2689545
2689569
2689598
2689973
2689983
2690024
2690150
2690239
2690353
2690469
2690470
2690570
2690594
2690650
2690870
2690893
2690899
2690999
2691173
2691210
2691329
2691349
2691405
2691446
2691608
2691762
2691782
2691950
2692157
2692256
2692393
2692425
2692444
2692603
2692612
2692639
2692764
2692840
2692885
2693191
2693206
2693211
2693280
2693493
2693552
2693603
2693627
2693763
2694051
2694194
2694248
2694380
2694424
2694541
2694709
2694898
2694899
2694936
2695098
2695309
2695571
2695619
2695689
2695730
2695759
2695937
2696183
2696281
2696516
2696547
2696605
2696811
2697015
2697214
2697246
2697489
2697490
2697501
2697511
2697687
2697984
2698080
2698350
2698359
2698491
2698529
2698576
2698618
2698686
2698926
2698928
2698996
2699041
2699054
2699099
2699107
2699295
2699407
2699420
2699494
2699550
2699594
2699605
2699614
2699849
2700075
2700097
2700257
2700558
2700563
2700577
2700766
2700773
2700800
2700852
2700958
2701056
2701297
2701308
2701485
2701554
2701653
2701727
2701788
2702174
2702318
2702519
2702786
2702856
2703111
2703162
2703211
2703270
2703347
2703362
2703638
2703667
2703825
2703944
2704188
2704255
2704259
2704299
2704412
2704447
2704521
2704556
2704589
2704672
2704758
2704797
2704936
2705566
2705771
2706003
2706071
2706171
2706218
2706372
2706634
2706663
2706674
2706987
2707080
2707126
2707146
2707170
2707624
2707963
2708155
2708205
2708423
2708446
2708462
2708826
2708833
2709006
2709200
2709315
2709317
2709377
2709575
2709753
2709778
2709813
2710353
2710534
2710614
2710650
2710717
2711413
2711502
2711535
2711835
2711887
2711937
2712195
2712222
2712304
2712370
2712821
2712881
2713150
2713191
2713319
2713450
2713881
2713930
2713934
2713940
2713945
2714007
2714171
2714288
2714325
2714411
2714623
2714659
2714743
2714931
2715005
2715253
2715282
2715388
2715402
2715404
2715424
2715556
2715576
2715675
2716091
2716096
2716132
2716308
2716359
2716480
2716496
2716581
2716943
2717685
2717931
2717981
2718167
2718225
2718226
2718439
2718603
2718888
2718978
2719160
2719187
2719349
2719524
2719573
2719715
2719822
2719928
2719967
2720096
2720189
2720363
2720372
2720390
2720446
2720671
2720726
2720810
2720863
2720999
2721124
2721304
2721365
2721430
2721515
2721522
2721636
2721674
2721764
2721854
2721885
2722124
2722408
2722452
2722644
2722648
2722788
2723020
2723022
2723094
2723219
2723257
2723261
2723416
2723488
2723631
2723911
2723995
2724150
2724296
2724388
2724399
2724465
2725091
2725235
2725300
2725408
2725533
2725546
2725602
2725773
2725854
2725861
2726047
2726261
2726315
2726359
2726393
2726430
2726687
2726719
2726790
2726882
2726940
2727235
2727266
2727276
2727328
2727453
2727572
2727596
2727658
2727676
2727810
2727875
2727968
2728025
2728173
2728206
2728359
2728487
2728531
2728597
2728874
2729025
2729334
2729344
2729629
2729715
2729748
2729776
2729846
2729975
2729982
2730138
2730246
2730537
2730581
2730726
2730803
2730828
2730870
2731290
2731374
2731382
2731538
2731679
2731701
2731725
2731748
2731762
2731862
2731875
2731975
2731979
2732105
2732209
2732234
2732393
2732531
2732846
2732884
2733089
2733404
2733544
2733596
2733788
2733943
2734001
2734011
2734239
2734434
2734451
2734596
2734599
2734738
2734757
2734776
2734876
2734886
2734921
2734995
2735092
2735546
2735723
2735874
2735940
2736025
2736070
2736096
2736110
2736175
2736241
2736343
2736456
2736593
2736629
2736980
2736987
2736997
2737269
2737560
2737565
2737661
2737778
2737782
2737785
2737796
2737834
2738218
2738312
2738680
2739041
2739122
2739130
2739181
2739182
2739283
2739397
2739532
2739642
2739758
2739905
2740088
2740283
2740504
2740604
2740697
2740717
2740993
2741123
2741394
2741670
2741686
2741695
2741734
2741936
2742152
2742309
2742325
2742362
2742409
2742413
2742416
2742441
2742501
2742629
2742711
2742844
2742878
2742984
2743229
2743532
2743663
2743869
2743963
2744088
2744129
2744222
2744243
2744477
2744600
2744623
2744645
2744730
2744851
2744891
2745000
2745170
2745171
2745179
2745389
2745440
2745763
2745884
2745925
2745927
2746316
2746744
2746840
2746955
2746989
2747033
2747112
2747139
2747380
2747497
2747549
2747683
2747686
2747695
2747841
2747928
2748038
2748077
2748089
2748210
2748268
2748636
2748677
2748721
2748886
2749063
2749164
2749205
2749273
2749333
2749368
2749599
2749622
2749833
2749855
2749947
2750031
2750198
2750208
2750213
2750568
2750711
2751066
2751160
2751200
2751358
2751647
2751697
2751713
2751759
2751846
2751857
2752086
2752109
2752265
2752355
2752391
2752393
2752593
2752962
2753000
2753006
2753038
2753142
2753488
2753501
2753552
2753584
2753618
2753771
2753963
2754002
2754048
2754419
2754466
2754497
2754578
2755292
2755379
2755576
2755608
2755696
2756003
2756010
2756070
2756145
2756195
2756215
2756245
2756319
2757333
2757421
2757514
2757905
2757915
2758461
2758548
2758572
2758585
2758826
2758905
2758993
2759216
2759248
2759301
2759318
2759340
2759350
2759452
2759465
2759565
2759635
2759661
2759694
2759696
2759943
2760066
2760082
2760225
2760232
2760237
2760449
2760524
2760574
2760902
2761255
2761430
2761464
2761626
2761742
2761754
2761866
2762032
2762299
2762377
2762461
2762496
2762552
2762589
2762699
2762815
2762932
2763054
2763139
2763277
2763316
2763327
2763729
2763734
2763979
2764150
2764212
2764296
2764737
2764915
2765031
2765043
2765273
2765309
2765396
2765453
2765494
2765497
2765876
2765924
2765975
2766055
2766066
2766233
2766281
2766300
2766367
2766393
2766414
2766541
2766975
2767111
2767235
2767329
2767373
2767441
2767467
2767674
2767970
2768312
2768351
2768406
2768616
2768829
2768888
2769029
2769103
2769752
2769799
2769839
2769884
2770247
2770391
2770471
2770517
2770743
2770898
2770953
2771048
2771072
2771073
2771092
2771141
2771394
2771506
2771537
2771918
2772045
2772082
2772158
2772195
2772316
2772363
2772445
2772560
2772601
2772719
2772829
2772844
2772883
2772917
2772918
2772945
2773209
2773211
2773217
2773227
2773655
2773685
2773749
2774295
2774424
2774709
2774819
2774928
2775000
2775041
2775076
2775202
2775329
2775378
2775386
2775405
2775483
2775805
2775838
2776013
2776071
2776214
2776255
2776288
2776372
2776499
2776539
2776601
2776678
2776943
2777135
2777155
2777170
2777188
2777281
2777398
2777401
2777605
2777620
2777701
2777828
2777858
2778002
2778117
2778215
2778301
2778305
2778550
2778579
2778697
2778783
2778914
2779045
2779221
2779287
2779353
2779637
2779850
2779992
2780054
2780139
2780288
2780289
2780343
2780345
2780459
2780460
2780618
2780857
2780941
2781444
2781631
2781667
2781725
2781928
2781969
2782047
2782253
2782475
2782634
2782707
2782897
2782910
2782993
2783004
2783253
2783335
2783444
2783766
2783818
2783891
2783907
2784027
2784430
2784683
2784699
2784747
2784799
2784853
2784859
2784962
2785083
2785098
2785376
2785380
2785389
2785400
2785430
2785558
2785562
2785578
2785975
2786010
2786118
2786433
2786782
2786836
2786851
2786854
2786858
2786873
2787123
2787134
2787186
2787382
2787535
2787950
2788064
2788182
2788222
2788284
2788312
2788313
2788356
2788608
2788626
2788648
2788712
2788752
2788808
2788810
2789303
2789405
2789456
2789886
2790120
2790317
2790599
2790670
2790676
2790684
2790816
2790817
2790883
2790894
2790912
2791055
2791099
2791184
2791239
2791564
2791595
2791656
2791744
2791974
2791983
2792148
2792254
2792394
2792509
2792550
2792736
2792766
2792773
2792850
2792895
2793066
2793103
2793312
2793565
2793606
2793652
2793703
2793772
2794048
2794132
2794594
2794771
2794798
2794914
2795220
2795278
2795327
2795337
2795478
2795537
2795592
2795618
2795652
2795776
2795926
2796037
2796045
2796148
2796195
2796243
2796271
2796786
2796819
2796834
2796845
2797148
2797209
2797307
2797351
2797462
2797617
2797701
2797749
2798259
2798385
2798432
2798439
2798508
2798533
2798823
2798964
2799070
2799212
2799297
2799526
2799615
2799704
2799860
2800048
2800148
2800283
2800377
2800780
2800983
2800989
2801023
2801050
2801144
2801296
2801383
2801533
2801620
2801646
2801686
2801738
2801898
2801927
2802110
2802147
2802186
2802260
2802374
2802389
2802914
2802962
2803359
2803469
2803503
2803624
2803751
2803752
2804008
2804130
2804457
2804543
2804853
2805051
2805068
2805304
2805538
2805578
2805596
2805710
2805798
2805828
2805921
2806087
2806217
2806338
2806417
2806504
2806569
2806623
2806625
2806627
2806644
2806660
2806701
2806721
2806738
2806894
2807018
2807065
2807077
2807178
2807473
2807480
2807638
2807703
2807795
2807811
2807815
2807967
2808084
2808117
2808122
2808313
2808408
2808521
2808548
2808610
2808619
2808801
2808845
2809218
2809327
2809479
2809570
2809686
2809872
2809944
2809949
2809983
2810069
2810811
2810823
2810835
2811017
2811188
2811216
2811233
2811333
2811342
2811557
2811662
2811732
2811932
2811948
2812349
2812537
2812728
2812787
2813012
2813082
2813090
2813166
2813269
2813511
2813585
2813681
2813893
2813969
2814308
2814330
2814500
2814647
2814761
2814838
2814858
2815002
2815013
2815036
2815200
2815303
2815372
2815569
2815630
2815631
2815767
2815774
2815797
2815961
2816383
2816453
2816461
2816554
2816602
2817059
2817090
2817336
2817347
2817432
2817568
2817603
2817650
2817700
2817717
2817731
2817934
2818083
2818467
2818524
2818577
2818763
2818861
2818902
2818952
2818974
2818981
2819019
2819091
2819113
2819122
2819202
2819336
2819350
2819754
2820126
2820256
2820290
2820423
2820470
2820481
2820618
2820922
2821023
2821058
2821098
2821151
2821287
2821297
2821338
2821359
2821497
2821500
2821588
2821606
2821774
2821825
2821929
2822002
2822315
2822332
2822535
2822570
2822621
2822626
2822677
2822848
2823043
2823052
2823337
2823364
2823378
2823381
2823407
2823437
2823445
2823507
2823664
2823803
2823934
2823963
2824060
2824311
2824371
2824392
2824487
2824740
2825009
2825968
2826027
2826032
2826036
2826109
2826279
2826318
2826393
2826429
2826680
2826709
2826988
2827089
2827221
2827275
2827429
2827707
2827856
2827858
2828096
2828286
2828521
2828545
2828631
2828674
2829182
2829215
2829470
2829700
2829712
2830196
2830237
2830243
2830500
2830516
2830518
2830519
2830543
2830572
2830646
2830664
2830743
2831798
2832008
2832110
2832204
2832324
2832971
2833443
2833640
2833827
2833915
2834001
2834173
2834227
2834301
2834369
2834414
2834433
2834442
2834474
2834515
2834520
2834848
2835106
2835283
2835418
2835453
2835540
2835657
2835672
2835842
2836037
2836171
2836371
2836585
2836688
2837141
2837219
2837423
2837442
2837457
2837591
2837942
2838018
2838035
2838172
2838215
2838247
2838410
2838671
2839005
2839050
2839124
2839148
2839220
2839278
2839371
2839482
2839544
2839595
2839607
2839784
2839985
2839992
2840065
2840094
2840397
2840572
2840645
2841095
2841167
2841361
2841693
2841764
2841868
2841948
2841963
2841971
2842020
2842056
2842350
2842403
2842493
2842690
2842724
2842758
2842784
2842858
2842879
2842895
2843008
2843036
2843116
2843520
2843610
2843644
2843772
2843887
2843891
2843897
2843921
2843942
2844060
2844155
2844289
2844337
2844360
2844404
2844410
2844451
2844483
2844648
2844705
2844868
2845144
2845222
2845240
2845263
2845602
2845638
2845679
2845877
2846060
2846109
2846517
2846648
2846688
2846735
2846994
2847029
2847058
2847148
2847611
2847655
2847701
2847857
2847890
2847993
2848086
2848154
2848260
2848372
2848744
2848779
2849090
2849225
2849228
2849272
2849725
2849742
2849821
2849901
2849948
2850011
2850230
2850631
2850658
2850682
2850911
2851044
2851203
2851224
2851271
2851337
2851362
2851381
2851733
2851740
2851838
2852210
2852285
2852511
2852588
2852680
2852807
2853293
2853397
2853831
2853890
2854046
2854105
2854238
2854286
2854512
2854969
2855029
2855159
2855280
2855289
2855643
2856023
2856051
2856101
2856277
2856352
2856353
2856386
2856434
2856622
2856722
2857031
2857301
2857550
2857786
2857904
2858179
2858449
2858464
2858505
2858595
2858645
2858928
2859036
2859037
2859071
2859097
2859147
2859183
2859349
2859408
2859471
2859567
2859585
2859635
2859748
2859774
2859777
2859807
2859851
2859946
2860080
2860145
2860204
2860481
2860567
2860586
2860695
2860812
2860965
2861025
2861104
2861193
2861235
2861243
2861387
2861456
2861520
2861553
2861628
2861735
2861783
2861937
2861953
2862120
2862166
2862310
2862395
2862505
2862628
2862632
2862650
2862831
2862861
2862890
2863077
2863118
2863163
2863402
2863486
2863517
2863536
2863567
2863572
2863607
2863772
2864167
2864171
2864191
2864222
2864340
2864349
2864419
2864489
2864681
2864810
2864879
2865059
2865061
2865098
2865568
2865749
2865818
2865850
2865918
2865942
2865944
2866009
2866087
2866206
2866466
2866558
2866675
2866763
2866816
2866950
2867008
2867250
2867376
2867418
2867535
2867548
2867677
2867753
2867804
2867863
2867922
2868013
2868133
2868200
2868332
2868501
2868659
2868888
2868934
2869210
2869257
2869262
2869323
2869858
2869947
2870351
2870411
2870840
2870967
2871010
2871174
2871231
2871388
2871787
2872041
2872205
2872221
2872314
2872419
2872459
2872501
2872741
2872809
2872849
2872870
2872943
2873118
2873359
2873461
2873572
2873630
2873888
2874066
2874319
2874324
2874469
2874499
2874709
2874743
2874858
2874920
2875021
2875130
2875146
2875152
2875154
2875710
2875782
2875790
2875849
2876097
2876131
2876144
2876403
2876702
2876878
2876906
2877081
2877337
2877385
2877401
2877408
2877493
2877533
2877583
2877700
2878027
2878034
2878035
2878048
2878296
2878503
2878525
2878745
2878855
2878989
2879000
2879434
2879598
2879615
2880147
2880397
2880844
2880881
2880911
2881009
2881163
2881241
2881472
2881495
2881503
2881643
2881685
2881776
2882023
2882089
2882108
2882150
2882350
2882407
2882577
2882643
2882764
2883118
2883325
2883384
2883401
2883598
2883640
2883986
2884304
2884683
2884797
2884952
2884958
2885002
2885087
2885205
2885514
2885632
2885752
2885810
2885905
2885907
2885929
2885969
2886081
2886225
2886519
2886773
2887039
2887749
2887766
2887769
2888036
2888308
2888445
2888537
2888774
2888927
2889013
2889122
2889594
2890090
2890132
2890379
2890570
2890607
2890811
2890816
2890850
2890948
2891027
2891072
2891121
2891262
2891557
2891691
2891780
2891963
2892196
2892283
2892449
2892541
2892551
2892634
2892729
2892734
2892785
2893121
2893175
2893206
2893410
2893553
2893584
2893710
2893798
2893888
2893892
2893931
2893941
2894309
2894471
2894646
2894700
2894724
2894728
2894732
2894847
2894884
2894897
2894947
2895036
2895051
2895116
2895491
2895633
2895766
2895913
2896002
2896056
2896162
2896164
2896166
2896178
2896577
2896605
2896642
2896750
2896836
2896850
2896860
2897156
2897322
2897422
2897842
2897939
2897994
2898132
2898208
2898241
2898338
2898364
2898370
2898427
2899032
2899129
2899237
2899492
2899495
2899795
2899862
2899971
2899978
2900050
2900054
2900057
2900436
2900557
2900639
2900856
2901079
2901284
2901475
2901513
2901612
2901684
2901728
2901806
2901975
2902158
2902637
2902747
2902782
2902875
2902880
2902973
2902997
2903282
2903295
2903354
2903543
2903664
2903678
2903693
2903953
2903985
2904105
2904225
2904226
2904319
2904401
2904424
2904493
2904735
2904761
2905126
2905213
2905330
2905555
2905684
2905742
2905761
2906039
2906111
2906122
2906710
2906743
2906776
2906788
2906836
2907127
2907342
2907358
2907453
2907590
2907672
2908074
2908117
2908446
2908608
2908612
2908633
2908836
2908994
2909008
2909025
2909110
2909179
2909389
2909947
2910040
2910044
2910087
2910130
2910172
2910178
2910222
2910266
2910455
2910491
2910633
2910831
2910882
2911036
2911050
2911124
2911193
2911257
2911336
2911534
2911624
2911899
2911933
2912039
2912202
2912247
2912438
2912486
2912785
2912869
2912976
2912985
2913056
2913123
2913257
2913352
2913387
2913918
2914086
2914148
2914217
2914378
2914491
2914694
2914810
2914846
2914907
2915171
2915279
2915584
2915653
2915731
2915931
2916013
2916099
2916104
2916393
2916900
2916942
2917377
2917489
2917579
2917622
2917777
2917893
2917899
2918184
2918235
2918294
2918566
2918622
2919057
2919076
2919161
2919218
2919235
2919305
2919577
2919636
2919951
2920038
2920055
2920131
2920213
2920310
2920411
2920477
2920579
2920696
2920900
2920993
2921108
2921120
2921189
2921206
2921232
2921326
2921445
2921514
2921617
2921737
2921763
2921800
2922043
2922311
2922367
2922632
2922681
2922694
2922724
2922779
2922960
2923048
2923224
2923258
2923296
2923385
2923449
2923786
2923834
2924239
2924291
2924415
2924570
2924673
2924724
2924787
2924803
2925100
2925176
2925241
2925270
2925290
2925294
2925807
2925922
2925933
2925967
2926323
2926335
2926464
2927079
2927166
2927170
2927342
2927408
2927804
2927886
2927939
2928030
2928084
2928153
2928240
2928330
2928679
2928693
2928739
2929625
2929707
2929825
2929899
2929913
2929927
2929995
2930045
2930113
2930224
2930284
2930457
2930497
2930619
2930688
2930815
2930916
2931042
2931166
2931267
2931432
2931439
2931511
2931513
2931626
2931719
2931791
2931924
2932183
2932246
2932431
2932480
2932540
2932715
2932788
2932858
2933067
2933080
2933081
2933177
2933273
2933336
2933472
2933481
2933531
2933540
2933599
2933842
2934043
2934543
2934640
2934682
2934785
2934880
2935043
2935085
2935128
2935244
2935350
2935556
2935609
2935683
2935691
2935760
2935873
2935925
2935957
2935999
2936072
2936114
2936121
2936442
2936790
2936850
2937064
2937154
2937297
2937485
2937590
2937621
2938035
2938073
2938156
2938183
2938202
2938284
2938496
2938498
2938501
2938549
2938614
2938814
2938973
2939184
2939433
2939576
2939800
2940133
2940178
2940294
2940369
2940571
2940708
2940750
2940798
2940842
2940844
2941143
2941360
2941431
2941443
2941586
2941734
2941758
2941825
2941866
2941889
2941966
2942025
2942043
2942055
2942074
2942192
2942325
2942371
2942426
2942546
2942609
2942668
2942724
2942871
2942872
2942984
2943009
2943218
2943274
2943353
2944109
2944394
2944449
2944594
2944747
2945176
2945223
2945417
2945534
2945662
2945826
2946308
2946399
2946499
2946519
2946782
2946844
2946907
2947011
2947135
2947242
2947309
2947531
2947653
2947679
2947805
2948034
2948655
2948759
2948773
2948786
2948818
2948919
2949177
2949248
2949282
2949399
2949527
2949536
2949565
2949625
2950183
2950327
2950394
2950400
2950595
2951056
2951295
2951320
2951411
2951416
2951522
2951704
2951768
2951966
2952280
2952361
2952611
2952699
2952708
2952970
2952999
2953016
2953039
2953182
2953641
2953963
2954159
2954199
2954299
2954325
2954335
2954358
2954437
2954442
2954582
2954653
2954864
2954904
2954922
2955009
2955108
2955235
2955361
2955509
2955681
2955836
2956135
2956209
2956244
2956257
2956268
2956546
2956662
2956714
2957042
2957177
2957333
2957373
2957502
2957638
2957669
2957781
2957839
2957962
2958644
2958672
2958724
2959345
2959442
2959475
2959733
2959830
2959983
2960032
2960037
2960133
2960240
2960258
2960766
2960767
2961107
2961250
2961274
2961380
2961388
2961407
2961532
2961566
2961818
2961880
2961905
2962021
2962331
2962347
2962471
2962559
2962753
2962809
2962923
2962966
2963012
2963111
2963131
2963158
2963480
2963611
2963624
2963653
2963804
2963807
2963895
2964087
2964099
2964148
2964260
2964456
2964462
2964503
2964687
2965021
2965197
2965319
2965450
2965540
2965541
2965636
2965684
2965745
2965797
2965846
2965871
2966013
2966103
2966289
2966412
2966467
2966483
2966532
2966592
2966907
2967102
2967199
2967218
2967429
2967498
2967671
2967689
2968072
2968217
2968221
2968708
2968715
2968754
2968757
2968759
2968985
2969061
2969070
2969400
2969472
2969543
2969778
2969789
2969976
2970088
2970114
2970315
2970770
2970846
2970982
2971031
2971121
2971203
2971327
2971475
2971491
2971520
2971686
2971690
2971776
2971926
2971950
2972126
2972380
2972480
2972506
2972615
2973052
2973107
2973394
2973415
2973422
2973540
2973629
2973785
2973811
2973947
2974243
2974395
2974419
2974533
2974610
2974621
2974812
2974894
2975151
2975171
2975264
2975302
2975332
2975419
2975508
2975685
2975821
2975833
2975887
2975890
2976065
2976082
2976387
2976553
2976573
2976699
2976776
2976783
2976815
2976836
2977076
2977867
2978003
2978088
2978109
2978128
2978488
2978499
2978632
2978684
2978789
2978834
2978879
2978961
2979070
2979113
2979151
2979237
2979478
2979505
2979561
2979591
2979613
2979667
2979853
2979936
2980289
2980466
2980472
2980598
2980857
2980897
2980960
2980968
2981226
2981475
2981720
2981759
2981810
2981888
2982114
2982190
2982458
2982485
2982493
2982524
2982678
2982736
2982838
2983048
2983170
2983235
2983460
2983673
2983781
2983897
2983909
2984141
2984227
2984385
2984400
2984517
2984526
2984605
2984953
2985107
2985115
2985242
2985255
2985281
2985455
2985662
2985673
2985972
2986110
2986149
2986383
2986406
2986487
2986501
2986890
2986956
2986987
2987115
2987393
2987638
2987687
2987716
2988468
2988716
2988834
2988893
2989196
2989266
2989410
2989504
2989522
2989553
2989594
2989691
2989848
2989858
2989993
2990112
2990158
2990228
2990276
2990413
2990617
2990741
2990893
2990978
2991030
2991156
2991203
2991331
2991519
2991555
2991614
2992074
2992195
2992202
2992275
2992529
2993040
2993128
2993528
2993557
2993989
2994231
2994308
2994312
2994329
2994350
2994379
2994404
2994422
2994492
2994494
2994670
2994780
2994915
2994980
2995029
2995104
2995414
2995558
2995573
2995658
2995789
2995834
2995861
2996057
2996092
2996374
2996447
2996603
2997066
2997088
2997300
2997363
2997628
2997655
2997899
2997965
2998017
2998060
2998089
2998511
2998559
2998600
2998648
2998789
2998871
2998916
2999011
2999215
2999269
2999396
2999468
2999491
2999594
2999776
2999879
2999935
2999939
3000068
3000141
3000263
3000372
3000373
3000587
3000629
3000651
3001063
3001119
3001334
3001392
3001435
3001684
3001732
3001878
3001993
3002438
3002662
3002717
3002884
3002901
3002945
3003265
3003450
3003458
3003692
3003696
3003748
3003796
3004017
3004142
3004205
3004215
3004318
3004361
3004490
3004654
3004751
3004823
3005231
3005308
3005314
3005534
3005544
3005574
3005655
3005710
3005717
3005740
3006016
3006084
3006337
3006364
3006434
3007062
3007326
3007436
3007649
3007650
3007671
3007706
3007748
3008138
3008775
3008986
3008999
3009242
3009348
3009549
3009923
3009947
3010083
3010212
3010257
3010279
3010523
3010590
3010740
3010765
3010855
3010897
3011346
3011349
3011635
3011711
3011780
3011870
3011904
3012002
3012184
3012226
3012903
3012969
3013076
3013145
3013162
3013189
3013196
3013293
3013380
3013674
3014043
3014258
3014344
3014517
3014619
3014636
3014789
3014989
3015173
3015457
3015818
3015836
3015867
3015983
3016000
3016006
3016034
3016169
3016384
3017120
3017177
3017252
3017539
3017888
3017946
3018073
3018122
3018124
3018216
3018314
3018450
3018457
3018529
3018842
3018900
3019077
3019165
3019321
3019396
3019430
3019522
3019565
3019624
3019662
3019706
3019714
3019753
3019904
3020042
3020081
3020170
3020367
3020526
3020542
3020567
3020750
3020831
3020851
3020881
3021138
3021213
3021503
3021576
3021634
3021723
3021798
3021845
3021976
3022062
3022096
3022232
3022557
3022576
3022772
3022901
3022965
3023126
3023160
3023392
3023526
3023569
3023622
3024358
3024411
3024738
3024803
3025000
3025011
3025078
3025107
3025263
3025308
3026088
3026127
3026163
3026228
3026305
3026369
3026383
3026401
3026545
3026625
3026925
3026989
3027102
3027357
3027478
3027573
3027590
3027657
3027838
3027957
3028201
3028557
3028559
3028655
3028708
3028722
3028744
3028821
3029048
3029213
3029289
3029290
3029428
3029461
3029867
3030038
3030234
3030338
3030350
3030406
3030745
3030835
3030964
3031434
3031714
3031782
3031887
3032094
3032160
3032364
3032494
3032745
3032893
3032972
3033169
3033234
3033280
3033307
3033672
3033755
3034040
3034091
3034118
3034158
3034220
3034291
3034406
3034471
3034852
3035264
3035312
3035561
3035626
3035733
3035779
3036369
3036454
3036502
3036777
3036785
3036955
3037063
3037394
3037499
3037515
3037554
3037560
3037569
3037584
3037634
3037672
3037964
3038040
3038235
3038252
3038256
3038325
3038718
3038870
3038989
3039009
3039101
3039115
3039132
3039218
3039257
3039576
3039601
3039634
3039662
3039665
3039688
3039795
3039827
3039942
3040181
3040269
3040386
3040426
3040654
3040754
3041067
3041133
3041370
3041413
3041430
3041614
3041719
3041762
3041960
3041963
3042066
3042227
3042258
3042329
3042486
3042664
3042679
3042692
3042704
3042710
3042729
3042822
3043178
3043187
3043258
3043304
3043359
3043419
3043586
3043746
3043769
3044060
3044133
3044291
3044473
3044532
3044787
3045084
3045420
3045457
3045533
3045738
3045858
3046283
3046337
3046339
3046487
3046686
3046888
3046925
3046939
3047114
3047550
3047652
3047894
3047906
3047956
3048019
3048263
3048457
3048677
3049002
3049224
3049374
3049533
3049668
3049743
3049849
3049891
3050206
3050256
3050354
3050451
3050659
3050666
3050731
3050898
3051190
3051419
3051547
3051632
3052263
3052308
3052427
3052559
3052689
3052735
3052797
3052879
3053435
3053443
3053471
3053592
3053737
3053981
3054537
3054612
3054660
3054694
3054707
3054767
3055129
3055368
3055473
3055630
3055686
3055718
3055900
3056094
3056152
3056158
3056399
3056575
3056593
3056792
3056836
3056871
3056882
3056946
3057065
3057313
3057325
3057561
3057596
3057675
3057847
3058278
3058335
3058612
3058615
3058697
3059356
3059376
3059480
3059584
3059726
3059872
3059892
3060022
3060260
3060261
3060297
3060300
3060307
3060385
3060478
3060695
3060763
3060911
3060993
3061090
3061215
3061231
3061290
3061558
3061652
3061700
3061798
3061825
3061863
3061865
3061957
3062004
3062133
3062217
3062313
3062360
3062389
3062560
3062662
3062690
3062719
3063484
3063503
3063581
3063800
3063834
3064001
3064264
3064325
3064440
3064461
3064498
3064618
3064644
3064658
3064734
3064771
3064848
3064958
3065260
3065354
3065429
3065662
3065722
3065853
3065998
3066097
3066148
3066376
3066397
3066420
3066655
3067047
3067049
3067126
3067294
3067309
3067404
3067499
3067926
3068074
3068368
3068467
3068488
3068504
3068781
3068878
3069096
3069184
3069261
3069518
3070317
3070363
3070513
3070544
3070584
3070595
3070666
3070707
3070786
3070916
3070954
3071057
3071360
3071431
3071588
3071718
3071762
3071923
3072028
3072259
3072296
3072434
3072597
3072713
3072738
3073110
3073157
3073175
3073183
3073391
3073399
3073533
3073541
3073641
3073642
3073670
3073774
3074144
3074154
3074187
3074241
3074324
3074330
3074460
3074532
3074719
3074951
3074999
3075066
3075518
3075670
3075804
3076122
3076155
3076248
3076290
3076325
3076606
3077001
3077039
3077051
3077336
3077354
3077373
3077613
3077769
3077789
3077905
3078019
3078080
3078243
3078272
3078311
3078845
3079248
3079292
3079424
3079531
3079639
3079751
3079769
3079783
3080024
3080043
3080132
3080152
3080230
3080487
3080513
3080621
3080695
3080894
3081005
3081251
3081410
3081496
3081601
3081764
3082045
3082134
3082191
3082307
3082464
3082544
3082736
3082830
3083021
3083049
3083145
3083222
3083517
3083691
3083716
3083892
3084064
3084279
3084467
3084517
3084572
3084629
3084906
3084909
3085264
3085391
3085502
3085505
3085710
3085737
3085763
3085828
3085845
3086008
3086168
3086178
3086202
3086225
3086246
3086297
3086509
3086579
3086682
3086809
3086859
3086874
3086900
3087109
3087155
3087384
3087461
3087474
3087485
3087596
3087614
3088007
3088096
3088172
3088218
3088241
3088634
3088668
3088901
3089128
3089213
3089220
3089505
3089572
3089714
3089780
3089813
3089834
3089950
3090210
3090243
3090632
3090801
3091121
3091156
3091194
3091352
3091452
3091486
3091714
3091784
3091919
3092196
3092305
3092619
3092835
3093102
3093319
3093596
3093607
3093639
3093978
3094064
3094109
3094268
3094321
3094474
3094797
3095402
3095542
3095548
3095649
3095937
3096005
3096305
3096336
3096584
3096691
3097054
3097059
3097209
3097625
3097911
3097927
3098001
3098054
3098114
3098314
3098437
3098799
3099119
3099135
3099157
3099174
3099202
3099279
3099298
3099410
3099447
3099456
3099461
3099660
3099743
3099768
3100102
3100111
3100238
3100275
3100301
3100389
3100462
3100575
3100666
3100767
3100815
3101049
3101173
3101281
3101570
3101618
3101772
3101922
3102025
3102057
3102084
3102154
3102409
3102748
3102921
3102930
3103081
3103618
3103634
3103658
3103718
3103790
3103939
3104004
3104271
3104374
3104408
3104616
3104670
3104799
3104908
3104936
3105036
3105162
3105181
3105227
3105261
3105432
3105447
3105559
3105611
3105646
3105652
3105751
3105832
3105929
3106006
3106164
3106438
3106483
3106600
3106636
3106678
3106912
3106915
3107042
3107111
3107426
3107492
3107498
3107701
3107741
3108061
3108348
3108404
3108453
3108470
3108534
3108573
3108707
3108728
3108753
3108800
3108818
3108894
3109068
3109248
3109282
3109295
3109365
3109463
3109664
3110037
3110086
3110112
3110321
3110383
3110468
3110475
3110682
3110761
3110764
3110836
3110891
3111219
3111301
3111518
3111609
3111634
3111657
3111780
3111794
3112496
3112662
3112956
3113004
3113313
3113544
3113771
3113798
3113894
3114041
3114121
3114135
3114212
3114300
3114497
3114511
3114553
3114556
3114596
3114634
3114816
3114994
3115100
3115258
3115295
3115423
3115825
3115852
3115887
3115895
3115996
3116002
3116359
3116630
3116648
3116782
3116801
3116813
3116926
3117028
3117071
3117182
3117394
3117668
3117739
3117851
3117887
3117951
3118315
3118327
3118419
3118480
3118515
3118537
3118586
3118663
3118771
3118781
3118960
3118971
3119092
3119104
3119234
3119325
3119414
3119418
3119428
3119862
3119873
3120073
3120186
3120321
3120322
3120371
3120419
3120611
3120853
3120886
3121014
3121160
3121334
3121487
3121674
3121740
3122111
3122234
3122315
3122369
3122429
3122644
3123028
3123087
3123550
3123711
3123732
3123747
3123884
3123966
3124178
3124238
3124543
3124816
3124874
3124950
3125004
3125094
3125136
3125188
3125192
3125312
3125604
3125875
3126316
3126388
3126432
3126434
3126567
3126574
3126818
3126902
3126933
3127133
3127250
3127278
3127322
3127396
3127433
3127471
3127585
3127800
3127843
3127910
3127971
3128097
3128113
3128210
3128269
3128521
3128679
3128942
3128965
3128993
3129076
3129165
3129255
3129417
3129475
3129621
3129793
3129866
3130139
3130142
3130435
3130635
3130901
3130946
3131010
3131016
3131109
3131332
3131371
3131439
3131531
3131557
3131732
3131750
3131800
3132020
3132105
3132181
3132262
3132265
3132297
3132680
3132735
3132838
3132891
3133014
3133136
3133200
3133298
3133437
3133455
3133600
3133867
3133930
3133935
3134057
3134133
3134161
3134345
3134413
3134449
3134464
3134564
3134871
3135049
3135282
3135316
3135400
3135413
3135564
3136120
3136355
3136393
3136731
3136795
3136951
3137097
3137133
3137235
3137267
3137480
3137484
3137519
3137521
3137529
3137592
3137823
3137917
3138355
3138585
3138621
3138734
3138754
3139005
3139030
3139060
3139101
3139132
3139209
3139257
3139274
3139325
3139337
3139433
3139489
3139576
3139626
3139646
3139669
3139797
3139896
3139916
3140132
3140173
3140177
3140267
3140424
3140512
3140621
3140633
3140675
3140830
3140842
3140884
3141011
3141126
3141219
3141320
3141404
3141426
3141497
3141621
3141919
3141945
3142193
3142325
3142486
3142694
3142766
3142809
3142939
3143070
3143160
3143231
3143455
3143609
3143739
3143753
3143910
3144327
3144613
3144757
3144793
3144984
3145024
3145239
3145265
3145338
3145843
3146157
3146302
3146377
3146410
3146494
3146536
3146564
3146778
3147009
3147090
3147131
3147138
3147275
3147594
3147705
3148336
3148350
3148683
3148718
3148729
3149112
3149402
3149423
3149443
3149603
3149891
3150067
3150136
3150487
3150640
3150646
3151055
3151265
3151364
3151627
3151779
3151843
3151890
3152043
3152460
3152553
3152702
3152722
3153019
3153160
3153211
3153382
3153396
3153409
3153495
3153662
3153664
3154002
3154098
3154175
3154216
3154406
3154422
3154669
3154739
3155097
3155745
3155780
3155910
3156009
3156100
3156518
3156623
3156682
3156814
3157387
3157885
3158423
3158584
3158728
3158844
3158988
3159114
3159150
3159346
3159404
3159454
3159488
3159495
3159812
3159814
3159955
3160039
3160165
3160254
3160392
3160680
3160737
3160756
3160791
3160802
3160919
3161014
3161078
3161082
3161103
3161638
3161681
3161757
3161878
3161941
3161951
3162145
3162621
3162696
3162718
3162977
3163106
3163432
3163572
3163602
3163695
3164218
3164275
3164644
3164684
3165052
3165354
3165358
3165507
3165598
3165704
3165795
3166116
3166221
3166261
3166271
3166394
3166593
3166649
3166650
3166709
3166755
3166760
3166893
3166910
3166958
3166959
3167096
3167501
3167645
3167771
3167846
3167890
3167996
3168079
3168344
3168790
3168873
3168939
3168952
3169181
3169446
3169563
3169876
3169899
3170055
3170117
3170399
3170653
3170681
3170688
3170866
3170961
3170966
3171114
3171350
3171368
3171391
3171457
3171501
3171573
3171582
3171974
3172032
3172350
3172378
3172755
3172787
3172875
3172928
3172944
3173369
3173641
3173697
3173852
3173940
3174035
3174106
3174242
3174415
3174455
3174496
3174581
3174665
3174684
3174829
3174861
3174862
3174990
3175069
3175106
3175228
3175656
3175731
3175886
3176092
3176245
3176310
3176468
3176611
3176799
3177140
3177427
3177491
3177803
3177815
3178080
3178102
3178380
3178551
3178856
3178947
3179075
3179117
3179756
3179915
3179948
3180145
3180205
3180228
3180263
3180279
3180548
3180622
3180870
3180956
3180958
3181500
3181633
3181643
3181778
3181946
3182061
3182249
3182284
3182345
3182364
3182385
3182408
3182640
3182690
3182696
3182697
3182714
3182722
3182919
3183075
3183122
3183182
3183209
3183252
3183473
3183492
3183581
3183607
3183708
3183713
3184212
3184271
3184283
3184292
3184528
3184651
3184862
3184897
3185065
3185129
3185139
3185230
3185602
3185948
3186179
3186311
3186319
3186380
3186445
3186660
3186718
3186789
3186838
3186879
3187107
3187315
3187352
3187510
3187739
3187974
3188036
3188199
3188275
3188513
3188541
3188566
3188604
3188658
3188786
3188929
3188999
3189254
3189255
3189489
3189581
3189784
3189839
3189917
3189926
3190044
3190060
3190150
3190304
3190340
3190449
3190546
3190778
3191035
3191305
3191331
3191370
3191649
3191801
3192150
3192193
3192428
3192494
3192675
3192822
3192824
3193081
3193153
3193250
3193380
3193417
3193427
3193625
3193693
3193709
3193951
3194002
3194051
3194128
3194179
3194212
3194283
3194467
3194728
3194824
3195001
3195048
3195263
3195485
3195571
3195826
3195975
3196120
3196375
3196426
3196563
3196757
3196791
3196970
3197401
3197443
3197517
3197522
3197564
3197594
3197980
3198137
3198212
3198343
3198392
3198436
3198561
3198689
3198819
3198866
3198937
3198962
3199023
3199068
3199344
3199533
3199837
3199890
3199906
3199934
3200004
3200038
3200137
3200494
3200543
3200570
3200572
3201009
3201018
3201183
3201202
3201303
3201324
3201359
3201470
3202030
3202123
3202216
3202411
3202534
3202627
3202724
3202749
3202753
3202874
3202970
3203029
3203099
3203239
3203376
3203429
3203606
3203764
3203915
3204055
3204089
3204114
3204140
3204242
3204867
3204979
3205022
3205761
3205806
3205868
3205928
3206215
3206321
3206703
3206913
3206985
3207423
3207551
3207721
3207908
3207921
3208093
3208106
3208135
3208371
3208470
3208967
3209141
3209159
3209229
3209342
3209456
3209570
3209698
3209743
3210102
3210757
3210761
3210918
3210960
3210963
3211109
3211110
3211144
3211865
3212303
3212330
3212474
3212571
3212662
3212792
3212861
3213156
3213159
3213438
3213867
3214021
3214123
3214242
3214273
3214298
3214313
3214620
3214789
3214857
3215540
3215681
3215810
3216188
3216282
3216359
3216567
3216617
3216862
3217179
3217294
3217506
3217569
3217638
3218076
3218143
3218197
3218250
3218326
3218470
3218484
3218540
3218603
3218832
3218864
3218943
3219028
3219053
3219181
3219429
3219537
3219851
3219925
3219927
3220282
3220381
3220407
3220417
3220617
3220774
3220938
3221494
3221571
3221841
3221938
3222257
3222260
3222418
3222517
3222525
3222577
3222902
3222926
3222927
3223108
3223178
3223349
3223379
3223410
3223634
3223996
3224145
3224150
3224406
3224426
3224766
3224815
3224832
3225103
3225179
3225333
3225757
3225796
3225876
3226050
3226055
3226086
3226142
3226412
3226428
3226439
3226475
3226479
3226655
3227013
3227116
3227148
3227172
3227189
3227323
3227351
3227426
3227453
3227606
3227830
3227879
3227976
3228101
3228275
3228326
3228666
3228743
3228756
3228769
3228879
3229092
3229161
3229344
3229349
3229461
3229547
3229579
3229764
3230426
3230803
3231137
3231218
3231247
3231346
3231397
3231708
3231771
3231792
3231845
3231854
3232112
3232202
3232268
3232280
3232480
3232676
3232967
3233062
3233416
3233436
3233891
3233992
3234225
3234497
3234522
3234607
3234608
3234746
3234986
3235021
3235123
3235233
3235364
3235476
3235739
3235861
3236038
3236134
3236171
3236211
3236368
3236655
3237379
3237431
3237483
3237636
3237745
3237944
3238808
3238823
3239027
3239030
3239050
3239163
3239191
3239280
3239419
3239458
3239846
3239950
3239975
3240385
3240545
3240609
3240824
3240870
3241024
3241239
3241637
3241852
3241916
3241980
3242031
3242033
3242067
3242095
3242221
3242325
3242378
3242381
3242544
3242548
3242568
3242945
3243119
3243206
3243271
3243534
3243702
3243886
3243949
3244082
3244154
3244283
3244432
3244495
3244794
3244941
3244946
3245019
3245059
3245332
3245392
3245476
3245727
3245767
3245780
3246101
3246262
3246403
3246486
3246660
3246829
3246922
3246974
3247107
3247315
3247349
3247415
3247538
3248065
3248282
3248456
3248701
3248771
3248881
3248947
3249140
3249459
3249469
3249543
3249704
3249964
3249965
3250126
3250289
3250320
3250323
3250438
3250449
3250457
3250886
3250956
3251219
3251225
3251647
3251710
3251820
3251852
3251886
3251923
3252054
3252536
3252564
3252747
3252803
3253075
3253152
3253208
3253406
3253432
3253490
3253695
3253881
3253936
3254112
3254239
3254410
3254413
3254445
3254614
3254656
3254660
3254849
3254880
3254890
3255150
3255362
3255531
3255554
3255648
3255949
3256054
3256233
3256539
3256734
3256803
3256880
3257037
3257054
3257432
3257491
3257833
3257873
3258268
3258329
3258503
3258579
3258633
3258860
3259215
3259439
3259597
3259729
3260475
3260567
3260693
3260710
3260767
3260792
3260856
3260912
3261123
3261196
3261346
3261408
3261416
3261558
3261603
3261624
3261844
3261979
3262199
3262270
3262338
3262362
3262672
3262825
3263125
3263333
3263759
3264300
3264480
3264512
3264680
3264808
3265008
3265257
3265474
3265582
3265658
3265760
3266012
3266091
3266679
3266881
3266975
3267878
3268046
3268072
3268082
3268096
3268152
3268299
3268449
3268523
3268563
3268721
3268747
3268760
3268763
3269111
3269415
3269437
3269461
3270344
3270506
3270942
3271356
3271636
3271812
3271848
3271916
3272024
3272346
3272415
3272497
3272595
3272712
3272749
3272784
3272853
3273097
3273126
3273222
3273718
3273729
3273867
3273911
3273933
3273972
3274078
3274153
3274682
3274708
3274941
3274989
3275221
3275763
3275882
3276025
3276104
3276116
3276469
3277030
3277082
3277180
3277370
3277385
3277610
3277670
3277719
3278019
3278169
3278522
3278559
3278704
3278888
3279226
3279293
3279627
3279709
3280013
3280460
3280670
3280727
3280854
3281149
3281179
3281411
3281452
3281461
3281510
3282146
3282201
3282206
3282413
3282486
3282545
3282602
3282700
3282818
3282876
3282886
3282977
3283102
3283267
3283442
3283636
3283648
3283942
3284225
3284364
3284380
3284466
3284633
3284641
3284752
3285000
3285016
3285142
3285205
3285251
3285263
3285419
3285457
3285670
3285727
3285928
3286260
3286342
3286460
3286535
3286777
3286839
3287406
3287465
3287572
3287638
3287692
3287738
3287913
3287975
3288424
3288578
3288680
3288794
3288855
3288867
3288903
3288997
3289060
3289115
3289385
3289412
3289663
3289813
3289902
3290386
3290761
3290902
3290975
3291138
3291222
3291345
3292012
3292252
3292268
3292475
3292506
3292999
3293075
3293145
3293210
3293285
3293293
3293684
3293705
3293919
3294105
3294168
3294597
3294990
3295013
3295014
3295151
3295256
3295361
3295374
3295834
3296065
3296404
3296556
3296662
3297087
3297275
3297282
3297449
3297452
3297679
3297971
3298394
3298411
3298575
3298801
3298877
3298901
3299002
3299086
3299108
3299330
3299344
3299386
3299427
3299651
3299829
3299988
3300002
3300003
3300162
3300233
3300301
3300569
3300618
3300691
3301069
3301105
3301118
3301605
3302072
3302085
3302116
3302436
3302774
3302815
3303044
3303273
3303298
3303356
3303365
3303858
3304073
3304128
3304168
3304285
3304481
3304622
3305391
3305392
3305432
3305476
3305630
3305733
3306115
3306205
3306395
3306511
3306642
3306760
3306776
3306925
3306969
3307021
3307289
3307464
3307505
3308030
3308528
3308906
3309291
3309456
3309577
3309656
3309704
3309738
3310084
3310399
3310440
3310783
3310901
3311164
3311277
3311446
3311503
3311771
3312065
3312148
3312307
3312401
3312445
3312453
3312591
3312683
3312794
3312973
3313125
3313178
3313424
3313820
3314027
3314489
3314590
3315069
3315083
3315100
3315103
3315607
3315629
3315657
3315763
3316130
3316158
3316510
3316522
3316555
3316583
3316669
3316854
3316864
3316967
3316983
3317033
3317099
3317385
3317737
3317787
3318017
3318242
3318300
3318465
3318651
3318902
3319147
3319185
3319263
3319328
3319377
3319672
3319860
3319912
3320957
3320964
3321228
3321269
3321434
3321455
3321593
3321691
3321771
3321996
3322248
3322409
3322667
3322681
3322778
3322843
3322983
3323179
3323344
3323357
3323387
3323389
3323523
3323612
3323736
3323785
3323819
3323880
3324140
3324480
3324725
3324846
3324976
3325026
3325187
3325308
3325355
3325419
3325429
3325685
3325790
3325883
3325886
3326083
3326193
3326299
3326384
3326466
3326582
3326624
3326974
3327088
3327139
3327333
3327604
3327650
3327749
3327752
3327954
3328074
3328250
3328315
3328687
3328843
3328847
3328969
3328973
3329109
3329172
3329348
3329410
3329480
3329870
3329978
3330024
3330169
3330204
3330442
3330581
3330631
3330772
3330837
3330927
3330989
3331039
3331122
3331206
3331213
3331277
3331357
3331505
3331657
3331737
3332137
3332154
3332356
3332376
3332409
3332775
3332830
3332990
3333177
3333263
3333266
3333398
3333472
3333748
3333758
3334254
3334295
3334449
3334479
3334534
3334684
3334781
3334998
3335214
3335356
3335557
3335609
3335823
3335831
3336072
3336262
3336325
3336400
3336462
3336469
3336699
3336890
3336896
3336924
3337005
3337088
3337093
3337188
3337205
3337280
3337387
3337492
3337680
3337787
3337952
3337956
3338032
3338060
3338177
3338690
3338811
3339437
3339555
3339745
3339997
3340058
3340082
3340159
3340623
3340683
3340759
3341322
3341509
3341604
3341673
3341742
3341796
3341838
3342004
3342048
3342392
3342414
3342491
3342805
3342946
3343066
3343158
3343335
3343398
3343594
3343605
3343642
3343673
3343857
3343921
3343931
3344054
3344064
3344267
3344605
3344894
3345265
3345571
3345575
3345828
3346514
3346728
3346766
3346793
3346842
3346900
3346922
3347271
3347367
3347394
3347409
3347471
3347498
3347525
3347598
3347619
3347711
3347799
3347812
3347982
3348230
3348236
3348294
3348628
3348643
3349170
3349218
3349647
3349687
3349729
3349867
3350102
3350524
3350717
3350832
3350843
3351253
3351274
3351544
3351645
3351893
3352045
3352151
3352180
3352313
3352866
3353245
3353366
3353402
3353452
3353495
3353727
3353803
3354032
3354151
3354152
3354246
3354677
3354732
3354758
3354878
3354989
3355300
3355566
3355931
3356025
3356038
3356076
3356294
3356355
3356465
3356547
3357021
3357281
3357395
3357407
3357743
3357773
3357965
3358219
3358494
3358500
3358848
3358892
3358995
3359142
3359188
3359433
3359487
3359550
3360092
3360102
3360258
3360335
3360346
3360363
3360424
3360511
3361135
3361241
3361349
3361406
3361458
3361894
3361909
3362142
3362299
3362408
3362544
3362596
3362697
3362825
3362857
3363086
3363455
3363584
3363722
3364167
3364378
3364485
3364533
3364640
3364815
3364926
3365104
3365269
3365580
3365637
3365697
3366097
3366444
3366453
3366717
3366740
3366872
3366945
3367094
3367262
3367368
3367718
3367806
3367898
3368029
3368280
3368508
3368575
3368619
3368642
3368904
3369242
3369435
3369523
3369643
3369650
3369688
3370230
3370310
3370341
3370429
3370479
3370525
3371024
3371370
3371470
3371601
3371710
3371850
3371939
3372221
3372319
3372508
3372575
3372645
3372999
3373127
3373301
3373548
3373715
3373770
3373823
3373972
3374200
3374264
3374292
3374298
3374491
3374869
3374886
3375274
3375462
3375619
3375948
3376013
3376034
3376223
3376450
3376544
3376593
3376740
3377104
3377204
3377454
3377633
3378017
3378276
3378401
3378486
3378534
3378587
3378641
3378644
3378681
3378847
3378926
3378966
3379268
3379277
3379905
3379961
3380330
3380548
3380765
3380810
3380869
3380913
3380966
3381224
3381394
3381476
3381522
3381576
3381762
3382117
3382398
3382506
3382666
3382689
3382784
3382894
3382951
3382984
3383037
3383363
3383514
3383803
3383937
3383948
3384133
3384179
3384275
3384350
3384562
3384696
3385026
3385097
3385310
3385603
3385631
3385642
3385709
3385953
3385985
3385998
3386031
3386050
3386237
3386507
3387094
3387110
3387222
3387295
3387540
3387842
3388531
3388723
3388880
3388898
3389051
3389279
3389490
3389590
3389725
3389793
3389871
3389917
3390063
3390100
3390155
3391005
3391012
3391015
3391073
3391089
3391326
3391733
3391781
3391956
3391978
3392018
3392265
3392516
3392563
3392574
3392623
3392767
3392827
3393208
3393335
3393378
3393436
3393665
3393761
3393857
3393934
3394002
3394026
3394169
3394190
3394364
3394594
3394751
3394806
3394829
3394879
3395266
3395377
3395399
3395537
3395738
3395758
3395951
3396151
3396161
3396343
3396349
3396387
3396435
3396542
3396682
3396697
3397160
3397334
3397593
3397761
3397853
3398125
3398385
3398535
3398748
3398787
3399073
3399102
3399153
3399159
3399606
3399670
3400297
3400641
3400652
3400869
3400966
3401223
3401275
3401289
3401632
3401807
3401813
3401862
3401973
3402020
3402247
3402285
3402320
3402367
3402479
3402575
3402998
3403016
3403554
3403623
3403826
3404072
3404415
3404554
3404591
3404838
3404931
3405263
3405800
3405909
3406132
3406164
3406348
3406604
3406863
3407234
3407293
3407459
3407774
3407820
3408069
3408113
3408131
3408135
3408832
3408911
3409088
3409840
3410089
3410194
3410259
3410346
3410461
3410512
3410533
3410905
3411014
3411167
3411448
3411620
3411667
3411910
3412433
3412470
3412813
3412977
3413239
3413313
3413408
3413453
3413506
3413557
3413559
3413610
3413757
3414328
3414486
3414688
3414704
3414790
3414909
3415010
3415045
3415286
3415297
3415431
3415524
3415868
3415872
3415907
3415930
3415984
3416053
3416163
3416228
3416304
3416418
3416601
3417158
3417286
3417364
3417573
3417778
3418102
3418246
3418273
3418358
3418364
3418559
3418713
3418887
3419049
3419749
3419960
3420355
3420496
3420706
3420918
3420990
3421033
3421207
3421223
3421279
3421312
3421400
3421462
3421956
3422101
3422149
3422419
3422471
3422498
3422560
3422668
3422696
3423066
3423104
3423172
3423323
3423357
3423380
3423449
3423484
3423885
3424015
3424095
3424137
3424213
3424332
3424544
3424572
3424682
3424805
3424980
3425075
3425205
3425315
3425385
3425449
3425516
3425851
3425958
3426163
3426214
3426262
3426319
3426435
3426498
3426501
3426606
3426613
3427007
3427280
3427442
3427481
3427742
3428031
3428052
3428080
3428436
3428732
3429045
3429257
3429367
3429373
3429471
3429543
3429639
3429713
3429751
3429864
3429868
3429926
3429961
3430103
3430396
3430563
3430639
3430670
3431301
3431443
3431484
3431673
3431753
3432005
3432041
3432060
3432189
3432324
3432343
3432359
3432371
3432459
3432564
3432775
3432818
3432859
3433092
3433101
3433257
3433383
3433422
3433654
3433748
3433963
3434146
3434158
3434265
3434304
3434333
3434534
3434730
3434750
3435053
3435263
3435631
3435690
3435699
3435833
3435840
3435868
3435965
3436006
3436102
3436466
3436706
3436814
3436929
3437040
3437382
3437537
3437733
3438020
3438120
3438354
3438462
3438480
3438520
3438859
3438901
3439129
3439169
3439228
3439434
3439683
3440071
3440112
3440243
3440330
3440397
3440437
3440677
3440797
3440814
3440990
3441323
3441468
3441491
3441531
3441688
3441877
3441895
3442103
3442131
3442136
3442250
3442605
3442837
3442838
3442885
3442893
3442941
3443083
3443278
3443381
3443440
3443544
3443608
3443984
3444140
3444312
3444364
3444658
3444662
3444695
3444880
3444897
3445316
3445444
3445805
3445877
3446081
3446107
3446163
3446209
3446233
3446296
3446594
3446605
3446828
3446889
3446910
3446978
3447113
3447157
3447791
3448008
3448173
3448271
3448385
3448433
3448535
3448824
3448963
3448971
3449215
3449309
3449346
3449495
3449752
3449783
3449833
3450051
3450312
3450393
3450441
3450736
3450781
3451023
3451025
3451162
3451291
3451299
3451350
3451524
3451700
3451945
3452095
3452198
3452361
3452966
3453164
3453268
3453600
3453614
3453740
3453938
3453966
3454320
3454454
3454497
3454652
3454713
3455268
3455349
3455762
3455910
3456020
3456228
3456540
3456545
3456565
3457091
3457135
3457557
3457717
3457718
3457745
3457835
3457976
3458173
3458278
3458510
3458573
3458625
3458647
3458664
3458678
3458706
3458822
3458850
3459409
3459410
3459451
3459513
3459540
3459645
3459808
3460008
3460150
3460158
3460173
3460296
3460463
3461044
3461066
3461278
3461429
3461653
3461864
3461868
3461886
3461930
3462078
3462374
3462610
3462693
3462935
3463041
3463347
3463630
3463703
3464168
3464713
3464768
3464851
