11
23
80
349
359
599
729
903
1035
1045
1083
1292
1325
1351
1416
1557
1631
1660
1759
1851
1865
1906
1973
1983
2031
2181
2201
2218
2250
2345
2346
2417
2424
2428
2459
2547
2631
2720
2749
2823
2951
2960
2992
3141
3273
3444
3612
3821
3957
4165
4246
4453
4549
4566
4569
4583
4704
4741
4813
4857
4858
4949
5158
5201
5454
5459
5535
5620
5644
5811
5853
5931
5949
6016
6055
6152
6292
6345
6385
6563
6593
6647
6667
6826
6930
6948
7018
7189
7212
7281
7394
7625
7750
7829
7965
7979
8069
8197
8233
8325
8436
8475
8712
8719
8824
8863
8875
8986
8999
9173
9192
9213
9230
9277
9299
9507
9695
9867
10009
10272
10379
10404
10462
10495
10513
10851
10933
11027
11028
11049
11131
11255
11338
11525
11535
11641
11669
11749
11812
11833
11888
11936
11942
11981
12005
12358
12414
12419
12424
12699
12769
12956
13057
13084
13108
13239
13347
13371
13387
13404
13452
13603
13793
13818
13874
13969
14262
14284
14362
14498
14612
14614
14703
14715
14764
14775
14835
14916
14920
14925
14973
15177
15184
15201
15417
15496
15555
15797
15809
15947
15988
16188
16248
16332
16334
16441
16485
16491
16598
16631
16700
16960
17056
17099
17162
17183
17217
17389
17499
17751
17839
17874
17913
17914
18003
18039
18092
18098
18128
18330
18415
18591
18602
18604
18674
18694
18720
18908
19015
19198
19254
19272
19346
19401
19503
19765
19863
19937
20010
20094
20103
20116
20464
20558
20654
20901
21002
21124
21251
21321
21324
21325
21380
21525
21559
21648
21683
21862
21984
22018
22119
22139
22150
22319
22365
22732
22773
22928
23001
23115
23141
23169
23263
23299
23309
23422
23540
23597
23611
23694
24074
24241
24309
24537
24571
24573
24654
24668
24708
24721
24849
24922
25036
25049
25150
25236
25238
25325
25488
25493
25694
25856
25857
25976
26006
26043
26179
26288
26587
26658
26730
26808
27073
27135
27237
27270
27317
27354
27465
27579
27609
27618
27691
27703
27706
27751
27879
27946
27996
28024
28056
28125
28157
28263
28400
28518
28662
28860
28891
28902
28928
28950
28976
29055
29129
29139
29205
29534
29538
29544
29590
29592
29762
29789
29794
29870
30004
30051
30194
30199
30205
30371
30391
30447
30459
30506
30572
30589
30708
31009
31156
31179
31217
31275
31391
31430
31523
31563
31639
31884
31889
31923
32028
32054
32059
32121
32215
32236
32355
32372
32380
32489
32577
32638
32804
32824
32859
32867
32910
33428
33437
33581
33722
33808
33927
33997
34002
34029
34175
34341
34360
34373
34389
34474
34524
34608
34664
34702
34838
34901
34921
34932
34997
35010
35013
35017
35153
35466
35485
35598
35621
35741
35757
35760
35962
35997
36140
36187
36201
36281
36424
36503
36692
36770
36801
36808
36943
37321
37421
37500
37604
38285
38416
38444
38460
38566
38588
38989
39088
39177
39233
39390
39557
39595
39633
39644
39715
39800
39902
39922
39932
40039
40149
40160
40246
40265
40285
40309
40448
40511
40560
40613
40615
40798
40893
40940
41005
41092
41102
41210
41271
41467
41638
41808
41981
42073
42093
42103
42109
42238
42349
42446
42540
42669
42785
42819
42826
42869
42908
42942
43020
43043
43191
43197
43307
43333
43341
43395
43936
43982
44023
44046
44161
44324
44378
44447
44696
45180
45319
45323
45481
45735
45808
45927
45931
45937
45940
46092
46109
46143
46296
46353
46402
46426
46519
46557
46615
46801
46863
46875
47044
47070
47074
47259
47272
47326
47466
47475
47654
47853
48120
48170
48172
48179
48258
48455
48484
48492
48533
48585
48769
48911
48948
49097
49139
49149
49431
49610
49671
49682
50076
50079
50111
50472
50579
50694
50716
50771
50775
50800
50831
50920
50949
50955
50968
51020
51059
51114
51159
51478
51517
51519
51569
51885
51895
52000
52135
52162
52181
52325
52442
52467
52518
52634
52650
52662
52835
53013
53067
53088
53219
53249
53336
53417
53428
53512
53664
53740
53784
53833
53872
53888
53971
54441
54569
54627
54651
54709
54754
54887
54892
55299
55325
55334
55647
55706
55774
55798
55943
56078
56124
56177
56200
56224
56257
56372
56407
56420
56424
56448
56577
56611
56752
56799
56998
57022
57028
57043
57063
57253
57282
57362
57555
57587
57603
57639
58147
58377
58410
58425
58448
58473
58522
58566
58586
58652
58883
58934
59075
59138
59284
59510
59738
59834
59890
59981
60017
60029
60119
60125
60286
60375
60376
60420
60502
60537
60606
60731
60850
61040
61155
61189
61191
61494
61606
61632
61778
61861
61904
61983
61996
62071
62121
62218
62224
62245
62299
62301
62315
62394
62454
62528
62536
62684
62765
62775
62802
62836
62940
62948
62984
62993
63061
63100
63206
63242
63301
63480
63482
63503
63575
63808
63859
63938
63969
64007
64163
64247
64262
64291
64301
64317
64377
64429
64574
64615
64620
64684
64885
64895
65052
65104
65119
65348
65507
65620
65631
65971
66110
66124
66129
66133
66170
66245
66391
66398
66418
66636
66773
66799
67096
67152
67167
67300
67377
67379
67410
67814
67881
68074
68145
68152
68174
68180
68232
68368
68473
68480
68559
68583
68593
69197
69336
69411
69489
69557
69619
69669
69737
69766
69845
70009
70016
70129
70328
70367
70452
70548
70631
70721
70723
70794
70851
70956
70991
71010
71023
71161
71252
71462
71529
71532
71764
71910
72038
72048
72052
72145
72188
72189
72470
72749
72815
73021
73134
73268
73378
73385
73386
73425
73645
73835
73954
73959
73980
74056
74201
74346
74362
74469
74496
74520
74646
74789
74805
74816
74821
74876
74976
75040
75080
75240
75482
75737
75789
75799
75858
75869
75945
75985
76076
76145
76179
76353
76358
76526
76644
76672
76708
76758
76782
76817
76868
76963
77089
77160
77186
77194
77229
77244
77344
77420
77577
77700
77840
77861
77898
78044
78119
78124
78296
78310
78511
78722
78727
78746
78774
78786
79075
79233
79343
79549
79571
79621
79723
79822
79920
79957
80202
80268
80463
80505
80576
80647
80757
80803
80810
80811
80890
80928
80965
81016
81265
81291
81350
81373
81397
81516
81558
81783
81998
82047
82166
82211
82428
82518
82558
82562
82642
82647
82776
82788
82795
82811
82906
82924
82945
83015
83035
83080
83399
83414
83428
83541
83560
83594
84085
84108
84239
84273
84423
84462
84592
84607
84639
85047
85100
85181
85200
85310
85320
85352
85462
85538
85572
85637
85735
85739
85788
85792
86002
86067
86332
86354
86505
86513
86517
86786
86794
86943
86979
87078
87275
87426
87438
87475
87508
87519
87544
87603
87649
87673
88188
88270
88282
88284
88298
88398
88457
88500
88534
88573
88612
88706
88903
89003
89057
89077
89123
89172
89235
89268
89398
89703
89708
89743
89766
89865
89883
89923
90256
90365
90404
90434
90471
90477
90550
90826
90834
90908
90956
90971
91029
91078
91515
91547
91621
92169
92332
92414
92431
92561
92687
92806
92857
92895
92905
93243
93255
93309
93386
93439
93450
93488
93577
93660
93685
93787
93828
93855
93925
93963
94071
94137
94198
94243
94360
94417
94424
94430
94496
94543
94613
95348
95455
95528
95746
96034
96206
96210
96251
96310
96335
96355
96411
96496
96546
96569
96580
96664
96703
96901
96985
97248
97418
97441
97590
97635
97786
97826
97851
97941
97949
98151
98228
98296
98402
98524
98550
98582
98626
98646
98655
98748
98768
98801
98848
98879
98983
99083
99096
99130
99257
99317
99372
99425
99457
99498
99543
99552
99656
99671
99839
99969
100013
100031
100048
100065
100098
100121
100285
100448
100450
100609
100699
100739
100876
100993
101225
101259
101311
101482
101499
101590
101660
101722
101784
101827
101976
102094
102194
102338
102427
102464
102555
102709
102922
102943
102970
102995
103196
103235
103478
103591
103597
103609
103682
103940
104000
104481
104537
104548
104627
104654
104824
104865
105064
105099
105219
105314
105503
105518
105520
105607
105649
105712
105722
105735
105755
105774
105796
105803
105838
105870
106160
106504
106537
106563
106658
106749
106765
106863
106891
106925
106943
107074
107183
107389
107589
107851
107877
107879
107889
107962
107963
108021
108137
108222
108267
108373
108395
108619
108689
109027
109196
109276
109296
109339
109352
109435
109444
109625
109645
109651
109877
109951
109996
110134
110166
110172
110192
110409
110440
110453
110592
110647
110903
110906
111052
111515
111637
111653
111689
111779
111797
111833
111964
112051
112074
112108
112386
112571
112588
112690
112726
112735
112837
112911
112938
113143
113345
113459
113501
113551
113561
113626
113704
113960
114015
114051
114083
114120
114234
114414
114422
114468
114620
114675
114759
114921
115021
115029
115242
115352
115397
115539
115635
115655
115686
115792
116044
116122
116302
116416
116491
116505
116636
116835
117062
117085
117091
117134
117148
117220
117300
117502
117612
117767
117834
117872
117873
118053
118084
118320
118405
118526
118612
118668
118701
118753
119008
119097
119200
119262
119369
119487
119582
119750
119890
120062
120073
120084
120148
120170
120507
120527
120592
120601
120640
120652
120668
120793
120827
120896
120960
120990
121082
121120
121174
121213
121253
121475
121634
121674
121857
121863
121920
121938
121983
121993
122043
122252
122321
122415
122558
122882
123006
123167
123171
123238
123323
123360
123361
123408
123471
123500
123502
123565
123813
123949
124081
124097
124307
124346
124358
124374
124688
124920
124946
124962
124974
125018
125070
125099
125115
125228
125268
125434
125614
125727
125795
126097
126108
126123
126223
126234
126424
126430
126512
126517
126578
126594
126659
126741
126750
126994
127031
127486
127582
127663
127665
127670
127674
127787
127971
128088
128175
128223
128234
128304
128322
128358
128393
128471
128479
128504
128548
128575
128609
128653
128937
129053
129063
129179
129211
129215
129312
129402
129612
129647
129668
129766
129842
130117
130130
130242
130244
130456
130547
130686
130745
130750
130827
130874
130927
130932
131241
131344
131403
131557
131594
131687
131737
131823
131889
131941
131989
132010
132213
132238
132309
132320
132377
132428
132598
132731
132961
132975
133164
133365
133384
133502
133664
133802
133896
134063
134303
134335
134390
134620
134712
134933
134937
135033
135053
135113
135532
135553
135741
135899
135938
136021
136091
136126
136174
136185
136203
136275
136324
136333
136361
136456
136494
136499
136709
136809
136928
136989
137142
137317
137533
137610
137679
137704
137743
137768
137808
137943
138307
138393
138437
138572
138765
138809
138829
138876
138999
139099
139184
139374
139393
139616
139617
139704
139777
139868
140002
140047
140067
140172
140222
140401
140522
140558
140562
140671
140728
140734
140948
140972
140993
141085
141148
141293
141399
141455
141661
141770
141959
141969
142060
142090
142137
142143
142153
142353
142415
142458
142642
142877
142904
142907
142920
142965
143053
143157
143257
143349
143414
143477
143517
143560
143597
143680
143784
143848
143924
143977
143978
143985
144017
144061
144109
144143
144167
144179
144257
144268
144323
144424
144707
144727
144779
144832
145360
145450
145831
145859
145863
145975
146073
146076
146091
146120
146135
146165
146192
146271
146282
146316
146378
146507
146522
146549
146614
146693
146705
146760
146786
146839
146851
147036
147062
147268
147285
147313
147327
147397
147429
147540
147559
147624
147657
147715
147759
147799
148261
148426
148452
148711
148921
148965
149002
149008
149057
149273
149333
149388
149399
149479
149651
149661
149674
149684
149686
149778
149811
149906
149994
150029
150048
150060
150117
150152
150197
150212
150309
150460
150601
150614
150675
150845
150908
151075
151111
151117
151262
151449
151685
151686
151724
151755
151767
151791
151795
151852
151886
151914
152015
152042
152143
152177
152198
152227
152275
152341
152400
152556
152636
152687
152779
152787
152878
153062
153395
153397
153451
153612
153682
153713
153763
153818
153970
153994
154102
154158
154317
154452
154465
154479
154717
154836
154899
155254
155401
155421
155769
155774
155835
155967
155982
156050
156333
156346
156405
156433
156612
156729
156773
156776
156913
156926
157032
157070
157078
157321
157424
157598
157695
158000
158247
158440
158497
158602
158628
158639
158814
158947
159061
159093
159147
159158
159239
159310
159350
159396
159403
159483
159535
159548
159578
159781
159853
160159
160364
160426
160477
160556
160605
160623
160631
160713
160864
160998
161021
161114
161288
161336
161407
161661
161865
162034
162064
162074
162144
162150
162194
162219
162443
162497
162580
162690
162691
162734
162917
162979
163015
163021
163165
163243
163497
163545
163759
163899
163901
163966
163995
164010
164098
164145
164170
164201
164208
164234
164348
164449
164577
164662
164729
164734
164740
164829
164841
165040
165068
165116
165142
165300
165333
165564
165637
165687
165814
166138
166155
166189
166195
166300
166318
166334
166376
166388
166429
166674
166712
166718
166753
166755
166945
166949
167397
167588
167775
168304
168476
168484
168554
168574
168603
168642
168749
168827
169018
169117
169197
169227
169385
169509
169521
169593
169690
169738
169787
169913
169915
169993
170037
170152
170182
170190
170214
170498
170605
170610
170713
170947
170998
171029
171031
171076
171141
171158
171277
171298
171355
171371
171385
171393
171457
171667
171740
171963
172201
172321
172327
172410
172485
172555
172563
172571
172640
172649
172655
172725
172879
172975
172998
173035
173071
173101
173105
173152
173262
173269
173362
173428
173499
173630
173865
173974
174039
174200
174251
174291
174488
174512
174530
174578
174599
174629
174636
174746
174791
174940
174982
175161
175336
175486
175554
175574
175629
175807
175997
176207
176388
176433
176480
176539
176542
176732
176768
176914
177024
177195
177238
177275
177325
177382
177391
177420
177575
177683
177800
177844
177892
178024
178283
178341
178371
178390
178601
178769
178981
179341
179470
179474
179569
179721
179747
179808
179836
179907
180008
180055
180056
180077
180113
180161
180171
180181
180268
180507
180604
180798
180816
180890
180899
180982
181001
181190
181249
181258
181326
181368
181583
181675
181696
181815
181882
181915
181953
181985
182033
182133
182152
182384
182461
182477
182761
182773
182969
183057
183076
183237
183276
183478
183574
184447
184622
184635
184641
184830
184949
184959
185002
185107
185195
185198
185237
185249
185322
185326
185440
185662
185739
185762
185853
185982
186030
186058
186062
186074
186133
186325
186442
186647
186659
186668
186748
186751
186801
187194
187198
187231
187253
187281
187356
187546
187599
187644
187719
187808
188109
188162
188186
188305
188376
188402
188426
188546
188611
188758
188768
188798
188999
189051
189056
189073
189151
189176
189300
189375
189430
189636
189750
189802
189832
189891
189905
190154
190222
190272
190318
190341
190471
190511
190626
190648
190706
190708
190815
190865
191046
191213
191276
191296
191323
191421
191452
191494
191496
191513
191554
191724
191924
191929
191972
192051
192206
192311
192480
192491
192514
192572
192703
192798
192839
192879
192911
192912
192996
193189
193198
193219
193249
193283
193643
193690
193981
194087
194130
194421
194478
194534
194633
194725
194728
194731
194776
194933
195111
195138
195161
195451
195781
195969
195983
196009
196117
196127
196172
196220
196261
196389
196431
196484
196664
196748
196759
196802
196878
197048
197082
197095
197115
197239
197254
197262
197318
197386
197414
197574
197604
197656
197779
197798
197859
197917
197934
197940
197962
197973
198046
198141
198171
198325
198332
198389
198592
198620
198746
198786
198805
198900
198974
199007
199016
199073
199103
199123
199265
199295
199400
199545
199718
199783
199889
200009
200035
200133
200149
200442
200477
200499
200584
200688
200835
200921
201039
201253
201263
201428
201450
201481
201543
201741
201877
202029
202108
202148
202179
202525
202666
202756
202846
202941
202953
202966
202977
203081
203175
203234
203269
203465
203469
203578
203731
203836
203900
204051
204079
204143
204353
204367
204377
204412
204425
204482
204607
204641
204667
204674
204695
204990
205000
205236
205285
205445
205586
205597
205634
205805
205883
205992
206180
206256
206281
206539
206652
206676
206843
206903
206954
207021
207160
207170
207321
207362
207749
207792
207828
207849
207959
207979
208002
208144
208332
208345
208527
208589
208631
208830
208846
208941
209011
209039
209097
209099
209119
209164
209270
209382
209469
209653
209786
209959
210010
210067
210171
210266
210310
210492
210501
210644
210727
210831
210888
211004
211011
211118
211177
211211
211284
211326
211335
211409
211565
211619
211995
212117
212166
212376
212396
212426
212599
212703
212768
212787
213250
213303
213375
213753
213838
213845
213900
213933
213960
213961
214016
214103
214134
214282
214415
214445
214466
214707
214722
214796
214810
214832
214982
215039
215292
215293
215461
215464
215574
215616
215688
215856
215963
215994
216016
216030
216058
216128
216221
216280
216303
216320
216432
216614
216691
216713
216962
217209
217241
217251
217518
217533
217583
217690
217773
217847
218098
218165
218315
218316
218355
218403
218443
218480
218503
218529
218588
218599
218617
218957
219075
219176
219271
219522
219651
219725
219822
219865
219883
219913
220176
220197
220283
220525
220632
220638
220666
220790
221052
221070
221089
221150
221173
221237
221329
221597
221621
221658
221756
221772
221786
221846
221905
222024
222068
222084
222272
222278
222334
222509
222535
222567
222595
222679
222795
222878
222889
222930
222936
223092
223182
223229
223244
223312
223346
223356
223429
223446
223532
223583
223623
223676
223713
223819
224004
224026
224101
224110
224401
224519
224660
224751
224933
224962
224974
225030
225669
225686
225723
225830
226302
226371
226401
226542
226564
226693
226725
227010
227129
227196
227389
227416
227548
227574
227689
227946
228196
228234
228239
228300
228389
228494
228562
228722
228732
228754
228798
228869
228933
229241
229352
229374
229450
229488
229596
229604
229667
229672
229706
229708
229729
229854
229866
229975
229989
230058
230104
230142
230339
230468
230612
230641
230670
230730
230833
230865
230923
230990
231047
231258
231323
231438
231588
231641
231944
231978
232016
232025
232042
232129
232248
232284
232374
232497
232718
232898
232978
232983
233007
233098
233183
233187
233204
233320
233337
233460
233605
233721
233747
233762
234018
234039
234128
234152
234388
234564
234624
234664
234721
234753
234892
234915
234969
234989
235003
235013
235023
235054
235096
235113
235184
235371
235422
235506
235594
235918
235924
235943
236061
236098
236115
236150
236237
236261
236320
236324
236427
236490
236568
236588
236704
236772
237039
237044
237105
237113
237159
237422
237636
237945
237980
238096
238100
238103
238113
238158
238182
238325
238332
238350
238431
238502
238628
238785
238863
238867
238944
239006
239162
239297
239299
239356
239415
239471
239486
239492
239500
239600
239606
239681
239859
239915
240199
240226
240242
240256
240595
240614
240671
240721
240829
240965
241056
241129
241150
241203
241337
241358
241475
241569
241646
241662
241683
241711
241838
241860
242048
242128
242232
242340
242377
242456
242463
242494
243049
243107
243137
243379
243419
243505
243599
243603
243608
243616
243830
243861
244010
244110
244189
244252
244286
244323
244329
244477
244527
244608
244797
244804
244805
244928
244937
245058
245129
245160
245298
245307
245358
245370
245394
245603
245693
245774
245814
245851
246027
246221
246222
246289
246373
246467
246475
246748
246971
247091
247160
247453
247486
247590
247668
247716
247735
247789
248271
248374
248401
248467
248496
248528
248638
248708
248828
248849
248870
248878
248892
248977
249122
249209
249234
249431
249530
249689
249705
249758
249866
249882
249971
249999
250067
250385
250394
250483
250575
250834
250904
250954
251083
251088
251208
251249
251304
251426
251468
251489
251506
251680
251706
251840
252021
252043
252246
252283
252349
252350
252389
252471
252514
252587
252599
252770
252865
252981
253041
253129
253374
253401
253441
253470
253526
253624
253699
253708
253750
253858
253995
254020
254037
254066
254087
254223
254227
254260
254300
254326
254605
254672
254679
254728
254913
254936
254998
255005
255126
255128
255192
255622
255802
255907
255995
256052
256062
256113
256120
256176
256289
256333
256404
256442
256489
256545
256612
256615
256725
256743
256901
257097
257626
257769
257782
257917
258030
258046
258234
258265
258291
258305
258363
258396
258412
258418
258565
258584
258671
258877
259135
259211
259239
259248
259317
259330
259336
259407
259485
259645
259733
259764
259898
259991
260021
260080
260084
260194
260287
260308
260499
260589
260599
260657
260732
260774
260874
261127
261137
261148
261469
261610
261678
261743
261814
261827
261840
261971
261995
262135
262202
262232
262243
262543
262551
262563
262564
262670
262797
262809
262884
262959
263248
263257
263267
263361
263485
263499
263653
263899
264021
264080
264148
264360
264404
264406
264436
264493
264531
264615
264732
264823
264866
264884
265242
265370
265536
265563
265669
265812
265906
266019
266220
266232
266360
266514
266680
266681
266710
266899
266945
267035
267197
267260
267267
267458
267473
267507
267609
267630
267641
267642
267879
267892
268028
268177
268187
268573
268612
268653
268699
268742
268763
268879
269025
269089
269176
269181
269223
269265
269312
269341
269353
269502
269575
269593
269619
269744
269855
269920
269937
269979
270050
270616
270705
270798
270916
271020
271104
271130
271183
271230
271286
271312
271353
271359
271415
271448
271501
271552
271629
271786
271879
271916
271938
271950
271984
272215
272432
272458
272547
272623
272706
272727
272950
273200
273208
273319
273495
273553
273596
273725
273985
273994
274068
274105
274137
274161
274185
274338
274357
274359
274441
274443
274460
274571
274686
274690
274727
274750
274925
274986
275079
275106
275203
275315
275338
275367
275417
275443
275541
275648
275749
275775
275784
275838
275937
276201
276405
276491
276502
276586
276591
276625
276700
276706
276735
276840
276855
276860
277236
277460
277751
277841
277929
278123
278144
278223
278409
278484
278486
278714
278753
278824
278855
278873
278889
278973
278986
279003
279053
279081
279232
279256
279307
279338
279393
279411
279483
279590
279676
279757
279816
279868
279907
279983
280046
280079
280090
280177
280247
280331
280380
280494
280527
280691
280756
280763
280838
280902
280912
281002
281105
281157
281253
281315
281419
281462
281654
281815
281951
282050
282102
282191
282201
282224
282346
282437
282512
282548
282590
282656
282732
282748
282928
283040
283060
283132
283158
283178
283230
283275
283615
283646
283804
283860
283967
284053
284065
284174
284329
284383
284423
284452
284625
284643
284652
284677
284751
284780
284825
284939
284974
285142
285152
285277
285352
285410
285440
285469
285643
285656
285692
285914
286205
286236
286260
286306
286334
286348
286613
286624
286647
287106
287298
287396
287456
287466
287560
287712
287790
287855
288096
288149
288282
288341
288523
288613
288741
288879
288979
289035
289118
289138
289154
289248
289260
289301
289522
289529
289535
289731
289807
289881
289921
290181
290322
290387
290408
290555
290566
290635
290646
290664
290692
290702
290720
290762
290837
291043
291073
291088
291092
291093
291199
291210
291367
291471
291619
291832
291878
291968
291977
291980
292000
292036
292074
292080
292099
292136
292142
292181
292310
292695
292847
292869
292946
292959
292985
293051
293090
293110
293136
293647
293715
293790
293801
294040
294070
294141
294154
294251
294269
294427
294767
294800
294827
294853
294887
295334
295403
295528
295530
296009
296311
296361
296460
296465
296534
296609
296722
296770
296880
297092
297095
297171
297244
297284
297380
297418
297438
297503
297561
297688
297731
298050
298080
298118
298371
298437
298556
298558
298582
298686
298706
298844
298960
298988
299044
299078
299120
299123
299164
299327
299842
300003
300147
300236
300298
300393
300415
300570
300680
300709
300778
300831
301254
301261
301302
301438
301454
301538
301590
301618
301635
301637
301727
301740
301897
302010
302097
302139
302177
302255
302311
302420
302435
302453
302461
302541
302653
302710
302719
302720
302742
302863
303031
303063
303202
303227
303433
303627
303634
303689
303904
304101
304269
304281
304312
304374
304398
304500
304503
304717
304785
304816
304962
305152
305179
305281
305284
305285
305424
305453
305551
305577
305686
305747
305788
305795
305799
305978
306024
306067
306071
306227
306358
306424
306607
306629
306643
306658
306734
306780
306972
307115
307190
307533
307590
307881
308202
308223
308280
308382
308580
308675
308726
308738
308760
308850
308918
308920
308995
309000
309071
309154
309248
309337
309409
309432
309446
309483
309544
309651
309812
310383
310421
310463
310518
310675
310694
310815
310890
310913
311022
311042
311202
311293
311307
311404
311478
311605
311633
311677
311698
311699
311808
311882
312141
312176
312280
312287
312439
312443
312539
312570
312660
312663
312702
313019
313091
313308
313505
313568
313660
313669
313713
313796
313817
313865
313916
313971
314061
314162
314279
314326
314435
314514
314545
314586
314697
314717
314718
314855
314954
315014
315203
315266
315309
315412
315449
315503
315584
315614
315671
315880
315897
315910
315946
315948
316112
316138
316166
316200
316349
316533
316618
316640
316652
316670
316710
316779
316800
316836
316929
317028
317052
317092
317226
317451
317462
317477
317484
317517
317569
317575
317612
317620
317750
317851
318164
318205
318243
318254
318274
318349
318714
318775
318903
319040
319055
319215
319218
319300
319354
319377
319399
319577
319853
319909
320087
320139
320467
320539
320556
320600
320603
320641
320698
320738
320882
320910
321015
321207
321267
321301
321351
321432
321572
321601
321819
321934
322016
322027
322141
322270
322276
322363
322399
322412
322579
322664
322806
323093
323136
323139
323189
323242
323260
323331
323623
323752
323955
324003
324023
324025
324029
324058
324066
324112
324167
324170
324402
324486
324500
324631
324813
324816
324946
324958
325263
325596
325602
325690
325935
326035
326040
326075
326120
326149
326279
326309
326326
326399
326408
326422
326459
326469
326550
326644
326669
326803
326831
326892
326901
326991
327145
327397
327425
327538
327734
327851
327931
328042
328070
328072
328157
328213
328424
328550
328700
328750
328828
329212
329233
329349
329376
329488
329685
329688
329714
329724
329770
329858
330029
330065
330080
330135
330267
330334
330375
330490
330526
330565
330599
330633
330929
331023
331265
331266
331374
331515
331691
331729
331811
331897
331961
332007
332045
332235
332263
332283
332415
332454
332575
332618
332660
332724
332859
332936
333031
333088
333160
333286
333325
333394
333653
333709
333731
333742
333914
333945
333968
334099
334150
334257
334471
334681
334873
335266
335289
335368
335449
335549
335658
335756
335760
335771
335774
335845
335914
335979
335988
336035
336118
336126
336143
336149
336248
336253
336464
336574
336593
336631
336719
336726
336741
336766
336841
336893
336933
336951
337038
337040
337359
337409
337486
337495
337496
337609
337639
337688
337900
337991
337995
338058
338264
338352
338353
338382
338385
338450
338575
338578
338666
338676
338749
338814
338902
339037
339413
339560
339724
339752
339796
339944
340056
340063
340082
340097
340137
340199
340225
340366
340373
340620
340670
340712
340721
340832
340884
340946
341035
341042
341079
341146
341157
341183
341190
341213
341343
341423
341441
341498
341537
341563
341593
341741
341767
341912
341966
342062
342128
342163
342234
342449
342513
342646
342651
342761
342836
342837
343024
343063
343064
343116
343156
343277
343292
343393
343548
343591
343737
343786
343793
343928
343974
344105
344107
344129
344180
344272
344295
344402
344554
344655
344818
345088
345119
345309
345399
345539
345864
345973
346122
346196
346204
346212
346217
346569
346600
346721
346945
347023
347039
347306
347329
347362
347372
347471
347654
347682
347752
347880
347963
348008
348134
348155
348474
348554
348718
348732
348828
348835
348907
348997
349078
349243
349272
349343
349365
349443
349492
349596
349667
349821
349838
349900
349906
349943
350236
350258
350483
350553
350554
350564
350617
350625
350662
350737
350750
350786
350790
350800
350825
350868
350901
351136
351291
351300
351343
351398
351501
351630
351663
351687
351700
351749
351764
351768
352045
352107
352204
352319
352472
352529
352579
352724
352726
352798
352837
352947
353007
353035
353041
353109
353377
353440
353461
353524
353570
353775
353810
353878
353879
353894
353971
354003
354045
354073
354324
354335
354442
354658
354671
354694
354845
354858
354998
355029
355052
355120
355199
355243
355330
355565
355581
355679
355772
356128
356189
356240
356241
356318
356459
356521
356632
356699
356719
356977
357044
357314
357388
357422
357430
357442
357538
357562
357607
357619
357656
357782
357827
357850
357951
357970
357985
357990
358013
358220
358223
358380
358393
358447
358472
358489
358504
358568
358678
358807
358965
359163
359171
359217
359387
359602
359612
359675
359710
359737
359781
359834
359920
359930
359939
359945
360008
360259
360578
360585
360613
360875
360927
360977
360987
361068
361115
361417
361420
361436
361491
361522
361696
361790
361862
361870
361977
362017
362397
362511
362540
362630
362754
362921
362964
363153
363222
363257
363283
363310
363472
363478
363492
363625
363657
363716
363748
363904
363941
364204
364357
364707
364767
364924
364976
365026
365176
365393
366043
366141
366270
366344
366412
366554
366591
366631
366872
367053
367072
367293
367413
367483
367625
367660
367671
367784
367909
367962
368194
368199
368208
368301
368446
368571
368624
368865
368890
368917
369360
369364
369371
369509
369653
369795
369901
369997
370088
370478
370666
370684
370857
370879
370886
370929
371044
371052
371069
371093
371120
371123
371194
371425
371560
371568
371720
371721
371726
371893
371896
371914
371924
372058
372135
372180
372274
372308
372465
372735
372965
372976
373030
373064
373371
373605
373777
373840
373849
374118
374135
374163
374184
374192
374230
374356
374476
374556
374601
374751
374851
375002
375010
375078
375166
375323
375491
375711
375741
375831
376093
376168
376177
376308
376359
376433
376603
376695
376757
376838
376925
377006
377022
377230
377302
377306
377466
377503
377721
377728
377939
378077
378175
378371
378537
378560
378703
378914
378961
379118
379126
379177
379211
379250
379265
379395
379477
379496
379605
379961
380013
380038
380077
380188
380360
380431
380472
380519
380525
380708
380712
380823
380986
381163
381191
381396
381402
381622
381888
382023
382131
382170
382235
382280
382296
382499
382541
382560
382708
382722
382757
382784
382981
383084
383125
383243
383348
383455
383464
383505
383820
383860
383870
383895
384237
384250
384258
384597
384726
384956
384965
384981
384996
385003
385035
385142
385262
385369
385386
385488
385713
385735
385840
386326
386351
386431
386497
386516
386517
386538
386614
386616
386618
386642
386708
386888
386977
387013
387088
387103
387129
387157
387228
387252
387268
387288
387351
387414
387518
387533
387582
387790
387814
387829
387843
387897
388171
388407
388439
388459
388725
388826
389027
389144
389238
389271
389331
389334
389342
389354
389360
389455
389492
389588
389616
389746
389778
389781
389785
389818
389992
390102
390141
390199
390233
390431
390457
390519
390672
390969
390998
391043
391214
391323
391328
391369
391413
391553
391668
391822
391928
392002
392137
392174
392220
392264
392275
392309
392326
392609
392697
392702
392783
392799
392848
393063
393160
393161
393232
393395
393404
393444
393471
393540
393541
393594
393714
393797
393845
393864
393868
393957
394169
394186
394376
394387
394539
394601
394726
394747
394777
394938
395145
395153
395167
395216
395359
395363
395482
395522
395559
395598
395630
395661
395706
395778
395831
395843
395864
395896
396003
396369
396373
396399
396406
396433
396491
396642
396770
396842
396896
396952
397036
397153
397328
397418
397619
397880
398046
398058
398100
398107
398197
398235
398339
398355
398442
398452
398535
398648
398717
398763
398852
399036
399101
399115
399248
399310
399398
399401
399560
399591
399768
399838
399929
400121
400134
400172
400211
400278
400333
400372
400373
400403
400462
400464
400577
400793
400970
401015
401019
401188
401223
401230
401296
401406
401558
401853
402062
402128
402151
402186
402232
402233
402346
402352
402506
402613
402812
403050
403051
403069
403095
403148
403156
403276
403301
403414
403440
403622
403773
403823
403990
404031
404041
404057
404226
404268
404415
404811
404832
404875
405143
405435
405482
405564
405586
405678
405691
406078
406138
406237
406386
406390
406396
406408
406581
406673
406719
406875
406877
406911
406961
406988
407178
407203
407312
407373
407464
407559
407613
407617
407647
407685
407882
408254
408322
408433
408516
408599
408621
408706
408775
408795
408808
408958
408992
409067
409071
409162
409202
409292
409414
409458
409537
409565
409822
409980
410016
410111
410183
410253
410303
410369
410445
410571
410596
410600
410637
410673
410684
410756
410842
410898
410906
410958
410961
411066
411115
411205
411278
411285
411451
411611
411653
411991
412095
412297
412378
412448
412683
412767
413044
413140
413527
413672
413678
413771
413812
413882
414052
414198
414212
414234
414271
414361
414454
414633
414644
414979
415055
415093
415127
415177
415322
415336
415371
415436
415603
415688
415693
415857
415867
416083
416106
416384
416412
416500
416719
416819
416823
416852
417009
417074
417372
417453
417515
417722
417761
418031
418166
418269
418314
418346
418395
418801
418960
418996
419191
419267
419371
419417
419692
419710
419835
419883
419942
419952
420133
420179
420549
420660
420783
420793
421014
421035
421068
421330
421359
421423
421454
421534
421588
421662
421825
421993
422019
422100
422148
422160
422251
422341
422447
422459
422522
422564
422807
422825
422887
422915
423221
423257
423419
423441
423480
423510
423587
423800
424051
424119
424223
424228
424236
424344
424383
424580
424635
425090
425131
425359
425382
425477
425563
425571
425588
425663
425810
425901
426217
426318
426372
426376
426508
426689
426715
426761
426899
426966
427072
427088
427200
427253
427634
427638
427652
427693
427714
427952
427998
428234
428478
428593
428796
428919
428929
429133
429156
429210
429339
429378
429481
429571
429600
429660
429846
429860
430037
430140
430156
430185
430226
430298
430390
430400
430483
430507
430696
430799
430938
431062
431335
431445
431489
431554
431577
431733
431740
431835
431887
431921
431950
432139
432200
432239
432308
432348
432465
432657
432704
432739
432807
433279
433284
433297
433298
433299
433311
433314
433444
433470
433540
433624
433641
433655
433766
433810
433903
434004
434092
434220
434226
434326
434548
434733
434788
434941
435109
435179
435243
435318
435389
435574
435582
435744
435827
435829
435841
435861
436001
436102
436153
436195
436239
436304
436316
436447
436455
436577
436588
436810
436845
436948
436984
437181
437396
437448
437467
437514
437711
437717
437800
437948
438007
438099
438141
438306
438415
438468
438482
438503
438549
438577
438585
438659
438864
439168
439271
439286
439327
439406
439695
439852
439875
440114
440128
440287
440331
440419
440453
440459
440527
440638
440739
440828
440879
440890
440988
440995
441098
441531
441709
441738
441797
441815
441835
441868
441881
441951
442107
442122
442135
442170
442510
442696
442698
442754
442845
442882
442915
443014
443122
443233
443502
443572
443579
443690
443705
443718
443740
443962
443970
444036
444094
444113
444245
444282
444292
444538
444556
444593
444648
444681
444715
444719
444757
444919
445078
445176
445177
445192
445205
445282
445355
445360
445446
445453
445573
445747
445903
445955
446134
446193
446233
446274
446309
446377
446380
446453
446584
446739
446845
446857
446902
446982
447225
447244
447550
447552
447582
447584
447614
447739
447740
447975
448030
448238
448342
448499
448583
448835
448848
448930
448969
449135
449222
449250
449255
449299
449320
449325
449348
449358
449422
449602
449622
449732
449796
449824
449857
449867
449883
449917
449987
450026
450121
450218
450286
450288
450340
450458
450522
450587
450691
450767
450785
450912
450982
450986
451039
451134
451208
451251
451390
451470
451616
451864
451980
452112
452243
452247
452373
452462
452576
452865
453025
453324
453325
453371
453485
453576
453651
453671
453684
453708
453791
453860
453912
453955
454127
454173
454206
454227
454278
454297
454315
454353
454428
454457
454556
454591
454641
454833
454936
455001
455081
455165
455182
455203
455221
455274
455392
455494
455579
455652
455761
455870
455915
455999
456002
456112
456184
456364
456665
456892
456940
456991
457022
457132
457145
457199
457729
457919
457972
458053
458177
458204
458364
458473
458535
458679
458689
458811
458850
458900
458914
459043
459128
459321
459631
459714
459958
460044
460328
460426
460466
460548
460567
460632
460660
460751
460762
460919
461242
461402
461441
461534
461537
461556
461575
461595
461766
461796
461875
461891
461949
462094
462169
462291
462352
462375
462406
462437
462718
462722
462810
462987
463007
463020
463036
463058
463278
463319
463425
463576
463638
463746
463800
463805
464115
464158
464187
464359
464558
464568
464720
464832
464862
464942
465069
465126
465163
465181
465200
465425
465513
465549
465571
465686
465729
465735
465758
465945
465994
466244
466253
466405
466439
466440
466457
466462
466558
466891
467013
467174
467295
467305
467415
467502
467545
467578
467913
468029
468031
468049
468056
468186
468198
468251
468338
468434
468522
468717
468767
468888
468965
468985
469034
469138
469149
469226
469261
469644
469755
469776
469786
470126
470173
470380
470385
470409
470456
470458
470467
470697
470728
470837
470930
470974
470987
470992
471024
471030
471136
471189
471235
471240
471267
471278
471429
471670
471731
471899
471931
472238
472540
472541
472613
472632
472678
472721
472737
472780
472864
472951
472961
473004
473084
473108
473140
473255
473546
473608
474243
474360
474524
474592
474647
474802
474810
475063
475193
475237
475568
475979
476011
476017
476194
476221
476254
476372
476494
476506
476593
476691
476882
476997
477015
477018
477274
477338
477378
477511
477524
477535
477623
477740
477843
477959
477970
478115
478155
478230
478343
478484
478584
478607
478665
478695
478754
478792
478922
479010
479028
479118
479154
479179
479438
479501
479541
479556
479605
479746
479771
479837
479874
480012
480100
480167
480233
480406
480407
480510
480635
480747
481056
481097
481100
481106
481146
481187
481263
481325
481420
481537
481594
481620
481682
481742
481847
481925
481974
482069
482089
482290
482337
482490
482505
482536
482566
482595
482690
482960
483068
483101
483148
483224
483429
483445
483447
483554
483680
483758
483899
483994
484006
484114
484191
484192
484311
484460
484536
484607
484612
484619
484746
484803
484804
484807
484993
485126
485130
485253
485265
485287
485299
485333
485347
485383
485443
485469
485538
485604
485609
485652
485764
485773
486015
486035
486068
486105
486125
486266
486386
486490
486514
486562
486716
486809
486850
486858
486874
486896
486907
487060
487147
487218
487219
487285
487619
487681
487719
487739
487824
488034
488060
488163
488379
488387
488482
488702
488796
489146
489191
489263
489290
489427
489719
489855
489865
489972
490044
490232
490293
490343
490373
490543
490568
490673
490925
490955
491060
491136
491355
491430
491433
491625
491695
491702
491705
491875
491999
492057
492121
492202
492204
492423
492484
493034
493048
493266
493305
493436
493556
493580
493629
493773
493826
493908
493920
493937
493954
494005
494091
494108
494111
494220
494274
494311
494340
494392
494434
494448
494489
494520
494591
494613
494895
494920
494924
495082
495091
495142
495145
495206
495281
495357
495418
495464
495486
495604
495687
495784
495792
495796
495966
495973
496190
496276
496294
496384
496443
496609
496740
497025
497091
497180
497184
497235
497554
497562
497597
497607
497633
497723
497786
497859
497947
498041
498068
498125
498150
498255
498505
498602
498616
498751
498986
499296
499335
499368
499554
499594
499630
499701
499738
499758
500271
500398
500557
500569
500631
500939
500970
501157
501242
501521
501575
501616
501672
501947
502001
502114
502207
502296
502383
502518
502548
502566
502837
502893
502936
503214
503236
503250
503286
503417
503522
503662
503676
503803
503843
503868
503903
504006
504153
504311
504336
504389
504769
504796
504808
505048
505123
505301
505363
505457
505588
505604
505631
505654
505676
505713
505716
505804
505848
506033
506120
506128
506138
506149
506163
506185
506315
506439
506668
506801
506909
506980
507091
507184
507226
507312
507418
507428
507564
507573
507799
507808
507858
507913
508012
508163
508168
508624
508627
508713
508717
508771
508925
509041
509045
509115
509171
509349
509369
509636
509706
509714
509739
509924
509988
509995
510038
510056
510076
510172
510603
510661
510681
510714
510792
510883
510886
511205
511236
511242
511335
511664
511741
511744
511865
511876
512050
512064
512099
512561
513132
513265
513461
513592
513675
513705
513722
513754
513781
513822
513851
513893
514017
514043
514327
514390
514420
514459
514545
514572
514606
514684
514766
514826
514932
514952
515004
515052
515094
515182
515499
515522
515633
515645
515659
515748
515782
515885
515894
515901
515956
516264
516334
516379
516444
516450
516489
516586
516914
516918
517055
517098
517325
517573
517602
517688
518042
518509
518568
518736
518780
518833
518858
518876
518967
518985
519150
519276
519297
519377
519612
519642
519643
519700
519704
520002
520068
520070
520125
520130
520300
520436
520470
520605
520711
520867
520869
520877
520918
520998
521065
521165
521257
521265
521327
521462
521482
521498
521559
521752
521785
521811
521874
521926
522012
522051
522174
522189
522251
522450
522494
522585
522610
522826
523121
523332
523335
523407
523455
523537
523614
523637
523851
523972
524005
524067
524069
524200
524210
524382
524647
524707
524736
524799
524829
524951
525015
525097
525298
525325
525354
525499
525506
525621
525714
525885
525986
526127
526195
526298
526314
526398
526450
526462
526475
526718
526783
526811
526832
526840
526897
526964
526969
527085
527250
527276
527322
527330
527362
527515
527524
527706
527776
527853
528259
528368
528381
528416
528418
528463
528503
528533
528677
528690
528778
528815
528824
528833
529061
529076
529081
529153
529164
529177
529291
529366
529554
529688
529814
529900
529938
530102
530104
530149
530155
530226
530265
530284
530372
530412
530520
530760
530837
530845
530935
531094
531266
531279
531287
531467
531478
531846
532047
532221
532256
532294
532295
532689
532955
532972
532987
533119
533191
533473
533530
533642
533651
533682
533782
533886
534035
534081
534134
534190
534456
534516
534579
534673
534679
534732
534849
534871
534907
534933
534952
534954
535092
535223
535334
535456
535498
535700
535770
535845
536175
536251
536270
536278
536360
536510
536577
536664
536809
536889
536971
537080
537082
537105
537275
537279
537449
537576
537581
537590
537725
537731
537796
537940
538068
538088
538222
538461
538518
538780
538869
538955
539381
539444
539507
539577
539654
539682
539717
539773
539811
539941
540062
540308
540367
540473
540546
540664
540917
540927
540962
541180
541771
541776
541923
541992
542059
542174
542235
542287
542609
542633
542693
542838
542920
542922
542998
543113
543159
543187
543194
543380
543386
543594
543898
543902
544115
544120
544177
544238
544269
544472
544514
544630
544789
544998
545067
545158
545313
545764
545884
545922
546044
546192
546272
546446
546457
546560
546573
546608
546689
546724
546738
546764
546965
547092
547128
547256
547277
547341
547426
547493
547506
547519
547694
547916
548170
548178
548411
548421
548472
548474
548599
548838
548930
549028
549136
549261
549300
549360
549363
549556
549561
549590
549602
549683
549685
549752
549766
549850
549927
549994
550003
550287
550456
550459
550484
550606
550609
550731
550744
550800
550806
550830
551106
551165
551172
551182
551353
551595
551603
551649
551726
551878
551910
552027
552072
552192
552201
552225
552246
552265
552341
552436
552509
552635
552730
552742
552791
552813
553028
553045
553076
553082
553267
553430
553442
553477
553516
553595
553624
553803
553883
554050
554096
554193
554208
554339
554422
554678
554726
554956
554976
555008
555182
555195
555283
555336
555399
555470
555693
555744
556086
556090
556150
556158
556287
556295
556373
556376
556407
556431
556438
556442
556538
556678
556885
556943
557014
557039
557169
557285
557357
557403
557611
557979
558019
558103
558262
558323
558348
558411
558519
558936
559111
559178
559235
559241
559259
559292
559533
559730
559759
559867
559939
559958
560205
560224
560311
560498
560569
560779
560852
560972
561155
561233
561455
561518
561621
561700
561841
561987
562037
562170
562336
562338
562342
562394
562403
562734
563125
563152
563195
563249
563283
563351
563418
563448
563699
563708
563851
563890
563995
564090
564179
564181
564346
564439
564449
564542
564582
564620
564621
564673
564854
564875
565072
565077
565196
565238
565335
565439
565483
565707
565715
565722
565794
565983
566006
566121
566172
566310
566334
566353
566380
566472
566585
566730
566815
566864
567030
567135
567162
567248
567312
567369
567743
567777
567785
567888
567952
568074
568075
568106
568120
568307
568395
568408
568502
568528
568625
568719
568845
568862
568917
568947
568972
568979
568984
569011
569132
569148
569259
569481
569506
569536
569561
569612
569639
569677
569775
569820
570093
570139
570193
570202
570239
570302
570316
570500
570501
570558
570581
570609
570738
570754
570795
570845
570907
570961
571016
571062
571186
571250
571256
571277
571320
571355
571368
571407
571736
571805
571956
572041
572190
572252
572345
572399
572425
572451
572641
572685
572995
573151
573302
573337
573422
573589
573861
573902
573914
573970
574075
574079
574083
574192
574335
574400
574460
574466
574535
574548
575099
575449
575514
575640
575817
575820
575876
576017
576048
576113
576182
576503
576745
576759
576773
577110
577304
577467
577496
577669
577731
577865
578130
578168
578277
578280
578304
578348
578362
578372
578373
578379
578389
578598
578660
578667
578771
578772
578785
578850
578853
579029
579287
579331
579466
579521
579599
579625
579724
579950
579952
579969
579988
580022
580418
580768
580818
580820
580822
581208
581241
581315
581375
581500
581779
581979
582052
582124
582154
582185
582192
582325
582356
582430
582639
582682
582688
582752
582920
582992
583276
583374
583428
583457
583851
583862
583943
584010
584172
584191
584197
584346
584358
584364
584368
584519
584563
584647
584716
584990
585005
585094
585376
585597
585599
585652
585665
585782
585888
585963
586254
586295
586447
586552
586636
586850
586900
587009
587053
587098
587263
587282
587364
587506
587632
587639
587669
587732
587828
587911
588028
588069
588121
588146
588156
588197
588203
588336
588480
588573
588627
588807
588867
588875
588956
589016
589020
589041
589127
589237
589264
589318
589519
589528
589756
589787
589813
589956
590161
590278
590577
590595
590662
590738
590785
590854
590911
590961
591182
591206
591327
591329
591373
591430
591549
591756
591958
592021
592137
592216
592269
592323
592377
592378
592521
592672
592676
592758
592807
592859
592959
593035
593043
593288
593409
593422
593478
593485
593575
593585
593637
594017
594018
594050
594184
594660
594681
594712
594990
595036
595279
595282
595312
595391
595417
595439
595462
595474
595528
595537
595607
595760
595817
595835
595903
595920
595931
595940
595958
595963
595975
595978
595990
596084
596230
596239
596427
596435
596437
596458
596618
596690
596760
596824
596832
596867
597029
597062
597185
597188
597409
597522
597614
597623
597666
597793
597901
597937
598001
598143
598228
598370
598491
598599
598612
598719
598767
598771
598779
598783
598797
598886
598950
598958
599000
599038
599070
599083
599171
599181
599229
599249
599310
599581
599805
599924
599929
599949
600038
600089
600158
600222
600262
600263
600447
600459
600525
600536
600695
600913
601012
601041
601073
601233
601444
601471
601485
601587
601680
601681
601844
601956
602020
602107
602152
602165
602421
602478
602488
602761
602788
602967
602995
603262
603438
603471
603559
603594
603733
603837
603848
603949
604001
604018
604029
604063
604064
604163
604197
604201
604541
604609
604631
604726
604761
604766
604771
604919
604957
604976
604989
605033
605048
605094
605200
605247
605258
605322
605536
605547
605557
605727
605806
605835
605890
606002
606159
606224
606243
606319
606484
606515
606521
606660
606712
606762
606767
606863
606917
606942
606962
607167
607180
607208
607280
607318
607455
607642
607685
607770
607788
607895
608014
608120
608241
608271
608311
608437
608507
608622
608673
608680
608712
608771
608791
608866
609011
609034
609148
609220
609297
609333
609605
609694
609719
609734
609915
610074
610108
610183
610205
610423
610565
610568
610606
610629
610665
610874
610931
610933
611003
611176
611539
611645
611664
611832
611919
611928
612032
612058
612311
612407
612461
612482
612539
612677
612871
612949
612965
613163
613287
613318
613319
613372
613477
613513
613674
613776
613889
613952
613998
614021
614070
614134
614217
614433
614571
614772
614796
614858
614934
615139
615140
615145
615211
615222
615245
615264
615273
615323
615402
615443
615868
615954
616239
616264
616267
616395
616853
617073
617165
617230
617410
617528
617619
617658
617901
617952
618084
618245
618271
618375
618689
618779
618891
618901
618968
619060
619118
619138
619189
619370
619419
619439
619471
619521
619535
619637
619678
619832
619856
619885
619891
619919
620077
620208
620249
620620
620793
620811
620831
620880
621010
621038
621226
621241
621257
621320
621393
621429
621559
621673
621754
621959
622274
622353
622547
622607
622693
622720
622769
622806
622944
623021
623049
623215
623230
623487
623584
623593
623724
623736
623774
623800
624046
624147
624202
624260
624275
624438
624497
624558
624604
624836
624927
625047
625081
625118
625218
625316
625323
625348
625355
625392
625445
625950
626132
626139
626152
626308
626380
626496
626563
626829
626863
626901
626969
627098
627259
627374
627469
627511
627543
627621
627702
627800
627817
628030
628268
628361
628573
628656
628678
628693
628696
628825
628828
628854
628866
628979
628998
629013
629015
629120
629168
629303
629559
629580
629612
629708
629821
629981
630096
630192
630297
630362
630430
630526
630534
630892
631293
631455
631502
631609
631643
631679
631762
631948
632064
632205
632255
632427
632432
632644
632702
632834
632906
632993
633064
633215
633307
633321
633345
633371
633405
633437
633479
633573
633655
633765
633812
634203
634362
634405
634522
634557
634577
634710
634721
634758
634907
634915
635288
635387
635481
635664
635793
635835
635837
635999
636218
636380
636630
636827
637061
637152
637172
637211
637332
637363
637382
637473
637542
637900
637978
638048
638163
638426
638574
638599
638617
638663
638689
638842
639162
639178
639226
639274
639368
639443
639455
639486
639519
639597
639705
639796
639911
639965
639971
639996
639998
640068
640097
640193
640262
640308
640329
640383
640479
640483
640577
640707
640838
640857
640883
640916
640922
641180
641197
641219
641331
641349
641352
641361
641461
641493
641502
641547
641585
641649
641690
641727
641861
641869
641875
641881
641970
642009
642018
642151
642242
642266
642278
642287
642465
642504
642535
642586
642628
642820
642851
642962
643032
643054
643212
643227
643337
643414
643632
643783
643975
643979
644018
644021
644244
644258
644329
644354
644555
644703
644705
644853
644906
644973
645005
645049
645057
645064
645073
645084
645164
645222
645282
645458
645513
645564
645659
645921
646144
646168
646268
646285
646330
646511
646563
646590
646706
646718
646825
646942
647125
647156
647163
647175
647193
647310
647321
647340
647374
647414
647426
647510
647529
647541
647547
647681
647715
647765
647857
647983
648127
648153
648252
648386
648413
648579
648674
648864
648873
648897
648914
648917
648922
648928
648930
649094
649210
649259
649340
649652
649698
649820
649945
649997
649999
650002
650038
650048
650060
650069
650147
650178
650179
650485
650534
650560
650625
650634
650825
651005
651061
651190
651297
651336
651677
651778
651883
651941
651986
652091
652164
652215
652311
652348
652376
652436
652581
652585
652610
652714
652717
652779
652864
653025
653031
653160
653183
653218
653285
653339
653473
653560
653600
653624
653646
654021
654340
654414
654436
654533
654726
654781
654791
654821
654853
654895
654944
655118
655174
655334
655473
655742
656211
656383
656451
657032
657148
657293
657323
657340
657393
657481
657641
658018
658030
658149
658369
658423
658451
658609
658632
658753
658999
659161
659194
659248
659295
659330
659430
659549
659664
659671
659824
659957
659999
660032
660197
660270
660403
660465
660709
660905
660963
661006
661087
661098
661401
661622
661636
661894
661935
661942
662036
662131
662187
662210
662361
662755
662844
662935
662947
663048
663241
663397
663426
663492
663553
663567
663568
663585
663594
663647
663898
663963
663996
664088
664192
664227
664271
664310
664452
664604
664680
664774
664847
665057
665286
665335
665596
665650
665658
665971
666029
666054
666215
666288
666326
666352
666388
666667
666685
666702
666840
666846
666949
667159
667212
667251
667601
667663
667875
667972
668191
668235
668265
668271
668310
668326
668476
668846
668911
668929
668981
669018
669096
669098
669132
669220
669301
669326
669369
669530
669591
669598
669686
669715
669894
670185
670446
670724
670729
670733
670805
670813
670948
671001
671088
671112
671114
671122
671476
671521
671531
671591
671673
671780
671817
671950
671993
672315
672403
672425
672514
672524
672647
672728
672752
672769
672791
672841
672967
673047
673127
673438
673452
673589
673714
673896
673898
673963
673964
673971
674053
674070
674089
674142
674172
674184
674260
674316
674478
674680
674780
674909
674935
674950
675024
675051
675053
675073
675275
675337
675399
675590
675636
675656
675814
675856
675912
676018
676096
676185
676305
676338
676385
676401
676761
676765
676910
677029
677050
677249
677295
677435
677523
677785
677875
677962
678012
678275
678346
678362
678438
678501
678525
678597
678624
678874
678914
678957
679083
679166
679211
679235
679257
679291
679389
679554
679632
679644
679709
679932
680001
680039
680084
680129
680188
680245
680259
680269
680463
680648
680676
680768
680880
680938
680971
680984
681041
681143
681278
681321
681357
681406
681440
681483
681746
681750
681773
681782
681785
681863
681896
682040
682125
682338
682345
682433
682613
682663
682756
682811
682825
682844
682966
683024
683236
683251
683286
683300
683438
683448
683458
683491
683540
683661
683765
683829
683961
684041
684365
684396
684528
684540
684620
684721
684913
684967
685041
685168
685234
685242
685306
685349
685518
685581
685628
685648
686023
686028
686106
686168
686354
686398
686424
686514
686722
686743
686759
686906
686990
687003
687106
687132
687172
687182
687322
687338
687395
687437
687465
687507
687522
687592
687879
687941
688105
688208
688358
688387
688393
688459
688597
688654
688664
688666
688715
689002
689139
689144
689199
689231
689250
689353
689410
689421
689504
689532
689719
689997
690057
690111
690272
690368
690427
690652
690724
690767
690948
690998
691187
691209
691231
691251
691457
691460
691563
691641
691896
691911
691912
691920
691933
692058
692088
692338
692384
692518
692541
692589
692602
692779
692782
692792
692838
692885
692886
692966
692970
693102
693103
693144
693168
693210
693344
693684
693764
693801
693996
694085
694090
694338
694544
694622
694651
694689
694769
694816
694882
694887
694910
694926
694962
694977
695136
695149
695288
695316
695511
695733
695735
695752
695844
695869
695952
696005
696055
696226
696324
696339
696602
696618
696633
696657
696711
696866
696893
697165
697217
697272
697428
697572
697630
697893
697943
697957
697980
698229
698236
698468
698534
698562
698612
698616
698637
698646
698676
698845
698887
698895
698948
699042
699076
699478
699668
699810
699864
699970
700112
700207
700475
700504
700817
700833
700968
700975
700995
701101
701200
701346
701476
701536
701539
701589
701596
701897
702015
702035
702098
702173
702198
702676
702689
703052
703386
703455
703476
703556
703802
703804
703825
703897
703934
703967
704359
704449
704675
704683
704770
704802
704810
704849
704914
704955
704975
704993
705404
705469
705919
705930
706106
706313
706317
706543
706679
706682
706960
706979
707029
707071
707351
707377
707449
707458
707524
707538
707564
707697
707786
707810
707881
707886
707924
707977
708031
708084
708201
708401
708443
708469
708652
708774
708790
708817
708826
708843
708893
708955
709015
709102
709154
709181
709270
709458
709576
709617
709665
709796
710012
710112
710264
710278
710287
710367
710535
710561
710671
710845
710878
710982
711051
711196
711269
711322
711335
711369
711454
711541
711623
711704
711762
711781
711810
711921
711930
711949
711992
712067
712129
712135
712353
712358
712378
712404
712441
712855
713213
713225
713308
713322
713342
713555
713677
713724
713776
713784
713812
713857
713919
713942
713961
714119
714417
714475
714488
714613
714690
714776
714914
715045
715140
715565
715787
715880
715908
716022
716026
716077
716248
716404
716603
716627
716832
716903
717075
717444
717468
717473
717564
717757
717803
718071
718129
718138
718253
718262
718291
718516
718725
718781
718955
718970
719130
719143
719262
719478
719506
719529
719539
719584
719944
720034
720042
720043
720046
720069
720238
720259
720326
720350
720413
720493
720563
720697
720710
720747
720752
720766
720771
720875
721030
721081
721120
721182
721278
721330
721372
721385
721408
721518
721578
721593
721611
721613
721765
721833
721879
722001
722012
722086
722164
722345
722459
722552
722553
722609
722614
722692
722738
722847
722989
723037
723147
723157
723246
723391
723540
723545
723553
723592
723623
723651
723760
723789
724057
724063
724497
724577
724619
724828
724865
724896
724905
725016
725294
725306
725352
725388
725678
725933
726094
726127
726220
726245
726334
726349
726655
726662
726788
726846
726903
727059
727104
727142
727164
727237
727570
727600
727693
727716
727934
727972
728152
728290
728295
728369
728381
728383
728447
728456
728589
728881
729003
729058
729060
729079
729140
729259
729491
729533
729631
729694
729720
729890
729922
730023
730307
730319
730394
730560
730818
730890
730921
730941
731152
731523
731926
731931
732021
732022
732026
732238
732245
732426
732505
732647
732771
733099
733253
733316
733398
733556
733588
733631
733673
733717
733769
733938
734164
734168
734183
734296
734398
734427
734560
734565
734624
734787
734794
734834
735005
735010
735094
735098
735174
735186
735237
735277
735427
735550
735623
735649
735709
735749
735821
735899
736207
736397
736555
736588
736593
736635
736725
737127
737293
737363
737517
737546
737738
737807
737816
737840
737904
738279
738422
738692
738944
738947
739011
739101
739117
739227
739318
739390
739447
739519
739586
739598
739638
739660
739806
739951
740046
740101
740147
740169
740353
740361
740404
740509
740524
740541
740557
740622
740873
740993
741022
741048
741131
741646
741699
741761
741782
741914
742113
742144
742157
742382
742452
742474
742536
742612
742757
742795
742834
742914
742925
742936
743033
743243
743349
743404
743406
743429
743726
743754
743827
743868
743884
743955
744017
744039
744283
744335
744388
744672
744772
744980
744998
745015
745040
745082
745145
745227
745290
745317
745359
745739
745762
745764
745789
745800
745848
746027
746074
746161
746226
746284
746343
746367
746410
746553
746570
746582
746587
746731
746814
746839
746843
746848
746994
747224
747271
747304
747389
747687
747716
747843
747923
747983
747987
748085
748221
748250
748308
748428
748468
748525
748572
748734
748816
748837
749051
749081
749297
749524
749536
749549
749772
749840
750059
750064
750342
750528
750720
750817
750943
750960
750991
751119
751139
751216
751248
751323
751353
751399
751448
751638
751699
751715
751777
751807
751822
751827
751870
751881
751931
751938
752151
752253
752469
752482
752617
752741
753022
753059
753075
753278
753279
753307
753425
753481
753504
753738
753828
753878
753890
754088
754158
754191
754193
754563
754723
754761
755019
755120
755140
755227
755233
755371
755422
755557
755673
755685
755712
755754
755782
755903
756033
756087
756094
756186
756250
756364
756466
756480
756637
756694
756781
756800
756920
757034
757041
757080
757195
757312
757493
757553
757594
757775
757871
757897
758005
758053
758066
758186
758229
758241
758298
758386
758456
758693
758711
758777
758779
758927
758934
758954
758996
759106
759123
759239
759431
759440
759453
759507
759704
759830
760202
760233
760295
760347
760355
760571
760734
760775
760790
760866
760894
761029
761127
761228
761305
761517
761626
761630
761748
761855
761897
761944
762005
762046
762083
762117
762147
762186
762226
762290
762295
762359
762407
762512
762677
762770
762774
762811
762968
763024
763054
763225
763239
763450
763483
763535
763536
763589
763651
763724
763748
763792
764119
764283
764323
764335
764460
764722
764816
764850
764860
764872
764922
765006
765042
765213
765330
765375
765527
765625
765692
765707
765771
766068
766149
766188
766201
766263
766268
766299
766373
766464
766475
766487
766555
766579
766726
766753
766788
767115
767244
767265
767353
767370
767418
767429
767430
767541
767578
767686
767729
767835
767863
767915
768348
768465
768541
768933
769023
769081
769195
769365
769626
769651
769672
769892
769953
769964
770099
770153
770168
770253
770267
770478
770677
770714
770796
770873
770899
770901
771026
771038
771130
771233
771418
771461
771571
771609
771714
771724
772123
772310
772339
772614
772640
773011
773089
773162
773168
773407
773554
773566
773688
773728
773740
773797
773985
774033
774135
774217
774331
774412
774419
774496
774534
774541
774629
774816
774914
775107
775146
775204
775334
775430
775640
775782
775975
776012
776211
776309
776369
776377
776395
776455
776487
776579
776581
776595
776600
776695
776968
776999
777005
777150
777188
777262
777427
777730
777848
777989
778117
778174
778332
778460
778494
778514
778523
778560
778574
778835
778880
778909
778929
778941
778944
778950
778951
779056
779102
779138
779268
779473
779588
779630
779927
779929
779931
779973
779979
780002
780295
780396
780547
780552
780665
780733
780765
780819
780841
780842
780861
781003
781208
781356
781378
781389
781456
781469
781488
781636
781656
781789
781802
781898
781902
782241
782298
782307
782339
782362
782380
782412
782548
782595
782645
782685
782828
782949
782954
782966
782985
783351
783370
783374
783389
783431
783765
784232
784584
784601
784628
784639
784678
784715
784846
784915
784957
785025
785192
785303
785410
785444
785698
785755
785767
785871
785917
785918
785930
785990
786123
786352
786362
786409
786457
786523
786574
786685
786761
786774
786890
786908
787326
788178
788272
788495
788499
788520
788594
788657
788793
788913
789570
789730
789820
789963
790049
790099
790167
790380
790461
790552
790558
790688
790696
790739
790811
790814
790845
790906
791074
791157
791261
791309
791454
791478
791494
791545
791557
791681
791729
791746
791869
792017
792064
792096
792111
792133
792553
792724
792775
792885
792887
792928
792929
793139
793144
793220
793247
793363
793368
793546
793623
793639
793670
793688
793745
793890
794001
794349
794354
794477
794570
794602
794730
794801
794840
795003
795011
795115
795121
795345
795365
795371
795386
795399
795481
795503
795689
795869
795915
796026
796248
796276
796354
796398
796436
796522
796621
796714
796886
796895
796979
797150
797205
797308
797395
797650
797740
797753
797924
798001
798028
798044
798310
798346
798370
798479
798500
798574
798800
798839
799219
799336
799593
799615
799660
799689
799789
800049
800245
800333
800607
800658
801054
801081
801084
801112
801113
801122
801151
801291
801413
801434
801510
801560
801624
801781
802011
802088
802117
802181
802206
802229
802340
802388
802401
802504
802553
802568
802995
803262
803462
803484
803719
803740
803780
803793
803951
803970
803997
804205
804504
804522
804540
804584
804749
804788
804826
804873
804984
805046
805080
805163
805233
805371
805478
805601
805607
805693
805845
805953
805968
806034
806079
806184
806192
806285
806313
806376
806418
806508
806560
806572
806580
806625
806683
806727
806796
806852
806891
807079
807098
807118
807202
807291
807354
807673
807691
807701
807714
807923
808017
808073
808078
808194
808286
808333
808351
808601
808622
808800
808819
808831
808837
808889
808962
809017
809174
809194
809366
809497
809517
809698
809715
810094
810221
810249
810286
810358
810370
810389
810470
810676
810888
811216
811432
811440
811481
811565
811724
811735
811876
812092
812279
812330
812533
812590
812617
812626
812676
812693
812713
812820
813001
813046
813114
813126
813193
813390
813828
813894
813934
813978
814234
814320
814357
814477
814589
814614
814656
814658
814834
814942
814961
815049
815369
815665
815685
815933
815948
815996
816016
816109
816121
816400
816634
816638
816658
816682
816828
816848
816998
817053
817179
817362
817450
817675
817752
817796
818067
818089
818165
818218
818239
818762
819120
819148
819255
819298
819404
819554
819698
819845
820046
820120
820182
820249
820355
820364
820483
820644
820763
820798
820864
820913
821042
821240
821284
821416
821501
821602
821614
821689
821693
821712
821714
821738
821911
821969
822014
822053
822113
822253
822258
822381
822419
822475
822649
822660
823075
823085
823089
823212
823492
823501
823519
823653
823688
823949
823963
823992
824047
824053
824140
824468
824629
824712
824776
825049
825112
825122
825182
825198
825209
825224
825257
825258
825387
825419
825578
825593
825678
825822
825946
825957
825976
826024
826206
826281
826403
826605
826671
826684
826685
826687
826705
826711
826788
826833
826899
826934
826989
827049
827134
827348
827821
827824
828057
828298
828559
828663
828747
828910
828911
829078
829227
829329
829550
829582
829629
829755
829913
829958
830138
830243
830329
830375
830403
830467
830725
830855
830970
831053
831180
831323
831332
831419
831452
831497
831687
831717
831749
832040
832104
832318
832467
832528
832538
832612
832621
832767
832777
832791
832884
832912
833204
833325
833335
833340
833386
833460
833466
833478
833668
833730
833775
833853
834125
834142
834354
834572
834580
834708
834719
834842
834910
834951
834963
835032
835246
835498
835503
835756
835802
835845
835879
835970
836067
836093
836115
836170
836220
836240
836424
836468
836602
836611
836629
836716
836749
837069
837107
837158
837322
837354
837391
837439
837547
837830
837863
837870
837877
837880
837901
837916
837955
837959
838081
838096
838145
838165
838182
838242
838246
838261
838696
838748
838799
838851
838897
838956
838965
839026
839139
839182
839278
839343
839623
839734
839739
839771
839881
840039
840130
840219
840289
840573
840576
840879
840907
840999
841119
841245
841340
841569
841613
841634
841691
841839
841868
842006
842090
842322
842338
842455
842527
842584
842609
842646
842676
842835
842921
843035
843172
843338
843406
843513
843518
843752
843780
843958
844107
844186
844312
844319
844378
844543
844679
844705
844916
844921
845106
845156
845186
845213
845271
845487
845589
845720
845780
845781
846016
846144
846365
846433
846550
846608
846639
846697
846783
846908
846994
847060
847222
847231
847259
847374
847702
847707
847720
847797
847842
847861
847906
848416
848504
848538
848639
848917
848980
848990
849000
849024
849140
849224
849291
849526
849634
849672
849738
849841
850028
850090
850121
850152
850216
850238
850334
850390
850410
850416
850678
850684
850730
851352
851424
851624
851676
851807
851862
852114
852122
852141
852234
852315
852351
852452
852583
852732
852794
852919
853014
853093
853094
853106
853146
853343
853378
853452
853490
853494
853510
853555
853641
853847
853878
853937
854080
854205
854260
854326
854376
854502
854521
854566
854606
854610
854788
854801
854822
854827
854859
854916
855034
855081
855105
855155
855209
855278
855300
855318
855334
855442
855473
855514
855597
855829
856191
856250
856263
856499
856502
856615
856905
856924
856932
857025
857069
857071
857192
857362
857423
857480
857543
857708
857912
858124
858515
858534
858610
858751
858770
858792
858829
858928
858970
858997
859083
859158
859225
859374
859561
859609
859765
859793
860147
860193
860385
860436
860489
860542
860568
860588
860754
860865
860975
861061
861066
861146
861164
861172
861192
861330
861618
861644
861689
862029
862215
862228
862459
862565
862577
862605
862855
863014
863026
863485
863662
863710
863817
863818
864029
864061
864374
864502
864533
864601
864650
864763
864823
864878
864946
865115
865279
865395
865402
865465
865469
865555
865725
865767
865783
865850
865960
866159
866369
866501
866514
866555
866609
866649
866668
866836
866857
867121
867142
867217
867338
867475
867480
867494
867523
867574
867584
867612
867623
867662
867674
867675
867680
867736
867769
868011
868166
868216
868270
868325
868418
868592
868662
868795
868850
868911
868994
869086
869099
869156
869190
869198
869354
869381
869404
869414
869689
869706
869734
869867
869901
869913
869971
870060
870072
870085
870089
870091
870158
870170
870243
870274
870309
870330
870563
870592
870692
870697
870843
870897
870917
871085
871190
871211
871250
871253
871291
871636
871637
871816
871848
871917
872047
872069
872085
872101
872347
872453
872491
872577
872631
872711
872796
873087
873125
873136
873198
873328
873335
873424
873512
873840
874099
874161
874220
874317
874684
874732
874756
874836
874865
874937
874956
875320
875322
875405
875439
875491
875650
875757
875817
876182
876198
876516
876560
876642
876655
876673
876837
876870
876888
877010
877135
877299
877331
877393
877627
877728
877760
877823
877973
878008
878108
878111
878158
878277
878415
878479
878731
879101
879258
879272
879384
879529
879546
879562
879745
879953
880067
880196
880300
880372
880444
880935
881074
881094
881196
881198
881312
881344
881417
881481
881503
881520
881548
881566
881611
881636
881967
882288
882292
882564
882657
882824
882863
882900
883066
883152
883316
883671
883729
883986
884041
884231
884272
884324
884351
884488
884631
884769
885326
885339
885406
885610
885629
885723
885874
886047
886139
886243
886245
886274
886309
886360
886401
886511
886577
886601
886791
886800
886915
886929
886942
887026
887292
887405
887461
887519
887542
887579
887590
887605
887648
887708
887726
887736
887818
888011
888032
888075
888264
888557
888659
888669
888726
888756
888968
889145
889150
889186
889188
889249
889312
889407
890044
890062
890207
890221
890234
890378
890420
890584
890601
890612
890643
890812
891124
891353
891406
891422
891456
891501
891579
891659
892018
892063
892128
892203
892313
892596
892780
892790
892834
892875
892956
893046
893087
893110
893209
893228
893330
893471
893628
893761
893812
893906
894012
894229
894642
894666
894786
894874
894953
894995
895014
895034
895126
895179
895308
895328
895353
895364
895423
895506
895572
895585
895688
895782
895816
895830
896076
896117
896245
896382
896439
896474
896555
896571
896711
896726
896998
897204
897334
897374
897476
897606
897634
897705
897744
897746
897797
897994
898154
898195
898273
898372
898392
898516
898521
898599
898887
898977
899022
899077
899091
899143
899297
899399
899426
899482
899631
899780
899796
899900
900220
900253
900308
900317
900605
900629
900798
900822
900853
901007
901047
901089
901139
901324
901477
901603
901672
901750
901798
901912
902006
902043
902142
902196
902243
902274
902281
902337
902342
902492
902525
902543
902820
902853
902926
903050
903359
903515
903516
903574
903657
903728
903736
903752
903755
903861
904110
904216
904240
904272
904507
904626
904651
904897
904935
905065
905397
905440
905648
905726
905742
905891
905894
905925
905948
906008
906018
906049
906055
906075
906208
906290
906364
906510
906576
906726
906781
906803
906812
906870
906977
906995
907267
907547
907796
907881
907892
907932
908038
908199
908250
908302
908340
908465
908526
908543
908860
909003
909046
909120
909194
909287
909333
909342
909443
909469
909474
909486
909518
909531
909633
909722
909845
909860
909873
909933
909978
910001
910046
910088
910097
910320
910361
910427
910536
910622
910923
911094
911233
911264
911277
911281
911522
911665
911684
911734
911859
912233
912235
912248
912547
912855
912980
913114
913135
913249
913337
913451
913567
913568
913584
913616
913645
913685
913762
914169
914185
914203
914350
914406
914543
914692
914724
914802
914943
915087
915124
915275
915316
915501
915510
915620
915719
915774
915775
915786
915957
916039
916124
916162
916226
916320
916431
916463
916490
916512
916882
917055
917091
917308
917333
917457
917471
917511
917549
917596
917624
917636
917646
917692
917841
917844
917863
918054
918117
918384
918403
918511
918761
918774
918973
919143
919178
919310
919638
919649
919723
919803
919806
919869
919899
920109
920142
920280
920283
920384
920400
920571
920595
920681
920710
920713
920720
920752
920780
920817
920851
920887
921008
921066
921183
921229
921441
921537
921630
921720
921783
921853
921866
921889
922054
922116
922290
922300
922340
922351
922423
922559
922568
922607
922937
923144
923333
923416
923471
923551
923666
923672
923711
923717
923773
923815
923903
923965
923975
924040
924101
924193
924212
924362
924482
924490
924739
924916
924918
924961
924967
925075
925093
925102
925111
925207
925369
925448
925577
925848
925995
926011
926086
926241
926423
926432
926612
926674
926768
926786
926809
927090
927117
927222
927265
927270
927644
927895
928179
928302
928342
928517
928529
928865
928871
929031
929081
929084
929113
929141
929226
929452
929464
929583
929697
929980
930006
930035
930083
930088
930282
930346
930414
930478
930496
930669
930770
930809
930823
930879
930892
930940
930963
931149
931238
931254
931319
931438
931547
931786
931826
931834
931840
931853
931884
932042
932054
932079
932122
932236
932275
932348
932361
932376
932691
932859
932943
933102
933195
933197
933268
933299
933504
933726
933770
933778
933857
933889
933950
933960
934077
934283
934314
934361
934378
934443
934615
934633
934647
934732
934766
934784
934838
934869
934932
934944
934950
935043
935426
935488
935609
935707
935724
935806
936338
936385
936411
936449
936494
936578
936596
936696
936761
936804
936847
936909
937142
937233
937388
937404
937459
937490
937507
937531
937710
937907
937933
938015
938253
938258
938293
938319
938530
938533
938549
938661
938677
939015
939114
939116
939197
939243
939333
939392
939461
939504
939730
939795
939854
939939
939960
940332
940345
940368
940427
940596
940608
940623
940637
940654
940733
940978
941278
941551
941611
941640
941644
941787
941934
941996
942112
942197
942281
942330
942400
942549
942872
943013
943204
943316
943364
943402
943456
943521
943875
943877
943899
944075
944172
944222
944235
944262
944298
944352
944446
944448
944532
944655
944679
944763
944767
944808
944907
945029
945098
945118
945156
945409
945487
945526
945530
945772
945783
945786
945819
945956
945989
946202
946342
946386
946406
946469
946470
946487
946546
946602
946636
946712
946737
946770
946884
946917
947089
947256
947341
947446
947541
947691
947906
947951
948139
948254
948325
948338
948362
948477
948507
948565
948776
948834
948954
949312
949459
949506
949836
949873
949904
949938
949992
950060
950136
950148
950207
950209
950219
950349
950423
950505
950539
950637
950773
950956
950967
951026
951041
951251
951274
951310
951378
951439
951604
951607
951748
951783
951863
951934
951941
951957
952030
952086
952144
952155
952200
952344
952378
952393
952450
952463
952480
952528
952538
952555
953119
953125
953159
953271
953395
953487
953580
953641
953656
953664
953796
954074
954202
954397
954476
954536
954600
954680
954704
954960
954976
955065
955080
955235
955282
955293
955309
955311
955431
955512
955513
955932
955954
956046
956123
956136
956174
956214
956247
956304
956438
956472
956523
956547
956563
956627
956660
956757
956784
956799
956967
957156
957209
957262
957292
957303
957327
957492
957508
957510
957727
957801
957864
958066
958100
958107
958152
958154
958162
958293
958338
958407
958426
958493
958553
958560
958640
958660
958796
958851
958898
958922
959049
959215
959225
959397
959421
959422
959467
959589
959640
959644
959689
959850
959904
959918
960158
960164
960492
960496
960656
960734
960763
960798
960805
961020
961034
961046
961141
961390
961400
961467
961481
961587
961618
961651
961675
961703
961789
961871
962048
962053
962078
962086
962159
962330
962332
962334
962681
962842
962861
963074
963100
963229
963307
963371
963409
963503
963619
963701
963981
963987
964159
964331
964390
964592
964597
964669
964795
964949
965050
965152
965176
965440
965707
965715
966002
966455
966510
966550
966565
966958
967007
967170
967237
967341
967419
967458
967866
968111
968245
968249
968392
968495
968649
968802
968936
969239
969245
969372
969556
969677
969683
969785
969846
969859
969891
969945
969970
970102
970121
970236
970290
970363
970411
970425
970455
970496
970683
970703
970828
970837
970878
970919
970950
970954
971041
971250
971267
971348
971438
971460
971468
971532
971541
971689
971754
971888
971905
972056
972176
972223
972274
972357
972456
972482
972530
972538
972620
972705
972796
972829
972935
973104
973127
973265
973287
973393
973442
973490
973593
973696
973782
973902
973925
973927
973996
974071
974090
974283
974503
974553
974599
974710
974827
974859
974910
974944
975099
975227
975357
975394
975511
975639
975695
975717
975786
975794
975926
976103
976118
976137
976255
976279
976340
976396
976469
976472
976567
976991
977125
977201
977235
977338
977459
977501
977633
977682
977710
977720
977763
977785
977791
978000
978018
978044
978298
978315
978336
978348
978380
978490
978581
978593
978599
978613
978667
978683
978815
978878
978886
978997
979002
979115
979184
979344
979405
979491
979569
979583
979783
979799
980052
980100
980107
980231
980355
980467
980585
980670
980850
981046
981078
981089
981236
981243
981360
981416
981430
981573
981643
981833
981862
981926
981928
981988
982095
982209
982254
982297
982408
982441
982701
982749
982911
982984
983087
983217
983265
983456
983533
983567
983582
983603
983630
983664
983675
983792
983876
984123
984145
984233
984551
984556
984722
984728
984767
984957
984985
985005
985059
985105
985135
985167
985245
985435
985589
985618
985740
985765
985891
985990
986014
986335
986396
986407
986421
986577
986604
986796
986856
987066
987117
987253
987266
987274
987339
987490
987533
987564
987577
987653
987670
987705
987925
988099
988353
988473
988514
988558
988582
988595
988642
988676
988749
988788
988877
988992
989047
989157
989218
989268
989440
989561
989563
989587
989622
990031
990042
990194
990205
990228
990485
990559
990585
990611
990715
990756
990766
990796
990875
991216
991259
991283
991322
991373
991446
991460
991614
991620
991643
991748
991954
992068
992107
992188
992227
992236
992322
992472
992474
992653
992779
992826
992844
992916
992983
993084
993267
993282
993350
993417
993463
993523
993569
993602
993649
994103
994151
994258
994314
994405
994662
994857
994859
994875
995278
995491
995526
995723
995728
995775
995792
995874
996018
996032
996047
996175
996194
996626
996675
996709
996756
996909
997017
997428
997534
997622
997764
997849
997898
997968
998065
998325
998454
998564
998654
998689
998833
999209
999219
999224
999393
999530
999550
999804
999822
999825
999969
999997
1000088
1000442
1000534
1000555
1000621
1000633
1000652
1000670
1000684
1000738
1000862
1000942
1000958
1000964
1001261
1001394
1001775
1001790
1002177
1002214
1002237
1002261
1002271
1002468
1002512
1002525
1002551
1002599
1002639
1002776
1002777
1002778
1002842
1002854
1002903
1002963
1002988
1003074
1003229
1003338
1003397
1003418
1003458
1003477
1003509
1003686
1003918
1003960
1004017
1004277
1004539
1004571
1004686
1004746
1004767
1004835
1004872
1004932
1005165
1005189
1005319
1005359
1005495
1005516
1005584
1005617
1005721
1005828
1005911
1005962
1006192
1006215
1006228
1006313
1006316
1006649
1006684
1006687
1006699
1006860
1006874
1006886
1006951
1007005
1007010
1007131
1007385
1007505
1007560
1007610
1007715
1007754
1007863
1007878
1007906
1008032
1008264
1008302
1008358
1008360
1008408
1008417
1008550
1008698
1008723
1008823
1008834
1008871
1008910
1009004
1009226
1009251
1009265
1009465
1009546
1009569
1009581
1009584
1009631
1009833
1009918
1009985
1010065
1010127
1010133
1010139
1010154
1010163
1010193
1010215
1010375
1010418
1010521
1010613
1010649
1010714
1010757
1011040
1011041
1011058
1011298
1011374
1011456
1011547
1011611
1011679
1011682
1011716
1012082
1012387
1013252
1013342
1013436
1013642
1013677
1013959
1014539
1014718
1014833
1014860
1014916
1015137
1015261
1015420
1015475
1015511
1015546
1015653
1015688
1015720
1015726
1015907
1015968
1016024
1016100
1016195
1016208
1016407
1016758
1016836
1016864
1016865
1016931
1017067
1017350
1017368
1017608
1017620
1017642
1017675
1017827
1018284
1018412
1018494
1018520
1018636
1018677
1018694
1018713
1018760
1018890
1018943
1019105
1019164
1019181
1019248
1019266
1019269
1019532
1019848
1019858
1019971
1019995
1020077
1020204
1020507
1020578
1020618
1020654
1020658
1020736
1020842
1020933
1021426
1021457
1021519
1021564
1021762
1021829
1021847
1021963
1021975
1022132
1022391
1022490
1022537
1022648
1022650
1022936
1023019
1023230
1023256
1023300
1023418
1023605
1023655
1023823
1023855
1023862
1023898
1023923
1023973
1023986
1024000
1024380
1024494
1024755
1024825
1024893
1024940
1024954
1024990
1025039
1025065
1025198
1025230
1025394
1025454
1025500
1025553
1025627
1025640
1025766
1025832
1025843
1025907
1026229
1026250
1026342
1026389
1026404
1026516
1026525
1026575
1026625
1026679
1026719
1026728
1026752
1026800
1026804
1026950
1026951
1027185
1027188
1027223
1027446
1027809
1027812
1027869
1027965
1028115
1028121
1028256
1028276
1028315
1028361
1028439
1028454
1028667
1028807
1028826
1028903
1029024
1029070
1029199
1029485
1029514
1029547
1029688
1029725
1029730
1029797
1029997
1030007
1030021
1030094
1030108
1030186
1030188
1030344
1030346
1030367
1030399
1030441
1030454
1030720
1030732
1030798
1031087
1031097
1031102
1031159
1031165
1031196
1031332
1031453
1031534
1031544
1031578
1031802
1031946
1032013
1032134
1032444
1032462
1032573
1032603
1032713
1032732
1032769
1032795
1032909
1033043
1033094
1033173
1033210
1033343
1033359
1033729
1033786
1033932
1033969
1034088
1034092
1034186
1034272
1034332
1034703
1034836
1034850
1034885
1035160
1035208
1035332
1035613
1035661
1035677
1035763
1035927
1035966
1035992
1036095
1036223
1036292
1036381
1036506
1036816
1037005
1037115
1037160
1037412
1037665
1037672
1037766
1037823
1037930
1038413
1038416
1038516
1038575
1038776
1038837
1038936
1038983
1039070
1039083
1039111
1039262
1039328
1039414
1039559
1039584
1039715
1039735
1039744
1039795
1039874
1039962
1040016
1040365
1040375
1040426
1040451
1040657
1040714
1040864
1041161
1041209
1041432
1041447
1041601
1041635
1041698
1041787
1041790
1041801
1041825
1041925
1041946
1042030
1042056
1042186
1042365
1042380
1042476
1042501
1042523
1042585
1042605
1042608
1042639
1042731
1042750
1042788
1042911
1042957
1042958
1043107
1043172
1043401
1043481
1043588
1043606
1043627
1043969
1043970
1044312
1044317
1044403
1044423
1044593
1044728
1044833
1044870
1044903
1044933
1044977
1045279
1045311
1045663
1045709
1045777
1045882
1045927
1046040
1046206
1046349
1046432
1046508
1046575
1046687
1046702
1046788
1046872
1046944
1046946
1047041
1047063
1047099
1047373
1047386
1047704
1047726
1047852
1047963
1048060
1048066
1048268
1048409
1048446
1048457
1048629
1048715
1048859
1048900
1048911
1049101
1049160
1049238
1049274
1049536
1049578
1049586
1049697
1049743
1049989
1050014
1050221
1050236
1050383
1050536
1050705
1050756
1050833
1050887
1050968
1050989
1051115
1051211
1051286
1051298
1051320
1051321
1051438
1051471
1051485
1051498
1051537
1051645
1051736
1051784
1051910
1051982
1052600
1052649
1052880
1052946
1052972
1052992
1053024
1053175
1053274
1053340
1053459
1053520
1053604
1053699
1053708
1053847
1053849
1053983
1054086
1054166
1054375
1054565
1054623
1054638
1054761
1054772
1054792
1054866
1054879
1054903
1055082
1055164
1055200
1055209
1055219
1055276
1055296
1055507
1055655
1055759
1055806
1055833
1055837
1056175
1056349
1056353
1056384
1056655
1056768
1056839
1056872
1056988
1057025
1057083
1057208
1057212
1057214
1057305
1057384
1057493
1057546
1057566
1057661
1057725
1057763
1057868
1058061
1058199
1058280
1058310
1058396
1058479
1058541
1058556
1058648
1058709
1058729
1058782
1058801
1058906
1058939
1059023
1059049
1059176
1059200
1059282
1059408
1059430
1059463
1059552
1059590
1059723
1059748
1059773
1059919
1059960
1060031
1060410
1060429
1060475
1060646
1060681
1061054
1061113
1061138
1061143
1061250
1061414
1061521
1061568
1061602
1061608
1061705
1061811
1061881
1061882
1062111
1062152
1062287
1062376
1062422
1062615
1062620
1062635
1062676
1062716
1062795
1062857
1062908
1063136
1063375
1063381
1063392
1063395
1063583
1063654
1063698
1063705
1063778
1063852
1064046
1064073
1064171
1064188
1064235
1064270
1064299
1064318
1064364
1064524
1064545
1064715
1064771
1064950
1065103
1065155
1065167
1065222
1065239
1065269
1065321
1065574
1065588
1065640
1065657
1065676
1065786
1065857
1065923
1065926
1066324
1066478
1066620
1066621
1066637
1066754
1066896
1066924
1067037
1067044
1067135
1067204
1067310
1067325
1067355
1067418
1067447
1067458
1067460
1067509
1067534
1067603
1067817
1068103
1068369
1068504
1068534
1069036
1069176
1069216
1069302
1069322
1069512
1069540
1069705
1069758
1069929
1069947
1070086
1070095
1070130
1070289
1070311
1070589
1070637
1070647
1070832
1071111
1071166
1071202
1071258
1071296
1071370
1071499
1071541
1071570
1071634
1071714
1071727
1071787
1071814
1071902
1071942
1071954
1071976
1072130
1072138
1072158
1072219
1072225
1072291
1072376
1072568
1072672
1072706
1072787
1072853
1072967
1073032
1073170
1073242
1073337
1073553
1073850
1073883
1073972
1074021
1074043
1074079
1074167
1074235
1074352
1074366
1074558
1074583
1074712
1074811
1074824
1074944
1075001
1075176
1075268
1075436
1075541
1075717
1075869
1076102
1076339
1076466
1076473
1076522
1076609
1076640
1076785
1076803
1076995
1077392
1077454
1077478
1077665
1077767
1078106
1078216
1078265
1078301
1078330
1078338
1078389
1078452
1078475
1078550
1078668
1078799
1078817
1078853
1079007
1079050
1079132
1079354
1079448
1079575
1079652
1079988
1080171
1080317
1080320
1080353
1080442
1080584
1080613
1080735
1080805
1080973
1080980
1081014
1081284
1081368
1081466
1081656
1081876
1081900
1081913
1081917
1081946
1081969
1082027
1082037
1082057
1082088
1082313
1082386
1082420
1082497
1082561
1082576
1082655
1082688
1082745
1082763
1082768
1082815
1082879
1083108
1083182
1083209
1083221
1083235
1083388
1083396
1083423
1083458
1083576
1083665
1084264
1084493
1084661
1085042
1085061
1085110
1085188
1085238
1085247
1085392
1085447
1085469
1085610
1085730
1085735
1085861
1085896
1085910
1086033
1086044
1086220
1086455
1086480
1086557
1086633
1086799
1086871
1087026
1087054
1087107
1087119
1087240
1087451
1087475
1087583
1087765
1087855
1087897
1087969
1088057
1088133
1088137
1088243
1088271
1088276
1088402
1088421
1088633
1088755
1088883
1088953
1089015
1089018
1089095
1089107
1089203
1089240
1089321
1089354
1089363
1089398
1089402
1089443
1089448
1089482
1089486
1089516
1089566
1089599
1089676
1089705
1089720
1089793
1089859
1089908
1089952
1089989
1090207
1090324
1090329
1090347
1090424
1090498
1090507
1090535
1090574
1090653
1090992
1091012
1091137
1091206
1091334
1091355
1091493
1091511
1091535
1091569
1091580
1091619
1091848
1092070
1092143
1092180
1092228
1092298
1092439
1092528
1092642
1092739
1092752
1092808
1093042
1093059
1093142
1093244
1093276
1093369
1093390
1093536
1093678
1093834
1093916
1094221
1094359
1094468
1094498
1094524
1094559
1094678
1094754
1094808
1094844
1094893
1094914
1094968
1095151
1095160
1095188
1095447
1095463
1095582
1095624
1095653
1095748
1095865
1095894
1095960
1096108
1096119
1096180
1096192
1096201
1096264
1096277
1096288
1096297
1096376
1096471
1096472
1096479
1096553
1096621
1096665
1096724
1096818
1096872
1096911
1097069
1097271
1097301
1097459
1097465
1097545
1097629
1097639
1097825
1097933
1098048
1098175
1098213
1098383
1098408
1098427
1098437
1098439
1098460
1098573
1098635
1098639
1098661
1098811
1098875
1098891
1099132
1099422
1099585
1099587
1099620
1099672
1099733
1099801
1099813
1100051
1100184
1100194
1100342
1100401
1100467
1100548
1100639
1100770
1100782
1100846
1100892
1100984
1101052
1101054
1101096
1101153
1101160
1101200
1101263
1101364
1101473
1101763
1101802
1101826
1101833
1101927
1102021
1102040
1102084
1102174
1102312
1102439
1102458
1102483
1102531
1102532
1102790
1102802
1102861
1102868
1103012
1103084
1103134
1103174
1103220
1103259
1103429
1103485
1103497
1103525
1103691
1103802
1103981
1104292
1104332
1104560
1104796
1104832
1105016
1105157
1105196
1105213
1105246
1105343
1105428
1105501
1105597
1105658
1105721
1105850
1105857
1105935
1105943
1105994
1106106
1106464
1106647
1106813
1106860
1106939
1107042
1107046
1107343
1107397
1107486
1107529
1107601
1107636
1107719
1107757
1107803
1107856
1107939
1107974
1107997
1108274
1108482
1108493
1108582
1108593
1108613
1108615
1108669
1108875
1109119
1109145
1109232
1109250
1109343
1109379
1109626
1109841
1110002
1110134
1110176
1110180
1110277
1110305
1110379
1110385
1110411
1110422
1110511
1110546
1110596
1110646
1110688
1110770
1111145
1111346
1111530
1111553
1111640
1111697
1111795
1112087
1112254
1112441
1112494
1112499
1112509
1112589
1112709
1112762
1112793
1112795
1112817
1112825
1112874
1112968
1113028
1113058
1113181
1113324
1113400
1113420
1113566
1113698
1113708
1113752
1114012
1114221
1114373
1114483
1114554
1114593
1114635
1114780
1114802
1114997
1115151
1115214
1115225
1115662
1115719
1115745
1115958
1116461
1116462
1116488
1116500
1116501
1116594
1116605
1116634
1116660
1116670
1116741
1116776
1116893
1116912
1116976
1117159
1117336
1117354
1117367
1117372
1117458
1117526
1117528
1117555
1117558
1117658
1117681
1117695
1117773
1117905
1118228
1118234
1118396
1118423
1118424
1118448
1118690
1118923
1118986
1119027
1119109
1119146
1119152
1119161
1119343
1119387
1119390
1119495
1119640
1119659
1119666
1120047
1120133
1120153
1120265
1120321
1120336
1120352
1120470
1120471
1120499
1120502
1120571
1120579
1120669
1120752
1120802
1120853
1120890
1121025
1121039
1121067
1121105
1121228
1121330
1121438
1121533
1121570
1121634
1121651
1121668
1121740
1121803
1121847
1121848
1121879
1122062
1122088
1122242
1122337
1122371
1122392
1122430
1122434
1122441
1122661
1122751
1123051
1123288
1123386
1123653
1123658
1123662
1123702
1123706
1123752
1123872
1123884
1123919
1123956
1124063
1124133
1124152
1124179
1124215
1124242
1124373
1124603
1124766
1124920
1124932
1124936
1124946
1125012
1125047
1125074
1125268
1125363
1125404
1125475
1125506
1125523
1125643
1125839
1126237
1126312
1126374
1126494
1126495
1126575
1126591
1126623
1126710
1126798
1127291
1127368
1127379
1127534
1127535
1127582
1127609
1127781
1127789
1128089
1128101
1128134
1128217
1128476
1128734
1128869
1128921
1129055
1129085
1129131
1129198
1129303
1129315
1129344
1129499
1129595
1129739
1129796
1129905
1129983
1130064
1130213
1130361
1130427
1130566
1130572
1130616
1130727
1130982
1131050
1131242
1131263
1131465
1131482
1131577
1131671
1131855
1131892
1131913
1131949
1131981
1132073
1132343
1132611
1132625
1132782
1132837
1132839
1133131
1133181
1133315
1133501
1133517
1133570
1133657
1133686
1133794
1133921
1133927
1134039
1134086
1134320
1134340
1134349
1134428
1134540
1134761
1134778
1134827
1134882
1134972
1135045
1135158
1135161
1135194
1135204
1135243
1135244
1135250
1135344
1135457
1135471
1135525
1135536
1135682
1135690
1135868
1135879
1135948
1135973
1136229
1136420
1136571
1136622
1136741
1136791
1136830
1136849
1136864
1136974
1137116
1137147
1137477
1137493
1137636
1137873
1137906
1137918
1137925
1137945
1138218
1138468
1138485
1138529
1138574
1138715
1138839
1138890
1138937
1138968
1139166
1139342
1139394
1139397
1139608
1139683
1139705
1139717
1139847
1139897
1140013
1140178
1140326
1140365
1140398
1140448
1140482
1140542
1140676
1140717
1140766
1140948
1141035
1141265
1141287
1141335
1141456
1141458
1141754
1142011
1142036
1142165
1142201
1142256
1142335
1142342
1142356
1142521
1142752
1142796
1143061
1143108
1143114
1143125
1143142
1143175
1143243
1143342
1143479
1143527
1143676
1143753
1143788
1143807
1143987
1144111
1144193
1144211
1144243
1144326
1144375
1144387
1144459
1144516
1144565
1144730
1144835
1145146
1145207
1145336
1145785
1146012
1146168
1146229
1146316
1146405
1146415
1146550
1146568
1146592
1146628
1146648
1146662
1146761
1146911
1146920
1146989
1147128
1147367
1147373
1147397
1147459
1148003
1148036
1148037
1148046
1148091
1148373
1148487
1148564
1148837
1148862
1149199
1149248
1149423
1149499
1149516
1149554
1149648
1149678
1149768
1149947
1150039
1150243
1150325
1150473
1150524
1150717
1150733
1150772
1150803
1150955
1151157
1151239
1151969
1152132
1152269
1152338
1152487
1152516
1152527
1152574
1152666
1152724
1152779
1152816
1152838
1153128
1153146
1153181
1153210
1153231
1153237
1153243
1153300
1153323
1153868
1154230
1154535
1154561
1154579
1154645
1154734
1154864
1154895
1155103
1155303
1155394
1155488
1155557
1155573
1155630
1155635
1155732
1155801
1155837
1156302
1156379
1156421
1156571
1156613
1156644
1156847
1156936
1156963
1156969
1156988
1157105
1157112
1157162
1157197
1157314
1157540
1157593
1157617
1157808
1157987
1158022
1158255
1158448
1158667
1158737
1158798
1158834
1159012
1159029
1159072
1159098
1159298
1159524
1159532
1159602
1159638
1159738
1160066
1160117
1160142
1160158
1160184
1160454
1160470
1160522
1160655
1160689
1160718
1160738
1160915
1160991
1161041
1161103
1161268
1161319
1161506
1161527
1161703
1161730
1161873
1161930
1161969
1162019
1162063
1162384
1162385
1162535
1162634
1162669
1162721
1162979
1163092
1163110
1163498
1163553
1163770
1163801
1163815
1163817
1163899
1164109
1164147
1164227
1164289
1164295
1164388
1164451
1164532
1164708
1164854
1164857
1164868
1164886
1164941
1165014
1165106
1165107
1165114
1165158
1165172
1165233
1165500
1165919
1166019
1166209
1166210
1166549
1166577
1166724
1166781
1166976
1167040
1167162
1167235
1167246
1167293
1167337
1167424
1167439
1167560
1167804
1167852
1167875
1167898
1168161
1168244
1168276
1168305
1168443
1168496
1168498
1168842
1168894
1169112
1169220
1169323
1169451
1169505
1169628
1169656
1169721
1169790
1169853
1170047
1170085
1170156
1170158
1170277
1170301
1170321
1170719
1170724
1171114
1171185
1171190
1171363
1171378
1171491
1171549
1171663
1171755
1171822
1171849
1171878
1171896
1171954
1172031
1172079
1172084
1172139
1172174
1172196
1172343
1172592
1172823
1172863
1173257
1173308
1173393
1173548
1173804
1173974
1173996
1174241
1174286
1174290
1174449
1174525
1174533
1174636
1174659
1174837
1174858
1174867
1175035
1175160
1175354
1175397
1175466
1175750
1175814
1175871
1175889
1176004
1176036
1176211
1176254
1176287
1176294
1176471
1176504
1176522
1176659
1176731
1176734
1176769
1176861
1176915
1177034
1177108
1177111
1177264
1177275
1177318
1177333
1177451
1177640
1177651
1177670
1177729
1178012
1178098
1178282
1178386
1178485
1178587
1178602
1178613
1178686
1178822
1178881
1179170
1179301
1179350
1179543
1179545
1179587
1179678
1179681
1179725
1179813
1179948
1180256
1180285
1180484
1180530
1180624
1180842
1180843
1180858
1180866
1180927
1180962
1180966
1180986
1180994
1181108
1181125
1181190
1181303
1181550
1181555
1181680
1181717
1181857
1181919
1182073
1182101
1182155
1182231
1182310
1182516
1182531
1182546
1182668
1182810
1182828
1182939
1182976
1183103
1183531
1183672
1183695
1183933
1183934
1183980
1184137
1184174
1184183
1184278
1184321
1184492
1184591
1184680
1184682
1184749
1184768
1184872
1184920
1184949
1185058
1185100
1185104
1185152
1185197
1185227
1185422
1185499
1185508
1185544
1185569
1185599
1185619
1185662
1185796
1185801
1185823
1185844
1185914
1186202
1186228
1186259
1186451
1186574
1186581
1186711
1186940
1186988
1187069
1187072
1187134
1187141
1187284
1187344
1187395
1187548
1187594
1187655
1187724
1187740
1187750
1187796
1187856
1187928
1188008
1188242
1188367
1188645
1188754
1188773
1188803
1188871
1188962
1189060
1189097
1189348
1189424
1189487
1189495
1189568
1189645
1189691
1189804
1189897
1189938
1190121
1190170
1190178
1190216
1190235
1190430
1190610
1190650
1190651
1190669
1190679
1190763
1190798
1190804
1190918
1191010
1191049
1191129
1191384
1191482
1191541
1191727
1191806
1191837
1191987
1191999
1192014
1192015
1192318
1192500
1192537
1192581
1192649
1192659
1192709
1192872
1192913
1192956
1193147
1193156
1193400
1193736
1193738
1193907
1193909
1194002
1194089
1194155
1194640
1194766
1194788
1194804
1194815
1194858
1194870
1194892
1194982
1194986
1195009
1195166
1195204
1195423
1195508
1195591
1195732
1195735
1195769
1195832
1195896
1195923
1196048
1196054
1196105
1196118
1196335
1196456
1196461
1196468
1196761
1197014
1197243
1197542
1197754
1197798
1197845
1197856
1197929
1198002
1198105
1198145
1198188
1198265
1198364
1198410
1198486
1198540
1198618
1198632
1198653
1198714
1198763
1198810
1198919
1198998
1199020
1199091
1199130
1199223
1199290
1199370
1199458
1199717
1199763
1199807
1199836
1199852
1199919
1199930
1200021
1200025
1200185
1200189
1200367
1200709
1200739
1200753
1200772
1200916
1200937
1200987
1201001
1201006
1201090
1201157
1201324
1201572
1201731
1201809
1201928
1201937
1201968
1202240
1202379
1202545
1202626
1202662
1202772
1202780
1202822
1202848
1202864
1202878
1202902
1202991
1203006
1203107
1203117
1203133
1203187
1203388
1203410
1203426
1203550
1203573
1203724
1203728
1203858
1203875
1204005
1204119
1204125
1204138
1204176
1204241
1204530
1204650
1204736
1204888
1204954
1205025
1205026
1205057
1205072
1205141
1205269
1205329
1205354
1205432
1205462
1205475
1205595
1205599
1205616
1205634
1205807
1205852
1205927
1205999
1206147
1206179
1206356
1206376
1206589
1206613
1206791
1206926
1207006
1207010
1207134
1207171
1207206
1207395
1207543
1207570
1207649
1207841
1207947
1208034
1208125
1208198
1208226
1208496
1208714
1208843
1208884
1209030
1209099
1209151
1209236
1209239
1209310
1209622
1209772
1209789
1209803
1209856
1210104
1210139
1210345
1210558
1210860
1211054
1211225
1211248
1211251
1211288
1211317
1211386
1211403
1211465
1211551
1211693
1211720
1211759
1211787
1211793
1212006
1212026
1212157
1212304
1212488
1212603
1212676
1212713
1212767
1212848
1212981
1213069
1213070
1213202
1213381
1213423
1213526
1213706
1213725
1213737
1213755
1213761
1213799
1213868
1213904
1214037
1214050
1214130
1214373
1214670
1214715
1214781
1214814
1214856
1215083
1215235
1215242
1215248
1215279
1215428
1215543
1215580
1215657
1215810
1215997
1215999
1216075
1216209
1216239
1216253
1216307
1216392
1216635
1216679
1216772
1216886
1216995
1216999
1217009
1217012
1217066
1217148
1217188
1217244
1217255
1217447
1217475
1217628
1217754
1217760
1217910
1218059
1218180
1218255
1218363
1218370
1218618
1218664
1218787
1218875
1218917
1218919
1218966
1219007
1219026
1219047
1219148
1219150
1219548
1219619
1219694
1219733
1219845
1220013
1220029
1220046
1220183
1220189
1220240
1220318
1220376
1220379
1220560
1220767
1220801
1220868
1220923
1221079
1221115
1221157
1221276
1221577
1221661
1221727
1222197
1222226
1222478
1222500
1222525
1222528
1222744
1222750
1223079
1223126
1223301
1223323
1223464
1223509
1223706
1223787
1223806
1224010
1224025
1224118
1224295
1224379
1224397
1224444
1224567
1224687
1225071
1225189
1225396
1225471
1225478
1225583
1225684
1225733
1225831
1226035
1226360
1226535
1226563
1226744
1226768
1226786
1226802
1226824
1226887
1227064
1227115
1227229
1227247
1227342
1227426
1227534
1227563
1227628
1227677
1227697
1227743
1227784
1227847
1228034
1228099
1228218
1228248
1228255
1228414
1228499
1228539
1228707
1229134
1229270
1229318
1229522
1229735
1229739
1229741
1229803
1229872
1230024
1230099
1230345
1230393
1230422
1230553
1230659
1230706
1230829
1230948
1230969
1231055
1231063
1231145
1231366
1231396
1231483
1231585
1231628
1231691
1231713
1231755
1231807
1231892
1231987
1232133
1232188
1232322
1232438
1232477
1232484
1232664
1232718
1232950
1233024
1233259
1233396
1233422
1233426
1233453
1233495
1233532
1233544
1233596
1233600
1233654
1233879
1233929
1234110
1234150
1234162
1234299
1234614
1234630
1234933
1234949
1235043
1235060
1235063
1235134
1235345
1235377
1235447
1235473
1235526
1235568
1235813
1235824
1235861
1235876
1235902
1236062
1236506
1236519
1236541
1236573
1236699
1236713
1236723
1236816
1236849
1236933
1236980
1237158
1237241
1237360
1237362
1237430
1237440
1237476
1237576
1237641
1237674
1237714
1237806
1237913
1237958
1238010
1238116
1238146
1238155
1238173
1238336
1238353
1238361
1238590
1238597
1238830
1238894
1238907
1238947
1239000
1239004
1239046
1239087
1239381
1239580
1239625
1239751
1239759
1239879
1239897
1240115
1240120
1240646
1240938
1241116
1241165
1241307
1241310
1241325
1241354
1241393
1241493
1241767
1241879
1241907
1241927
1241943
1241968
1242057
1242152
1242194
1242243
1242249
1242286
1242324
1242351
1242411
1242458
1242571
1242677
1242687
1242704
1242711
1242753
1242876
1242883
1243008
1243025
1243182
1243235
1243269
1243397
1243557
1243612
1243798
1243856
1243858
1243875
1243879
1243901
1244158
1244163
1244172
1244277
1244283
1244286
1244308
1244342
1244397
1244450
1244498
1244529
1244545
1244678
1244835
1244976
1245002
1245030
1245168
1245171
1245183
1245306
1245375
1245429
1245487
1245505
1245863
1245896
1245925
1246122
1246217
1246239
1246275
1246280
1246291
1246349
1246445
1246669
1246740
1246799
1246846
1246869
1246892
1246906
1246913
1247055
1247056
1247102
1247157
1247186
1247198
1247241
1247325
1247392
1247586
1247597
1247730
1247766
1247815
1247830
1248236
1248274
1248351
1248459
1248563
1248564
1248610
1248643
1248680
1248698
1248749
1248779
1248844
1248917
1249228
1249368
1249385
1249530
1249793
1249997
1250165
1250421
1250488
1250507
1250789
1250836
1250883
1251127
1251275
1251292
1251384
1251503
1251605
1251610
1251663
1251799
1251858
1251980
1252022
1252159
1252162
1252201
1252345
1252383
1252521
1252538
1252849
1252892
1253154
1253251
1253284
1253325
1253372
1253487
1253547
1253821
1253887
1254037
1254191
1254206
1254267
1254311
1254356
1254388
1254510
1254536
1254655
1254677
1254761
1254911
1254977
1255070
1255148
1255158
1255310
1255389
1255524
1255596
1255708
1255709
1255847
1255873
1255912
1255950
1255986
1256068
1256136
1256173
1256329
1256537
1256566
1256635
1256647
1256770
1256891
1257037
1257043
1257079
1257147
1257176
1257209
1257316
1257328
1257351
1257450
1257590
1257738
1257880
1257988
1258019
1258115
1258205
1258374
1258565
1258578
1258616
1258760
1258767
1258900
1258934
1259011
1259159
1259282
1259309
1259442
1259455
1259470
1259512
1259866
1260057
1260195
1260218
1260287
1260416
1260566
1260814
1260939
1261076
1261124
1261214
1261393
1261417
1261572
1261647
1261671
1261743
1261833
1261918
1261990
1262061
1262087
1262194
1262355
1262516
1262521
1262681
1262697
1262777
1262805
1262839
1263036
1263083
1263243
1263365
1263426
1263502
1264049
1264127
1264137
1264159
1264255
1264267
1264445
1264494
1264663
1264872
1264874
1264885
1264988
1265257
1265497
1265572
1265603
1265604
1265732
1265767
1265906
1265973
1266031
1266214
1266276
1266417
1266853
1266955
1266959
1267010
1267063
1267114
1267146
1267387
1267534
1267583
1267644
1267677
1267711
1267913
1267944
1268010
1268141
1268332
1268492
1268554
1268637
1268640
1268657
1268824
1268891
1269062
1269125
1269292
1269431
1269750
1269818
1270010
1270029
1270135
1270156
1270281
1270497
1270552
1270648
1270656
1270684
1270860
1271036
1271158
1271168
1271249
1271343
1271399
1271545
1271638
1271779
1271921
1272097
1272191
1272218
1272392
1272457
1272464
1272487
1272543
1272789
1272920
1272963
1273015
1273267
1273345
1273463
1273567
1273605
1273629
1273660
1273681
1273751
1274116
1274279
1274661
1274678
1274817
1275098
1275117
1275137
1275256
1275325
1275549
1275564
1275586
1275765
1275779
1276072
1276085
1276164
1276311
1276541
1276566
1276596
1276627
1276776
1276859
1276897
1276900
1276919
1276944
1276969
1276974
1277113
1277528
1277530
1277549
1277631
1277639
1277723
1277787
1277812
1278027
1278078
1278106
1278130
1278187
1278196
1278299
1278421
1278504
1278560
1278879
1278935
1278946
1279007
1279131
1279146
1279155
1279166
1279203
1279229
1279339
1279408
1279428
1279464
1279625
1279678
1279826
1279888
1280097
1280143
1280228
1280234
1280338
1280533
1280594
1280626
1280768
1280825
1280880
1281021
1281035
1281076
1281106
1281267
1281282
1281302
1281436
1281516
1281590
1281602
1281668
1281690
1281791
1281866
1281954
1282105
1282297
1282321
1282332
1282333
1282593
1282830
1282838
1282930
1282947
1282952
1283065
1283189
1283199
1283269
1283308
1283392
1283467
1283494
1283627
1283666
1283729
1283771
1283787
1283888
1283900
1284024
1284029
1284162
1284203
1284254
1284427
1284490
1284524
1284577
1284614
1284625
1284707
1284736
1284738
1284979
1285192
1285221
1285289
1285356
1285406
1285658
1285795
1285810
1285812
1285884
1285930
1285973
1286177
1286222
1286234
1286325
1286337
1286561
1286787
1286805
1286828
1286873
1286896
1286961
1287300
1287406
1287484
1287751
1287782
1287873
1288115
1288149
1288225
1288312
1288379
1288522
1288746
1288759
1288792
1288940
1289102
1289134
1289278
1289475
1289509
1289554
1289578
1289642
1289643
1289678
1289753
1289937
1289952
1290087
1290194
1290221
1290238
1290349
1290386
1290430
1290501
1290576
1290607
1290770
1291056
1291080
1291104
1291163
1291502
1291663
1291664
1291778
1292021
1292034
1292047
1292167
1292182
1292232
1292243
1292325
1292497
1292586
1292679
1292685
1292780
1292928
1293020
1293027
1293054
1293070
1293126
1293158
1293207
1293723
1293735
1293750
1293848
1293956
1294075
1294330
1294376
1294380
1294408
1294437
1294523
1294746
1294789
1294811
1295050
1295361
1295393
1295554
1295658
1295703
1295706
1295714
1295863
1295911
1295923
1296055
1296178
1296205
1296339
1296756
1296878
1296885
1296930
1296950
1297045
1297083
1297133
1297182
1297487
1297555
1297780
1298021
1298065
1298067
1298081
1298149
1298209
1298221
1298293
1298396
1298428
1298484
1298511
1298525
1298716
1298893
1299088
1299125
1299149
1299273
1299278
1299452
1299464
1299581
1299618
1300083
1300086
1300144
1300266
1300279
1300665
1300738
1300786
1300855
1300900
1300937
1300940
1300964
1301057
1301404
1301616
1301783
1301952
1301982
1302327
1302505
1302563
1302731
1302744
1302945
1303092
1303298
1303378
1303414
1303539
1303559
1303614
1303694
1303701
1303715
1303738
1303791
1303845
1303916
1303976
1304131
1304230
1304250
1304438
1304540
1304560
1304596
1305027
1305047
1305050
1305080
1305128
1305265
1305296
1305367
1305418
1305439
1305546
1305581
1305654
1305728
1305775
1305839
1305995
1306147
1306272
1306320
1306552
1306680
1306718
1306810
1306844
1306929
1306953
1307021
1307057
1307149
1307325
1307620
1307780
1307884
1307991
1308039
1308077
1308292
1308298
1308346
1308402
1308450
1308506
1308520
1308680
1308682
1308690
1308716
1308974
1309101
1309215
1309390
1309407
1309555
1309582
1309740
1309768
1309837
1309848
1309934
1309944
1310085
1310186
1310206
1310291
1310310
1310324
1310412
1311105
1311488
1311546
1311680
1311976
1312014
1312032
1312054
1312075
1312099
1312297
1312416
1312531
1312546
1312580
1312729
1312871
1312970
1312978
1312985
1313079
1313083
1313158
1313214
1313337
1313435
1313448
1313470
1313471
1313644
1314239
1314260
1314327
1314497
1314513
1314564
1314653
1314805
1314908
1315004
1315239
1315356
1315421
1315472
1315573
1315577
1315685
1315743
1315747
1315793
1315825
1315987
1316085
1316139
1316158
1316188
1316327
1316369
1316380
1316521
1316571
1316604
1316720
1317262
1317444
1317454
1317487
1317561
1317669
1318048
1318147
1318280
1318291
1318296
1318406
1318434
1318755
1318806
1318848
1318903
1318921
1319014
1319199
1319281
1319314
1319323
1319413
1319477
1319749
1319789
1319814
1319846
1319894
1320057
1320348
1320374
1320450
1320631
1320681
1321019
1321092
1321679
1321825
1321967
1322203
1322247
1322259
1322273
1322306
1322310
1322325
1322556
1322652
1322777
1322782
1322801
1322942
1322984
1323086
1323098
1323194
1323231
1323349
1323448
1323457
1323553
1323594
1323602
1323685
1323731
1323777
1323784
1323793
1323876
1323879
1323887
1323910
1323923
1323933
1323937
1324026
1324134
1324145
1324319
1324340
1324384
1324419
1324551
1324679
1324838
1324874
1324901
1325088
1325204
1325233
1325251
1325540
1325589
1325612
1325719
1325781
1325782
1325826
1325921
1325971
1325981
1326042
1326079
1326137
1326186
1326345
1326402
1326462
1326546
1326817
1326947
1327159
1327229
1327340
1327367
1327475
1327564
1327682
1327736
1327752
1327766
1327781
1327801
1327872
1327946
1328091
1328113
1328137
1328207
1328334
1328368
1328496
1328531
1328543
1328589
1328765
1328777
1328899
1328900
1328964
1329020
1329487
1329598
1329744
1329747
1329855
1329998
1330089
1330113
1330130
1330348
1330364
1330374
1330392
1330453
1330463
1330470
1330551
1330582
1330598
1330716
1330805
1330902
1330938
1330977
1331020
1331068
1331103
1331122
1331185
1331242
1331322
1331580
1331587
1331669
1331701
1331755
1331774
1331883
1331937
1331993
1332495
1332508
1332595
1332626
1332680
1332692
1332706
1332754
1332793
1332874
1333145
1333147
1333389
1333484
1333508
1333551
1333566
1333575
1333634
1333712
1333853
1333874
1333875
1334077
1334098
1334110
1334124
1334135
1334345
1334433
1334460
1334913
1335021
1335114
1335309
1335329
1335379
1335391
1335416
1335429
1335432
1335559
1335608
1335623
1335808
1335974
1335990
1336158
1336258
1336324
1336429
1336449
1336461
1336465
1336475
1336587
1336966
1337096
1337128
1337196
1337269
1337343
1337405
1337492
1337546
1337810
1337909
1338078
1338287
1338332
1338333
1338395
1338457
1338593
1338623
1338794
1338817
1338846
1339007
1339036
1339151
1339205
1339318
1339415
1339608
1339872
1339916
1339956
1339980
1340006
1340170
1340242
1340337
1340364
1340433
1340644
1340738
1340752
1340835
1340857
1341067
1341150
1341175
1341209
1341334
1341350
1341383
1341385
1341456
1341536
1341655
1341781
1341863
1341891
1341940
1342231
1342470
1342516
1342548
1342602
1342711
1342879
1343079
1343107
1343119
1343270
1343296
1343482
1343517
1343682
1343691
1343813
1343890
1343993
1344015
1344282
1344314
1344340
1344504
1344545
1344635
1344651
1344677
1344717
1344835
1344925
1344984
1345012
1345069
1345076
1345131
1345164
1345299
1345476
1345567
1345705
1345785
1345787
1345855
1346101
1346107
1346130
1346206
1346217
1346240
1346333
1346381
1346394
1346484
1346503
1346926
1347123
1347268
1347642
1347671
1347713
1347775
1347776
1347846
1347890
1348216
1348232
1348343
1348396
1348444
1348591
1348596
1348684
1348826
1348835
1348902
1348952
1349264
1349297
1349383
1349529
1349701
1349792
1349799
1349941
1349970
1349972
1350015
1350086
1350104
1350215
1350262
1350275
1350303
1350391
1350407
1350523
1350785
1350817
1350877
1350891
1350931
1350966
1350967
1351042
1351104
1351132
1351234
1351246
1351334
1351800
1351843
1351906
1352021
1352056
1352064
1352157
1352194
1352331
1352371
1352372
1352408
1352409
1352486
1352533
1352635
1352822
1352857
1352889
1353101
1353335
1353401
1353432
1353597
1353658
1353710
1353787
1353836
1353993
1354013
1354055
1354201
1354215
1354262
1354573
1354652
1354768
1354841
1355080
1355090
1355315
1355468
1355697
1355805
1355835
1355871
1355947
1356249
1356259
1356305
1356342
1356432
1356513
1356519
1356606
1356652
1356713
1356841
1357023
1357049
1357115
1357265
1357297
1357391
1357397
1357515
1357565
1357768
1357772
1357820
1357852
1357860
1358004
1358263
1358298
1358345
1358359
1358558
1358569
1358847
1359146
1359367
1359423
1359451
1359472
1359735
1359751
1359828
1359839
1360309
1360353
1360360
1360507
1360513
1360734
1360735
1360796
1360878
1360913
1360922
1360968
1361072
1361152
1361302
1361368
1361372
1361389
1361475
1361790
1361896
1361988
1362033
1362043
1362083
1362149
1362214
1362234
1362410
1362417
1362457
1362497
1362529
1362575
1362600
1362789
1362994
1363013
1363018
1363094
1363143
1363168
1363421
1363457
1363503
1363551
1363629
1363680
1363692
1363759
1363809
1363998
1364013
1364198
1364513
1364548
1364626
1364719
1364830
1365021
1365057
1365123
1365137
1365150
1365189
1365245
1365594
1365783
1365827
1365859
1365939
1365944
1365953
1365955
1366000
1366015
1366178
1366271
1366277
1366367
1366795
1366824
1366873
1366904
1366962
1367001
1367044
1367105
1367226
1367251
1367313
1367344
1367651
1367661
1367676
1367714
1367902
1368012
1368105
1368143
1368215
1368282
1368318
1368380
1368588
1368725
1368731
1368818
1368829
1368841
1369039
1369100
1369105
1369127
1369241
1369701
1369729
1369842
1369845
1370016
1370208
1370307
1370323
1370441
1370445
1370605
1370651
1370852
1370910
1370938
1371179
1371371
1372010
1372099
1372111
1372375
1372450
1372528
1372588
1372618
1372677
1372708
1372955
1373137
1373332
1373341
1373386
1373481
1373538
1373543
1373767
1373863
1373884
1374074
1374158
1374221
1374370
1374397
1374598
1374612
1374655
1375001
1375088
1375126
1375150
1375338
1375354
1375455
1375466
1375484
1375653
1375781
1375948
1375964
1376179
1376181
1376275
1376301
1376344
1376365
1376555
1376690
1376783
1376895
1376966
1377030
1377112
1377188
1377237
1377359
1377363
1377593
1377603
1377637
1377768
1377905
1377917
1377923
1377939
1377995
1378009
1378022
1378025
1378044
1378140
1378207
1378290
1378404
1378480
1378500
1378587
1378600
1378642
1378717
1378738
1378893
1379035
1379057
1379116
1379149
1379167
1379266
1379271
1379569
1379619
1379620
1379648
1379694
1379764
1379814
1379820
1379851
1379899
1380104
1380129
1380277
1380305
1380363
1380630
1380681
1380701
1380774
1380841
1380924
1380938
1380952
1381050
1381116
1381121
1381238
1381393
1381464
1381487
1381570
1381781
1381909
1382015
1382214
1382231
1382245
1382246
1382398
1382548
1382597
1382679
1382805
1382933
1382995
1383071
1383083
1383118
1383173
1383203
1383343
1383515
1383680
1383706
1383714
1383734
1383912
1383921
1384041
1384050
1384252
1384290
1384323
1384367
1384435
1384476
1384539
1384550
1384592
1384668
1384721
1384748
1384778
1384905
1385055
1385155
1385434
1385554
1385571
1385636
1385657
1385677
1385941
1386000
1386086
1386146
1386158
1386172
1386285
1386312
1386407
1386422
1386517
1386556
1386587
1386611
1386617
1386624
1386739
1386869
1386876
1387094
1387246
1387567
1387580
1387678
1387949
1388252
1388337
1388372
1388419
1388558
1388670
1388755
1388883
1388896
1388946
1389112
1389313
1389374
1389402
1389422
1389517
1389543
1389728
1389856
1389941
1389960
1390028
1390094
1390189
1390261
1390274
1390282
1390287
1390344
1390434
1390471
1390475
1390548
1390669
1391074
1391142
1391332
1391342
1391386
1391479
1391730
1391749
1391807
1391810
1391838
1391892
1391897
1391946
1391973
1392136
1392162
1392256
1392266
1392570
1392597
1392669
1392687
1392862
1393002
1393015
1393350
1393404
1393509
1393707
1393738
1393861
1393865
1393943
1393952
1394004
1394009
1394056
1394301
1394386
1394639
1394642
1394664
1394775
1394794
1394796
1394811
1394921
1394993
1395188
1395213
1395217
1395295
1395303
1395436
1395560
1395639
1395658
1395691
1395725
1395938
1395955
1395982
1395990
1396138
1396202
1396405
1396493
1396595
1396600
1396917
1397030
1397454
1397487
1397551
1397700
1397735
1397974
1398082
1398101
1398207
1398217
1398278
1398420
1398529
1398549
1398575
1398633
1398667
1398683
1398769
1399212
1399240
1399308
1399333
1399754
1399814
1399938
1400001
1400051
1400072
1400102
1400164
1400168
1400179
1400254
1400358
1400415
1400533
1400540
1400714
1400785
1400795
1400852
1400897
1400925
1400985
1401077
1401132
1401137
1401143
1401149
1401370
1401389
1401571
1401665
1401673
1401688
1401689
1401724
1401725
1401892
1401905
1401951
1402018
1402033
1402149
1402602
1402759
1403152
1403218
1403247
1403357
1403390
1403486
1403582
1403600
1403634
1403810
1403911
1403939
1404141
1404219
1404237
1404241
1404337
1404395
1404595
1404825
1405227
1405237
1405264
1405734
1405789
1405978
1406042
1406216
1406283
1406436
1406510
1406558
1406727
1406746
1406944
1407050
1407115
1407172
1407257
1407264
1407318
1407509
1407688
1407811
1407935
1408008
1408041
1408217
1408472
1408527
1408530
1408578
1408646
1408666
1408689
1408780
1408941
1409274
1409359
1409360
1409535
1409675
1409676
1409714
1409723
1409749
1409761
1409877
1409878
1409977
1409998
1410046
1410055
1410183
1410490
1410500
1410637
1410662
1410677
1410743
1410845
1411013
1411096
1411322
1411327
1411339
1411401
1411419
1411442
1411598
1411698
1411952
1411993
1412009
1412027
1412052
1412116
1412146
1412195
1412226
1412403
1412409
1412461
1412469
1412520
1412715
1412717
1412931
1413105
1413236
1413275
1413433
1413493
1413583
1413678
1413738
1413755
1413768
1413826
1413827
1413907
1414066
1414106
1414242
1414333
1414416
1414512
1414559
1414618
1414713
1414725
1414729
1414793
1414949
1415187
1415243
1415303
1415349
1415474
1415480
1415687
1415760
1415764
1415820
1415931
1416026
1416216
1416251
1416396
1416465
1416474
1416511
1416543
1416544
1416555
1416779
1416878
1416894
1416945
1417099
1417116
1417149
1417189
1417257
1417270
1417310
1417570
1417588
1417609
1417736
1417800
1417830
1417858
1418080
1418226
1418228
1418311
1418319
1418432
1418455
1418495
1418549
1418816
1418923
1418933
1419059
1419111
1419133
1419228
1419412
1419509
1419863
1419864
1419882
1419960
1419984
1420003
1420114
1420568
1420640
1420710
1420792
1420858
1420866
1421119
1421150
1421204
1421209
1421230
1421347
1421449
1421748
1421898
1421958
1421990
1421998
1422093
1422111
1422127
1422130
1422144
1422146
1422304
1422359
1422405
1422624
1422720
1422741
1422827
1422884
1422958
1423059
1423171
1423406
1423600
1423644
1423857
1423864
1423954
1423986
1424159
1424226
1424254
1424453
1424607
1424639
1424652
1424686
1424786
1424907
1425142
1425159
1425171
1425274
1425290
1425623
1425742
1425763
1425905
1425910
1425992
1426015
1426072
1426165
1426196
1426334
1426336
1426359
1426394
1426534
1426731
1427028
1427285
1427338
1427416
1427452
1427655
1427682
1427734
1427817
1427906
1427910
1428290
1428377
1428487
1428543
1428559
1428598
1428618
1428634
1428746
1428747
1428864
1428877
1428891
1429004
1429129
1429207
1429255
1429299
1429326
1429404
1429544
1429584
1429725
1429734
1429894
1429995
1430078
1430110
1430180
1430252
1430395
1430654
1430692
1430698
1430762
1430778
1430907
1430912
1431075
1431124
1431203
1431235
1431394
1431616
1431642
1431651
1431773
1431798
1431941
1431994
1432025
1432027
1432128
1432173
1432188
1432255
1432357
1432482
1432761
1432822
1433103
1433111
1433147
1433161
1433277
1433357
1433384
1433425
1433504
1433590
1433612
1433776
1433799
1433929
1433945
1433972
1434132
1434196
1434546
1434620
1434657
1434659
1434787
1434869
1434929
1435092
1435108
1435514
1435560
1435750
1435771
1435853
1435997
1435998
1436043
1436091
1436274
1436424
1436476
1436549
1436583
1436705
1436772
1436916
1436960
1436993
1437023
1437282
1437315
1437321
1437571
1437751
1437809
1437851
1437870
1438019
1438059
1438331
1438340
1438486
1438795
1438941
1439181
1439225
1439255
1439260
1439344
1439377
1439430
1439460
1439464
1439473
1439648
1439650
1439750
1439806
1439903
1440041
1440153
1440163
1440393
1440412
1440574
1440714
1440736
1440746
1440755
1440785
1440793
1440819
1440877
1441009
1441124
1441128
1441164
1441209
1441237
1441290
1441301
1441425
1441572
1441620
1441812
1441816
1442103
1442139
1442172
1442220
1442280
1442297
1442298
1442353
1442457
1442472
1442706
1442853
1442867
1442872
1442903
1442952
1442968
1442998
1443160
1443513
1443702
1443800
1443829
1444008
1444011
1444081
1444185
1444305
1444372
1444480
1444515
1444567
1444654
1444720
1444755
1444873
1444892
1444997
1445107
1445229
1445269
1445550
1445925
1445975
1446378
1446411
1446414
1446426
1446483
1446502
1446550
1446598
1446642
1446687
1446707
1446732
1446795
1446978
1447010
1447045
1447052
1447070
1447189
1447288
1447332
1447442
1447447
1447448
1447512
1447602
1447603
1447647
1447654
1447839
1447886
1448015
1448079
1448123
1448584
1448676
1448758
1448869
1448885
1448888
1448889
1449103
1449164
1449232
1449365
1449460
1449464
1449483
1449491
1449801
1450137
1450298
1450352
1450363
1450394
1450463
1450575
1450669
1450888
1451077
1451111
1451388
1451443
1451444
1451449
1451459
1451491
1451555
1451591
1451612
1451851
1451895
1451993
1452179
1452272
1452343
1452388
1452605
1452793
1452805
1452819
1452898
1452952
1453094
1453103
1453146
1453155
1453192
1453213
1453219
1453499
1453571
1453708
1453808
1453912
1454004
1454049
1454093
1454155
1454285
1454453
1454464
1454477
1454513
1454751
1454781
1454782
1454941
1454982
1455053
1455063
1455087
1455189
1455221
1455433
1455526
1455681
1455693
1455694
1455716
1455801
1455844
1455847
1455865
1455961
1456021
1456032
1456092
1456182
1456226
1456280
1456300
1456333
1456435
1456669
1456735
1456800
1456938
1457035
1457040
1457085
1457514
1457712
1457817
1458310
1458343
1458413
1458464
1458724
1458776
1458797
1458859
1459026
1459046
1459051
1459054
1459502
1459513
1459968
1460173
1460535
1460627
1460691
1460698
1460839
1460869
1460887
1461014
1461016
1461426
1461447
1461564
1461576
1461777
1461784
1461851
1461947
1461949
1462060
1462153
1462205
1462361
1462556
1462724
1463078
1463128
1463230
1463287
1463480
1463531
1463541
1463679
1463713
1463760
1463781
1464038
1464075
1464130
1464166
1464191
1464245
1464328
1464336
1464503
1464529
1464663
1464689
1464779
1464871
1464917
1465005
1465044
1465134
1465172
1465249
1465330
1465359
1465408
1465523
1465534
1465538
1465601
1465690
1466018
1466027
1466120
1466273
1466278
1466281
1466538
1466627
1466697
1466807
1466823
1466831
1466847
1466852
1466897
1466957
1466981
1466985
1467016
1467059
1467171
1467305
1467425
1467464
1467490
1467512
1467568
1467582
1467688
1467779
1467842
1468109
1468128
1468420
1468421
1468431
1468574
1468606
1468671
1468682
1468779
1468918
1468921
1468981
1469014
1469038
1469061
1469228
1469266
1469310
1469345
1469434
1469741
1469825
1469923
1469934
1470253
1470277
1470291
1470397
1470491
1470575
1470640
1470676
1470712
1470867
1470890
1471267
1471269
1471309
1471403
1471467
1471596
1471710
1471809
1471821
1472048
1472060
1472076
1472110
1472271
1472573
1472705
1472736
1472825
1473010
1473083
1473086
1473113
1473630
1473651
1473705
1473711
1473721
1473911
1474003
1474058
1474087
1474320
1474378
1474478
1474483
1474515
1474622
1474639
1474937
1475002
1475033
1475049
1475081
1475251
1475322
1475370
1475400
1475429
1475509
1475519
1475659
1475757
1475915
1475978
1476076
1476078
1476099
1476119
1476309
1476349
1476382
1476489
1476562
1476574
1476698
1476768
1476809
1476834
1476856
1476895
1477248
1477293
1477372
1477472
1477648
1477874
1477913
1477976
1478008
1478105
1478189
1478206
1478538
1478596
1478749
1478841
1478944
1479157
1479245
1479518
1479586
1479659
1479769
1479782
1479952
1480082
1480118
1480175
1480219
1480293
1480444
1480460
1480528
1480696
1480715
1480755
1481069
1481114
1481233
1481400
1481732
1481868
1481931
1481943
1481987
1482022
1482080
1482109
1482110
1482153
1482203
1482220
1482378
1482385
1482387
1482649
1483050
1483254
1483330
1483527
1483568
1483622
1483660
1483763
1483814
1484045
1484089
1484130
1484139
1484316
1484318
1484382
1484466
1484512
1484591
1484623
1484712
1484736
1484806
1484886
1484923
1485093
1485143
1485178
1485264
1485355
1485432
1485466
1485476
1485726
1485769
1485827
1485892
1485893
1485946
1486160
1486269
1486318
1486576
1486690
1486709
1486830
1486853
1486889
1486909
1487045
1487129
1487212
1487405
1487676
1487730
1487844
1487916
1488026
1488054
1488284
1488297
1488311
1488435
1488445
1488495
1488581
1488855
1488948
1489061
1489068
1489074
1489127
1489196
1489268
1489484
1489513
1489518
1489549
1489612
1489706
1489782
1489800
1489989
1490019
1490075
1490608
1490677
1490685
1490742
1490909
1491122
1491138
1491142
1491321
1491412
1491465
1491588
1491770
1491821
1491906
1492008
1492151
1492165
1492206
1492349
1492399
1492531
1492615
1492785
1492829
1492872
1492880
1492911
1493404
1493474
1493521
1493533
1493689
1493857
1493975
1494015
1494032
1494098
1494184
1494189
1494207
1494223
1494425
1494444
1494513
1494548
1494569
1494693
1494841
1494883
1494902
1495032
1495067
1495068
1495163
1495492
1495616
1495641
1495655
1495698
1495703
1495772
1495922
1495962
1495989
1496063
1496115
1496460
1496470
1496478
1496514
1496650
1496772
1496829
1496933
1496952
1497155
1497180
1497240
1497244
1497424
1497468
1497479
1497554
1497591
1497625
1497718
1498028
1498033
1498158
1498363
1498394
1498421
1498614
1498627
1498697
1498794
1498913
1498996
1499052
1499130
1499305
1499320
1499380
1499413
1500306
1500324
1500348
1500658
1500741
1500742
1501058
1501124
1501129
1501143
1501258
1501291
1501359
1501392
1501528
1501535
1501741
1501775
1501806
1501845
1501858
1501945
1502155
1502161
1502237
1502243
1502249
1502257
1502319
1502326
1502327
1502466
1502467
1502556
1502647
1502820
1502973
1503043
1503072
1503268
1503387
1503410
1503452
1503525
1503531
1503663
1503747
1503796
1503977
1504013
1504067
1504457
1504615
1504620
1504848
1504857
1505052
1505064
1505135
1505276
1505358
1505390
1505458
1505621
1505626
1505793
1505825
1505875
1505927
1505953
1505958
1506164
1506336
1506504
1506647
1506795
1506982
1507123
1507124
1507143
1507157
1507194
1507238
1507255
1507301
1507341
1507457
1507696
1507734
1507794
1507838
1507843
1507882
1508033
1508205
1508253
1508349
1508421
1508422
1508561
1508751
1509191
1509336
1509429
1509644
1509665
1509787
1510110
1510243
1510256
1510399
1510612
1510619
1510731
1510863
1510941
1510962
1511112
1511139
1511181
1511187
1511191
1511358
1511830
1511838
1511893
1511928
1512048
1512120
1512207
1512341
1512617
1512631
1512754
1512886
1512948
1512988
1513221
1513323
1513469
1513472
1513610
1513712
1513985
1514113
1514143
1514150
1514337
1514344
1514452
1514497
1514530
1514598
1514913
1514992
1515001
1515039
1515067
1515078
1515079
1515170
1515217
1515289
1515394
1515519
1515522
1515582
1515797
1515873
1515944
1516047
1516075
1516109
1516318
1516367
1516421
1516551
1516613
1516661
1516710
1516806
1516854
1517039
1517186
1517429
1517549
1517554
1517566
1517586
1517751
1517760
1517775
1517803
1517836
1517882
1518122
1518142
1518375
1518594
1518680
1518789
1518890
1518907
1518915
1519059
1519249
1519278
1519434
1519464
1519528
1519728
1519869
1519955
1520077
1520138
1520251
1520318
1520459
1520472
1520513
1520528
1520613
1520660
1520987
1521086
1521093
1521267
1521315
1521337
1521470
1521497
1521517
1521524
1521550
1521635
1521768
1521814
1521821
1522001
1522125
1522203
1522219
1522652
1522695
1522887
1523054
1523284
1523393
1523420
1523603
1523655
1523817
1524275
1524327
1524369
1524422
1524656
1524773
1525024
1525201
1525233
1525336
1525391
1525399
1525538
1525542
1525579
1525589
1525592
1525614
1525635
1525672
1525734
1526015
1526306
1526323
1526549
1526642
1526772
1526924
1526931
1526969
1527095
1527100
1527384
1527394
1527560
1527582
1527599
1527786
1527828
1527886
1527904
1528037
1528050
1528075
1528097
1528147
1528247
1528394
1528409
1528469
1528518
1528668
1528898
1528925
1529111
1529165
1529178
1529257
1529326
1529489
1529568
1529680
1529723
1529775
1529780
1529821
1529845
1529942
1529992
1530125
1530181
1530550
1530740
1530830
1530893
1530935
1531113
1531130
1531158
1531169
1531295
1531347
1531389
1531416
1531425
1531474
1531513
1531831
1531890
1531959
1532073
1532102
1532252
1532263
1532348
1532554
1532564
1532621
1532673
1532778
1532791
1532875
1533055
1533119
1533120
1533253
1533309
1533348
1533410
1533516
1533531
1533593
1533679
1533825
1533860
1533870
1533945
1534016
1534213
1534290
1534518
1534556
1535041
1535134
1535190
1535225
1535445
1535479
1535494
1535751
1535784
1535995
1536145
1536192
1536224
1536250
1536296
1536352
1536438
1536451
1536475
1536606
1536614
1536886
1536911
1536927
1536941
1537003
1537045
1537253
1537309
1537343
1537383
1537619
1537675
1537724
1537732
1538146
1538180
1538211
1538586
1538714
1538762
1538770
1538862
1539105
1539358
1539441
1539521
1539679
1539723
1540259
1540324
1540517
1540691
1540694
1540970
1541023
1541079
1541088
1541178
1541425
1541485
1541532
1541577
1541639
1541716
1541941
1541954
1542052
1542179
1542181
1542331
1542505
1542700
1542707
1542927
1543000
1543196
1543245
1543275
1543449
1543483
1543529
1543537
1543641
1543718
1543763
1543772
1543787
1543806
1543820
1543826
1543916
1543969
1544018
1544453
1544569
1544634
1544647
1544719
1544773
1544844
1544873
1544886
1544961
1544975
1544999
1545153
1545184
1545352
1545620
1545632
1545640
1545696
1545730
1545954
1545965
1546002
1546156
1546192
1546492
1546540
1546600
1546639
1546646
1546725
1546918
1546956
1547057
1547084
1547264
1547310
1547420
1547426
1547445
1547597
1547694
1547706
1547712
1547804
1547936
1547996
1548161
1548280
1548405
1548440
1548483
1548518
1548529
1548674
1548831
1548953
1549137
1549202
1549245
1549321
1549405
1549420
1549549
1549662
1549693
1549694
1549774
1549820
1549883
1549924
1549926
1549992
1550065
1550370
1550412
1550434
1550440
1550633
1550727
1550746
1550754
1550770
1550876
1550903
1550912
1550919
1551029
1551104
1551331
1551485
1551753
1551810
1551890
1551892
1551973
1552041
1552067
1552317
1552575
1552887
1552888
1552892
1552952
1552987
1553089
1553257
1553298
1553302
1553316
1553339
1553392
1553433
1553445
1553485
1553516
1553533
1553800
1554022
1554108
1554214
1554455
1554511
1554518
1554519
1554537
1554562
1554566
1554603
1554684
1554729
1554916
1554951
1555242
1555264
1555387
1555458
1555478
1555621
1555665
1555801
1555925
1555977
1556075
1556135
1556156
1556166
1556234
1556371
1556400
1556485
1556577
1556580
1556617
1556651
1556663
1556684
1556717
1556952
1557042
1557160
1557172
1557265
1557306
1557642
1557686
1557698
1558359
1558368
1558552
1558594
1558781
1558858
1558868
1558896
1558920
1558960
1558975
1559283
1559308
1559328
1559524
1559641
1559725
1559832
1559859
1559938
1560046
1560101
1560129
1560132
1560180
1560287
1560308
1560367
1560368
1560512
1560667
1560670
1560690
1560799
1560837
1560853
1560971
1561045
1561130
1561134
1561234
1561261
1561309
1561607
1561695
1561871
1561898
1562203
1562222
1562258
1562262
1562384
1562495
1562496
1562598
1562631
1562844
1562898
1563114
1563190
1563305
1563323
1563465
1563610
1563704
1563731
1563811
1563828
1564258
1564345
1564380
1564418
1564444
1564455
1564699
1564909
1564929
1564937
1564974
1565147
1565275
1565378
1565664
1565759
1565766
1565835
1566045
1566047
1566078
1566092
1566118
1566202
1566340
1566710
1566757
1566763
1566963
1567045
1567332
1567444
1567635
1567673
1567676
1567926
1567993
1568089
1568100
1568149
1568194
1568259
1568270
1568350
1568376
1568436
1569007
1569026
1569053
1569054
1569210
1569305
1569447
1569454
1569635
1569677
1569692
1569801
1569821
1569870
1569876
1570149
1570165
1570464
1570600
1570661
1570678
1570710
1570750
1570825
1570965
1570997
1571004
1571133
1571266
1571523
1571657
1571691
1571858
1571870
1571986
1571990
1572149
1572165
1572235
1572561
1572568
1572672
1572748
1572786
1572939
1572960
1572971
1573010
1573092
1573153
1573164
1573255
1573275
1573430
1573506
1573571
1573757
1573774
1573816
1573828
1574007
1574047
1574095
1574306
1574472
1574591
1574619
1574735
1574783
1574838
1574882
1574897
1575027
1575072
1575235
1575267
1575288
1575436
1575757
1575785
1575801
1575822
1575845
1576082
1576218
1576279
1576455
1576473
1576506
1576517
1576587
1576604
1576796
1577020
1577164
1577233
1577239
1577243
1577258
1577370
1577638
1577679
1577682
1577762
1578099
1578332
1578434
1578443
1578474
1578650
1578788
1578813
1578851
1578876
1578970
1579013
1579017
1579125
1579219
1579327
1579384
1579421
1579701
1579713
1579781
1579818
1579932
1579973
1580003
1580058
1580084
1580281
1580309
1580462
1580472
1580504
1580867
1580910
1580958
1581018
1581375
1581398
1581638
1581665
1581746
1581767
1581795
1581914
1581924
1582056
1582262
1582301
1582325
1582571
1582584
1582587
1582657
1582672
1582684
1582793
1582885
1583093
1583164
1583174
1583188
1583347
1583491
1583499
1583581
1583873
1584098
1584146
1584151
1584187
1584225
1584234
1584241
1584509
1584800
1584804
1584950
1585341
1585349
1585385
1585574
1585643
1585900
1585995
1586076
1586102
1586243
1586249
1586490
1586545
1586655
1586811
1586884
1586932
1587054
1587057
1587059
1587062
1587115
1587153
1587366
1587612
1587658
1587743
1587759
1587890
1588059
1588182
1588227
1588259
1588410
1588479
1588499
1588534
1588573
1588603
1588639
1588791
1589105
1589137
1589193
1589220
1589225
1589373
1589421
1589478
1589530
1589623
1589714
1589862
1590064
1590242
1590440
1590538
1590577
1590644
1590761
1590781
1590830
1590839
1590980
1591058
1591108
1591191
1591213
1591240
1591344
1591520
1591636
1591738
1591772
1591862
1591912
1592027
1592067
1592122
1592164
1592187
1592234
1592299
1592453
1592605
1592639
1592726
1592776
1593109
1593136
1593166
1593207
1593263
1593288
1593357
1593499
1593521
1593613
1593739
1593762
1593890
1594328
1594457
1594657
1594715
1594790
1594923
1595140
1595233
1595250
1595341
1595364
1595402
1595433
1595464
1595482
1595601
1595669
1595670
1595874
1595899
1596170
1596424
1596506
1596585
1596605
1596666
1596783
1596787
1597060
1597141
1597237
1597303
1597308
1597315
1597348
1597358
1597361
1597457
1597552
1597573
1597719
1597875
1597900
1598033
1598396
1598501
1598509
1598560
1598566
1598624
1598690
1598919
1599076
1599143
1599234
1599428
1599435
1599466
1599512
1599542
1599571
1599647
1599675
1599860
1599989
1600166
1600324
1600357
1600503
1600845
1600854
1600966
1601173
1601367
1601368
1601414
1601426
1601481
1601507
1601662
1601675
1601840
1601883
1601906
1602024
1602112
1602266
1602595
1602793
1602861
1603096
1603186
1603223
1603241
1603339
1603353
1603417
1603654
1604108
1604171
1604194
1604218
1604364
1604386
1604653
1604930
1604945
1605001
1605036
1605112
1605120
1605250
1605571
1605618
1605641
1605699
1605768
1605834
1605902
1605967
1605979
1605997
1606050
1606126
1606523
1606556
1606658
1606684
1606710
1606747
1606784
1606914
1607154
1607382
1607584
1607663
1607803
1607839
1607852
1607861
1607863
1607970
1608049
1608058
1608104
1608317
1608355
1608482
1608487
1608524
1608769
1608955
1608972
1608998
1609011
1609016
1609395
1609455
1609573
1609645
1609685
1609760
1609794
1609805
1609842
1609961
1609970
1610002
1610014
1610061
1610085
1610129
1610376
1610390
1610464
1610493
1610505
1610528
1610621
1610693
1610813
1610889
1611007
1611046
1611170
1611292
1611527
1611615
1611766
1611963
1612047
1612285
1612293
1612442
1612546
1612554
1612640
1612673
1612721
1612818
1612884
1612942
1613011
1613049
1613050
1613628
1613870
1613871
1613907
1613913
1613922
1613943
1613951
1614046
1614058
1614112
1614201
1614219
1614339
1614373
1614412
1614475
1614485
1614499
1614615
1614687
1614878
1614967
1615044
1615151
1615356
1615393
1615645
1615805
1615823
1615992
1616053
1616103
1616120
1616124
1616198
1616391
1616616
1616628
1616755
1616764
1616854
1616878
1616937
1617136
1617137
1617170
1617465
1617580
1617660
1617672
1617723
1618053
1618081
1618127
1618636
1618654
1618685
1618765
1618903
1618924
1618972
1619059
1619127
1619251
1619272
1619445
1619597
1619955
1619959
1619970
1620058
1620109
1620114
1620204
1620224
1620321
1620656
1620806
1620837
1620974
1620988
1620996
1621023
1621035
1621195
1621207
1621509
1621541
1621544
1621569
1621763
1621816
1621925
1621989
1622253
1622385
1622485
1622536
1622578
1622601
1622647
1623132
1623628
1623638
1623902
1624121
1624225
1624375
1624402
1624506
1624634
1624656
1624674
1624696
1624754
1624839
1624876
1624999
1625024
1625103
1625183
1625749
1625859
1625957
1626183
1626234
1626336
1626479
1626626
1626665
1626668
1626674
1626689
1626697
1626829
1626877
1626902
1626909
1626979
1627006
1627159
1627298
1627413
1627429
1627504
1627579
1627641
1627713
1627715
1627747
1627835
1627862
1627902
1628182
1628189
1628212
1628535
1628580
1628773
1628814
1628857
1628874
1628931
1629001
1629009
1629065
1629153
1629163
1629170
1629225
1629250
1629261
1629328
1629348
1629407
1629421
1629480
1629767
1629921
1629953
1630009
1630211
1630604
1630626
1630755
1630756
1630902
1630947
1631078
1631152
1631278
1631701
1631742
1631749
1631980
1632065
1632257
1632292
1632513
1632616
1632767
1632785
1632803
1632852
1632870
1632902
1633067
1633079
1633174
1633349
1633463
1633934
1634248
1634310
1634433
1634591
1634737
1634778
1634927
1635058
1635163
1635217
1635321
1635458
1635650
1635714
1635715
1636045
1636158
1636161
1636180
1636208
1636399
1636430
1636457
1636476
1636650
1636742
1636776
1636816
1636996
1637001
1637020
1637083
1637116
1637143
1637227
1637235
1637240
1637246
1637313
1637346
1637606
1637874
1637885
1638071
1638116
1638203
1638390
1638412
1638452
1638473
1638513
1638640
1638642
1638674
1638860
1638890
1639013
1639018
1639043
1639103
1639150
1639428
1639436
1639627
1639685
1639724
1639815
1639883
1639975
1639976
1639985
1640007
1640021
1640095
1640134
1640317
1640442
1640542
1640557
1640590
1640683
1640718
1640785
1641034
1641078
1641123
1641374
1641540
1641616
1641657
1641675
1641749
1641844
1642006
1642037
1642078
1642083
1642137
1642144
1642160
1642219
1642465
1642523
1642525
1642596
1642716
1642761
1643303
1643321
1643388
1643403
1643591
1643673
1643801
1643806
1643813
1643861
1644256
1644262
1644407
1644628
1644677
1644945
1644948
1644955
1645034
1645083
1645099
1645125
1645174
1645297
1645515
1645538
1645628
1645643
1645766
1645790
1645883
1645934
1646021
1646128
1646203
1646221
1646483
1646619
1646724
1646798
1646874
1646930
1646966
1647005
1647011
1647013
1647398
1647400
1647471
1647636
1647684
1647725
1647755
1647818
1647904
1648098
1648172
1648276
1648342
1648400
1648401
1648425
1648797
1648811
1648967
1649146
1649162
1649205
1649239
1649244
1649306
1649398
1649424
1649742
1650103
1650114
1650127
1650140
1650493
1650554
1650706
1650735
1650790
1650941
1650997
1651022
1651047
1651151
1651278
1651566
1651633
1651790
1651825
1651891
1651924
1651963
1652028
1652330
1652348
1652464
1652484
1652544
1652551
1652556
1652580
1652612
1652623
1652733
1652742
1652882
1652900
1652909
1652924
1652972
1653035
1653053
1653115
1653223
1653257
1653366
1653381
1653403
1653442
1653503
1653519
1653590
1653671
1653800
1653873
1654004
1654042
1654115
1654116
1654119
1654523
1654545
1654878
1654902
1654929
1654964
1655230
1655388
1655414
1655482
1655494
1655526
1655617
1655622
1655666
1655739
1655755
1655925
1655971
1656018
1656103
1656423
1656638
1656869
1656894
1656948
1656955
1657193
1657207
1657359
1657899
1658144
1658154
1658251
1658362
1658416
1658537
1658668
1658823
1659012
1659167
1659207
1659347
1659420
1659705
1659896
1659964
1660032
1660053
1660270
1660285
1660392
1660506
1660535
1660620
1660657
1660699
1660724
1661000
1661107
1661191
1661230
1661268
1661398
1661690
1661704
1661743
1661758
1661818
1661865
1661997
1662141
1662143
1662221
1662249
1662308
1662554
1662806
1662824
1662832
1662855
1662938
1663025
1663032
1663049
1663055
1663214
1663430
1663588
1663645
1663681
1663686
1663778
1663796
1663856
1663861
1663874
1664063
1664195
1664333
1664397
1664506
1664543
1664551
1664552
1664571
1664574
1664592
1664665
1664709
1664819
1664844
1664894
1665039
1665149
1665318
1665352
1665502
1665519
1665581
1665879
1665894
1666023
1666146
1666446
1666517
1666544
1666546
1666568
1666592
1666643
1666825
1666907
1666990
1667002
1667058
1667161
1667411
1667498
1667725
1667831
1668028
1668123
1668262
1668306
1668417
1668824
1668837
1668886
1668983
1669117
1669248
1669329
1669388
1669409
1669410
1669476
1669660
1669675
1669751
1669821
1669845
1669983
1670304
1670366
1670383
1670390
1670475
1670538
1670557
1670589
1670644
1670651
1670656
1670731
1670748
1670991
1671097
1671098
1671169
1671202
1671473
1671627
1671707
1671708
1671771
1671990
1672113
1672315
1672417
1672444
1672477
1672567
1672629
1672655
1672683
1672728
1672974
1673027
1673040
1673451
1673498
1673510
1673521
1673707
1673757
1673847
1673856
1674116
1674153
1674176
1674205
1674403
1674492
1674594
1674691
1674806
1674836
1674842
1674911
1674958
1675099
1675219
1675357
1675580
1675626
1675850
1675999
1676041
1676050
1676067
1676087
1676276
1676611
1676633
1676646
1676857
1676899
1677168
1677201
1677444
1677626
1677665
1677739
1677841
1677984
1678214
1678217
1678273
1678499
1678523
1678562
1678681
1678715
1678815
1678827
1678879
1678964
1679004
1679148
1679261
1679276
1679354
1679416
1679527
1679720
1679783
1679819
1679944
1679988
1680414
1680455
1680543
1681031
1681078
1681212
1681267
1681314
1681432
1681460
1681504
1681521
1681580
1681805
1682038
1682054
1682058
1682185
1682374
1682393
1682410
1682433
1682446
1682596
1682662
1682717
1682835
1682942
1683020
1683068
1683075
1683204
1683238
1683285
1683692
1683768
1683913
1684003
1684041
1684110
1684216
1684223
1684269
1684330
1684514
1684832
1684871
1685100
1685154
1685196
1685227
1685230
1685351
1685387
1685468
1685612
1685625
1685695
1685768
1685939
1686043
1686104
1686177
1686231
1686272
1686483
1686504
1686659
1686669
1686856
1686902
1686915
1687014
1687047
1687091
1687111
1687126
1687145
1687476
1687521
1687707
1687864
1687879
1687912
1687972
1688097
1688160
1688254
1688267
1688310
1688408
1688462
1688491
1688500
1688550
1688890
1688981
1689029
1689220
1689473
1689716
1689844
1690013
1690018
1690154
1690218
1690528
1690621
1690626
1690774
1690776
1690797
1690801
1690967
1690990
1691026
1691116
1691287
1691438
1691616
1691753
1691797
1691903
1692013
1692112
1692155
1692190
1692326
1692522
1692557
1692649
1692656
1692710
1692719
1692732
1692941
1692984
1693020
1693207
1693272
1693306
1693307
1693394
1693410
1693413
1693482
1693489
1693534
1693577
1693653
1693721
1693744
1694185
1694186
1694204
1694306
1694521
1694522
1694586
1694684
1694712
1694807
1694858
1694870
1694940
1695068
1695070
1695130
1695244
1695313
1695335
1695433
1695554
1695785
1695888
1696268
1696308
1696416
1696655
1696665
1696748
1696751
1696781
1696823
1696998
1697042
1697066
1697245
1697394
1697533
1697837
1697853
1697884
1697919
1697952
1698116
1698195
1698246
1698268
1698338
1698349
1698474
1698540
1698563
1698755
1698763
1698785
1698941
1698989
1699025
1699127
1699133
1699138
1699464
1699637
1699760
1700101
1700118
1700140
1700182
1700362
1700463
1700504
1700812
1700866
1700916
1701165
1701276
1701305
1701321
1701330
1701370
1701635
1701927
1701994
1702006
1702013
1702043
1702191
1702266
1702385
1702502
1702584
1702607
1702689
1702705
1702775
1702968
1703013
1703268
1703492
1703611
1703782
1703825
1703849
1703948
1703974
1704008
1704046
1704094
1704145
1704176
1704245
1704272
1704335
1704417
1704589
1704598
1704653
1704777
1704820
1704858
1704870
1704884
1704899
1705085
1705178
1705494
1705521
1705571
1705626
1705852
1705856
1705892
1705932
1705998
1706324
1706442
1706534
1707025
1707030
1707128
1707138
1707206
1707230
1707273
1707510
1707521
1707704
1707797
1707973
1707997
1708148
1708407
1708548
1708609
1708711
1708806
1708823
1708915
1709116
1709183
1709617
1709731
1709976
1710025
1710111
1710131
1710139
1710173
1710214
1710311
1710398
1710575
1710612
1710769
1710849
1710901
1710913
1710973
1711026
1711206
1711270
1711358
1711395
1711399
1711438
1711509
1711587
1711595
1711870
1711915
1711937
1712005
1712063
1712251
1712278
1712445
1712501
1712574
1712580
1712823
1713019
1713199
1713289
1713309
1713369
1713498
1713840
1713853
1713976
1713995
1714002
1714016
1714124
1714130
1714223
1714251
1714558
1714609
1714855
1714892
1715000
1715082
1715167
1715321
1715471
1715529
1715557
1715750
1715876
1715899
1715983
1716147
1716208
1716457
1716641
1716702
1716726
1716746
1716816
1716865
1716889
1716943
1716963
1716981
1717336
1717492
1717566
1717584
1717766
1717892
1717934
1718079
1718106
1718128
1718229
1718315
1718416
1718494
1718581
1718611
1718639
1718743
1718956
1719013
1719021
1719046
1719130
1719298
1719466
1719577
1719588
1719896
1719934
1720069
1720097
1720267
1720319
1720472
1720524
1720568
1720669
1720798
1721243
1721318
1721345
1721352
1721805
1721892
1721940
1721991
1722322
1722514
1722640
1722709
1722738
1722770
1722811
1722901
1722929
1722937
1723122
1723525
1723546
1723577
1723700
1723716
1723792
1723864
1723903
1723938
1723940
1724214
1724219
1724244
1724310
1724337
1724408
1724514
1724528
1724602
1724642
1724714
1724749
1725381
1725395
1725476
1725544
1725549
1725618
1725690
1725937
1725991
1726009
1726034
1726174
1726292
1726476
1726745
1726823
1726956
1727125
1727561
1727585
1727589
1727624
1727628
1727706
1727717
1727834
1727838
1727858
1727882
1727980
1728051
1728119
1728343
1728803
1728884
1728902
1729011
1729016
1729188
1729275
1729297
1729519
1729582
1729601
1729629
1729726
1729893
1729941
1730001
1730072
1730073
1730074
1730142
1730186
1730196
1730390
1730523
1730619
1730636
1730654
1730678
1730732
1730745
1730757
1730779
1730822
1730962
1730986
1731102
1731111
1731236
1731393
1731395
1731402
1731407
1731453
1731566
1731589
1731662
1731720
1731730
1731738
1731817
1732114
1732184
1732379
1732380
1732490
1732578
1732628
1732630
1732639
1732701
1732956
1733009
1733030
1733058
1733123
1733326
1733327
1733338
1733365
1733387
1733398
1733572
1733973
1734028
1734186
1734231
1734263
1734278
1734288
1734432
1734514
1734515
1734561
1734650
1734675
1734692
1734778
1734832
1734958
1734974
1735036
1735111
1735222
1735393
1735404
1735427
1735510
1735539
1735542
1735713
1735816
1735936
1735949
1736117
1736214
1736371
1736405
1736430
1736497
1736508
1736643
1736979
1737037
1737089
1737127
1737190
1737250
1737324
1737510
1737556
1737592
1737699
1737718
1737817
1737838
1737883
1737963
1738074
1738283
1738316
1738426
1738506
1738778
1739027
1739073
1739097
1739426
1739531
1739677
1739689
1739690
1739769
1739794
1739867
1739972
1739976
1740064
1740081
1740291
1740334
1740365
1740441
1740544
1740583
1740665
1740689
1740884
1741131
1741144
1741176
1741390
1741421
1741471
1741474
1741562
1741628
1741789
1742069
1742201
1742220
1742375
1742388
1742493
1742496
1742569
1742630
1742631
1742687
1742706
1742828
1742938
1742988
1743020
1743034
1743068
1743394
1743414
1743605
1743655
1743693
1743761
1743977
1744002
1744032
1744252
1744332
1744347
1744366
1744413
1744565
1744608
1744686
1744766
1744895
1745139
1745279
1745345
1745388
1745422
1745630
1745656
1745705
1745753
1745784
1745889
1745926
1745997
1746115
1746200
1746206
1746226
1746273
1746283
1746560
1746632
1746684
1746732
1746756
1747058
1747216
1747377
1747389
1747463
1747509
1747594
1747781
1747875
1748402
1748649
1748676
1748735
1748880
1749257
1749407
1749460
1749475
1749779
1749833
1749898
1749962
1750051
1750070
1750211
1750227
1750236
1750336
1750648
1750773
1750827
1751035
1751082
1751148
1751396
1751413
1751471
1751606
1751690
1751799
1751997
1752012
1752048
1752050
1752086
1752124
1752139
1752179
1752197
1752263
1752328
1752512
1752612
1752764
1752817
1753021
1753249
1753328
1753376
1753452
1753456
1753470
1753527
1753534
1753535
1753537
1753659
1753700
1753813
1754154
1754172
1754268
1754398
1754566
1754588
1754593
1754639
1754651
1754671
1754674
1754722
1754964
1754970
1755048
1755066
1755179
1755273
1755313
1755403
1755484
1755504
1755507
1755519
1755626
1755731
1755795
1755979
1756018
1756100
1756220
1756316
1756442
1756480
1756587
1756635
1756665
1756676
1756793
1756845
1756993
1757368
1757616
1757652
1757716
1757873
1757887
1757920
1758122
1758200
1758289
1758623
1758634
1758761
1759089
1759385
1759548
1759670
1759965
1760563
1760612
1760627
1760684
1760728
1760747
1760786
1760986
1761385
1761419
1761524
1761620
1761656
1761705
1761792
1761835
1761874
1761875
1761890
1762020
1762025
1762172
1762198
1762224
1762275
1762676
1762802
1762836
1762911
1763098
1763204
1763265
1763267
1763278
1763340
1763425
1763529
1763788
1764039
1764135
1764367
1764523
1764599
1764740
1764751
1764830
1764896
1765180
1765296
1765579
1765592
1765655
1765675
1765735
1765863
1765909
1766019
1766119
1766138
1766293
1766404
1766450
1766497
1766557
1766568
1766680
1766769
1766817
1766887
1766948
1767042
1767062
1767083
1767214
1767252
1767446
1767563
1767693
1767722
1767767
1767822
1767875
1768081
1768129
1768228
1768290
1768318
1768458
1768683
1768689
1768692
1768770
1768813
1768865
1768996
1769065
1769094
1769184
1769192
1769393
1769394
1769545
1769573
1769710
1769785
1769816
1769864
1769871
1769882
1770052
1770318
1770395
1770407
1770431
1770446
1770591
1770692
1770772
1770778
1770803
1770890
1770965
1771028
1771096
1771117
1771118
1771203
1771267
1771277
1771292
1771344
1771485
1771497
1771701
1771719
1771723
1771749
1771824
1771913
1771964
1772027
1772148
1772241
1772299
1772518
1772530
1772559
1772682
1772710
1772787
1772904
1772983
1773079
1773128
1773387
1773560
1773638
1773894
1773936
1774015
1774075
1774111
1774230
1774246
1774318
1774612
1774627
1774638
1774749
1774896
1775064
1775144
1775297
1775377
1775401
1775442
1775541
1775558
1775560
1776022
1776051
1776084
1776259
1776398
1776409
1776471
1776482
1776575
1776582
1776789
1776801
1776865
1776890
1777116
1777125
1777138
1777288
1777483
1777565
1777844
1777904
1777942
1778236
1778271
1778327
1778331
1778477
1778517
1778672
1778745
1778840
1779172
1779208
1779380
1779401
1779456
1779573
1779640
1779729
1779738
1779789
1780063
1780171
1780480
1780533
1780541
1781028
1781035
1781040
1781099
1781268
1781425
1781517
1781569
1781603
1781730
1781735
1781780
1782000
1782140
1782172
1782256
1782317
1782497
1782518
1782532
1782592
1782787
1782802
1782859
1782886
1782991
1782995
1783008
1783009
1783112
1783327
1783458
1783509
1783538
1783584
1783680
1783712
1783901
1784176
1784200
1784305
1784429
1784436
1784448
1784582
1784599
1784606
1784808
1784817
1784821
1784831
1784885
1785160
1785351
1785447
1785578
1785652
1785680
1785717
1785739
1785775
1785792
1785967
1786003
1786111
1786316
1786336
1786437
1786549
1786592
1786687
1786800
1786907
1786944
1786948
1787127
1787143
1787176
1787198
1787272
1787287
1787375
1787529
1787666
1787697
1787934
1788003
1788063
1788076
1788098
1788131
1788241
1788355
1788384
1788475
1788568
1788705
1788730
1788870
1788908
1788927
1789063
1789427
1789522
1789531
1789609
1789680
1789876
1789915
1790009
1790011
1790261
1790435
1790633
1790889
1790908
1791205
1791233
1791303
1791312
1791489
1791533
1791773
1791936
1791945
1791947
1792101
1792281
1792503
1792619
1792626
1792914
1793038
1793298
1793299
1793342
1793391
1793393
1793437
1793474
1793475
1793542
1793548
1793624
1793813
1793842
1794027
1794038
1794163
1794213
1794269
1794464
1794476
1794732
1794796
1794843
1794916
1794922
1794989
1795014
1795255
1795341
1795408
1795500
1795559
1795620
1795630
1795946
1795958
1795975
1796162
1796328
1796424
1796628
1796773
1796826
1796917
1797022
1797026
1797044
1797066
1797388
1797432
1797450
1797575
1797843
1797872
1798067
1798079
1798100
1798103
1798132
1798150
1798508
1798580
1798703
1798705
1798706
1798767
1798785
1798901
1799164
1799183
1799248
1799276
1799346
1799510
1799552
1799605
1799652
1799956
1800153
1800188
1800242
1800252
1800327
1800353
1800446
1800549
1800626
1800730
1800775
1800946
1801017
1801037
1801127
1801323
1801357
1801364
1801401
1801506
1801550
1801723
1801843
1801844
1801903
1801914
1801977
1802020
1802097
1802269
1802287
1802340
1802399
1802494
1802550
1802708
1802750
1802763
1802797
1802832
1802851
1803162
1803188
1803363
1803472
1803493
1803509
1803587
1803596
1803619
1803752
1803815
1803864
1803963
1804334
1804339
1804407
1804472
1804492
1804527
1804745
1804753
1804828
1804830
1804965
1804968
1805006
1805100
1805124
1805511
1805515
1805526
1805622
1805695
1805734
1805948
1806001
1806253
1806369
1806545
1806600
1806766
1806793
1806940
1806980
1807144
1807185
1807242
1807300
1807445
1807478
1807480
1807538
1807770
1807830
1807885
1807920
1808044
1808121
1808224
1808261
1808441
1808497
1808506
1808522
1808534
1808576
1808619
1808814
1808956
1809135
1809254
1809402
1809419
1809651
1809681
1809723
1810017
1810087
1810241
1810275
1810297
1810348
1810395
1810569
1810732
1810845
1810932
1811000
1811007
1811072
1811130
1811134
1811162
1811290
1811427
1811572
1811800
1811887
1811904
1811933
1812038
1812048
1812060
1812345
1812392
1812428
1812441
1812556
1812692
1812870
1812876
1812904
1813147
1813209
1813223
1813232
1813295
1813302
1813361
1813441
1813461
1813574
1813604
1813655
1813660
1813825
1813945
1814275
1814285
1814309
1814405
1814574
1814647
1814689
1814703
1814745
1814796
1814937
1815052
1815148
1815335
1815370
1815488
1815603
1815621
1815739
1815752
1815779
1815785
1815800
1815844
1815976
1815984
1815992
1816051
1816183
1816189
1816450
1816655
1816680
1816695
1816859
1816920
1816930
1817048
1817219
1817226
1817228
1817406
1817475
1817507
1817765
1817891
1818097
1818101
1818218
1818890
1819028
1819253
1819288
1819308
1819380
1819386
1819458
1819525
1819597
1819693
1819713
1819845
1819893
1820086
1820131
1820175
1820435
1820438
1820481
1820504
1820507
1820515
1820676
1820725
1820827
1821267
1821363
1821617
1821741
1821976
1822023
1822034
1822072
1822251
1822375
1822383
1822552
1822803
1822936
1822941
1822947
1823022
1823150
1823247
1823252
1823303
1823379
1823409
1823585
1823600
1823891
1824105
1824138
1824151
1824237
1824296
1824615
1824916
1824943
1824984
1825042
1825388
1825531
1825669
1825711
1826076
1826121
1826136
1826592
1826718
1826864
1826910
1826955
1827033
1827035
1827145
1827213
1827373
1827497
1827526
1827610
1828112
1828121
1828264
1828529
1828743
1828819
1828859
1828932
1828972
1829021
1829186
1829198
1829218
1829332
1829556
1829563
1829789
1829814
1829896
1830030
1830214
1830335
1830351
1830458
1830608
1830889
1831014
1831060
1831174
1831197
1831208
1831361
1831541
1831792
1831885
1831907
1831949
1832329
1832461
1832678
1832770
1832782
1832829
1833073
1833138
1833273
1833396
1833408
1833460
1833477
1833555
1833572
1833588
1833631
1833636
1833792
1833935
1834077
1834120
1834251
1834320
1834393
1834434
1834499
1834522
1834547
1834576
1834782
1834783
1834829
1835038
1835051
1835069
1835133
1835181
1835535
1835542
1835610
1835699
1835759
1835881
1836126
1836129
1836268
1836302
1836403
1836418
1836448
1836633
1836691
1836695
1836768
1836773
1836904
1836911
1836938
1836955
1836974
1837134
1837152
1837199
1837304
1837360
1837392
1837470
1837556
1837573
1837695
1837698
1837742
1837814
1837831
1837882
1837969
1838105
1838160
1838249
1838416
1838558
1838669
1838721
1838727
1838769
1838850
1839159
1839264
1839292
1839552
1839637
1839677
1839865
1839901
1840105
1840119
1840137
1840246
1840358
1840402
1840612
1840907
1840951
1840968
1841158
1841230
1841284
1841324
1841347
1841427
1841463
1841641
1841722
1841827
1841910
1841923
1842023
1842030
1842385
1842457
1842556
1842895
1842965
1842976
1843008
1843141
1843145
1843273
1843296
1843305
1843558
1843609
1843794
1843813
1843854
1843876
1843896
1843973
1843982
1843991
1844012
1844047
1844055
1844066
1844308
1844425
1844515
1844543
1844547
1844611
1844776
1844816
1844868
1845019
1845124
1845154
1845274
1845361
1845446
1845494
1845514
1845779
1845807
1845914
1845943
1845985
1845989
1846146
1846363
1846374
1846431
1846464
1846512
1846517
1846637
1846967
1847348
1847417
1847462
1847518
1847533
1847630
1847640
1847710
1847943
1847976
1847981
1847983
1848160
1848232
1848237
1848244
1848358
1848479
1848510
1848674
1848832
1848842
1848933
1848949
1848962
1848973
1848999
1849134
1849153
1849197
1849253
1849459
1849520
1849638
1849784
1849845
1850123
1850136
1850403
1850551
1850608
1850615
1850689
1850693
1850802
1850835
1851000
1851033
1851036
1851185
1851203
1851215
1851323
1851975
1851981
1852236
1852483
1852497
1852515
1852529
1852566
1852836
1852851
1852862
1852974
1853041
1853105
1853142
1853182
1853253
1853307
1853504
1853536
1853601
1853728
1853791
1853797
1853912
1854028
1854119
1854191
1854356
1854445
1854512
1854526
1854695
1854720
1854820
1855013
1855133
1855370
1855399
1855427
1855443
1855521
1855557
1855660
1855776
1855886
1855903
1855989
1856092
1856129
1856201
1856297
1856495
1856554
1856570
1856593
1856621
1856672
1856724
1856763
1857329
1857370
1857482
1857549
1857552
1857592
1857602
1857622
1857760
1857801
1857861
1857883
1857897
1857942
1857968
1858240
1858281
1858286
1858460
1858796
1858867
1858955
1858968
1858988
1859061
1859176
1859278
1859363
1859493
1859639
1859781
1859862
1860208
1860393
1860418
1860461
1860496
1860504
1860554
1860593
1860660
1860665
1860686
1860777
1861066
1861318
1861368
1861383
1861452
1861568
1861661
1861720
1861739
1861771
1861825
1861962
1862019
1862060
1862217
1862306
1862309
1862330
1862444
1862490
1862514
1862531
1862719
1863181
1863258
1863303
1863398
1863638
1863842
1864019
1864060
1864295
1864322
1864448
1864526
1864534
1864579
1864609
1864645
1864938
1865111
1865335
1865364
1865387
1865439
1865441
1865563
1865582
1865668
1865746
1865748
1865759
1865803
1865986
1866079
1866157
1866163
1866213
1866493
1866516
1866587
1866622
1866660
1866947
1867080
1867152
1867300
1867377
1867384
1867459
1867653
1867835
1868053
1868061
1868222
1868362
1868440
1868474
1868533
1868565
1868630
1868654
1868690
1868732
1868804
1868838
1868925
1869089
1869129
1869254
1869416
1869417
1869532
1869574
1869659
1869719
1869944
1870149
1870261
1870324
1870350
1870475
1870581
1870692
1870721
1870733
1870752
1870808
1870826
1870936
1871015
1871045
1871059
1871210
1871227
1871255
1871271
1871877
1871992
1872046
1872065
1872299
1872344
1872492
1872545
1872576
1872774
1872808
1873085
1873142
1873217
1873401
1873417
1873539
1873783
1873800
1874079
1874174
1874192
1874196
1874233
1874239
1874353
1874689
1874958
1875137
1875251
1875373
1875575
1875634
1875761
1875813
1876150
1876199
1876380
1876471
1876533
1876664
1876677
1876759
1876893
1876935
1877302
1877495
1877519
1877563
1877566
1877653
1877680
1877806
1877954
1877967
1877969
1878051
1878113
1878161
1878288
1878416
1878478
1878514
1878660
1878695
1878779
1878803
1878896
1878923
1878972
1878992
1879131
1879297
1879320
1879487
1879637
1879709
1879722
1879813
1879861
1879914
1879951
1880146
1880218
1880249
1880480
1880543
1880587
1880624
1880821
1881233
1881378
1881383
1881438
1881449
1881528
1881805
1881883
1881972
1881999
1882002
1882035
1882062
1882215
1882357
1882413
1882486
1882598
1883015
1883060
1883258
1883296
1883590
1883635
1883734
1883794
1883806
1883892
1883942
1883967
1883991
1884063
1884068
1884095
1884303
1884335
1884346
1884552
1885153
1885167
1885203
1885208
1885293
1885324
1885530
1885611
1885621
1885938
1886070
1886148
1886165
1886269
1886323
1886421
1886438
1886700
1886848
1886855
1886912
1887055
1887084
1887117
1887121
1887140
1887322
1887534
1887600
1887673
1887705
1887708
1887723
1887896
1887916
1888099
1888101
1888208
1888279
1888283
1888310
1888343
1888347
1888461
1888525
1888712
1888933
1889115
1889196
1889336
1889419
1889457
1889474
1889544
1889622
1889809
1890101
1890203
1890219
1890239
1890247
1890330
1890811
1890848
1891094
1891276
1891341
1891416
1891713
1891751
1891783
1891890
1891922
1891979
1892009
1892067
1892270
1892413
1892705
1892760
1892775
1893030
1893066
1893461
1893553
1893647
1893707
1893978
1894173
1894207
1894254
1894417
1894421
1894492
1894514
1894529
1894581
1894872
1894888
1894966
1895055
1895125
1895239
1895430
1895494
1895522
1895531
1895608
1895678
1895782
1895826
1895854
1895945
1896240
1896388
1896391
1896434
1896618
1896637
1896832
1896934
1897051
1897249
1897321
1897338
1897394
1897472
1897542
1897585
1897703
1897965
1898038
1898213
1898511
1898639
1898777
1898790
1898814
1898861
1898998
1899039
1899096
1899127
1899282
1899331
1899365
1899386
1899598
1900062
1900084
1900103
1900341
1900419
1900421
1900559
1900573
1900616
1900666
1900724
1900978
1901302
1901330
1901338
1901480
1901510
1901558
1901564
1901618
1901654
1902070
1902095
1902108
1902537
1902690
1902744
1902752
1902793
1902807
1903079
1903109
1903223
1903260
1903402
1903808
1903855
1903866
1903911
1903913
1904076
1904255
1904273
1904279
1904448
1904472
1904536
1904671
1904722
1904725
1904862
1904869
1904995
1905025
1905060
1905163
1905200
1905278
1905300
1905455
1905499
1905507
1905538
1905547
1905586
1905631
1905818
1905858
1905907
1906128
1906248
1906283
1906340
1906373
1906440
1906546
1906553
1906555
1906573
1906622
1906756
1906943
1906968
1906971
1907090
1907344
1907507
1907531
1907592
1907643
1907700
1907741
1907844
1907854
1907999
1908001
1908081
1908089
1908290
1908332
1908375
1908420
1908524
1908536
1908542
1908565
1908604
1908729
1908761
1908921
1909096
1909123
1909130
1909156
1909233
1909369
1909408
1909552
1909913
1909927
1909929
1910230
1910297
1910364
1910664
1910759
1910774
1910991
1911088
1911153
1911212
1911255
1911293
1911481
1911683
1911719
1911725
1911971
1912176
1912262
1912388
1912416
1912558
1912703
1912713
1913182
1913593
1913792
1913808
1913911
1913921
1913958
1914106
1914127
1914228
1914608
1914636
1914940
1915073
1915158
1915541
1915550
1915576
1915661
1915724
1916127
1916164
1916226
1916239
1916298
1916348
1916380
1916497
1916539
1916545
1916627
1916654
1916763
1916802
1916868
1916897
1916969
1917047
1917089
1917135
1917248
1917268
1917272
1917409
1917615
1917715
1917932
1918030
1918032
1918057
1918078
1918092
1918171
1918209
1918310
1918327
1918346
1918420
1918451
1918494
1918601
1918770
1918824
1918848
1919010
1919111
1919127
1919404
1919498
1919509
1919548
1919763
1919836
1919950
1920062
1920075
1920093
1920154
1920360
1920432
1920498
1920613
1920626
1920682
1920797
1920844
1920872
1920972
1920995
1921015
1921110
1921190
1921259
1921750
1921803
1921932
1922010
1922066
1922145
1922240
1922249
1922618
1922698
1922728
1922809
1922929
1923104
1923335
1923413
1923428
1923634
1923637
1923691
1923719
1923811
1923862
1923997
1924048
1924060
1924082
1924100
1924569
1924608
1924767
1925011
1925062
1925072
1925089
1925104
1925172
1925276
1925296
1925347
1925375
1925376
1925464
1925526
1925550
1925729
1925840
1925913
1925962
1926047
1926161
1926223
1926350
1926422
1926427
1926471
1926479
1926559
1926918
1927066
1927192
1927217
1927330
1927333
1927359
1927450
1927724
1927767
1927907
1927910
1927934
1928155
1928266
1928334
1928359
1928520
1928604
1928619
1929097
1929298
1929302
1929379
1929408
1929421
1929634
1929647
1929761
1930166
1930221
1930422
1930446
1930453
1930661
1930669
1930681
1930703
1930736
1930800
1930896
1931003
1931008
1931047
1931149
1931171
1931291
1931312
1931328
1931543
1931558
1931788
1931809
1931824
1931952
1931992
1932214
1932228
1932235
1932316
1932319
1932332
1932505
1932570
1932730
1932818
1933166
1933304
1933316
1933425
1933481
1933486
1933581
1933583
1933662
1933739
1933770
1933778
1933828
1933897
1933958
1933969
1934054
1934080
1934245
1934314
1934560
1934782
1934887
1934949
1934957
1934970
1934979
1935017
1935125
1935145
1935345
1935358
1935388
1935440
1935574
1935676
1935721
1935861
1935976
1936129
1936219
1936407
1936430
1936470
1936581
1936614
1936925
1937011
1937022
1937062
1937365
1937409
1937595
1937715
1937751
1938013
1938234
1938239
1938568
1938618
1938668
1938698
1938737
1938797
1938825
1939006
1939134
1939143
1939221
1939252
1939255
1939350
1939368
1939373
1939416
1939775
1939816
1939852
1939912
1940004
1940135
1940191
1940395
1940544
1940588
1940742
1940762
1940790
1940899
1940941
1940965
1940991
1941002
1941008
1941087
1941136
1941251
1941327
1941355
1941497
1941640
1941677
1941751
1941772
1941780
1941845
1941967
1942015
1942179
1942279
1942293
1942452
1942457
1942567
1942657
1942834
1943068
1943101
1943261
1943311
1943442
1943447
1943458
1943571
1943616
1943624
1943778
1943834
1943981
1944003
1944202
1944350
1944352
1944515
1944672
1944684
1944835
1944871
1945051
1945085
1945134
1945165
1945348
1945386
1945555
1945869
1945888
1945961
1945991
1946113
1946138
1946185
1946189
1946195
1946277
1946347
1946576
1946579
1946640
1946764
1946797
1946870
1946882
1946972
1947007
1947053
1947115
1947234
1947289
1947356
1947372
1947402
1947549
1947577
1947625
1947679
1947752
1948053
1948094
1948478
1948607
1948667
1948799
1948860
1948935
1949093
1949218
1949374
1949439
1949452
1949517
1949543
1949597
1949750
1949903
1949907
1949925
1949949
1950201
1950243
1950261
1950279
1950525
1950527
1950591
1950631
1950729
1950793
1950877
1951030
1951201
1951249
1951287
1951577
1951722
1951781
1951813
1951826
1952025
1952116
1952158
1952379
1952470
1952619
1952832
1952957
1953122
1953240
1953287
1953288
1953321
1953389
1953507
1953825
1954057
1954085
1954114
1954159
1954388
1954394
1954445
1954481
1954504
1954631
1954651
1954700
1955013
1955054
1955059
1955089
1955115
1955158
1955188
1955202
1955351
1955379
1955469
1955669
1955746
1955776
1955883
1955969
1955976
1956154
1956195
1956202
1956457
1956528
1956573
1956641
1956693
1957041
1957090
1957152
1957337
1957369
1957904
1957970
1958074
1958103
1958397
1958545
1958548
1958592
1958614
1958736
1958739
1958808
1959055
1959089
1959101
1959137
1959210
1959214
1959220
1959224
1959369
1959443
1959529
1959682
1959844
1959895
1959973
1959984
1960280
1960425
1960458
1960819
1960967
1961136
1961158
1961272
1961333
1961423
1961657
1961699
1962175
1962501
1962649
1962738
1962844
1962849
1962960
1963081
1963113
1963251
1963337
1963345
1963497
1963505
1963595
1963658
1963692
1963697
1963722
1963760
1963899
1964149
1964248
1964306
1964339
1964652
1964659
1964904
1965183
1965207
1965440
1965533
1965540
1965566
1965701
1965717
1965924
1966166
1966240
1966273
1966408
1966416
1966548
1966634
1966829
1966840
1966934
1966995
1967060
1967072
1967232
1967320
1967615
1967733
1967838
1967844
1967981
1968013
1968034
1968109
1968134
1968139
1968272
1968397
1968559
1968645
1968703
1969204
1969305
1969704
1969705
1969920
1969933
1970221
1970303
1970385
1970567
1970642
1970659
1970663
1970694
1970864
1970878
1970899
1970998
1971137
1971216
1971381
1971515
1971596
1971604
1971643
1971660
1971671
1971869
1971900
1971901
1971919
1972010
1972127
1972351
1972428
1972458
1972619
1972768
1972832
1972999
1973321
1973420
1973487
1973506
1973727
1973818
1973893
1973966
1974005
1974092
1974147
1974181
1974247
1974321
1974446
1974548
1974690
1974909
1975070
1975087
1975089
1975139
1975230
1975364
1975437
1975542
1975598
1975638
1975673
1975751
1975840
1975929
1976100
1976241
1976388
1976764
1976808
1976835
1976873
1976919
1977081
1977150
1977176
1977184
1977418
1977452
1977455
1977530
1977539
1977572
1977576
1977772
1977931
1978096
1978128
1978305
1978505
1978658
1978715
1978737
1978773
1978974
1979115
1979131
1979146
1979160
1979277
1979295
1979320
1979443
1979500
1979521
1979538
1979850
1979900
1979997
1980044
1980286
1980344
1980380
1980422
1980458
1980469
1980546
1980706
1980851
1980861
1980906
1981149
1981256
1981257
1981403
1981413
1981439
1981443
1981566
1981586
1981593
1981725
1981772
1981819
1981902
1981994
1982087
1982260
1982514
1982552
1982562
1982613
1982709
1982721
1982770
1982777
1982980
1983001
1983283
1983410
1983572
1983646
1983714
1983772
1983815
1983949
1983952
1984212
1984214
1984312
1984425
1984555
1984557
1984597
1984852
1984941
1984943
1985148
1985202
1985304
1985607
1985747
1985837
1985929
1986007
1986147
1986154
1986284
1986345
1986359
1986414
1986427
1986455
1986462
1986748
1986940
1986980
1987063
1987151
1987231
1987238
1987287
1987321
1987509
1987643
1987665
1987725
1988176
1988218
1988248
1988388
1988642
1988843
1988908
1988909
1988966
1989020
1989021
1989107
1989155
1989185
1989199
1989269
1989416
1989513
1989563
1989596
1989647
1989792
1989842
1989967
1990018
1990138
1990310
1990433
1990483
1990509
1990615
1990654
1990834
1990978
1991073
1991199
1991218
1991263
1991304
1991518
1991625
1991930
1991962
1992064
1992439
1992576
1992590
1992611
1992667
1992715
1992816
1992821
1992832
1992912
1992921
1992980
1993186
1993300
1993358
1993367
1993473
1993507
1993593
1993880
1994014
1994336
1994455
1994534
1994579
1994700
1994763
1995039
1995070
1995120
1995215
1995298
1995421
1995452
1995501
1995576
1995718
1995954
1996044
1996153
1996217
1996253
1996338
1996398
1996404
1996481
1996637
1996965
1997182
1997205
1997411
1997472
1997506
1997528
1997642
1997696
1997795
1997925
1997955
1998018
1998185
1998332
1998450
1998504
1998649
1998744
1998889
1998892
1999006
1999265
1999384
1999411
1999472
1999682
1999790
1999896
1999940
1999949
1999950
1999974
2000155
2000299
2000313
2000461
2000479
2000547
2000595
2000753
2000882
2000921
2001052
2001112
2001251
2001280
2001298
2001335
2001519
2001523
2001559
2001563
2001682
2001742
2001895
2001903
2001960
2002404
2002417
2002602
2002941
2003092
2003099
2003109
2003202
2003208
2003278
2003384
2003473
2003512
2003524
2003560
2003584
2003651
2003667
2003727
2003757
2003846
2003916
2003993
2004006
2004220
2004309
2004580
2004587
2004673
2004681
2004706
2004804
2004815
2005025
2005033
2005066
2005165
2005172
2005252
2005256
2005417
2005504
2005506
2005664
2005667
2005778
2006230
2006292
2006335
2006419
2006452
2006475
2006487
2006494
2006550
2006622
2006712
2006831
2007029
2007092
2007171
2007193
2007386
2007416
2007463
2007497
2007577
2007656
2007778
2007781
2008024
2008252
2008290
2008501
2008600
2008616
2008839
2008905
2009138
2009211
2009310
2009532
2009882
2009991
2010079
2010093
2010295
2010315
2010325
2010366
2010512
2010594
2010783
2010828
2010934
2010978
2011039
2011131
2011159
2011231
2011488
2011647
2011732
2011774
2011980
2011997
2012028
2012034
2012044
2012046
2012096
2012180
2012309
2012582
2012613
2012671
2012676
2012823
2012851
2012970
2013009
2013078
2013337
2013426
2013449
2013559
2013651
2013668
2013810
2013829
2013832
2013907
2013949
2013983
2014413
2014643
2014702
2014746
2014924
2014964
2015073
2015206
2015523
2015537
2015641
2015758
2015915
2016084
2016410
2016587
2016693
2016812
2016818
2016869
2016879
2016912
2016928
2016961
2016968
2017086
2017154
2017256
2017301
2017327
2017673
2017807
2017957
2017966
2017973
2018010
2018080
2018301
2018625
2018637
2018671
2018935
2018957
2018985
2019382
2019431
2019460
2019481
2019482
2019533
2019600
2019616
2019670
2019737
2019852
2019935
2020268
2020329
2020338
2020605
2020843
2020875
2020983
2021132
2021231
2021363
2021379
2021406
2021416
2021495
2021509
2021513
2021520
2021708
2021800
2021833
2021976
2022099
2022109
2022115
2022117
2022267
2022353
2022431
2022518
2022565
2022616
2022672
2022862
2022921
2022933
2023024
2023049
2023052
2023618
2023672
2023835
2023994
2024009
2024049
2024362
2024640
2024898
2025042
2025126
2025144
2025162
2025275
2025447
2025527
2025678
2025702
2025716
2025906
2025936
2025946
2025954
2025994
2026062
2026117
2026279
2026283
2026351
2026392
2026465
2026485
2026684
2026696
2026801
2026958
2026986
2027015
2027038
2027072
2027212
2027220
2027283
2027684
2027756
2027863
2027868
2027901
2027950
2028009
2028031
2028040
2028148
2028207
2028337
2028460
2028592
2028646
2028675
2028677
2028745
2028916
2029011
2029091
2029117
2029198
2029719
2029738
2029804
2029881
2029901
2030035
2030387
2030545
2030706
2030769
2031104
2031131
2031182
2031334
2031335
2031471
2031695
2031722
2031896
2031922
2032158
2032193
2032304
2032496
2032592
2032674
2032675
2032710
2032721
2032815
2033091
2033113
2033334
2033397
2033614
2033844
2033974
2034242
2034277
2034310
2034336
2034495
2034506
2034555
2034743
2034929
2035215
2035224
2035423
2035446
2035579
2035717
2035775
2035785
2035802
2035997
2036124
2036270
2036296
2036337
2036393
2036492
2036495
2036627
2036650
2036734
2036786
2036816
2036920
2036946
2037004
2037189
2037317
2037569
2037666
2037862
2038341
2038398
2038491
2038492
2038535
2038692
2038804
2038831
2038859
2038894
2038915
2038932
2039033
2039185
2039194
2039252
2039254
2039285
2039520
2039521
2039692
2039805
2039898
2039933
2040014
2040257
2040550
2040554
2040590
2040699
2040717
2040750
2040846
2040915
2040917
2041111
2041134
2041318
2041441
2041489
2041659
2041739
2041754
2041826
2041834
2041871
2042524
2042557
2042706
2042729
2042776
2042800
2042923
2043005
2043145
2043215
2043273
2043288
2043360
2043547
2043641
2043670
2043675
2043691
2043752
2043778
2043798
2043814
2043927
2043992
2044010
2044029
2044036
2044120
2044136
2044145
2044165
2044241
2044458
2044468
2044499
2044510
2044531
2044582
2044661
2044726
2044760
2044869
2044873
2044880
2044910
2044984
2044986
2045303
2045357
2045428
2045514
2045591
2045649
2045723
2046065
2046351
2046513
2046556
2046573
2046639
2046674
2046768
2046934
2046986
2047118
2047148
2047180
2047206
2047276
2047299
2047339
2047361
2047386
2047415
2047430
2047447
2047538
2047625
2047626
2047880
2048037
2048045
2048056
2048119
2048156
2048183
2048382
2048449
2048460
2048466
2048469
2048547
2048655
2048663
2048680
2048804
2048845
2048874
2048913
2048956
2049032
2049037
2049123
2049210
2049418
2049436
2049500
2049517
2049713
2049722
2049747
2049803
2049866
2049915
2050002
2050019
2050054
2050406
2050426
2050611
2050756
2050884
2050950
2051110
2051148
2051173
2051241
2051424
2051583
2051616
2051645
2051714
2051886
2051958
2052018
2052026
2052067
2052239
2052575
2052641
2052819
2052834
2053005
2053009
2053025
2053095
2053211
2053249
2053289
2053290
2053419
2053569
2053660
2053819
2053939
2054032
2054188
2054199
2054528
2054551
2054555
2054621
2054660
2054683
2054744
2054799
2055214
2055404
2055785
2055820
2055842
2056197
2056379
2056392
2056509
2056575
2056702
2056927
2056944
2056973
2057015
2057151
2057296
2057356
2057518
2057570
2057643
2057812
2057834
2058198
2058339
2058443
2058663
2058855
2058868
2059286
2059395
2059442
2059501
2059651
2059710
2059735
2059773
2059787
2059889
2059938
2059965
2060010
2060114
2060123
2060151
2060180
2060329
2060333
2060365
2060402
2060494
2060560
2060703
2060810
2060816
2060830
2060926
2061279
2061290
2061461
2061564
2061572
2061734
2061916
2062058
2062117
2062192
2062348
2062427
2062461
2062507
2062625
2062820
2063049
2063144
2063413
2063438
2063657
2063752
2063815
2063968
2064241
2064256
2064575
2064602
2064613
2064627
2064666
2064835
2065053
2065172
2065213
2065254
2065309
2065328
2065367
2065373
2065469
2065696
2065892
2065989
2066254
2066305
2066510
2066674
2066747
2066759
2066769
2066886
2066979
2066990
2067058
2067105
2067234
2067266
2067297
2067313
2067357
2067444
2067456
2067480
2067709
2068034
2068265
2068288
2068305
2068513
2068516
2068640
2068718
2068774
2068799
2068974
2069090
2069180
2069262
2069403
2069478
2069692
2069848
2070065
2070127
2070129
2070277
2070291
2070441
2070467
2070478
2070501
2070518
2070610
2070731
2070738
2070740
2070818
2070843
2070872
2071444
2071495
2071515
2071663
2071719
2071720
2071722
2071735
2072024
2072144
2072159
2072222
2072360
2072405
2072429
2072742
2072780
2073082
2073187
2073393
2073440
2073532
2073663
2073704
2073743
2073796
2073905
2073945
2074148
2074201
2074294
2074355
2074443
2074448
2074492
2074816
2074859
2074862
2074961
2074964
2074994
2075005
2075034
2075058
2075099
2075106
2075127
2075180
2075356
2075542
2075605
2075677
2075973
2075974
2076313
2076324
2076348
2076397
2076415
2076684
2076820
2076862
2076893
2077089
2077317
2077336
2077471
2077552
2077578
2077663
2077989
2078061
2078497
2078760
2078820
2078827
2078895
2078995
2079097
2079199
2079218
2079306
2079362
2079401
2079532
2079578
2079594
2079732
2079930
2079967
2080006
2080152
2080232
2080270
2080283
2080526
2080615
2080702
2080789
2080813
2080820
2080916
2080949
2081036
2081125
2081199
2081272
2081361
2081519
2081769
2081959
2082083
2082200
2082202
2082311
2082344
2082355
2082358
2082478
2082488
2082584
2082587
2082778
2082868
2083248
2083273
2083373
2083742
2083800
2083896
2084055
2084199
2084702
2084846
2084895
2084896
2084902
2084990
2085122
2085261
2085365
2085390
2085437
2085549
2085553
2085589
2085599
2085633
2085708
2085747
2086011
2086111
2086147
2086180
2086212
2086276
2086312
2086537
2086712
2086873
2086957
2087002
2087073
2087277
2087282
2087479
2087686
2087821
2087835
2087902
2087914
2088004
2088050
2088058
2088208
2088249
2088357
2088369
2088404
2088423
2088496
2088514
2088537
2088718
2088755
2088971
2089022
2089035
2089189
2089362
2089497
2089613
2089633
2089905
2089936
2090136
2090154
2090218
2090312
2090441
2090477
2090493
2090720
2091041
2091078
2091115
2091479
2091769
2091948
2092064
2092212
2092277
2092313
2092330
2092397
2092450
2092453
2092498
2092582
2092702
2092824
2092869
2092902
2093006
2093016
2093022
2093257
2093284
2093402
2093420
2093516
2093534
2093581
2093660
2093706
2093824
2093918
2093936
2093942
2094098
2094189
2094244
2094412
2094443
2094480
2094510
2094537
2094582
2094726
2094765
2094851
2095064
2095110
2095120
2095175
2095240
2095311
2095324
2095397
2095744
2095855
2095939
2095958
2096088
2096150
2096216
2096333
2096402
2096479
2096719
2096806
2096846
2096906
2097053
2097187
2097189
2097222
2097263
2097460
2097492
2097509
2097531
2097582
2097803
2097878
2098022
2098069
2098401
2098889
2099034
2099087
2099261
2099265
2099452
2099524
2099907
2099941
2099973
2099984
2100310
2100333
2100492
2100663
2100864
2100963
2101051
2101133
2101223
2101337
2101391
2101422
2101439
2101614
2101711
2101937
2102119
2102339
2102384
2102657
2102967
2103067
2103148
2103192
2103278
2103314
2103465
2103477
2103583
2103604
2103855
2103910
2103943
2104060
2104062
2104180
2104193
2104411
2104545
2104575
2104649
2104654
2104690
2104820
2104879
2104944
2105065
2105240
2105322
2105524
2105563
2105742
2105877
2105934
2105986
2106025
2106038
2106486
2106568
2106660
2106689
2106740
2106834
2106851
2106891
2107018
2107106
2107149
2107301
2107319
2107432
2107542
2107644
2107649
2107709
2107712
2107792
2107904
2107947
2107963
2108102
2108186
2108233
2108276
2108360
2108767
2108808
2109041
2109242
2109245
2109257
2109552
2109612
2109616
2109828
2109888
2109918
2109930
2110189
2110466
2110596
2110745
2110757
2110968
2110996
2111027
2111034
2111205
2111251
2111347
2111407
2111495
2111539
2111576
2111601
2111652
2111795
2111828
2111864
2111968
2112021
2112052
2112558
2112655
2112985
2113075
2113089
2113188
2113462
2113531
2113743
2113764
2113802
2113920
2114159
2114333
2114363
2114408
2114489
2114901
2114935
2115105
2115320
2115508
2115669
2115751
2115819
2115847
2115862
2115873
2115960
2116003
2116035
2116056
2116092
2116148
2116167
2116254
2116284
2116308
2116329
2116391
2116425
2116477
2116579
2116636
2116652
2116787
2116858
2116904
2117203
2117456
2117491
2117512
2117669
2117689
2117690
2117718
2117735
2118390
2118450
2118452
2118528
2118738
2118837
2118857
2119084
2119109
2119267
2119310
2119329
2119372
2119397
2119504
2119515
2119607
2120005
2120106
2120251
2120328
2120350
2120374
2120378
2120468
2120534
2120847
2120909
2120940
2121044
2121250
2121508
2121519
2121536
2121854
2121881
2121900
2121903
2121945
2122022
2122218
2122227
2122259
2122361
2122675
2122895
2123203
2123401
2123489
2123558
2123742
2123789
2123860
2124128
2124247
2124558
2124705
2124788
2124923
2124990
2125030
2125058
2125069
2125086
2125127
2125167
2125272
2125411
2125421
2125577
2125648
2125665
2125690
2125770
2125835
2125869
2125936
2125955
2125996
2126107
2126320
2126390
2126505
2126528
2126573
2126579
2126664
2126665
2126683
2126693
2126804
2126886
2126916
2127002
2127172
2127288
2127407
2127437
2127504
2127520
2127861
2127894
2127954
2128047
2128069
2128118
2128127
2128135
2128343
2128392
2128443
2128561
2128653
2128677
2128751
2128977
2128978
2129078
2129088
2129275
2129423
2129485
2129551
2129657
2129667
2129781
2129924
2129939
2129943
2129951
2129999
2130289
2130454
2130527
2130738
2130840
2130891
2130904
2130906
2130981
2131072
2131239
2131346
2131362
2131378
2131394
2131498
2131521
2131643
2131680
2131782
2131805
2131820
2131832
2131845
2131856
2131905
2131962
2131994
2132132
2132181
2132247
2132515
2132609
2132678
2133000
2133124
2133205
2133252
2133469
2133676
2133717
2133922
2133977
2134216
2134444
2134467
2134531
2134539
2134636
2134773
2135014
2135015
2135148
2135247
2135311
2135455
2135823
2135861
2135935
2135937
2135946
2136038
2136066
2136076
2136099
2136135
2136221
2136270
2136369
2136524
2136587
2136641
2136687
2136797
2136950
2136996
2137108
2137493
2137581
2137583
2137609
2137628
2137631
2137740
2137859
2137883
2137920
2138011
2138015
2138120
2138140
2138212
2138312
2138483
2138579
2138637
2138869
2138918
2138958
2139025
2139379
2139576
2139580
2139605
2139867
2139950
2140026
2140184
2140246
2140269
2140353
2140410
2140606
2140825
2140860
2140927
2141011
2141035
2141203
2141216
2141249
2141358
2141409
2141630
2141632
2141638
2142125
2142159
2142194
2142640
2142655
2142798
2142852
2143024
2143321
2143394
2143592
2143740
2143904
2143909
2144018
2144160
2144216
2144262
2144289
2144806
2144921
2145051
2145202
2145277
2145296
2145322
2145345
2145374
2145496
2145505
2145642
2146029
2146173
2146199
2146209
2146296
2146422
2146904
2146959
2146963
2146965
2147045
2147053
2147061
2147135
2147140
2147339
2147525
2147565
2147735
2148060
2148221
2148262
2148587
2148689
2148715
2148769
2148832
2148849
2148916
2148933
2149019
2149039
2149120
2149285
2149321
2149409
2149703
2149729
2149853
2149950
2150102
2150150
2150270
2150320
2150327
2150505
2150529
2150589
2150670
2151047
2151070
2151184
2151237
2151336
2151348
2151412
2151434
2151472
2151773
2151874
2152008
2152031
2152195
2152255
2152280
2152423
2152606
2152650
2152892
2152939
2153078
2153351
2153371
2153372
2153408
2153409
2153657
2153741
2153770
2153798
2154038
2154106
2154278
2154301
2154307
2154341
2154384
2154697
2154797
2154848
2155362
2155378
2155384
2155434
2155466
2155741
2155745
2156031
2156146
2156284
2156288
2156316
2156396
2156417
2156563
2156668
2156676
2156737
2156760
2156910
2156958
2157167
2157349
2157421
2157481
2157505
2157510
2157511
2157773
2157837
2157948
2158243
2158284
2158338
2158410
2158451
2158520
2158530
2158562
2158565
2158852
2158912
2159152
2159166
2159212
2159269
2159289
2159311
2159409
2159647
2159728
2159798
2159930
2160009
2160020
2160037
2160148
2160260
2160272
2160357
2160472
2160612
2160633
2160650
2160656
2160660
2160673
2160849
2160859
2160882
2160913
2160922
2160942
2161131
2161172
2161178
2161251
2161343
2161361
2161424
2161452
2161491
2161524
2161528
2161854
2161934
2161950
2162418
2162533
2162635
2162674
2162764
2162968
2163111
2163179
2163204
2163224
2163277
2163345
2163396
2163398
2163524
2163617
2163670
2163672
2163724
2163735
2163858
2163944
2164004
2164042
2164256
2164292
2164327
2164328
2164371
2164404
2164412
2164415
2164657
2164832
2164859
2164964
2165093
2165142
2165187
2165527
2165536
2165666
2165756
2165821
2165852
2165879
2165923
2165964
2165988
2165991
2166000
2166054
2166056
2166138
2166194
2166195
2166206
2166210
2166219
2166234
2166300
2166373
2166383
2166557
2166753
2166820
2167037
2167093
2167136
2167153
2167186
2167191
2167662
2167726
2167822
2167824
2167846
2167993
2168053
2168333
2168412
2168534
2168547
2168593
2168789
2168814
2168831
2168964
2169364
2169738
2169846
2169934
2169970
2170130
2170387
2170471
2170505
2170657
2170708
2170788
2170955
2171018
2171035
2171112
2171153
2171299
2171536
2171711
2171715
2171760
2171783
2172065
2172210
2172373
2172486
2172698
2172705
2172710
2172766
2172935
2173091
2173203
2173225
2173240
2173252
2173258
2173291
2173400
2173522
2173554
2173556
2173614
2173795
2173803
2174082
2174182
2174266
2174315
2174326
2174427
2174539
2174749
2174785
2174847
2174878
2174979
2175184
2175195
2175261
2175263
2175289
2175342
2175413
2175487
2175573
2175706
2176258
2176592
2176914
2177210
2177529
2177804
2177983
2178004
2178029
2178111
2178252
2178369
2178581
2178723
2178856
2178877
2178944
2179091
2179098
2179330
2179402
2179533
2179537
2179544
2179655
2179680
2179684
2179739
2180161
2180229
2180365
2180366
2180429
2180575
2180584
2180659
2180704
2180721
2180850
2181173
2181237
2181295
2181553
2181705
2181738
2181900
2181992
2182022
2182109
2182327
2182361
2182448
2182518
2182537
2182558
2182648
2182686
2182905
2183094
2183169
2183312
2183379
2183395
2183398
2183768
2183805
2183962
2183971
2183976
2184421
2184509
2184949
2185095
2185148
2185170
2185224
2185490
2185561
2185649
2185827
2185835
2185857
2185891
2185937
2185967
2186048
2186124
2186229
2186258
2186267
2186333
2186359
2186428
2186525
2186622
2186704
2186734
2186741
2186802
2186853
2186888
2187044
2187205
2187222
2187244
2187254
2187465
2187543
2187551
2187578
2187594
2187608
2187791
2187854
2188101
2188168
2188450
2188640
2188964
2189047
2189174
2189232
2189247
2189388
2189528
2189580
2189626
2189752
2189843
2189992
2189994
2190219
2190349
2190358
2190490
2190623
2190650
2190702
2190763
2190815
2190935
2191055
2191121
2191179
2191252
2191273
2191339
2191378
2191401
2191558
2191575
2191608
2191619
2191711
2191722
2191926
2191989
2192257
2192265
2192274
2192310
2192354
2192458
2192555
2192649
2192661
2192774
2192796
2192882
2192915
2192918
2193038
2193134
2193203
2193378
2193390
2193415
2193573
2193625
2193807
2193868
2193911
2194083
2194263
2194400
2194422
2194441
2194492
2194559
2194569
2194681
2194724
2194841
2194910
2194936
2194995
2195147
2195352
2195363
2195399
2195626
2195725
2195770
2195773
2195917
2195992
2196006
2196041
2196072
2196136
2196191
2196303
2196393
2196428
2196452
2196458
2196993
2197428
2197466
2197474
2197568
2197639
2197832
2197937
2198030
2198059
2198164
2198302
2198380
2198385
2198605
2198751
2198860
2198995
2199120
2199126
2199253
2199300
2199563
2199612
2199707
2199968
2199984
2199991
2200202
2200240
2200251
2200260
2200576
2200683
2200696
2200823
2200994
2201014
2201016
2201107
2201260
2201290
2201410
2201530
2201540
2201953
2201999
2202024
2202150
2202259
2202313
2202671
2202687
2202811
2203056
2203097
2203118
2203136
2203164
2203208
2203210
2203227
2203269
2203468
2203479
2203570
2203639
2203753
2204005
2204032
2204145
2204196
2204333
2204435
2204520
2204601
2204686
2204703
2204725
2204736
2204776
2205060
2205128
2205136
2205235
2205306
2205362
2205441
2205615
2205643
2205720
2205993
2206187
2206234
2206268
2206324
2206453
2206500
2206597
2206765
2206840
2206842
2206901
2207049
2207220
2207340
2207409
2207499
2207516
2207563
2207594
2207691
2207768
2207773
2207835
2207927
2207990
2208041
2208057
2208130
2208267
2208329
2208367
2208579
2208659
2208818
2208969
2209016
2209062
2209157
2209326
2209365
2209588
2209615
2209689
2209752
2210027
2210035
2210042
2210157
2210212
2210238
2210264
2210330
2210658
2210717
2210981
2210991
2211194
2211238
2211334
2211353
2211402
2211490
2211520
2211556
2211602
2211621
2211798
2211817
2211893
2211938
2211955
2211982
2212028
2212046
2212098
2212146
2212217
2212246
2212262
2212267
2212371
2212435
2212450
2212567
2212569
2212670
2212717
2212784
2212806
2212991
2213011
2213019
2213058
2213227
2213441
2213713
2213835
2213955
2214031
2214047
2214052
2214100
2214269
2214349
2214525
2214692
2214758
2215023
2215038
2215394
2215722
2215777
2215797
2215934
2215938
2216056
2216120
2216121
2216123
2216151
2216228
2216770
2216785
2216814
2216848
2216884
2217122
2217186
2217193
2217424
2217451
2217664
2217977
2218012
2218113
2218180
2218275
2218338
2218413
2218661
2218810
2218830
2218882
2218920
2218957
2218967
2219046
2219140
2219148
2219157
2219243
2219298
2219417
2219696
2219920
2219962
2220230
2220233
2220263
2220371
2220387
2220465
2220594
2220782
2220794
2220840
2220916
2220947
2220948
2221027
2221173
2221176
2221200
2221218
2221367
2221534
2221578
2221639
2221791
2221915
2222084
2222168
2222224
2222245
2222344
2222546
2222685
2222769
2222811
2222891
2222920
2223085
2223237
2223242
2223244
2223297
2223382
2223409
2223468
2223521
2223609
2223614
2223677
2223758
2223799
2223898
2224020
2224036
2224059
2224068
2224173
2224184
2224249
2224379
2224498
2224541
2224622
2224839
2224919
2225065
2225249
2225363
2225375
2225505
2225527
2225633
2225783
2225867
2226079
2226319
2226416
2226499
2226553
2226732
2227040
2227502
2227517
2227558
2227568
2227879
2227924
2228030
2228175
2228293
2228306
2228336
2228483
2228554
2228601
2228743
2228761
2228878
2228938
2228991
2229067
2229341
2229343
2229378
2229433
2229617
2229647
2229794
2229856
2229983
2230067
2230240
2230359
2230430
2230477
2230714
2230765
2230873
2230882
2231017
2231046
2231095
2231372
2231382
2231385
2231420
2231442
2231506
2231731
2231760
2231846
2232118
2232154
2232339
2232577
2232678
2232710
2232864
2232897
2232949
2233209
2233349
2233397
2233438
2233469
2233514
2233577
2233656
2233691
2233754
2233774
2233796
2233837
2233898
2233985
2234292
2234359
2234472
2234497
2234513
2234604
2234987
2235045
2235109
2235352
2235410
2235431
2235553
2235617
2235639
2235679
2235710
2235732
2235745
2235866
2235993
2236168
2236502
2236571
2236612
2236618
2236724
2236767
2236896
2237011
2237123
2237206
2237241
2237285
2237314
2237358
2237428
2237461
2237635
2237728
2237938
2238080
2238166
2238422
2238488
2238739
2238863
2239003
2239028
2239189
2239297
2239300
2239311
2239376
2239448
2239657
2239717
2240128
2240396
2240516
2240532
2240545
2240645
2240652
2240817
2240873
2241032
2241055
2241283
2241344
2241346
2241505
2241528
2241575
2241598
2241678
2241700
2241815
2241841
2242027
2242254
2242375
2242381
2242408
2242483
2242505
2243027
2243048
2243379
2243445
2243705
2243787
2243944
2243957
2244097
2244394
2244489
2244533
2244567
2244707
2245058
2245130
2245251
2245304
2245487
2245585
2245720
2245766
2245867
2245906
2246063
2246075
2246084
2246165
2246170
2246206
2246226
2246260
2246555
2246734
2246787
2246843
2246877
2246903
2246993
2247063
2247097
2247141
2247148
2247178
2247292
2247312
2247331
2247517
2247538
2247562
2247668
2247713
2247968
2248058
2248293
2248309
2248318
2248337
2248642
2248783
2248811
2248885
2248930
2248965
2249036
2249041
2249168
2249233
2249445
2249682
2249704
2249744
2249777
2249785
2249900
2249936
2250012
2250148
2250226
2250721
2250877
2250912
2251109
2251126
2251145
2251173
2251261
2251535
2251580
2251637
2251663
2251763
2251976
2252021
2252035
2252045
2252062
2252080
2252336
2252393
2252592
2252603
2252612
2252645
2252869
2253144
2253159
2253194
2253235
2253254
2253383
2253480
2253493
2253499
2253640
2253726
2253745
2253953
2254168
2254219
2254552
2254576
2254582
2254610
2254822
2254891
2254947
2255014
2255056
2255088
2255117
2255157
2255209
2255271
2255344
2255387
2255514
2255651
2255975
2256042
2256049
2256093
2256132
2256237
2256245
2256277
2256533
2256599
2256790
2256814
2256865
2256959
2257092
2257321
2257533
2257728
2257836
2257849
2257913
2257973
2258067
2258129
2258141
2258172
2258240
2258518
2258706
2258733
2258891
2258954
2258992
2259025
2259059
2259102
2259122
2259445
2259557
2259817
2259867
2259974
2260117
2260144
2260202
2260248
2260315
2260317
2260322
2260339
2260399
2260470
2260615
2261047
2261086
2261087
2261405
2261422
2261452
2261530
2261540
2261552
2261666
2261732
2261736
2261762
2261860
2261881
2261985
2262011
2262128
2262155
2262199
2262389
2262407
2262535
2262723
2262846
2262915
2262922
2263041
2263074
2263165
2263398
2263493
2263513
2263683
2263712
2263899
2263960
2264044
2264066
2264285
2264396
2264402
2264445
2264471
2264480
2264487
2264510
2264514
2264650
2264986
2265009
2265012
2265153
2265197
2265271
2265297
2265423
2265566
2265747
2265943
2266167
2266186
2266323
2266668
2266848
2267036
2267240
2267289
2267364
2267418
2267419
2267477
2267609
2267756
2267804
2267860
2268446
2268452
2268507
2268692
2268729
2268825
2268893
2269074
2269328
2269582
2269660
2270401
2270627
2270722
2270749
2270794
2270912
2270915
2271005
2271067
2271322
2271615
2271779
2271929
2272240
2272281
2272350
2272439
2272705
2272807
2272916
2273441
2273474
2273514
2273691
2273816
2273928
2274034
2274088
2274105
2274132
2274313
2274441
2274521
2274571
2274649
2274746
2274766
2274921
2274993
2275210
2275251
2275320
2275326
2275511
2275569
2276227
2276428
2276595
2276881
2276985
2277017
2277051
2277084
2277113
2277154
2277181
2277373
2277396
2277634
2277774
2277789
2277835
2278008
2278090
2278121
2278221
2278280
2278502
2278700
2278906
2279033
2279101
2279104
2279147
2279167
2279242
2279513
2279528
2279740
2279749
2279776
2279792
2279854
2280166
2280305
2280329
2280725
2280871
2280976
2281048
2281172
2281181
2281227
2281258
2281306
2281330
2281416
2281670
2281710
2281746
2281781
2281840
2281959
2281998
2282219
2282272
2282348
2282452
2282527
2282774
2282981
2283256
2283394
2283572
2283772
2283927
2284001
2284033
2284069
2284235
2284535
2284862
2284903
2285020
2285208
2285301
2285308
2285378
2285456
2285691
2285740
2285775
2285843
2285893
2285978
2285991
2286057
2286220
2286249
2286476
2286478
2286541
2286639
2286677
2286866
2287027
2287101
2287125
2287218
2287259
2287290
2287482
2287541
2287580
2287585
2287939
2287973
2288167
2288196
2288229
2288339
2288468
2288750
2288768
2288777
2288787
2288831
2288967
2289011
2289031
2289145
2289220
2289252
2289260
2289278
2289340
2289386
2289665
2289678
2289844
2289946
2290040
2290137
2290335
2290442
2290449
2290699
2290723
2290739
2290825
2290882
2290989
2291169
2291202
2291251
2291313
2291371
2291446
2291485
2291494
2291540
2291599
2291647
2291785
2291824
2291826
2291830
2291938
2291963
2292282
2292310
2292457
2292468
2292608
2292612
2292732
2292745
2292964
2293028
2293039
2293167
2293248
2293374
2293389
2293412
2293910
2294013
2294057
2294071
2294084
2294232
2294429
2294541
2294585
2294624
2294803
2294875
2294928
2294987
2295092
2295109
2295368
2295521
2295573
2295578
2295666
2295741
2295852
2295918
2296028
2296201
2296203
2296229
2296403
2296409
2296415
2296450
2296517
2296541
2296573
2296940
2296966
2297132
2297295
2297308
2297695
2297724
2297770
2298103
2298150
2298603
2298664
2298834
2298919
2299024
2299064
2299179
2299236
2299260
2299556
2299738
2300100
2300229
2300233
2300321
2300381
2300403
2300442
2300480
2300483
2300914
2301088
2301145
2301286
2301332
2301388
2301429
2301471
2301476
2301534
2301713
2301724
2301734
2301802
2301894
2301896
2302128
2302203
2302245
2302425
2302517
2302599
2302684
2302990
2303047
2303143
2303216
2303324
2303348
2303550
2303589
2303604
2303945
2303975
2303999
2304011
2304289
2304441
2304495
2304598
2304671
2304819
2304849
2304866
2304900
2304990
2305088
2305300
2305331
2305513
2305539
2305639
2305742
2305752
2305788
2305855
2306121
2306125
2306272
2306513
2306911
2307000
2307094
2307143
2307164
2307213
2307539
2307584
2307788
2308046
2308165
2308570
2308587
2308610
2308724
2308735
2308964
2309026
2309051
2309205
2309258
2309327
2309431
2309520
2309563
2309650
2309866
2309975
2309992
2310120
2310264
2310669
2310679
2310803
2310962
2310982
2311239
2311280
2311409
2311469
2311623
2311826
2311843
2311947
2311993
2312068
2312289
2312308
2312482
2312563
2312766
2313199
2313276
2313296
2313396
2313404
2313560
2313563
2313804
2313897
2314161
2314230
2314238
2314378
2314502
2314572
2314592
2314750
2314871
2315048
2315186
2315257
2315403
2315580
2315702
2315716
2315863
2315907
2316003
2316032
2316039
2316053
2316258
2316320
2316350
2316499
2316504
2316547
2316606
2316625
2316778
2316849
2316868
2316908
2316975
2317108
2317141
2317233
2317245
2317261
2317267
2317417
2317463
2317471
2317685
2317828
2318031
2318038
2318126
2318242
2318497
2318540
2318565
2318648
2318650
2318707
2318709
2318739
2318849
2319004
2319025
2319191
2319397
2319458
2319553
2319697
2319730
2319802
2319913
2319991
2320017
2320309
2320319
2320331
2320340
2320367
2320475
2320855
2320957
2321135
2321324
2321505
2321527
2321600
2322023
2322080
2322110
2322111
2322231
2322322
2322334
2322340
2322369
2322452
2322682
2322734
2322756
2322764
2322815
2322904
2322910
2323243
2323338
2323792
2323917
2323937
2323957
2324045
2324456
2324608
2324775
2324837
2324863
2324997
2325006
2325074
2325173
2325202
2325404
2325481
2325536
2325742
2325777
2325780
2325949
2326585
2326735
2326737
2326911
2326932
2327014
2327034
2327064
2327131
2327138
2327394
2327407
2327508
2327583
2327671
2327771
2327834
2327852
2327925
2328010
2328152
2328326
2328342
2328475
2328526
2328662
2328693
2328750
2329024
2329054
2329136
2329320
2329336
2329717
2329809
2329937
2330030
2330043
2330199
2330444
2330541
2330551
2330652
2330973
2330976
2330989
2331043
2331048
2331168
2331237
2331309
2331437
2331447
2331509
2331703
2331704
2331828
2331866
2331905
2332263
2332392
2332462
2332564
2332671
2332689
2332865
2333098
2333106
2333200
2333240
2333248
2333270
2333378
2333393
2333402
2333424
2333437
2333874
2334023
2334081
2334204
2334223
2334262
2334305
2334355
2334463
2334515
2334604
2334716
2334733
2334796
2334839
2334920
2334950
2334961
2335010
2335138
2335267
2335388
2335464
2335468
2335509
2335563
2335727
2335755
2335938
2336083
2336104
2336204
2336374
2336404
2336449
2336486
2336521
2336527
2336680
2336722
2336736
2336831
2336939
2336985
2337021
2337055
2337133
2337257
2337342
2337363
2337439
2337554
2337675
2337706
2337821
2337999
2338055
2338107
2338198
2338397
2338480
2338619
2338646
2338841
2338854
2338930
2338937
2338955
2338961
2338971
2338976
2339233
2339266
2339657
2339664
2339758
2339773
2339883
2340138
2340185
2340191
2340214
2340252
2340328
2340376
2340429
2340679
2340693
2340701
2341081
2341096
2341132
2341422
2341592
2341831
2342186
2342245
2342290
2342299
2342375
2342459
2342572
2342627
2342735
2342941
2343014
2343046
2343105
2343120
2343164
2343184
2343234
2343245
2343358
2343511
2343515
2343561
2343578
2343607
2343803
2343854
2344061
2344106
2344120
2344163
2344351
2344508
2344593
2344740
2344810
2344838
2344934
2345047
2345201
2345225
2345438
2345634
2345817
2346087
2346150
2346304
2346328
2346380
2346524
2346586
2346707
2346717
2346896
2346900
2346927
2347019
2347025
2347210
2347308
2347686
2347742
2347814
2348142
2348402
2348474
2348477
2348536
2348634
2348836
2348863
2348978
2349053
2349182
2349219
2349264
2349309
2349349
2349384
2349413
2349679
2349771
2349774
2350107
2350190
2350250
2350415
2350496
2350519
2350525
2350585
2350854
2350876
2350922
2350993
2351011
2351143
2351197
2351216
2351280
2351462
2351481
2351535
2352194
2352209
2352666
2352669
2352674
2352689
2352738
2353202
2353295
2353343
2353411
2353480
2353707
2353731
2353941
2353952
2353974
2353979
2353992
2354070
2354235
2354300
2354420
2354424
2354484
2354498
2354507
2354530
2354542
2354608
2354775
2354815
2354845
2354847
2354865
2355037
2355123
2355135
2355280
2355393
2355574
2355854
2356063
2356401
2356602
2356735
2356756
2356861
2357077
2357193
2357498
2357611
2357679
2357742
2357815
2358097
2358283
2358327
2358458
2358729
2358783
2358813
2358877
2358937
2359025
2359030
2359320
2359349
2359477
2359490
2359509
2359592
2359732
2359769
2359783
2359785
2359816
2359817
2359935
2360128
2360273
2360303
2360323
2360467
2360602
2360636
2360742
2360892
2360915
2360919
2360956
2361003
2361033
2361118
2361128
2361148
2361358
2361364
2361374
2361421
2361813
2361943
2362009
2362061
2362138
2362166
2362399
2362429
2362447
2362455
2362502
2362547
2362632
2362644
2362761
2362802
2363108
2363299
2363304
2363322
2363359
2363376
2363645
2363849
2363865
2363882
2364163
2364204
2364277
2364291
2364433
2364460
2364488
2364516
2364553
2364673
2364737
2364772
2364794
2364898
2364983
2364990
2365003
2365010
2365066
2365150
2365188
2365189
2365407
2365489
2365521
2365523
2365583
2365632
2365757
2365781
2365866
2365875
2365983
2365986
2366021
2366107
2366303
2366369
2366398
2366966
2367096
2367251
2367411
2367457
2367983
2368033
2368068
2368125
2368384
2368437
2368719
2368982
2368995
2369137
2369249
2369285
2369294
2369300
2369344
2369366
2369406
2369420
2369558
2369678
2369689
2369745
2369762
2369786
2369787
2369792
2369821
2369871
2369890
2369906
2369981
2370261
2370301
2370332
2370437
2370516
2370678
2370777
2370896
2371146
2371178
2371203
2371219
2371259
2371281
2371365
2371415
2371429
2371494
2371575
2371668
2371836
2371883
2371886
2372173
2372334
2372379
2372387
2372406
2372439
2372472
2372689
2372867
2373223
2373290
2373488
2373598
2373666
2373714
2373766
2373779
2373833
2374159
2374343
2374470
2374522
2374873
2375091
2375458
2375557
2375569
2375602
2375765
2375839
2375873
2376109
2376160
2376193
2376275
2376398
2376619
2376865
2376983
2377194
2377294
2377578
2377587
2377732
2377987
2378026
2378136
2378168
2378200
2378676
2378722
2378826
2378859
2378872
2379051
2379183
2379256
2379313
2379334
2379369
2379389
2379541
2379680
2379709
2379778
2379836
2379857
2379917
2379940
2379966
2379988
2380304
2380422
2380463
2380651
2380746
2380917
2380997
2381034
2381074
2381253
2381275
2381355
2381629
2381668
2381744
2381822
2381974
2381990
2382101
2382231
2382266
2382369
2382405
2382430
2382489
2382729
2382920
2382928
2382996
2383003
2383027
2383118
2383119
2383332
2383337
2383339
2383474
2383489
2383799
2383876
2384298
2384438
2384455
2384600
2384617
2384673
2385011
2385013
2385233
2385412
2385429
2385640
2385694
2385742
2385750
2385876
2385915
2386011
2386066
2386202
2386613
2386745
2386921
2386982
2387089
2387101
2387684
2387698
2387789
2387948
2388072
2388083
2388109
2388188
2388213
2388357
2388371
2388396
2388774
2388782
2388826
2388947
2388977
2389129
2389205
2389240
2389258
2389314
2389342
2389705
2389708
2389726
2390123
2390268
2390376
2390511
2390607
2390672
2390872
2390880
2391015
2391094
2391154
2391179
2391263
2391427
2391493
2391497
2391574
2391636
2391681
2391754
2391834
2392024
2392064
2392641
2392756
2392789
2392863
2392886
2392899
2392963
2393146
2393150
2393298
2393380
2393399
2393466
2393477
2393620
2393979
2393992
2394015
2394207
2394295
2394306
2394425
2394563
2394653
2394795
2394841
2394920
2394962
2395034
2395141
2395163
2395297
2395387
2395421
2395511
2395665
2395767
2395773
2395804
2395814
2395829
2395939
2395949
2396267
2396293
2396298
2396329
2396759
2396781
2396983
2397028
2397115
2397558
2397811
2397884
2398204
2398218
2398335
2398354
2398389
2398537
2398669
2398770
2398799
2398892
2399116
2399211
2399306
2399421
2399522
2399644
2399673
2399701
2399790
2399839
2399877
2399918
2399929
2399988
2400009
2400056
2400073
2400120
2400150
2400165
2400189
2400191
2400251
2400271
2400370
2400387
2400655
2400675
2400985
2401174
2401416
2401428
2401478
2401581
2401698
2401760
2401832
2401880
2401904
2401961
2402273
2402286
2402388
2402449
2402498
2402680
2402684
2402921
2403189
2403208
2403323
2403376
2403547
2403695
2403700
2403702
2403806
2403895
2403909
2403943
2403950
2404072
2404148
2404272
2404343
2404385
2404633
2404752
2404776
2404897
2404987
2405025
2405041
2405074
2405082
2405204
2405516
2405701
2405784
2405879
2405891
2405917
2405965
2405978
2406026
2406071
2406111
2406182
2406201
2406406
2406437
2406587
2406659
2406948
2406988
2407140
2407210
2407221
2407308
2407321
2407379
2407386
2407408
2407794
2407816
2407835
2407850
2407851
2408139
2408152
2408318
2408675
2408720
2408759
2408785
2408801
2408812
2408923
2409172
2409183
2409333
2409407
2409539
2409664
2409668
2409680
2409742
2409827
2409950
2410040
2410107
2410393
2410451
2410476
2410670
2410722
2410882
2410954
2411007
2411140
2411155
2411206
2411455
2411556
2411594
2411634
2411717
2411736
2411832
2411848
2411910
2412131
2412166
2412199
2412213
2412236
2412306
2412311
2412376
2412383
2412486
2412738
2412845
2412864
2412866
2413032
2413079
2413203
2413318
2413375
2413402
2413412
2413475
2413540
2413889
2414068
2414127
2414264
2414655
2415059
2415139
2415210
2415267
2415481
2415520
2415566
2415604
2415609
2415823
2415840
2415893
2415973
2415985
2416082
2416353
2416468
2416640
2416729
2416890
2416969
2417146
2417154
2417363
2417413
2417834
2417897
2418256
2418292
2418425
2418452
2418706
2418725
2418736
2418780
2418887
2418947
2418978
2419016
2419145
2419164
2419324
2419340
2419455
2419491
2419601
2419807
2420551
2420585
2420684
2420913
2420927
2420947
2420956
2420988
2421024
2421195
2421326
2421507
2421605
2421615
2421757
2421808
2421872
2421911
2422150
2422260
2422390
2422946
2423105
2423120
2423141
2423181
2423331
2423378
2423486
2423551
2423607
2423719
2423725
2423841
2424105
2424123
2424369
2424486
2424700
2424785
2424911
2424918
2424959
2424961
2425024
2425116
2425150
2425641
2425657
2425762
2425776
2425976
2426256
2426349
2426405
2426533
2426591
2426693
2426714
2426720
2426802
2426803
2426878
2426983
2427072
2427078
2427091
2427227
2427412
2427552
2427802
2427824
2427850
2427935
2428021
2428257
2428271
2428358
2428413
2428486
2428654
2428680
2428802
2429229
2429455
2429459
2429544
2429680
2429752
2429886
2429995
2430050
2430080
2430232
2430337
2430459
2430554
2430574
2430726
2430777
2430785
2430791
2431320
2431458
2431484
2431715
2431793
2431816
2431862
2431882
2431941
2431950
2431995
2432178
2432289
2432689
2432732
2432741
2432775
2432815
2432893
2433042
2433160
2433347
2433442
2433559
2433707
2433837
2433960
2434373
2434530
2434833
2434889
2434986
2435036
2435040
2435045
2435147
2435150
2435305
2435416
2435591
2435659
2435727
2435757
2435772
2435849
2436030
2436099
2436143
2436151
2436170
2436176
2436191
2436240
2436404
2436509
2436532
2436779
2436838
2437333
2437378
2437511
2437527
2437543
2437626
2437747
2437904
2437962
2437990
2438149
2438158
2438167
2438250
2438450
2438525
2438571
2438675
2438893
2439002
2439038
2439288
2439308
2439456
2439509
2439695
2439745
2439857
2439954
2440048
2440054
2440232
2440479
2440696
2440738
2440758
2440902
2440932
2440939
2440970
2440975
2441024
2441096
2441167
2441193
2441324
2441336
2441409
2441412
2441543
2441763
2441835
2441852
2441974
2442012
2442218
2442272
2442309
2442475
2442500
2442589
2442704
2442734
2442812
2442840
2443040
2443070
2443094
2443131
2443220
2443391
2443416
2443525
2443574
2443736
2443795
2443942
2444021
2444041
2444049
2444136
2444151
2444161
2444242
2444281
2444495
2444612
2444618
2444634
2444734
2444793
2444844
2444845
2444859
2444885
2445338
2445406
2445564
2445588
2445772
2445790
2445908
2446326
2446613
2446645
2446767
2447112
2447166
2447214
2447301
2447361
2447376
2447490
2447547
2447584
2447828
2447899
2447971
2448013
2448027
2448131
2448148
2448175
2448378
2448604
2448701
2448715
2448721
2448797
2448826
2448898
2449090
2449118
2449450
2449486
2449550
2449575
2449602
2449648
2449849
2449850
2449881
2450011
2450069
2450260
2450344
2450581
2450585
2450799
2450927
2451009
2451152
2451176
2451263
2451267
2451447
2451539
2451562
2451603
2451653
2451970
2452197
2452207
2452227
2452397
2452403
2452437
2452585
2452662
2452669
2452671
2452705
2452735
2452759
2452876
2452950
2453075
2453091
2453097
2453115
2453255
2453404
2453475
2453532
2453554
2453736
2453862
2453985
2454080
2454343
2454399
2454499
2454746
2454844
2454849
2454953
2454990
2455206
2455212
2455418
2455432
2455540
2455745
2455873
2455895
2456032
2456133
2456599
2456730
2456902
2456913
2457012
2457139
2457149
2457398
2457474
2457672
2457881
2458061
2458139
2458211
2458291
2458365
2458403
2458411
2458499
2458516
2458545
2458570
2458619
2458649
2458705
2458807
2458848
2458964
2459111
2459311
2459385
2459631
2459636
2459693
2459778
2459786
2460029
2460030
2460121
2460241
2460421
2460448
2460456
2460469
2460499
2460616
2460909
2460941
2460985
2461104
2461192
2461523
2461624
2461890
2461892
2461958
2462021
2462107
2462126
2462189
2462248
2462431
2462483
2462535
2462556
2462737
2462883
2462992
2463062
2463071
2463146
2463152
2463165
2463257
2463260
2463499
2463580
2463613
2463644
2463702
2463946
2464018
2464162
2464295
2464370
2464427
2464446
2464593
2464619
2464642
2464700
2464757
2464807
2464894
2464903
2464913
2465005
2465091
2465202
2465262
2465325
2465364
2465534
2465588
2465730
2465839
2465971
2466193
2466546
2466569
2466669
2466703
2467030
2467068
2467072
2467392
2467441
2467450
2467564
2467652
2467928
2467952
2468079
2468283
2468325
2468378
2468404
2468445
2468544
2468599
2468659
2468692
2468840
2469061
2469153
2469273
2469675
2469703
2469910
2470611
2470623
2470802
2470814
2471023
2471338
2471589
2471689
2471745
2472280
2472612
2472685
2472805
2472991
2472992
2473003
2473045
2473155
2473281
2473287
2473317
2473642
2473727
2473966
2474276
2474327
2474455
2474752
2474853
2474878
2475052
2475102
2475246
2475257
2475377
2475427
2475549
2475605
2475727
2475740
2475760
2475964
2476061
2476159
2476177
2476203
2476332
2476440
2476577
2476853
2476858
2476983
2477284
2477351
2477416
2477495
2477653
2477711
2478054
2478137
2478175
2478224
2478319
2478523
2478541
2478687
2478751
2478822
2479078
2479175
2479262
2479301
2479464
2479551
2479651
2479757
2479901
2480011
2480116
2480374
2480635
2480713
2480719
2480730
2480859
2481050
2481088
2481107
2481187
2481207
2481412
2481480
2481636
2481802
2481844
2481846
2482054
2482117
2482172
2482309
2482555
2482566
2482656
2482781
2482897
2482945
2482994
2483165
2483231
2483328
2483403
2483697
2483970
2483999
2484011
2484207
2484339
2484646
2484663
2484690
2484773
2484799
2484819
2484868
2484916
2484918
2484981
2485138
2485159
2485245
2485267
2485283
2485407
2485422
2485553
2485567
2485619
2485691
2485811
2485838
2485936
2485999
2486012
2486119
2486121
2486132
2486265
2486288
2486365
2486505
2486696
2486845
2487068
2487095
2487097
2487132
2487214
2487229
2487275
2487276
2487292
2487409
2487422
2487452
2487652
2488119
2488124
2488134
2488198
2488252
2488390
2488649
2488701
2488717
2489095
2489121
2489347
2489380
2489456
2489499
2489500
2489615
2489681
2489827
2489836
2489903
2489991
2490015
2490042
2490044
2490136
2490144
2490441
2490489
2490526
2490569
2490768
2490807
2490949
2491051
2491194
2491265
2491315
2491352
2491446
2491447
2491552
2491763
2491818
2491839
2491852
2491859
2491881
2491974
2492114
2492119
2492468
2492632
2492802
2492857
2493059
2493232
2493447
2493540
2493550
2493807
2493836
2493943
2494018
2494045
2494070
2494350
2494435
2494455
2494599
2494662
2494693
2494739
2494890
2494946
2495007
2495094
2495159
2495207
2495287
2495346
2495351
2495400
2495507
2495551
2495568
2495584
2495642
2495712
2495772
2495802
2495871
2496328
2496338
2496640
2496656
2496712
2496898
2496922
2496966
2497003
2497374
2497413
2497695
2497801
2498059
2498172
2498194
2498464
2498618
2498703
2498946
2498948
2499018
2499309
2499372
2499460
2499696
2499792
2499810
2499899
2500075
2500315
2500334
2500412
2500416
2500469
2500662
2500904
2500937
2501041
2501276
2501410
2501655
2501851
2501857
2501894
2501903
2502230
2502544
2502613
2502749
2502773
2502887
2502907
2502952
2503185
2503189
2503191
2503529
2503566
2503700
2503782
2503805
2503895
2504025
2504078
2504208
2504239
2504277
2504521
2504585
2504601
2504608
2504615
2504691
2504789
2504856
2504974
2505094
2505126
2505143
2505302
2505529
2505698
2505818
2505973
2506051
2506066
2506076
2506168
2506262
2506288
2506402
2506468
2506484
2506649
2506717
2506880
2506994
2507234
2507466
2507622
2507636
2507734
2507901
2508043
2508063
2508128
2508137
2508161
2508183
2508216
2508247
2508454
2508461
2508466
2508519
2508621
2508736
2508825
2509041
2509062
2509379
2509380
2509425
2509453
2509497
2509546
2509576
2509790
2510218
2510340
2510376
2510467
2510469
2510482
2510555
2510560
2510970
2511124
2511285
2511784
2512032
2512228
2512300
2512310
2512314
2512360
2512363
2512459
2512492
2512722
2512762
2512793
2512946
2513203
2513208
2513412
2513549
2513564
2513589
2513828
2513829
2513851
2513877
2514110
2514186
2514351
2514515
2514552
2514740
2514797
2514904
2514960
2514962
2514964
2515153
2515219
2515230
2515405
2515626
2515659
2515684
2515693
2516136
2516178
2516195
2516453
2516467
2516515
2516534
2516541
2516605
2516674
2516700
2516893
2516916
2517013
2517239
2517298
2517426
2517511
2517617
2517720
2517799
2517854
2517863
2517998
2518100
2518262
2518290
2518423
2518454
2518465
2518481
2518831
2518855
2518945
2518967
2518985
2519021
2519228
2519267
2519269
2519535
2519661
2519835
2520014
2520126
2520347
2520370
2520433
2520535
2520572
2520602
2520605
2520643
2520743
2520912
2520962
2521184
2521536
2521843
2521855
2522045
2522092
2522120
2522142
2522155
2522264
2522269
2522573
2522686
2522867
2522906
2523010
2523353
2523371
2523390
2523452
2523598
2523783
2523931
2524270
2524278
2524282
2524456
2524464
2524541
2524831
2524948
2525088
2525324
2525353
2525425
2525510
2525795
2526019
2526054
2526128
2526176
2526387
2526480
2526583
2526609
2526897
2526956
2526982
2527000
2527254
2527354
2527413
2527449
2527839
2527869
2528132
2528235
2528243
2528464
2528479
2528674
2528727
2528760
2528816
2528945
2529018
2529243
2529309
2529313
2529355
2529366
2529534
2529686
2529791
2529820
2529825
2529881
2529941
2530175
2530212
2530342
2530604
2530609
2530620
2530718
2530767
2531006
2531107
2531108
2531117
2531206
2531322
2531344
2531357
2531557
2531725
2531866
2531994
2532212
2532249
2532497
2532754
2532831
2532888
2532944
2532995
2533167
2533206
2533278
2533529
2533861
2534020
2534054
2534091
2534218
2534279
2534409
2534568
2534809
2534926
2534962
2535100
2535127
2535198
2535616
2535679
2535736
2535857
2535998
2536220
2536222
2536306
2536427
2536493
2536757
2536845
2536888
2537040
2537066
2537168
2537306
2537321
2537366
2537515
2537721
2537741
2537929
2538324
2538351
2538414
2538469
2538510
2538790
2538798
2538826
2538829
2538890
2538908
2539040
2539083
2539298
2539328
2539491
2539514
2539519
2539639
2539662
2539876
2539895
2540132
2540283
2540893
2540957
2541340
2541341
2541343
2541423
2541502
2541902
2542004
2542136
2542231
2542322
2542565
2542709
2542731
2542803
2542814
2542906
2542948
2542979
2543033
2543103
2543145
2543344
2543604
2543898
2543957
2544008
2544121
2544253
2544286
2544452
2544638
2544709
2545277
2545293
2545388
2545464
2545543
2545642
2545662
2546002
2546126
2546262
2546420
2546624
2546772
2546867
2547262
2547358
2547361
2547503
2547610
2547639
2547683
2547769
2547828
2548044
2548086
2548152
2548374
2548406
2548439
2548581
2548618
2548673
2548697
2548717
2548803
2548808
2548848
2549263
2549273
2549431
2549794
2549817
2549843
2549867
2549884
2549898
2550142
2550238
2550244
2550284
2550308
2550451
2550628
2550710
2550744
2550817
2550889
2550890
2550910
2550930
2551231
2551240
2551613
2551892
2551923
2551949
2552098
2552226
2552252
2552391
2552436
2552456
2552489
2552707
2552847
2552930
2553374
2553385
2553517
2553520
2553557
2553656
2553778
2553905
2553956
2553969
2554301
2554342
2554482
2554595
2554621
2554895
2554936
2554990
2555067
2555093
2555161
2555223
2555341
2555386
2555432
2555594
2555607
2555649
2555796
2555799
2555807
2555928
2555978
2555991
2556006
2556263
2556278
2556357
2556938
2557104
2557207
2557230
2557294
2557539
2557666
2557768
2557871
2557971
2558193
2558206
2558259
2558297
2558300
2558440
2558477
2558747
2558756
2558780
2558813
2558942
2559020
2559179
2559716
2559768
2559831
2559860
2559897
2560003
2560231
2560337
2560412
2560436
2560521
2560564
2560596
2560689
2560905
2561038
2561057
2561188
2561228
2561301
2561322
2561359
2561399
2561741
2561784
2561785
2561792
2561830
2561930
2562204
2562410
2562547
2562584
2562650
2562936
2562986
2562991
2563007
2563050
2563336
2563981
2564046
2564066
2564077
2564086
2564090
2564204
2564267
2564282
2564417
2564499
2564563
2564963
2564995
2564997
2565047
2565167
2565231
2565304
2565357
2565557
2565598
2565705
2565895
2565923
2565949
2565991
2566099
2566377
2566435
2566449
2566566
2566594
2566756
2566812
2566928
2567051
2567166
2567172
2567303
2567321
2567702
2567725
2568199
2568216
2568222
2568240
2568379
2568640
2568718
2568836
2568884
2568961
2568994
2569088
2569089
2569262
2569290
2569383
2569397
2569408
2569413
2569432
2569474
2569509
2569804
2569890
2569899
2570008
2570021
2570036
2570037
2570323
2570373
2570431
2570463
2570505
2570524
2570679
2570712
2570734
2570836
2570916
2571288
2571518
2571522
2571551
2571747
2572034
2572050
2572699
2572992
2573080
2573090
2573556
2573575
2573910
2573921
2573985
2574091
2574363
2574464
2574525
2574610
2574667
2574722
2574774
2574809
2574901
2574927
2574969
2574975
2574998
2575109
2575167
2575271
2575336
2575358
2575375
2575434
2575517
2575521
2575548
2575581
2575675
2575742
2575917
2575930
2576141
2576288
2576447
2576603
2576707
2576778
2577002
2577015
2577019
2577073
2577108
2577147
2577441
2577459
2577553
2577583
2577586
2577683
2577704
2577869
2577903
2578066
2578202
2578227
2578236
2578263
2578274
2578297
2578341
2578399
2578410
2578480
2578483
2578511
2578607
2578866
2578956
2579018
2579080
2579116
2579536
2579656
2579778
2579959
2580253
2580292
2580321
2580374
2580409
2580467
2580691
2580863
2581142
2581202
2581531
2581679
2581781
2581903
2581986
2582007
2582023
2582043
2582052
2582112
2582141
2582145
2582300
2582477
2582559
2582580
2582652
2582756
2582796
2582875
2582928
2582959
2583220
2583304
2583363
2583418
2583432
2583514
2583646
2583865
2583904
2584061
2584062
2584071
2584080
2584209
2584295
2584363
2584375
2584623
2584632
2584722
2584738
2584779
2584883
2584932
2585058
2585120
2585371
2585434
2585458
2585523
2585659
2585727
2585737
2585748
2585808
2585930
2586230
2586234
2586576
2586608
2586862
2587173
2587229
2587307
2587343
2587385
2587431
2587482
2587558
2587619
2587815
2587819
2587834
2587855
2587924
2587962
2588254
2588261
2588266
2588293
2588319
2588343
2588535
2588557
2588582
2588584
2588698
2588954
2589005
2589109
2589153
2589221
2589260
2589309
2589320
2589409
2589444
2589493
2589509
2589850
2589873
2589880
2590008
2590125
2590209
2590356
2590417
2590488
2590621
2590685
2590821
2590975
2591083
2591089
2591181
2591200
2591398
2591495
2591791
2591839
2591951
2591959
2592045
2592122
2592136
2592299
2592402
2592466
2592527
2592572
2592715
2592917
2593231
2593249
2593286
2593438
2593605
2593659
2593737
2593803
2593898
2594041
2594254
2594362
2594770
2594851
2594940
2595190
2595193
2595296
2595303
2595491
2595627
2595737
2595793
2595860
2595967
2596072
2596097
2596216
2596333
2596625
2596882
2597029
2597114
2597176
2597288
2597330
2597810
2597870
2597874
2598104
2598227
2598247
2598397
2598498
2598580
2598773
2598820
2598903
2599051
2599091
2599190
2599251
2599430
2599738
2599774
2600115
2600127
2600180
2600512
2600745
2600958
2600987
2601045
2601226
2601376
2601394
2601438
2601513
2601582
2601803
2601843
2601903
2601927
2601929
2601969
2602061
2602222
2602320
2602524
2602799
2603158
2603254
2603349
2603565
2603591
2603601
2603669
2604004
2604254
2604288
2604299
2604459
2604520
2604671
2604804
2605179
2605191
2605201
2605349
2605362
2605399
2605442
2605444
2605519
2605556
2605581
2605696
2605754
2606045
2606053
2606445
2606454
2606612
2606656
2606703
2606852
2606963
2607298
2607372
2607421
2607549
2607798
2607816
2607894
2607986
2608072
2608238
2608335
2608337
2608503
2608533
2608561
2608634
2608670
2608744
2608794
2608850
2608889
2609142
2609303
2609333
2609358
2609370
2609417
2609469
2609669
2609768
2609769
2609774
2609815
2609830
2609875
2609896
2609915
2610176
2610379
2610395
2610414
2610526
2610604
2610639
2610675
2610718
2610771
2610776
2610796
2611092
2611175
2611211
2611230
2611281
2611342
2611373
2611446
2611588
2611632
2611716
2611792
2611821
2611949
2611974
2612053
2612066
2612332
2612767
2612844
2612894
2612906
2612984
2612993
2613062
2613292
2613396
2613546
2613560
2613686
2613733
2614044
2614052
2614068
2614211
2614345
2614658
2614688
2614714
2614932
2614950
2615066
2615155
2615227
2615260
2615280
2615567
2615609
2615657
2615806
2615828
2615944
2615971
2616004
2616085
2616160
2616218
2616472
2616533
2616542
2616679
2616962
2617276
2617309
2617325
2617383
2617536
2617819
2617820
2617875
2617893
2618028
2618329
2618408
2618480
2618516
2618658
2618719
2618745
2618860
2618922
2619009
2619039
2619321
2619355
2619439
2619501
2619570
2619680
2619943
2619969
2620018
2620077
2620180
2620246
2620248
2620316
2620529
2620596
2620611
2620858
2620885
2620935
2621044
2621085
2621115
2621140
2621145
2621167
2621429
2621512
2621518
2621577
2621878
2621959
2621970
2622367
2622368
2622424
2622484
2622543
2622634
2622683
2622796
2622807
2622817
2622876
2623317
2623404
2623615
2623705
2623721
2623907
2623920
2623991
2623998
2624821
2625106
2625404
2625768
2626025
2626290
2626319
2626454
2626571
2626768
2627238
2627326
2627624
2627982
2628139
2628469
2628584
2628636
2628895
2628907
2628972
2629032
2629164
2629289
2629338
2629396
2629415
2629546
2629643
2629752
2629795
2629872
2630039
2630058
2630085
2630401
2630466
2630567
2630580
2630679
2630700
2630715
2630754
2630850
2630862
2630896
2630993
2631045
2631073
2631188
2631322
2631369
2631410
2631473
2631519
2631596
2631835
2632117
2632378
2632447
2632488
2632520
2632524
2632767
2632860
2632918
2632932
2632955
2632980
2633112
2633126
2633127
2633140
2633143
2633180
2633351
2633583
2633586
2633641
2633644
2633764
2633802
2633840
2633869
2633897
2634153
2634229
2634324
2634388
2634400
2634459
2634736
2634750
2635312
2635339
2635407
2635408
2635413
2635505
2635515
2635776
2635868
2636030
2636096
2636439
2636679
2636736
2636908
2636984
2637270
2637280
2637395
2637420
2638008
2638114
2638507
2638763
2638859
2639302
2639323
2639369
2639489
2639543
2639586
2639718
2639861
2640025
2640335
2640369
2640477
2640640
2640762
2640795
2640833
2640891
2640920
2641091
2641202
2641508
2641797
2641853
2641875
2641904
2641931
2642065
2642093
2642163
2642182
2642196
2642344
2642625
2642632
2642813
2643178
2643294
2643448
2643652
2643692
2643702
2643767
2643809
2643814
2643948
2644167
2644270
2644298
2644308
2644360
2644407
2644539
2644564
2644661
2644932
2644983
2645032
2645110
2645191
2645333
2645419
2645465
2645591
2645640
2645781
2645796
2645860
2645887
2645989
2645994
2646044
2646049
2646249
2646255
2646394
2646485
2646597
2646610
2646915
2646917
2646982
2647002
2647031
2647123
2647143
2647451
2647611
2647676
2647745
2648077
2648551
2648612
2648636
2648699
2648953
2649022
2649189
2649296
2649506
2649675
2649681
2649792
2649913
2649950
2650051
2650060
2650143
2650151
2650218
2650350
2650442
2650462
2650492
2650499
2650583
2650632
2650696
2650734
2650874
2650947
2650968
2651019
2651215
2651260
2651315
2651366
2651690
2651920
2652005
2652379
2652466
2652582
2652690
2652700
2652705
2652729
2652732
2652739
2652816
2652924
2652986
2653101
2653274
2653490
2653555
2653712
2653729
2653791
2653999
2654001
2654080
2654160
2654439
2654491
2654549
2654571
2654691
2654809
2654814
2654826
2654894
2654999
2655021
2655365
2655368
2655384
2655425
2655626
2655638
2655696
2655697
2655786
2656012
2656104
2656155
2656256
2656314
2656324
2656331
2656546
2656553
2656599
2656605
2656631
2656727
2656848
2657003
2657090
2657178
2657383
2657392
2657649
2657655
2657737
2657855
2658010
2658035
2658070
2658101
2658112
2658132
2658225
2658230
2658235
2658240
2658441
2658524
2658591
2658784
2658913
2658966
2658981
2659063
2659230
2659454
2659491
2659553
2659597
2659610
2659667
2659672
2659819
2659844
2660024
2660061
2660132
2660194
2660267
2660306
2660448
2660469
2660499
2660508
2660579
2660629
2660722
2660894
2660965
2661169
2661261
2661300
2661350
2661378
2661453
2661721
2661764
2662021
2662099
2662330
2662384
2662451
2662467
2662500
2662607
2662663
2662912
2662925
2662932
2663247
2663375
2663393
2664145
2664148
2664271
2664569
2664696
2664799
2665485
2665735
2665847
2665956
2666137
2666138
2666181
2666195
2666308
2666315
2666401
2666623
2666628
2666690
2666719
2666732
2666776
2666841
2667151
2667443
2667507
2667637
2667664
2667769
2667958
2667959
2668039
2668086
2668258
2668337
2668369
2668424
2668464
2668480
2668520
2668594
2668655
2668695
2668758
2668787
2668880
2668889
2668998
2669113
2669190
2669256
2669400
2669457
2669614
2669856
2669858
2669937
2670026
2670042
2670046
2670141
2670288
2670802
2670875
2670981
2671131
2671277
2671281
2671294
2671330
2671359
2671586
2671936
2671962
2671998
2672143
2672181
2672192
2672195
2672262
2672378
2672381
2672597
2672728
2672804
2672817
2672941
2673071
2673299
2673318
2673450
2673525
2673666
2673716
2673728
2673814
2673991
2674038
2674082
2674170
2674172
2674191
2674237
2674264
2674302
2674430
2674436
2674468
2674627
2674729
2674769
2674815
2674921
2675021
2675034
2675114
2675184
2675362
2675406
2676141
2676315
2676320
2676338
2676410
2676436
2676445
2676650
2676698
2676821
2677024
2677310
2677451
2677544
2677575
2677768
2677956
2678076
2678139
2678201
2678283
2678323
2678339
2678351
2678447
2679112
2679217
2679255
2679256
2679333
2679679
2679711
2679927
2679929
2680018
2680052
2680137
2680173
2680264
2680467
2680520
2680544
2680624
2680718
2680759
2680863
2680956
2680962
2680984
2681030
2681109
2681252
2681419
2681454
2681503
2681550
2681739
2681955
2682052
2682189
2682386
2682459
2682531
2682623
2682712
2682746
2682787
2682800
2682975
2683026
2683167
2683262
2683301
2683445
2683624
2683736
2683911
2683926
2683972
2684022
2684126
2684205
2684209
2684252
2684293
2684350
2684674
2684902
2685029
2685081
2685163
2685317
2685320
2685477
2685497
2685527
2685543
2685710
2685747
2685812
2686102
2686177
2686195
2686331
2686359
2686367
2686578
2686596
2686754
2686815
2686897
2686905
2687158
2687307
2687363
2687427
2687467
2687495
2687534
2687539
2687653
2687739
2688116
2688158
2688364
2688398
2688409
2688846
2689190
2689195
2689298
2689304
2689306
2689358
2689683
2689909
2690094
2690099
2690132
2690347
2690413
2690614
2690623
2690639
2690825
2690953
2690980
2691282
2691299
2691543
2691594
2691617
2691620
2691641
2691780
2691785
2691958
2692018
2692183
2692268
2692432
2692442
2692496
2692565
2692594
2692609
2692697
2692724
2692830
2692870
2692921
2692944
2693033
2693081
2693083
2693097
2693120
2693171
2693362
2693560
2693561
2694168
2694219
2694291
2694525
2694700
2694774
2694871
2695183
2695241
2695278
2695308
2695513
2695658
2695682
2695697
2695924
2696250
2696288
2696289
2696324
2696438
2696498
2696529
2696575
2696606
2696646
2696732
2697217
2697263
2697296
2697297
2697376
2697400
2697531
2697602
2697657
2697713
2697751
2697805
2697883
2698033
2698301
2698335
2698377
2698534
2698549
2698602
2698626
2698630
2698761
2698787
2698846
2699030
2699110
2699169
2699184
2699428
2699528
2699618
2699675
2699724
2699782
2699904
2699922
2699930
2700034
2700235
2700261
2700277
2700299
2700420
2700498
2700564
2700646
2700681
2700962
2701055
2701172
2701225
2701402
2701528
2701603
2701683
2701769
2701821
2701879
2701921
2701936
2702069
2702077
2702113
2702192
2702248
2702258
2702688
2702777
2702818
2702896
2702900
2702956
2703037
2703083
2703252
2703278
2703325
2703387
2703393
2703493
2703591
2703611
2703804
2703845
2703984
2704084
2704129
2704175
2704222
2704367
2704467
2704481
2704551
2704583
2704658
2704806
2704979
2704985
2705233
2705238
2705267
2705517
2705686
2705805
2705866
2705991
2706026
2706235
2706353
2706378
2706681
2706769
2706950
2707043
2707198
2707354
2707470
2707569
2707598
2707606
2707759
2707833
2708089
2708180
2708206
2708306
2708334
2708374
2708464
2708513
2708847
2709048
2709160
2709309
2709509
2709707
2709737
2709945
2709987
2710060
2710181
2710243
2710642
2710654
2710830
2710923
2711059
2711115
2711121
2711207
2711298
2711680
2711800
2712055
2712060
2712100
2712283
2712530
2712772
2712829
2713188
2713249
2713393
2713427
2713474
2713476
2713527
2713533
2713613
2713718
2713813
2713876
2713938
2714181
2714211
2714312
2714494
2714668
2715068
2715376
2715444
2715474
2715491
2715497
2715699
2715712
2715880
2715920
2715980
2716220
2716411
2716582
2716669
2716706
2716974
2717101
2717146
2717390
2717461
2717517
2717531
2717600
2717603
2717741
2717753
2717790
2718281
2718287
2718303
2718326
2718329
2718420
2718426
2718427
2718453
2718457
2718483
2718516
2718527
2718656
2718674
2718703
2718758
2718762
2718891
2719040
2719106
2719279
2719368
2719379
2719772
2719882
2719965
2720064
2720121
2720128
2720336
2720454
2720456
2720535
2720574
2720654
2720666
2720672
2720730
2720866
2721051
2721074
2721189
2721616
2721929
2721959
2721965
2722004
2722073
2722150
2722166
2722232
2722266
2722440
2722522
2722686
2722929
2723618
2723692
2723697
2723795
2723919
2724179
2724354
2724406
2724659
2724715
2724953
2725016
2725055
2725128
2725214
2725235
2725249
2725525
2725555
2725613
2725686
2725697
2726004
2726283
2726330
2726563
2726569
2726861
2726924
2726964
2727116
2727187
2727267
2727595
2727742
2727811
2727954
2728172
2728244
2728341
2728349
2728384
2728428
2728484
2728561
2728842
2728902
2729061
2729068
2729076
2729128
2729387
2729442
2729506
2729657
2729743
2729907
2730046
2730173
2730270
2730309
2730428
2730619
2730692
2730763
2730882
2730964
2731046
2731111
2731267
2731407
2731590
2731733
2731766
2731928
2731935
2731983
2732051
2732090
2732131
2732151
2732377
2732425
2732474
2732607
2732640
2732809
2732852
2733090
2733253
2733436
2733646
2733681
2733763
2733802
2734053
2734068
2734154
2734588
2734622
2734700
2734826
2734942
2735040
2735188
2735203
2735284
2735426
2735719
2735729
2735749
2736002
2736029
2736115
2736141
2736210
2736346
2736387
2736399
2736546
2736723
2736888
2736944
2737076
2737122
2737125
2737365
2737540
2737542
2737783
2737929
2738234
2738267
2738471
2738628
2738677
2738750
2738764
2738775
2738902
2739076
2739110
2739168
2739203
2739212
2739436
2739465
2739569
2739594
2739732
2740008
2740058
2740123
2740352
2740369
2740390
2740404
2740462
2740552
2740730
2740911
2741083
2741531
2741711
2741728
2741732
2741836
2741852
2742061
2742121
2742318
2742433
2742544
2742555
2742907
2742954
2743120
2743390
2743501
2743914
2743932
2743933
2744007
2744063
2744314
2744345
2744348
2744472
2744474
2744553
2744644
2744713
2744853
2744908
2744941
2744954
2745002
2745041
2745079
2745232
2745297
2745470
2745582
2745592
2745784
2746061
2746426
2746560
2746574
2746731
2746779
2746882
2746913
2747030
2747141
2747301
2747790
2747821
2747822
2747969
2747989
2748087
2748187
2748216
2748734
2748747
2748842
2749130
2749278
2749477
2749480
2749500
2749635
2749780
2749860
2749960
2750030
2750062
2750067
2750071
2750073
2750091
2750328
2750439
2750554
2750633
2750647
2751142
2751176
2751196
2751209
2751377
2751547
2751598
2751700
2751720
2751728
2751903
2751913
2752197
2752244
2752501
2752559
2752565
2752756
2752983
2752992
2753002
2753083
2753217
2753307
2753423
2753475
2753559
2753610
2753666
2753743
2754154
2754319
2754487
2754594
2754605
2754626
2754702
2754767
2754846
2754964
2754981
2755081
2755231
2755244
2755278
2755416
2755498
2755502
2755535
2755676
2755858
2755946
2756159
2756164
2756266
2756472
2756522
2756581
2756627
2756827
2757075
2757156
2757323
2757383
2757523
2757540
2757712
2757760
2757784
2757848
2758271
2758339
2758342
2758426
2758474
2758529
2758645
2758828
2758858
2758986
2759090
2759111
2759310
2759497
2759676
2759734
2759854
2759912
2760006
2760014
2760026
2760104
2760211
2760258
2760302
2760330
2760337
2760703
2761108
2761126
2761385
2761493
2761509
2761529
2761699
2761703
2761854
2761922
2762012
2762067
2762107
2762388
2762421
2762761
2762952
2763196
2763250
2763259
2763421
2763433
2763483
2763608
2763750
2763812
2764034
2764241
2764249
2764368
2764397
2764934
2765260
2765918
2765958
2766026
2766106
2766223
2766453
2766470
2766758
2766801
2766836
2766988
2767066
2767099
2767105
2767268
2767435
2767530
2767655
2767886
2768031
2768175
2768321
2768348
2768413
2768461
2768520
2768773
2768921
2768930
2768958
2769140
2769295
2769470
2769594
2769647
2769726
2769820
2769979
2770073
2770127
2770155
2770211
2770251
2770279
2770585
2770612
2770619
2771065
2771346
2771446
2771491
2771573
2771590
2771727
2771804
2772114
2772163
2772260
2772327
2772400
2772421
2772506
2772692
2772693
2772730
2772812
2773103
2773259
2773472
2773583
2773586
2773745
2774079
2774219
2774242
2774285
2774296
2774314
2774385
2774515
2774623
2774750
2774828
2774961
2775178
2775408
2775615
2775746
2775765
2775824
2775902
2776185
2776246
2776318
2776413
2776522
2776666
2776673
2776716
2776804
2776889
2776953
2777082
2777278
2777341
2777450
2777513
2777639
2777687
2777790
2777816
2777874
2777886
2777966
2778296
2778355
2778482
2778619
2778754
2778811
2778998
2779192
2779220
2779377
2779586
2779800
2780067
2780089
2780121
2780130
2780200
2780218
2780353
2780468
2780718
2780876
2780975
2781034
2781188
2781224
2781372
2781409
2781582
2781610
2781825
2781855
2782124
2782314
2782378
2782686
2782731
2783046
2783179
2783255
2783425
2783597
2783621
2783751
2783794
2783795
2783814
2783828
2783859
2783868
2784127
2784239
2784355
2784488
2784497
2784509
2784691
2784741
2784849
2785242
2785412
2785425
2785605
2785910
2786413
2786432
2786534
2786597
2786626
2786689
2786786
2786809
2786839
2787140
2787150
2787159
2787236
2787335
2787364
2787451
2787503
2787604
2787702
2787769
2787914
2787971
2788071
2788093
2788215
2788244
2788409
2788444
2788645
2788719
2788732
2788735
2789118
2789164
2789207
2789261
2789303
2789454
2789508
2789853
2789918
2789957
2790009
2790063
2790304
2790457
2790528
2790724
2790745
2790815
2790853
2791111
2791163
2791239
2791344
2791364
2791411
2791447
2791600
2791707
2791829
2791986
2792032
2792046
2792224
2792228
2792234
2792271
2792300
2792353
2792373
2792412
2792562
2792586
2792618
2792699
2792819
2792841
2792851
2792951
2793100
2793215
2793229
2793426
2793697
2793711
2793796
2793943
2794017
2794074
2794125
2794177
2794785
2794787
2795156
2795254
2795315
2795363
2795474
2795619
2795684
2796037
2796081
2796088
2796176
2796499
2796527
2796545
2796936
2796971
2797122
2797152
2797180
2797243
2797247
2797290
2797322
2797394
2797517
2797540
2797549
2797651
2797656
2797664
2797781
2798048
2798068
2798158
2798175
2798292
2798353
2798398
2798701
2798720
2798777
2798780
2798901
2798922
2799038
2799150
2799447
2799741
2799791
2800052
2800226
2800652
2800728
2800739
2800900
2801052
2801063
2801166
2801177
2801203
2801263
2801333
2801383
2801550
2801682
2801872
2801944
2801997
2802203
2802288
2802329
2802445
2802474
2802495
2802697
2802765
2802820
2802853
2802997
2803023
2803058
2803077
2803270
2803374
2803405
2803514
2803807
2803859
2803983
2804021
2804187
2804288
2804373
2804402
2804572
2804593
2804597
2804752
2804880
2804901
2804927
2805044
2805179
2805494
2805527
2805639
2805718
2805738
2805742
2805744
2805745
2805922
2805954
2806203
2806205
2806222
2806334
2806609
2806756
2806819
2806824
2807318
2807320
2807326
2807352
2807359
2807395
2807640
2807659
2807667
2807834
2807920
2807974
2808027
2808506
2808525
2808632
2808750
2808828
2809120
2809169
2809250
2809405
2809598
2809635
2809856
2809865
2809907
2809968
2810167
2810269
2810423
2810503
2810525
2810651
2810922
2811042
2811116
2811161
2811205
2811271
2811307
2811317
2811362
2811462
2811527
2811594
2811612
2811835
2811849
2812003
2812136
2812376
2812419
2812443
2812513
2812668
2812815
2812832
2812868
2813009
2813156
2813206
2813271
2813311
2813357
2813387
2813683
2813782
2813870
2813908
2813983
2814025
2814087
2814181
2814190
2814200
2814242
2814272
2814375
2814472
2814512
2814772
2814888
2814926
2814930
2815034
2815207
2815350
2815418
2815484
2815485
2815735
2815790
2815962
2816395
2816521
2816536
2816566
2816663
2816744
2816835
2816906
2816967
2817001
2817044
2817098
2817122
2817183
2817379
2817793
2818052
2818268
2818342
2818365
2818497
2818598
2818697
2818803
2818810
2818872
2818889
2818897
2818985
2819152
2819277
2819377
2819419
2819475
2819476
2819488
2819712
2819757
2819808
2819989
2820013
2820239
2820469
2820697
2820698
2820816
2820891
2821006
2821040
2821049
2821109
2821201
2821238
2821265
2821288
2821433
2821443
2821651
2821684
2821860
2821929
2821963
2822031
2822139
2822242
2822289
2822390
2822768
2822791
2822794
2823036
2823161
2823240
2823415
2823586
2823684
2823789
2823858
2823892
2824124
2824203
2824251
2824261
2824272
2824455
2824646
2824705
2824827
2824903
2825067
2825168
2825289
2825375
2825403
2825568
2825578
2825605
2825800
2825981
2826126
2826498
2826514
2826560
2826605
2826633
2826694
2826908
2826966
2827136
2827206
2827221
2827235
2827325
2827461
2827556
2827584
2827592
2827598
2827639
2827712
2827864
2827867
2828066
2828245
2828348
2828392
2828432
2828539
2828596
2828615
2828685
2828725
2828792
2829009
2829256
2829260
2829415
2829548
2829812
2829844
2830003
2830087
2830160
2830161
2830207
2830408
2830609
2830646
2830842
2830897
2830931
2830954
2831306
2831414
2831736
2831742
2831784
2831821
2831825
2831937
2831953
2832123
2832261
2832317
2832401
2832472
2832512
2832578
2832635
2832649
2832724
2832961
2833020
2833130
2833148
2833669
2833737
2833794
2833921
2834056
2834103
2834310
2834356
2834437
2834531
2834642
2834651
2834721
2834892
2834931
2835225
2835303
2835304
2835349
2835443
2835510
2835571
2835678
2835743
2836201
2836230
2836566
2836732
2836786
2836865
2836887
2836975
2837087
2837101
2837118
2837119
2837175
2837446
2837591
2837705
2837796
2837885
2837943
2838191
2838211
2838489
2838500
2838581
2838650
2838745
2839056
2839061
2839073
2839096
2839194
2839248
2839487
2839507
2839647
2839738
2839774
2839809
2839919
2839983
2840203
2840381
2840740
2840826
2840864
2841136
2841304
2841369
2841654
2841672
2841694
2841746
2841836
2841912
2841966
2841978
2841994
2842025
2842064
2842075
2842146
2842204
2842393
2843086
2843238
2843268
2843307
2843314
2843383
2843484
2843579
2843593
2843640
2843674
2843726
2844034
2844286
2844343
2844747
2844784
2844876
2844922
2844975
2845041
2845219
2845258
2845534
2845664
2845814
2845991
2846045
2846132
2846173
2846620
2846761
2846779
2846870
2846953
2847060
2847069
2847630
2847644
2847653
2847751
2847762
2847771
2847857
2847863
2847925
2847948
2848055
2848103
2848201
2848214
2848274
2848347
2848412
2848461
2848463
2848970
2848976
2849239
2849253
2849323
2849378
2849411
2849565
2849570
2849630
2849683
2849969
2850109
2850126
2850251
2850449
2850688
2850786
2850859
2850986
2851186
2851326
2851344
2851502
2851536
2851733
2851789
2851809
2851852
2851862
2851966
2852058
2852302
2852427
2852646
2852756
2852774
2852832
2852871
2853113
2853435
2853844
2853925
2854083
2854153
2854185
2854318
2854422
2854545
2854553
2854613
2854761
2854763
2854880
2855103
2855166
2855224
2855257
2855603
2855707
2855758
2856206
2856258
2856414
2856735
2856775
2857208
2857223
2857243
2857275
2857325
2857518
2857536
2858145
2858205
2858267
2858533
2858568
2859183
2859379
2859423
2859567
2859782
2859884
2859955
2860023
2860079
2860129
2860149
2860824
2860859
2860864
2860984
2861087
2861093
2861168
2861174
2861219
2861334
2861439
2861450
2861718
2861804
2861922
2861930
2862159
2862163
2862208
2862352
2862698
2862776
2863104
2863358
2863561
2863571
2863583
2863758
2863917
2864050
2864072
2864188
2864268
2864387
2864441
2864465
2864479
2864565
2864606
2864809
2864948
2865062
2865075
2865363
2865497
2865499
2865792
2865845
2865861
2866159
2866202
2866248
2866334
2866477
2866626
2866693
2867024
2867034
2867208
2867428
2867571
2868011
2868057
2868148
2868202
2868219
2868384
2868491
2868496
2868585
2868791
2868933
2868960
2869181
2869349
2869511
2869541
2869574
2869610
2869672
2869709
2869750
2869815
2869832
2869938
2869972
2870144
2870535
2870539
2870591
2870894
2871019
2871318
2871356
2871418
2871545
2871636
2871863
2872176
2872421
2872515
2872813
2872869
2873036
2873269
2873341
2873429
2873626
2873683
2873852
2873898
2873899
2873977
2874075
2874256
2874416
2874616
2874668
2874734
2874806
2874859
2874877
2875143
2875172
2875177
2875253
2875405
2875438
2875528
2875580
2875759
2875814
2875952
2876044
2876058
2876142
2876148
2876169
2876190
2876268
2876710
2877183
2877395
2877599
2877647
2877737
2878084
2878391
2878431
2878467
2878528
2878660
2878770
2879012
2879063
2879106
2879176
2879307
2879331
2879417
2879438
2879455
2879479
2879497
2879516
2879620
2879648
2879704
2879760
2879833
2879886
2879956
2879970
2880093
2880120
2880295
2880300
2880465
2880537
2881151
2881267
2881370
2881447
2881596
2881708
2881714
2881763
2881778
2881952
2882090
2882513
2882659
2882743
2882784
2882839
2882935
2882949
2882978
2883075
2883106
2883119
2883183
2883204
2883266
2883267
2883463
2883472
2883562
2883738
2883750
2883912
2883971
2883985
2884040
2884090
2884184
2884524
2884762
2884793
2884809
2884848
2884981
2884994
2885002
2885054
2885102
2885129
2885155
2885308
2885348
2885527
2885643
2885729
2885986
2886079
2886186
2886204
2886407
2886474
2886478
2886505
2886824
2886994
2887225
2887313
2887405
2887516
2887683
2887866
2888288
2888340
2888389
2888905
2889074
2889146
2889238
2889395
2889496
2889515
2889633
2889709
2889721
2889786
2889828
2889850
2889995
2890226
2890251
2890284
2890313
2890415
2890504
2890553
2890794
2891021
2891114
2891185
2891250
2891376
2891530
2891547
2891862
2891916
2891947
2892061
2892193
2892302
2892362
2892515
2892540
2892559
2892726
2892827
2892883
2892930
2893010
2893020
2893146
2893216
2893257
2893316
2893332
2893511
2893650
2893709
2893772
2893961
2893965
2893981
2893998
2894015
2894043
2894063
2894444
2894459
2894520
2894570
2894668
2894757
2895051
2895689
2895835
2895891
2896001
2896013
2896044
2896221
2896292
2896383
2896424
2896430
2896609
2896692
2896938
2896943
2896976
2896992
2897201
2897290
2897298
2897347
2897420
2897433
2897481
2897615
2897685
2897727
2897789
2897941
2898035
2898163
2898195
2898313
2898353
2898391
2898516
2898522
2898549
2898624
2898643
2898875
2898948
2898957
2899007
2899072
2899521
2899574
2899794
2899809
2899858
2900062
2900073
2900083
2900109
2900170
2900173
2900199
2900206
2900227
2900233
2900406
2900667
2900900
2900974
2901194
2901316
2901360
2901364
2901386
2901464
2901472
2901656
2901709
2901955
2902327
2902525
2902892
2902912
2902987
2903048
2903051
2903054
2903485
2903487
2903920
2904067
2904366
2904456
2904477
2904522
2904546
2904557
2904615
2904631
2904773
2904808
2904814
2904818
2904845
2905019
2905055
2905205
2905493
2905869
2905912
2906083
2906278
2906466
2906577
2906643
2906844
2906888
2906977
2907261
2907312
2907343
2907436
2907601
2907700
2907930
2907945
2908216
2908217
2908228
2908270
2908370
2908609
2908690
2908745
2908982
2909044
2909200
2909237
2909474
2909664
2909671
2909988
2910043
2910374
2910705
2910713
2910767
2911070
2911128
2911211
2911661
2911792
2911833
2911908
2911938
2911969
2911977
2912206
2912287
2912821
2912950
2912954
2913105
2913282
2913332
2913496
2913626
2913970
2914137
2914169
2914336
2914396
2914442
2914460
2914578
2914680
2915088
2915461
2915523
2915532
2915535
2915732
2915788
2915860
2915908
2916077
2916091
2916119
2916173
2916286
2916311
2916322
2916421
2916589
2916670
2916758
2916856
2916945
2917165
2917247
2917267
2917408
2917585
2917851
2917943
2917956
2917999
2918090
2918452
2918578
2918938
2919020
2919106
2919140
2919170
2919423
2919478
2919504
2919684
2919702
2919778
2919791
2919962
2920008
2920099
2920202
2920269
2920299
2920467
2920479
2920587
2920645
2920789
2920968
2921062
2921125
2921163
2921193
2921229
2921354
2921366
2921469
2921510
2921533
2921594
2921705
2921820
2921852
2921859
2921998
2922167
2922187
2922211
2922212
2922457
2922506
2922559
2922589
2922599
2922684
2922703
2922956
2923281
2923312
2923563
2923694
2923714
2923736
2923847
2923935
2924084
2924140
2924183
2924239
2924429
2924686
2925086
2925641
2925667
2926053
2926204
2926234
2926408
2926412
2926490
2926591
2926851
2926856
2926928
2927066
2927093
2927183
2927210
2927232
2927291
2927317
2927422
2927518
2927581
2927718
2927818
2927898
2928165
2928332
2928337
2928377
2928391
2928723
2928799
2928820
2928860
2929052
2929175
2929252
2929334
2929601
2929895
2929926
2929985
2930589
2930610
2930691
2930738
2931018
2931076
2931100
2931401
2931557
2931687
2931813
2931855
2931997
2932011
2932045
2932185
2932212
2932284
2932580
2932840
2932909
2932961
2933065
2933075
2933158
2933211
2933306
2933392
2933490
2933621
2934109
2934424
2934427
2934446
2934483
2934557
2934674
2934991
2935379
2935409
2935485
2935793
2935805
2935828
2935946
2936029
2936079
2936108
2936200
2936243
2936525
2936711
2936915
2937106
2937215
2937353
2937355
2937484
2937586
2937672
2937688
2937728
2937740
2938102
2938207
2938467
2938622
2938863
2938901
2938917
2939005
2939028
2939076
2939093
2939118
2939123
2939289
2939323
2939369
2939386
2939449
2939519
2939720
2939965
2940547
2940570
2940597
2940607
2940714
2940841
2940923
2940985
2941091
2941252
2941416
2941434
2941704
2941719
2941775
2942053
2942233
2942285
2942310
2942725
2942809
2942896
2942929
2942936
2942948
2942973
2943196
2943369
2943509
2943537
2943655
2943842
2943949
2943956
2944079
2944115
2944183
2944253
2944474
2944586
2944792
2945093
2945116
2945163
2945220
2945246
2945250
2945348
2945370
2945448
2945840
2945908
2945983
2946193
2946444
2946528
2946599
2946602
2946613
2946619
2946632
2946671
2946818
2946887
2946904
2947030
2947317
2947359
2947492
2947562
2947676
2948354
2948612
2948699
2948895
2948907
2948920
2949340
2949343
2949720
2949775
2950085
2950113
2950330
2950475
2950476
2950545
2950556
2950557
2950948
2950985
2951061
2951064
2951135
2951214
2951317
2951522
2951644
2951869
2951876
2951900
2952039
2952075
2952432
2952454
2952478
2952508
2952530
2952614
2952617
2952759
2952819
2952918
2953003
2953035
2953170
2953172
2953670
2953941
2954038
2954057
2954059
2954102
2954152
2954197
2954361
2954481
2954516
2954628
2954750
2954767
2954796
2955056
2955095
2955202
2955307
2955370
2955396
2955630
2955699
2955848
2955938
2956070
2956166
2956357
2956675
2956897
2956951
2956977
2956982
2957015
2957142
2957369
2957402
2957443
2957570
2957658
2957734
2957758
2957865
2957945
2958014
2958094
2958143
2958149
2958182
2958242
2958621
2958930
2958984
2958994
2959143
2959145
2959213
2959249
2959386
2959428
2959460
2959496
2959698
2960138
2960196
2960291
2960331
2960449
2960450
2960488
2960607
2960788
2960822
2960968
2960982
2961094
2961177
2961198
2961426
2961510
2961707
2961795
2961890
2962065
2962594
2962636
2963206
2963552
2963619
2963708
2963758
2963927
2964080
2964103
2964276
2964323
2964379
2964395
2964427
2964777
2964783
2964892
2964949
2964984
2965029
2965064
2965231
2965699
2965724
2965810
2966003
2966100
2966144
2966188
2966393
2966415
2966456
2966567
2966732
2966905
2967074
2967166
2967231
2967256
2967266
2967335
2967643
2967674
2967706
2967735
2967889
2967909
2968042
2968072
2968217
2968397
2968548
2968639
2968716
2968805
2968918
2968964
2969041
2969076
2969365
2969493
2969560
2969659
2969830
2969926
2969970
2970084
2970130
2970383
2970452
2970458
2970478
2970484
2970546
2970702
2970807
2970840
2970912
2971050
2971204
2971256
2971360
2971587
2971637
2971733
2971938
2972014
2972171
2972215
2972467
2972474
2972522
2972524
2972632
2972875
2972890
2973013
2973090
2973134
2973175
2973190
2973491
2973525
2973526
2973723
2973912
2973943
2974231
2974252
2974325
2974345
2974373
2974411
2974438
2974600
2974629
2974716
2974858
2974894
2974904
2974917
2975068
2975197
2975913
2976109
2976267
2976466
2976475
2976499
2976578
2976734
2976948
2976990
2977028
2977039
2977043
2977220
2977279
2977360
2977371
2977492
2977497
2977522
2977704
2977714
2978148
2978207
2978422
2978559
2978571
2978591
2978627
2978969
2979056
2979069
2979134
2979139
2979282
2979301
2979410
2979432
2979529
2979990
2980048
2980184
2980219
2980296
2980373
2980532
2980589
2980664
2980922
2981051
2981252
2981427
2981589
2981896
2981941
2981979
2982045
2982080
2982370
2982404
2982498
2982959
2983348
2983370
2983648
2983714
2983786
2983837
2983838
2984131
2984187
2984316
2984350
2984376
2984516
2984706
2984767
2984860
2984890
2984946
2985003
2985314
2985367
2985400
2985649
2985780
2985806
2985966
2986000
2986004
2986058
2986126
2986152
2986256
2986276
2986303
2986317
2986324
2986366
2986405
2986443
2986530
2986547
2986636
2986862
2986876
2986883
2986920
2987294
2987431
2987661
2987666
2987737
2988003
2988473
2988494
2988749
2989314
2989335
2989336
2989345
2989352
2989389
2989394
2989415
2989458
2989475
2989482
2989569
2989582
2989644
2989677
2989776
2989834
2989929
2990139
2990181
2990220
2990380
2990420
2990447
2990487
2990661
2990775
2990890
2991037
2991044
2991250
2991287
2991326
2991361
2991649
2991708
2991718
2991732
2991929
2992040
2992575
2992612
2992751
2992761
2992879
2993149
2993202
2993261
2993269
2993355
2993379
2993492
2993702
2993736
2994051
2994104
2994354
2994372
2994388
2994477
2994521
2994665
2994740
2994782
2994898
2994913
2994942
2994964
2995006
2995065
2995094
2995125
2995182
2995193
2995237
2995589
2995767
2995814
2996006
2996284
2996448
2996535
2996566
2996757
2996809
2996893
2996929
2997122
2997297
2997598
2997646
2997685
2997768
2997998
2998031
2998135
2998165
2998197
2998247
2998302
2998472
2998561
2998619
2998633
2998701
2998741
2998790
2998833
2998975
2999068
2999283
2999414
2999519
2999551
2999751
2999773
3000053
3000708
3000733
3000798
3000982
3001163
3001210
3001216
3001307
3001343
3001790
3001884
3001945
3002087
3002182
3002199
3002356
3002537
3002601
3002608
3002659
3002727
3002792
3002925
3003002
3003102
3003118
3003227
3003302
3003358
3003430
3003497
3003551
3003616
3003738
3003744
3003801
3003869
3003896
3004179
3004293
3004329
3004336
3004381
3004417
3004507
3004607
3004687
3004740
3004905
3004907
3005038
3005185
3005430
3005431
3005507
3005599
3005813
3005820
3005886
3005903
3005917
3005983
3006256
3006312
3006384
3006468
3006600
3006605
3006708
3006777
3006792
3006807
3006982
3006993
3007090
3007256
3007366
3007407
3007432
3007495
3007688
3007713
3007829
3007961
3008208
3008219
3008269
3008418
3008461
3008475
3008505
3008539
3008695
3008720
3008750
3008789
3008873
3008885
3009036
3009489
3009569
3009727
3009741
3009903
3010388
3010537
3010580
3011178
3011618
3011673
3011893
3012013
3012123
3012157
3012235
3012259
3012280
3012681
3012820
3012855
3012859
3012919
3012920
3012949
3013227
3013244
3013294
3013381
3013416
3013466
3013570
3013745
3013751
3013884
3013984
3014223
3014388
3014428
3014533
3014705
3014843
3015225
3015424
3015481
3015487
3015513
3015526
3015635
3015657
3015699
3015720
3015779
3015980
3016090
3016148
3016208
3016313
3016371
3016430
3016483
3016608
3016637
3016794
3016881
3017013
3017025
3017074
3017197
3017314
3017340
3017585
3017885
3017974
3018004
3018013
3018076
3018121
3018382
3018402
3018421
3018434
3018587
3018614
3018617
3018634
3018717
3018858
3018954
3019067
3019161
3019324
3019417
3019601
3019831
3020014
3020032
3020164
3020367
3020637
3020689
3020761
3020784
3020825
3020836
3020908
3020938
3020943
3020982
3021312
3021383
3021435
3021452
3021466
3021488
3021663
3021690
3021722
3021907
3021966
3022003
3022055
3022078
3022110
3022142
3022253
3022313
3022364
3022448
3022619
3022645
3022715
3022840
3023185
3023199
3023359
3023459
3023461
3023499
3023582
3023679
3023714
3023839
3023872
3024211
3024235
3024504
3024561
3024711
3024723
3024976
3025035
3025150
3025201
3025203
3025913
3026099
3026141
3026145
3026456
3026469
3026661
3026717
3026740
3026744
3026999
3027118
3027310
3027478
3027518
3027539
3027593
3027704
3027848
3028202
3028364
3028523
3028733
3028842
3028909
3028929
3028978
3029004
3029080
3029131
3029206
3029230
3029273
3029909
3030107
3030117
3030456
3030510
3030651
3030686
3030760
3030775
3030797
3030810
3030818
3030944
3030989
3031061
3031069
3031075
3031404
3031448
3031892
3031912
3031913
3032173
3032223
3032254
3032388
3032403
3032563
3032636
3032730
3032915
3033079
3033093
3033273
3033334
3033583
3033607
3033637
3033675
3033684
3033695
3033760
3033937
3033944
3034301
3034507
3034531
3034568
3034663
3034952
3035127
3035307
3035309
3035451
3035454
3035742
3035774
3035830
3036110
3036138
3036220
3036291
3036701
3036703
3037248
3037543
3037576
3037826
3037932
3037982
3038150
3038346
3038553
3038609
3038629
3038853
3038863
3039070
3039136
3039142
3039638
3039727
3039783
3039826
3039890
3039935
3039977
3040027
3040156
3040188
3040584
3040851
3040911
3040919
3040947
3041023
3041153
3041248
3041490
3041515
3041770
3041929
3041937
3042151
3042219
3042363
3042378
3042388
3042596
3042642
3042760
3043138
3043576
3043643
3043714
3043739
3044038
3044273
3044827
3044949
3045077
3045224
3045410
3045585
3045662
3045672
3046001
3046009
3046239
3046284
3046372
3046510
3046567
3046576
3046609
3046707
3046748
3046782
3046800
3046845
3046865
3046868
3046908
3047096
3047204
3047379
3047742
3047829
3047836
3047878
3048099
3048101
3048107
3048166
3048213
3048263
3048295
3048398
3048632
3048722
3048976
3049104
3049107
3049127
3049285
3049371
3049423
3049662
3049775
3049776
3049987
3050100
3050202
3050222
3050471
3050590
3050603
3050614
3050652
3050902
3051135
3051183
3051215
3051220
3051429
3051463
3051505
3051889
3051899
3052223
3052224
3052227
3052364
3052668
3052725
3052943
3052986
3053081
3053147
3053410
3053490
3053531
3053706
3053829
3053907
3053960
3053987
3054047
3054416
3054473
3054491
3054657
3054667
3054748
3054756
3054921
3055015
3055151
3055709
3055728
3055734
3055886
3055903
3055993
3056044
3056190
3056546
3056837
3056859
3056930
3056962
3057157
3057159
3057227
3057230
3057424
3057426
3057508
3057577
3057697
3057702
3058017
3058089
3058092
3058110
3058121
3058453
3058566
3058880
3058921
3059066
3059082
3059111
3059211
3059381
3059427
3059753
3060097
3060100
3060257
3060389
3060620
3061056
3061161
3061401
3061500
3061522
3061627
3061959
3062170
3062209
3062247
3062374
3062443
3062645
3062737
3062775
3062906
3062910
3063001
3063237
3063247
3063264
3063422
3063468
3063855
3063919
3064271
3064275
3064319
3064334
3064430
3064535
3064575
3064618
3064632
3064740
3064820
3064861
3064878
3064892
3065014
3065067
3065163
3065194
3065272
3065675
3065868
3065911
3066043
3066290
3066373
3066452
3066534
3066892
3066935
3066967
3067011
3067072
3067495
3067501
3067510
3067731
3067749
3067835
3067860
3068110
3068119
3068165
3068281
3068827
3068944
3069078
3069291
3069394
3069456
3069555
3069680
3069692
3069753
3069996
3070137
3070184
3070190
3070208
3070321
3070411
3070480
3070730
3070982
3070985
3071031
3071100
3071211
3071500
3071546
3071685
3071722
3071817
3071870
3071877
3071964
3072040
3072099
3072274
3072456
3072856
3072875
3073081
3073105
3073277
3073586
3073695
3073796
3073825
3073886
3074009
3074056
3074060
3074085
3074142
3074225
3074255
3074507
3074713
3074796
3074901
3074973
3075136
3075179
3075186
3075193
3075313
3075341
3075449
3075618
3075654
3075660
3075682
3076008
3076173
3076298
3076350
3076500
3076726
3076939
3076965
3077178
3077191
3077284
3077509
3077629
3077799
3077911
3077989
3078096
3078271
3078333
3078396
3078689
3078744
3078946
3079161
3079168
3079263
3079334
3079542
3080070
3080154
3080304
3080632
3080885
3081119
3081191
3081344
3081548
3081778
3081918
3081919
3082508
3082771
3082812
3082820
3082924
3083159
3083237
3083393
3083452
3083824
3083881
3083980
3084036
3084088
3084207
3084253
3084486
3084574
3084681
3084766
3084942
3084945
3084954
3084979
3084998
3085400
3085470
3085495
3085571
3085592
3085619
3085647
3085702
3085768
3085802
3085988
3086158
3086225
3086352
3086389
3086480
3086538
3086574
3086651
3086715
3086847
3087142
3087158
3087635
3087649
3087997
3087999
3088036
3088064
3088451
3088456
3088506
3088556
3088750
3088958
3089100
3089169
3089232
3089271
3089531
3089788
3089956
3089977
3090018
3090031
3090053
3090145
3090465
3090503
3090530
3090607
3090726
3090802
3090888
3090980
3091111
3091122
3091134
3091149
3091153
3091163
3091364
3091462
3091546
3091618
3091718
3091720
3091767
3091872
3091874
3092217
3092221
3092246
3092321
3092406
3092435
3092453
3092642
3092679
3092722
3092804
3092812
3092824
3092847
3092942
3092980
3093041
3093048
3093078
3093180
3093206
3093261
3093266
3093405
3093440
3093613
3093694
3093760
3093796
3093798
3093917
3094338
3094440
3094518
3094523
3094645
3094776
3094798
3095159
3095199
3095214
3095250
3095364
3095765
3095880
3095888
3095933
3095970
3096119
3096127
3096292
3096382
3096612
3096805
3097114
3097143
3097185
3097240
3097323
3097344
3097394
3097414
3097564
3097682
3097696
3097872
3097948
3098157
3098286
3098296
3098377
3098834
3098840
3098881
3098913
3098944
3098951
3098994
3099106
3099336
3099451
3099615
3099632
3099646
3099674
3099707
3099797
3099800
3099899
3099924
3100170
3100391
3100571
3100682
3100754
3100815
3100886
3101077
3101192
3101346
3101358
3101451
3101505
3101621
3101814
3101909
3102060
3102475
3103011
3103192
3103329
3103398
3103438
3103576
3103735
3103747
3103782
3103830
3103873
3104098
3104126
3104199
3104284
3104438
3104472
3104712
3104994
3105094
3105156
3105371
3105590
3105633
3105779
3105784
3106267
3106309
3106337
3106391
3106581
3106610
3106637
3106671
3106699
3106804
3106835
3106964
3107015
3107080
3107090
3107160
3107206
3107241
3107250
3107279
3107324
3107546
3107717
3107876
3107933
3108008
3108053
3108096
3108135
3108142
3108397
3108520
3108560
3108615
3108853
3108975
3109022
3109093
3109380
3109439
3109504
3109505
3109558
3109594
3109627
3109724
3109776
3109850
3110026
3110031
3110088
3110169
3110221
3110263
3110283
3110313
3110487
3110501
3110516
3110744
3110983
3111306
3111954
3111967
3112080
3112215
3112591
3112599
3112735
3112791
3112798
3112808
3113074
3113092
3113128
3113160
3113205
3113229
3113423
3113511
3113603
3113720
3113819
3113992
3114148
3114247
3114936
3115046
3115129
3115153
3115220
3115657
3115730
3115759
3115920
3115965
3116032
3116585
3116602
3116902
3116978
3116996
3117056
3117077
3117089
3117098
3117248
3117276
3117331
3117366
3117433
3117473
3117748
3117808
3117910
3117915
3117931
3118080
3118297
3118344
3118345
3118382
3118399
3118657
3118745
3118946
3119830
3119856
3119868
3119877
3120034
3120041
3120298
3120357
3120402
3120564
3120572
3120638
3120720
3120737
3120778
3121164
3121202
3121261
3121299
3121376
3121443
3121506
3121713
3121732
3121831
3121865
3121936
3122070
3122332
3122682
3122800
3122852
3123008
3123238
3123242
3123307
3123364
3123369
3123373
3123520
3123591
3123819
3123953
3124212
3124290
3124405
3124652
3124743
3125065
3125085
3125086
3125097
3125219
3125437
3125497
3125504
3125579
3125586
3125656
3125672
3125735
3125748
3126008
3126079
3126280
3126283
3126497
3126514
3126808
3126836
3126939
3127027
3127252
3127370
3127379
3127435
3127571
3127592
3127599
3127603
3127640
3127648
3127758
3127887
3127926
3127943
3127978
3128097
3128119
3128361
3128416
3128429
3128439
3128494
3128604
3129092
3129106
3129349
3129450
3129730
3129909
3129932
3130034
3130104
3130169
3130336
3130488
3130564
3130596
3130608
3130654
3130719
3130866
3130905
3130923
3130944
3130958
3131048
3131104
3131132
3131196
3131399
3131447
3131562
3131611
3131764
3131949
3131972
3132020
3132114
3132204
3132375
3132428
3132451
3132483
3132591
3133106
3133272
3133639
3133665
3133827
3133844
3133996
3134030
3134129
3134233
3134250
3134478
3134509
3134865
3135075
3135474
3135522
3135538
3135806
3135815
3136026
3136164
3136414
3136429
3136610
3136768
3136809
3136862
3136995
3137137
3137143
3137145
3137272
3137283
3137333
3137419
3137423
3137527
3137592
3137671
3137705
3137982
3138039
3138176
3138188
3138675
3138683
3138739
3138761
3139073
3139101
3139232
3139481
3139520
3139580
3140033
3140100
3140112
3140236
3140250
3140427
3140508
3140661
3140714
3140853
3140933
3140942
3141081
3141312
3141344
3141628
3141714
3141755
3141952
3142186
3142244
3142673
3142831
3142834
3142847
3142874
3142883
3143004
3143089
3143123
3143221
3143249
3143268
3143405
3143414
3143664
3143870
3143920
3143931
3144032
3144140
3144194
3144227
3144890
3144921
3144938
3145003
3145086
3145126
3145139
3145211
3145361
3145463
3145723
3145909
3145951
3146165
3146168
3146259
3146537
3146576
3146699
3146766
3146808
3146863
3146887
3146908
3146956
3147182
3147308
3147376
3147542
3147709
3147718
3147814
3148009
3148196
3148539
3148566
3148567
3149165
3149736
3149843
3149954
3150011
3150091
3150150
3150162
3150272
3150276
3150395
3150648
3150649
3150704
3150852
3150963
3150993
3151211
3151252
3151373
3151431
3151495
3151722
3151832
3151920
3151923
3151967
3152009
3152039
3152302
3152315
3152453
3152457
3152681
3152938
3152993
3153157
3153237
3153434
3153534
3153792
3153890
3153930
3154170
3154334
3154389
3154537
3154628
3154667
3154685
3155236
3155326
3155352
3155697
3155909
3155926
3156062
3156231
3156267
3156422
3156448
3156621
3156650
3156710
3156720
3156721
3156757
3156851
3156903
3157148
3157159
3157653
3157693
3157765
3157766
3157930
3158293
3158398
3158560
3158582
3158751
3158884
3159220
3159253
3159614
3159861
3159902
3159954
3159967
3160029
3160100
3160200
3160607
3161100
3161114
3161171
3161183
3161420
3161596
3161630
3161715
3161822
3161835
3161856
3161906
3162116
3162138
3162140
3162226
3162271
3162301
3162356
3162418
3162427
3162785
3162791
3162830
3162886
3162915
3162960
3163003
3163201
3163313
3163366
3163370
3163389
3163819
3163848
3163881
3163891
3164052
3164067
3164104
3164114
3164176
3164230
3164722
3165083
3165123
3165126
3165445
3165559
3165612
3165645
3165794
3165820
3166017
3166138
3166175
3166195
3166400
3166426
3166471
3166556
3166591
3166777
3166778
3166881
3166924
3167003
3167143
3167409
3167504
3167605
3167742
3167956
3168107
3168134
3168455
3168616
3168698
3168891
3169273
3169625
3169666
3169670
3169724
3169841
3169868
3169915
3169943
3169960
3169963
3170132
3170180
3170206
3170844
3170903
3170955
3171026
3171065
3171235
3171309
3171475
3171480
3171518
3172088
3172102
3172168
3172320
3172365
3172417
3172450
3172531
3172610
3172724
3172766
3172845
3172928
3173056
3173184
3173210
3173382
3173384
3173467
3173651
3173873
3173940
3173944
3174035
3174159
3174672
3174722
3174896
3174923
3175039
3175123
3175199
3175232
3175460
3175507
3175529
3175567
3175644
3175674
3175745
3175761
3175792
3175821
3175930
3175990
3176189
3176196
3176200
3176202
3176220
3176335
3176467
3176658
3176688
3176913
3176981
3177236
3177239
3177259
3177409
3177433
3177506
3177515
3177520
3177550
3177638
3177778
3177859
3178170
3178297
3178442
3178642
3178793
3178915
3179176
3179223
3179642
3179917
3179984
3180052
3180055
3180272
3180318
3180377
3180433
3180445
3180651
3181023
3181032
3181102
3181383
3181406
3181530
3181537
3181779
3182047
3182189
3182358
3182359
3182413
3182422
3182553
3182701
3182803
3182807
3182891
3183154
3183180
3183221
3183428
3183571
3183856
3184063
3184148
3184183
3184234
3184327
3184340
3184416
3184482
3184716
3184830
3185128
3185136
3185206
3185243
3185266
3185721
3185768
3185978
3186007
3186026
3186207
3186300
3186349
3186677
3187101
3187109
3187166
3187457
3187524
3187557
3187652
3187689
3187847
3187923
3188047
3188056
3188234
3188476
3188652
3188742
3188793
3189055
3189102
3189108
3189279
3189449
3189794
3189846
3189866
3189987
3190015
3190298
3190360
3190475
3190585
3190804
3191148
3191169
3191213
3191338
3191452
3191477
3191525
3191746
3191772
3191893
3192110
3192150
3192237
3192469
3192599
3192631
3192705
3192708
3192735
3192752
3192784
3193097
3193111
3193211
3193469
3193757
3193808
3193944
3194096
3194216
3194238
3194290
3194302
3194309
3194321
3194512
3194689
3194760
3195066
3195086
3195097
3195122
3195138
3195422
3195517
3195549
3195585
3195663
3195808
3196015
3196134
3196308
3196483
3196539
3196597
3196630
3196704
3196758
3196786
3196806
3196837
3196968
3197147
3197223
3197352
3197388
3197433
3197613
3197686
3197703
3197834
3198249
3198276
3198357
3198739
3198767
3198778
3198869
3198955
3198984
3199016
3199042
3199058
3199277
3199307
3199328
3199523
3199674
3199979
3200051
3200128
3200282
3200331
3200351
3200424
3200600
3200708
3200888
3200890
3200980
3201196
3201198
3201291
3201466
3201531
3201767
3202014
3202119
3202334
3202341
3202369
3202476
3202542
3202640
3202735
3202772
3202848
3202954
3203120
3203128
3203260
3203316
3203596
3203665
3203754
3203790
3203802
3203878
3204063
3204175
3204459
3204660
3205080
3205248
3205520
3205521
3205553
3205608
3205661
3205887
3205893
3205914
3206000
3206011
3206124
3206207
3206231
3206330
3206349
3206399
3206520
3206588
3206661
3206903
3206965
3207009
3207038
3207061
3207177
3207198
3207223
3207271
3207344
3207357
3207485
3207649
3207795
3207862
3207959
3208021
3208095
3208356
3208408
3208445
3208457
3208483
3208496
3208567
3208910
3209116
3209150
3209354
3209485
3209526
3209555
3209667
3209734
3209743
3209795
3209810
3209864
3209949
3210131
3210305
3210403
3210700
3210707
3210830
3211072
3211079
3211082
3211112
3211320
3211423
3211492
3211494
3211528
3211578
3211878
3211939
3212001
3212436
3212555
3212603
3212605
3212623
3212792
3212885
3212908
3212909
3213085
3213343
3213627
3213684
3213793
3213866
3214044
3214081
3214158
3214250
3214312
3214336
3214587
3214675
3214861
3215137
3215254
3215315
3215619
3215760
3215972
3216264
3216552
3216568
3216693
3216708
3216887
3216984
3217121
3217153
3217177
3217280
3217363
3217729
3217880
3217998
3218025
3218040
3218118
3218187
3218236
3218276
3218441
3218482
3218490
3218633
3218680
3218740
3218842
3219107
3219664
3219670
3220032
3220096
3220494
3220633
3220862
3220878
3220935
3221027
3221210
3221332
3221471
3221594
3221608
3221754
3221844
3221849
3221878
3222267
3222469
3222485
3222610
3222793
3222893
3222975
3223078
3223229
3223622
3223801
3223808
3223844
3223855
3223860
3223887
3223917
3223949
3223991
3224124
3224198
3224226
3224461
3224717
3224766
3224839
3224840
3224873
3225002
3225037
3225338
3225420
3225426
3225518
3225802
3225902
3226081
3226128
3226220
3226311
3226326
3226608
3226850
3226920
3226940
3226958
3226993
3227167
3227169
3227567
3227810
3227881
3228020
3228245
3228465
3228494
3228559
3228578
3229116
3229119
3229192
3229200
3229329
3229623
3229772
3229836
3229929
3230169
3230402
3230466
3230631
3230689
3230701
3230736
3231062
3231153
3231248
3231272
3231273
3231818
3231958
3232002
3232060
3232193
3232203
3232330
3232336
3232340
3232544
3232612
3232823
3232832
3232864
3233080
3233141
3233231
3233257
3233365
3233513
3233555
3233661
3233721
3233857
3233872
3233873
3233933
3234018
3234030
3234133
3234191
3234300
3234303
3234336
3234479
3234511
3234544
3234705
3234855
3235207
3235269
3235290
3235312
3235374
3235469
3235539
3235675
3235737
3235886
3235997
3236098
3236107
3236124
3236185
3236254
3236607
3237033
3237048
3237269
3237660
3237683
3237714
3237771
3237915
3238726
3238752
3238807
3238937
3239038
3239080
3239132
3239223
3239417
3239434
3239492
3239496
3239640
3239801
3240063
3240092
3240098
3240243
3240273
3240276
3240420
3240629
3240689
3240837
3241359
3241470
3241784
3241926
3241938
3242125
3242266
3242475
3242496
3242700
3242945
3242970
3243616
3243698
3243702
3243927
3243994
3244106
3244224
3244281
3244395
3244477
3244494
3244628
3244649
3244739
3245067
3245188
3245319
3245368
3245457
3245647
3245654
3245684
3245738
3245766
3245767
3245789
3246177
3246348
3246632
3246650
3247040
3247134
3247192
3247265
3247527
3247534
3247731
3247741
3247813
3247840
3247849
3247987
3248083
3248084
3248355
3248412
3248516
3249067
3249104
3249151
3249499
3249518
3249547
3249715
3249775
3249845
3249869
3249892
3250328
3250479
3250621
3250674
3250684
3250730
3251042
3251055
3251159
3251194
3251205
3251296
3251395
3251446
3251469
3251587
3251840
3251912
3252258
3252273
3252300
3252348
3252515
3252604
3252728
3252789
3252810
3253041
3253070
3253080
3253160
3253410
3253450
3253502
3253632
3253905
3254084
3254247
3254249
3254267
3254336
3254387
3254470
3254559
3254778
3255100
3255175
3255259
3255348
3255357
3255519
3255523
3255524
3255632
3255761
3255841
3255884
3256175
3256231
3256297
3256419
3256591
3256744
3256754
3256763
3256766
3256800
3256938
3257056
3257105
3257273
3257522
3257565
3257841
3257888
3258020
3258105
3258402
3258459
3258519
3258558
3258568
3258576
3258577
3258599
3258665
3258730
3258739
3258796
3258875
3259000
3259126
3259209
3259541
3259655
3259920
3259930
3260097
3260246
3260306
3260416
3260517
3260602
3260631
3260741
3261099
3261324
3261383
3261416
3261749
3261842
3261867
3261884
3261915
3262126
3262220
3262251
3262406
3262491
3262582
3262588
3262590
3262610
3262640
3262677
3262689
3262888
3262948
3262995
3263145
3263204
3263276
3263323
3263355
3263494
3263559
3263634
3263657
3263664
3263831
3264064
3264378
3264391
3264467
3264553
3264608
3264802
3264821
3265245
3265402
3265727
3265828
3265863
3266387
3266513
3266742
3266925
3266943
3267015
3267229
3267264
3267279
3267403
3267426
3267494
3267516
3267577
3267747
3267975
3267987
3268316
3268364
3268437
3268463
3268465
3268474
3268559
3268567
3268683
3268705
3268753
3268840
3268985
3269047
3269059
3269103
3269148
3269198
3269219
3269352
3269513
3269576
3269642
3269816
3269870
3269974
3270173
3270449
3270517
3270534
3270665
3270783
3270805
3271071
3271222
3271292
3271585
3271596
3271986
3272152
3272383
3272534
3272578
3272639
3272760
3272845
3273245
3273420
3273477
3273534
3273564
3273590
3274161
3274212
3274251
3274315
3274570
3274627
3274983
3275032
3275265
3275294
3275600
3275619
3275763
3275785
3275799
3275860
3275897
3275908
3275936
3275947
3276017
3276032
3276145
3276196
3276256
3276690
3276701
3276901
3277210
3277225
3277528
3277530
3277570
3277587
3277755
3277789
3277820
3277842
3277869
3277946
3278249
3278254
3278257
3278480
3278515
3278654
3279076
3279261
3279305
3279349
3279426
3279446
3279812
3279850
3280034
3280116
3280273
3280275
3280490
3280507
3280540
3280989
3281069
3281465
3281566
3281748
3281810
3281849
3281870
3281888
3282091
3282194
3282249
3282530
3282813
3282899
3283114
3283132
3283284
3283343
3283513
3283556
3283677
3283708
3284045
3284091
3284252
3284267
3284328
3284336
3284471
3284482
3284553
3284710
3284995
3285035
3285290
3285315
3285490
3285526
3285658
3285810
3286101
3286130
3286286
3286462
3286528
3286613
3286736
3286833
3286883
3286898
3286955
3287333
3287619
3287735
3287765
3288438
3288464
3288486
3288552
3288601
3288739
3288785
3288863
3289010
3289018
3289066
3289208
3289252
3289366
3289511
3289522
3289603
3289620
3289808
3289902
3289906
3289961
3289984
3290207
3290485
3290513
3290576
3290578
3290990
3290992
3291327
3291576
3291692
3291937
3292009
3292069
3292125
3292558
3292599
3292761
3292844
3292894
3292957
3292971
3293026
3293042
3293069
3293097
3293144
3293261
3293651
3293722
3294015
3294042
3294086
3294197
3294343
3294365
3294473
3294525
3294547
3294548
3294640
3294852
3294909
3295048
3295331
3295654
3295666
3295904
3296002
3296064
3296081
3296090
3296176
3296302
3296345
3296468
3296664
3296684
3296996
3297130
3297137
3297152
3297284
3297378
3297382
3297418
3297451
3297549
3297566
3297706
3297875
3297985
3298022
3298079
3298135
3298520
3298574
3299536
3299542
3299703
3300063
3300077
3300209
3300244
3300369
3300811
3300839
3300886
3300970
3300976
3301124
3301255
3301267
3301437
3301672
3301680
3301730
3301897
3302127
3302225
3302227
3302331
3302368
3302694
3302772
3302785
3302876
3302892
3303192
3303194
3303419
3303426
3303468
3303564
3303750
3303791
3303888
3303985
3304141
3304253
3304330
3304335
3304510
3304664
3305135
3305365
3305403
3305458
3305670
3306063
3306070
3306259
3306262
3306462
3306534
3306798
3307039
3307241
3307290
3307301
3307349
3307496
3307603
3307689
3307698
3307712
3307845
3307876
3308083
3308110
3308404
3308442
3308625
3308658
3308874
3308896
3308990
3309420
3309490
3309780
3309781
3309794
3309867
3309869
3310395
3310445
3310472
3310500
3310549
3310765
3310771
3311121
3311283
3311415
3311669
3311812
3312215
3312279
3312424
3312448
3312553
3312577
3312604
3312652
3312789
3312891
3312900
3313088
3313127
3313150
3313199
3313290
3313333
3313340
3313511
3313539
3313708
3313912
3314082
3314364
3314509
3314636
3314932
3315073
3315212
3315389
3315673
3315745
3315786
3315795
3315798
3316096
3316210
3316490
3316563
3316596
3316608
3316612
3316693
3316720
3316753
3316768
3316870
3316944
3317104
3317463
3317642
3317715
3317824
3317834
3317863
3318023
3318039
3318236
3318351
3318377
3318445
3318709
3318770
3318908
3318923
3318951
3318959
3319024
3319070
3319088
3319391
3319434
3319507
3319555
3319563
3319668
3319804
3320138
3320822
3321100
3321115
3321531
3321585
3321706
3321901
3321944
3321984
3322016
3322156
3322448
3322507
3323021
3323194
3323214
3323357
3323484
3323490
3323496
3323582
3323589
3323661
3323696
3323812
3323857
3323873
3323965
3323974
3323984
3324012
3324017
3324155
3324579
3324627
3324919
3324951
3325083
3326080
3326311
3326375
3326506
3326734
3326964
3327002
3327039
3327170
3327579
3327765
3327787
3327946
3327951
3327971
3327988
3328006
3328014
3328045
3328077
3328173
3328194
3328316
3328348
3328400
3328494
3328655
3328662
3328677
3328731
3328865
3329164
3329190
3329211
3329246
3329416
3329613
3329618
3329632
3329709
3329780
3329854
3329867
3330052
3330451
3330810
3330883
3330903
3331152
3331167
3331210
3331217
3331506
3331914
3332182
3332186
3332478
3332502
3332597
3332789
3332815
3332823
3332829
3332912
3332927
3333145
3333356
3333367
3333377
3333398
3333549
3333711
3333860
3334031
3334113
3334123
3334273
3334386
3334422
3334515
3334637
3334687
3334747
3334846
3335075
3335113
3335264
3335309
3335368
3335422
3335855
3336111
3336166
3336175
3336342
3336456
3336473
3336599
3336680
3336752
3336829
3336836
3336975
3337036
3337046
3337438
3337610
3337711
3338065
3338128
3338165
3338346
3338352
3338365
3338436
3338487
3338685
3338688
3338769
3338915
3339098
3339211
3339457
3339489
3339535
3339831
3339889
3339918
3339997
3340039
3340124
3340131
3340175
3340186
3340306
3340355
3340482
3340599
3340603
3340614
3340812
3341089
3341146
3341185
3341299
3341322
3341419
3341490
3341869
3341915
3341941
3341991
3342057
3342065
3342080
3342148
3342316
3342352
3342577
3342731
3342857
3342862
3343059
3343092
3343101
3343253
3343856
3343870
3343925
3344014
3344119
3344317
3344435
3344461
3344504
3344636
3344654
3344949
3344972
3345085
3345099
3345139
3345386
3345405
3345453
3345776
3346023
3346039
3346172
3346306
3346620
3346688
3346814
3347152
3347333
3347483
3347511
3347652
3347720
3347825
3347896
3348031
3348033
3348055
3348155
3348338
3348908
3348946
3348972
3349002
3349020
3349033
3349079
3349313
3349324
3349352
3349503
3349565
3349609
3349694
3350282
3350448
3350556
3350627
3350867
3350881
3350938
3351372
3351411
3351430
3351521
3351557
3351591
3351608
3352101
3352293
3352302
3352341
3352488
3352649
3352736
3352747
3352949
3353023
3353076
3353098
3353128
3353231
3353244
3353256
3353538
3353548
3353954
3354004
3354027
3354201
3354240
3354368
3354399
3354618
3354639
3354853
3355225
3355290
3355322
3355507
3355653
3356106
3356132
3356212
3356352
3356423
3356788
3356892
3356918
3357122
3357183
3357300
3357319
3357683
3357964
3358042
3358277
3358353
3358354
3358650
3358670
3358743
3358764
3358768
3358778
3358817
3358868
3358877
3358883
3359167
3359278
3359356
3359539
3359588
3359907
3360094
3360229
3360371
3360610
3360770
3360791
3361013
3361438
3361468
3361486
3361589
3361644
3361703
3362011
3362074
3362373
3362479
3362946
3363004
3363029
3363158
3363424
3363608
3363612
3363616
3363620
3364684
3364947
3365116
3365284
3365327
3365469
3365547
3365676
3365698
3365822
3366042
3366148
3366249
3366807
3366821
3366895
3367033
3367165
3367265
3367335
3367392
3367538
3367588
3367598
3367605
3367630
3367700
3367759
3367840
3367862
3367943
3368239
3368274
3368323
3368477
3368671
3368741
3368746
3368843
3368855
3368967
3369055
3369103
3369184
3369524
3369603
3369661
3369666
3369667
3369735
3369737
3369742
3369747
3369837
3369898
3370047
3370111
3370159
3370166
3370167
3370376
3370394
3370428
3370442
3370474
3370522
3370693
3370880
3370933
3370939
3371129
3371171
3371328
3371540
3371589
3371791
3371806
3372135
3372170
3372304
3372565
3372650
3372913
3373037
3373065
3373096
3373162
3373190
3373573
3373593
3373660
3373962
3374070
3374078
3374112
3374127
3374522
3374711
3374760
3374879
3374988
3375290
3375297
3375315
3375368
3375546
3375566
3375903
3375928
3376006
3376056
3376188
3376250
3376470
3376610
3376818
3376902
3376968
3377092
3377280
3377509
3377516
3377585
3377659
3377849
3377905
3378161
3378209
3378377
3378793
3378814
3378821
3378859
3378953
3379044
3379160
3379369
3379590
3379928
3380197
3380214
3380316
3380328
3380454
3380473
3380568
3380571
3380700
3380707
3380711
3380769
3380991
3381014
3381142
3381215
3381240
3381249
3381283
3381484
3381620
3381679
3381869
3381911
3381942
3382157
3382504
3382558
3382645
3382687
3382929
3382931
3382992
3383009
3383077
3383174
3383263
3383361
3383551
3383648
3383727
3383729
3383796
3383943
3383972
3384003
3384175
3384425
3384520
3384567
3384708
3384731
3384742
3384889
3384987
3385296
3385679
3385760
3386006
3386317
3386366
3386512
3386536
3386701
3386803
3386820
3387057
3387073
3387119
3387196
3387327
3387433
3387505
3388033
3388074
3388170
3388344
3388572
3388582
3388627
3388788
3388861
3388949
3389035
3389050
3389232
3389411
3389430
3389467
3389537
3389595
3389608
3389621
3389636
3389664
3389739
3389781
3389874
3389882
3389900
3390030
3390181
3390247
3390262
3390398
3390592
3390608
3390700
3390773
3390798
3390922
3391335
3391596
3391636
3391687
3391755
3391789
3391813
3391825
3391885
3391977
3391982
3392236
3392263
3392307
3392436
3392459
3392675
3392714
3392771
3392773
3392823
3392999
3393010
3393036
3393059
3393103
3393134
3393157
3393222
3393340
3393354
3393377
3393415
3393470
3393551
3393567
3393676
3393716
3393719
3394153
3394378
3394459
3394556
3394712
3394954
3395087
3395283
3395425
3395475
3395658
3395863
3395970
3396135
3396251
3396876
3396926
3396986
3397115
3397518
3397527
3397934
3397963
3398126
3398133
3398366
3398404
3398417
3398694
3398719
3398753
3398824
3398963
3399120
3399457
3399601
3399789
3399989
3400569
3400806
3400809
3400949
3401004
3401062
3401095
3401111
3401180
3401442
3401538
3401745
3401843
3401913
3401962
3401968
3401986
3402114
3402276
3402459
3402483
3402486
3402629
3402667
3402809
3402818
3403098
3403326
3403543
3403587
3403710
3404052
3404185
3404191
3404584
3404603
3404688
3404969
3405142
3405408
3405595
3405619
3405691
3405882
3405932
3406158
3406326
3406344
3406906
3406973
3407023
3407080
3407085
3407106
3407110
3407177
3407383
3407642
3407790
3408057
3408246
3408249
3408299
3408583
3408608
3408640
3408675
3408830
3408948
3408983
3409077
3409102
3409105
3409145
3409401
3409433
3409701
3409727
3409735
3409787
3410012
3410177
3410275
3410367
3410419
3410474
3410480
3410679
3410698
3410835
3410926
3411102
3411257
3411492
3411756
3411766
3411790
3411890
3411965
3412036
3412326
3412382
3412578
3412606
3412648
3412976
3413132
3413365
3413610
3413619
3413815
3413881
3414246
3414692
3414748
3414755
3414843
3415036
3415124
3415160
3415164
3415240
3415250
3415349
3415445
3415504
3415585
3415586
3415713
3415742
3415761
3415856
3415959
3416086
3416119
3416129
3416143
3416207
3416498
3416653
3417521
3417600
3417606
3417766
3417935
3417979
3418241
3418319
3418350
3418498
3418719
3418856
3419231
3419280
3419338
3419528
3420021
3420528
3420532
3421051
3421078
3421272
3421424
3421472
3421677
3421761
3421804
3422219
3422315
3422319
3422408
3422514
3422651
3422937
3423025
3423032
3423046
3423047
3423052
3423081
3423125
3423148
3423290
3423332
3423383
3423385
3423474
3423512
3423513
3423526
3423822
3423862
3424066
3424105
3424422
3424474
3424597
3424701
3424815
3424917
3424945
3425018
3425095
3425122
3425329
3425339
3425448
3425616
3425738
3425750
3425879
3425889
3425896
3425953
3425961
3426023
3426137
3426216
3426266
3426353
3426357
3426478
3426484
3426549
3427082
3427107
3427125
3427201
3427381
3427435
3427485
3427543
3427571
3427578
3427582
3428028
3428157
3428283
3428321
3428349
3428505
3428589
3428691
3428859
3428874
3428967
3429000
3429025
3429103
3429357
3429461
3429721
3429745
3429809
3429814
3430019
3430065
3430132
3430422
3430659
3430904
3430951
3431024
3431040
3431342
3431432
3431683
3431738
3431803
3432036
3432044
3432092
3432187
3432347
3432392
3432436
3432716
3432779
3432916
3432949
3432991
3433076
3433146
3433187
3433218
3433467
3433480
3433537
3433555
3433559
3433561
3433610
3433734
3433888
3434002
3434006
3434146
3434192
3434321
3434351
3434393
3434496
3434499
3434617
3434625
3434649
3434753
3434820
3435133
3435137
3435213
3435363
3435481
3435528
3435948
3436024
3436034
3436091
3436147
3436158
3436212
3436225
3436330
3436613
3436617
3436829
3436856
3436886
3436892
3436905
3436977
3437161
3437402
3437478
3437516
3437616
3437645
3437831
3438029
3438193
3438194
3438197
3438261
3438358
3438546
3438622
3438763
3438877
3438923
3439065
3439102
3439172
3439226
3439260
3439300
3439879
3439899
3440087
3440185
3440296
3440604
3440640
3440741
3440958
3441047
3441055
3441147
3441164
3441361
3441459
3441600
3441707
3441975
3442015
3442058
3442090
3442101
3442128
3442158
3442244
3442716
3442781
3442905
3442957
3443147
3443177
3443181
3443186
3443268
3443325
3443446
3443756
3444020
3444138
3444242
3444268
3444269
3444539
3444595
3444708
3444741
3444770
3444968
3444987
3445216
3445323
3445834
3445939
3445998
3446290
3446427
3447187
3447213
3447220
3447462
3447464
3447816
3447832
3447894
3448105
3448451
3448509
3448619
3448655
3448725
3449070
3449172
3449214
3449261
3449478
3449546
3449689
3449721
3449792
3450143
3450159
3450488
3450586
3450835
3450878
3450885
3450979
3451188
3451246
3451800
3451831
3451865
3451896
3451963
3452012
3452728
3452738
3452818
3453078
3453444
3453501
3453690
3454140
3454166
3454317
3454362
3454574
3454639
3454683
3454865
3454887
3455236
3455339
3455462
3455490
3455491
3455654
3455703
3455716
3455849
3456032
3456315
3456630
3456705
3456845
3456937
3457097
3457304
3457415
3457519
3457648
3457776
3457797
3457892
3458361
3458398
3458828
3458937
3459007
3459031
3459185
3459298
3459345
3459379
3459381
3459485
3459639
3459905
3459949
3460081
3460154
3460442
3460562
3460611
3460629
3460633
3460734
3460870
3461365
3461472
3461582
3461882
3462038
3462110
3462183
3462212
3462243
3462273
3462430
3462591
3462783
3462788
3462842
3462995
3463243
3463450
3463500
3463667
3463740
3463825
3463886
3464282
3464405
3464599
3464677
3464700
3464815
3464859
3465122
3465220
3465362
3465411
3465474
3465503
3465520
3465913
3465939
3465945
3466030
3466680
3466773
3466833
3466937
3467093
3467153
3467297
3467450
3467589
3467737
3467850
3467990
3468179
3468200
3468536
3468540
3468935
3469069
3469095
3469167
3469195
3469580
3469840
3469912
3469992
3469993
3470212
3470526
3470633
3470710
3470864
3470900
3471141
3471197
3471269
3471413
3471420
3471561
3471574
3471707
3471806
3471945
3472057
3472087
3472107
3472435
3472487
3472647
3472651
3472729
3472952
3472991
3473190
3473593
3473650
3473997
3474051
3474234
3474243
3474530
3474654
3474656
3474721
3474766
3475063
3475109
3475284
3475401
3475592
3475644
3475918
3475928
3476041
3476059
3476220
3476322
3476360
3476407
3476700
3476756
3476809
3476888
3477088
3477144
3477186
3477348
3477366
3477372
3477459
3477678
3477691
3477705
3477931
3477977
3478181
3478191
3478390
3478392
3478639
3478662
3478912
3478988
3479114
3479287
3479357
3479510
3479667
3479805
3480013
3480465
3480654
3480732
3480782
3481120
3481291
3481850
3482003
3482445
3482703
3482731
3482881
3483129
3483635
3483643
3483681
3483691
3483753
3483837
3483841
3483877
3483884
3484396
3484409
3484740
3484776
3484817
3484831
3484837
3485106
3485185
3485204
3485626
3485801
3485859
3485901
3486034
3486069
3486305
3486588
3486697
3486757
3486775
3486797
3486830
3486846
3486848
3486944
3487109
3487306
3487430
3487512
3487541
3487688
3487895
3487917
3488048
3488089
3488298
3488477
3488579
3488911
3488959
3489230
3489514
3489561
3489713
3489726
3490088
3490201
3490297
3490447
3490533
3490635
3490963
3490982
3490997
3491194
3491394
3491437
3491588
3491922
3491947
3492077
3492080
3492287
3492333
3492335
3492492
3492647
3492684
3492717
3492818
3492876
3493123
3493194
3493200
3493341
3493358
3493372
3493521
3493662
3493694
3493731
3493741
3493833
3493850
3493853
3493891
3493956
3494003
3494110
3494398
3494534
3494914
3494932
3495112
3495187
3495213
3495584
3495639
3495703
3495814
3495885
3495958
3496015
3496170
3496253
3496282
3496389
3496497
3496685
3496730
3496991
3497192
3497273
3497283
3497351
3497531
3497786
3498157
3498250
3498289
3498552
3498584
3498669
3498831
3498940
3499202
3499355
3499388
3499470
3499671
3499800
3499839
3499906
3499922
3499991
3500179
3500183
3500425
3500446
3500779
3501077
3501078
3501402
3501740
3501789
3501799
3501834
3502350
3502417
3502736
3502746
3502801
3502861
3502939
3503137
3503143
3503323
3503383
3503385
3503440
3503465
3503700
3503862
3503958
3503969
3504079
3504297
3504319
3504370
3504459
3504734
3504899
3504969
3505061
3505110
3505115
3505186
3505350
3505384
3505499
3505676
3505927
3506034
3506051
3506103
3506174
3506179
3506289
3506416
3506448
3506513
3506929
3507089
3507267
3507424
3507552
3507572
3508088
3508247
3508299
3508560
3508772
3509115
3509214
3509329
3509422
3509471
3509629
3509688
3510151
3510302
3510324
3510484
3510514
3510559
3510857
3511307
3511516
3511569
3511815
3512155
3512224
3512256
3512316
3512327
3512522
3512665
3512677
3512750
3512779
3512850
3513192
3513732
3513743
3513780
3513830
3513860
3513931
3514091
3514148
3514315
3514336
3514373
3514382
3514402
3514414
3514559
3514800
3514842
3515000
3515097
3515163
3515212
3515269
3515525
3515534
3516148
3516305
3516353
3516500
3516623
3516628
3516698
3516814
3516831
3517209
3517283
3517307
3517414
3517592
3517733
3517802
3518140
3518225
3518363
3518516
3518581
3518593
3518689
3518793
3518995
3519096
3519140
3519165
3519216
3519273
3519589
3519738
3519945
3520091
3520253
3520289
3520363
3520478
3520832
3520843
3521402
3521413
3521506
3521509
3521572
3521626
3521843
3522107
3522204
3522331
3522338
3522343
3522352
3522367
3522381
3522536
3522540
3522713
3522720
3522761
3522792
3522895
3523016
3523198
3523340
3523341
3523478
3523913
3523931
3523949
3524054
3524072
3524082
3524252
3524435
3524525
3524535
3524652
3524724
3524953
3524992
3525170
3525365
3525488
3525557
3525605
3525671
3525737
3525795
3526095
3526159
3526174
3526216
3526247
3526266
3526488
3526494
3526510
3526705
3526827
3526837
3526945
3526963
3527041
3527067
3527310
3527542
3527597
3527931
3527944
3527983
3528066
3528207
3528317
3528333
3528409
3528411
3528531
3528701
3528828
3528858
3528873
3528911
3529257
3529282
3529488
3529608
3529649
3529716
3529765
3529774
3529896
3529934
3529966
3530224
3530232
3530279
3530436
3530526
3530563
3530602
3530728
3530758
3530786
3530787
3530808
3530869
3531407
3531626
3531704
3531912
3531969
3532203
3532249
3532270
3532291
3532559
3532906
3533249
3533291
3533344
3533498
3533996
3534302
3534480
3534654
3534777
3534906
3535061
3535080
3535106
3535126
3535147
3535208
3535395
3535540
3535677
3535881
3535902
3536172
3536494
3536520
3536664
3536862
3537016
3537085
3537173
3537655
3537695
3537847
3537931
3537957
3538131
3538264
3538583
3538735
3538785
3539015
3539050
3539824
3539937
3539948
3540428
3540504
3540512
3540630
3540673
3540887
3540997
3541131
3541168
3541290
3541595
3541775
3542113
3542290
3542327
3542352
3542454
3542502
3542608
3542748
3542958
3543000
3543047
3543090
3543267
3543389
3543717
3543775
3543786
3543824
3543849
3543937
3544121
3544728
3544882
3544896
3544917
3545033
3545126
3545242
3545434
3545496
3545683
3545692
3545931
3545967
3545991
3546087
3546156
3546175
3546362
3546402
3546584
3546652
3546854
3546908
3547067
3547071
3547150
3547161
3547238
3547367
3547489
3547492
3547526
3547566
3547725
3547803
3547835
3547887
3548078
3548135
3548161
3548173
3548206
3548680
3549041
3549048
3549328
3549493
3549505
3549594
3549756
3549958
3550210
3550246
3550288
3550376
3550378
3550476
3550499
3550587
3550746
3551225
3551308
3551336
3551385
3551402
3551612
3551800
3551848
3551881
3552280
3552440
3552506
3552576
3552768
3552805
3552932
3552949
3553219
3553241
3553365
3553558
3553615
3553652
3553693
3553725
3553737
3553749
3553776
3554027
3554211
3554245
3554365
3554540
3554562
3554773
3555176
3555409
3555490
3555496
3555587
3555627
3555629
3555695
3555955
3556080
3556193
3556257
3556689
3556749
3556770
3557022
3557219
3557252
3557625
3557674
3557797
3557801
3557826
3558008
3558020
3558355
3558500
3558504
3558680
3558713
3558725
3558836
3558939
3558970
3559063
3559097
3559132
3559332
3559422
3559454
3559519
3559572
3559704
3559914
3560041
3560087
3560164
3560182
3560378
3560511
3560640
3560661
3560667
3560922
3560942
3561164
3561280
3561312
3561653
3561710
3561728
3561990
3562015
3562060
3562232
3562326
3562441
3562600
3562606
3562634
3562754
3562770
3562938
3563159
3563176
3563354
3563425
3563483
3563543
3563549
3563628
3563731
3563787
3563883
3564064
3564072
3564262
3564271
3564277
3564468
3564477
3564486
3564507
3564617
3564691
3564995
3565190
3565296
3565390
3565419
3565475
3565677
3565787
3565834
3566094
3566233
3566243
3566404
3566435
3566485
3566526
3566589
3566691
3566828
3566869
3567024
3567031
3567159
3567197
3567230
3567362
3567399
3567740
3567789
3567976
3568019
3568163
3568463
3568474
3568750
3568977
3569186
3569235
3569343
3569470
3569484
3569550
3569686
3569709
3569903
3569947
3570070
3570132
3570185
3570242
3570327
3570435
3570640
3570892
3571048
3571171
3571174
3571234
3571241
3571282
3571445
3571466
3571486
3571604
3571731
3571768
3572074
3572163
3572280
3572287
3572290
3572380
3572387
3572542
3572604
3572802
3572879
3572931
3572981
3573007
3573231
3573425
3573615
3573736
3573768
3573779
3573855
3573951
3574388
3574453
3574458
3574692
3574775
3574779
3575180
3575372
3575778
3575796
3575933
3576026
3576049
3576079
3576115
3576330
3576423
3576884
3576954
3577001
3577014
3577019
3577084
3577191
3577255
3577306
3577364
3577596
3577739
3577813
3577824
3577954
3578097
3578179
3578270
3578424
3578514
3578528
3578539
3578572
3578629
3578757
3578907
3578973
3579099
3579177
3579386
3579394
3579445
3579620
3579955
3580018
3580068
3580170
3580559
3580670
3581085
3581122
3581157
3581164
3581243
3581256
3581261
3581302
3581518
3581534
3581653
3581848
3581917
3582039
3582169
3582200
3582206
3582433
3582656
3582884
3582894
3583115
3583123
3583458
3583701
3583841
3583852
3583985
3584043
3584072
3584110
3584293
3584480
3584492
3584603
3584634
3584650
3584668
3584697
3584732
3584999
3585058
3585444
3585484
3585706
3585833
3586219
3586398
3586505
3586766
3586988
3587047
3587504
3587541
3587612
3587852
3587880
3588015
3588128
3588130
3588242
3588334
3588357
3588448
3588564
3588720
3589093
3589108
3589158
3589189
3589210
3589253
3589345
3589521
3589554
3589677
3589767
3589816
3589863
3589929
3590099
3590364
3590458
3590558
3590587
3590785
3590886
3590901
3590962
3591019
3591120
3591269
3591297
3591640
3591664
3591665
3591681
3591734
3591911
3591913
3592015
3592230
3592386
3592412
3592461
3592535
3592657
3592766
3592934
3593068
3593077
3593092
3593131
3593176
3593200
3593313
3593461
3593568
3593604
3593632
3593700
3593790
3593887
3593971
3594127
3594193
3594284
3594293
3594474
3594899
3594952
3594989
3595061
3595095
3595199
3595309
3595543
3595884
3595942
3596058
3596117
3596167
3596564
3596627
3596668
3596730
3596794
3596903
3596904
3597003
3597046
3597058
3597308
3597493
3597518
3597571
3597576
3597684
3597722
3597777
3597846
3598104
3598110
3598192
3598303
3598351
3598427
3598500
3598700
3598733
3598872
3598988
3599077
3599435
3599542
3599591
3599607
3599677
3599713
3599721
3599865
3599874
3599912
3600192
3600199
3600235
3600445
3600517
3600604
3600748
3600760
3601288
3601403
3601507
3601646
3601663
3601699
3601745
3601780
3601938
3601966
3602086
3602094
3602525
3602560
3602669
3603077
3603119
3603188
3603442
3603482
3603545
3603588
3603639
3604053
3604133
3604164
3604215
3604316
3604423
3604659
3604865
3605016
3605111
3605252
3605573
3605576
3605715
3605727
3605765
3605767
3605981
3605992
3606160
3606249
3606702
3606824
3606863
3606899
3606930
3607127
3607314
3607401
3607425
3607624
3607657
3607659
3607821
3608108
3608228
3608307
3608779
3608796
3608904
3609224
3609535
3609558
3609698
3609781
3609888
3609912
3610009
3610069
3610099
3610619
3610835
3610952
3611050
3611064
3611112
3611130
3611139
3611247
3611510
3611646
3611792
3612100
3612118
3612153
3612183
3612186
3612233
3612516
3612517
3612863
3613018
3613019
3613143
3613313
3613522
3613871
3613906
3613918
3613945
3614066
3614083
3614345
3614610
3614660
3614727
3615155
3615178
3615234
3615433
3615472
3615493
3615823
3615974
3616175
3616186
3616319
3616462
3616959
3616976
3617041
3617100
3617175
3617219
3617540
3617664
3617946
3617987
3618018
3618381
3618486
3618544
3618554
3618784
3618916
3618999
3619081
3619116
3619403
3619494
3619631
3619697
3619783
3619872
3619991
3620274
3620287
3620361
3620700
3620918
3620942
3620943
3621004
3621014
3621317
3621796
3621889
3621898
3621959
3622188
3622284
3622303
3622340
3623004
3623070
3623141
3623195
3623373
3623385
3623424
3623464
3623872
3623912
3623965
3624156
3624203
3624347
3624796
3625268
3625374
3625433
3625581
3625647
3625761
3625881
3625926
3626120
3626127
3626324
3626411
3626618
3626626
3626735
3626881
3627011
3627090
3627123
3627165
3627289
3627533
3627618
3627765
3627815
3627857
3627859
3627877
3627999
3628104
3628301
3628411
3628498
3628517
3628659
3628722
3628864
3629174
3629195
3629356
3629387
3629620
3629621
3629624
3629778
3629816
3629999
3630025
3630084
3630093
3630332
3630417
3630455
3630619
3630774
3630868
3631059
3631100
3631122
3631600
3631684
3631844
3631892
3632277
3632377
3632553
3632561
3632631
3632714
3632754
3632880
3632937
3632985
3633284
3633293
3633506
3633514
3633672
3633896
3634041
3634110
3634228
3634243
3634700
3634717
3634820
3634852
3635030
3635036
3635267
3635270
3635287
3635618
3635660
3635724
3635775
3635899
3636004
3636007
3636339
3636449
3636464
3636547
3636602
3636641
3636979
3637282
3637299
3637325
3637360
3637383
3637519
3637607
3637626
3637737
3637770
3637926
3638035
3638061
3638083
3638104
3638404
3638522
3638548
3638570
3638605
3638753
3638815
3638839
3638865
3638901
3638936
3638992
3639128
3639236
3639252
3639345
3639388
3639413
3639431
3639713
3639842
3639938
3640010
3640012
3640538
3640730
3640759
3640858
3641080
3641157
3641507
3641962
3642041
3642613
3642872
3643094
3643164
3643234
3643425
3643477
3643495
3643817
3643871
3643904
3643997
3644080
3644090
3644100
3644182
3644320
3644384
3644487
3644645
3644876
3645043
3645076
3645106
3645376
3645421
3645459
3645582
3645588
3645893
3645918
3645943
3645975
3646034
3646093
3646183
3646532
3646732
3646998
3647365
3647506
3647523
3647624
3647682
3647712
3647737
3647899
3647906
3648045
3648062
3648228
3648349
3648544
3648634
3648865
3648971
3648980
3649114
3649124
3649661
3649893
3649937
3650048
3650111
3650137
3650236
3650250
3650412
3650431
3650496
3650651
3650801
3650901
3651036
3651042
3651061
3651109
3651155
3651168
3651197
3651295
3651419
3651427
3651574
3651579
3651591
3651652
3651755
3651812
3651973
3652334
3652595
3652772
3652839
3652865
3652890
3652925
3652963
3653226
3653270
3653292
3653467
3653629
3653665
3653813
3653911
3654014
3654033
3654246
3654338
3654457
3654493
3654513
3654560
3654664
3654756
3654779
3654823
3654958
3655046
3655076
3655128
3655148
3655164
3655218
3655270
3655342
3655363
3655383
3655679
3655881
3655930
3656124
3656277
3656338
3656532
3656559
3656577
3656620
3656645
3656836
3656867
3657075
3657155
3657190
3657222
3657535
3657826
3658082
3658400
3658412
3658732
3658834
3658986
3659123
3659233
3659403
3659465
3659781
3659811
3660055
3660188
3660234
3660374
3660379
3660409
3660598
3660863
3661229
3661425
3661614
3661849
3661871
3661974
3662323
3662458
3662471
3662496
3662556
3662589
3662616
3662648
3662758
3663124
3663282
3663373
3663401
3663695
3663800
3663948
3663993
3664000
3664081
3664267
3664274
3664662
3664852
3664951
3665329
3666313
3666358
3666602
3666628
3666645
3666668
3666874
3666895
3667022
3667057
3667349
3667388
3667418
3667484
3667541
3667657
3667799
3668096
3668110
3668299
3668463
3668651
3668858
3668872
3668970
3668971
3669479
3669608
3669729
3669881
3670312
3670323
3670509
3670511
3670523
3670540
3670604
3670619
3670648
3670698
3670952
3670968
3671254
3671509
3671603
3672137
3672808
3673224
3673476
3673528
3673769
3673857
3674055
3674080
3674338
3674766
3674805
3675207
3675297
3675299
3675753
3676038
3676077
3676146
3676181
3676328
3676376
3676565
3677399
3677435
3677622
3677745
3677768
3677986
3678186
3678406
3678420
3678458
3679267
3679314
3679442
3679524
3679755
3679788
3679840
3680203
3680300
3680562
3680596
3681120
3681238
3681283
3681521
3681582
3681637
3681696
3681739
3681803
3681889
3681908
3682240
3682321
3682388
3682482
3682592
3682603
3682709
3682877
3682989
3683239
3683263
3683358
3683545
3683840
3684062
3684084
3684120
3684146
3684149
3684181
3684670
3684851
3684895
3684897
3684910
3685231
3685306
3685378
3685383
3685543
3685613
3685675
3685711
3685743
3685833
3685959
3685992
3686011
3686077
3686108
3686184
3686237
3686238
3686639
3686642
3686655
3686741
3686945
3687140
3687182
3687183
3687323
3687374
3687456
3687521
3687548
3687679
3687800
3687817
3687873
3687932
3688042
3688097
3688193
3688347
3688551
3688703
3688722
3688725
3688745
3688827
3688851
3688902
3688909
3688949
3689065
3689135
3689160
3689221
3689263
3689295
3689601
3689668
3689772
3690062
3690221
3690373
3690426
3690477
3690534
3690779
3690807
3690858
3690889
3690995
3691045
3691069
3691254
3691364
3691622
3691776
3692026
3692052
3692085
3692180
3692242
3692259
3692262
3692469
3692517
3692603
3692642
3692679
3692791
3692966
3693323
3693356
3693409
3693508
3693559
3693577
3693733
3693889
3693897
3694008
3694071
3694134
3694196
3694211
3694275
3694277
3694375
3694472
3694490
3694610
3694787
3694903
3695041
3695072
3695202
3695606
3695774
3695815
3696045
3696325
3696339
3696397
3696577
3696579
3696768
3696797
3696831
3697159
3697297
3697384
3697490
3697626
3697638
3697645
3697657
3697722
3697886
3698029
3698082
3698232
3698323
3698410
3698468
3698476
3698532
3698536
3698570
3698586
3698614
3698615
3698617
3698782
3698970
3699021
3699049
3699222
3699236
3699341
3699450
3699529
3699766
3700583
3700642
3700745
3700814
3701280
3701387
3701462
3701515
3701539
3701567
3701604
3701782
3701837
3701855
3701861
3702224
3702274
3702288
3702632
3703019
3703033
3703081
3703254
3703358
3703602
3703857
3703909
3704024
3704057
3704401
3704450
3704767
3704853
3704858
3704903
3704942
3705012
3705225
3705467
3705576
3705583
3705741
3705905
3705942
3706385
3706484
3706553
3706557
3706651
3706660
3706854
3706882
3707131
3707234
3707368
3707425
3707450
3707501
3707589
3707706
3707736
3707913
3708004
3708021
3708132
3708260
3708307
3708362
3708540
3708582
3708683
3708699
3708889
3708927
3708966
3708967
3708995
3709691
3709949
3710111
3710138
3710156
3710161
3710183
3710476
3710601
3710739
3710847
3711142
3711174
3711374
3711607
3711698
3711813
3712008
3712104
3712189
3712502
3712518
3712563
3712699
3712791
3712912
3713014
3713047
3713153
3713187
3713443
3713685
3713758
3714065
3714271
3714331
3714477
3714679
3714682
3715100
3715557
3715614
3715622
3715728
3715891
3715984
3716643
3716686
3716904
3717112
3717491
3717519
3717862
3717999
3718336
3718354
3718434
3718483
3718603
3718677
3718764
3718805
3718820
3719260
3719333
3720158
3720326
3720370
3720376
3720461
3720711
3720991
3721055
3721141
3721228
3721452
3721632
3721660
3721744
3721887
3722220
3722262
3722319
3722351
3722607
3722768
3722895
3723033
3723354
3723431
3723935
3724019
3724111
3724203
3724214
3724216
3724277
3724388
3724620
3724819
3724971
3725084
3725246
3725309
3725335
3725437
3725658
3725702
3726010
3726150
3726194
3726662
3726671
3726714
3726849
3726856
3727177
3727385
3727395
3727548
3727736
3727824
3728064
3728283
3728899
3729268
3729345
3729516
3729609
3729675
3729877
3729929
3730447
3730523
3730664
3730761
3730767
3730791
3731030
3731052
3731129
3731134
3731199
3731320
3731474
3731547
3731561
3731614
3731754
3731767
3732109
3732172
3732432
3732496
3732626
3732732
3732811
3732900
3732915
3733012
3733519
3733713
3733776
3734054
3734106
3734185
3734286
3734397
3734488
3734529
3734574
3734624
3734711
3734944
3735229
3735264
3735314
3735371
3735561
3735566
3735989
3736047
3736689
3736917
3737014
3737056
3737167
3737356
3737363
3737369
3737394
3737466
3737641
3737658
3737925
3737956
3738145
3738147
3738245
3738277
3738288
3738461
3738611
3738620
3738632
3738743
3738759
3738920
3738988
3738997
3739160
3739679
3739763
3739880
3740066
3740244
3740353
3740416
3740695
3740726
3740776
3740792
3740874
3741095
3741250
3741258
3741281
3741286
3741394
3741398
3741477
3741569
3741710
3741820
3741861
3741917
3742021
3742270
3742285
3742363
3742431
3742615
3742890
3743034
3743144
3743472
3743519
3743688
3743811
3743917
3743969
3744278
3744330
3744367
3744449
3744578
3744690
3744892
3744909
3744913
3745273
3745300
3745506
3745685
3745731
3745752
3745834
3745983
3746250
3746264
3746278
3746491
3746564
3746892
3747127
3747276
3747347
3747490
3747499
3747920
3748127
3748162
3748260
3748482
3748724
3749145
3749204
3749304
3749322
3749490
3750159
3750192
3750206
3750268
3750291
3750334
3750490
3750832
3750905
3750944
3751235
3751242
3751301
3751511
3751648
3751935
3752051
3752114
3752291
3752319
3752419
3752462
3752551
3752661
3752679
3752845
3752846
3753041
3753106
3753131
3753211
3753244
3753317
3753663
3753809
3753911
3754062
3754170
3754648
3754756
3755010
3755020
3755049
3755525
3755565
3755685
3755860
3755867
3755881
3755914
3756327
3756594
3756632
3756695
3756711
3756872
3756942
3756974
3756991
3757081
3757104
3757167
3757168
3757219
3757336
3757368
3757422
3757525
3757647
3757657
3757671
3757837
3757966
3758090
3758354
3758423
3758594
3758786
3758896
3759433
3759618
3759631
3759832
3760147
3760317
3760496
3760513
3760553
3760579
3760615
3760654
3760935
3760939
3760971
3761120
3761168
3761241
3761342
3761492
3761510
3761666
3761745
3761769
3761813
3761890
3761924
3761966
3761997
3762146
3762235
3762274
3762328
3762412
3762517
3762551
3762653
3762713
3762913
3763222
3763702
3764159
3764188
3764190
3764245
3764309
3764423
3764444
3764495
3764548
3764575
3764880
3765039
3765201
3765261
3765361
3765594
3765636
3765655
3765933
3765981
3766230
3766424
3766461
3766472
3766740
3766799
3767135
3767429
3767571
3767613
3767666
3767765
3767973
3768009
3768051
3768193
3768371
3768456
3768558
3768854
3768902
3768934
3768956
3768984
3769429
3769494
3769670
3769835
3769865
3770319
3770503
3770702
3770836
3770956
3770983
3771415
3771858
3772215
3772386
3772418
3772457
3772620
3772672
3772745
3772893
3772905
3773029
3773583
3773621
3773855
3773858
3773887
3774001
3774178
3774397
3774407
3774468
3774754
3775264
3775281
3775320
3775529
3775674
3775766
3775786
3775836
3775926
3776016
3776275
3776436
3776520
3776553
3776569
3776787
3776931
3777021
3777030
3777222
3777284
3777304
3777328
3777481
3777523
3777589
3777638
3777670
3777830
3778099
3778535
3778594
3778748
3778786
3778994
3779081
3779335
3779507
3779542
3779787
3779831
3779891
3779902
3779969
3780087
3780296
3780580
3780589
3780645
3780676
3781368
3781798
3781889
3782526
3782667
3782775
3782861
3783047
3783148
3783153
3783194
3783321
3783431
3783817
3784089
3784115
3784229
3784508
3784573
3784596
3784597
3784821
3784973
3785091
3785296
3785602
3785616
3785623
3786016
3786320
3786341
3786373
3786413
3786866
3786898
3786948
3787189
3787312
3787423
3787662
3787757
3787793
3787848
3787882
3787886
3787977
3788175
3788241
3788278
3788426
3788533
3788790
3788816
3788853
3788958
3789007
3789057
3789406
3789596
3789843
3789849
3789874
3789968
3790009
3790073
3790116
3790315
3790317
3790572
3790593
3791036
3791041
3791054
3791100
3791166
3791565
3791613
3791706
3791796
3791901
3792137
3792270
3792277
3792307
3792430
3792479
3792678
3792740
3792829
3792861
3793177
3793438
3793515
3794094
3794126
3794160
3794195
3794258
3794645
3794719
3794735
3795072
3795274
3795451
3795573
3795643
3795808
3796257
3796436
3796504
3796579
3796624
3796711
3796920
3797015
3797055
3797059
3797129
3797153
3797177
3797200
3797266
3797288
3797408
3797516
3797584
3797750
3798013
3798140
3798292
3798299
3798315
3798676
3798696
3799201
3799314
3799348
3800161
3800163
3800222
3800280
3800541
3800729
3800859
3800874
3800949
3801045
3801399
3801700
3802038
3802068
3802214
3802256
3802271
3802413
3802427
3802450
3802544
3802651
3802902
3803053
3803267
3803362
3803396
3803629
3803651
3803846
3803847
3803938
3803943
3804047
3804073
3804202
3804648
3804716
3805135
3805647
3805750
3805776
3805890
3806180
3806219
3806860
3806949
3806956
3807039
3807233
3807244
3807350
3807358
3807386
3807735
3807808
3807865
3807978
3808168
3808192
3808236
3808341
3808495
3808547
3808590
3808628
3808668
3808867
3809017
3809037
3809329
3809360
3809393
3809406
3809515
3809839
3809903
3810071
3810164
3810254
3810409
3810416
3810550
3810598
3810930
3811054
3811282
3811297
3811530
3811862
3811947
3812029
3812219
3812458
3812657
3812845
3812895
3812899
3813062
3813108
3813276
3813343
3813568
3813652
3813750
3813813
3813819
3813918
3813953
3814046
3814133
3814705
3814733
3814743
3815187
3815238
3815350
3815355
3815523
3815594
3815796
3815801
3816005
3816011
3816048
3816284
3816355
3816461
3816606
3816689
3816795
3817033
3817070
3817375
3817393
3817401
3817571
3817751
3818018
3818069
3818097
3818605
3818731
3818793
3818860
3819147
3819203
3819337
3819603
3820011
3820027
3820046
3820450
3820533
3820820
3820868
3820927
3820943
3820967
3821039
3821060
3821105
3821204
3821226
3821260
3821294
3821826
3822280
3822303
3822366
3822402
3822534
3822877
3823236
3823237
3823478
3823683
3823754
3823764
3823969
3824057
3824171
3824263
3824388
3824578
3824678
3824781
3825211
3825475
3825533
3825558
3825726
3825828
3825835
3826005
3826013
3826014
3826184
3826209
3826264
3826267
3826381
3826430
3826474
3826631
3826674
3826770
3826933
3826955
3827004
3827073
3827115
3827188
3827600
3827694
3828155
3828275
3828411
3828431
3828674
3828725
3828802
3828824
3829988
3830573
3830696
3830769
3831033
3831099
3831150
3831161
3831236
3831243
3831349
3831430
3831476
3831479
3831750
3832202
3832203
3832380
3832601
3832670
3832682
3832921
3833032
3833081
3833196
3833276
3833432
3833465
3833523
3833566
3833850
3833936
3834076
3834144
3834228
3834279
3834578
3834715
3834725
3835105
3835360
3835611
3835955
3836173
3836203
3836385
3837251
3837697
3837794
3837923
3837949
3837977
3838055
3838068
3838085
3838260
3838355
3838403
3838408
3838411
3838870
3838956
3838966
3839101
3839185
3839373
3839507
3839707
3839872
3839992
3840076
3840425
3840446
3840453
3840694
3840705
3840979
3841378
3841553
3841667
3841685
3841753
3841766
3841970
3842095
3842203
3842758
3842871
3843035
3843095
3843146
3843251
3843811
3843963
3844043
3844066
3844079
3844140
3844147
3844310
3844464
3844484
3844489
3844507
3844601
3844621
3844838
3844841
3844849
3844951
3844956
3845437
3845533
3845625
3845706
3845854
3845876
3845994
3846180
3846261
3846484
3846773
3846776
3846909
3847569
3847803
3847876
3847899
3847978
3848008
3848080
3848222
3848570
3848601
3848616
3848685
3848730
3848810
3848963
3849001
3849076
3849123
3849214
3849472
3849582
3849740
3849748
3849900
3850125
3850272
3850424
3850680
3850702
3850773
3850813
3850889
3851157
3851159
3851169
3851234
3851252
3851310
3851311
3851344
3851414
3851452
3851467
3851634
3851851
3851942
3851981
3852015
3852049
3852177
3852394
3852453
3852488
3852496
3852643
3852673
3852681
3852720
3852721
3852801
3852886
3853105
3853386
3853411
3853541
3853547
3853655
3853886
3854100
3854176
3854359
3854976
3855096
3855146
3855281
3855489
3855524
3855538
3855552
3855790
3855870
3856044
3856162
3856346
3856476
3856909
3856922
3857075
3857084
3857114
3857175
3857264
3857335
3857347
3857514
3857808
3857999
3858209
3858269
3858397
3858422
3859006
3859012
3859298
3859567
3859712
3859764
3860046
3860252
3860332
3860407
3860664
3860670
3860785
3860869
3860946
3861341
3861425
3861542
3861793
3861903
3861956
3862051
3862061
3862191
3862211
3862272
3862562
3862698
3862810
3862835
3862938
3862986
3863000
3863216
3863237
3863730
3863824
3863945
3864100
3864133
3864179
3864457
3864830
3864943
3865081
3865356
3865617
3865725
3865892
3865899
3865931
3866076
3866198
3866251
3866291
3866455
3866558
3866583
3866588
3866592
3866620
3866889
3866908
3866962
3867447
3867619
3867724
3867898
3867962
3868673
3869022
3869264
3869342
3869408
3869629
3869834
3869925
3869943
3869987
3870009
3870012
3870329
3870866
3870956
3871148
3871294
3871314
3871330
3871337
3871556
3871651
3871776
3871818
3871819
3871876
3871982
3871990
3872472
3872621
3872649
3872779
3873023
3873408
3873835
3873839
3874369
3874428
3874739
3874795
3874830
3875141
3875212
3875230
3875276
3875326
3875638
3875642
3876051
3876090
3876108
3876269
3876331
3876385
3876681
3876890
3876908
3877064
3877074
3877219
3877241
3877441
3877455
3877465
3877559
3877564
3877571
3877600
3877634
3877685
3877687
3877721
3877986
3878033
3878210
3878274
3878541
3878563
3878657
3878949
3879094
3879127
3879262
3879437
3879474
3879563
3879692
3879788
3880155
3880451
3880591
3880675
3880841
3880912
3881142
3881313
3881402
3881720
3882241
3882280
3882566
3882925
3883004
3883072
3883098
3883576
3883646
3883658
3883970
3884027
3884042
3884065
3884251
3884256
3884257
3884290
3884650
3884664
3884853
3884967
3884968
3884999
3885063
3885350
3885421
3885524
3885707
3885870
3886000
3886398
3886422
3886441
3886534
3886590
3886782
3887221
3887265
3887290
3887472
3887638
3887652
3887673
3887726
3887752
3887858
3888254
3888533
3888738
3888854
3889002
3889095
3889163
3889218
3889296
3889701
3889802
3889976
3890007
3890244
3890318
3890346
3890459
3890638
3890767
3891026
3891063
3891298
3891506
3891600
3891773
3891990
3891998
3892056
3892110
3892283
3892681
3892758
3893333
3893433
3893886
3894263
3894546
3894684
3894867
3895241
3895443
3895553
3895730
3895887
3895895
3895938
3895995
3896024
3896045
3896273
3896283
3896355
3896422
3896467
3896490
3896529
3896698
3896744
3896802
3896848
3896857
3896943
3896962
3897009
3897471
3897611
3898129
3898136
3898244
3898287
3898338
3898345
3898455
3898456
3898516
3898623
3898640
3898737
3899227
3899722
3899738
3899750
3899879
3900097
3900133
3900151
3900282
3900294
3900462
3900485
3900512
3900588
3900676
3900752
3900785
3900788
3900839
3900896
3901051
3901316
3901452
3901496
3901729
3901928
3901965
3902507
3902562
3902619
3902801
3902903
3902965
3903102
3903197
3903617
3903754
3903787
3903844
3903995
3904354
3904431
3904606
3905074
3905216
3905233
3905384
3905709
3905774
3905823
3906204
3906295
3906350
3906447
3906534
3906688
3906790
3906899
3906954
3906963
3906993
3907046
3907142
3907207
3907407
3907438
3907592
3907599
3907698
3907797
3907833
3907988
3908368
3908441
3908735
3908876
3909070
3909131
3909342
3909570
3909621
3909653
3909942
3910405
3910530
3910688
3910776
3910957
3911117
3911151
3911371
3911432
3911464
3911476
3911504
3911898
3912028
3912090
3912124
3912316
3912366
3912404
3912611
3913133
3913281
3913340
3913468
3913524
3913585
3913607
3913800
3913803
3913983
3914040
3914272
3914294
3914439
3914552
3914560
3914697
3914819
3914979
3915015
3915610
3916048
3916186
3916302
3916322
3916412
3916566
3916633
3916682
3916855
3916987
3916995
3917224
3917877
3918159
3918249
3918304
3918498
3918650
3918758
3918777
3919739
3920115
3920365
3920391
3920441
3920482
3920529
3920578
3920661
3920715
3920772
3920912
3920915
3921096
3921156
3921163
3921190
3921461
3921546
3921550
3921591
3922354
3922410
3922897
3923315
3923428
3923826
3924170
3924447
3924650
3924688
3925137
3925296
3925351
3925616
3925679
3926023
3926102
3926205
3926364
3926462
3926683
3926906
3927024
3927053
3927130
3927385
3927486
3927561
3927658
3927802
3927813
3927837
3928074
3928210
3928244
3928344
3928559
3928965
3928978
3929042
3929221
3929253
3929558
3929846
3929869
3929875
3929891
3930141
3930457
3930470
3930491
3930552
3930803
3931140
3931215
3931281
3931360
3931388
3931461
3931517
3931543
3931626
3931708
3932154
3932457
3932507
3932645
3932689
3932844
3932903
3932926
3933057
3933106
3933285
3933424
3933506
3933625
3933675
3933698
3933759
3934165
3934390
3934624
3934726
3934799
3935090
3935146
3935159
3935237
3935393
3935664
3935990
3936265
3936448
3936634
3936673
3936774
3936872
3936927
3936947
3937036
3937083
3937118
3937139
3937242
3937360
3937452
3937792
3937803
3937907
3938057
3938363
3938404
3938599
3938816
3939085
3939140
3939405
3939558
3939709
3939944
3939960
3939979
3940092
3940366
3940410
3940433
3940587
3940898
3941145
3941310
3941391
3941422
3941484
3941506
3941915
3942029
3942035
3942092
3942167
3942357
3942426
3942642
3942678
3943156
3943192
3943393
3943407
3943500
3943705
3943983
3944067
3944256
3944356
3944453
3944520
3944841
3944844
3945811
3945877
3945904
3945979
3946077
3946144
3946154
3946301
3946331
3946535
3946898
3947292
3947362
3947375
3947459
3947680
3947722
3947904
3948026
3948148
3948413
3948513
3948592
3948654
3948807
3948894
3948897
3949085
3949527
3949939
3949962
3950050
3950158
3950166
3950381
3950630
3950766
3951026
3951330
3951634
3951635
3951641
3951835
3951876
3951961
3952146
3952230
3952231
3952259
3952309
3952611
3952766
3952851
3953058
3953072
3953198
3953296
3953389
3953393
3953454
3953648
3953981
3954031
3954062
3954309
3954444
3954469
3954644
3954653
3954811
3955071
3955081
3955128
3955228
3955317
3955352
3955384
3955747
3956200
3956226
3956401
3956649
3956682
3957027
3957285
3957309
3957331
3957434
3957437
3957833
3957947
3958504
3958626
3958636
3958786
3958862
3958881
3958908
3958982
3959283
3959969
3960015
3960427
3960482
3960633
3960692
3960891
3961003
3961181
3961267
3961351
3961393
3961429
3961504
3961586
3961928
3962175
3962375
3962413
3962435
3962691
3963128
3963374
3963385
3963429
3963483
3963768
3963884
3963969
3963992
3964593
3965302
3965399
3965642
3965715
3965865
3965934
3966011
3966092
3966414
3966459
3966814
3966942
3966958
3967087
3967131
3967411
3967513
3967543
3967803
3968195
3968240
3968383
3968505
3968734
3968813
3968941
3969104
3969497
3969951
3970203
3970557
3970800
3970836
3971340
3971376
3971519
3971603
3971755
3971788
3971940
3972039
3972188
3972333
3972424
3972457
3972533
3972762
3972876
3972948
3972956
3972983
3973207
3973492
3973516
3973553
3973724
3973727
3973746
3973794
3973830
3974193
3974535
3974589
3974607
3974697
3974857
3974919
3974922
3974983
3975145
3975156
3975182
3975256
3975385
3975534
3975953
3975992
3976261
3976265
3976499
3976510
3976675
3976755
3977103
3977159
3977319
3977406
3977576
3977779
3977963
3978141
3978142
3978238
3978736
3978744
3979204
3979235
3979238
3979543
3979630
3979633
3979956
3979991
3980062
3980069
3980371
3980639
3980770
3980900
3981305
3981488
3981622
3981682
3981796
3981797
3981998
3982180
3982328
3982431
3982607
3982794
3982956
3983063
3983077
3983264
3983287
3983335
3983371
3983785
3983833
3984260
3984284
3984391
3984786
3984864
3985080
3985154
3985193
3985220
3985558
3985605
3985800
3985826
3985835
3985938
3986112
3986417
3986488
3986586
3986771
3986850
3987200
3987201
3987393
3987427
3987452
3987484
3987840
3987971
3988031
3988089
3988213
3988251
3988392
3988453
3988544
3988579
3988724
3988967
3989030
3989066
3989156
3989177
3989187
3989375
3989581
3989963
3990174
3990322
3990413
3990440
3990459
3990513
3990607
3990708
3990770
3990913
3991011
3991045
3991392
3991459
3991835
3991858
3991863
3991876
3992007
3992166
3992582
3992929
3993034
3993396
3993421
3993529
3993621
3993722
3994054
3994117
3994119
3994232
3994281
3994425
3994451
3994763
3994789
3994962
3994976
3995022
3995603
3995767
3995839
3996051
3996214
3996270
3996291
3996304
3996422
3996451
3996786
3996938
3996965
3996988
3997340
3997667
3998014
3998258
3998297
3998339
3998500
3998801
3998822
3998921
3998999
3999053
3999135
3999224
3999269
3999292
3999391
3999577
3999877
3999907
3999911
4000392
4000669
4001046
4001057
4001172
4001173
4001199
4001286
4001337
4001999
4002040
4002098
4002158
4002184
4002454
4002594
4002678
4002693
4002821
4003219
4003250
4003266
4003276
4003278
4003297
4003687
4003898
4003987
4004536
4004591
4004640
4005096
4005333
4005352
4005420
4005816
4005913
4006037
4006274
4006333
4006514
4006614
4006806
4007033
4007053
4007127
4007458
4007674
4007758
4007824
4007880
4007925
4008621
4008624
4008661
4008669
4008829
4008926
4009438
4009523
4010032
4010074
4010201
4010373
4010386
4010409
4010783
4011006
4011261
4011280
4011498
4011785
4011918
4012134
4012459
4012498
4012868
4012928
4012994
4013070
4013250
4013866
4014098
4014164
4014381
4014398
4014477
4014674
4014805
4014857
4015287
4015576
4015626
4016110
4016199
4016257
4016392
4016830
4016932
4016982
4017019
4017092
4017312
4017325
4017443
4017458
4017461
4017526
4017683
4017854
4018368
4018742
4018991
4019247
4019248
4019448
4019738
4019838
4019842
4019958
4020254
4020312
4020321
4020344
4020455
4020630
4020668
4020736
4020742
4020783
4020788
4021505
4021654
4021865
4021896
4021967
4022343
4022352
4022529
4022769
4022962
4022969
4023686
4023757
4023895
4023897
4024051
4024121
4024498
4024512
4024566
4024646
4024664
4024952
4025000
4025311
4025576
4025784
4025952
4026047
4026101
4026172
4026488
4026614
4026640
4026664
4026679
4026827
4027011
4027056
4027179
4027294
4027320
4027336
4027510
4028092
4028116
4028210
4028343
4028440
4028550
4028715
4028844
4028886
4029171
4029241
4029273
4029591
4029696
4029710
4030327
4030333
4030376
4030863
4030893
4030915
4030939
4030978
4031106
4031128
4031264
4031301
4031381
4031400
4031561
4031590
4031633
4031702
4031757
4031897
4032032
4032069
4032248
4032370
4032592
4032828
4032880
4032960
4032987
4033027
4033163
4033195
4033288
4033778
4033845
4033918
4033942
4033972
4034304
4034311
4034424
4034505
4035056
4035120
4035122
4035386
4035391
4035431
4035706
4035753
4035806
4035889
4036158
4036520
4036599
4036979
4037006
4037243
4037489
4037762
4037829
4037918
4037938
4038130
4038173
4038268
4038364
4038377
4038636
4038984
4039356
4039616
4039705
4039739
4039857
4040004
4040084
4040146
4040173
4040184
4040279
4040360
4040411
4040599
4040644
4040716
4040875
4041368
4041754
4041785
4041880
4042230
4042487
4042646
4042687
4042740
4042748
4043020
4043031
4043380
4043520
4043529
4043607
4043678
4043790
4043905
4044004
4044112
4044120
4044360
4044370
4044434
4044577
4044593
4044794
4044960
4044990
4045015
4045053
4045086
4045170
4045220
4045536
4045606
4045609
4045615
4045652
4045761
4046094
4046189
4046404
4046409
4046669
4046803
4046914
4046941
4047158
4047212
4047285
4047446
4047540
4047567
4047633
4047672
4047826
4047841
4047888
4048311
4048562
4048897
4049078
4049135
4049171
4049448
4049606
4049797
4049951
4049965
4050083
4050238
4050310
4050825
4050873
4051275
4051680
4052570
4052656
4052747
4052764
4052958
4053122
4053457
4053627
4053677
4054052
4054062
4054198
4054517
4054607
4054710
4054900
4054902
4055195
4055204
4055432
4055593
4055600
4055911
4056117
4056461
4056685
4056902
4057025
4057049
4057181
4057336
4057338
4057411
4057725
4057856
4058162
4058238
4058478
4058732
4058824
4058834
4058860
4058941
4059065
4059191
4059291
4059316
4059324
4059340
4059405
4059468
4059536
4059800
4059895
4059978
4060005
4060530
4060585
4060695
4061257
4061482
4061606
4061851
4062031
4062503
4062657
4062835
4062927
4062928
4063010
4063020
4063081
4063592
4063635
4063897
4063927
4063969
4064143
4064214
4064522
4064874
4065006
4065100
4065286
4065317
4065574
4065777
4065779
4065787
4065879
4066182
4066671
4066818
4066866
4066893
4067033
4067036
4067580
4067768
4067843
4068084
4068109
4068332
4068390
4068395
4068502
4068551
4068780
4068851
4068931
4069469
4069536
4069894
4070346
4070354
4070442
4070473
4070533
4070554
4070625
4070729
4070871
4070952
4071123
4071167
4071234
4071363
4071727
4071744
4071749
4072046
4072326
4072572
4072769
4072881
4073103
4073160
4073355
4073668
4073695
4073788
4074099
4074110
4074337
4074668
4074680
4074738
4074836
4075058
4075069
4075106
4075236
4075319
4075331
4076162
4076198
4076615
4076696
4077458
4077560
4077699
4077817
4077836
4077867
4077979
4078113
4078345
4078446
4078593
4078599
4078782
4078786
4078855
4079119
4079237
4079598
4079714
4079954
4080139
4080453
4080489
4080549
4081180
4081288
4081492
4082119
4082253
4082447
4082713
4082836
4082935
4083160
4083219
4083247
4083574
4083609
4083774
4084271
4084282
4084288
4084340
4084465
4084508
4084533
4084588
4084651
4084674
4084852
4084992
4085031
4085043
4085209
4085211
4085264
4085354
4085373
4085411
4085554
4085600
4085644
4085898
4086026
4086051
4086246
4086310
4086589
4086594
4086939
4087030
4087053
4087329
4087515
4087544
4087568
4087591
4087647
4087654
4087711
4087929
4088112
4088227
4088721
4088838
4088848
4089204
4089277
4089655
4090042
4090045
4090352
4090361
4090514
4090552
4090624
4090701
4090811
4090992
4091087
4091383
4091414
4091433
4091470
4091680
4091761
4091836
4091859
4091903
4092288
4092460
4092800
4092848
4092901
4093076
4093147
4093159
4093160
4093179
4093231
4093244
4093278
4093306
4093387
4093437
4093477
4093546
4093612
4093698
4093895
4093925
4094140
4094198
4094309
4094406
4094511
4094612
4094774
4095129
4095797
4095828
4096059
4096133
4096150
4096325
4096492
4096546
4096614
4096635
4097046
4097103
4097154
4097641
4097774
4097876
4097890
4097908
4097976
4098008
4098095
4098287
4098325
4098346
4098565
4098604
4098799
4098852
4098995
4099105
4099166
4099430
4099551
4099625
4099735
4099789
4100071
4100183
4100190
4100220
4100529
4101223
4101281
4101406
4101463
4101492
4101544
4101729
4102006
4102222
4102351
4102482
4102591
4102866
4103072
4103148
4103291
4103423
4103668
4103689
4103729
4103839
4103968
4103995
4104118
4104252
4104255
4104541
4104695
4104958
4105069
4105137
4105161
4105211
4105215
4105290
4105422
4105630
4105741
4105784
4105981
4106008
4106052
4106147
4106338
4106478
4106533
4106583
4106717
4106903
4106980
4107420
4107501
4107637
4107871
4108108
4108604
4108688
4108812
4108826
4108902
4108915
4109322
4109430
4109462
4109580
4109602
4109788
4109811
4109887
4109956
4110053
4110087
4110247
4110706
4110735
4110803
4110819
4110874
4110885
4110932
4110997
4111172
4111203
4111243
4111331
4111646
4111670
4111738
4111895
4112156
4113474
4113524
4113827
4113847
4114147
4114878
4114946
4115063
4115122
4115184
4115304
4115329
4115368
4115558
4115593
4115802
4115941
4116138
4116144
4116152
4116284
4116446
4116521
4116968
4117072
4117207
4117225
4117394
4117532
4117570
4117709
4118284
4118309
4118668
4118716
4118745
4118874
4119170
4119199
4119247
4119344
4119390
4119457
4119528
4119782
4120477
4120555
4120718
4120843
4120931
4121228
4121280
4121328
4121410
4121439
4121464
4121559
4121614
4121633
4121636
4122409
4122482
4122492
4122664
4122670
4122833
4122864
4122938
4123080
4123177
4123242
4123361
4123474
4123528
4123622
4123641
4123724
4123727
4123906
4123969
4123971
4124075
4124160
4124268
4124292
4124331
4124419
4124525
4124553
4124661
4124859
4124868
4124907
4125075
4125258
4125306
4125876
4126093
4126433
4126569
4126584
4126643
4127061
4127194
4127281
4127327
4127593
4127865
4127882
4127972
4128132
4128151
4128403
4128464
4128659
4128916
4129175
4129562
4129636
4129668
4129728
4129861
4129863
4130062
4130188
4130246
4130609
4130713
4131012
4131170
4131292
4131385
4131419
4131502
4131769
4131881
4132099
4132337
4132383
4132387
4132457
4132521
4132548
4132552
4132746
4132822
4133318
4133551
4133687
4133790
4134087
4134442
4134852
4134860
4134861
4134990
4135143
4135280
4135518
4135711
4135917
4136192
4136247
4136607
4136654
4136704
4136836
4136895
4136935
4136978
4137177
4137295
4137460
4137666
4137830
4137999
4138090
4138194
4138298
4138498
4138650
4138763
4138777
4139409
4139663
4139790
4139818
4139903
4140153
4140165
4140535
4140563
4140588
4140729
4140920
4140936
4141234
4141256
4141268
4141276
4141384
4141451
4141634
4141640
4141735
4141968
4142119
4142146
4142331
4142821
4142847
4142862
4143032
4143037
4143088
4143360
4143709
4143892
4143931
4144072
4144204
4144221
4144250
4144400
4144403
4144544
4145193
4145534
4145651
4145884
4145962
4146039
4146291
4146684
4146854
4146869
4147499
4147534
4147603
4147984
4148399
4148452
4148761
4148849
4148895
4148980
4149368
4149490
4149900
4150053
4150325
4150334
4150400
4150783
4151493
4151517
4151729
4151766
4151946
4152128
4152210
4152494
4152532
4152713
4152780
4152786
4152814
4152830
4152921
4152946
4153022
4153036
4153592
4153828
4153832
4153868
4154244
4154264
4154301
4154359
4154375
4154389
4154426
4154511
4155223
4155500
4155591
4155830
4155875
4155921
4156087
4157045
4157313
4157498
4157510
4157546
4157991
4158057
4158082
4158397
4158434
4158547
4158704
4158731
4158768
4159035
4159050
4159068
4159126
4159181
4159799
4159804
4160250
4160472
4160737
4160755
4160770
4160877
4160886
4160898
4161150
4161194
4161756
4162122
4162255
4162288
4162484
4162632
4162922
4162960
4163021
4163092
4163141
4163426
4163595
4164223
4164594
4164658
4164704
4164869
4164965
4165228
4166435
4166436
4166689
4166870
4166997
4167311
4167485
4167584
4167619
4167713
4168046
4168056
4168283
4168310
4168311
4168331
4168363
4168365
4168386
4168483
4168726
4168752
4168946
4169125
4169171
4169656
4170090
4170218
4170235
4170335
4170682
4170685
4170931
4170975
4171494
4171760
4171946
4172052
4172160
4172636
4172716
4173149
4173310
4173693
4173695
4173806
4174070
4174140
4174331
4174420
4174436
4174745
4174756
4174895
4175164
4175192
4175372
4175473
4175581
4175957
4176092
4176129
4176161
4176290
4176373
4176589
4176983
4177253
4177271
4177387
