13
15
45
58
60
69
94
108
109
110
116
143
168
175
183
186
193
195
204
223
255
307
316
323
342
345
348
349
350
369
376
390
412
422
429
433
439
481
488
491
503
522
533
551
564
575
601
629
630
635
639
649
673
682
683
691
692
704
756
803
804
805
853
856
873
908
914
917
924
956
975
977
991
994
1001
1025
1033
1063
1079
1083
1110
1111
1131
1137
1165
1166
1183
1196
1226
1251
1265
1300
1304
1312
1313
1315
1324
1331
1367
1407
1431
1439
1469
1486
1492
1496
1499
1529
1537
1607
1618
1623
1635
1641
1685
1731
1744
1755
1784
1799
1820
1869
1886
1914
1924
1927
1936
1945
1953
1956
1959
2013
2014
2029
2065
2069
2094
2129
2141
2145
2147
2220
2225
2230
2236
2238
2271
2277
2292
2302
2319
2321
2361
2367
2407
2441
2444
2447
2454
2483
2509
2547
2560
2565
2568
2574
2579
2596
2631
2654
2659
2662
2668
2670
2672
2674
2689
2692
2694
2696
2703
2738
2740
2764
2769
2774
2786
2810
2817
2845
2851
2854
2876
2896
2949
2964
3001
3018
3022
3038
3086
3128
3144
3163
3197
3215
3216
3260
3282
3332
3368
3378
3397
3433
3461
3480
3490
3501
3512
3518
3542
3544
3570
3596
3614
3621
3632
3635
3644
3659
3678
3680
3686
3700
3709
3734
3738
3739
3746
3750
3755
3760
3786
3789
3838
3848
3850
3856
3878
3969
3981
3996
4008
4040
4041
4063
4082
4110
4124
4162
4164
4181
4196
4221
4224
4255
4266
4280
4288
4374
4376
4384
4397
4399
4444
4446
4462
4466
4497
4518
4530
4537
4548
4556
4560
4573
4577
4579
4608
4638
4641
4643
4650
4660
4670
4718
4723
4765
4766
4777
4787
4789
4809
4837
4841
4843
4884
4900
4905
4906
4913
4924
4936
4939
4971
5036
5077
5085
5171
5199
5250
5254
5270
5274
5278
5314
5324
5340
5348
5360
5376
5392
5409
5460
5465
5472
5500
5526
5536
5543
5563
5583
5618
5633
5670
5710
5720
5775
5788
5809
5817
5825
5827
5852
5871
5905
5910
5925
5937
5945
5965
5975
5994
6000
6038
6115
6127
6142
6154
6161
6163
6168
6192
6242
6248
6264
6273
6282
6317
6327
6346
6371
6377
6383
6387
6415
6423
6437
6449
6450
6463
6512
6527
6538
6551
6552
6553
6579
6586
6591
6667
6669
6683
6692
6693
6706
6707
6713
6759
6795
6809
6829
6832
6883
6900
6908
6915
6927
6937
7027
7047
7048
7098
7108
7111
7137
7140
7155
7165
7168
7176
7178
7187
7197
7199
7214
7219
7220
7282
7288
7308
7335
7349
7357
7393
7409
7416
7459
7474
7502
7508
7524
7575
7577
7597
7613
7654
7686
7717
7723
7727
7751
7756
7768
7773
7808
7811
7845
7925
7947
7969
7983
7995
8003
8025
8046
8052
8063
8071
8080
8098
8102
8115
8122
8151
8169
8177
8193
8194
8260
8266
8279
8281
8326
8347
8398
8439
8458
8491
8535
8557
8566
8609
8622
8629
8639
8649
8655
8682
8698
8703
8709
8801
8832
8840
8853
8870
8875
8880
8892
8907
8924
8930
8934
8939
8943
8957
8963
8965
9018
9040
9118
9154
9175
9209
9210
9224
9264
9267
9269
9275
9278
9292
9294
9302
9313
9322
9337
9341
9354
9365
9378
9397
9404
9427
9437
9439
9445
9448
9451
9457
9513
9518
9580
9582
9668
9682
9691
9693
9735
9824
9826
9832
9840
9844
9872
9903
9905
9907
9919
9923
9925
9927
9993
10007
10029
10038
10050
10059
10067
10092
10106
10107
10138
10148
10156
10170
10261
10288
10346
10362
10432
10455
10461
10494
10498
10536
10565
10574
10612
10617
10644
10697
10705
10715
10717
10721
10805
10821
10838
10895
10946
10953
10967
10971
10980
10984
10993
10995
11026
11076
11085
11088
11090
11139
11177
11186
11208
11237
11268
11302
11366
11416
11425
11429
11436
11466
11469
11476
11527
11530
11536
11540
11560
11592
11621
11636
11642
11652
11656
11687
11691
11731
11749
11764
11783
11797
11808
11819
11864
11894
11903
11916
11938
11952
11962
11965
11970
11990
11996
12034
12044
12067
12075
12081
12103
12128
12179
12210
12215
12222
12228
12286
12292
12321
12346
12392
12394
12401
12402
12432
12464
12532
12544
12573
12574
12586
12587
12590
12623
12656
12664
12685
12688
12701
12716
12759
12790
12802
12805
12822
12831
12867
12879
12881
12882
12890
12908
12931
12934
12941
12944
12957
12980
13013
13031
13032
13045
13046
13055
13065
13069
13070
13095
13096
13097
13103
13129
13132
13137
13144
13158
13165
13167
13169
13170
13175
13181
13194
13212
13214
13236
13259
13265
13320
13339
13348
13356
13392
13393
13394
13397
13414
13443
13450
13476
13480
13498
13499
13506
13531
13533
13542
13550
13562
13568
13570
13586
13626
13655
13656
13657
13665
13672
13698
13708
13716
13722
13748
13777
13812
13819
13834
13867
13878
13900
13918
13932
13960
13984
14004
14014
14077
14087
14110
14137
14175
14205
14214
14250
14261
14266
14298
14323
14324
14327
14330
14340
14343
14362
14367
14368
14389
14391
14415
14425
14438
14482
14547
14549
14555
14557
14564
14600
14622
14627
14650
14670
14710
14712
14727
14765
14767
14783
14786
14801
14812
14830
14864
14867
14885
15014
15015
15021
15022
15045
15047
15060
15062
15104
15110
15115
15128
15130
15136
15142
15156
15157
15188
15232
15248
15279
15303
15304
15318
15326
15329
15330
15348
15350
15364
15427
15445
15461
15480
15486
15499
15501
15511
15512
15519
15544
15546
15558
15560
15566
15570
15584
15585
15599
15603
15631
15648
15687
15699
15701
15707
15749
15764
15789
15798
15813
15814
15817
15837
15848
15862
15876
15880
15887
15915
15929
15930
15932
15933
15954
15978
15989
16000
16004
16021
16058
16109
16112
16113
16130
16136
16142
16145
16154
16159
16184
16189
16191
16211
16248
16292
16323
16339
16363
16408
16409
16434
16445
16498
16537
16540
16545
16546
16547
16554
16555
16558
16622
16624
16625
16654
16671
16721
16738
16758
16808
16820
16840
16853
16887
16913
16917
16940
16956
16958
16960
16961
16979
16987
17000
17004
17018
17022
17031
17042
17059
17064
17068
17082
17084
17108
17110
17116
17136
17140
17156
17160
17246
17263
17266
17277
17311
17351
17361
17367
17375
17376
17378
17387
17396
17405
17411
17421
17426
17438
17452
17479
17490
17552
17561
17564
17565
17576
17591
17594
17602
17622
17635
17686
17693
17707
17734
17740
17743
17746
17762
17767
17772
17878
17909
17921
17975
17977
17979
17990
18040
18041
18050
18060
18062
18064
18075
18080
18090
18105
18120
18147
18164
18178
18214
18224
18281
18295
18301
18303
18305
18315
18319
18325
18331
18377
18391
18405
18410
18446
18458
18472
18476
18506
18525
18549
18575
18600
18630
18644
18655
18657
18710
18729
18735
18763
18777
18781
18821
18824
18828
18843
18869
18878
18931
18951
18953
18985
19037
19066
19071
19097
19107
19140
19144
19147
19149
19183
19185
19189
19204
19205
19221
19227
19237
19245
19248
19254
19255
19261
19266
19293
19300
19301
19329
19331
19357
19362
19364
19384
19406
19418
19420
19436
19450
19470
19480
19499
19530
19539
19543
19547
19551
19553
19559
19567
19613
19645
19652
19661
19709
19712
19730
19770
19789
19801
19826
19851
19868
19872
19873
19882
19902
19910
19917
19974
19977
20032
20047
20059
20091
20111
20143
20159
20170
20171
20180
20187
20197
20202
20211
20234
20251
20252
20261
20278
20280
20294
20297
20303
20308
20312
20317
20331
20359
20372
20384
20405
20447
20449
20467
20476
20509
20514
20558
20567
20598
20670
20722
20754
20771
20837
20860
20879
20896
20910
20941
20950
20956
20959
20988
20989
20991
21006
21022
21035
21046
21054
21066
21074
21103
21105
21106
21132
21141
21144
21165
21174
21177
21193
21197
21219
21236
21270
21310
21346
21380
21410
21426
21431
21449
21455
21475
21524
21538
21547
21557
21564
21650
21654
21661
21673
21674
21712
21763
21772
21828
21876
21880
21895
21898
21944
21949
21950
21954
21971
21980
21985
22077
22090
22096
22115
22139
22149
22198
22216
22246
22275
22279
22309
22313
22321
22323
22340
22345
22361
22365
22379
22382
22385
22400
22401
22406
22440
22449
22484
22486
22498
22526
22541
22569
22591
22596
22621
22667
22708
22718
22719
22720
22728
22759
22798
22839
22877
22884
22902
22912
22922
22944
23032
23059
23066
23068
23089
23093
23094
23103
23119
23120
23141
23149
23151
23171
23197
23198
23209
23225
23230
23231
23249
23265
23321
23348
23365
23369
23371
23401
23407
23412
23419
23430
23451
23471
23473
23480
23490
23529
23532
23554
23597
23622
23624
23647
23663
23668
23699
23736
23754
23783
23798
23831
23850
23852
23893
23901
23919
23935
23948
23949
23959
23991
24011
24027
24031
24044
24129
24158
24163
24190
24203
24237
24244
24253
24294
24305
24330
24358
24367
24368
24377
24380
24382
24385
24399
24404
24411
24460
24481
24522
24535
24583
24597
24610
24615
24628
24647
24659
24692
24695
24733
24738
24741
24786
24812
24833
24840
24847
24850
24863
24873
24897
24905
24946
24972
24975
25015
25016
25059
25094
25102
25107
25154
25165
25186
25195
25200
25210
25214
25220
25226
25233
25237
25245
25249
25259
25265
25267
25275
25283
25292
25354
25362
25389
25406
25413
25445
25462
25463
25495
25515
25546
25558
25559
25586
25610
25626
25659
25663
25677
25688
25690
25746
25747
25757
25769
25782
25786
25797
25803
25847
25898
25911
25934
25967
25969
25986
26034
26052
26055
26092
26105
26137
26140
26141
26192
26204
26226
26247
26263
26282
26299
26318
26327
26330
26331
26336
26350
26372
26375
26381
26394
26395
26403
26417
26435
26468
26473
26475
26497
26500
26502
26526
26537
26548
26552
26573
26577
26600
26611
26613
26635
26646
26657
26661
26684
26701
26722
26732
26749
26775
26821
26822
26828
26854
26860
26879
26884
26889
26919
26931
26955
26984
27023
27026
27051
27052
27081
27084
27109
27110
27136
27137
27144
27145
27198
27208
27238
27250
27301
27304
27321
27334
27336
27349
27355
27360
27367
27429
27433
27439
27443
27470
27502
27530
27548
27561
27567
27579
27594
27606
27610
27628
27697
27710
27735
27737
27742
27747
27749
27761
27794
27848
27852
27885
27888
27890
27938
27983
27989
28001
28007
28017
28032
28069
28088
28101
28109
28129
28145
28174
28181
28191
28210
28224
28231
28260
28262
28282
28285
28316
28318
28368
28374
28395
28406
28424
28428
28472
28476
28492
28512
28526
28538
28560
28603
28621
28624
28652
28659
28672
28694
28699
28702
28736
28754
28799
28840
28844
28851
28858
28861
28874
28900
28907
28923
28967
28978
29013
29049
29061
29089
29092
29102
29106
29139
29146
29174
29176
29194
29200
29220
29243
29260
29332
29369
29370
29410
29426
29438
29465
29498
29522
29536
29542
29562
29577
29584
29606
29607
29639
29649
29670
29681
29718
29734
29747
29752
29764
29770
29771
29810
29812
29823
29844
29845
29852
29870
29874
29879
29906
29908
29916
29970
29976
29978
30011
30012
30015
30049
30076
30096
30126
30182
30191
30211
30251
30267
30293
30322
30375
30398
30421
30430
30450
30453
30478
30481
30492
30507
30524
30564
30566
30586
30590
30711
30726
30737
30775
30780
30781
30785
30787
30847
30848
30849
30894
30926
30933
30938
30944
30952
30971
30975
30982
30984
31003
31007
31008
31011
31041
31053
31111
31114
31117
31118
31122
31189
31206
31223
31228
31253
31256
31258
31263
31273
31288
31313
31318
31323
31334
31345
31346
31356
31381
31401
31409
31423
31427
31435
31451
31460
31468
31481
31506
31509
31516
31532
31548
31557
31582
31601
31623
31656
31672
31694
31716
31723
31724
31728
31737
31744
31803
31814
31829
31872
31873
31900
31982
32044
32052
32058
32062
32064
32073
32091
32094
32097
32099
32101
32114
32115
32121
32130
32144
32161
32169
32201
32211
32213
32221
32229
32264
32280
32282
32318
32322
32330
32393
32414
32422
32439
32481
32511
32520
32534
32544
32550
32557
32560
32570
32594
32600
32620
32669
32670
32699
32718
32726
32727
32731
32737
32741
32770
32775
32803
32896
32921
32934
32949
32950
32960
32967
32981
33006
33010
33012
33032
33040
33061
33117
33125
33128
33131
33136
33141
33162
33169
33203
33250
33347
33356
33368
33385
33392
33405
33408
33422
33423
33424
33425
33430
33438
33445
33456
33474
33476
33509
33534
33536
33595
33601
33621
33650
33668
33682
33692
33697
33700
33722
33723
33730
33744
33757
33760
33803
33806
33824
33892
33896
33905
33932
33939
34014
34026
34048
34066
34068
34097
34100
34115
34143
34155
34161
34168
34197
34221
34243
34265
34273
34354
34356
34368
34413
34414
34424
34441
34454
34462
34514
34541
34550
34553
34598
34599
34625
34626
34714
34724
34738
34757
34766
34778
34804
34807
34833
34844
34876
34890
34892
34915
34928
34932
34965
34984
35062
35092
35107
35140
35142
35144
35166
35179
35199
35200
35203
35215
35219
35232
35235
35259
35261
35267
35284
35292
35311
35368
35443
35491
35497
35501
35518
35567
35587
35615
35630
35642
35646
35652
35659
35670
35696
35729
35741
35759
35771
35801
35823
35833
35852
35885
35907
35925
35926
35980
35994
36012
36078
36080
36090
36091
36131
36155
36172
36174
36190
36202
36211
36215
36232
36291
36303
36332
36342
36366
36379
36384
36399
36405
36417
36419
36420
36430
36434
36444
36446
36470
36482
36486
36516
36520
36532
36541
36575
36577
36586
36628
36645
36649
36654
36665
36695
36717
36718
36760
36771
36800
36808
36820
36837
36862
36870
36874
36907
36930
36939
36946
36964
36968
37002
37009
37024
37034
37056
37069
37075
37097
37101
37107
37128
37139
37153
37183
37195
37216
37229
37234
37255
37295
37314
37322
37326
37337
37350
37367
37383
37387
37474
37497
37516
37545
37580
37585
37609
37630
37631
37635
37637
37675
37709
37727
37729
37749
37759
37769
37772
37786
37824
37854
37858
37884
37909
37913
37964
37982
37997
38016
38022
38038
38046
38071
38074
38103
38109
38120
38159
38162
38193
38199
38201
38205
38209
38216
38230
38253
38255
38260
38261
38264
38275
38296
38320
38334
38356
38385
38396
38406
38407
38420
38433
38451
38500
38505
38545
38551
38552
38589
38598
38608
38630
38704
38712
38713
38729
38745
38758
38795
38805
38812
38815
38816
38827
38839
38846
38858
38882
38904
38926
38944
38950
38954
38972
39002
39011
39019
39040
39050
39077
39089
39104
39108
39109
39116
39165
39179
39184
39190
39216
39235
39236
39240
39249
39270
39295
39301
39335
39340
39364
39384
39395
39403
39404
39488
39489
39503
39515
39518
39528
39538
39543
39546
39569
39580
39617
39642
39666
39681
39689
39735
39749
39763
39771
39780
39783
39786
39787
39793
39812
39819
39823
39824
39829
39869
39885
39913
39918
39925
39931
39938
39951
39960
39963
39984
39988
40004
40029
40077
40094
40121
40124
40134
40142
40144
40154
40178
40191
40237
40251
40256
40274
40286
40290
40309
40325
40338
40353
40395
40401
40424
40428
40456
40464
40498
40502
40526
40536
40620
40634
40712
40720
40740
40742
40766
40771
40776
40806
40839
40842
40852
40877
40891
40894
40923
40939
40977
41007
41036
41101
41108
41111
41115
41138
41158
41172
41179
41186
41191
41197
41202
41216
41241
41255
41262
41322
41327
41383
41400
41424
41444
41447
41507
41520
41527
41543
41560
41561
41563
41574
41590
41593
41595
41597
41611
41613
41649
41652
41656
41663
41667
41725
41769
41776
41789
41876
41896
41926
41931
41942
41953
41954
41976
41984
41998
42002
42005
42014
42031
42037
42087
42142
42143
42159
42188
42208
42216
42220
42231
42299
42306
42354
42366
42369
42375
42381
42386
42387
42391
42396
42426
42444
42455
42504
42508
42515
42524
42542
42561
42572
42591
42618
42660
42673
42707
42713
42721
42725
42746
42760
42761
42779
42793
42799
42807
42815
42827
42834
42863
42871
42872
42882
42893
42922
42923
42947
42951
42963
42964
42987
43017
43039
43084
43092
43111
43162
43169
43170
43188
43195
43205
43214
43221
43270
43278
43288
43330
43335
43362
43378
43405
43416
43428
43431
43439
43460
43467
43478
43489
43506
43521
43524
43544
43564
43590
43598
43643
43665
43675
43680
43698
43702
43709
43725
43727
43737
43773
43780
43802
43813
43815
43821
43854
43871
43883
43940
43944
43945
43964
43982
43993
44047
44068
44069
44098
44117
44124
44162
44207
44252
44256
44257
44272
44276
44300
44305
44306
44344
44369
44374
44385
44408
44427
44462
44477
44481
44530
44548
44550
44554
44569
44576
44583
44591
44621
44624
44648
44650
44652
44676
44692
44694
44707
44709
44711
44712
44716
44721
44726
44748
44768
44778
44792
44807
44809
44823
44898
44912
44935
44940
44961
44992
45014
45025
45027
45029
45032
45037
45053
45087
45090
45099
45101
45153
45159
45185
45189
45195
45197
45201
45232
45246
45248
45249
45263
45267
45278
45281
45282
45304
45316
45348
45356
45383
45385
45430
45451
45476
45477
45479
45489
45491
45514
45522
45523
45550
45567
45571
45580
45583
45585
45592
45607
45618
45624
45628
45630
45639
45642
45682
45705
45713
45717
45725
45741
45746
45805
45820
45848
45884
45895
45899
45926
45948
45955
45956
45998
46009
46016
46044
46064
46083
46109
46139
46140
46149
46177
46182
46188
46197
46238
46314
46318
46333
46378
46382
46409
46411
46413
46418
46474
46503
46564
46582
46589
46623
46642
46679
46683
46696
46731
46738
46747
46752
46754
46755
46777
46797
46798
46810
46827
46830
46837
46845
46846
46873
46879
46902
46904
46907
46913
46914
46924
46934
46940
47001
47014
47018
47028
47029
47063
47083
47094
47131
47152
47177
47194
47201
47227
47248
47264
47318
47342
47350
47412
47479
47487
47488
47495
47512
47534
47558
47561
47572
47595
47597
47606
47630
47653
47656
47657
47729
47731
47751
47754
47787
47839
47864
47911
47919
47927
47944
47952
47991
48001
48046
48058
48083
48088
48093
48094
48107
48115
48133
48136
48146
48151
48155
48195
48196
48206
48207
48211
48223
48236
48253
48261
48267
48295
48335
48345
48382
48384
48388
48397
48425
48444
48452
48462
48482
48496
48536
48539
48567
48583
48607
48633
48684
48719
48724
48754
48794
48796
48798
48818
48847
48848
48849
48872
48909
48953
48976
48999
49012
49028
49051
49064
49086
49132
49151
49169
49220
49225
49247
49251
49261
49297
49305
49310
49341
49346
49353
49355
49359
49372
49393
49397
49439
49498
49521
49531
49540
49569
49570
49579
49607
49626
49691
49711
49752
49816
49834
49835
49861
49872
49874
49881
49887
49897
49908
49913
49924
49951
50005
50011
50017
50073
50096
50140
50169
50179
50241
50243
50263
50267
50279
50295
50364
50403
50418
50423
50442
50458
50466
50499
50512
50526
50527
50532
50538
50557
50558
50577
50584
50589
50616
50635
50671
50680
50697
50731
50740
50747
50767
50800
50814
50828
50843
50857
50860
50880
50884
50902
50934
50955
50964
50966
51004
51008
51029
51051
51070
51071
51103
51130
51136
51155
51229
51259
51263
51264
51278
51352
51355
51377
51397
51410
51421
51428
51454
51480
51483
51486
51499
51508
51513
51541
51556
51561
51569
51581
51631
51643
51703
51704
51708
51712
51713
51719
51723
51725
51747
51790
51812
51813
51823
51865
51871
51903
51929
51964
51978
52027
52049
52091
52147
52213
52215
52223
52283
52312
52323
52355
52362
52366
52368
52369
52388
52440
52456
52488
52511
52518
52525
52532
52542
52575
52641
52645
52658
52665
52668
52682
52696
52711
52715
52739
52748
52755
52764
52781
52798
52813
52861
52902
52940
52976
52996
53010
53033
53043
53077
53090
53106
53116
53126
53132
53159
53201
53205
53216
53262
53325
53348
53352
53354
53386
53417
53431
53454
53467
53478
53510
53526
53563
53566
53576
53594
53601
53606
53639
53640
53661
53718
53722
53725
53740
53748
53770
53772
53779
53844
53864
53871
53885
53886
53888
53892
53929
53938
53939
53965
53973
53989
53998
54013
54027
54035
54042
54044
54057
54059
54061
54103
54111
54115
54121
54125
54133
54137
54154
54157
54172
54179
54196
54203
54216
54224
54235
54246
54283
54285
54294
54305
54312
54342
54385
54397
54400
54409
54411
54435
54441
54524
54533
54544
54548
54551
54560
54585
54598
54619
54636
54637
54662
54684
54716
54733
54740
54805
54822
54830
54837
54869
54890
54895
54906
54925
54927
54932
54934
55063
55065
55081
55141
55172
55180
55190
55245
55250
55272
55307
55313
55316
55356
55363
55374
55389
55393
55397
55410
55418
55426
55428
55432
55442
55447
55470
55486
55488
55525
55580
55603
55623
55655
55686
55706
55707
55723
55773
55777
55811
55852
55883
55891
55927
55955
55961
55980
56005
56011
56022
56036
56044
56047
56094
56107
56167
56184
56185
56195
56215
56247
56256
56263
56270
56297
56305
56312
56338
56345
56356
56357
56384
56411
56431
56435
56496
56505
56509
56520
56554
56559
56610
56617
56633
56643
56707
56717
56722
56724
56726
56776
56778
56788
56804
56806
56816
56818
56852
56853
56855
56872
56873
56883
56897
56924
56932
56947
56950
56966
56970
57082
57119
57124
57173
57184
57187
57188
57214
57216
57233
57251
57270
57305
57334
57351
57382
57400
57401
57409
57424
57459
57495
57535
57542
57559
57567
57589
57617
57620
57633
57656
57662
57668
57675
57703
57724
57731
57743
57756
57779
57785
57797
57800
57841
57865
57886
57892
57894
57914
57916
57938
57950
57963
57966
58002
58007
58009
58017
58033
58036
58096
58100
58133
58142
58182
58217
58260
58265
58289
58291
58318
58339
58379
58403
58414
58421
58428
58435
58442
58488
58500
58504
58513
58526
58531
58559
58586
58588
58595
58599
58609
58615
58624
58632
58640
58658
58660
58661
58675
58678
58700
58707
58733
58754
58795
58800
58807
58810
58829
58848
58850
58904
58906
58925
58943
58947
58999
59029
59037
59051
59053
59061
59071
59087
59117
59135
59165
59187
59203
59209
59218
59219
59225
59229
59230
59262
59278
59296
59298
59305
59326
59328
59330
59348
59351
59393
59397
59401
59404
59456
59457
59481
59485
59510
59511
59525
59538
59586
59601
59606
59621
59645
59649
59656
59686
59705
59743
59765
59780
59785
59793
59829
59841
59879
59891
59892
59906
59923
59924
59947
59956
59989
59996
60009
60019
60028
60038
60043
60092
60098
60110
60111
60115
60117
60140
60183
60269
60291
60295
60342
60385
60388
60414
60451
60455
60462
60528
60586
60617
60631
60633
60635
60643
60678
60704
60718
60753
60754
60801
60825
60827
60828
60833
60856
60866
60873
60874
60900
60905
60924
60937
60945
60955
60964
60997
61003
61007
61093
61102
61149
61157
61167
61177
61179
61181
61196
61205
61219
61232
61236
61238
61285
61361
61373
61451
61460
61486
61490
61503
61515
61603
61621
61629
61634
61637
61651
61669
61677
61678
61695
61702
61740
61756
61767
61769
61777
61789
61812
61825
61835
61851
61853
61854
61864
61883
61884
61892
61938
61942
61972
61973
61989
61998
62015
62025
62088
62101
62112
62135
62142
62164
62165
62175
62177
62201
62204
62208
62235
62249
62258
62276
62286
62328
62339
62349
62366
62397
62438
62472
62519
62545
62560
62599
62616
62661
62670
62686
62724
62748
62750
62757
62774
62799
62881
62884
62888
62905
62915
62919
62927
62954
62968
62998
63029
63036
63047
63057
63062
63088
63089
63098
63122
63125
63127
63175
63182
63200
63222
63234
63247
63261
63276
63287
63299
63302
63303
63307
63315
63334
63351
63371
63388
63391
63395
63401
63434
63450
63463
63491
63546
63581
63603
63607
63616
63641
63655
63740
63751
63756
63823
63824
63828
63845
63868
63876
63887
63890
63898
63900
63907
63978
64011
64017
64063
64113
64136
64149
64162
64169
64176
64195
64201
64208
64216
64232
64258
64274
64306
64308
64312
64314
64334
64345
64356
64357
64360
64412
64418
64432
64433
64445
64451
64456
64474
64498
64508
64525
64548
64551
64572
64575
64577
64579
64583
64703
64732
64751
64771
64775
64791
64807
64817
64857
64872
64883
64896
64914
64930
64936
64969
65011
65014
65025
65052
65057
65116
65139
65169
65199
65201
65292
65303
65341
65344
65356
65364
65395
65405
65414
65418
65422
65430
65448
65458
65466
65518
65547
65555
65569
65584
65606
65624
65646
65648
65655
65676
65699
65713
65737
65760
65771
65805
65836
65839
65884
65892
65947
65972
65975
65983
65986
66007
66009
66014
66022
66036
66091
66114
66142
66153
66158
66163
66171
66182
66191
66218
66225
66227
66231
66238
66269
66273
66311
66344
66375
66384
66432
66440
66455
66459
66460
66465
66469
66507
66531
66537
66577
66593
66605
66607
66609
66615
66619
66644
66645
66656
66664
66674
66701
66729
66738
66746
66753
66755
66762
66783
66792
66797
66799
66806
66825
66831
66852
66854
66855
66877
66921
66923
66950
66957
66969
66970
66985
67004
67008
67013
67024
67035
67040
67055
67073
67076
67080
67091
67116
67189
67217
67307
67320
67340
67341
67343
67363
67383
67388
67394
67399
67407
67416
67444
67450
67454
67463
67468
67476
67519
67522
67543
67545
67574
67597
67611
67617
67618
67634
67688
67725
67745
67757
67771
67809
67811
67826
67847
67879
67884
67917
67937
67952
67974
68001
68014
68018
68032
68040
68074
68078
68079
68082
68101
68116
68127
68134
68148
68203
68209
68223
68226
68257
68272
68314
68326
68364
68380
68383
68391
68421
68472
68473
68478
68491
68498
68508
68511
68520
68522
68546
68588
68591
68596
68610
68630
68670
68674
68675
68676
68696
68708
68729
68732
68741
68749
68757
68758
68770
68787
68817
68845
68847
68849
68855
68867
68871
68876
68900
68919
68940
68950
68958
68960
68984
68985
69003
69053
69072
69088
69102
69103
69104
69121
69144
69146
69168
69179
69195
69210
69216
69230
69280
69318
69348
69350
69352
69365
69375
69397
69403
69404
69413
69455
69471
69475
69500
69539
69548
69550
69572
69573
69617
69623
69638
69643
69678
69683
69702
69708
69712
69723
69754
69770
69773
69777
69877
69889
69899
69932
69941
69945
69976
69990
70006
70027
70070
70104
70130
70138
70145
70149
70224
70241
70245
70275
70281
70324
70362
70421
70423
70444
70470
70472
70493
70508
70514
70519
70536
70547
70551
70553
70563
70569
70591
70618
70621
70634
70665
70678
70688
70708
70717
70725
70726
70728
70744
70763
70773
70816
70818
70829
70860
70864
70865
70899
70915
70929
70941
70977
70986
71000
71020
71052
71056
71058
71065
71091
71100
71149
71161
71165
71174
71255
71268
71281
71294
71344
71354
71369
71404
71413
71425
71460
71503
71522
71530
71569
71592
71596
71663
71664
71671
71701
71731
71738
71740
71765
71768
71774
71792
71799
71828
71832
71833
71834
71875
71913
71930
71938
71943
71968
71995
72009
72029
72040
72045
72093
72099
72124
72126
72184
72189
72192
72195
72208
72221
72260
72264
72305
72311
72327
72343
72360
72365
72427
72449
72484
72486
72488
72513
72524
72531
72558
72562
72570
72572
72573
72574
72576
72596
72598
72610
72627
72635
72639
72641
72700
72702
72708
72725
72726
72727
72766
72778
72820
72825
72843
72850
72864
72882
72907
72920
72931
72933
72948
72954
73005
73013
73026
73081
73093
73126
73134
73155
73171
73189
73226
73234
73260
73290
73332
73336
73348
73356
73388
73410
73413
73415
73424
73425
73428
73430
73459
73489
73491
73493
73511
73518
73519
73523
73565
73571
73573
73621
73628
73653
73700
73735
73750
73762
73782
73801
73807
73815
73832
73878
73879
73897
73922
73929
73953
73961
73971
73985
73997
74005
74019
74020
74021
74035
74085
74116
74137
74146
74179
74216
74219
74230
74236
74239
74247
74273
74288
74297
74309
74312
74343
74352
74356
74371
74374
74375
74383
74401
74403
74416
74427
74470
74491
74492
74515
74519
74520
74541
74584
74592
74602
74603
74620
74622
74630
74688
74705
74707
74756
74758
74760
74765
74773
74798
74832
74834
74862
74867
74882
74888
74890
74918
74935
74941
74949
74950
74953
74958
74965
74976
74987
75028
75060
75114
75115
75117
75124
75142
75150
75158
75169
75188
75209
75219
75225
75226
75236
75243
75252
75278
75304
75308
75319
75336
75398
75441
75469
75514
75541
75548
75550
75552
75572
75623
75638
75645
75688
75695
75701
75730
75790
75796
75832
75837
75889
75901
75916
75951
75957
75977
76019
76049
76074
76096
76137
76144
76151
76162
76164
76165
76178
76186
76194
76203
76225
76248
76270
76276
76278
76298
76304
76324
76342
76364
76380
76381
76395
76422
76431
76485
76496
76500
76503
76506
76518
76532
76544
76555
76589
76599
76613
76615
76629
76635
76640
76656
76668
76699
76701
76732
76759
76770
76779
76781
76796
76819
76846
76858
76891
76901
76911
76931
76944
76959
76998
76999
77024
77044
77047
77049
77062
77086
77094
77098
77109
77144
77149
77171
77179
77180
77201
77264
77275
77278
77292
77355
77377
77394
77398
77404
77406
77409
77420
77468
77478
77520
77526
77542
77551
77576
77586
77598
77601
77605
77606
77607
77610
77616
77620
77643
77680
77694
77706
77729
77736
77749
77751
77776
77791
77792
77817
77828
77842
77853
77901
77906
77928
77935
77939
77946
77952
77954
77964
77974
77982
77988
77990
78013
78027
78031
78047
78061
78104
78128
78154
78161
78184
78229
78264
78313
78317
78319
78320
78322
78355
78370
78375
78377
78381
78383
78403
78420
78421
78422
78433
78461
78476
78491
78511
78536
78561
78565
78594
78625
78626
78627
78649
78669
78726
78739
78743
78771
78797
78809
78832
78918
78922
78926
78957
78958
78992
78994
79005
79012
79021
79029
79084
79086
79089
79094
79096
79098
79102
79110
79118
79120
79124
79147
79149
79150
79161
79186
79194
79200
79201
79205
79223
79224
79236
79277
79287
79327
79345
79386
79435
79479
79484
79499
79501
79525
79572
79584
79594
79615
79620
79624
79626
79634
79666
79667
79668
79690
79694
79696
79714
79752
79758
79772
79814
79815
79818
79850
79851
79854
79871
79898
79901
79907
79930
79959
79975
79994
79995
80000
80013
80016
80021
80082
80107
80124
80129
80150
80168
80182
80193
80204
80209
80215
80224
80226
80242
80246
80255
80272
80312
80328
80331
80341
80345
80349
80351
80357
80358
80393
80405
80447
80448
80462
80464
80469
80487
80498
80503
80544
80571
80624
80632
80717
80719
80731
80744
80769
80780
80782
80783
80784
80794
80799
80836
80841
80849
80865
80882
80887
80891
80908
80932
80949
80960
80981
80982
80994
81026
81040
81079
81092
81099
81102
81110
81133
81140
81169
81174
81188
81202
81203
81216
81235
81241
81249
81258
81320
81326
81352
81371
81383
81442
81451
81514
81516
81520
81547
81552
81568
81575
81593
81620
81668
81678
81694
81697
81723
81725
81727
81755
81765
81786
81788
81790
81798
81815
81848
81864
81913
81945
81974
81984
81999
82020
82022
82025
82026
82062
82068
82081
82145
82156
82175
82195
82207
82209
82239
82262
82267
82307
82313
82335
82350
82416
82432
82475
82500
82512
82553
82559
82590
82597
82604
82629
82645
82647
82655
82663
82670
82692
82704
82756
82783
82791
82796
82807
82813
82817
82823
82856
82867
82886
82900
82912
82932
82933
82936
82938
82965
82980
83034
83042
83092
83094
83101
83167
83174
83204
83216
83229
83248
83310
83331
83363
83381
83410
83420
83429
83473
83476
83526
83533
83553
83563
83567
83572
83587
83590
83639
83652
83654
83666
83676
83691
83700
83707
83740
83745
83753
83758
83766
83776
83800
83804
83817
83824
83850
83852
83866
83897
83901
83920
83931
83934
83940
83948
83955
83976
84000
84011
84040
84051
84063
84138
84149
84156
84215
84234
84274
84279
84302
84311
84340
84379
84382
84401
84420
84466
84495
84526
84527
84559
84564
84592
84593
84603
84622
84637
84646
84654
84715
84720
84746
84780
84790
84794
84802
84806
84836
84848
84858
84911
84941
84943
84978
84981
85042
85067
85087
85200
85204
85214
85220
85228
85251
85261
85262
85297
85298
85394
85464
85481
85484
85495
85512
85522
85559
85568
85573
85591
85602
85610
85677
85683
85690
85712
85717
85719
85724
85736
85740
85748
85752
85767
85773
85849
85854
85863
85877
85892
85894
85898
85901
85940
85965
85966
85970
85975
85979
85999
86001
86005
86027
86031
86041
86058
86060
86065
86073
86103
86121
86164
86186
86194
86208
86247
86275
86283
86284
86287
86289
86319
86344
86345
86369
86371
86378
86379
86388
86401
86403
86415
86427
86448
86452
86462
86467
86470
86523
86529
86550
86587
86599
86600
86616
86621
86626
86627
86644
86665
86673
86678
86682
86696
86705
86764
86765
86772
86773
86790
86797
86835
86864
86869
86873
86882
86885
86910
86938
86947
86973
86988
87002
87012
87020
87022
87081
87088
87096
87105
87115
87123
87141
87155
87183
87228
87264
87325
87334
87335
87337
87351
87352
87378
87416
87440
87452
87473
87479
87524
87534
87545
87558
87561
87571
87595
87608
87611
87628
87634
87645
87646
87649
87658
87664
87684
87690
87698
87750
87771
87796
87808
87812
87823
87831
87833
87861
87863
87876
87905
87918
87940
87950
87975
87999
88001
88024
88069
88075
88080
88091
88139
88143
88174
88175
88204
88270
88279
88285
88337
88354
88371
88373
88393
88400
88403
88436
88472
88480
88485
88492
88520
88531
88535
88540
88544
88557
88567
88620
88626
88645
88652
88654
88674
88706
88707
88715
88726
88741
88790
88794
88814
88815
88817
88824
88825
88827
88859
88874
88880
88907
88914
88940
88954
88956
88969
88972
88975
88977
88979
88981
88997
88998
89024
89033
89040
89051
89064
89081
89087
89125
89167
89210
89216
89252
89269
89304
89334
89345
89389
89405
89429
89435
89451
89458
89468
89469
89470
89493
89512
89527
89530
89540
89547
89563
89582
89616
89637
89654
89660
89678
89687
89694
89696
89698
89727
89744
89791
89813
89834
89835
89860
89863
89873
89875
89899
89918
89919
89923
89946
89958
89960
89964
89998
90000
90008
90039
90047
90052
90070
90080
90082
90084
90092
90095
90097
90102
90106
90112
90150
90178
90188
90255
90270
90283
90296
90370
90385
90399
90400
90426
90438
90442
90495
90497
90533
90545
90562
90569
90571
90597
90608
90627
90628
90635
90654
90674
90679
90691
90696
90702
90726
90739
90755
90778
90793
90811
90834
90846
90852
90857
90878
90890
90896
90900
90937
90939
90966
90974
90983
90987
90994
90997
91005
91008
91012
91031
91039
91063
91077
91083
91122
91123
91132
91145
91176
91188
91189
91241
91252
91284
91299
91303
91351
91361
91367
91386
91401
91407
91408
91424
91428
91470
91477
91488
91495
91499
91507
91520
91570
91576
91605
91621
91638
91673
91691
91706
91737
91748
91779
91780
91808
91824
91829
91851
91854
91913
91934
91945
91947
91949
91962
91979
91981
91998
92079
92103
92109
92120
92133
92161
92205
92207
92221
92222
92279
92330
92367
92396
92428
92440
92456
92461
92483
92498
92524
92542
92544
92556
92580
92594
92621
92622
92649
92653
92688
92706
92738
92754
92764
92785
92811
92832
92878
92896
92919
92958
92962
92969
92974
93023
93056
93068
93075
93089
93103
93118
93125
93162
93223
93232
93243
93274
93293
93298
93307
93353
93382
93398
93452
93462
93467
93479
93498
93502
93510
93513
93583
93593
93595
93611
93612
93617
93625
93630
93666
93679
93715
93723
93733
93772
93773
93788
93804
93859
93894
93901
93908
93928
93934
93942
93955
93962
93984
93988
93996
94022
94031
94059
94107
94108
94111
94115
94124
94150
94193
94233
94239
94259
94279
94309
94316
94324
94327
94352
94361
94383
94405
94415
94443
94448
94512
94521
94524
94575
94602
94615
94627
94641
94659
94660
94676
94681
94699
94729
94746
94803
94821
94840
94856
94895
94908
94936
94940
94962
94999
95004
95018
95019
95023
95030
95031
95048
95052
95063
95067
95084
95092
95102
95106
95108
95127
95142
95147
95159
95160
95170
95180
95181
95193
95200
95204
95207
95215
95243
95248
95268
95271
95275
95319
95323
95326
95349
95370
95373
95374
95435
95449
95453
95512
95513
95526
95528
95539
95543
95549
95593
95612
95615
95624
95638
95646
95656
95674
95690
95706
95725
95785
95796
95805
95824
95878
95895
95900
95914
95921
95977
95978
95988
95998
96067
96071
96096
96105
96155
96174
96187
96200
96213
96225
96246
96251
96253
96270
96272
96339
96354
96372
96385
96393
96394
96407
96416
96422
96423
96427
96458
96465
96469
96480
96489
96513
96585
96587
96592
96644
96645
96672
96689
96698
96755
96765
96767
96801
96838
96862
96870
96878
96906
96921
96928
96930
96933
96966
96976
96979
97015
97034
97039
97065
97066
97087
97099
97135
97157
97179
97198
97214
97229
97269
97281
97311
97340
97407
97414
97438
97452
97454
97463
97466
97487
97514
97536
97547
97552
97599
97611
97620
97627
97642
97664
97695
97710
97717
97756
97760
97785
97790
97816
97842
97850
97856
97858
97865
97872
97911
97924
97936
97942
97947
97958
97966
97968
97996
98027
98029
98047
98051
98053
98083
98089
98128
98153
98174
98222
98237
98259
98285
98299
98333
98369
98373
98389
98402
98420
98428
98441
98443
98445
98477
98485
98494
98507
98518
98525
98553
98562
98589
98593
98596
98618
98637
98643
98648
98653
98678
98721
98739
98745
98750
98783
98784
98786
98808
98822
98826
98896
98904
98920
98941
98948
98967
98970
98973
98974
98994
99003
99004
99022
99027
99048
99064
99075
99079
99104
99108
99154
99155
99164
99179
99204
99217
99231
99245
99259
99273
99305
99318
99342
99344
99371
99372
99377
99378
99394
99420
99426
99429
99464
99489
99503
99523
99528
99542
99580
99618
99620
99668
99687
99691
99721
99738
99741
99744
99763
99787
99831
99847
99897
99898
99905
99915
99934
99942
99946
99950
99986
99999
100001
100016
100039
100126
100138
100141
100150
100157
100170
100171
100188
100201
100208
100210
100302
100308
100322
100334
100355
100380
100396
100399
100416
100419
100447
100491
100494
100495
100496
100499
100518
100548
100554
100603
100622
100631
100644
100666
100692
100708
100758
100770
100791
100827
100831
100903
100950
100961
100990
101033
101041
101047
101051
101062
101084
101094
101095
101105
101126
101128
101129
101174
101207
101208
101223
101225
101227
101230
101238
101278
101280
101331
101334
101345
101371
101380
101385
101405
101422
101447
101449
101451
101486
101512
101513
101552
101561
101564
101569
101583
101588
101601
101603
101640
101646
101655
101658
101660
101672
101674
101692
101699
101709
101710
101720
101722
101732
101736
101737
101738
101751
101802
101839
101855
101860
101862
101865
101867
101899
101907
101928
101931
101950
101952
101954
101972
101977
101995
102016
102036
102042
102078
102113
102135
102138
102151
102169
102193
102202
102214
102226
102230
102243
102244
102308
102321
102342
102345
102346
102350
102358
102381
102404
102413
102421
102423
102448
102451
102506
102510
102529
102530
102548
102572
102588
102596
102617
102635
102639
102649
102666
102681
102699
102708
102712
102720
102749
102760
102770
102775
102791
102804
102830
102855
102872
102873
102888
102893
102932
102955
102965
102966
102978
103031
103033
103045
103080
103099
103115
103150
103175
103191
103207
103240
103250
103251
103263
103318
103343
103373
103385
103396
103451
103457
103464
103466
103472
103486
103498
103499
103552
103564
103577
103597
103621
103685
103703
103704
103743
103782
103793
103822
103836
103881
103912
103925
103948
103951
103972
103982
104003
104010
104012
104030
104070
104074
104086
104107
104109
104111
104114
104133
104149
104160
104178
104250
104264
104271
104316
104334
104336
104343
104350
104351
104376
104383
104392
104416
104434
104456
104471
104475
104490
104492
104508
104518
104540
104545
104546
104549
104595
104604
104614
104615
104625
104644
104698
104707
104714
104744
104791
104803
104824
104828
104847
104856
104888
104893
104901
104918
104926
104939
104956
104974
104975
104985
105033
105035
105047
105063
105068
105083
105099
105154
105160
105166
105168
105191
105201
105213
105215
105237
105254
105255
105319
105339
105345
105378
105405
105409
105413
105433
105442
105494
105505
105519
105547
105567
105569
105570
105573
105620
105622
105659
105695
105714
105722
105728
105729
105748
105790
105823
105824
105831
105854
105856
105916
105923
105929
105930
105938
105945
105970
105993
106023
106078
106080
106084
106114
106121
106138
106156
106157
106179
106185
106189
106196
106204
106216
106221
106242
106281
106305
106324
106339
106377
106384
106399
106414
106418
106455
106457
106470
106503
106508
106556
106579
106588
106627
106642
106643
106677
106681
106687
106739
106757
106768
106775
106817
106826
106830
106839
106860
106862
106917
106922
106938
106943
106945
106949
106962
106971
106989
106992
106993
106996
106999
107009
107018
107031
107048
107062
107064
107066
107071
107114
107116
107126
107130
107136
107164
107172
107202
107245
107255
107279
107285
107312
107321
107330
107340
107352
107360
107361
107366
107368
107381
107382
107394
107405
107434
107455
107482
107514
107524
107535
107566
107576
107599
107605
107612
107637
107639
107644
107680
107756
107763
107771
107791
107795
107807
107828
107842
107846
107848
107864
107867
107883
107913
107915
107952
107956
107979
108015
108021
108032
108033
108049
108061
108092
108100
108163
108183
108185
108186
108208
108222
108229
108230
108246
108270
108286
108307
108315
108316
108317
108338
108349
108377
108453
108506
108530
108537
108540
108554
108571
108592
108597
108660
108680
108686
108725
108729
108731
108736
108737
108750
108754
108762
108788
108790
108798
108806
108813
108819
108887
108899
108917
108923
108940
108947
108974
109000
109029
109071
109092
109112
109120
109137
109140
109164
109181
109183
109234
109240
109270
109277
109295
109322
109338
109341
109342
109345
109365
109377
109385
109391
109393
109414
109428
109434
109456
109508
109527
109540
109550
109596
109599
109626
109629
109657
109660
109674
109676
109710
109719
109726
109773
109786
109787
109791
109838
109840
109902
109910
109968
109982
110023
110047
110048
110063
110066
110069
110090
110107
110114
110117
110127
110136
110183
110185
110238
110247
110263
110274
110295
110312
110337
110347
110351
110358
110360
110401
110442
110449
110516
110542
110560
110567
110576
110606
110640
110651
110674
110675
110696
110697
110761
110769
110811
110820
110845
110874
110875
110885
110920
110921
110934
110951
110994
110996
110997
111011
111020
111040
111074
111178
111196
111206
111239
111260
111277
111317
111323
111358
111359
111386
111398
111404
111428
111430
111465
111473
111499
111531
111561
111585
111600
111635
111664
111672
111732
111736
111741
111743
111750
111758
111766
111769
111772
111780
111796
111801
111859
111878
111886
111897
111947
111953
111972
111976
111977
111987
112002
112007
112018
112049
112051
112062
112086
112095
112099
112132
112148
112150
112168
112190
112193
112205
112224
112243
112245
112246
112253
112268
112271
112286
112287
112294
112303
112326
112343
112359
112373
112423
112425
112451
112453
112463
112479
112530
112561
112574
112579
112601
112603
112607
112610
112637
112643
112700
112703
112705
112709
112712
112715
112719
112741
112754
112764
112776
112778
112823
112843
112846
112856
112866
112874
112900
112907
112926
112946
112978
112996
113003
113020
113021
113039
113040
113049
113052
113053
113054
113070
113089
113102
113110
113128
113146
113147
113163
113182
113184
113188
113194
113197
113205
113219
113220
113239
113242
113288
113310
113315
113328
113331
113341
113348
113410
113462
113489
113503
113540
113549
113576
113578
113596
113603
113627
113629
113633
113663
113666
113690
113698
113703
113707
113711
113721
113750
113801
113807
113863
113868
113883
113897
113903
113905
113938
113958
113971
113990
113995
114039
114053
114062
114072
114087
114109
114132
114136
114142
114149
114160
114174
114192
114208
114226
114269
114275
114292
114318
114335
114350
114386
114404
114405
114410
114416
114422
114455
114467
114469
114478
114481
114495
114517
114547
114564
114567
114623
114627
114673
114726
114729
114756
114833
114862
114878
114912
114923
114945
114946
114947
114980
114982
115008
115027
115028
115071
115081
115099
115101
115107
115127
115148
115169
115177
115199
115215
115216
115242
115306
115311
115353
115367
115438
115465
115468
115491
115507
115546
115550
115560
115568
115602
115634
115650
115657
115678
115707
115708
115712
115727
115743
115778
115782
115785
115812
115835
115838
115849
115894
115904
115917
115928
115929
115930
115937
115940
115959
115964
115991
116001
116011
116013
116023
116024
116035
116046
116047
116057
116062
116115
116121
116127
116181
116197
116233
116257
116261
116292
116299
116361
116365
116383
116413
116422
116423
116440
116453
116457
116461
116535
116542
116581
116585
116661
116706
116709
116741
116747
116778
116783
116835
116914
116919
116923
116929
116934
116965
116975
116982
116998
117008
117045
117052
117059
117067
117071
117098
117127
117177
117189
117194
117199
117233
117240
117255
117275
117286
117296
117304
117312
117313
117315
117338
117350
117361
117382
117384
117407
117409
117413
117438
117439
117477
117478
117492
117496
117504
117516
117520
117531
117562
117578
117611
117646
117654
117662
117683
117700
117704
117735
117741
117777
117779
117794
117801
117810
117844
117875
117882
117897
117900
117906
117938
117981
118007
118030
118048
118054
118055
118077
118090
118116
118133
118163
118164
118177
118222
118230
118250
118312
118351
118366
118380
118381
118400
118402
118403
118435
118449
118477
118503
118510
118526
118550
118552
118554
118598
118607
118620
118621
118623
118632
118648
118661
118690
118701
118714
118726
118730
118752
118810
118821
118828
118847
118859
118874
118883
118890
118895
118936
118961
118969
118981
119007
119010
119019
119025
119026
119065
119078
119085
119101
119116
119153
119165
119168
119169
119201
119225
119227
119249
119262
119276
119277
119281
119348
119359
119371
119399
119412
119426
119431
119434
119448
119475
119477
119497
119501
119503
119535
119549
119561
119563
119569
119573
119601
119622
119633
119634
119637
119658
119691
119757
119774
119778
119803
119820
119824
119826
119842
119843
119844
119850
119888
119921
119924
119947
119971
119986
119987
119999
120043
120048
120049
120070
120076
120087
120089
120108
120129
120155
120156
120202
120223
120265
120292
120330
120340
120349
120362
120364
120374
120411
120451
120474
120480
120486
120488
120507
120530
120594
120600
120606
120632
120646
120704
120730
120736
120768
120778
120820
120832
120839
120844
120850
120852
120867
120872
120874
120880
120892
120900
120909
120933
120958
120959
120967
121003
121004
121008
121013
121020
121028
121062
121073
121127
121134
121167
121172
121185
121200
121213
121232
121263
121288
121301
121327
121383
121399
121461
121499
121523
121530
121577
121578
121581
121594
121653
121694
121700
121708
121719
121751
121761
121806
121838
121850
121855
121873
121890
121895
121910
121913
121916
121936
121944
121947
121964
121999
122008
122015
122021
122039
122061
122086
122108
122176
122193
122196
122210
122216
122233
122275
122279
122285
122361
122371
122377
122382
122393
122401
122416
122443
122476
122489
122491
122519
122559
122573
122601
122603
122611
122616
122626
122690
122704
122717
122741
122757
122771
122816
122825
122830
122836
122850
122860
122868
122883
122899
122906
122910
122921
122923
122925
122939
122957
122963
122965
122987
122991
123028
123033
123058
123074
123077
123096
123097
123100
123125
123160
123203
123213
123221
123231
123246
123257
123277
123305
123334
123350
123377
123393
123398
123432
123513
123517
123522
123540
123544
123562
123585
123628
123661
123674
123705
123720
123729
123730
123735
123742
123761
123763
123775
123790
123804
123809
123817
123821
123841
123880
123890
123956
123970
124049
124072
124073
124081
124112
124114
124140
124154
124158
124190
124207
124224
124247
124260
124314
124322
124348
124374
124403
124408
124411
124421
124477
124484
124521
124556
124567
124573
124583
124586
124589
124598
124666
124671
124681
124721
124757
124784
124796
124813
124814
124833
124837
124839
124847
124853
124877
124950
124955
124965
124970
124972
124981
124995
125041
125085
125086
125095
125114
125207
125212
125213
125220
125238
125247
125250
125282
125309
125321
125328
125372
125377
125396
125412
125428
125431
125439
125442
125451
125453
125463
125477
125498
125540
125549
125555
125583
125589
125618
125637
125647
125666
125690
125701
125703
125718
125738
125740
125771
125781
125811
125812
125818
125821
125856
125907
125977
126002
126015
126019
126035
126049
126055
126061
126122
126128
126164
126182
126186
126195
126200
126215
126226
126230
126234
126311
126333
126351
126354
126356
126366
126393
126413
126425
126430
126448
126460
126473
126483
126487
126511
126533
126535
126541
126558
126572
126584
126607
126609
126638
126644
126648
126655
126690
126707
126738
126744
126762
126781
126805
126812
126855
126877
126881
126891
126915
126917
126922
126934
126986
127000
127007
127008
127012
127054
127062
127069
127092
127131
127139
127142
127185
127213
127236
127267
127268
127291
127306
127329
127331
127344
127369
127387
127391
127416
127494
127519
127553
127554
127590
127596
127630
127659
127703
127704
127723
127728
127731
127751
127770
127780
127791
127806
127854
127872
127878
127881
127884
127893
127897
127917
127922
127940
127942
127956
127958
127971
127981
127982
127987
128000
128012
128023
128034
128043
128053
128055
128080
128089
128092
128121
128123
128130
128148
128161
128167
128176
128177
128179
128226
128234
128235
128240
128264
128295
128319
128321
128323
128344
128359
128361
128379
128393
128420
128422
128428
128451
128455
128467
128478
128484
128501
128548
128556
128601
128624
128667
128671
128673
128698
128699
128705
128711
128715
128757
128765
128773
128776
128783
128798
128799
128805
128821
128856
128863
128866
128874
128879
128890
128906
128916
128917
128938
128955
128966
128971
128977
128990
128999
129001
129006
129066
129070
129086
129099
129123
129144
129186
129202
129205
129223
129247
129254
129296
129320
129337
129347
129443
129457
129476
129501
129513
129522
129524
129541
129545
129553
129561
129588
129590
129615
129616
129623
129643
129670
129694
129696
129717
129724
129732
129739
129764
129807
129844
129853
129855
129883
129887
129906
129944
129957
129994
130037
130048
130088
130107
130132
130157
130160
130212
130215
130222
130261
130275
130278
130306
130335
130377
130391
130408
130418
130423
130464
130495
130500
130501
130505
130514
130528
130571
130573
130575
130606
130612
130613
130618
130629
130631
130632
130642
130646
130654
130658
130678
130691
130732
130738
130742
130743
130756
130781
130795
130832
130837
130844
130849
130875
130903
130906
130912
130936
130960
130975
130997
131050
131052
131069
131109
131125
131134
131176
131180
131197
131220
131290
131317
131326
131357
131386
131433
131448
131450
131452
131463
131496
131500
131507
131517
131580
131613
131632
131649
131697
131788
131804
131841
131855
131869
131870
131885
131887
131889
131909
131946
131953
131969
131985
132011
132029
132045
132047
132069
132091
132095
132120
132132
132135
132148
132154
132160
132179
132181
132204
132229
132237
132241
132244
132287
132336
132340
132361
132381
132382
132405
132431
132521
132540
132544
132567
132577
132588
132593
132605
132649
132655
132657
132668
132688
132702
132707
132724
132753
132763
132767
132782
132790
132795
132809
132822
132830
132832
132849
132851
132886
132890
132891
132901
132918
132919
132954
133003
133005
133024
133048
133077
133081
133082
133091
133115
133130
133162
133169
133206
133251
133271
133280
133292
133313
133318
133327
133364
133376
133384
133409
133462
133488
133520
133534
133545
133554
133570
133574
133583
133586
133599
133652
133683
133705
133718
133722
133730
133742
133744
133746
133782
133787
133795
133802
133810
133829
133832
133834
133866
133867
133870
133913
133915
133926
133961
134008
134015
134043
134049
134051
134061
134078
134085
134086
134123
134136
134151
134175
134197
134234
134272
134273
134293
134300
134331
134346
134391
134409
134411
134435
134436
134445
134461
134479
134483
134501
134522
134527
134538
134552
134560
134572
134584
134586
134588
134631
134647
134658
134672
134685
134692
134736
134738
134746
134799
134815
134835
134840
134849
134863
134868
134881
134901
134902
134909
134911
134924
134934
134951
134964
134976
134999
135001
135061
135098
135133
135141
135157
135185
135228
135245
135249
135283
135295
135320
135327
135359
135362
135411
135415
135429
135497
135504
135511
135515
135528
135539
135541
135553
135558
135559
135563
135587
135615
135622
135637
135649
135650
135657
135708
135725
135740
135781
135814
135821
135825
135852
135857
135859
135873
135875
135882
135888
135915
135983
135987
136000
136063
136076
136078
136079
136087
136104
136118
136125
136139
136143
136150
136162
136189
136192
136198
136209
136218
136220
136240
136244
136276
136283
136310
136318
136324
136360
136361
136379
136386
136396
136423
136440
136446
136457
136479
136508
136509
136534
136556
136559
136569
136594
136602
136623
136654
136685
136702
136706
136708
136760
136804
136829
136833
136847
136876
136899
136925
136930
136947
136954
136963
136974
136984
136986
136998
137000
137046
137050
137059
137060
137099
137137
137146
137176
137196
137205
137216
137224
137230
137232
137251
137254
137281
137331
137349
137374
137379
137383
137398
137402
137426
137439
137463
137466
137481
137518
137548
137560
137566
137583
137614
137615
137629
137632
137685
137709
137713
137714
137715
137722
137740
137749
137753
137775
137784
137795
137797
137804
137807
137838
137860
137865
137868
137878
137891
137893
137901
137907
137917
137947
137979
138001
138016
138019
138034
138070
138079
138106
138132
138133
138139
138156
138174
138184
138212
138235
138251
138262
138275
138288
138312
138326
138336
138392
138394
138401
138404
138454
138467
138468
138469
138481
138499
138523
138540
138629
138643
138657
138665
138687
138701
138738
138744
138747
138753
138754
138769
138770
138776
138786
138789
138812
138815
138836
138911
138912
138919
138937
139020
139028
139045
139059
139064
139095
139135
139145
139147
139151
139159
139175
139196
139204
139226
139253
139260
139261
139262
139279
139292
139302
139321
139328
139333
139334
139419
139424
139426
139441
139470
139476
139507
139526
139535
139544
139596
139603
139616
139632
139657
139730
139752
139756
139759
139812
139813
139833
139856
139857
139877
139888
139926
139965
139982
140004
140042
140054
140083
140093
140155
140162
140177
140197
140200
140222
140228
140229
140236
140259
140261
140263
140265
140287
140294
140295
140358
140360
140365
140386
140391
140407
140419
140462
140473
140500
140532
140534
140543
140549
140581
140601
140631
140638
140644
140678
140690
140726
140729
140742
140744
140746
140772
140824
140835
140877
140892
140907
140910
140927
140931
140933
140938
140951
140988
140998
141008
141061
141091
141095
141100
141150
141154
141158
141160
141183
141193
141208
141212
141221
141243
141263
141289
141307
141359
141393
141403
141425
141435
141445
141465
141486
141490
141493
141528
141540
141544
141588
141591
141600
141614
141621
141638
141652
141660
141679
141700
141739
141740
141746
141750
141775
141799
141809
141818
141842
141883
141885
141893
141897
141914
141926
141928
141938
141954
141959
141966
141970
142004
142024
142041
142080
142095
142104
142130
142137
142147
142168
142188
142199
142212
142216
142232
142273
142332
142421
142434
142438
142478
142514
142519
142539
142584
142589
142607
142640
142645
142667
142680
142738
142740
142751
142796
142806
142809
142820
142823
142836
142839
142862
142893
142897
142899
142923
142927
143001
143016
143039
143047
143052
143057
143073
143074
143104
143140
143190
143191
143201
143263
143269
143288
143398
143424
143484
143491
143519
143525
143531
143547
143558
143577
143593
143599
143600
143646
143685
143698
143702
143704
143725
143739
143747
143752
143765
143766
143819
143826
143831
143839
143843
143869
143890
143893
143894
143900
143904
143918
143922
143941
143998
144012
144048
144055
144077
144098
144113
144123
144180
144192
144198
144218
144224
144232
144248
144254
144283
144298
144331
144344
144346
144355
144372
144403
144430
144493
144495
144549
144551
144593
144632
144676
144682
144692
144697
144717
144728
144753
144754
144758
144764
144781
144799
144800
144814
144853
144871
144897
144918
144923
144951
144958
144970
144996
144999
145049
145058
145065
145068
145076
145087
145097
145111
145122
145134
145149
145158
145165
145166
145167
145201
145204
145208
145213
145214
145215
145236
145250
145272
145301
145311
145331
145332
145333
145343
145397
145408
145410
145412
145416
145421
145432
145451
145457
145478
145494
145499
145513
145526
145579
145610
145633
145642
145652
145656
145662
145668
145677
145687
145695
145702
145703
145709
145740
145747
145769
145770
145793
145802
145835
145840
145882
145906
145916
145918
145977
146025
146050
146063
146065
146078
146109
146119
146129
146145
146147
146160
146191
146217
146226
146251
146258
146308
146339
146357
146359
146384
146401
146422
146445
146446
146450
146451
146454
146465
146504
146510
146521
146560
146584
146607
146610
146618
146658
146661
146670
146675
146687
146695
146696
146709
146736
146804
146821
146825
146839
146853
146877
146885
146904
146909
146915
146916
146917
146972
146976
146987
146989
146999
147002
147019
147084
147107
147148
147166
147170
147176
147230
147248
147281
147302
147306
147311
147330
147333
147352
147355
147376
147430
147435
147442
147452
147486
147505
147516
147524
147532
147556
147567
147611
147638
147664
147699
147739
147746
147747
147796
147803
147827
147850
147890
147902
147941
147957
148003
148011
148045
148117
148120
148127
148134
148136
148138
148139
148157
148163
148165
148169
148211
148218
148226
148264
148265
148266
148276
148330
148339
148354
148366
148391
148397
148403
148420
148456
148469
148470
148506
148515
148525
148529
148545
148565
148584
148601
148636
148640
148693
148694
148733
148773
148786
148800
148816
148822
148850
148912
148914
148918
148935
148954
148972
148973
148987
148993
149003
149060
149067
149091
149098
149101
149102
149108
149114
149121
149174
149176
149181
149184
149207
149217
149264
149289
149341
149370
149373
149392
149404
149405
149417
149421
149424
149432
149436
149494
149502
149511
149517
149521
149528
149530
149564
149566
149574
149604
149627
149653
149665
149690
149731
149735
149774
149781
149789
149791
149796
149809
149830
149837
149896
149898
149950
149988
149994
150019
150036
150080
150094
150105
150110
150117
150162
150214
150221
150248
150255
150286
150289
150297
150299
150332
150337
150359
150405
150406
150449
150456
150466
150479
150484
150508
150523
150527
150556
150562
150624
150638
150667
150684
150688
150713
150722
150759
150777
150802
150815
150855
150890
150901
150907
150917
150933
150948
151014
151016
151038
151054
151072
151125
151165
151200
151210
151215
151227
151249
151256
151328
151337
151340
151354
151369
151390
151413
151446
151450
151458
151463
151477
151493
151519
151539
151613
151620
151629
151645
151668
151686
151688
151699
151708
151713
151759
151816
151836
151847
151885
151888
151893
151958
151960
151971
151986
152008
152020
152028
152034
152039
152042
152045
152047
152074
152099
152127
152128
152129
152148
152161
152175
152192
152198
152200
152201
152217
152230
152282
152295
152312
152322
152328
152361
152373
152394
152397
152450
152477
152487
152488
152505
152522
152527
152548
152568
152603
152618
152621
152655
152668
152669
152675
152677
152703
152725
152766
152776
152778
152780
152797
152800
152806
152827
152856
152862
152874
152886
152908
152911
152932
152939
152985
153008
153023
153044
153051
153066
153120
153124
153142
153150
153152
153154
153160
153165
153214
153222
153235
153239
153245
153258
153269
153273
153295
153310
153323
153331
153346
153367
153428
153432
153433
153440
153443
153450
153459
153474
153500
153512
153514
153543
153548
153550
153569
153602
153628
153637
153646
153657
153664
153665
153683
153700
153702
153712
153717
153718
153766
153767
153776
153804
153806
153822
153847
153861
153879
153881
153911
153922
153932
153934
154014
154019
154021
154038
154051
154068
154073
154094
154124
154134
154165
154175
154176
154189
154204
154214
154223
154279
154320
154333
154345
154349
154354
154376
154389
154421
154426
154464
154492
154499
154514
154518
154519
154529
154538
154559
154564
154598
154608
154614
154649
154651
154655
154664
154683
154697
154781
154789
154797
154806
154861
154866
154881
154904
154909
154910
154927
154943
154953
154981
155031
155034
155048
155054
155063
155079
155088
155107
155122
155143
155159
155162
155183
155190
155205
155254
155256
155261
155370
155372
155393
155394
155402
155414
155421
155484
155554
155571
155579
155592
155612
155625
155635
155654
155730
155753
155757
155848
155852
155864
155884
155889
155901
155950
155951
155970
155972
155975
156004
156009
156043
156058
156123
156126
156135
156136
156148
156204
156207
156218
156220
156258
156267
156273
156286
156288
156292
156322
156337
156347
156361
156377
156389
156394
156414
156427
156431
156443
156496
156543
156559
156580
156617
156653
156695
156716
156738
156741
156750
156757
156763
156817
156829
156837
156842
156843
156876
156895
156921
156923
156926
156928
156966
156991
156993
157002
157040
157054
157055
157093
157094
157144
157172
157192
157208
157259
157273
157274
157303
157317
157370
157411
157419
157456
157470
157479
157497
157509
157520
157540
157568
157570
157590
157604
157620
157638
157644
157657
157658
157660
157668
157683
157716
157718
157721
157730
157751
157763
157785
157788
157794
157799
157817
157869
157870
157871
157880
157893
157910
157918
157943
157947
157949
157994
158017
158024
158034
158104
158116
158133
158140
158141
158150
158171
158176
158190
158232
158234
158237
158246
158261
158268
158277
158279
158286
158294
158310
158312
158326
158363
158380
158383
158403
158423
158432
158446
158480
158484
158492
158496
158509
158531
158554
158556
158560
158574
158601
158629
158635
158666
158668
158677
158684
158705
158712
158740
158742
158764
158781
158846
158860
158862
158865
158927
158980
158997
159009
159031
159047
159056
159084
159090
159095
159103
159116
159150
159162
159243
159266
159305
159320
159326
159351
159356
159364
159371
159403
159416
159418
159421
159432
159448
159453
159454
159496
159515
159560
159594
159597
159635
159649
159656
159678
159736
159755
159759
159768
159802
159809
159846
159874
159899
159903
159909
159932
159942
159948
159971
159973
159974
159996
160005
160009
160022
160051
160058
160064
160118
160146
160204
160218
160220
160222
160272
160310
160322
160330
160334
160346
160352
160370
160387
160415
160424
160425
160483
160538
160578
160622
160626
160630
160649
160684
160687
160689
160694
160715
160760
160761
160778
160779
160792
160806
160832
160849
160850
160866
160870
160896
160905
160914
160920
160928
160929
160964
161000
161010
161014
161025
161041
161059
161062
161070
161076
161080
161082
161097
161103
161114
161124
161179
161189
161205
161221
161229
161239
161278
161300
161313
161331
161339
161367
161368
161374
161393
161395
161396
161398
161402
161416
161441
161449
161454
161533
161556
161607
161618
161663
161666
161668
161671
161684
161708
161750
161756
161764
161771
161792
161808
161825
161826
161827
161829
161838
161853
161862
161870
161875
161888
161897
161915
161917
161925
161940
161967
161973
161996
162002
162023
162044
162055
162057
162075
162076
162078
162097
162125
162133
162151
162158
162180
162189
162230
162233
162237
162250
162259
162280
162281
162285
162317
162322
162373
162375
162381
162409
162448
162481
162483
162491
162589
162610
162612
162613
162625
162648
162653
162657
162664
162670
162674
162693
162747
162754
162759
162762
162789
162807
162843
162848
162852
162854
162862
162883
162886
162915
162944
162954
162966
162988
163006
163008
163020
163030
163044
163049
163050
163072
163079
163124
163127
163138
163142
163147
163189
163201
163207
163224
163229
163243
163272
163281
163321
163325
163338
163346
163406
163411
163437
163448
163453
163500
163504
163514
163516
163520
163536
163553
163590
163594
163596
163605
163619
163628
163644
163657
163662
163696
163736
163758
163776
163787
163792
163807
163813
163864
163878
163912
163927
163928
163955
163962
163983
163997
164001
164004
164032
164043
164055
164118
164158
164161
164174
164177
164204
164224
164246
164275
164308
164335
164337
164352
164376
164377
164422
164427
164451
164466
164486
164489
164490
164502
164514
164531
164570
164583
164590
164650
164666
164670
164698
164747
164749
164753
164770
164781
164810
164813
164814
164825
164827
164830
164856
164880
164882
164907
164910
164921
164924
164927
164936
164948
164968
164970
164992
164994
165008
165021
165043
165054
165090
165112
165118
165163
165212
165245
165292
165294
165296
165303
165311
165313
165354
165371
165376
165412
165446
165457
165494
165507
165553
165593
165611
165640
165645
165651
165717
165723
165729
165771
165773
165779
165786
165792
165796
165804
165806
165835
165849
165869
165878
165879
165883
165892
165905
165909
165936
165940
165947
165948
165971
165982
166002
166012
166024
166056
166062
166064
166090
166093
166097
166117
166140
166141
166156
166164
166180
166214
166251
166289
166319
166349
166369
166374
166384
166392
166396
166405
166421
166442
166452
166495
166496
166501
166529
166605
166610
166621
166625
166649
166652
166688
166698
166699
166720
166733
166736
166778
166782
166783
166789
166794
166802
166807
166832
166857
166871
166895
166906
166936
166966
166967
166987
167025
167041
167050
167081
167103
167111
167132
167143
167152
167212
167213
167217
167219
167245
167274
167276
167278
167280
167298
167311
167355
167368
167374
167398
167437
167446
167456
167458
167468
167560
167569
167573
167574
167587
167597
167616
167618
167634
167654
167661
167672
167694
167721
167766
167776
167794
167796
167801
167812
167818
167823
167855
167877
167886
167891
167902
167930
167942
167981
167995
168002
168006
168011
168041
168072
168087
168101
168128
168192
168211
168221
168226
168239
168241
168248
168254
168284
168298
168300
168304
168312
168338
168376
168380
168381
168397
168398
168417
168433
168446
168460
168469
168478
168484
168509
168567
168576
168594
168626
168654
168662
168666
168695
168703
168709
168711
168718
168735
168745
168750
168763
168790
168813
168814
168819
168833
168857
168951
168964
168975
168989
169011
169021
169038
169048
169071
169080
169081
169085
169116
169131
169137
169144
169155
169175
169210
169229
169246
169251
169255
169263
169269
169287
169310
169324
169326
169340
169344
169357
169368
169426
169431
169452
169460
169498
169499
169524
169525
169544
169562
169606
169609
169625
169633
169638
169660
169721
169726
169734
169735
169746
169771
169800
169842
169872
169880
169925
169950
169951
169964
169975
169990
169993
170050
170058
170061
170069
170075
170082
170090
170163
170184
170211
170242
170245
170249
170258
170278
170292
170351
170357
170366
170375
170386
170393
170403
170405
170426
170434
170445
170446
170474
170475
170491
170503
170508
170509
170510
170524
170556
170588
170594
170608
170612
170615
170683
170699
170723
170780
170797
170835
170837
170856
170871
170891
170901
170906
170976
170998
171017
171069
171095
171099
171103
171122
171125
171133
171205
171207
171238
171278
171293
171294
171296
171300
171312
171313
171323
171350
171361
171375
171376
171380
171385
171394
171415
171441
171447
171473
171480
171492
171532
171553
171555
171570
171576
171620
171635
171655
171670
171679
171697
171701
171713
171740
171742
171754
171758
171783
171792
171808
171823
171834
171836
171844
171866
171883
171901
171919
171934
171936
171947
171974
171980
171993
171997
171999
172001
172008
172032
172042
172049
172066
172072
172086
172087
172089
172111
172112
172152
172159
172176
172210
172217
172231
172265
172271
172292
172294
172295
172305
172317
172337
172345
172415
172416
172417
172423
172434
172435
172495
172504
172512
172549
172552
172572
172575
172619
172671
172714
172800
172802
172804
172810
172815
172820
172829
172836
172846
172864
172907
172909
172912
172913
172915
172919
172929
172934
172937
172941
172954
172982
172983
173027
173057
173066
173078
173089
173108
173123
173124
173127
173147
173149
173208
173213
173243
173250
173263
173288
173320
173333
173340
173375
173380
173382
173384
173392
173415
173428
173435
173439
173462
173467
173470
173499
173513
173588
173606
173620
173623
173658
173664
173713
173715
173716
173717
173720
173724
173746
173791
173799
173804
173815
173826
173908
173927
173928
173929
173945
173969
173996
174001
174041
174044
174051
174055
174064
174093
174160
174191
174230
174252
174280
174290
174346
174358
174359
174360
174364
174390
174394
174427
174436
174443
174444
174460
174473
174477
174486
174491
174516
174534
174562
174590
174606
174644
174650
174662
174671
174692
174694
174700
174714
174723
174774
174778
174781
174786
174799
174841
174842
174883
174885
174915
174923
174928
174942
174951
174955
175020
175070
175075
175077
175083
175091
175097
175111
175132
175152
175159
175180
175222
175271
175272
175289
175298
175299
175321
175324
175327
175403
175407
175412
175424
175434
175436
175486
175488
175493
175534
175554
175558
175592
175597
175615
175652
175695
175706
175720
175727
175743
175745
175762
175794
175822
175829
175835
175855
175885
175895
175904
175908
175922
175931
175934
175938
175943
175950
175972
175973
175997
175999
176012
176014
176020
176033
176041
176058
176068
176073
176096
176180
176187
176214
176258
176273
176323
176374
176396
176400
176440
176441
176451
176460
176495
176527
176570
176601
176602
176611
176627
176628
176657
176668
176688
176689
176702
176731
176747
176775
176779
176802
176821
176827
176830
176836
176849
176855
176858
176880
176910
176952
177002
177011
177032
177041
177048
177057
177063
177103
177112
177163
177174
177215
177224
177225
177298
177364
177393
177460
177491
177511
177532
177577
177588
177594
177612
177617
177643
177693
177710
177722
177745
177810
177820
177837
177868
177879
177910
177965
177970
178022
178024
178036
178040
178044
178050
178060
178086
178093
178106
178214
178227
178243
178248
178255
178266
178267
178273
178297
178316
178320
178322
178326
178410
178418
178419
178432
178461
178491
178501
178549
178591
178596
178604
178612
178634
178648
178656
178689
178696
178702
178722
178727
178737
178747
178758
178798
178831
178879
178882
178887
178943
178949
178951
178952
179011
179012
179018
179030
179040
179046
179052
179077
179091
179105
179140
179173
179190
179202
179205
179212
179235
179245
179253
179270
179316
179359
179366
179397
179484
179498
179508
179557
179566
179571
179616
179665
179680
179693
179695
179703
179748
179785
179810
179811
179840
179841
179863
179917
179946
179986
179990
180003
180042
180053
180079
180092
180101
180103
180118
180124
180127
180129
180151
180156
180169
180172
180206
180216
180236
180261
180299
180309
180313
180324
180365
180372
180402
180405
180409
180411
180428
180432
180450
180504
180531
180538
180546
180592
180623
180640
180648
180658
180669
180693
180697
180709
180711
180713
180715
180731
180742
180759
180770
180794
180798
180802
180805
180835
180850
180851
180853
180882
180903
180911
180959
180981
180983
180984
181043
181069
181144
181147
181149
181163
181219
181233
181281
181296
181300
181314
181315
181320
181321
181344
181358
181376
181418
181434
181442
181465
181489
181491
181515
181542
181561
181603
181614
181745
181753
181796
181804
181814
181820
181825
181859
181861
181881
181907
181920
181924
181948
181987
182004
182029
182081
182225
182234
182239
182244
182255
182288
182291
182297
182319
182390
182403
182418
182479
182480
182485
182492
182499
182518
182519
182523
182526
182530
182541
182557
182567
182578
182645
182651
182663
182667
182725
182727
182751
182780
182799
182838
182859
182896
182938
182945
182951
182957
182976
182990
182991
183003
183010
183030
183056
183068
183080
183088
183107
183151
183192
183194
183195
183204
183232
183233
183261
183301
183311
183319
183342
183372
183382
183412
183421
183427
183442
183458
183469
183470
183498
183505
183508
183511
183527
183548
183549
183560
183587
183591
183600
183646
183715
183729
183735
183739
183749
183767
183771
183783
183794
183809
183862
183865
183867
183905
183912
183917
183943
183963
183980
183987
184010
184012
184019
184020
184037
184069
184089
184108
184119
184134
184139
184192
184214
184219
184223
184229
184253
184263
184291
184302
184333
184341
184344
184366
184385
184413
184438
184448
184465
184490
184507
184512
184538
184573
184575
184600
184606
184617
184660
184696
184720
184746
184750
184788
184793
184813
184846
184847
184857
184866
184893
184902
184950
184983
184986
184994
185017
185034
185052
185066
185071
185074
185101
185106
185119
185133
185153
185157
185244
185246
185252
185274
185276
185280
185304
185309
185333
185424
185432
185434
185439
185448
185451
185467
185470
185498
185523
185527
185562
185571
185574
185622
185628
185654
185700
185747
185786
185797
185823
185825
185843
185910
185920
185932
185941
185960
185969
185979
185989
186001
186014
186023
186026
186036
186038
186055
186093
186113
186127
186132
186133
186147
186172
186175
186176
186189
186203
186208
186243
186247
186254
186271
186272
186292
186295
186321
186324
186342
186351
186366
186378
186397
186477
186503
186512
186557
186561
186566
186597
186599
186609
186613
186640
186691
186692
186709
186722
186767
186790
186814
186825
186839
186845
186846
186851
186853
186859
186869
186901
186909
186910
186945
186970
186986
186992
187014
187022
187027
187074
187076
187082
187118
187135
187150
187155
187192
187199
187248
187291
187298
187302
187305
187325
187339
187353
187368
187377
187379
187417
187440
187463
187479
187499
187510
187522
187545
187556
187557
187562
187595
187602
187606
187627
187640
187657
187673
187691
187693
187708
187712
187727
187749
187806
187812
187856
187895
187896
187900
187970
187993
188050
188065
188092
188119
188134
188163
188171
188249
188287
188296
188309
188345
188406
188413
188416
188427
188454
188474
188479
188496
188523
188547
188557
188562
188568
188571
188572
188582
188583
188588
188590
188591
188621
188675
188684
188692
188698
188714
188717
188723
188771
188787
188812
188818
188822
188867
188879
188892
188911
188918
188937
188946
188982
189023
189057
189113
189159
189167
189179
189185
189215
189216
189226
189246
189256
189274
189297
189342
189371
189372
189374
189393
189396
189407
189408
189415
189429
189453
189471
189493
189538
189540
189549
189559
189567
189604
189627
189631
189643
189674
189708
189750
189756
189760
189762
189793
189796
189811
189816
189817
189827
189834
189844
189858
189878
189978
189994
190002
190008
190015
190018
190037
190052
190068
190083
190098
190104
190105
190116
190134
190135
190141
190149
190151
190153
190154
190176
190178
190199
190214
190222
190243
190260
190261
190264
190272
190288
190337
190350
190356
190371
190403
190414
190422
190435
190443
190467
190472
190499
190500
190543
190545
190569
190588
190630
190655
190662
190677
190678
190694
190712
190730
190731
190817
190845
190859
190872
190891
190953
191006
191010
191012
191022
191025
191040
191051
191060
191083
191100
191119
191120
191121
191125
191141
191164
191206
191241
191259
191280
191307
191334
191352
191381
191386
191394
191419
191420
191430
191501
191534
191581
191606
191610
191641
191649
191681
191685
191707
191708
191710
191724
191730
191734
191738
191742
191749
191764
191789
191791
191798
191805
191809
191813
191824
191841
191842
191848
191877
191895
191906
191937
191942
191954
191965
191987
191993
192014
192020
192023
192041
192049
192050
192064
192086
192100
192132
192133
192138
192149
192161
192163
192165
192196
192202
192203
192220
192235
192251
192261
192275
192281
192296
192322
192326
192374
192375
192376
192390
192391
192392
192421
192446
192464
192469
192470
192509
192534
192573
192575
192581
192586
192634
192663
192704
192715
192733
192750
192751
192759
192771
192778
192813
192836
192840
192846
192851
192876
192930
192940
192958
193031
193105
193106
193108
193109
193114
193130
193158
193159
193163
193176
193207
193215
193224
193231
193238
193253
193263
193285
193287
193306
193327
193381
193422
193425
193430
193460
193479
193480
193487
193495
193505
193526
193531
193567
193575
193641
193654
193666
193684
193762
193767
193779
193793
193818
193833
193835
193875
193899
193912
193924
193931
193961
194007
194015
194023
194024
194031
194035
194055
194065
194073
194087
194088
194089
194124
194140
194143
194163
194174
194180
194183
194236
194238
194251
194276
194302
194315
194320
194340
194345
194363
194364
194367
194374
194402
194442
194507
194520
194567
194574
194577
194597
194615
194622
194634
194638
194647
194667
194685
194693
194697
194725
194736
194738
194797
194823
194827
194835
194845
194860
194888
194892
194894
194939
194973
194977
195015
195038
195049
195066
195073
195096
195101
195106
195110
195145
195168
195172
195190
195202
195206
195218
195248
195263
195277
195289
195296
195298
195335
195372
195393
195413
195450
195456
195463
195490
195510
195526
195573
195576
195589
195590
195622
195629
195635
195656
195686
195717
195719
195720
195724
195738
195740
195749
195757
195759
195784
195818
195832
195841
195858
195886
195917
195928
195947
195973
195997
196001
196013
196034
196085
196127
196175
196181
196185
196196
196201
196223
196224
196240
196289
196300
196313
196346
196359
196372
196400
196437
196443
196444
196455
196462
196466
196470
196477
196480
196485
196488
196492
196556
196568
196572
196575
196654
196656
196677
196703
196713
196719
196749
196754
196801
196808
196812
196828
196850
196851
196858
196861
196868
196879
196882
196899
196914
196919
196932
196934
196940
196946
196947
196954
196991
197010
197018
197056
197069
197144
197157
197159
197186
197197
197220
197224
197241
197284
197308
197316
197321
197332
197338
197342
197346
197347
197353
197410
197425
197437
197446
197447
197460
197478
197480
197481
197510
197568
197571
197596
197598
197608
197636
197640
197679
197700
197746
197752
197771
197781
197791
197810
197811
197812
197821
197839
197867
197873
197876
197878
197883
197917
197928
197941
197948
197997
198025
198030
198041
198042
198043
198055
198076
198077
198134
198148
198149
198196
198197
198198
198203
198211
198232
198250
198267
198287
198311
198338
198345
198350
198356
198365
198368
198376
198379
198390
198411
198414
198415
198432
198438
198446
198449
198452
198494
198508
198509
198536
198538
198549
198551
198552
198563
198565
198586
198589
198604
198605
198642
198644
198655
198669
198674
198681
198688
198691
198705
198711
198720
198732
198743
198749
198801
198807
198825
198837
198839
198852
198854
198860
198914
198977
199012
199023
199042
199065
199113
199118
199125
199147
199169
199170
199181
199195
199197
199210
199214
199278
199280
199281
199282
199287
199293
199299
199311
199316
199322
199335
199339
199340
199344
199357
199364
199371
199378
199405
199406
199425
199428
199440
199443
199453
199461
199477
199502
199506
199518
199519
199534
199552
199581
199585
199589
199616
199618
199630
199635
199637
199643
199661
199673
199693
199694
199721
199724
199729
199743
199749
199752
199754
199795
199797
199823
199835
199862
199867
199870
199875
199895
199898
199906
199913
199931
199945
199963
199967
199995
199998
200002
200006
200039
200094
200100
200117
200124
200166
200177
200183
200225
200230
200234
200241
200248
200276
200289
200299
200313
200357
200367
200404
200410
200414
200438
200467
200468
200484
200485
200531
200644
200649
200655
200711
200752
200759
200778
200782
200784
200786
200787
200797
200818
200832
200857
200885
200889
200903
200910
200955
200963
201029
201045
201046
201051
201069
201100
201114
201124
201134
201136
201165
201182
201210
201219
201225
201238
201244
201260
201278
201300
201330
201351
201353
201358
201363
201365
201381
201383
201396
201402
201405
201416
201440
201503
201506
201514
201554
201564
201569
201599
201647
201689
201702
201709
201710
201735
201770
201818
201827
201861
201864
201866
201875
201912
201927
201951
201969
201983
202045
202046
202101
202133
202139
202140
202144
202168
202189
202206
202210
202214
202245
202264
202266
202283
202284
202292
202300
202308
202345
202347
202357
202360
202368
202371
202372
202421
202430
202487
202511
202512
202556
202582
202597
202606
202646
202655
202673
202684
202687
202690
202705
202795
202819
202824
202837
202841
202846
202869
202870
202874
202882
202885
202900
202903
202943
202950
202952
202957
203006
203009
203018
203032
203053
203098
203113
203143
203165
203170
203195
203238
203247
203276
203279
203284
203292
203365
203398
203410
203430
203468
203501
203521
203545
203561
203636
203644
203712
203721
203731
203744
203787
203836
203862
203880
203888
203893
203901
203903
203914
203941
203944
203950
203966
203983
203998
204011
204029
204033
204039
204048
204054
204055
204074
204082
204105
204110
204141
204153
204160
204163
204165
204178
204183
204234
204238
204239
204247
204251
204258
204265
204275
204312
204340
204364
204366
204369
204384
204392
204396
204398
204412
204441
204470
204481
204510
204514
204516
204530
204555
204568
204586
204617
204625
204662
204664
204670
204676
204693
204710
204741
204749
204753
204769
204790
204808
204823
204842
204853
204887
204896
204920
204926
204929
204946
204965
204969
204991
204995
205005
205009
205043
205098
205107
205108
205123
205124
205133
205139
205174
205183
205190
205218
205227
205237
205263
205278
205279
205343
205355
205364
205368
205379
205394
205408
205414
205429
205462
205493
205535
205551
205572
205588
205628
205647
205653
205672
205686
205694
205708
205724
205742
205754
205768
205783
205802
205859
205868
205879
205880
205884
205885
205907
205965
205998
206001
206039
206040
206063
206065
206075
206095
206107
206161
206176
206193
206206
206215
206225
206226
206240
206274
206290
206317
206331
206349
206372
206373
206439
206446
206464
206537
206546
206561
206603
206646
206654
206691
206751
206753
206853
206897
206900
206902
206951
206970
206978
206987
206993
207021
207041
207048
207049
207055
207065
207092
207127
207154
207164
207179
207203
207222
207231
207255
207257
207288
207313
207327
207340
207365
207386
207400
207419
207430
207431
207433
207439
207477
207500
207509
207533
207538
207541
207555
207576
207598
207615
207626
207635
207640
207668
207674
207694
207700
207734
207735
207747
207773
207775
207785
207791
207805
207845
207856
207870
207879
207911
207963
207966
207968
207993
207994
207995
208006
208030
208040
208050
208074
208076
208093
208110
208122
208144
208188
208217
208229
208272
208277
208301
208316
208319
208321
208363
208388
208399
208409
208410
208415
208416
208421
208431
208433
208451
208521
208525
208528
208544
208581
208586
208673
208686
208689
208710
208728
208736
208753
208769
208772
208780
208796
208798
208823
208830
208837
208904
208908
208956
208959
208966
208976
208987
209001
209017
209040
209061
209080
209081
209089
209104
209113
209148
209150
209154
209157
209160
209201
209210
209244
209259
209262
209270
209318
209321
209326
209333
209347
209360
209369
209443
209500
209522
209523
209556
209583
209605
209613
209617
209627
209651
209654
209659
209663
209677
209684
209705
209726
209728
209739
209751
209786
209828
209853
209865
209877
209950
209998
210034
210092
210093
210116
210132
210166
210204
210207
210217
210227
210230
210236
210264
210323
210344
210384
210403
210410
210417
210434
210454
210478
210486
210499
210520
210532
210552
210571
210583
210604
210636
210639
210659
210661
210687
210703
210713
210714
210719
210720
210743
210761
210766
210767
210788
210795
210805
210809
210822
210824
210829
210842
210870
210884
210895
210902
210955
210963
210984
210993
210994
211005
211062
211118
211128
211172
211213
211229
211236
211253
211301
211319
211361
211378
211389
211462
211463
211470
211477
211510
211512
211521
211525
211556
211563
211588
211598
211627
211629
211636
211647
211657
211659
211699
211712
211730
211741
211769
211771
211776
211791
211821
211837
211841
211865
211891
211919
211932
211946
211950
211985
211989
212014
212044
212081
212105
212134
212148
212151
212161
212197
212201
212207
212277
212285
212300
212365
212406
212449
212491
212502
212543
212551
212553
212567
212572
212576
212578
212581
212613
212637
212645
212654
212675
212700
212736
212777
212784
212785
212787
212812
212827
212829
212831
212862
212864
212895
212911
212920
212929
212930
212931
212939
212946
212950
212962
213011
213016
213049
213055
213091
213108
213138
213183
213207
213208
213224
213225
213247
213250
213265
213267
213269
213272
213316
213319
213322
213328
213343
213344
213359
213378
213395
213398
213400
213481
213505
213508
213537
213539
213553
213564
213567
213575
213651
213655
213678
213693
213697
213704
213737
213769
213811
213841
213856
213895
213896
213918
213951
213982
213983
213988
214006
214021
214038
214044
214051
214076
214122
214130
214158
214162
214172
214177
214206
214223
214235
214262
214269
214272
214313
214314
214325
214334
214344
214352
214368
214370
214375
214391
214397
214400
214401
214416
214449
214470
214587
214599
214608
214617
214632
214638
214659
214679
214738
214740
214799
214806
214813
214819
214828
214846
214852
214887
214889
214892
214893
214902
214923
214947
214954
214959
214968
214981
215030
215033
215052
215068
215086
215096
215104
215112
215114
215116
215122
215133
215140
215149
215167
215171
215177
215186
215208
215210
215229
215245
215247
215270
215321
215328
215340
215342
215350
215358
215364
215377
215399
215404
215408
215477
215486
215521
215543
215549
215564
215575
215578
215626
215680
215720
215765
215767
215779
215790
215822
215865
215868
215879
215897
215921
215942
215955
215956
215957
216001
216018
216042
216043
216058
216060
216065
216079
216082
216129
216156
216192
216196
216197
216198
216221
216258
216273
216296
216309
216321
216343
216387
216406
216410
216433
216439
216490
216497
216511
216542
216551
216553
216585
216593
216606
216624
216764
216795
216801
216806
216822
216846
216851
216872
216880
216892
216894
216941
216943
216961
216973
216976
216994
216997
217005
217025
217042
217083
217092
217105
217115
217127
217138
217142
217146
217153
217158
217173
217176
217177
217192
217211
217239
217269
217270
217274
217287
217325
217338
217339
217347
217373
217388
217407
217408
217444
217448
217456
217459
217475
217477
217486
217512
217541
217579
217586
217590
217628
217639
217651
217679
217701
217719
217751
217754
217762
217766
217776
217781
217786
217798
217809
217830
217844
217853
217864
217869
217876
217890
217920
217932
217945
217961
217975
217984
218014
218029
218042
218056
218070
218080
218086
218128
218162
218174
218176
218240
218266
218270
218272
218291
218294
218298
218308
218309
218313
218350
218355
218404
218407
218443
218444
218449
218467
218478
218542
218554
218561
218567
218572
218595
218599
218614
218626
218638
218674
218759
218781
218784
218791
218813
218814
218837
218848
218886
218888
218889
218895
218916
218935
218954
218962
218965
218981
219007
219030
219097
219112
219114
219159
219188
219213
219216
219288
219318
219368
219377
219397
219415
219419
219422
219462
219468
219479
219511
219545
219601
219633
219651
219678
219684
219691
219693
219697
219705
219735
219740
219742
219754
219760
219772
219777
219793
219810
219832
219869
219944
219958
219967
219973
219991
220000
220010
220036
220044
220049
220079
220091
220096
220120
220131
220132
220170
220184
220216
220227
220238
220264
220302
220316
220370
220389
220410
220426
220434
220448
220457
220470
220472
220483
220516
220546
220552
220557
220576
220598
220701
220702
220704
220718
220721
220763
220785
220788
220805
220829
220842
220881
220907
220940
220958
220980
220991
220998
221002
221012
221031
221035
221042
221043
221066
221103
221108
221113
221115
221157
221174
221180
221184
221214
221215
221216
221225
221265
221266
221269
221272
221278
221284
221330
221338
221355
221428
221435
221438
221449
221489
221501
221503
221505
221511
221547
221562
221565
221580
221591
221598
221612
221636
221660
221663
221685
221703
221731
221749
221761
221766
221782
221872
221890
221896
221901
221912
221923
221927
221931
221953
221972
221984
221990
222005
222006
222029
222050
222080
222089
222095
222140
222155
222162
222185
222198
222206
222210
222219
222223
222257
222275
222385
222393
222423
222441
222467
222504
222525
222527
222540
222566
222639
222667
222672
222696
222726
222755
222774
222778
222788
222794
222801
222845
222849
222850
222905
222909
222932
222935
222951
222977
223001
223007
223031
223044
223045
223057
223089
223126
223130
223144
223176
223191
223224
223225
223227
223244
223255
223282
223288
223317
223334
223352
223380
223397
223418
223422
223429
223437
223444
223449
223476
223483
223527
223551
223553
223559
223586
223590
223602
223627
223650
223667
223680
223700
223720
223733
223739
223753
223782
223789
223804
223817
223874
223929
223930
223948
223969
223982
223996
224000
224002
224010
224011
224025
224044
224052
224071
224124
224125
224160
224171
224180
224233
224260
224272
224302
224352
224379
224385
224425
224442
224482
224499
224534
224538
224545
224557
224570
224595
224628
224656
224665
224667
224746
224748
224765
224775
224799
224804
224808
224819
224820
224822
224827
224838
224864
224880
224893
224902
224910
224963
224973
224979
224983
224994
225022
225029
225031
225047
225092
225113
225117
225124
225127
225156
225158
225220
225240
225246
225286
225308
225314
225360
225370
225383
225387
225396
225402
225426
225439
225442
225456
225479
225486
225512
225540
225553
225570
225572
225594
225611
225624
225627
225658
225732
225764
225786
225798
225826
225850
225876
225882
225889
225933
225938
225967
225985
225992
226103
226107
226117
226119
226124
226163
226229
226244
226248
226256
226280
226303
226307
226318
226319
226321
226339
226347
226349
226355
226363
226418
226476
226483
226494
226495
226508
226512
226513
226530
226546
226565
226566
226600
226645
226658
226668
226702
226741
226794
226819
226820
226822
226856
226868
226938
226941
226949
226967
226976
226997
227011
227019
227050
227062
227072
227110
227146
227153
227204
227232
227244
227260
227261
227263
227264
227272
227289
227304
227319
227329
227348
227362
227378
227409
227419
227434
227436
227440
227448
227450
227461
227468
227470
227534
227545
227552
227583
227585
227588
227594
227640
227651
227655
227756
227757
227776
227780
227787
227791
227792
227842
227843
227847
227848
227870
227901
227913
227931
227937
227947
227951
227954
227962
227972
227980
227989
227990
227997
227998
228033
228044
228087
228116
228153
228165
228189
228229
228244
228257
228264
228292
228318
228340
228354
228369
228394
228395
228417
228421
228443
228455
228517
228539
228571
228584
228596
228612
228640
228650
228654
228668
228691
228692
228711
228716
228761
228765
228769
228771
228773
228793
228817
228838
228854
228855
228861
228895
228900
228904
228906
228942
228943
228944
228958
228959
228984
229032
229033
229050
229051
229053
229096
229114
229131
229141
229148
229180
229199
229203
229208
229232
229237
229247
229256
229259
229272
229313
229345
229351
229359
229367
229374
229393
229406
229409
229410
229425
229441
229442
229443
229458
229494
229505
229506
229511
229549
229565
229579
229593
229606
229609
229679
229684
229693
229696
229706
229709
229713
229720
229721
229733
229735
229753
229812
229875
229896
229902
229920
229921
229944
229946
229963
229977
229991
230005
230084
230087
230102
230112
230117
230119
230127
230140
230165
230184
230191
230305
230314
230315
230316
230327
230336
230396
230398
230410
230454
230464
230489
230511
230524
230538
230542
230555
230575
230583
230599
230600
230609
230659
230663
230666
230667
230692
230708
230730
230736
230750
230754
230787
230823
230880
230890
230897
230916
230925
230929
230950
230956
230966
230967
230983
230985
231012
231022
231033
231059
231070
231104
231109
231141
231149
231172
231176
231187
231222
231225
231226
231233
231249
231272
231278
231286
231303
231335
231353
231358
231374
231379
231402
231414
231422
231431
231437
231451
231453
231469
231494
231509
231534
231543
231560
231571
231598
231622
231653
231666
231667
231670
231679
231684
231686
231718
231763
231766
231800
231813
231817
231818
231832
231834
231874
231883
231891
231900
231921
231924
231947
231955
231977
231989
232007
232037
232052
232054
232060
232101
232121
232128
232130
232134
232144
232216
232219
232237
232244
232255
232264
232285
232288
232302
232310
232325
232337
232353
232371
232375
232376
232437
232443
232457
232461
232464
232468
232480
232511
232570
232579
232595
232626
232677
232678
232685
232701
232710
232729
232735
232772
232798
232803
232810
232851
232852
232856
232876
232882
232883
232900
232907
232912
232926
232946
232954
232985
232986
233009
233052
233081
233123
233146
233169
233173
233193
233229
233237
233249
233260
233266
233269
233272
233273
233277
233290
233317
233380
233397
233404
233405
233433
233448
233484
233498
233507
233527
233574
233580
233584
233605
233612
233614
233628
233633
233634
233637
233657
233661
233665
233671
233682
233692
233698
233748
233792
233798
233811
233827
233835
233846
233852
233855
233861
233978
234035
234044
234052
234064
234067
234090
234098
234104
234108
234119
234128
234130
234143
234161
234182
234204
234206
234210
234218
234228
234251
234261
234288
234304
234314
234318
234324
234340
234343
234350
234365
234370
234387
234424
234439
234456
234469
234498
234572
234583
234585
234602
234604
234610
234640
234645
234701
234712
234713
234722
234723
234732
234734
234773
234779
234781
234790
234862
234866
234872
234896
234904
234925
234929
234944
234970
234984
235004
235009
235014
235034
235062
235075
235092
235103
235135
235183
235187
235198
235243
235250
235252
235289
235316
235319
235362
235376
235379
235384
235410
235447
235448
235458
235462
235468
235522
235549
235568
235571
235583
235642
235647
235653
235654
235672
235722
235745
235782
235801
235832
235870
235897
235938
235950
236009
236029
236037
236050
236071
236072
236076
236096
236107
236117
236133
236148
236153
236211
236216
236224
236274
236276
236287
236289
236309
236312
236313
236314
236330
236344
236351
236360
236362
236422
236428
236451
236496
236553
236565
236572
236589
236606
236616
236648
236666
236669
236674
236687
236690
236691
236718
236724
236765
236856
236886
236889
236902
236932
236941
236944
236954
236971
237024
237027
237030
237044
237052
237057
237071
237079
237085
237108
237134
237170
237188
237190
237222
237246
237261
237283
237286
237295
237313
237366
237384
237395
237399
237439
237446
237449
237467
237484
237497
237511
237518
237539
237541
237543
237585
237599
237607
237620
237630
237632
237645
237646
237688
237690
237742
237747
237756
237764
237772
237774
237780
237788
237793
237874
237880
237882
237888
237913
237926
237930
237934
237937
237942
237977
238013
238014
238046
238065
238081
238164
238216
238236
238255
238258
238265
238267
238275
238280
238287
238289
238290
238300
238308
238339
238369
238403
238404
238411
238428
238456
238459
238489
238490
238493
238528
238542
238547
238633
238691
238698
238700
238712
238714
238725
238726
238731
238764
238768
238771
238776
238778
238780
238791
238799
238801
238814
238861
238871
238877
238878
238883
238902
238995
239000
239007
239039
239059
239079
239082
239094
239102
239110
239116
239128
239150
239176
239182
239215
239224
239269
239283
239313
239326
239352
239391
239405
239408
239489
239514
239523
239539
239549
239561
239572
239581
239584
239611
239622
239638
239658
239686
239688
239692
239696
239719
239737
239764
239803
239806
239813
239819
239826
239835
239837
239839
239857
239885
239889
239912
239914
239945
239993
240007
240015
240029
240035
240064
240066
240080
240089
240096
240148
240150
240188
240196
240202
240215
240232
240250
240259
240265
240268
240280
240300
240308
240320
240332
240336
240338
240351
240375
240382
240383
240417
240422
240473
240483
240489
240491
240501
240512
240513
240532
240627
240675
240695
240699
240704
240712
240716
240719
240744
240746
240757
240768
240772
240806
240821
240843
240844
240856
240860
240871
240901
240920
240958
240961
241018
241040
241047
241052
241053
241069
241079
241080
241088
241092
241099
241113
241134
241156
241170
241185
241187
241195
241208
241244
241259
241270
241304
241381
241385
241389
241421
241439
241447
241452
241458
241459
241470
241519
241526
241533
241545
241546
241548
241564
241618
241622
241634
241644
241666
241677
241681
241687
241707
241727
241729
241742
241751
241760
241766
241809
241824
241832
241857
241882
241902
241906
241915
241917
241920
241929
241937
241950
242088
242100
242118
242134
242149
242168
242214
242223
242273
242284
242316
242339
242398
242436
242445
242466
242524
242528
242529
242553
242564
242621
242640
242646
242650
242662
242718
242749
242754
242760
242796
242799
242831
242852
242865
242876
242891
242955
242988
243008
243018
243036
243039
243046
243049
243063
243073
243076
243100
243109
243112
243122
243126
243155
243177
243184
243196
243224
243226
243231
243288
243293
243327
243348
243367
243410
243426
243429
243444
243446
243473
243517
243524
243581
243611
243612
243613
243616
243623
243624
243628
243643
243656
243670
243674
243695
243800
243833
243848
243883
243908
243924
243929
243933
243938
243945
243956
243965
243971
243973
243988
243998
244017
244025
244110
244154
244162
244196
244205
244217
244252
244256
244257
244272
244273
244294
244316
244345
244364
244382
244391
244406
244408
244433
244439
244465
244490
244506
244519
244544
244553
244564
244595
244599
244608
244624
244631
244644
244657
244662
244674
244689
244698
244710
244728
244730
244755
244784
244793
244794
244798
244853
244870
244886
244892
244931
244972
245027
245034
245079
245100
245107
245120
245124
245154
245161
245167
245212
245234
245276
245311
245315
245322
245343
245349
245376
245390
245398
245429
245430
245468
245474
245527
245550
245561
245580
245610
245616
245617
245720
245734
245738
245744
245750
245786
245835
245880
245888
245889
245922
245928
245962
245964
245972
245997
245999
246037
246047
246066
246101
246122
246135
246150
246162
246173
246194
246206
246207
246212
246249
246259
246264
246287
246298
246300
246325
246334
246364
246365
246384
246395
246399
246400
246405
246420
246425
246429
246451
246453
246457
246463
246516
246523
246525
246557
246566
246586
246592
246599
246602
246613
246626
246629
246636
246640
246694
246703
246717
246725
246726
246728
246730
246742
246766
246783
246803
246829
246848
246925
246942
246945
246952
246955
246961
246968
247000
247006
247007
247021
247045
247046
247050
247062
247083
247094
247110
247129
247135
247140
247151
247156
247159
247166
247179
247207
247229
247248
247275
247276
247316
247321
247334
247342
247367
247370
247378
247449
247478
247505
247508
247515
247524
247533
247539
247575
247579
247603
247621
247633
247635
247650
247679
247689
247699
247700
247745
247775
247788
247849
247886
247894
247895
247897
247924
247940
247948
247957
247965
247969
247981
248001
248002
248038
248044
248053
248055
248065
248095
248108
248132
248141
248171
248178
248223
248237
248267
248271
248301
248311
248346
248360
248372
248373
248379
248411
248449
248451
248463
248477
248483
248493
248508
248512
248526
248532
248538
248546
248550
248571
248594
248600
248614
248627
248647
248656
248660
248664
248707
248721
248792
248813
248816
248818
248824
248835
248853
248864
248880
248886
248892
248915
248941
248943
248988
248992
249024
249052
249063
249067
249071
249087
249105
249122
249141
249152
249166
249186
249217
249230
249233
249269
249270
249290
249311
249318
249322
249323
249350
249371
249404
249419
249421
249448
249485
249498
249502
249518
249561
249575
249607
249622
249650
249654
249671
249686
249690
249693
249698
249726
249754
249763
249786
249798
249805
249807
249811
249813
249816
249825
249845
249890
249921
249928
249939
249944
249957
249961
249963
249967
249983
250013
250021
250061
250065
250103
250122
250142
250154
250168
250178
250199
250211
250241
250244
250267
250290
250302
250319
250361
250368
250383
250404
250412
250434
250444
250453
250483
250533
250541
250543
250569
250574
250584
250628
250665
250686
250703
250720
250735
250741
250749
250802
250828
250834
250852
250873
250911
250919
250965
250966
250981
250988
250995
251028
251042
251054
251063
251088
251091
251097
251106
251116
251127
251132
251142
251153
251155
251159
251173
251225
251226
251230
251249
251299
251317
251328
251330
251348
251403
251426
251463
251465
251635
251670
251676
251698
251761
251763
251772
251787
251790
251799
251823
251833
251859
251894
251909
251910
251926
251951
251956
251967
251972
251975
251994
252001
252052
252076
252078
252081
252096
252108
252137
252141
252153
252159
252168
252268
252285
252312
252379
252380
252383
252385
252400
252409
252421
252423
252427
252431
252447
252458
252489
252532
252548
252565
252602
252621
252633
252653
252667
252668
252689
252691
252706
252708
252729
252758
252790
252797
252805
252825
252848
252871
252873
252884
252903
252946
252952
252964
252994
253015
253037
253039
253043
253059
253070
253092
253138
253166
253181
253194
253233
253251
253290
253298
253331
253363
253374
253400
253411
253423
253436
253452
253470
253502
253511
253519
253526
253546
253564
253598
253604
253651
253668
253671
253684
253717
253762
253779
253818
253823
253828
253864
253867
253876
253891
253899
253907
253918
253934
253963
253973
253991
253994
254003
254013
254015
254049
254069
254076
254125
254151
254167
254170
254171
254178
254191
254267
254269
254282
254300
254306
254337
254355
254423
254442
254481
254485
254494
254503
254520
254526
254540
254563
254583
254629
254640
254654
254670
254679
254726
254742
254810
254817
254840
254846
254895
254900
254924
254931
254933
254943
254944
254986
255001
255006
255010
255026
255031
255035
255054
255063
255073
255081
255109
255116
255132
255135
255138
255154
255163
255190
255219
255236
255243
255285
255291
255323
255326
255347
255355
255370
255381
255390
255402
255459
255466
255479
255521
255554
255596
255601
255624
255637
255670
255671
255688
255694
255735
255776
255789
255853
255891
255898
255909
255922
255942
255943
255944
255955
256001
256020
256029
256037
256081
256091
256111
256120
256143
256145
256174
256180
256191
256213
256262
256298
256308
256316
256337
256347
256348
256396
256422
256457
256489
256490
256520
256534
256536
256549
256586
256592
256608
256638
256649
256652
256656
256658
256670
256677
256682
256687
256714
256734
256760
256770
256804
256879
256880
256896
256900
256906
256923
256925
256944
256983
256986
257002
257012
257019
257020
257032
257037
257049
257051
257080
257088
257128
257146
257158
257166
257195
257269
257305
257332
257355
257362
257376
257401
257413
257422
257427
257436
257444
257450
257460
257461
257467
257474
257477
257478
257482
257486
257529
257542
257580
257581
257582
257603
257622
257635
257638
257645
257646
257663
257700
257703
257716
257733
257740
257745
257751
257759
257773
257785
257791
257800
257812
257819
257824
257873
257880
257885
257896
257924
257925
257928
257932
257968
257977
258001
258027
258042
258054
258070
258083
258119
258165
258176
258184
258206
258230
258249
258269
258294
258324
258352
258374
258388
258401
258402
258411
258428
258431
258450
258466
258498
258509
258521
258529
258561
258586
258602
258604
258614
258632
258636
258642
258649
258667
258677
258698
258711
258712
258734
258744
258751
258755
258839
258847
258849
258898
258903
258906
258911
258912
258917
258993
259046
259049
259062
259079
259080
259098
259100
259122
259161
259200
259224
259249
259256
259270
259300
259305
259327
259330
259340
259355
259371
259376
259383
259392
259408
259436
259438
259512
259522
259523
259529
259595
259600
259606
259694
259720
259732
259750
259772
259782
259799
259829
259862
259897
259903
259938
259944
259949
259951
259956
259959
259971
259991
260015
260051
260063
260074
260084
260119
260121
260134
260137
260145
260150
260171
260177
260181
260194
260204
260212
260272
260323
260365
260381
260408
260410
260427
260429
260438
260450
260493
260496
260522
260527
260530
260533
260539
260545
260548
260605
260649
260673
260683
260701
260737
260741
260749
260773
260793
260803
260806
260826
260843
260855
260894
260905
260963
260972
260980
260983
261008
261055
261062
261072
261137
261145
261199
261212
261251
261306
261311
261322
261358
261367
261412
261424
261452
261454
261462
261483
261485
261522
261537
261553
261558
261559
261572
261577
261626
261658
261680
261749
261763
261771
261800
261811
261820
261830
261844
261854
261856
261862
261876
261904
261918
261919
261928
261994
262000
262012
262023
262045
262080
262094
262099
262116
262121
262141
262158
262166
262197
262236
262253
262257
262259
262262
262276
262279
262290
262303
262372
262376
262389
262427
262445
262448
262455
262460
262462
262476
262481
262510
262528
262530
262582
262622
262635
262638
262686
262694
262707
262709
262711
262751
262763
262769
262805
262808
262823
262835
262836
262845
262879
262887
262893
262909
262917
262986
262992
263008
263036
263040
263052
263067
263085
263086
263097
263144
263155
263177
263208
263246
263286
263301
263307
263350
263359
263403
263429
263476
263495
263505
263521
263561
263566
263619
263629
263650
263651
263667
263681
263696
263699
263700
263711
263717
263725
263734
263757
263765
263782
263817
263827
263830
263832
263847
263889
263893
263894
263943
263951
263956
263971
263977
263992
264025
264048
264053
264059
264062
264063
264086
264092
264140
264144
264149
264185
264198
264205
264243
264257
264278
264283
264292
264312
264318
264327
264337
264356
264399
264401
264446
264508
264518
264528
264536
264542
264543
264548
264552
264583
264597
264607
264609
264647
264651
264667
264668
264672
264677
264684
264690
264699
264709
264718
264723
264728
264740
264772
264774
264792
264843
264848
264850
264887
264888
264894
264900
264974
264983
264986
265000
265002
265055
265069
265071
265091
265098
265107
265137
265139
265151
265165
265207
265231
265236
265243
265256
265261
265274
265276
265280
265289
265291
265313
265326
265333
265351
265368
265386
265387
265390
265400
265402
265431
265463
265478
265519
265557
265574
265580
265581
265583
265585
265587
265632
265655
265670
265687
265709
265725
265770
265789
265802
265809
265810
265835
265860
265868
265935
265937
265965
265966
265967
265991
265998
266019
266035
266047
266071
266082
266084
266091
266119
266133
266149
266151
266197
266203
266243
266255
266273
266275
266279
266282
266291
266293
266295
266319
266354
266396
266406
266447
266454
266471
266504
266560
266604
266610
266620
266689
266711
266714
266720
266723
266760
266769
266821
266849
266853
266859
266875
266884
266898
266902
266924
266948
266954
266962
266964
266985
267014
267028
267045
267060
267067
267103
267115
267163
267169
267203
267239
267256
267257
267267
267303
267334
267342
267351
267370
267390
267395
267402
267429
267449
267456
267491
267497
267503
267507
267517
267534
267543
267553
267556
267561
267563
267575
267617
267618
267623
267639
267663
267707
267710
267726
267753
267767
267768
267772
267774
267806
267818
267831
267862
267893
267935
267948
267952
267956
267976
267989
268012
268013
268014
268058
268066
268088
268092
268116
268141
268166
268168
268179
268180
268218
268252
268269
268281
268284
268296
268303
268322
268347
268356
268357
268367
268389
268395
268400
268401
268403
268435
268446
268510
268539
268542
268559
268582
268583
268602
268606
268613
268631
268637
268674
268696
268703
268724
268725
268734
268764
268777
268821
268896
268911
268939
268945
268949
269003
269020
269033
269053
269100
269127
269159
269188
269194
269199
269238
269269
269276
269300
269312
269326
269334
269343
269346
269348
269351
269354
269358
269372
269397
269403
269412
269441
269447
269472
269508
269516
269531
269542
269561
269580
269635
269637
269697
269714
269759
269764
269774
269775
269781
269835
269848
269876
269895
269900
269925
269926
269959
269963
269983
269984
269991
270005
270022
270087
270104
270108
270110
270112
270128
270130
270172
270191
270212
270243
270246
270249
270268
270293
270294
270302
270388
270395
270406
270446
270461
270466
270481
270505
270507
270510
270554
270566
270584
270605
270629
270634
270643
270664
270672
270674
270675
270705
270709
270723
270762
270768
270809
270836
270899
270901
270903
270914
270956
270970
271008
271022
271049
271057
271070
271097
271100
271135
271143
271166
271171
271184
271185
271189
271191
271206
271210
271229
271239
271282
271286
271294
271326
271352
271365
271391
271409
271419
271420
271461
271483
271484
271500
271526
271550
271554
271574
271592
271698
271755
271779
271812
271837
271839
271870
271895
271904
271909
271913
271954
271960
271969
271971
271995
271996
272004
272022
272023
272090
272094
272096
272098
272103
272107
272114
272116
272128
272133
272158
272180
272196
272213
272214
272229
272329
272368
272376
272384
272398
272406
272422
272437
272438
272442
272447
272481
272494
272512
272514
272589
272591
272621
272632
272654
272667
272671
272675
272682
272684
272692
272730
272732
272738
272740
272749
272760
272768
272770
272806
272849
272888
272904
272917
272945
272948
272957
272964
272970
273055
273059
273072
273076
273099
273103
273106
273203
273207
273209
273214
273220
273222
273225
273229
273241
273252
273255
273259
273333
273406
273427
273459
273469
273506
273532
273547
273553
273578
273592
273620
273629
273719
273723
273739
273745
273760
273762
273778
273805
273818
273824
273884
273889
273949
273958
273965
273972
273977
273981
273987
274023
274034
274065
274070
274082
274087
274101
274122
274135
274139
274159
274164
274182
274195
274225
274248
274254
274293
274295
274301
274302
274310
274347
274351
274352
274366
274367
274370
274396
274459
274513
274522
274558
274560
274590
274600
274620
274622
274634
274636
274729
274742
274830
274881
274890
274903
274905
274908
274916
274920
274921
274924
274943
274951
274980
274989
274999
275008
275044
275064
275072
275092
275096
275103
275123
275143
275148
275151
275184
275216
275222
275227
275252
275313
275317
275339
275354
275394
275418
275421
275442
275454
275455
275468
275500
275502
275517
275539
275559
275573
275610
275625
275657
275667
275741
275772
275792
275878
275880
275892
275903
275917
275942
275955
276009
276018
276033
276035
276051
276065
276079
276081
276117
276127
276128
276130
276147
276169
276174
276180
276219
276225
276250
276256
276260
276270
276284
276301
276328
276392
276403
276412
276425
276432
276443
276444
276451
276460
276464
276481
276491
276497
276506
276512
276553
276558
276559
276609
276626
276693
276717
276749
276750
276789
276846
276852
276857
276895
276959
276960
276967
276973
276985
277011
277013
277034
277079
277088
277089
277101
277109
277134
277143
277204
277226
277235
277248
277249
277255
277259
277280
277299
277312
277335
277348
277374
277380
277406
277407
277422
277442
277453
277460
277472
277476
277498
277499
277525
277534
277563
277583
277603
277645
277652
277657
277663
277800
277858
277868
277889
277900
277913
277917
277921
277951
277961
277994
278008
278023
278034
278042
278057
278058
278065
278073
278083
278129
278155
278179
278202
278242
278244
278247
278248
278263
278277
278318
278319
278322
278336
278375
278410
278426
278451
278466
278481
278488
278537
278565
278587
278594
278605
278623
278672
278687
278707
278728
278742
278743
278755
278784
278797
278798
278799
278834
278844
278848
278860
278872
278882
278912
278932
278952
278958
278959
278972
279019
279044
279046
279060
279080
279090
279140
279179
279184
279194
279216
279218
279231
279238
279253
279263
279277
279280
279346
279363
279374
279381
279385
279386
279423
279441
279450
279452
279459
279467
279483
279487
279492
279493
279497
279502
279533
279545
279565
279592
279608
279610
279627
279639
279710
279718
279719
279751
279758
279761
279774
279825
279836
279839
279847
279873
279875
279878
279906
279913
279919
279926
279948
279970
279980
279989
280000
280016
280027
280062
280067
280092
280112
280148
280173
280182
280280
280289
280292
280312
280314
280317
280329
280348
280354
280367
280387
280393
280401
280404
280425
280431
280465
280487
280525
280528
280531
280562
280575
280586
280587
280590
280592
280599
280600
280615
280634
280661
280725
280734
280765
280774
280791
280796
280807
280810
280821
280828
280860
280867
280871
280898
280903
280912
280926
280935
280936
280973
280980
280984
280985
281027
281030
281044
281056
281086
281092
281152
281185
281193
281197
281200
281202
281212
281218
281224
281254
281264
281265
281301
281319
281365
281382
281436
281446
281453
281459
281502
281506
281517
281518
281531
281539
281564
281567
281586
281611
281614
281623
281649
281654
281689
281694
281710
281724
281730
281731
281733
281734
281737
281746
281817
281827
281842
281843
281849
281872
281882
281890
281904
281908
281923
281936
281959
281965
281968
281976
281978
282001
282005
282007
282012
282015
282041
282050
282075
282084
282102
282115
282120
282125
282129
282178
282201
282236
282255
282259
282263
282273
282291
282294
282296
282318
282323
282336
282340
282387
282390
282410
282413
282429
282459
282479
282483
282488
282489
282496
282517
282537
282543
282558
282576
282594
282595
282597
282645
282646
282689
282698
282711
282774
282787
282801
282814
282827
282836
282838
282855
282870
282883
282904
282982
283009
283018
283073
283127
283134
283139
283152
283157
283173
283182
283198
283222
283249
283286
283293
283337
283357
283375
283443
283448
283484
283493
283527
283529
283579
283582
283605
283614
283628
283663
283665
283668
283700
283707
283723
283734
283737
283742
283751
283754
283757
283772
283806
283817
283832
283866
283876
283882
283886
283913
283931
283937
283942
283943
283962
284018
284051
284055
284065
284080
284110
284116
284163
284186
284192
284201
284212
284215
284227
284231
284238
284244
284246
284257
284297
284299
284313
284359
284396
284401
284440
284448
284456
284501
284522
284526
284544
284557
284571
284583
284586
284610
284611
284620
284641
284665
284677
284716
284731
284741
284774
284787
284798
284842
284843
284856
284883
284959
284987
285033
285046
285053
285075
285099
285106
285133
285134
285158
285160
285164
285176
285192
285298
285307
285322
285354
285362
285376
285405
285422
285434
285483
285487
285508
285525
285532
285549
285556
285567
285596
285605
285629
285630
285656
285681
285682
285684
285697
285703
285761
285772
285786
285811
285814
285815
285816
285825
285828
285831
285840
285860
285902
285905
285907
285910
285930
285953
285956
285996
286006
286077
286078
286080
286087
286101
286105
286118
286128
286150
286151
286157
286195
286217
286221
286237
286259
286291
286293
286308
286333
286339
286368
286400
286412
286430
286435
286462
286463
286479
286502
286519
286544
286588
286609
286632
286655
286666
286671
286685
286692
286708
286734
286767
286773
286781
286850
286858
286881
286932
286933
286934
286940
286944
286945
286955
286973
286987
287021
287027
287041
287048
287062
287085
287111
287120
287135
287141
287154
287158
287179
287181
287183
287209
287216
287219
287236
287240
287252
287269
287273
287285
287355
287359
287373
287409
287438
287447
287457
287489
287527
287551
287563
287572
287601
287602
287607
287612
287616
287627
287637
287645
287649
287657
287661
287683
287695
287704
287706
287710
287714
287722
287744
287790
287794
287803
287821
287831
287855
287867
287875
287884
287916
287941
287957
287985
288003
288042
288082
288090
288151
288154
288171
288181
288183
288190
288223
288268
288278
288303
288367
288370
288372
288396
288420
288432
288435
288443
288446
288472
288481
288532
288542
288572
288615
288627
288628
288637
288683
288698
288699
288726
288755
288772
288774
288785
288787
288789
288792
288839
288873
288890
288892
288932
288950
288960
289014
289043
289053
289058
289092
289099
289117
289133
289142
289144
289188
289222
289257
289265
289288
289323
289356
289362
289390
289398
289407
289418
289429
289437
289449
289482
289486
289487
289504
289552
289570
289597
289613
289648
289649
289654
289674
289688
289713
289720
289721
289726
289767
289768
289848
289874
289881
289889
289907
289917
289930
289985
290002
290009
290029
290038
290044
290047
290062
290068
290094
290095
290149
290150
290156
290158
290187
290205
290215
290243
290312
290315
290336
290341
290387
290451
290462
290465
290516
290539
290553
290558
290562
290583
290603
290632
290636
290655
290662
290672
290705
290707
290714
290729
290730
290738
290745
290747
290748
290755
290757
290767
290769
290776
290782
290794
290813
290825
290869
290872
290874
290892
290939
290940
290960
290993
291003
291014
291033
291051
291080
291098
291104
291124
291132
291133
291146
291168
291182
291207
291210
291249
291307
291353
291376
291382
291386
291399
291425
291446
291453
291468
291516
291528
291561
291578
291593
291632
291640
291648
291661
291680
291681
291684
291730
291733
291740
291752
291754
291775
291777
291786
291814
291820
291825
291826
291840
291848
291849
291869
291871
291886
291891
291912
291947
291966
291976
292019
292030
292038
292053
292055
292060
292067
292102
292107
292150
292199
292283
292299
292302
292306
292310
292316
292320
292326
292328
292346
292361
292369
292400
292435
292486
292498
292502
292506
292545
292550
292570
292581
292601
292640
292645
292689
292696
292703
292741
292748
292750
292756
292852
292887
292890
292894
292899
292900
292944
292952
292956
292973
292981
292997
293002
293016
293041
293046
293063
293064
293073
293087
293088
293123
293135
293139
293146
293151
293160
293161
293173
293177
293197
293219
293243
293248
293249
293263
293275
293324
293353
293357
293422
293434
293448
293469
293473
293492
293515
293558
293574
293576
293594
293604
293621
293628
293647
293654
293658
293708
293723
293763
293778
293786
293796
293819
293840
293873
293875
293886
293907
293910
293914
293915
293919
293942
293967
293985
294005
294014
294015
294024
294037
294079
294089
294090
294126
294130
294167
294173
294183
294224
294225
294259
294289
294319
294331
294339
294344
294349
294359
294374
294387
294392
294417
294442
294449
294459
294460
294469
294476
294483
294491
294498
294501
294506
294525
294531
294555
294564
294621
294622
294642
294647
294653
294662
294672
294674
294677
294710
294746
294769
294824
294828
294830
294849
294860
294862
294869
294872
294901
294916
294992
295007
295014
295034
295058
295075
295089
295107
295129
295137
295143
295175
295179
295187
295305
295310
295320
295329
295338
295350
295370
295384
295410
295430
295445
295454
295470
295471
295497
295498
295503
295508
295509
295536
295542
295550
295582
295589
295591
295592
295597
295604
295636
295644
295648
295658
295680
295701
295730
295741
295760
295768
295792
295854
295888
295891
295899
295906
295959
295975
295979
295987
295989
295990
295997
296003
296011
296019
296026
296070
296119
296136
296141
296182
296186
296189
296193
296211
296215
296255
296278
296307
296311
296339
296368
296382
296395
296421
296431
296438
296450
296455
296482
296513
296519
296554
296559
296593
296609
296610
296616
296651
296680
296704
296719
296726
296744
296753
296759
296764
296789
296793
296795
296821
296831
296839
296857
296900
296952
296964
297005
297034
297046
297054
297068
297094
297100
297144
297164
297170
297188
297211
297215
297222
297223
297226
297248
297269
297271
297282
297304
297310
297354
297377
297406
297415
297458
297462
297475
297484
297491
297547
297564
297597
297626
297639
297655
297668
297679
297696
297701
297718
297719
297720
297727
297769
297774
297776
297791
297792
297794
297825
297831
297841
297855
297884
297893
297928
297943
297946
297959
297976
297987
297998
298022
298088
298113
298133
298173
298190
298194
298200
298203
298248
298261
298280
298336
298384
298385
298411
298420
298428
298437
298457
298465
298470
298517
298576
298594
298612
298640
298654
298658
298664
298674
298678
298682
298702
298723
298737
298745
298764
298771
298773
298859
298860
298874
298892
298920
298973
299007
299010
299020
299035
299044
299046
299049
299067
299070
299092
299097
299107
299119
299127
299180
299190
299198
299220
299224
299251
299256
299272
299311
299324
299328
299383
299393
299396
299428
299434
299456
299460
299473
299487
299489
299499
299506
299509
299510
299526
299537
299550
299557
299574
299585
299598
299612
299629
299654
299658
299662
299675
299713
299727
299741
299742
299758
299764
299787
299797
299817
299823
299825
299846
299854
299884
299886
299891
299914
299942
299943
299944
299948
300001
300006
300010
300011
300017
300035
300061
300067
300069
300118
300120
300130
300135
300173
300184
300188
300216
300222
300232
300242
300261
300276
300284
300286
300290
300292
300308
300314
300318
300325
300337
300374
300389
300397
300400
300408
300412
300432
300479
300489
300493
300538
300583
300592
300602
300618
300632
300666
300682
300688
300701
300734
300735
300749
300759
300773
300775
300790
300848
300860
300864
300907
300927
300941
300950
300970
300984
300985
300986
300994
301021
301032
301034
301045
301056
301083
301084
301113
301119
301131
301141
301156
301158
301159
301161
301178
301200
301204
301280
301284
301287
301295
301354
301366
301390
301441
301464
301481
301547
301548
301561
301563
301658
301663
301675
301697
301794
301813
301832
301848
301879
301883
301893
301900
301912
301920
301926
301942
301943
301948
301955
301979
301988
301997
302030
302065
302070
302071
302092
302114
302132
302146
302195
302207
302218
302225
302245
302296
302299
302334
302337
302349
302366
302381
302386
302397
302413
302418
302439
302466
302514
302529
302537
302540
302548
302550
302555
302557
302564
302574
302586
302607
302609
302612
302620
302631
302647
302649
302669
302703
302713
302715
302722
302750
302763
302770
302771
302775
302795
302819
302821
302832
302834
302843
302865
302884
302932
302935
302950
302956
302968
302988
303007
303010
303034
303046
303061
303068
303073
303098
303128
303166
303181
303225
303261
303264
303297
303358
303364
303372
303394
303398
303403
303427
303428
303434
303438
303442
303449
303452
303454
303466
303478
303495
303502
303527
303548
303555
303578
303593
303601
303603
303605
303641
303642
303649
303658
303666
303669
303674
303681
303690
303706
303718
303720
303721
303725
303771
303775
303835
303838
303888
303898
303974
303975
303980
304000
304008
304068
304075
304091
304104
304109
304125
304129
304139
304167
304231
304255
304259
304263
304264
304315
304323
304330
304341
304356
304358
304370
304373
304376
304397
304401
304409
304415
304423
304427
304453
304470
304480
304489
304528
304555
304573
304577
304581
304589
304602
304612
304654
304682
304743
304747
304750
304764
304779
304792
304794
304795
304803
304806
304816
304817
304823
304837
304842
304859
304860
304886
304936
304941
304967
304970
304986
304998
305047
305057
305083
305100
305111
305113
305130
305132
305180
305189
305229
305231
305235
305243
305250
305256
305264
305274
305280
305291
305302
305355
305374
305383
305392
305396
305397
305433
305436
305458
305461
305486
305487
305493
305506
305512
305528
305564
305569
305573
305575
305576
305577
305593
305603
305605
305625
305628
305640
305666
305668
305679
305707
305725
305726
305742
305757
305758
305765
305790
305833
305858
305864
305868
305915
305928
305978
306000
306002
306039
306097
306102
306130
306131
306138
306155
306175
306182
306211
306221
306225
306239
306250
306334
306342
306383
306418
306421
306468
306486
306498
306528
306538
306543
306559
306594
306603
306604
306622
306649
306661
306693
306705
306706
306710
306714
306715
306716
306720
306725
306754
306755
306797
306798
306813
306821
306852
306862
306891
306897
306907
306938
306949
306980
306985
307000
307032
307037
307062
307108
307109
307160
307166
307232
307234
307238
307243
307256
307269
307291
307314
307331
307346
307359
307364
307372
307405
307464
307465
307538
307566
307569
307606
307630
307637
307641
307645
307670
307676
307696
307709
307711
307715
307724
307729
307732
307747
307755
307806
307840
307853
307857
307875
307888
307989
307996
308004
308008
308015
308034
308045
308117
308133
308146
308158
308215
308231
308266
308292
308336
308355
308356
308362
308373
308375
308394
308408
308422
308426
308434
308435
308463
308531
308552
308555
308569
308571
308592
308599
308622
308642
308675
308681
308710
308725
308759
308768
308789
308793
308794
308818
308825
308876
308897
308906
308916
308920
308944
308960
308961
308975
308986
309024
309040
309047
309086
309101
309107
309140
309178
309187
309211
309213
309245
309247
309273
309308
309309
309327
309334
309336
309339
309346
309369
309374
309382
309397
309442
309471
309498
309526
309586
309593
309602
309604
309607
309615
309647
309653
309658
309688
309763
309824
309829
309846
309871
309884
309895
309903
309909
309952
309963
309996
310014
310022
310048
310053
310056
310065
310072
310090
310092
310147
310185
310192
310202
310204
310214
310249
310264
310288
310300
310330
310331
310335
310349
310355
310400
310406
310409
310437
310438
310446
310477
310539
310559
310590
310592
310606
310616
310626
310627
310642
310670
310692
310707
310714
310718
310723
310742
310747
310795
310805
310818
310850
310884
310890
310915
310923
310934
310949
310987
310991
310998
311011
311012
311016
311052
311064
311075
311082
311083
311168
311181
311226
311232
311275
311319
311323
311329
311366
311375
311392
311416
311438
311461
311462
311463
311466
311480
311488
311490
311522
311527
311543
311577
311603
311604
311605
311623
311653
311668
311683
311698
311735
311737
311743
311761
311792
311803
311816
311860
311864
311878
311892
311913
311925
311941
311945
311962
311963
311995
311997
312021
312060
312063
312091
312092
312127
312132
312148
312207
312222
312227
312263
312273
312316
312337
312347
312354
312388
312411
312418
312419
312454
312502
312506
312514
312520
312521
312522
312530
312537
312555
312581
312594
312659
312679
312703
312709
312712
312730
312737
312744
312769
312782
312784
312847
312848
312883
312902
312906
312916
312928
312932
312937
312938
312940
312991
313010
313016
313024
313080
313084
313095
313102
313117
313130
313140
313141
313159
313176
313186
313193
313201
313237
313261
313318
313324
313341
313342
313353
313368
313374
313383
313398
313406
313424
313454
313475
313483
313497
313521
313561
313584
313592
313613
313628
313641
313650
313665
313680
313731
313784
313817
313821
313838
313855
313886
313905
313914
313917
313922
313930
313947
313952
313954
314009
314013
314034
314036
314049
314075
314079
314080
314118
314123
314137
314147
314162
314175
314179
314220
314256
314314
314329
314332
314346
314358
314362
314424
314443
314456
314474
314499
314507
314572
314578
314610
314645
314647
314669
314686
314696
314706
314707
314752
314754
314755
314765
314767
314773
314786
314843
314862
314874
314893
314906
314918
314944
314956
314981
314986
315006
315010
315059
315063
315065
315069
315070
315129
315135
315137
315157
315161
315172
315192
315215
315218
315241
315271
315274
315288
315293
315298
315303
315334
315342
315406
315410
315428
315462
315471
315490
315504
315508
315539
315545
315553
315562
315565
315602
315652
315685
315687
315722
315748
315749
315765
315794
315804
315810
315844
315864
315870
315881
315959
315986
316001
316013
316018
316038
316046
316063
316064
316082
316091
316096
316123
316130
316154
316172
316177
316186
316191
316198
316202
316210
316218
316226
316290
316314
316340
316345
316363
316376
316394
316429
316442
316446
316466
316480
316558
316570
316572
316587
316656
316681
316687
316759
316761
316769
316780
316782
316793
316806
316810
316842
316862
316912
316949
316954
316979
316981
316985
317003
317013
317063
317155
317162
317205
317211
317216
317217
317225
317230
317233
317255
317257
317267
317268
317285
317288
317317
317326
317332
317389
317392
317397
317421
317454
317457
317489
317509
317521
317541
317605
317643
317670
317677
317685
317696
317700
317714
317724
317727
317765
317774
317839
317850
317912
317920
317968
317979
317990
317995
318000
318016
318036
318039
318048
318098
318139
318170
318172
318266
318319
318354
318377
318401
318419
318425
318444
318449
318461
318492
318497
318511
318558
318566
318586
318601
318638
318678
318685
318719
318730
318748
318755
318763
318768
318781
318809
318815
318818
318820
318824
318860
318870
318878
318883
318896
318906
318946
318953
319013
319034
319060
319155
319179
319185
319196
319217
319218
319277
319287
319297
319308
319310
319333
319353
319381
319432
319471
319480
319493
319512
319515
319552
319554
319557
319578
319581
319583
319586
319609
319616
319637
319645
319670
319684
319719
319739
319759
319761
319771
319807
319811
319818
319827
319830
319833
319887
319912
319920
319941
319942
319955
319991
320015
320016
320027
320028
320031
320049
320053
320057
320086
320100
320168
320216
320302
320307
320317
320386
320406
320470
320471
320476
320482
320485
320498
320517
320529
320556
320580
320588
320597
320612
320613
320614
320617
320619
320628
320652
320659
320750
320756
320764
320770
320778
320786
320807
320808
320830
320842
320843
320872
320895
320941
320981
320987
321025
321038
321057
321064
321068
321083
321108
321127
321139
321160
321163
321166
321177
321187
321200
321220
321226
321229
321230
321232
321244
321261
321270
321275
321284
321344
321346
321353
321365
321389
321404
321409
321418
321439
321454
321462
321495
321508
321584
321603
321639
321654
321669
321677
321679
321684
321691
321703
321711
321714
321737
321739
321755
321757
321784
321791
321806
321816
321823
321836
321847
321872
321889
321906
321934
321944
321965
321970
321990
322003
322006
322012
322029
322041
322065
322113
322117
322122
322131
322135
322136
322154
322175
322201
322260
322340
322342
322367
322370
322382
322395
322465
322466
322475
322489
322514
322524
322526
322538
322549
322553
322581
322590
322624
322626
322649
322681
322695
322704
322720
322734
322739
322747
322751
322766
322767
322777
322885
322900
322909
322924
322958
322960
323005
323044
323051
323068
323072
323076
323079
323113
323117
323130
323163
323171
323175
323180
323184
323186
323213
323235
323273
323278
323289
323297
323307
323327
323347
323349
323358
323377
323381
323416
323434
323442
323446
323473
323490
323492
323538
323580
323599
323653
323659
323696
323698
323742
323749
323755
323758
323762
323765
323789
323791
323800
323804
323830
323849
323868
323872
323874
323892
323900
323914
323916
323928
323930
323954
323967
323971
323972
323995
324032
324042
324056
324073
324099
324103
324109
324114
324126
324151
324153
324164
324177
324220
324234
324236
324248
324251
324259
324283
324301
324334
324343
324380
324401
324422
324449
324470
324476
324479
324503
324545
324567
324569
324576
324584
324670
324760
324762
324787
324799
324824
324836
324845
324875
324887
324891
324906
324908
324954
324991
324997
325003
325059
325071
325078
325089
325112
325137
325153
325175
325196
325205
325209
325211
325220
325252
325271
325294
325305
325323
325354
325365
325389
325401
325426
325427
325440
325444
325459
325474
325508
325526
325535
325570
325620
325645
325665
325694
325696
325714
325718
325749
325762
325764
325782
325792
325805
325816
325828
325839
325849
325887
325895
325910
325946
325948
325961
326000
326007
326036
326074
326097
326121
326125
326132
326151
326157
326221
326226
326242
326259
326263
326336
326360
326366
326370
326371
326388
326422
326425
326430
326433
326434
326442
326461
326463
326471
326474
326494
326505
326535
326538
326539
326545
326643
326670
326695
326697
326736
326739
326775
326795
326813
326819
326846
326853
326883
326899
326903
326904
326905
326957
326976
327001
327012
327014
327025
327030
327040
327149
327200
327201
327213
327220
327221
327225
327248
327328
327335
327374
327404
327422
327452
327454
327455
327478
327483
327484
327487
327497
327500
327508
327512
327532
327641
327651
327676
327713
327715
327717
327730
327742
327762
327831
327899
327922
327958
327973
327974
328003
328031
328033
328053
328092
328123
328143
328167
328205
328207
328208
328210
328236
328253
328256
328281
328322
328330
328353
328388
328437
328464
328478
328513
328549
328552
328556
328564
328616
328625
328634
328663
328672
328673
328690
328720
328722
328726
328729
328736
328740
328755
328764
328808
328820
328821
328822
328823
328834
328835
328864
328877
328879
328905
328932
328982
328989
329022
329023
329037
329064
329078
329084
329099
329131
329136
329170
329172
329195
329199
329227
329262
329271
329305
329353
329389
329396
329426
329431
329443
329479
329480
329491
329533
329543
329553
329572
329576
329578
329600
329602
329625
329626
329708
329745
329746
329815
329838
329856
329884
329908
329910
329931
329932
329966
329974
330002
330061
330120
330126
330152
330176
330188
330198
330199
330215
330221
330222
330229
330232
330259
330272
330293
330321
330350
330374
330379
330384
330403
330406
330415
330424
330432
330461
330468
330505
330533
330536
330544
330545
330602
330604
330613
330622
330624
330641
330646
330662
330708
330771
330780
330824
330825
330831
330851
330860
330867
330875
330876
330878
330879
330893
330896
330966
330971
330980
330989
331013
331026
331051
331094
331102
331105
331110
331137
331141
331159
331166
331200
331212
331228
331242
331251
331277
331280
331282
331312
331326
331363
331396
331423
331427
331437
331455
331475
331479
331485
331489
331506
331511
331519
331536
331557
331574
331597
331608
331613
331631
331640
331652
331661
331669
331673
331712
331726
331746
331780
331783
331822
331832
331843
331846
331865
331880
331894
331903
331911
331912
331924
331977
331981
332001
332099
332106
332145
332155
332165
332191
332210
332212
332231
332235
332283
332320
332329
332342
332409
332412
332417
332425
332446
332453
332524
332557
332572
332586
332592
332594
332604
332622
332654
332659
332672
332682
332697
332701
332708
332717
332820
332828
332856
332866
332888
332904
332906
332908
332926
332928
332930
332941
332966
333037
333050
333074
333103
333115
333157
333161
333198
333208
333217
333294
333296
333321
333334
333339
333343
333354
333357
333365
333384
333407
333409
333413
333474
333511
333560
333583
333615
333618
333674
333676
333686
333707
333712
333715
333744
333766
333774
333802
333811
333822
333829
333835
333841
333868
333877
333888
333898
333949
333965
333974
333991
334008
334020
334025
334036
334039
334042
334052
334064
334087
334111
334124
334164
334197
334198
334200
334202
334215
334228
334242
334247
334291
334298
334312
334339
334372
334408
334413
334420
334430
334441
334453
334460
334481
334492
334493
334533
334555
334585
334627
334660
334669
334685
334696
334698
334712
334716
334738
334739
334744
334798
334805
334852
334860
334894
334983
334990
335031
335063
335067
335071
335085
335094
335098
335105
335122
335166
335170
335176
335183
335209
335229
335275
335297
335312
335314
335325
335335
335377
335393
335407
335422
335429
335492
335494
335512
335521
335522
335528
335542
335582
335599
335665
335671
335672
335698
335708
335715
335723
335730
335748
335752
335755
335763
335769
335797
335814
335831
335837
335860
335866
335868
335873
335880
335881
335923
335928
335940
335947
335959
336005
336014
336016
336024
336030
336034
336053
336072
336086
336096
336119
336120
336156
336163
336171
336177
336217
336221
336231
336241
336252
336286
336287
336293
336305
336315
336339
336368
336369
336371
336375
336382
336389
336397
336417
336458
336493
336530
336552
336560
336591
336616
336622
336643
336652
336655
336672
336690
336700
336738
336745
336752
336800
336863
336885
336928
336951
336963
336967
336973
336980
336996
337013
337020
337035
337066
337078
337096
337100
337102
337142
337176
337178
337181
337183
337216
337256
337262
337276
337306
337309
337312
337347
337351
337361
337367
337373
337379
337400
337439
337453
337469
337504
337541
337554
337563
337591
337622
337656
337677
337703
337708
337718
337732
337743
337766
337798
337803
337813
337820
337822
337869
337880
337887
337896
337968
337978
338003
338014
338015
338022
338036
338041
338053
338060
338066
338081
338122
338124
338132
338141
338153
338163
338182
338237
338274
338304
338311
338314
338322
338362
338380
338409
338430
338438
338477
338491
338538
338544
338547
338588
338632
338641
338649
338688
338689
338701
338717
338728
338737
338743
338747
338766
338775
338780
338798
338821
338825
338854
338866
338881
338896
338959
338982
339009
339012
339025
339064
339105
339120
339167
339194
339208
339210
339258
339286
339309
339331
339335
339336
339340
339350
339386
339390
339413
339457
339461
339477
339484
339499
339522
339554
339563
339567
339582
339602
339613
339634
339649
339659
339709
339721
339738
339748
339766
339786
339796
339820
339822
339830
339836
339838
339864
339889
339918
339919
339940
339962
339967
339980
339981
339987
340028
340029
340031
340124
340152
340153
340160
340168
340177
340184
340186
340241
340242
340277
340286
340287
340289
340301
340304
340321
340331
340335
340345
340348
340364
340398
340401
340414
340420
340428
340450
340457
340482
340515
340521
340548
340564
340576
340584
340588
340598
340601
340641
340644
340707
340733
340744
340774
340791
340814
340821
340853
340861
340865
340866
340875
340880
340898
340956
340973
340976
340984
340988
340989
341012
341028
341031
341036
341037
341048
341073
341078
341093
341095
341142
341159
341197
341247
341255
341256
341260
341268
341275
341280
341285
341303
341313
341346
341350
341361
341374
341404
341406
341423
341443
341444
341462
341469
341511
341523
341531
341556
341570
341585
341589
341616
341655
341664
341696
341731
341742
341748
341798
341800
341812
341817
341833
341847
341854
341861
341869
341881
341888
341894
341900
341927
341954
342001
342051
342060
342083
342093
342098
342107
342111
342112
342138
342148
342156
342168
342181
342261
342326
342332
342336
342353
342354
342357
342393
342410
342442
342448
342501
342517
342530
342540
342565
342620
342623
342637
342645
342656
342692
342697
342728
342732
342743
342787
342797
342798
342835
342891
342892
342899
342905
342917
342920
342935
342941
342946
342949
342981
342989
343002
343027
343050
343054
343066
343086
343136
343156
343177
343188
343202
343240
343241
343255
343295
343318
343323
343331
343345
343357
343362
343363
343365
343394
343406
343422
343436
343448
343462
343467
343483
343502
343517
343531
343537
343549
343550
343559
343577
343583
343618
343620
343630
343671
343710
343747
343770
343790
343794
343795
343808
343825
343838
343912
343932
343961
343969
343989
344045
344053
344056
344057
344112
344116
344124
344162
344176
344240
344242
344243
344254
344269
344274
344293
344294
344299
344316
344318
344324
344345
344359
344388
344396
344425
344445
344494
344519
344523
344562
344581
344622
344654
344672
344674
344694
344726
344734
344753
344765
344778
344799
344830
344834
344842
344852
344859
344873
344894
344896
344903
344939
344955
344963
344967
344970
344990
345000
345020
345023
345027
345046
345051
345058
345066
345070
345086
345100
345134
345138
345149
345159
345197
345216
345240
345257
345262
345306
345321
345342
345361
345363
345368
345377
345382
345411
345419
345436
345446
345472
345522
345526
345560
345593
345641
345642
345681
345707
345721
345737
345752
345766
345777
345779
345783
345786
345794
345810
345819
345827
345858
345862
345890
345938
345939
345946
345947
345959
345968
345989
345995
345999
346007
346021
346042
346043
346045
346050
346071
346078
346095
346121
346128
346137
346157
346161
346163
346171
346204
346217
346220
346228
346236
346246
346268
346318
346338
346339
346380
346434
346446
346448
346504
346511
346513
346517
346529
346536
346561
346578
346610
346635
346641
346644
346655
346663
346669
346682
346684
346704
346719
346726
346730
346733
346747
346752
346771
346788
346840
346841
346897
346920
346936
346938
346941
347003
347007
347019
347034
347048
347051
347058
347072
347084
347122
347130
347170
347188
347202
347222
347240
347273
347297
347331
347337
347351
347355
347367
347370
347380
347399
347411
347421
347428
347451
347477
347513
347514
347519
347523
347529
347562
347566
347581
347626
347639
347674
347690
347721
347730
347734
347742
347785
347818
347828
347833
347854
347865
347873
347884
347913
347967
347985
348001
348003
348023
348026
348045
348114
348126
348137
348162
348196
348203
348249
348251
348261
348269
348275
348281
348283
348294
348306
348344
348354
348417
348442
348464
348466
348484
348508
348520
348523
348524
348530
348539
348557
348577
348596
348605
348649
348684
348686
348717
348767
348776
348785
348817
348849
348869
348877
348916
348922
348960
349000
349003
349026
349031
349032
349079
349087
349106
349128
349176
349177
349184
349188
349193
349198
349233
349242
349247
349254
349261
349277
349285
349299
349318
349321
349338
349352
349385
349398
349400
349416
349424
349474
349476
349523
349548
349588
349615
349649
349680
349685
349686
349700
349702
349706
349708
349719
349763
349769
349779
349801
349851
349906
349916
349918
349924
349926
349995
350022
350031
350047
350075
350093
350164
350167
350172
350173
350183
350184
350188
350196
350227
350254
350263
350296
350304
350359
350366
350405
350414
350416
350419
350434
350456
350461
350480
350515
350522
350524
350530
350534
350549
350594
350641
350670
350712
350721
350768
350782
350783
350797
350814
350828
350831
350846
350868
350873
350880
350881
350882
350886
350903
350927
350955
350974
350975
350976
351038
351047
351052
351069
351097
351107
351123
351127
351129
351134
351152
351158
351173
351219
351231
351235
351249
351255
351266
351270
351274
351285
351298
351304
351320
351327
351333
351334
351342
351346
351353
351395
351403
351407
351409
351448
351522
351567
351572
351574
351593
351602
351655
351665
351681
351685
351708
351726
351769
351771
351775
351807
351825
351827
351872
351884
351889
351926
351946
351970
351984
352023
352026
352044
352052
352065
352067
352105
352109
352145
352168
352172
352176
352184
352223
352257
352263
352283
352289
352308
352316
352325
352358
352360
352426
352431
352439
352440
352455
352493
352516
352545
352575
352591
352598
352619
352626
352633
352635
352656
352666
352677
352691
352699
352728
352736
352741
352771
352772
352785
352807
352825
352827
352893
352895
352903
352911
352914
352940
352976
353004
353047
353055
353057
353060
353069
353076
353122
353129
353155
353158
353187
353189
353191
353194
353196
353205
353219
353231
353267
353269
353273
353279
353280
353294
353330
353337
353427
353434
353454
353480
353516
353543
353548
353559
353573
353587
353599
353629
353649
353654
353677
353685
353703
353707
353713
353738
353740
353750
353794
353800
353814
353816
353820
353822
353887
353892
353904
353918
353955
353970
354006
354021
354064
354068
354098
354100
354115
354118
354131
354160
354161
354202
354205
354206
354238
354242
354258
354260
354271
354291
354321
354355
354381
354418
354439
354457
354589
354604
354616
354636
354644
354652
354685
354691
354694
354696
354725
354726
354731
354745
354748
354765
354766
354788
354789
354790
354804
354832
354844
354845
354887
354893
354901
354903
354914
354918
354924
354933
354968
354972
354981
355000
355007
355019
355038
355064
355068
355096
355112
355118
355134
355141
355155
355197
355210
355221
355229
355283
355289
355313
355339
355353
355371
355379
355380
355381
355425
355435
355437
355438
355456
355472
355475
355478
355502
355507
355517
355531
355570
355612
355617
355624
355646
355649
355660
355671
355678
355688
355699
355701
355712
355731
355746
355754
355763
355802
355804
355813
355896
355918
355926
355945
355958
355964
355969
355980
356003
356028
356029
356043
356046
356065
356082
356099
356108
356115
356118
356151
356168
356184
356185
356209
356225
356244
356246
356248
356332
356350
356367
356377
356383
356433
356467
356470
356482
356504
356507
356552
356556
356602
356616
356637
356657
356658
356674
356696
356709
356760
356765
356822
356823
356829
356844
356860
356864
356883
356903
356911
356924
356925
357027
357036
357049
357056
357057
357075
357109
357125
357131
357144
357169
357180
357183
357225
357226
357285
357309
357330
357338
357345
357358
357365
357366
357386
357408
357433
357442
357450
357502
357507
357520
357569
357590
357602
357634
357653
357698
357734
357760
357764
357818
357827
357850
357859
357867
357869
357896
357905
357926
357961
357983
358001
358041
358045
358048
358062
358065
358088
358136
358147
358151
358155
358159
358231
358250
358251
358255
358258
358340
358358
358364
358368
358395
358401
358407
358412
358472
358541
358571
358654
358683
358702
358720
358734
358735
358738
358759
358792
358811
358812
358848
358855
358863
358880
358884
358886
358887
358925
358927
358930
358931
358934
358963
358968
358995
359029
359032
359056
359099
359109
359137
359162
359178
359209
359214
359215
359220
359223
359242
359246
359253
359284
359286
359292
359353
359369
359384
359386
359389
359392
359403
359407
359421
359424
359435
359448
359459
359498
359500
359532
359569
359574
359582
359589
359611
359632
359635
359715
359719
359736
359738
359740
359765
359771
359786
359844
359848
359862
359887
359891
359915
359917
359922
359966
359979
359992
359999
360004
360033
360034
360069
360070
360077
360079
360089
360112
360113
360145
360150
360157
360167
360193
360209
360221
360223
360256
360258
360267
360309
360329
360347
360355
360363
360419
360427
360429
360441
360443
360449
360500
360513
360533
360548
360567
360575
360585
360588
360591
360603
360627
360633
360654
360662
360672
360686
360690
360705
360711
360733
360741
360759
360794
360812
360819
360820
360822
360823
360830
360842
360859
360880
360899
360931
360938
360954
360958
360973
361003
361015
361048
361058
361061
361077
361083
361084
361125
361130
361160
361211
361226
361242
361283
361293
361305
361310
361311
361335
361354
361359
361374
361378
361383
361404
361434
361466
361485
361494
361505
361529
361539
361547
361556
361571
361573
361583
361589
361592
361602
361604
361608
361617
361641
361666
361704
361707
361713
361717
361718
361727
361734
361768
361777
361780
361787
361819
361833
361845
361898
361924
361968
361996
362000
362017
362068
362084
362103
362149
362167
362171
362179
362207
362218
362220
362221
362233
362319
362343
362349
362363
362365
362379
362405
362408
362409
362446
362449
362454
362461
362473
362474
362491
362492
362497
362505
362513
362541
362596
362611
362615
362619
362633
362634
362639
362644
362648
362652
362665
362715
362730
362747
362775
362783
362795
362818
362822
362824
362840
362848
362861
362909
362933
362947
362977
363033
363040
363056
363059
363066
363083
363086
363088
363090
363100
363110
363118
363149
363164
363180
363186
363210
363217
363237
363238
363274
363296
363299
363314
363318
363327
363345
363354
363355
363364
363411
363417
363451
363463
363465
363470
363480
363493
363507
363514
363530
363531
363550
363563
363570
363580
363597
363609
363672
363726
363743
363745
363807
363835
363891
363924
363938
363939
363964
363999
364025
364031
364060
364146
364151
364164
364169
364174
364176
364188
364222
364253
364271
364277
364311
364330
364333
364350
364361
364368
364388
364429
364448
364457
364463
364474
364492
364495
364509
364529
364533
364548
364556
364593
364604
364615
364622
364630
364687
364710
364711
364727
364731
364744
364746
364764
364776
364793
364797
364817
364826
364851
364867
364875
364895
364897
364913
364919
364925
364929
364930
364948
364956
364965
364976
364991
365001
365016
365020
365030
365034
365047
365063
365078
365090
365117
365140
365166
365180
365211
365232
365273
365276
365283
365318
365321
365325
365361
365385
365400
365403
365408
365431
365460
365469
365473
365477
365494
365516
365527
365530
365535
365541
365543
365551
365565
365580
365607
365618
365644
365648
365675
365678
365750
365766
365790
365792
365804
365843
365848
365881
365888
365895
365905
365907
365926
365933
365956
366042
366058
366060
366061
366105
366108
366157
366166
366188
366199
366205
366214
366250
366254
366287
366292
366304
366315
366322
366324
366350
366372
366405
366413
366448
366454
366470
366492
366502
366507
366531
366543
366551
366604
366628
366647
366743
366746
366755
366769
366792
366810
366812
366818
366858
366863
366873
366879
366882
366888
366914
366929
366945
366947
366956
367025
367026
367027
367028
367033
367061
367097
367100
367102
367128
367131
367152
367161
367178
367198
367229
367235
367280
367282
367353
367362
367378
367423
367472
367532
367558
367567
367575
367582
367590
367613
367614
367649
367675
367685
367734
367741
367750
367796
367797
367802
367807
367863
367866
367875
367890
367908
367920
367940
367943
367953
367977
367979
368002
368048
368084
368096
368111
368117
368122
368133
368142
368149
368153
368167
368177
368203
368210
368222
368268
368269
368287
368307
368324
368355
368359
368393
368408
368458
368595
368618
368631
368676
368679
368694
368711
368721
368728
368734
368752
368767
368781
368794
368826
368836
368859
368860
368885
368888
368890
368893
368895
368901
368919
368928
368929
369003
369097
369100
369114
369116
369148
369155
369168
369181
369184
369190
369198
369230
369232
369307
369314
369326
369330
369333
369352
369358
369368
369369
369371
369413
369418
369434
369440
369473
369475
369503
369512
369525
369530
369552
369557
369572
369574
369575
369577
369603
369607
369622
369635
369636
369659
369729
369734
369745
369753
369810
369817
369847
369860
369876
369881
369883
369921
370033
370046
370048
370057
370058
370063
370096
370103
370124
370134
370147
370149
370169
370181
370190
370237
370243
370246
370251
370253
370256
370322
370329
370352
370359
370395
370424
370437
370455
370465
370466
370495
370504
370527
370536
370613
370615
370661
370670
370690
370694
370720
370727
370750
370754
370764
370781
370818
370826
370843
370844
370862
370866
370879
370895
370907
370916
370928
370932
370944
370948
370991
371011
371028
371036
371053
371086
371087
371107
371109
371115
371144
371150
371166
371175
371210
371216
371221
371253
371261
371263
371280
371285
371290
371329
371343
371344
371350
371353
371370
371377
371395
371405
371420
371422
371432
371459
371504
371600
371607
371616
371636
371650
371655
371695
371703
371707
371716
371755
371799
371842
371854
371859
371890
371904
371954
371963
371992
372001
372082
372090
372101
372153
372184
372208
372223
372262
372272
372283
372342
372383
372392
372397
372405
372425
372432
372464
372469
372487
372504
372521
372523
372540
372558
372560
372572
372573
372593
372628
372646
372661
372662
372664
372666
372669
372707
372710
372742
372778
372799
372833
372847
372861
372889
372917
372938
372941
372947
372974
373031
373034
373042
373059
373065
373144
373152
373153
373171
373199
373220
373224
373226
373228
373273
373298
373317
373320
373327
373375
373397
373412
373417
373435
373463
373472
373480
373485
373499
373538
373543
373546
373552
373601
373606
373647
373664
373689
373712
373743
373744
373769
373804
373816
373860
373873
373895
373912
373913
373952
374011
374016
374039
374050
374073
374078
374082
374088
374089
374104
374117
374137
374142
374163
374177
374206
374263
374287
374296
374310
374352
374385
374390
374404
374417
374419
374428
374458
374489
374512
374522
374547
374580
374618
374684
374715
374770
374772
374810
374811
374813
374819
374828
374837
374863
374881
374895
374907
374917
374962
374985
374987
375012
375025
375032
375033
375070
375071
375086
375103
375148
375167
375206
375255
375258
375262
375269
375275
375283
375285
375300
375315
375329
375344
375378
375389
375397
375447
375448
375485
375504
375517
375531
375536
375553
375567
375578
375585
375616
375650
375677
375682
375683
375689
375701
375759
375781
375787
375793
375807
375823
375824
375837
375841
375889
375900
375909
375910
375916
375924
375934
375946
375974
375979
376006
376009
376057
376070
376081
376082
376116
376167
376171
376177
376220
376236
376267
376302
376314
376325
376326
376342
376352
376353
376367
376380
376381
376394
376416
376433
376458
376511
376515
376542
376548
376558
376576
376577
376584
376600
376602
376617
376645
376650
376663
376664
376679
376715
376723
376745
376751
376754
376788
376800
376802
376814
376857
376867
376903
376916
376917
376923
376926
376927
376935
376936
376963
376973
377025
377047
377087
377132
377142
377152
377163
377177
377183
377194
377211
377212
377239
377260
377263
377296
377305
377326
377356
377370
377377
377387
377429
377432
377446
377449
377456
377465
377466
377498
377499
377536
377570
377575
377578
377579
377606
377614
377624
377646
377664
377669
377680
377682
377717
377722
377768
377811
377813
377832
377956
377970
377990
378004
378013
378036
378069
378070
378073
378177
378256
378293
378311
378321
378334
378390
378416
378435
378442
378445
378469
378535
378555
378564
378567
378571
378575
378580
378612
378623
378632
378637
378640
378660
378668
378669
378681
378683
378688
378714
378723
378734
378764
378774
378775
378782
378789
378819
378825
378841
378845
378847
378918
378923
378925
378946
378958
378973
379004
379032
379042
379158
379159
379175
379179
379191
379230
379240
379241
379251
379253
379320
379338
379359
379367
379406
379421
379432
379446
379475
379496
379498
379510
379517
379556
379593
379615
379652
379662
379663
379665
379686
379704
379753
379779
379781
379789
379791
379810
379811
379812
379814
379832
379840
379850
379863
379886
379903
379928
379929
379933
379939
379958
379959
379974
380036
380062
380072
380073
380106
380111
380135
380152
380190
380260
380282
380283
380293
380296
380305
380312
380319
380321
380323
380349
380389
380438
380454
380456
380457
380493
380509
380538
380551
380552
380630
380676
380681
380682
380728
380748
380755
380774
380783
380793
380806
380870
380903
380914
380920
380943
380951
381019
381030
381033
381044
381049
381078
381082
381089
381114
381164
381174
381218
381238
381265
381280
381328
381350
381369
381373
381379
381387
381388
381390
381433
381439
381481
381493
381503
381512
381519
381557
381564
381569
381601
381646
381657
381668
381673
381676
381687
381689
381705
381707
381712
381725
381737
381739
381801
381829
381837
381854
381857
381860
381886
381918
381936
381937
381974
381975
381980
382006
382029
382034
382035
382038
382039
382056
382061
382089
382183
382186
382236
382251
382264
382285
382297
382302
382303
382322
382327
382337
382338
382348
382364
382380
382388
382391
382403
382404
382420
382430
382436
382438
382442
382448
382493
382497
382506
382552
382578
382580
382589
382595
382596
382635
382636
382641
382642
382645
382657
382661
382666
382675
382684
382689
382709
382722
382726
382776
382783
382803
382828
382834
382841
382875
382898
382906
382916
382920
382934
382939
382942
382944
382962
382967
382994
383020
383029
383041
383076
383095
383100
383124
383125
383142
383159
383177
383217
383263
383286
383303
383308
383329
383384
383390
383401
383408
383446
383451
383452
383457
383466
383479
383519
383545
383574
383578
383586
383588
383635
383638
383639
383678
383732
383761
383774
383844
383856
383875
383884
383886
383887
383890
383921
383939
383958
383997
384013
384046
384068
384087
384095
384100
384117
384123
384125
384131
384132
384139
384166
384197
384241
384254
384270
384273
384277
384286
384294
384302
384307
384310
384318
384320
384325
384356
384359
384362
384372
384389
384391
384394
384414
384423
384432
384484
384485
384494
384531
384536
384566
384569
384574
384610
384615
384616
384621
384661
384681
384707
384723
384741
384749
384770
384780
384785
384814
384840
384859
384871
384890
384896
384927
384928
384943
384969
384980
384996
385027
385031
385042
385044
385052
385077
385082
385083
385088
385113
385123
385124
385137
385142
385149
385159
385187
385207
385227
385229
385268
385270
385274
385279
385308
385310
385318
385343
385362
385375
385424
385442
385499
385500
385509
385513
385517
385519
385521
385536
385549
385570
385577
385607
385612
385630
385645
385654
385658
385673
385690
385703
385707
385711
385712
385730
385739
385743
385744
385775
385777
385790
385793
385829
385854
385864
385898
385917
385918
385935
385952
385962
385975
385983
385999
386021
386047
386058
386070
386086
386087
386134
386152
386170
386196
386205
386208
386213
386232
386253
386275
386278
386289
386297
386319
386323
386327
386345
386378
386416
386437
386454
386496
386520
386527
386543
386564
386594
386605
386643
386686
386702
386715
386721
386726
386753
386765
386771
386773
386805
386817
386843
386911
386943
386968
387015
387017
387029
387034
387068
387070
387121
387131
387150
387161
387166
387177
387179
387183
387186
387191
387207
387212
387213
387214
387222
387232
387234
387280
387302
387304
387341
387357
387363
387368
387387
387395
387421
387426
387441
387457
387491
387522
387559
387567
387570
387577
387585
387609
387643
387645
387647
387649
387651
387674
387685
387689
387690
387728
387731
387738
387747
387755
387780
387811
387837
387861
387879
387893
387922
387925
387939
388021
388029
388065
388079
388101
388146
388156
388195
388213
388279
388281
388308
388322
388324
388328
388348
388350
388397
388412
388428
388429
388497
388513
388585
388597
388607
388614
388617
388645
388650
388654
388662
388672
388678
388691
388719
388721
388738
388755
388802
388813
388822
388842
388843
388885
388907
388948
388958
388973
388982
388984
388992
388995
389035
389067
389081
389094
389135
389177
389202
389223
389286
389302
389327
389333
389340
389349
389354
389378
389413
389417
389418
389421
389448
389471
389481
389485
389492
389496
389531
389537
389547
389676
389694
389696
389702
389716
389736
389741
389748
389754
389773
389774
389805
389829
389839
389855
389862
389866
389871
389886
389900
389907
389911
389915
389931
389948
389981
389985
390000
390011
390033
390043
390068
390083
390087
390094
390099
390100
390117
390121
390122
390138
390141
390150
390161
390178
390198
390204
390232
390254
390265
390270
390272
390301
390306
390319
390372
390373
390406
390415
390418
390431
390448
390456
390459
390477
390482
390485
390489
390492
390497
390517
390520
390534
390535
390541
390569
390587
390619
390627
390638
390651
390664
390681
390689
390705
390709
390801
390818
390831
390849
390853
390861
390869
390873
390945
390951
390968
390977
390989
390990
390997
391024
391048
391060
391086
391116
391121
391123
391125
391128
391144
391158
391163
391166
391190
391191
391204
391246
391255
391301
391312
391317
391325
391326
391350
391351
391358
391359
391365
391374
391407
391414
391423
391434
391464
391479
391482
391529
391543
391554
391566
391590
391591
391604
391644
391665
391680
391697
391727
391743
391797
391805
391816
391820
391827
391829
391831
391837
391843
391860
391863
391886
391887
391898
391903
391908
391927
391937
391952
392004
392005
392018
392034
392039
392044
392057
392065
392122
392188
392210
392228
392246
392278
392281
392294
392304
392318
392328
392349
392368
392395
392432
392459
392463
392469
392489
392492
392499
392518
392525
392526
392531
392539
392563
392586
392594
392596
392632
392689
392691
392693
392717
392720
392732
392740
392746
392751
392762
392785
392791
392804
392827
392830
392853
392866
392868
392876
392917
392929
393017
393020
393023
393044
393065
393084
393094
393108
393132
393134
393150
393167
393175
393176
393207
393209
393223
393230
393245
393253
393300
393301
393303
393325
393327
393367
393402
393434
393450
393451
393466
393525
393533
393552
393603
393606
393632
393634
393656
393668
393672
393692
393697
393702
393723
393746
393752
393756
393767
393802
393819
393826
393829
393849
393860
393868
393885
393902
393930
393959
393990
394002
394010
394013
394033
394049
394051
394070
394072
394080
394090
394122
394127
394140
394168
394181
394190
394225
394262
394273
394277
394297
394304
394307
394309
394315
394322
394337
394349
394351
394361
394392
394425
394427
394493
394508
394513
394521
394523
394546
394557
394563
394572
394594
394597
394650
394672
394682
394693
394694
394714
394728
394762
394767
394769
394776
394814
394821
394827
394855
394930
394966
395027
395053
395091
395095
395112
395115
395139
395140
395180
395208
395219
395220
395222
395236
395248
395263
395273
395315
395337
395345
395376
395378
395386
395437
395462
395463
395482
395544
395558
395604
395627
395691
395693
395697
395770
395772
395793
395803
395814
395815
395838
395840
395862
395868
395910
395917
395923
395926
395940
395956
395963
395969
395977
395988
395994
396003
396026
396049
396064
396070
396093
396100
396103
396104
396118
396135
396145
396203
396206
396235
396241
396244
396245
396254
396260
396262
396287
396289
396297
396312
396375
396391
396395
396401
396410
396418
396461
396472
396485
396533
396540
396553
396565
396584
396607
396614
396636
396653
396658
396685
396709
396727
396753
396770
396799
396833
396844
396875
396890
396897
396955
396959
396987
397000
397015
397021
397026
397035
397041
397099
397109
397113
397133
397137
397171
397176
397182
397196
397227
397283
397285
397304
397351
397361
397396
397409
397410
397420
397451
397461
397482
397527
397540
397586
397600
397618
397636
397641
397663
397670
397672
397696
397701
397713
397725
397727
397728
397740
397762
397765
397789
397792
397795
397799
397803
397810
397811
397834
397838
397846
397849
397851
397853
397864
397878
397892
397905
397914
397940
397956
397988
397993
397997
398029
398034
398059
398064
398102
398161
398178
398182
398197
398219
398222
398223
398225
398230
398247
398293
398313
398349
398357
398361
398362
398379
398397
398444
398462
398487
398491
398498
398525
398536
398548
398557
398577
398582
398613
398680
398710
398733
398739
398743
398867
398872
398879
398882
398890
398899
398903
398908
398938
398941
398993
399009
399019
399020
399031
399045
399069
399087
399113
399118
399123
399166
399181
399228
399231
399237
399260
399261
399266
399287
399290
399311
399332
399361
399376
399382
399407
399425
399443
399444
399449
399464
399471
399508
399516
399523
399531
399532
399547
399564
399569
399570
399583
399634
399676
399679
399680
399710
399714
399739
399781
399794
399816
399825
399884
400019
400027
400052
400073
400089
400100
400102
400116
400117
400139
400141
400157
400158
400177
400205
400235
400297
400314
400319
400320
400324
400340
400351
400352
400361
400436
400446
400450
400469
400491
400493
400510
400547
400550
400568
400594
400600
400612
400623
400627
400636
400665
400697
400703
400712
400736
400770
400781
400819
400832
400880
400903
400920
400925
400952
400983
401001
401054
401064
401093
401111
401124
401135
401162
401170
401204
401249
401252
401258
401284
401298
401407
401412
401433
401446
401470
401485
401506
401518
401538
401576
401587
401599
401601
401657
401722
401750
401758
401764
401774
401793
401797
401822
401824
401855
401942
401945
401961
401967
401984
401994
402006
402043
402067
402098
402100
402122
402128
402130
402178
402181
402205
402215
402226
402246
402257
402260
402284
402286
402296
402321
402330
402355
402356
402380
402392
402399
402424
402440
402464
402478
402506
402518
402554
402578
402590
402625
402644
402694
402696
402778
402793
402798
402849
402856
402862
402866
402891
402899
402926
402969
402979
403005
403037
403052
403100
403131
403133
403138
403185
403194
403229
403259
403291
403304
403307
403312
403323
403332
403370
403373
403388
403408
403413
403433
403458
403468
403471
403486
403508
403514
403524
403565
403582
403600
403612
403617
403685
403744
403748
403752
403753
403756
403776
403795
403797
403825
403838
403843
403850
403857
403867
403875
403891
403896
403918
403924
403942
403955
403964
403975
403994
403998
404008
404021
404028
404042
404111
404115
404137
404145
404150
404162
404163
404211
404216
404233
404239
404257
404268
404325
404335
404361
404368
404375
404421
404477
404486
404487
404488
404493
404506
404551
404553
404567
404571
404575
404597
404598
404605
404611
404635
404683
404696
404698
404705
404706
404731
404733
404762
404763
404770
404772
404779
404785
404796
404803
404804
404819
404831
404850
404860
404873
404912
404919
404923
404937
404951
404962
404966
405006
405017
405065
405102
405150
405162
405164
405204
405208
405232
405245
405250
405254
405266
405339
405342
405366
405386
405418
405432
405445
405478
405502
405515
405524
405538
405544
405545
405561
405696
405700
405703
405710
405713
405717
405727
405734
405742
405777
405786
405830
405865
405893
405933
405954
405964
405997
406023
406031
406038
406063
406074
406089
406136
406169
406194
406198
406223
406247
406270
406271
406273
406282
406298
406321
406337
406352
406354
406359
406402
406419
406456
406459
406492
406506
406517
406535
406546
406582
406604
406621
406645
406661
406713
406737
406746
406760
406785
406806
406839
406872
406881
406920
406932
406938
406952
406976
406980
406981
406982
406993
406995
406996
407013
407026
407029
407030
407032
407102
407162
407164
407174
407194
407220
407235
407287
407292
407355
407380
407382
407424
407504
407507
407508
407576
407606
407634
407636
407665
407671
407678
407699
407705
407730
407744
407799
407812
407815
407822
407837
407839
407889
407905
407908
407929
407952
407963
407972
408009
408014
408031
408051
408063
408066
408070
408078
408079
408094
408104
408124
408131
408207
408230
408257
408265
408275
408281
408336
408343
408361
408362
408389
408402
408482
408492
408505
408507
408545
408559
408566
408572
408584
408595
408598
408609
408622
408630
408641
408655
408714
408739
408775
408779
408809
408822
408831
408836
408854
408856
408881
408934
408957
408982
408990
408995
409002
409013
409025
409027
409028
409051
409073
409075
409083
409095
409098
409107
409109
409120
409135
409142
409148
409183
409196
409234
409237
409269
409279
409290
409309
409332
409343
409358
409405
409443
409446
409462
409492
409497
409527
409555
409560
409568
409578
409605
409630
409633
409651
409667
409695
409710
409745
409759
409763
409789
409826
409863
409867
409890
409906
409911
409929
409942
409968
409983
409996
410008
410012
410017
410023
410071
410072
410074
410094
410098
410103
410105
410112
410113
410152
410168
410178
410212
410213
410243
410250
410252
410267
410271
410286
410328
410361
410416
410429
410439
410442
410481
410495
410504
410511
410592
410607
410636
410692
410696
410724
410750
410757
410764
410773
410874
410890
410893
410931
410948
410953
410969
411001
411012
411066
411106
411119
411126
411132
411135
411137
411142
411155
411176
411216
411247
411285
411295
411357
411370
411396
411397
411421
411435
411450
411488
411493
411513
411526
411549
411582
411601
411604
411646
411653
411672
411684
411716
411760
411784
411793
411802
411809
411831
411844
411925
411937
411954
411978
411984
411995
412000
412086
412089
412097
412121
412164
412165
412173
412178
412179
412196
412249
412269
412309
412328
412359
412393
412400
412430
412446
412471
412479
412533
412537
412541
412547
412558
412568
412575
412577
412583
412588
412611
412618
412623
412649
412662
412680
412693
412695
412713
412734
412753
412757
412761
412765
412791
412821
412826
412832
412836
412851
412853
412873
412911
412949
412958
412966
412976
412989
413041
413061
413083
413136
413150
413151
413172
413174
413190
413199
413205
413251
413264
413266
413298
413314
413344
413346
413366
413374
413387
413394
413409
413413
413418
413443
413451
413463
413505
413507
413515
413519
413530
413531
413564
413598
413601
413611
413614
413653
413673
413686
413711
413731
413754
413769
413775
413783
413799
413830
413840
413859
413867
413874
413885
413896
413915
413917
413943
413969
414008
414012
414013
414021
414023
414047
414056
414066
414074
414076
414099
414129
414170
414202
414207
414216
414266
414272
414324
414331
414342
414356
414360
414373
414380
414394
414397
414413
414417
414423
414444
414464
414515
414520
414552
414558
414576
414593
414605
414614
414648
414650
414687
414688
414719
414723
414736
414762
414770
414790
414806
414811
414825
414842
414863
414865
414871
414893
414909
414922
414937
414941
414942
414954
414971
414973
415007
415050
415095
415105
415128
415151
415152
415154
415164
415168
415209
415248
415303
415306
415326
415330
415352
415375
415403
415440
415461
415462
415463
415480
415482
415494
415545
415557
415565
415624
415634
415652
415658
415659
415684
415696
415709
415714
415730
415803
415816
415826
415851
415876
415877
415880
415907
415920
415934
415942
415949
415951
415952
415968
416003
416014
416017
416018
416020
416033
416045
416089
416091
416104
416138
416190
416192
416196
416225
416237
416239
416257
416287
416288
416336
416350
416378
416384
416402
416417
416424
416435
416438
416443
416445
416453
416482
416501
416566
416575
416597
416599
416628
416660
416717
416721
416744
416755
416771
416773
416774
416784
416795
416797
416832
416844
416874
416875
416879
416881
416888
416899
416909
416918
416991
416995
417019
417031
417041
417046
417074
417091
417116
417154
417190
417194
417251
417255
417256
417259
417277
417298
417302
417318
417345
417368
417380
417391
417392
417393
417404
417425
417432
417445
417473
417504
417514
417523
417525
417528
417529
417530
417534
417548
417555
417564
417600
417611
417634
417666
417689
417708
417723
417727
417753
417765
417796
417820
417831
417835
417841
417848
417908
417912
417930
417978
417984
417990
417998
418001
418016
418024
418027
418032
418046
418048
418147
418153
418170
418186
418206
418218
418233
418278
418293
418335
418345
418356
418357
418371
418377
418384
418427
418478
418489
418500
418567
418573
418603
418605
418682
418710
418720
418734
418741
418746
418755
418771
418779
418788
418796
418802
418818
418841
418843
418848
418858
418890
418934
418950
418959
418971
418979
419006
419013
419016
419026
419037
419041
419042
419059
419062
419075
419080
419085
419089
419098
419113
419118
419122
419146
419186
419195
419197
419214
419217
419222
419226
419253
419255
419258
419260
419262
419273
419311
419325
419333
419342
419348
419361
419366
419373
419411
419442
419464
419500
419504
419542
419554
419557
419605
419624
419645
419650
419666
419668
419723
419747
419782
419783
419794
419824
419830
419832
419863
419866
419871
419889
419894
419915
419980
420011
420021
420067
420070
420079
420096
420098
420136
420158
420168
420177
420185
420192
420203
420209
420228
420242
420283
420295
420309
420356
420357
420367
420403
420408
420432
420443
420468
420482
420533
420555
420575
420579
420610
420615
420631
420660
420674
420683
420706
420735
420750
420768
420779
420780
420795
420845
420932
420933
420952
420959
420987
420999
421008
421011
421029
421052
421055
421065
421068
421102
421106
421107
421111
421129
421133
421164
421168
421215
421229
421244
421258
421263
421281
421314
421325
421358
421381
421399
421413
421430
421440
421473
421477
421522
421534
421535
421567
421572
421601
421636
421645
421658
421663
421664
421676
421710
421719
421720
421740
421767
421770
421804
421859
421882
421904
421933
421936
421945
421953
421957
421967
421983
422041
422123
422155
422180
422203
422213
422222
422229
422267
422275
422297
422318
422356
422380
422387
422441
422450
422482
422494
422495
422532
422541
422546
422589
422592
422599
422604
422652
422653
422654
422677
422682
422687
422709
422735
422744
422763
422783
422794
422811
422863
422879
422884
422887
422904
422908
422916
422930
422959
422968
423002
423014
423089
423109
423111
423167
423171
423274
423280
423282
423286
423310
423438
423477
423478
423482
423489
423524
423542
423552
423559
423595
423604
423625
423631
423637
423642
423646
423651
423670
423673
423687
423697
423702
423734
423745
423753
423778
423793
423828
423852
423858
423880
423883
423914
423933
423962
424020
424073
424124
424128
424160
424186
424194
424209
424223
424234
424244
424263
424295
424296
424301
424309
424321
424322
424326
424344
424365
424376
424405
424432
424457
424477
424510
424515
424516
424518
424535
424543
424546
424548
424585
424599
424601
424604
424606
424608
424610
424630
424632
424645
424664
424674
424676
424682
424700
424707
424715
424722
424732
424733
424755
424758
424777
424785
424789
424796
424797
424822
424842
424847
424849
424852
424861
424863
424883
424896
424898
424918
424931
424939
424950
424988
424991
425009
425049
425084
425088
425099
425103
425105
425123
425145
425170
425172
425186
425199
425246
425255
425256
425267
425300
425302
425307
425320
425337
425347
425351
425400
425422
425447
425479
425535
425562
425577
425597
425607
425608
425623
425647
425650
425654
425671
425714
425725
425726
425729
425737
425749
425774
425810
425811
425827
425853
425860
425884
425885
425901
425923
425947
425985
425988
425999
426007
426012
426019
426021
426022
426050
426063
426080
426097
426115
426117
426152
426163
426193
426200
426207
426212
426219
426255
426267
426276
426289
426290
426298
426305
426330
426334
426351
426352
426364
426376
426386
426399
426407
426424
426433
426438
426442
426448
426467
426505
426530
426584
426633
426648
426664
426696
426705
426719
426762
426798
426849
426876
426939
426953
426958
426989
426999
427003
427012
427067
427090
427098
427155
427164
427189
427208
427213
427215
427224
427227
427234
427255
427269
427293
427319
427321
427335
427348
427365
427375
427377
427388
427406
427461
427473
427498
427509
427516
427518
427524
427561
427569
427598
427645
427668
427676
427695
427701
427764
427771
427828
427838
427845
427850
427874
427885
427904
427925
427949
427980
428001
428006
428116
428117
428157
428165
428168
428187
428211
428218
428226
428233
428235
428252
428289
428312
428316
428363
428382
428393
428433
428437
428443
428469
428520
428531
428535
428545
428554
428556
428568
428582
428590
428598
428605
428655
428671
428718
428723
428732
428733
428737
428746
428795
428829
428834
428864
428883
428907
428922
428971
429006
429026
429073
429075
429125
429129
429164
429183
429185
429199
429238
429256
429257
429279
429289
429356
429376
429438
429468
429470
429484
429498
429500
429504
429506
429539
429554
429555
429597
429610
429640
429650
429675
429677
429699
429706
429718
429722
429744
429752
429775
429785
429792
429809
429814
429866
429885
429913
429976
429986
429994
430022
430060
430066
430073
430087
430095
430127
430131
430138
430210
430227
430235
430254
430267
430276
430286
430292
430298
430327
430340
430409
430446
430493
430520
430543
430549
430550
430554
430576
430587
430588
430589
430597
430633
430635
430653
430683
430700
430735
430772
430777
430786
430798
430811
430847
430856
430873
430893
430925
430953
431011
431027
431050
431056
431066
431083
431107
431111
431164
431178
431183
431186
431191
431261
431262
431276
431282
431287
431294
431297
431320
431382
431388
431390
431407
431408
431420
431439
431461
431478
431494
431502
431524
431548
431567
431572
431578
431592
431597
431614
431640
431656
431667
431670
431686
431704
431708
431747
431789
431853
431862
431882
431921
431955
431963
431991
432026
432027
432039
432056
432062
432115
432150
432159
432196
432211
432244
432284
432287
432291
432292
432301
432324
432332
432334
432345
432351
432352
432356
432376
432390
432404
432428
432477
432478
432492
432508
432518
432531
432542
432544
432554
432555
432563
432574
432577
432582
432586
432590
432592
432601
432607
432612
432615
432634
432645
432647
432651
432653
432661
432662
432676
432684
432686
432697
432735
432769
432779
432781
432789
432815
432823
432825
432836
432850
432892
432903
432912
432917
432923
432932
432963
432970
432972
432982
433029
433068
433102
433132
433183
433196
433202
433267
433279
433282
433300
433306
433310
433320
433352
433358
433365
433385
433388
433394
433396
433403
433417
433451
433459
433505
433507
433511
433522
433564
433589
433616
433617
433645
433658
433679
433684
433702
433719
433724
433737
433746
433747
433754
433762
433825
433840
433851
433863
433874
433885
433891
433895
433900
433901
433905
433938
433960
433983
433995
434037
434051
434099
434153
434159
434167
434189
434214
434219
434235
434237
434254
434274
434282
434294
434310
434315
434359
434366
434371
434377
434393
434438
434461
434468
434475
434482
434484
434499
434501
434565
434603
434609
434614
434619
434623
434653
434654
434716
434746
434780
434784
434798
434826
434841
434846
434859
434877
434890
434917
434918
434919
434943
434962
434977
434990
435008
435024
435032
435079
435179
435185
435191
435253
435297
435304
435329
435341
435375
435382
435384
435397
435408
435410
435431
435441
435470
435474
435480
435507
435519
435543
435600
435639
435673
435698
435710
435720
435722
435725
435747
435763
435808
435810
435825
435834
435852
435874
435923
435925
435954
435995
436022
436030
436084
436089
436093
436135
436136
436146
436147
436161
436168
436197
436201
436205
436209
436216
436239
436280
436295
436303
436334
436336
436355
436363
436412
436422
436432
436457
436459
436475
436481
436484
436497
436517
436539
436540
436550
436556
436576
436578
436591
436628
436634
436661
436671
436752
436758
436777
436807
436813
436833
436841
436879
436893
436916
436930
436941
436949
436950
436964
436968
436970
436979
437025
437052
437085
437100
437135
437212
437217
437257
437259
437262
437266
437287
437322
437332
437343
437360
437375
437419
437421
437423
437436
437437
437442
437500
437514
437516
437526
437547
437562
437564
437581
437683
437687
437690
437734
437736
437780
437802
437803
437818
437830
437831
437836
437850
437860
437887
437925
437956
437968
437970
438038
438060
438064
438074
438080
438095
438097
438106
438109
438113
438126
438127
438138
438160
438164
438183
438187
438196
438246
438258
438271
438319
438329
438338
438350
438354
438372
438391
438406
438439
438460
438472
438476
438484
438515
438536
438541
438571
438590
438597
438628
438638
438680
438685
438701
438729
438730
438748
438758
438760
438772
438780
438823
438830
438834
438898
438928
438991
438996
439000
439001
439009
439018
439038
439054
439064
439075
439079
439135
439155
439161
439165
439169
439189
439191
439193
439199
439215
439221
439225
439243
439290
439299
439304
439326
439343
439369
439380
439398
439414
439477
439489
439529
439544
439554
439558
439562
439566
439597
439637
439653
439668
439701
439745
439752
439753
439777
439789
439804
439823
439842
439844
439880
439885
439896
439899
439901
439905
439910
439911
439916
439919
439929
439960
439969
439973
440041
440045
440049
440066
440069
440076
440084
440090
440104
440124
440163
440166
440175
440181
440198
440207
440227
440242
440265
440326
440337
440338
440375
440417
440419
440441
440452
440491
440506
440519
440529
440553
440582
440598
440608
440613
440618
440631
440632
440642
440670
440686
440697
440797
440801
440845
440850
440857
440864
440878
440894
440943
440991
440992
441018
441042
441056
441100
441104
441144
441158
441204
441252
441266
441272
441300
441307
441346
441347
441351
441387
441394
441401
441437
441454
441458
441474
441481
441491
441521
441531
441544
441565
441567
441592
441595
441617
441619
441636
441649
441702
441711
441717
441750
441758
441762
441788
441802
441826
441828
441834
441871
441906
441955
441962
441989
442006
442035
442049
442065
442072
442079
442090
442091
442110
442135
442143
442149
442156
442163
442176
442180
442209
442231
442240
442249
442252
442268
442270
442274
442305
442316
442354
442382
442386
442389
442392
442406
442439
442444
442448
442473
442477
442490
442510
442563
442605
442642
442684
442703
442721
442770
442787
442790
442793
442818
442820
442841
442852
442872
442891
442911
442917
442932
442934
442958
442975
442976
442983
442984
442988
442989
442990
443027
443033
443035
443036
443065
443087
443094
443111
443166
443167
443191
443243
443297
443348
443359
443388
443401
443436
443461
443529
443550
443573
443584
443604
443623
443637
443640
443694
443695
443702
443712
443752
443776
443780
443782
443792
443811
443819
443827
443851
443857
443861
443872
443881
443890
443898
443905
443967
443989
443993
444031
444072
444078
444093
444100
444145
444184
444204
444235
444243
444257
444283
444307
444342
444343
444347
444349
444366
444367
444380
444386
444393
444394
444430
444441
444450
444458
444491
444513
444524
444570
444583
444591
444594
444596
444623
444637
444639
444643
444659
444686
444723
444746
444748
444781
444783
444796
444803
444831
444845
444856
444868
444876
444893
444924
444930
444949
444952
444962
444974
444986
444988
445012
445015
445024
445035
445064
445072
445075
445088
445105
445106
445114
445120
445127
445140
445197
445201
445207
445227
445237
445238
445250
445252
445262
445284
445291
445298
445332
445347
445360
445362
445369
445393
445399
445405
445409
445420
445444
445447
445458
445464
445467
445492
445514
445538
445543
445547
445570
445590
445660
445681
445695
445703
445705
445712
445729
445741
445763
445785
445801
445834
445847
445857
445867
445887
445892
445909
445971
445973
446007
446027
446032
446069
446075
446086
446096
446098
446103
446124
446163
446171
446226
446232
446257
446275
446289
446293
446299
446308
446341
446350
446389
446398
446403
446436
446438
446443
446502
446503
446514
446526
446534
446539
446621
446634
446636
446654
446702
446705
446726
446748
446758
446792
446809
446828
446834
446873
446902
446906
446932
446962
446978
446983
446992
447038
447062
447075
447130
447169
447172
447177
447190
447220
447234
447243
447251
447291
447304
447317
447339
447350
447354
447400
447412
447433
447450
447484
447519
447525
447535
447554
447592
447598
447662
447666
447672
447676
447749
447751
447754
447756
447806
447807
447808
447832
447858
447889
447910
447931
447946
447954
447957
447992
447997
448038
448049
448077
448081
448104
448106
448120
448122
448136
448172
448173
448174
448181
448207
448228
448241
448276
448277
448285
448298
448339
448364
448368
448401
448404
448408
448448
448455
448475
448489
448503
448534
448545
448549
448550
448591
448616
448620
448651
448663
448700
448780
448808
448817
448825
448827
448859
448869
448885
448892
448909
448911
448933
448937
448973
449014
449030
449036
449055
449056
449111
449122
449149
449168
449183
449195
449247
449353
449382
449390
449431
449439
449476
449482
449488
449502
449506
449517
449523
449528
449549
449573
449582
449629
449654
449688
449695
449715
449743
449764
449769
449771
449785
449796
449800
449807
449810
449811
449824
449832
449837
449850
449857
449920
449925
449943
449956
450000
450035
450041
450050
450096
450100
450123
450133
450150
450156
450209
450224
450225
450228
450238
450266
450269
450320
450378
450396
450410
450420
450425
450444
450473
450488
450495
450498
450533
450547
450562
450581
450610
450613
450627
450672
450710
450714
450726
450768
450780
450788
450807
450812
450827
450871
450920
450947
450951
450952
450958
450962
451015
451017
451039
451043
451073
451098
451105
451139
451145
451157
451165
451187
451206
451209
451226
451227
451228
451229
451231
451234
451260
451274
451314
451327
451333
451344
451348
451357
451381
451409
451419
451421
451423
451455
451469
451471
451472
451517
451533
451537
451551
451558
451582
451621
451626
451631
451653
451666
451676
451694
451710
451714
451741
451775
451779
451785
451793
451798
451805
451815
451841
451865
451879
451915
451916
451917
451951
451964
451977
452018
452027
452029
452031
452038
452088
452108
452125
452136
452144
452145
452161
452175
452189
452195
452200
452210
452213
452239
452245
452294
452309
452344
452346
452358
452376
452377
452387
452393
452428
452461
452474
452501
452525
452556
452562
452577
452619
452688
452698
452700
452713
452760
452768
452769
452783
452798
452843
452881
452890
452949
452966
452973
452987
452995
453030
453067
453089
453125
453155
453193
453201
453210
453233
453238
453287
453301
453317
453376
453377
453384
453391
453395
453416
453440
453441
453451
453455
453463
453482
453504
453514
453527
453532
453544
453547
453579
453605
453615
453625
453648
453652
453668
453674
453710
453720
453751
453767
453823
453824
453838
453852
453872
453874
453885
453904
454000
454008
454011
454026
454043
454065
454067
454071
454090
454093
454113
454139
454160
454167
454194
454201
454223
454289
454313
454320
454326
454332
454376
454415
454417
454445
454468
454469
454470
454482
454536
454538
454547
454553
454590
454624
454653
454668
454674
454688
454696
454709
454719
454758
454772
454775
454841
454862
454932
454990
454999
455007
455026
455037
455044
455046
455059
455064
455076
455078
455080
455096
455138
455164
455165
455168
455170
455187
455210
455223
455237
455239
455251
455253
455264
455358
455412
455417
455435
455436
455442
455448
455466
455488
455527
455559
455604
455649
455656
455681
455696
455723
455735
455749
455758
455770
455777
455779
455795
455819
455828
455830
455866
455872
455893
455938
455949
455956
455975
456011
456018
456028
456042
456051
456067
456089
456096
456117
456126
456150
456192
456202
456236
456238
456256
456265
456283
456284
456289
456311
456350
456388
456391
456405
456431
456444
456485
456488
456489
456505
456516
456544
456545
456608
456641
456651
456692
456720
456728
456754
456762
456784
456821
456824
456857
456863
456872
456924
456927
456939
456957
457010
457028
457087
457122
457126
457129
457132
457160
457162
457165
457172
457199
457219
457223
457274
457277
457319
457322
457341
457348
457359
457364
457370
457382
457395
457403
457497
457505
457520
457522
457531
457534
457540
457548
457563
457567
457612
457614
457628
457690
457695
457697
457704
457708
457756
457767
457783
457788
457797
457809
457825
457839
457846
457868
457886
457945
457947
457964
458021
458024
458026
458058
458061
458124
458139
458164
458173
458202
458204
458214
458222
458226
458236
458241
458287
458294
458302
458304
458329
458333
458347
458370
458375
458384
458396
458437
458486
458501
458555
458579
458587
458602
458617
458644
458677
458683
458690
458700
458723
458734
458752
458763
458764
458771
458777
458799
458804
458812
458840
458883
458895
458899
458909
458999
459018
459042
459127
459143
459152
459165
459192
459200
459202
459204
459250
459270
459284
459285
459286
459301
459325
459334
459353
459360
459397
459427
459437
459478
459495
459509
459515
459518
459589
459595
459601
459617
459657
459703
459705
459739
459755
459759
459766
459770
459778
459780
459799
459847
459880
459887
459892
459895
459899
459907
459936
459944
459945
459949
459951
459976
459990
459991
460003
460050
460061
460080
460088
460092
460120
460125
460136
460148
460150
460153
460157
460170
460183
460190
460195
460199
460212
460222
460226
460233
460270
460294
460296
460321
460419
460440
460441
460444
460463
460507
460564
460580
460617
460653
460673
460684
460711
460730
460759
460797
460821
460825
460838
460854
460860
460890
460901
460902
460920
460939
460989
461019
461050
461095
461097
461171
461175
461181
461185
461201
461208
461215
461255
461303
461317
461336
461370
461392
461433
461446
461498
461508
461509
461510
461525
461527
461537
461556
461563
461575
461590
461596
461603
461638
461650
461661
461668
461676
461681
461688
461700
461714
461715
461753
461770
461793
461798
461799
461808
461820
461826
461948
461958
461970
461991
462039
462066
462069
462094
462148
462154
462155
462168
462172
462200
462201
462215
462247
462248
462256
462266
462268
462286
462305
462323
462341
462344
462377
462386
462388
462410
462415
462427
462432
462471
462477
462480
462484
462496
462499
462509
462521
462543
462581
462594
462604
462606
462627
462629
462631
462633
462638
462651
462655
462657
462674
462676
462684
462722
462725
462728
462732
462736
462738
462748
462759
462778
462784
462806
462846
462853
462868
462883
462898
462915
462961
462989
462993
463020
463026
463054
463055
463062
463066
463093
463121
463155
463163
463170
463173
463218
463225
463248
463263
463279
463290
463307
463315
463336
463338
463362
463372
463412
463438
463485
463492
463520
463523
463528
463547
463563
463569
463573
463582
463592
463598
463637
463639
463641
463642
463662
463674
463684
463686
463697
463728
463729
463739
463769
463779
463792
463812
463831
463870
463888
463892
463913
463973
464007
464099
464128
464137
464161
464173
464215
464244
464272
464282
464285
464314
464324
464325
464349
464354
464389
464401
464421
464454
464477
464493
464502
464523
464525
464567
464572
464575
464583
464585
464586
464599
464606
464607
464612
464671
464680
464701
464789
464826
464828
464833
464843
464867
464884
464892
464917
464939
464970
464974
465016
465020
465023
465041
465042
465044
465047
465063
465070
465110
465127
465158
465160
465161
465191
465205
465208
465225
465296
465297
465302
465305
465335
465346
465351
465358
465372
465404
465437
465443
465467
465477
465481
465502
465508
465519
465520
465544
465547
465570
465583
465616
465620
465628
465654
465671
465689
465694
465704
465710
465719
465728
465732
465734
465739
465751
465763
465772
465801
465808
465825
465828
465858
465869
465881
465893
465899
465906
465927
465934
465974
466008
466041
466071
466098
466139
466175
466208
466220
466226
466243
466259
466271
466276
466281
466296
466312
466321
466324
466341
466348
466349
466370
466416
466444
466445
466470
466492
466532
466578
466583
466586
466587
466588
466592
466593
466617
466637
466645
466647
466679
466697
466698
466702
466703
466705
466709
466737
466743
466752
466837
466864
466938
466946
466951
466973
466981
466988
467012
467046
467064
467066
467095
467106
467109
467129
467140
467220
467233
467238
467268
467286
467298
467300
467306
467324
467336
467372
467387
467421
467459
467480
467481
467483
467487
467496
467498
467507
467546
467565
467566
467591
467595
467609
467651
467664
467673
467705
467709
467767
467772
467793
467794
467797
467798
467806
467817
467868
467876
467878
467901
467910
467915
467918
467924
467940
467963
468015
468020
468040
468055
468062
468081
468091
468137
468143
468186
468195
468197
468221
468264
468279
468285
468286
468299
468323
468332
468396
468402
468403
468413
468421
468438
468467
468478
468490
468544
468565
468575
468580
468588
468590
468632
468667
468692
468718
468720
468788
468790
468793
468819
468834
468841
468872
468873
468878
468914
468926
468957
468967
468969
468983
468987
468997
468998
469049
469056
469061
469062
469073
469110
469119
469122
469132
469190
469196
469223
469226
469228
469272
469285
469286
469301
469305
469325
469356
469377
469413
469425
469443
469457
469467
469471
469487
469497
469501
469526
469533
469534
469547
469602
469612
469621
469629
469630
469639
469648
469653
469679
469688
469690
469704
469739
469744
469751
469754
469762
469776
469782
469793
469804
469830
469848
469854
469872
469877
469913
469931
469950
469977
469979
469986
470000
470004
470009
470023
470049
470076
470113
470178
470200
470201
470203
470210
470230
470242
470268
470342
470360
470382
470386
470401
470410
470417
470448
470450
470468
470496
470542
470545
470549
470565
470566
470571
470573
470580
470607
470653
470657
470682
470710
470739
470742
470744
470752
470761
470766
470790
470794
470799
470813
470816
470821
470823
470825
470826
470834
470845
470848
470857
470864
470874
470883
470885
470889
470891
470907
470937
470945
470962
470972
470977
470984
470999
471009
471017
471055
471063
471064
471072
471101
471116
471129
471131
471146
471208
471229
471262
471303
471309
471343
471405
471418
471427
471452
471474
471477
471494
471497
471560
471563
471567
471586
471603
471620
471627
471632
471644
471662
471711
471715
471742
471744
471746
471753
471771
471803
471854
471866
471905
471915
471930
471941
471963
471974
472010
472020
472022
472063
472067
472073
472080
472084
472090
472115
472129
472148
472162
472186
472198
472222
472225
472270
472282
472300
472343
472351
472383
472407
472422
472437
472452
472472
472487
472524
472525
472526
472563
472564
472583
472613
472637
472643
472648
472662
472667
472675
472677
472692
472702
472736
472746
472752
472755
472774
472784
472825
472829
472843
472858
472900
472902
472903
472924
472964
472979
473056
473068
473077
473088
473107
473118
473124
473140
473141
473195
473230
473249
473333
473348
473353
473383
473456
473467
473482
473489
473490
473503
473504
473531
473540
473541
473542
473569
473585
473592
473595
473606
473619
473630
473684
473685
473711
473749
473806
473810
473818
473842
473847
473871
473895
473930
473934
473974
473981
474002
474022
474043
474047
474062
474087
474132
474149
474171
474228
474254
474299
474327
474337
474357
474361
474367
474371
474391
474397
474399
474416
474479
474514
474560
474561
474585
474595
474605
474606
474635
474636
474640
474668
474681
474704
474705
474706
474709
474716
474723
474746
474790
474791
474793
474811
474826
474827
474828
474829
474832
474851
474859
474870
474878
474910
474920
474945
474970
474992
474995
474999
475007
475011
475018
475048
475067
475109
475191
475193
475203
475205
475216
475237
475325
475330
475335
475371
475374
475404
475415
475446
475462
475465
475491
475505
475526
475561
475563
475577
475578
475583
475589
475598
475604
475637
475658
475688
475695
475715
475738
475767
475783
475796
475798
475807
475824
475843
475850
475855
475874
475937
475941
475966
475971
475974
475986
476026
476028
476050
476051
476076
476103
476108
476121
476155
476163
476170
476198
476234
476265
476267
476315
476316
476331
476334
476341
476379
476392
476411
476478
476481
476496
476497
476500
476520
476524
476536
476584
476597
476601
476618
476637
476660
476665
476703
476725
476750
476755
476772
476807
476811
476815
476819
476833
476834
476864
476874
476886
476895
476897
476899
476950
476960
476967
476992
477025
477032
477034
477053
477086
477090
477093
477097
477114
477116
477149
477157
477182
477214
477221
477236
477256
477307
477323
477331
477402
477412
477414
477420
477427
477448
477461
477482
477538
477565
477643
477681
477684
477714
477832
477859
477867
477869
477876
477890
477893
477904
477918
477978
477984
477991
477993
478014
478019
478067
478137
478144
478147
478160
478166
478200
478219
478221
478237
478238
478247
478248
478275
478286
478288
478308
478316
478358
478367
478384
478406
478411
478423
478432
478455
478463
478468
478492
478516
478521
478522
478532
478534
478538
478547
478551
478556
478565
478576
478591
478618
478642
478675
478677
478695
478697
478702
478721
478731
478736
478748
478753
478768
478772
478800
478802
478820
478832
478834
478877
478918
478934
478955
478962
478984
478988
479005
479009
479016
479055
479086
479089
479102
479111
479126
479165
479222
479252
479256
479260
479264
479350
479359
479372
479373
479378
479399
479404
479409
479424
479427
479443
479459
479473
479476
479479
479510
479574
479616
479617
479619
479668
479670
479673
479679
479724
479727
479786
479811
479827
479832
479836
479855
479883
479906
479928
479986
479989
480017
480027
480041
480054
480056
480093
480104
480107
480117
480127
480154
480159
480177
480186
480204
480230
480244
480276
480299
480319
480332
480333
480336
480346
480391
480424
480454
480455
480473
480479
480499
480502
480520
480543
480583
480592
480601
480603
480638
480644
480670
480727
480754
480791
480815
480820
480821
480830
480865
480885
480925
480955
481048
481056
481094
481095
481106
481116
481130
481146
481198
481221
481225
481249
481258
481265
481293
481318
481364
481433
481434
481438
481450
481468
481469
481473
481482
481488
481531
481533
481542
481563
481591
481594
481617
481623
481641
481653
481658
481669
481674
481682
481683
481687
481693
481731
481750
481754
481774
481775
481780
481792
481846
481857
481882
481885
481900
481903
481909
481926
481931
481949
482014
482020
482031
482032
482033
482044
482082
482085
482092
482147
482148
482149
482151
482223
482240
482241
482245
482266
482326
482363
482378
482387
482388
482389
482393
482438
482447
482508
482517
482527
482539
482541
482545
482555
482566
482574
482586
482594
482606
482610
482611
482622
482629
482664
482687
482717
482739
482825
482829
482837
482866
482894
482915
482935
482941
482992
483005
483010
483012
483024
483031
483036
483064
483065
483079
483083
483087
483095
483097
483113
483138
483144
483148
483150
483172
483221
483230
483234
483266
483270
483288
483301
483304
483306
483373
483380
483381
483449
483464
483488
483537
483542
483552
483557
483580
483606
483622
483631
483639
483641
483645
483676
483678
483681
483690
483731
483742
483800
483810
483825
483833
483867
483878
483888
483941
483958
483964
483978
483979
483984
484002
484015
484031
484058
484109
484117
484130
484145
484181
484206
484241
484268
484284
484294
484309
484321
484322
484323
484325
484334
484351
484356
484401
484418
484431
484437
484456
484463
484468
484486
484498
484506
484513
484553
484571
484631
484668
484680
484685
484716
484721
484724
484747
484752
484763
484769
484780
484784
484794
484806
484926
485035
485044
485047
485060
485073
485091
485093
485128
485129
485162
485196
485200
485220
485236
485266
485270
485278
485314
485320
485336
485347
485354
485382
485390
485414
485426
485429
485433
485471
485485
485494
485519
485529
485543
485608
485616
485640
485679
485686
485694
485696
485697
485736
485754
485763
485808
485837
485844
485855
485866
485913
485914
485939
485952
485961
485962
485971
486014
486029
486034
486043
486079
486090
486097
486117
486126
486165
486188
486205
486206
486247
486277
486290
486312
486313
486323
486336
486363
486365
486415
486429
486448
486458
486468
486486
486488
486498
486525
486533
486555
486556
486559
486595
486633
486643
486651
486657
486688
486699
486710
486718
486784
486789
486795
486813
486822
486857
486877
486888
486893
486927
486937
486951
486968
486986
486987
486991
487006
487010
487025
487028
487033
487057
487101
487123
487163
487169
487188
487239
487287
487289
487326
487335
487368
487385
487388
487441
487459
487466
487520
487527
487541
487602
487623
487641
487650
487662
487666
487669
487696
487708
487712
487756
487771
487807
487811
487822
487823
487828
487834
487850
487877
487879
487899
487942
487954
487957
488000
488009
488010
488013
488032
488037
488041
488059
488064
488070
488093
488096
488098
488108
488133
488136
488162
488181
488183
488231
488232
488240
488364
488366
488378
488381
488391
488415
488422
488506
488507
488513
488514
488515
488554
488574
488582
488598
488638
488655
488662
488668
488676
488711
488723
488740
488741
488743
488756
488776
488828
488848
488867
488905
488920
488923
488936
488937
488942
488947
488948
488958
488968
488975
488980
488981
489002
489006
489019
489035
489042
489057
489067
489071
489101
489111
489113
489114
489132
489144
489173
489187
489265
489267
489292
489312
489316
489317
489326
489394
489429
489442
489478
489486
489490
489497
489529
489546
489555
489560
489563
489578
489592
489622
489662
489680
489684
489695
489698
489718
489746
489760
489767
489780
489788
489804
489827
489831
489904
489936
489951
489987
489989
489991
489998
490000
490007
490026
490061
490088
490132
490140
490162
490188
490189
490223
490281
490301
490331
490351
490427
490433
490446
490450
490508
490510
490516
490520
490547
490570
490579
490622
490639
490683
490686
490699
490707
490716
490721
490738
490739
490800
490809
490818
490832
490842
490948
490956
490980
490981
490982
490993
491000
491026
491030
491038
491062
491076
491101
491123
491160
491169
491186
491201
491207
491211
491306
491308
491335
491344
491365
491386
491395
491436
491496
491505
491545
491551
491578
491579
491613
491631
491642
491670
491672
491683
491687
491692
491718
491770
491803
491823
491833
491865
491871
491872
491960
491986
492006
492016
492034
492041
492060
492074
492079
492088
492105
492108
492165
492167
492172
492203
492226
492247
492253
492307
492326
492346
492359
492366
492368
492387
492437
492454
492518
492550
492553
492558
492559
492566
492581
492593
492595
492655
492663
492730
492732
492736
492793
492845
492850
492865
492887
492907
492936
492942
492957
493006
493021
493043
493070
493112
493133
493161
493168
493188
493190
493211
493217
493221
493239
493266
493286
493290
493305
493311
493315
493338
493340
493358
493374
493377
493380
493437
493448
493497
493508
493538
493552
493604
493616
493625
493639
493641
493642
493654
493666
493691
493709
493779
493784
493792
493817
493830
493838
493850
493884
493912
493920
493931
493971
493982
493985
493993
493996
493999
494001
494002
494023
494030
494039
494091
494103
494115
494121
494122
494137
494167
494169
494203
494243
494258
494282
494286
494290
494292
494296
494299
494301
494368
494377
494379
494388
494401
494439
494468
494530
494566
494576
494609
494635
494637
494647
494665
494698
494714
494719
494764
494788
494827
494828
494838
494867
494880
494889
494894
494902
494950
494952
494960
494989
494997
495098
495100
495175
495180
495193
495195
495197
495201
495223
495225
495228
495233
495240
495243
495251
495293
495301
495353
495356
495367
495379
495402
495409
495424
495432
495440
495449
495457
495466
495469
495478
495481
495485
495497
495501
495526
495551
495552
495567
495569
495573
495639
495651
495676
495689
495690
495702
495705
495726
495735
495767
495775
495793
495809
495811
495840
495845
495887
495901
495909
495917
495945
495956
495993
496027
496028
496061
496111
496118
496124
496125
496126
496142
496167
496230
496242
496245
496246
496267
496335
496338
496347
496348
496352
496358
496359
496366
496385
496388
496429
496444
496448
496454
496468
496491
496530
496544
496550
496581
496610
496628
496638
496646
496653
496696
496697
496727
496747
496759
496786
496846
496904
496914
496920
496940
496963
497016
497019
497025
497066
497078
497104
497119
497131
497139
497142
497155
497159
497164
497207
497250
497253
497271
497281
497284
497315
497317
497319
497328
497330
497351
497365
497385
497386
497398
497401
497418
497431
497433
497455
497464
497497
497499
497513
497519
497539
497558
497573
497583
497584
497586
497594
497597
497613
497647
497658
497675
497696
497710
497712
497726
497734
497749
497755
497756
497813
497821
497827
497831
497844
497848
497869
497873
497885
497897
497906
497911
497915
497948
498014
498020
498027
498059
498064
498082
498091
498099
498118
498133
498151
498170
498183
498202
498213
498225
498242
498265
498279
498307
498313
498339
498351
498361
498375
498379
498388
498395
498428
498438
498461
498511
498518
498539
498544
498602
498608
498633
498643
498647
498671
498684
498690
498695
498710
498734
498769
498849
498890
498899
498914
498943
498966
499018
499035
499074
499077
499080
499111
499151
499159
499165
499199
499204
499236
499244
499246
499251
499267
499279
499298
499302
499308
499320
499322
499360
499399
499442
499450
499473
499495
499510
499511
499526
499544
499607
499626
499627
499633
499642
499668
499680
499690
499692
499696
499705
499722
499749
499774
499779
499797
499853
499874
499898
499922
499938
499957
499995
500005
500029
500067
500112
500202
500210
500211
500215
500217
500234
500259
500263
500266
500273
500288
500295
500316
500322
500329
500339
500340
500363
500405
500414
500420
500447
500494
500526
500601
500615
500634
500636
500658
500660
500693
500761
500770
500784
500806
500830
500857
500865
500866
500887
500888
500891
500910
500917
500939
500948
500953
500954
500973
500981
500988
500998
501000
501005
501013
501047
501048
501067
501084
501174
501214
501222
501228
501235
501239
501274
501299
501311
501323
501348
501359
501371
501436
501443
501452
501479
501509
501647
501701
501711
501716
501774
501779
501841
501844
501861
501884
501901
501903
501936
501942
501943
501954
502003
502016
502023
502024
502031
502066
502087
502091
502096
502121
502145
502174
502225
502291
502294
502353
502363
502368
502379
502392
502403
502412
502414
502430
502495
502506
502521
502530
502557
502596
502606
502617
502620
502635
502655
502657
502664
502683
502684
502718
502722
502749
502757
502787
502795
502796
502798
502806
502810
502832
502836
502864
502880
502883
502889
502892
502907
502910
502925
502933
502961
502964
502983
502991
502996
502998
503006
503007
503022
503029
503034
503039
503074
503121
503133
503142
503153
503158
503161
503165
503182
503209
503242
503258
503267
503271
503323
503340
503351
503352
503374
503378
503380
503392
503397
503448
503467
503507
503516
503531
503537
503560
503566
503582
503594
503615
503644
503679
503693
503708
503724
503796
503808
503838
503842
503844
503854
503890
503895
503928
503935
503948
503958
503970
504001
504025
504061
504079
504081
504097
504098
504127
504146
504151
504176
504180
504184
504186
504190
504202
504218
504229
504241
504301
504306
504339
504381
504386
504401
504406
504437
504438
504447
504461
504463
504476
504484
504496
504497
504509
504538
504539
504575
504577
504625
504631
504662
504671
504674
504682
504691
504739
504786
504817
504855
504922
504937
504950
504958
504998
505020
505033
505106
505143
505145
505184
505185
505188
505220
505238
505246
505263
505265
505282
505287
505288
505294
505295
505309
505327
505355
505372
505387
505447
505486
505521
505526
505547
505625
505655
505661
505738
505760
505776
505798
505800
505802
505806
505840
505848
505918
505931
505953
505962
505980
505990
505994
506011
506024
506051
506059
506071
506076
506080
506096
506113
506134
506170
506173
506200
506211
506212
506214
506248
506262
506289
506298
506305
506315
506331
506333
506339
506347
506363
506393
506401
506410
506421
506423
506424
506433
506468
506496
506514
506518
506534
506557
506567
506580
506583
506613
506631
506642
506693
506703
506704
506719
506736
506740
506743
506790
506840
506848
506850
506854
506860
506878
506885
506891
506950
506971
506974
506995
507005
507024
507071
507123
507148
507153
507164
507166
507189
507197
507201
507217
507222
507240
507255
507258
507261
507276
507315
507326
507355
507382
507384
507395
507403
507449
507460
507467
507493
507496
507539
507541
507545
507561
507565
507567
507602
507616
507627
507655
507658
507659
507685
507712
507722
507725
507759
507767
507775
507783
507802
507872
507904
507921
507926
508008
508045
508062
508063
508064
508082
508084
508095
508104
508110
508117
508137
508166
508186
508211
508213
508267
508273
508290
508291
508309
508322
508329
508334
508335
508339
508340
508351
508352
508393
508402
508417
508473
508502
508534
508536
508545
508610
508621
508630
508634
508643
508655
508673
508681
508709
508710
508720
508743
508772
508837
508842
508858
508868
508875
508886
508897
508904
508966
508967
508974
508981
508989
508997
509010
509036
509038
509059
509097
509123
509156
509171
509177
509184
509185
509192
509216
509227
509232
509258
509262
509263
509264
509267
509282
509364
509375
509394
509406
509445
509453
509464
509475
509486
509487
509496
509517
509550
509555
509557
509573
509574
509586
509616
509621
509729
509774
509792
509795
509814
509824
509837
509851
509859
509870
509873
509876
509897
509901
509920
509921
509951
509953
509976
509978
509996
510006
510016
510022
510025
510026
510134
510144
510160
510188
510216
510254
510280
510300
510315
510339
510377
510378
510379
510427
510433
510459
510479
510486
510492
510503
510531
510549
510562
510564
510589
510593
510599
510624
510626
510632
510640
510651
510656
510660
510673
510677
510743
510749
510775
510782
510802
510868
510884
510900
510909
510920
510931
510963
510966
510969
510978
510991
510995
511021
511036
511066
511073
511074
511084
511096
511105
511124
511129
511160
511169
511170
511186
511204
511227
511234
511236
511257
511281
511289
511291
511320
511360
511380
511381
511386
511392
511395
511421
511447
511457
511481
511548
511558
511559
511568
511581
511601
511613
511622
511631
511671
511692
511719
511725
511759
511761
511763
511808
511833
511853
511883
511889
511915
511959
511968
511996
511997
512003
512011
512023
512029
512031
512112
512150
512166
512238
512274
512285
512298
512323
512345
512355
512361
512363
512404
512453
512460
512495
512501
512535
512541
512542
512560
512564
512601
512603
512604
512636
512649
512670
512696
512712
512751
512761
512783
512814
512832
512880
512893
512921
512932
512957
512960
512968
512985
512994
513011
513047
513067
513099
513109
513111
513117
513167
513254
513274
513371
513376
513383
513396
513407
513417
513422
513424
513429
513437
513475
513481
513490
513573
513584
513588
513598
513621
513638
513663
513666
513700
513702
513725
513739
513749
513757
513770
513780
513824
513827
513843
513926
513931
513935
513938
513941
513985
514019
514052
514068
514077
514098
514101
514111
514132
514136
514157
514159
514191
514285
514326
514331
514353
514376
514381
514388
514390
514417
514446
514467
514468
514471
514475
514484
514559
514593
514597
514601
514626
514648
514655
514657
514672
514673
514688
514712
514748
514756
514800
514813
514822
514841
514847
514864
514883
514887
514890
514897
514914
514947
515031
515046
515060
515093
515146
515154
515184
515211
515212
515245
515260
515261
515282
515286
515318
515322
515332
515341
515366
515374
515375
515391
515406
515449
515450
515472
515483
515508
515515
515516
515537
515569
515575
515581
515601
515614
515621
515633
515636
515667
515686
515719
515730
515738
515742
515765
515793
515810
515818
515849
515860
515864
515890
515892
515904
515923
515949
516000
516046
516048
516077
516120
516129
516130
516131
516135
516170
516180
516190
516202
516230
516241
516266
516276
516306
516362
516395
516409
516443
516447
516459
516461
516468
516469
516489
516526
516539
516602
516637
516644
516647
516660
516668
516678
516757
516770
516783
516784
516813
516840
516872
516879
516894
516899
516938
516944
516949
516986
517000
517005
517009
517053
517071
517098
517120
517122
517124
517150
517205
517296
517316
517332
517335
517336
517339
517343
517366
517370
517384
517389
517393
517396
517422
517433
517436
517440
517464
517488
517519
517522
517531
517555
517591
517614
517636
517641
517644
517660
517686
517696
517749
517753
517779
517781
517792
517813
517815
517888
517890
517901
517909
517945
517947
517986
518000
518043
518060
518084
518089
518133
518150
518162
518163
518172
518191
518199
518244
518262
518266
518268
518272
518280
518294
518302
518326
518328
518357
518363
518416
518427
518433
518444
518455
518514
518541
518547
518548
518572
518587
518635
518639
518645
518658
518661
518674
518704
518705
518725
518731
518734
518760
518769
518777
518792
518801
518824
518831
518841
518853
518856
518860
518926
518942
518956
518989
518993
519017
519038
519046
519065
519078
519113
519152
519190
519197
519208
519215
519219
519234
519242
519255
519262
519300
519303
519314
519323
519354
519375
519376
519396
519432
519464
519475
519482
519500
519546
519563
519564
519596
519631
519633
519645
519649
519703
519723
519733
519796
519813
519842
519848
519857
519859
519865
519867
519914
519924
519926
519953
519983
519989
520032
520041
520055
520093
520094
520109
520113
520123
520133
520174
520178
520202
520210
520213
520254
520282
520284
520295
520300
520328
520329
520331
520421
520424
520428
520437
520439
520451
520457
520477
520489
520492
520511
520589
520597
520601
520604
520626
520632
520648
520756
520762
520810
520814
520827
520858
520864
520871
520886
520892
520921
520930
520933
520934
520969
521006
521010
521055
521060
521071
521106
521141
521152
521163
521168
521172
521189
521202
521210
521222
521235
521254
521278
521286
521309
521329
521342
521384
521401
521402
521413
521414
521417
521418
521438
521441
521465
521499
521514
521533
521557
521571
521580
521589
521609
521622
521626
521639
521642
521646
521659
521681
521711
521729
521755
521757
521774
521792
521859
521864
521873
521914
521930
521936
521950
521963
521979
521980
521986
521995
521996
522051
522053
522071
522072
522092
522111
522112
522125
522129
522148
522168
522171
522175
522181
522190
522208
522222
522266
522275
522299
522324
522325
522366
522379
522459
522467
522483
522494
522505
522520
522534
522549
522580
522653
522670
522675
522682
522692
522702
522715
522723
522736
522740
522772
522781
522802
522813
522849
522850
522868
522875
522881
522909
522921
522923
522926
522928
522959
522963
522980
522994
523010
523021
523031
523038
523127
523158
523179
523193
523245
523254
523280
523306
523326
523423
523430
523480
523482
523521
523527
523558
523607
523624
523636
523640
523648
523651
523679
523729
523813
523828
523830
523949
523950
523951
523955
523966
523975
523987
524000
524002
524033
524050
524057
524084
524087
524102
524120
524128
524149
524178
524187
524222
524239
524307
524324
524335
524343
524352
524353
524356
524360
524373
524377
524398
524403
524423
524432
524435
524441
524442
524454
524483
524520
524563
524592
524605
524609
524618
524627
524645
524652
524656
524675
524682
524692
524712
524720
524732
524769
524789
524797
524800
524827
524829
524850
524858
524882
524908
524920
524931
524934
524935
524968
524971
524973
524979
524986
524995
524999
525008
525020
525033
525077
525079
525091
525098
525112
525182
525186
525204
525206
525214
525217
525252
525289
525325
525350
525391
525397
525414
525440
525474
525475
525496
525502
525508
525515
525534
525542
525558
525562
525583
525622
525636
525670
525694
525697
525721
525730
525746
525791
525820
525871
525892
525916
525932
525935
525961
525967
525970
525974
525985
525991
526007
526011
526025
526050
526058
526071
526118
526157
526160
526177
526183
526224
526258
526266
526272
526291
526306
526338
526376
526399
526406
526428
526453
526455
526462
526478
526541
526549
526552
526558
526574
526605
526611
526616
526637
526661
526662
526680
526705
526706
526709
526731
526743
526752
526761
526775
526777
526817
526829
526833
526856
526884
526910
526912
526916
526929
526935
526940
526954
526999
527003
527019
527092
527115
527154
527157
527167
527178
527179
527216
527220
527239
527241
527276
527280
527309
527334
527355
527364
527373
527376
527398
527418
527435
527464
527466
527486
527493
527504
527536
527539
527545
527557
527567
527588
527618
527620
527623
527649
527652
527676
527691
527694
527751
527877
527896
527914
527923
527926
527934
527939
527970
527982
527992
528020
528024
528049
528053
528061
528067
528118
528140
528177
528185
528187
528210
528212
528223
528251
528254
528259
528291
528304
528319
528350
528403
528417
528421
528432
528438
528452
528459
528503
528518
528526
528547
528567
528568
528602
528605
528608
528620
528629
528632
528636
528648
528661
528686
528719
528721
528731
528755
528784
528802
528813
528821
528839
528850
528867
528898
528905
528917
528935
528937
528956
528972
528977
529014
529027
529048
529072
529088
529097
529113
529143
529165
529183
529193
529233
529253
529280
529342
529357
529388
529434
529478
529482
529491
529540
529558
529590
529598
529618
529624
529626
529629
529634
529650
529656
529658
529681
529688
529704
529737
529745
529795
529812
529844
529892
529912
529914
529947
529965
529969
529983
529998
530026
530041
530064
530069
530088
530110
530126
530142
530149
530200
530210
530230
530234
530247
530285
530286
530297
530298
530312
530325
530343
530352
530357
530384
530388
530413
530416
530422
530429
530454
530470
530487
530518
530561
530571
530606
530611
530625
530631
530671
530689
530695
530708
530720
530723
530728
530739
530750
530787
530788
530789
530794
530803
530868
530882
530906
530915
530944
530968
530974
530992
531000
531013
531018
531046
531072
531097
531115
531142
531147
531157
531221
531231
531269
531320
531343
531349
531389
531392
531406
531440
531449
531486
531494
531495
531510
531515
531536
531551
531572
531580
531590
531600
531616
531621
531650
531656
531743
531749
531781
531813
531840
531841
531843
531873
531897
531900
531936
531961
531968
531979
531986
531989
532027
532052
532058
532067
532093
532095
532119
532120
532145
532151
532156
532172
532190
532203
532209
532219
532221
532239
532250
532258
532269
532273
532283
532287
532306
532321
532324
532347
532348
532361
532362
532372
532456
532502
532506
532515
532548
532565
532609
532634
532639
532642
532645
532661
532696
532705
532756
532765
532806
532809
532821
532847
532866
532873
532885
532901
532934
532963
532970
532982
533018
533031
533063
533076
533092
533109
533124
533141
533150
533163
533188
533200
533213
533225
533238
533245
533255
533281
533292
533295
533296
533338
533370
533385
533418
533457
533464
533488
533496
533499
533507
533532
533551
533555
533602
533632
533647
533649
533761
533764
533795
533836
533866
533878
533881
533892
533907
533913
533918
533931
533963
533988
534032
534046
534055
534063
534072
534079
534087
534126
534148
534154
534155
534160
534175
534181
534193
534197
534231
534269
534284
534288
534298
534302
534321
534322
534339
534344
534348
534353
534390
534447
534456
534460
534548
534567
534623
534628
534669
534691
534702
534707
534709
534716
534726
534729
534740
534772
534775
534795
534850
534866
534871
534877
534882
534900
534928
534929
534941
534946
534970
534991
535029
535030
535031
535050
535051
535055
535065
535083
535107
535113
535116
535136
535140
535144
535158
535161
535169
535223
535228
535241
535256
535263
535272
535283
535342
535358
535361
535424
535434
535459
535481
535496
535497
535507
535582
535604
535620
535670
535672
535705
535715
535728
535734
535751
535765
535771
535779
535814
535839
535841
535842
535859
535898
535956
535957
535967
535971
535985
536007
536039
536048
536072
536079
536090
536126
536127
536130
536138
536143
536166
536171
536203
536207
536221
536237
536308
536363
536372
536382
536389
536391
536426
536452
536495
536497
536505
536522
536525
536553
536560
536561
536562
536566
536569
536590
536616
536652
536695
536706
536742
536774
536777
536807
536809
536823
536824
536873
536890
536904
536909
536915
536982
536994
537005
537009
537012
537041
537042
537066
537105
537117
537136
537152
537165
537167
537176
537182
537199
537212
537229
537254
537260
537280
537281
537291
537315
537318
537324
537329
537354
537381
537414
537427
537458
537463
537475
537480
537517
537521
537531
537548
537574
537582
537587
537600
537651
537660
537662
537663
537677
537681
537719
537730
537745
537753
537764
537766
537768
537797
537803
537825
537867
537871
537907
537949
537953
537980
537988
538019
538042
538082
538104
538113
538133
538135
538159
538163
538164
538189
538198
538222
538226
538245
538265
538288
538297
538307
538377
538391
538419
538429
538434
538471
538486
538497
538502
538510
538512
538516
538532
538551
538570
538574
538601
538613
538628
538646
538674
538693
538709
538726
538738
538753
538799
538801
538806
538815
538826
538828
538840
538842
538850
538865
538870
538886
538891
538896
538924
538940
538943
538997
539012
539021
539029
539042
539050
539055
539082
539111
539116
539122
539145
539174
539177
539214
539268
539337
539369
539408
539416
539435
539466
539470
539489
539498
539578
539628
539644
539649
539653
539654
539658
539669
539685
539709
539761
539762
539800
539810
539838
539908
539912
539969
540029
540039
540047
540057
540064
540076
540086
540091
540162
540179
540187
540204
540214
540215
540233
540238
540260
540272
540281
540321
540332
540355
540412
540423
540427
540428
540430
540431
540440
540454
540463
540490
540497
540510
540521
540536
540568
540570
540581
540605
540629
540633
540642
540650
540699
540701
540736
540742
540743
540745
540782
540786
540829
540849
540854
540856
540857
540866
540887
540913
540940
540946
540948
540951
540985
541014
541030
541054
541058
541070
541094
541116
541198
541215
541232
541234
541247
541255
541257
541267
541295
541334
541348
541353
541358
541364
541370
541377
541399
541413
541419
541432
541442
541445
541462
541466
541476
541510
541521
541532
541565
541569
541578
541587
541617
541622
541667
541700
541733
541737
541740
541754
541767
541784
541791
541796
541804
541807
541863
541908
541928
541945
541958
541981
542007
542018
542036
542047
542068
542073
542101
542107
542136
542141
542159
542178
542180
542232
542239
542253
542258
542275
542285
542290
542322
542336
542380
542413
542416
542432
542434
542442
542444
542453
542477
542479
542480
542497
542504
542549
542551
542559
542580
542588
542611
542653
542676
542717
542737
542773
542804
542816
542818
542831
542895
542935
542982
542984
542985
543030
543039
543059
543104
543106
543125
543207
543211
543213
543215
543246
543253
543256
543295
543301
543308
543318
543320
543348
543352
543355
543382
543398
543399
543464
543487
543525
543530
543550
543557
543561
543583
543591
543600
543612
543625
543688
543692
543716
543775
543804
543830
543867
543888
543899
543916
543948
543961
543984
543987
544014
544028
544037
544045
544089
544096
544101
544152
544173
544185
544193
544236
544246
544249
544283
544318
544359
544360
544364
544373
544414
544423
544479
544524
544525
544526
544544
544555
544562
544581
544606
544611
544612
544618
544633
544684
544686
544701
544717
544820
544839
544863
544875
544901
544904
544949
544992
545031
545048
545081
545143
545203
545216
545225
545227
545240
545261
545282
545287
545288
545298
545303
545330
545341
545367
545373
545418
545461
545466
545471
545473
545499
545500
545502
545527
545567
545596
545615
545622
545624
545645
545656
545691
545699
545721
545737
545775
545846
545864
545872
545874
545881
545887
545899
545946
545957
545985
545986
545995
546002
546055
546063
546080
546095
546108
546125
546157
546165
546177
546199
546239
546249
546251
546273
546289
546295
546307
546308
546326
546329
546336
546346
546347
546361
546362
546384
546422
546423
546438
546505
546508
546562
546585
546592
546614
546624
546636
546671
546676
546682
546689
546703
546705
546715
546718
546720
546742
546751
546777
546818
546823
546832
546847
546851
546869
546887
546889
546896
546957
547002
547028
547067
547118
547124
547132
547165
547166
547194
547206
547213
547227
547232
547274
547293
547316
547352
547358
547361
547425
547471
547497
547501
547528
547554
547590
547613
547615
547618
547622
547649
547705
547725
547733
547750
547822
547858
547883
547904
547910
547922
547924
547939
547951
547967
548010
548012
548044
548046
548053
548054
548078
548087
548090
548106
548181
548188
548198
548201
548202
548203
548223
548233
548257
548274
548286
548305
548309
548343
548351
548360
548375
548386
548388
548409
548414
548418
548425
548452
548463
548467
548476
548489
548519
548531
548538
548570
548583
548594
548597
548637
548663
548679
548689
548714
548752
548759
548760
548783
548855
548880
548888
548913
548916
548930
548932
548976
548994
548999
549021
549029
549032
549072
549092
549103
549105
549139
549156
549174
549211
549222
549225
549226
549242
549246
549284
549313
549317
549359
549362
549367
549374
549392
549401
549436
549450
549458
549469
549492
549508
549514
549517
549549
549559
549581
549584
549601
549614
549617
549628
549637
549646
549650
549671
549674
549675
549695
549699
549722
549735
549739
549772
549775
549779
549786
549801
549816
549824
549825
549842
549873
549882
549884
549914
549927
549964
549973
549988
549998
550011
550012
550022
550046
550066
550069
550072
550084
550110
550145
550156
550160
550216
550249
550324
550342
550363
550393
550411
550433
550440
550443
550489
550501
550508
550538
550582
550649
550663
550671
550729
550750
550766
550770
550776
550785
550792
550809
550819
550822
550825
550827
550879
550928
550948
550959
550993
550994
551001
551015
551024
551029
551030
551031
551067
551124
551138
551141
551152
551153
551161
551172
551189
551237
551283
551288
551334
551381
551401
551414
551418
551431
551432
551433
551467
551497
551509
551517
551533
551539
551540
551548
551550
551599
551695
551727
551753
551763
551767
551774
551782
551798
551804
551818
551850
551908
551930
551964
551977
551982
551995
552007
552017
552047
552056
552126
552132
552175
552198
552208
552267
552271
552276
552308
552311
552375
552377
552409
552411
552452
552454
552472
552509
552513
552562
552603
552628
552648
552766
552779
552801
552828
552840
552865
552914
552915
552947
552961
552965
552975
552978
553003
553042
553067
553085
553120
553142
553177
553204
553208
553218
553223
553228
553253
553286
553295
553296
553308
553322
553337
553378
553380
553388
553397
553398
553399
553408
553409
553431
553464
553491
553496
553500
553522
553559
553560
553594
553636
553643
553654
553675
553715
553734
553744
553764
553766
553793
553801
553808
553828
553859
553865
553886
553895
553902
553915
553916
553965
553972
553975
554016
554033
554039
554057
554063
554083
554104
554122
554152
554215
554232
554238
554246
554253
554265
554288
554291
554323
554348
554380
554389
554412
554438
554490
554499
554503
554507
554530
554531
554593
554603
554604
554627
554629
554639
554652
554711
554750
554753
554758
554762
554783
554799
554801
554811
554831
554836
554873
554887
554914
554917
554942
554960
554972
555020
555033
555047
555053
555088
555097
555121
555128
555133
555190
555198
555204
555211
555221
555269
555276
555281
555303
555316
555319
555349
555382
555450
555457
555495
555515
555530
555554
555585
555600
555613
555632
555644
555660
555684
555694
555702
555719
555734
555739
555769
555788
555792
555794
555799
555801
555806
555815
555827
555925
555933
555949
555961
555991
556003
556015
556026
556067
556069
556075
556076
556081
556105
556106
556108
556138
556153
556191
556206
556218
556241
556271
556275
556279
556325
556349
556361
556381
556382
556392
556406
556409
556412
556426
556439
556453
556463
556485
556502
556519
556525
556529
556598
556624
556631
556643
556696
556699
556722
556727
556733
556747
556777
556782
556812
556815
556825
556832
556893
556908
556927
556943
556953
556982
557076
557077
557085
557092
557093
557127
557134
557135
557149
557159
557173
557178
557198
557207
557211
557256
557292
557317
557322
557325
557352
557374
557398
557428
557444
557506
557556
557565
557567
557654
557682
557694
557704
557714
557731
557745
557777
557790
557794
557799
557815
557838
557855
557915
557919
557921
557926
557935
557967
558018
558049
558057
558076
558110
558111
558143
558157
558184
558192
558194
558206
558207
558227
558250
558262
558264
558271
558278
558291
558297
558300
558319
558320
558336
558367
558369
558401
558422
558461
558472
558537
558542
558554
558565
558623
558634
558655
558661
558669
558673
558674
558703
558774
558786
558792
558797
558809
558810
558813
558841
558849
558856
558858
558866
558883
558893
558944
558963
558980
559003
559016
559020
559035
559049
559071
559077
559107
559109
559121
559167
559177
559188
559206
559210
559214
559220
559238
559246
559249
559254
559263
559285
559290
559306
559312
559313
559325
559343
559347
559349
559368
559377
559385
559432
559438
559456
559464
559469
559479
559495
559502
559533
559548
559560
559568
559570
559580
559586
559624
559655
559671
559672
559677
559683
559696
559749
559755
559769
559770
559804
559838
559840
559878
559884
559946
559952
559957
559969
559984
560032
560035
560053
560061
560128
560143
560167
560211
560220
560233
560235
560274
560278
560314
560338
560347
560388
560393
560397
560429
560432
560433
560449
560476
560492
560515
560536
560549
560576
560586
560600
560639
560644
560649
560650
560666
560672
560684
560728
560770
560819
560831
560833
560899
560904
560926
560933
560983
561011
561035
561037
561058
561083
561098
561110
561121
561134
561171
561215
561225
561238
561271
561315
561334
561347
561361
561403
561419
561443
561468
561488
561497
561515
561552
561556
561557
561572
561585
561631
561645
561667
561671
561685
561707
561709
561712
561757
561769
561781
561791
561838
561857
561865
561956
561962
561993
562015
562075
562099
562110
562111
562152
562160
562165
562178
562191
562201
562235
562245
562249
562269
562288
562291
562294
562308
562319
562348
562373
562428
562435
562461
562470
562492
562581
562596
562610
562623
562624
562639
562641
562666
562688
562717
562729
562734
562746
562750
562768
562798
562801
562840
562844
562848
562849
562850
562851
562870
562885
562907
562934
562978
562990
562994
563007
563054
563152
563178
563210
563215
563236
563237
563255
563262
563268
563296
563336
563338
563345
563349
563352
563360
563373
563374
563379
563435
563471
563476
563478
563480
563517
563570
563636
563647
563683
563709
563747
563761
563777
563806
563809
563832
563839
563854
563866
563884
563903
563904
563920
563927
563953
563980
564001
564036
564060
564085
564088
564118
564155
564160
564168
564173
564218
564228
564232
564242
564254
564258
564272
564292
564300
564303
564343
564354
564395
564400
564453
564462
564474
564488
564491
564513
564546
564550
564600
564606
564636
564640
564648
564676
564694
564697
564702
564722
564757
564762
564789
564794
564809
564849
564875
564876
564885
564891
564929
564946
564948
564995
565037
565043
565050
565061
565074
565076
565080
565098
565104
565134
565149
565175
565181
565243
565275
565297
565312
565332
565359
565377
565406
565426
565488
565489
565490
565495
565497
565501
565508
565544
565585
565588
565594
565628
565669
565671
565688
565691
565718
565719
565742
565746
565769
565780
565781
565790
565795
565810
565820
565828
565829
565840
565857
565893
565909
565916
565920
565921
565938
565951
565956
565979
566010
566029
566046
566074
566110
566138
566154
566168
566197
566215
566223
566248
566258
566267
566275
566312
566358
566364
566392
566399
566413
566428
566437
566442
566453
566490
566497
566524
566531
566597
566622
566647
566669
566675
566703
566721
566735
566743
566750
566774
566776
566786
566826
566842
566924
566934
566959
566972
566984
566987
567013
567037
567038
567069
567074
567076
567079
567100
567116
567128
567138
567144
567152
567189
567225
567241
567245
567260
567281
567288
567301
567312
567325
567335
567364
567374
567383
567385
567393
567412
567416
567444
567533
567572
567593
567607
567652
567654
567659
567670
567672
567714
567715
567727
567728
567739
567791
567817
567827
567843
567844
567857
567860
567873
567877
567887
567920
567940
567973
567995
568005
568018
568026
568038
568062
568070
568085
568097
568150
568161
568181
568182
568207
568225
568249
568254
568312
568321
568341
568383
568391
568395
568411
568437
568438
568444
568451
568477
568508
568550
568559
568571
568637
568663
568676
568694
568719
568721
568745
568779
568823
568825
568843
568853
568861
568863
568868
568877
568878
568899
568902
568908
568923
568991
568999
569016
569019
569038
569041
569061
569080
569096
569116
569118
569135
569139
569164
569178
569185
569186
569190
569209
569239
569249
569277
569282
569307
569346
569381
569451
569467
569468
569496
569534
569548
569556
569586
569593
569614
569627
569639
569641
569653
569710
569711
569737
569744
569767
569768
569775
569776
569823
569831
569832
569893
569894
569922
569952
569959
569961
569967
570006
570008
570059
570066
570071
570073
570081
570088
570097
570135
570142
570167
570173
570176
570193
570194
570195
570199
570213
570220
570224
570261
570262
570290
570292
570300
570327
570354
570362
570365
570393
570413
570414
570419
570444
570445
570459
570493
570546
570547
570559
570569
570581
570609
570656
570658
570709
570717
570723
570735
570748
570754
570758
570791
570805
570838
570876
570888
570891
570897
570903
570918
570929
570999
571010
571035
571037
571039
571047
571053
571099
571100
571101
571128
571146
571197
571208
571226
571227
571266
571277
571291
571327
571374
571380
571383
571411
571412
571440
571446
571475
571517
571540
571551
571558
571566
571596
571644
571652
571702
571744
571745
571753
571762
571770
571774
571798
571811
571824
571827
571840
571861
571868
571893
571911
571914
571924
571944
571950
571964
571976
572039
572045
572071
572114
572121
572126
572156
572160
572165
572173
572179
572184
572201
572245
572297
572325
572330
572335
572356
572392
572402
572406
572410
572415
572423
572426
572428
572467
572510
572517
572566
572584
572627
572642
572660
572664
572679
572746
572747
572754
572789
572792
572802
572821
572836
572850
572884
572890
572892
572940
572947
572949
572954
572958
572964
572973
572984
572996
573015
573020
573066
573075
573080
573084
573136
573151
573155
573163
573177
573206
573208
573211
573219
573236
573251
573266
573267
573278
573292
573300
573342
573382
573409
573474
573484
573507
573520
573538
573555
573558
573582
573589
573592
573594
573608
573637
573640
573641
573653
573662
573674
573700
573701
573703
573710
573749
573776
573778
573790
573792
573793
573814
573840
573844
573861
573881
573882
573887
573894
573895
573897
573918
573919
573922
573956
573962
573966
573977
574027
574036
574080
574098
574119
574134
574160
574163
574170
574183
574190
574215
574238
574262
574281
574295
574301
574316
574327
574337
574349
574359
574360
574377
574392
574394
574407
574420
574421
574546
574609
574613
574616
574644
574652
574659
574662
574691
574711
574719
574739
574753
574779
574780
574816
574844
574863
574873
574893
574903
574909
574917
574936
574940
574947
574950
574960
574970
574989
574991
575010
575011
575015
575056
575062
575073
575082
575097
575107
575113
575119
575120
575121
575236
575246
575252
575273
575281
575291
575353
575359
575363
575368
575374
575380
575383
575404
575405
575431
575456
575478
575496
575512
575514
575522
575581
575604
575608
575618
575623
575630
575655
575670
575683
575686
575707
575722
575728
575739
575785
575857
575890
575897
575914
575921
575930
575934
575953
575973
575978
576000
576010
576037
576039
576083
576101
576113
576115
576146
576184
576187
576240
576243
576266
576271
576351
576358
576387
576404
576429
576436
576438
576460
576468
576477
576497
576514
576536
576541
576543
576546
576578
576596
576678
576691
576699
576709
576713
576716
576733
576749
576760
576762
576771
576787
576789
576795
576798
576812
576821
576822
576832
576837
576841
576843
576859
576882
576892
576895
576899
576918
576937
576960
576972
577004
577037
577045
577055
577066
577101
577114
577129
577130
577132
577172
577215
577262
577275
577288
577295
577306
577318
577320
577323
577325
577336
577343
577345
577359
577365
577398
577411
577438
577473
577490
577495
577509
577516
577518
577531
577536
577552
577559
577586
577587
577625
577639
577640
577683
577718
577755
577758
577796
577810
577827
577836
577845
577884
577890
577896
577904
577913
577924
577926
577933
577937
577942
577984
577994
577998
578015
578025
578071
578090
578111
578115
578156
578187
578195
578204
578207
578208
578223
578280
578287
578348
578363
578367
578389
578404
578434
578469
578483
578486
578523
578526
578530
578534
578537
578554
578556
578592
578613
578621
578628
578633
578637
578654
578684
578689
578690
578694
578696
578719
578741
578769
578786
578789
578798
578802
578825
578826
578833
578844
578992
578997
579009
579027
579042
579054
579075
579086
579107
579119
579164
579192
579199
579233
579234
579289
579296
579310
579311
579318
579320
579322
579330
579342
579352
579355
579386
579392
579423
579428
579436
579442
579457
579461
579476
579497
579521
579523
579576
579588
579598
579605
579623
579636
579642
579673
579674
579675
579726
579736
579744
579772
579773
579775
579816
579820
579832
579906
579917
579938
579947
579960
579968
579980
579992
580005
580009
580063
580067
580083
580120
580144
580147
580176
580183
580188
580194
580209
580245
580261
580273
580280
580380
580406
580408
580449
580453
580503
580506
580514
580549
580551
580552
580566
580570
580609
580622
580631
580640
580661
580662
580674
580692
580737
580748
580752
580764
580814
580879
580891
580895
580910
580950
580957
580959
580966
580967
580975
581001
581011
581028
581061
581067
581072
581080
581108
581124
581157
581161
581217
581257
581265
581276
581312
581346
581349
581359
581365
581371
581373
581402
581404
581435
581444
581445
581456
581509
581512
581536
581575
581587
581619
581628
581651
581661
581668
581688
581695
581699
581724
581752
581753
581795
581806
581825
581827
581880
581893
581894
581899
581911
581915
581923
581934
581951
581957
581958
581967
581968
581992
581998
582007
582010
582046
582064
582074
582134
582147
582190
582199
582201
582208
582218
582245
582246
582253
582260
582289
582307
582315
582317
582322
582330
582334
582336
582342
582344
582347
582357
582367
582374
582376
582382
582389
582395
582400
582422
582434
582457
582470
582478
582504
582515
582531
582555
582580
582588
582591
582605
582627
582645
582648
582659
582666
582673
582681
582709
582721
582722
582769
582779
582792
582814
582821
582825
582850
582854
582884
582903
582907
582915
583007
583009
583020
583045
583066
583076
583086
583107
583122
583167
583169
583190
583217
583224
583231
583236
583244
583246
583270
583296
583298
583301
583344
583361
583377
583430
583440
583462
583477
583478
583479
583520
583537
583569
583588
583598
583599
583606
583610
583616
583622
583662
583674
583695
583708
583734
583760
583762
583780
583783
583812
583842
583865
583868
583872
583883
583909
583965
583966
583986
583990
584001
584002
584003
584043
584048
584053
584064
584098
584114
584136
584152
584182
584199
584212
584213
584224
584246
584256
584272
584281
584312
584316
584318
584320
584340
584355
584406
584412
584435
584481
584495
584498
584576
584603
584610
584634
584636
584651
584672
584689
584691
584698
584715
584717
584735
584738
584781
584783
584793
584804
584805
584807
584808
584813
584840
584869
584884
584890
584892
584902
584922
584942
584960
584986
585001
585008
585028
585031
585045
585058
585078
585081
585093
585103
585115
585121
585136
585142
585179
585190
585211
585218
585223
585236
585241
585259
585274
585291
585296
585305
585333
585341
585344
585369
585412
585440
585492
585520
585530
585536
585540
585543
585556
585557
585559
585565
585566
585568
585570
585585
585587
585634
585644
585658
585694
585707
585721
585727
585736
585777
585786
585797
585805
585815
585824
585827
585889
585898
585910
585918
585938
585957
585960
585965
585981
585993
586004
586034
586037
586050
586054
586072
586107
586123
586139
586144
586178
586198
586215
586217
586227
586258
586288
586301
586315
586324
586377
586382
586383
586404
586405
586421
586442
586474
586476
586491
586539
586588
586648
586654
586682
586705
586709
586744
586759
586766
586780
586806
586828
586892
586894
586911
586913
586918
586921
586949
586969
586978
586984
586985
587011
587026
587035
587053
587085
587096
587101
587107
587108
587112
587116
587161
587166
587172
587174
587176
587185
587189
587231
587236
587237
587242
587267
587282
587300
587313
587325
587356
587367
587370
587391
587436
587440
587447
587454
587461
587494
587512
587516
587520
587529
587533
587560
587610
587627
587640
587641
587651
587663
587669
587686
587687
587705
587800
587807
587818
587842
587881
587892
587923
587931
587955
587970
587997
588078
588083
588086
588088
588091
588115
588121
588122
588124
588125
588126
588136
588172
588174
588178
588190
588195
588231
588290
588325
588329
588368
588411
588414
588420
588423
588451
588462
588476
588506
588516
588529
588531
588536
588538
588544
588575
588621
588636
588662
588663
588666
588764
588767
588788
588791
588796
588797
588826
588870
588897
588916
588931
588941
589011
589025
589027
589030
589042
589116
589213
589222
589237
589267
589307
589309
589311
589321
589349
589351
589354
589376
589409
589427
589433
589435
589441
589452
589526
589530
589563
589591
589592
589608
589609
589624
589630
589703
589709
589743
589778
589779
589786
589790
589815
589824
589844
589882
589903
589926
589941
589954
589963
589965
590011
590022
590055
590068
590079
590094
590100
590106
590166
590185
590205
590214
590359
590360
590368
590397
590399
590464
590470
590503
590504
590505
590510
590533
590540
590543
590570
590590
590638
590640
590642
590654
590685
590704
590717
590749
590752
590764
590795
590810
590816
590832
590836
590852
590872
590905
590927
590940
590950
590967
590982
591007
591025
591026
591035
591044
591079
591100
591129
591148
591152
591160
591169
591183
591192
591201
591217
591218
591250
591253
591263
591265
591294
591302
591303
591338
591341
591365
591398
591423
591489
591490
591492
591542
591547
591560
591588
591612
591617
591640
591656
591664
591676
591697
591701
591719
591730
591770
591810
591811
591826
591840
591853
591861
591923
591943
591975
591996
592006
592037
592103
592146
592154
592158
592176
592187
592215
592216
592222
592230
592231
592240
592244
592245
592250
592253
592265
592282
592289
592290
592306
592316
592324
592337
592365
592393
592424
592452
592465
592479
592480
592485
592504
592510
592544
592550
592553
592564
592580
592594
592602
592666
592712
592717
592728
592732
592736
592749
592757
592772
592804
592806
592849
592850
592876
592890
592900
592924
592957
592981
592989
593001
593023
593024
593056
593059
593061
593065
593134
593156
593195
593299
593314
593363
593365
593380
593381
593387
593397
593398
593418
593426
593432
593452
593478
593483
593499
593513
593550
593583
593613
593618
593643
593654
593681
593683
593689
593693
593733
593739
593757
593771
593774
593816
593828
593884
593887
593902
593920
593922
593943
593979
594079
594095
594105
594185
594191
594196
594252
594256
594272
594282
594286
594318
594341
594342
594347
594354
594357
594365
594382
594385
594412
594425
594434
594437
594440
594445
594463
594474
594476
594481
594487
594491
594517
594522
594529
594549
594555
594581
594586
594606
594609
594613
594634
594640
594641
594671
594680
594687
594692
594746
594761
594772
594789
594807
594847
594876
594898
594917
594939
594943
594962
595022
595030
595053
595059
595103
595106
595130
595144
595146
595149
595160
595162
595165
595170
595204
595214
595286
595290
595303
595321
595337
595353
595370
595412
595414
595423
595427
595453
595531
595598
595601
595623
595634
595674
595706
595746
595762
595776
595806
595822
595837
595886
595917
595918
595957
595960
595963
595980
595993
595994
596001
596011
596013
596030
596048
596052
596095
596104
596113
596115
596130
596148
596150
596152
596158
596169
596202
596204
596219
596257
596282
596309
596325
596353
596387
596422
596429
596441
596455
596458
596460
596461
596500
596507
596521
596568
596588
596597
596612
596623
596630
596638
596645
596662
596682
596713
596743
596781
596792
596813
596814
596821
596866
596877
596892
596897
596921
596927
596946
597034
597038
597039
597040
597081
597088
597093
597103
597166
597178
597209
597214
597219
597226
597233
597251
597253
597258
597262
597263
597264
597270
597276
597314
597331
597382
597428
597439
597440
597451
597463
597468
597495
597510
597511
597520
597542
597551
597559
597618
597635
597677
597681
597686
597717
597720
597731
597732
597745
597783
597808
597823
597833
597843
597845
597854
597889
597909
597926
597941
597964
597978
598009
598016
598028
598037
598052
598072
598092
598115
598174
598191
598197
598198
598214
598223
598224
598327
598329
598363
598390
598409
598410
598423
598461
598474
598479
598487
598511
598512
598534
598537
598558
598585
598607
598622
598670
598688
598698
598736
598743
598753
598774
598777
598787
598799
598800
598802
598807
598857
598899
598902
598908
598920
598942
599024
599101
599102
599124
599129
599132
599140
599147
599162
599169
599173
599194
599195
599211
599215
599224
599226
599234
599238
599253
599289
599305
599334
599340
599358
599372
599402
599409
599410
599416
599488
599497
599510
599543
599554
599558
599570
599593
599604
599613
599630
599653
599666
599670
599701
599716
599735
599743
599752
599787
599803
599804
599805
599811
599829
599834
599847
599860
599875
599884
599916
599923
599924
599936
599981
600007
600023
600029
600041
600050
600074
600120
600151
600170
600204
600218
600240
600241
600257
600285
600301
600336
600361
600380
600381
600382
600441
600471
600479
600490
600531
600554
600567
600587
600648
600660
600666
600669
600696
600730
600734
600800
600808
600809
600817
600821
600828
600829
600831
600880
600935
600944
600954
600969
600999
601002
601012
601037
601083
601093
601116
601145
601150
601156
601160
601171
601189
601202
601207
601247
601253
601258
601287
601310
601320
601321
601324
601332
601392
601397
601402
601420
601439
601445
601461
601462
601504
601547
601583
601597
601598
601601
601642
601644
601652
601685
601696
601730
601733
601767
601796
601797
601823
601844
601873
601896
601926
601936
601956
601957
601958
601983
601988
601992
602098
602122
602138
602165
602176
602180
602190
602213
602214
602250
602257
602280
602281
602316
602348
602357
602363
602370
602373
602415
602422
602442
602459
602478
602522
602560
602569
602573
602624
602631
602663
602714
602719
602760
602762
602776
602800
602818
602829
602865
602900
602910
602926
602932
602951
603028
603032
603039
603042
603044
603098
603107
603119
603147
603151
603199
603207
603241
603242
603249
603257
603276
603292
603303
603341
603360
603362
603378
603411
603413
603450
603465
603469
603471
603472
603475
603501
603511
603536
603540
603579
603585
603597
603677
603684
603687
603698
603731
603749
603858
603892
603895
603898
603905
603912
603973
604039
604062
604078
604174
604231
604275
604297
604305
604308
604315
604323
604344
604391
604399
604420
604451
604456
604471
604482
604491
604505
604506
604543
604567
604569
604570
604619
604621
604645
604679
604681
604703
604717
604737
604764
604771
604787
604820
604835
604861
604864
604865
604878
605044
605078
605080
605082
605083
605101
605117
605129
605137
605175
605184
605187
605202
605207
605241
605269
605280
605309
605344
605346
605358
605401
605405
605407
605416
605449
605471
605483
605515
605522
605556
605579
605590
605610
605630
605693
605698
605703
605730
605740
605742
605746
605791
605800
605802
605807
605815
605863
605896
605911
605925
605951
605954
605957
605969
605974
605983
605999
606001
606009
606032
606053
606082
606094
606109
606117
606122
606150
606182
606202
606234
606262
606303
606309
606313
606367
606404
606416
606449
606479
606485
606490
606506
606523
606531
606536
606540
606547
606566
606576
606603
606605
606619
606648
606655
606686
606694
606707
606726
606729
606745
606775
606779
606800
606807
606826
606872
606886
606908
606910
606917
606918
606924
606975
606977
606990
607013
607022
607039
607055
607060
607084
607087
607091
607164
607179
607189
607194
607195
607209
607216
607222
607237
607241
607242
607266
607285
607290
607292
607330
607346
607374
607389
607396
607434
607460
607479
607485
607498
607514
607522
607545
607578
607622
607680
607689
607701
607736
607738
607751
607767
607783
607826
607829
607831
607875
607881
607884
607898
607936
607973
608005
608009
608020
608027
608068
608088
608102
608127
608169
608176
608209
608234
608240
608246
608302
608341
608348
608454
608456
608480
608485
608506
608558
608565
608569
608570
608625
608630
608637
608644
608675
608679
608694
608709
608784
608791
608808
608838
608862
608887
608904
608940
608947
608965
608968
608984
609009
609031
609041
609044
609068
609085
609088
609095
609119
609125
609166
609207
609214
609217
609250
609265
609287
609297
609299
609303
609304
609341
609426
609428
609435
609442
609457
609471
609479
609500
609542
609548
609563
609582
609611
609665
609669
609672
609709
609712
609741
609743
609778
609789
609814
609845
609848
609852
609857
609894
609941
609951
609969
609978
610003
610054
610058
610060
610062
610073
610108
610129
610180
610223
610242
610274
610287
610289
610298
610303
610309
610316
610330
610331
610364
610371
610375
610434
610445
610455
610461
610495
610584
610588
610598
610654
610670
610711
610712
610716
610724
610762
610767
610841
610848
610874
610886
610889
610891
610912
610933
610941
610964
610984
611004
611008
611018
611062
611087
611111
611126
611171
611173
611178
611180
611199
611230
611234
611270
611282
611284
611285
611289
611293
611297
611310
611326
611336
611347
611353
611385
611403
611433
611445
611446
611447
611455
611460
611465
611563
611585
611607
611637
611655
611670
611698
611709
611715
611724
611739
611757
611761
611820
611840
611861
611873
611913
611921
611936
611965
611983
611984
612011
612052
612064
612072
612089
612097
612098
612112
612132
612141
612211
612251
612258
612295
612305
612323
612334
612339
612375
612410
612424
612439
612454
612466
612471
612474
612513
612515
612522
612572
612677
612714
612734
612756
612771
612777
612796
612810
612871
612876
612883
612913
612938
612940
613005
613038
613048
613088
613098
613139
613144
613156
613199
613212
613243
613255
613301
613302
613303
613354
613355
613382
613388
613407
613414
613451
613452
613456
613461
613478
613486
613489
613500
613535
613543
613566
613569
613596
613615
613616
613629
613637
613700
613729
613733
613737
613762
613763
613795
613816
613817
613837
613843
613897
613936
613967
613984
613987
614003
614014
614015
614021
614030
614032
614042
614064
614066
614070
614114
614167
614186
614196
614201
614243
614253
614256
614266
614286
614290
614297
614325
614368
614373
614375
614377
614387
614388
614389
614440
614463
614472
614487
614499
614508
614530
614574
614584
614622
614626
614629
614632
614642
614695
614709
614725
614727
614732
614740
614746
614753
614767
614769
614774
614777
614784
614839
614841
614852
614866
614876
614920
614924
614931
614938
614958
614989
614995
615018
615056
615068
615089
615116
615126
615140
615150
615161
615197
615201
615238
615242
615256
615259
615283
615300
615311
615334
615354
615357
615371
615383
615388
615400
615403
615409
615428
615449
615509
615522
615548
615572
615575
615589
615592
615632
615649
615650
615653
615655
615671
615689
615704
615723
615737
615775
615782
615786
615832
615842
615855
615863
615913
615915
615918
615932
615960
616008
616009
616020
616024
616030
616055
616064
616069
616106
616109
616164
616188
616189
616209
616220
616234
616265
616278
616330
616372
616388
616390
616403
616407
616414
616424
616425
616431
616466
616476
616484
616495
616501
616518
616552
616564
616572
616574
616598
616599
616600
616625
616636
616645
616660
616681
616688
616692
616696
616699
616711
616715
616723
616724
616732
616739
616743
616746
616766
616774
616793
616803
616814
616840
616847
616852
616902
616916
616917
616972
616975
617001
617004
617025
617035
617083
617086
617094
617110
617166
617181
617213
617219
617227
617246
617291
617315
617334
617353
617391
617417
617439
617446
617487
617506
617526
617551
617552
617569
617601
617643
617648
617727
617735
617754
617761
617763
617799
617854
617859
617870
617880
617908
617949
617959
617981
618010
618014
618025
618033
618061
618063
618073
618087
618119
618132
618150
618161
618179
618194
618208
618210
618226
618227
618228
618234
618298
618308
618313
618319
618327
618344
618357
618373
618450
618469
618499
618557
618572
618582
618586
618598
618601
618609
618630
618637
618643
618721
618726
618755
618783
618805
618845
618879
618887
618937
618964
618992
619021
619030
619079
619085
619096
619120
619129
619143
619161
619181
619191
619193
619220
619235
619258
619274
619281
619282
619283
619302
619311
619336
619366
619376
619383
619402
619416
619427
619444
619474
619475
619476
619478
619480
619499
619502
619520
619569
619574
619604
619607
619627
619638
619648
619652
619690
619719
619728
619758
619821
619829
619831
619834
619862
619866
619884
619913
619942
619961
619974
620002
620022
620101
620104
620113
620115
620118
620148
620156
620163
620188
620201
620204
620221
620233
620246
620247
620256
620268
620269
620295
620316
620318
620321
620342
620354
620359
620364
620381
620458
620460
620473
620535
620539
620545
620550
620579
620601
620615
620616
620638
620669
620722
620740
620747
620752
620753
620759
620760
620799
620801
620862
620877
620903
620914
620924
621037
621043
621088
621089
621100
621103
621104
621127
621131
621133
621153
621253
621268
621284
621297
621319
621323
621401
621476
621478
621489
621506
621513
621531
621543
621547
621569
621573
621588
621608
621637
621694
621741
621748
621778
621812
621821
621823
621837
621843
621895
621896
621905
621909
621938
621953
621954
621962
621983
621985
621989
621990
621996
622008
622027
622050
622068
622101
622103
622109
622113
622160
622168
622190
622205
622214
622219
622223
622245
622262
622264
622272
622298
622321
622373
622397
622424
622440
622455
622484
622525
622542
622553
622563
622590
622595
622617
622646
622654
622657
622669
622707
622741
622752
622757
622761
622762
622778
622786
622811
622818
622830
622867
622876
622877
622890
622905
622920
622941
622944
622956
622962
622998
623042
623068
623071
623080
623109
623145
623154
623176
623203
623213
623248
623259
623263
623315
623317
623322
623327
623345
623355
623359
623369
623380
623390
623393
623407
623416
623447
623573
623578
623601
623620
623639
623690
623708
623712
623720
623723
623735
623790
623800
623811
623824
623836
623843
623847
623856
623861
623865
623866
623875
623926
623938
623954
623969
623979
623983
623994
624013
624017
624031
624041
624074
624080
624081
624134
624157
624171
624186
624223
624230
624253
624258
624262
624271
624279
624289
624315
624359
624371
624395
624400
624420
624432
624453
624455
624497
624503
624509
624512
624515
624517
624522
624536
624538
624570
624584
624595
624605
624614
624625
624639
624655
624679
624685
624691
624721
624728
624729
624735
624769
624784
624787
624798
624801
624813
624828
624878
624889
624892
624897
624917
624936
624970
624975
624989
624991
624993
624999
625020
625036
625041
625056
625104
625107
625108
625122
625123
625126
625135
625234
625235
625259
625313
625315
625344
625361
625380
625384
625405
625425
625426
625526
625545
625547
625558
625601
625659
625677
625682
625685
625692
625742
625752
625754
625755
625758
625788
625813
625820
625829
625831
625937
625966
625968
625975
626033
626097
626111
626112
626126
626133
626153
626154
626164
626197
626218
626230
626279
626283
626284
626332
626333
626344
626388
626399
626406
626418
626434
626448
626469
626482
626534
626537
626543
626556
626574
626579
626591
626614
626631
626635
626643
626682
626689
626690
626739
626767
626774
626792
626799
626810
626813
626823
626831
626845
626923
626928
626952
626956
626957
626970
626988
626997
626998
627015
627041
627056
627064
627101
627150
627166
627168
627169
627183
627199
627208
627237
627293
627308
627310
627313
627385
627435
627438
627441
627475
627479
627489
627493
627508
627530
627534
627545
627565
627592
627599
627616
627671
627676
627685
627686
627727
627738
627741
627774
627781
627790
627814
627843
627849
627851
627854
627855
627883
627896
627899
627915
627973
628043
628065
628073
628079
628100
628115
628118
628130
628145
628161
628170
628180
628199
628251
628253
628254
628283
628284
628294
628299
628300
628318
628343
628351
628365
628402
628418
628426
628442
628501
628503
628507
628523
628576
628624
628684
628697
628704
628721
628744
628761
628775
628776
628800
628806
628815
628830
628876
628946
628974
628990
629033
629038
629040
629050
629058
629088
629145
629149
629192
629199
629210
629217
629240
629294
629300
629350
629373
629379
629384
629385
629391
629392
629474
629475
629512
629523
629526
629541
629542
629549
629560
629591
629604
629610
629617
629636
629643
629652
629663
629668
629680
629705
629733
629756
629791
629798
629810
629829
629845
629852
629874
629941
629953
629970
629973
629974
629983
630015
630023
630039
630089
630099
630106
630108
630115
630131
630157
630176
630177
630195
630229
630266
630269
630289
630313
630351
630363
630370
630421
630471
630504
630505
630506
630524
630528
630531
630547
630566
630572
630592
630597
630599
630600
630610
630642
630657
630677
630679
630699
630710
630743
630813
630836
630839
630848
630852
630858
630863
630864
630914
630916
630921
630935
630972
630981
630994
630995
630998
631020
631033
631035
631037
631079
631084
631104
631120
631136
631138
631144
631186
631188
631204
631213
631218
631235
631239
631244
631247
631263
631304
631323
631337
631370
631393
631397
631403
631485
631492
631522
631571
631610
631630
631667
631674
631685
631707
631713
631737
631751
631764
631768
631790
631814
631912
631913
631917
631925
631954
631969
631970
631971
632009
632044
632089
632122
632133
632135
632151
632160
632225
632228
632252
632266
632276
632282
632319
632332
632384
632398
632401
632413
632424
632428
632461
632482
632492
632540
632559
632612
632614
632624
632629
632652
632671
632687
632688
632689
632708
632721
632730
632734
632746
632810
632818
632822
632825
632901
632911
632918
632923
632966
632971
632972
632987
633005
633021
633022
633028
633044
633052
633085
633093
633115
633127
633144
633149
633170
633197
633210
633224
633243
633251
633282
633301
633321
633323
633358
633387
633419
633432
633435
633462
633474
633478
633479
633497
633502
633514
633527
633531
633532
633554
633571
633574
633638
633647
633676
633681
633771
633809
633832
633842
633843
633849
633889
633900
633906
633915
633918
633929
633938
633953
633998
634000
634048
634056
634070
634079
634092
634106
634133
634149
634151
634170
634176
634196
634198
634243
634250
634273
634282
634290
634294
634336
634368
634386
634399
634430
634483
634515
634553
634554
634561
634576
634597
634608
634609
634639
634662
634665
634679
634687
634688
634706
634715
634730
634743
634745
634775
634794
634807
634809
634831
634849
634864
634865
634886
634895
634911
634913
634920
634921
634938
634952
634966
635000
635012
635018
635028
635037
635042
635082
635087
635125
635129
635137
635158
635202
635225
635239
635257
635275
635310
635349
635381
635398
635401
635426
635453
635508
635524
635549
635568
635578
635643
635662
635668
635673
635679
635693
635723
635730
635781
635783
635797
635804
635807
635820
635895
635906
635952
635958
635974
635978
635980
635988
636038
636067
636084
636097
636101
636105
636118
636131
636148
636179
636180
636192
636196
636199
636204
636205
636222
636224
636234
636264
636347
636367
636395
636455
636463
636464
636485
636542
636545
636551
636553
636567
636642
636666
636675
636676
636686
636696
636734
636809
636826
636833
636841
636850
636851
636888
636889
636891
636926
636984
637011
637020
637025
637030
637085
637122
637129
637206
637216
637250
637312
637370
637383
637403
637419
637434
637450
637490
637515
637552
637553
637558
637564
637572
637591
637604
637696
637699
637716
637717
637718
637754
637758
637779
637780
637804
637807
637811
637826
637841
637853
637868
637925
637938
637950
637970
637986
638002
638034
638057
638058
638079
638107
638151
638212
638218
638227
638233
638235
638248
638251
638262
638318
638346
638355
638427
638439
638446
638454
638470
638485
638509
638525
638528
638539
638542
638567
638570
638586
638591
638593
638602
638631
638644
638688
638693
638701
638706
638711
638719
638733
638765
638770
638777
638791
638799
638829
638835
638851
638852
638864
638872
638879
638888
638916
638926
638982
638986
638994
638996
639000
639006
639030
639061
639066
639072
639076
639107
639126
639150
639199
639200
639213
639225
639229
639259
639273
639308
639315
639346
639405
639407
639439
639444
639473
639477
639502
639509
639511
639525
639551
639553
639608
639625
639635
639660
639679
639738
639766
639781
639801
639806
639814
639841
639850
639875
639880
639909
639957
639964
639966
639970
639983
640000
640009
640017
640018
640027
640091
640113
640119
640128
640129
640138
640157
640164
640173
640213
640226
640241
640253
640263
640278
640280
640304
640317
640318
640368
640372
640388
640391
640405
640434
640442
640465
640482
640490
640491
640513
640526
640528
640540
640541
640542
640579
640596
640603
640618
640625
640639
640651
640689
640722
640774
640789
640801
640807
640816
640832
640836
640876
640907
640913
640923
640929
640935
640951
640967
640973
640985
641026
641047
641097
641156
641165
641186
641187
641207
641245
641271
641305
641319
641368
641370
641390
641410
641477
641490
641521
641556
641566
641567
641578
641581
641583
641611
641631
641655
641667
641685
641689
641710
641718
641721
641751
641770
641783
641820
641840
641852
641893
641897
641904
641978
641979
641987
641990
641991
641994
642018
642029
642038
642070
642084
642117
642119
642165
642177
642215
642216
642217
642224
642238
642244
642253
642259
642273
642316
642320
642355
642368
642393
642431
642433
642451
642473
642481
642499
642521
642562
642567
642577
642585
642587
642594
642619
642628
642631
642649
642655
642663
642692
642753
642784
642786
642789
642807
642815
642845
642849
642874
642881
642904
642912
642918
643015
643029
643047
643059
643061
643066
643074
643075
643080
643083
643096
643109
643122
643123
643131
643134
643182
643207
643222
643284
643286
643339
643363
643376
643383
643395
643399
643404
643420
643431
643441
643506
643513
643554
643573
643577
643595
643597
643626
643636
643647
643673
643691
643732
643760
643774
643808
643829
643834
643864
643865
643922
643928
643933
643949
643953
643956
643972
643977
644010
644091
644122
644124
644135
644139
644159
644170
644177
644225
644259
644270
644282
644305
644322
644351
644361
644368
644396
644421
644430
644431
644437
644487
644498
644508
644513
644543
644586
644596
644599
644648
644654
644724
644740
644748
644771
644799
644811
644845
644875
644922
644930
644963
644990
645044
645099
645107
645116
645132
645144
645162
645205
645211
645240
645262
645273
645285
645308
645310
645342
645343
645356
645359
645400
645416
645452
645484
645507
645535
645542
645581
645592
645608
645621
645637
645646
645670
645678
645698
645704
645766
645781
645818
645851
645865
645872
645894
645896
645902
645911
645917
645922
645924
645960
645980
646004
646005
646045
646047
646079
646089
646121
646140
646142
646163
646178
646182
646241
646255
646267
646268
646310
646317
646332
646350
646369
646377
646388
646393
646415
646437
646455
646471
646478
646483
646489
646504
646550
646579
646594
646596
646638
646645
646651
646677
646684
646693
646725
646731
646734
646739
646791
646833
646834
646840
646843
646868
646885
646909
646914
646919
646929
646932
646960
646974
646983
647006
647051
647101
647118
647126
647177
647187
647216
647228
647246
647250
647252
647271
647275
647302
647324
647343
647363
647371
647389
647409
647418
647421
647422
647426
647452
647479
647482
647532
647547
647551
647559
647591
647605
647619
647639
647676
647681
647703
647713
647738
647748
647803
647805
647807
647833
647847
647848
647849
647874
647876
647886
647906
647907
647908
647932
647947
647948
647964
647986
648007
648065
648072
648108
648118
648125
648145
648146
648148
648153
648160
648164
648167
648205
648226
648228
648261
648273
648278
648301
648305
648331
648354
648361
648367
648373
648393
648440
648447
648497
648513
648516
648600
648601
648606
648612
648628
648631
648640
648650
648736
648747
648778
648808
648813
648814
648816
648824
648842
648864
648889
648919
648920
648937
648939
648947
648954
648957
648982
649013
649017
649027
649031
649032
649043
649055
649109
649120
649136
649147
649180
649184
649209
649219
649230
649263
649325
649349
649371
649395
649411
649425
649435
649450
649484
649519
649524
649530
649559
649568
649615
649640
649714
649756
649795
649800
649806
649807
649808
649818
649878
649893
649914
649937
649945
649957
649990
650014
650017
650022
650055
650078
650091
650104
650118
650127
650128
650135
650142
650173
650191
650235
650239
650270
650276
650295
650296
650297
650311
650325
650337
650355
650401
650408
650421
650445
650474
650502
650506
650537
650547
650553
650560
650561
650566
650596
650629
650643
650655
650658
650661
650674
650693
650701
650719
650726
650742
650766
650767
650782
650814
650880
650889
650905
650910
650914
650936
650940
650960
651004
651015
651071
651110
651114
651117
651147
651168
651182
651196
651230
651231
651249
651256
651281
651312
651325
651378
651383
651388
651390
651429
651430
651454
651478
651482
651503
651508
651522
651541
651551
651554
651606
651669
651671
651688
651698
651703
651707
651708
651720
651740
651787
651789
651794
651825
651826
651844
651848
651886
651961
651976
651988
651991
652012
652028
652035
652047
652060
652073
652088
652103
652112
652120
652132
652138
652182
652257
652304
652309
652321
652341
652367
652379
652387
652410
652418
652464
652489
652516
652520
652529
652535
652537
652570
652590
652605
652625
652657
652695
652705
652728
652741
652765
652771
652792
652795
652800
652826
652832
652844
652852
652866
652909
652929
652957
652976
652979
652983
652984
652995
653026
653038
653041
653064
653072
653104
653125
653132
653154
653183
653197
653277
653296
653300
653307
653309
653331
653344
653378
653383
653384
653408
653425
653432
653442
653444
653446
653467
653497
653521
653573
653603
653610
653635
653644
653665
653666
653669
653675
653689
653712
653723
653727
653732
653765
653768
653786
653792
653797
653801
653828
653832
653841
653883
653892
653900
653910
653924
653965
654019
654033
654061
654085
654121
654133
654145
654168
654174
654192
654194
654229
654279
654302
654309
654334
654362
654385
654389
654399
654406
654438
654462
654466
654481
654531
654533
654534
654573
654602
654603
654622
654635
654637
654652
654660
654670
654685
654688
654696
654704
654712
654750
654752
654785
654799
654828
654835
654848
654867
654876
654886
654910
654920
654979
655001
655022
655042
655051
655060
655069
655105
655115
655116
655130
655142
655172
655179
655220
655227
655236
655267
655298
655304
655317
655325
655327
655330
655334
655339
655344
655357
655361
655393
655412
655416
655420
655442
655446
655478
655513
655531
655545
655546
655557
655574
655581
655582
655645
655669
655712
655720
655723
655738
655811
655877
655894
655897
655960
655978
655993
655996
656016
656023
656091
656130
656166
656168
656189
656205
656213
656221
656222
656251
656269
656272
656278
656348
656373
656374
656392
656451
656489
656494
656528
656566
656622
656666
656669
656673
656675
656701
656705
656717
656727
656738
656739
656771
656782
656825
656829
656839
656846
656875
656922
656962
656967
657004
657018
657019
657119
657143
657193
657212
657224
657330
657363
657364
657375
657382
657391
657455
657459
657499
657532
657537
657544
657549
657561
657564
657628
657650
657657
657658
657679
657682
657788
657803
657809
657871
657889
657894
657895
657896
657980
657982
658000
658008
658047
658066
658090
658107
658114
658122
658131
658132
658188
658252
658304
658309
658317
658337
658349
658351
658366
658370
658385
658389
658412
658453
658469
658479
658491
658492
658562
658566
658568
658593
658604
658610
658621
658622
658623
658629
658636
658663
658684
658696
658709
658729
658740
658745
658762
658781
658887
658893
658904
658912
658930
658936
658939
658941
658959
658988
659011
659033
659044
659053
659069
659079
659101
659113
659129
659157
659170
659178
659254
659274
659296
659327
659377
659420
659480
659487
659495
659525
659589
659596
659613
659715
659729
659730
659737
659800
659925
659939
659963
659979
660006
660009
660017
660019
660081
660090
660113
660189
660212
660215
660223
660231
660234
660263
660272
660305
660315
660326
660389
660398
660425
660432
660434
660465
660478
660482
660497
660501
660510
660523
660531
660543
660546
660556
660564
660569
660572
660577
660614
660615
660621
660631
660651
660667
660678
660681
660689
660691
660709
660716
660734
660769
660771
660774
660790
660798
660799
660865
660872
660890
660906
660928
660932
660934
660935
660947
660956
660959
660963
660999
661020
661021
661085
661092
661094
661109
661121
661153
661155
661167
661169
661179
661210
661218
661286
661315
661330
661359
661378
661401
661404
661437
661438
661445
661453
661479
661483
661518
661532
661565
661603
661604
661617
661653
661672
661675
661688
661692
661707
661760
661806
661811
661821
661844
661855
661866
661871
661894
661914
661918
661920
661925
661933
661947
661954
661980
662010
662013
662016
662029
662050
662063
662068
662070
662078
662085
662086
662087
662094
662100
662109
662123
662133
662136
662148
662172
662179
662212
662231
662232
662234
662255
662272
662298
662347
662360
662362
662379
662386
662421
662425
662426
662456
662461
662500
662520
662564
662566
662574
662575
662599
662610
662617
662636
662642
662654
662658
662662
662667
662728
662767
662769
662779
662785
662786
662835
662860
662882
662884
662885
662887
662900
662903
662910
662926
662942
662959
662975
662977
663021
663046
663064
663082
663087
663103
663113
663190
663227
663231
663244
663276
663282
663287
663293
663327
663350
663363
663369
663373
663381
663396
663422
663423
663468
663483
663487
663501
663529
663556
663584
663632
663649
663652
663658
663674
663676
663689
663718
663750
663773
663778
663783
663804
663824
663839
663841
663858
663874
663880
663886
663891
663911
663934
663974
664030
664046
664049
664084
664088
664091
664101
664113
664128
664135
664177
664199
664225
664258
664270
664280
664308
664320
664335
664348
664352
664353
664402
664407
664428
664429
664437
664450
664490
664492
664512
664515
664540
664562
664574
664576
664586
664605
664607
664618
664654
664657
664702
664727
664733
664737
664739
664754
664772
664799
664804
664836
664866
664869
664889
664959
665021
665063
665130
665155
665207
665222
665223
665242
665253
665260
665333
665345
665352
665358
665369
665371
665374
665380
665385
665409
665411
665428
665440
665453
665480
665485
665499
665526
665529
665576
665596
665597
665606
665615
665634
665651
665661
665685
665687
665723
665740
665756
665758
665768
665771
665773
665802
665805
665818
665819
665835
665840
665876
665898
665933
665988
665992
666030
666031
666036
666090
666145
666196
666201
666218
666219
666227
666275
666281
666306
666321
666328
666334
666345
666379
666431
666475
666481
666571
666583
666609
666612
666633
666653
666658
666675
666686
666690
666702
666714
666730
666738
666748
666753
666831
666845
666854
666861
666875
666904
666920
666937
666962
666964
667001
667003
667038
667039
667040
667043
667045
667062
667092
667110
667164
667208
667269
667307
667313
667315
667325
667339
667356
667362
667364
667393
667427
667462
667471
667474
667475
667477
667532
667565
667599
667616
667619
667638
667643
667648
667657
667659
667683
667684
667694
667699
667727
667733
667766
667770
667866
667874
667892
667894
667905
667909
667914
667915
667917
667936
667940
667944
667965
667977
668018
668086
668106
668110
668152
668177
668179
668189
668245
668253
668301
668313
668323
668324
668332
668341
668346
668347
668357
668360
668363
668365
668420
668437
668438
668521
668537
668565
668586
668600
668603
668613
668631
668645
668671
668710
668743
668746
668755
668779
668786
668791
668829
668845
668894
668896
668901
668902
668906
668941
668970
669002
669010
669019
669021
669054
669062
669063
669071
669086
669103
669121
669165
669186
669195
669230
669275
669279
669285
669316
669321
669335
669376
669377
669386
669399
669429
669448
669449
669468
669472
669478
669518
669523
669536
669538
669581
669582
669595
669608
669639
669666
669678
669681
669692
669705
669721
669726
669738
669754
669755
669761
669834
669838
669846
669848
669852
669857
669860
669875
669899
669920
669922
669937
669943
669974
669979
669991
670012
670016
670023
670060
670102
670137
670148
670165
670167
670178
670227
670249
670298
670325
670327
670332
670335
670349
670358
670361
670363
670373
670379
670393
670457
670462
670464
670471
670486
670488
670511
670520
670526
670538
670552
670553
670564
670568
670580
670605
670607
670611
670683
670693
670706
670760
670761
670790
670800
670830
670849
670850
670863
670874
670906
670909
670918
670942
670952
670953
670970
671045
671091
671104
671132
671133
671149
671152
671162
671164
671170
671183
671190
671195
671200
671220
671255
671266
671267
671299
671355
671365
671369
671374
671381
671382
671387
671390
671400
671403
671456
671458
671461
671473
671477
671499
671517
671531
671545
671566
671584
671624
671665
671677
671680
671711
671736
671797
671803
671824
671826
671839
671846
671858
671859
671880
671881
671913
671918
671936
671942
671953
671993
672018
672022
672051
672076
672096
672108
672110
672111
672113
672118
672121
672123
672173
672186
672189
672200
672218
672220
672254
672276
672277
672288
672325
672362
672367
672396
672411
672412
672414
672419
672433
672479
672508
672579
672580
672582
672585
672597
672612
672618
672635
672646
672656
672687
672737
672757
672764
672807
672817
672818
672852
672872
672878
672914
672954
672968
673007
673035
673047
673049
673054
673057
673064
673093
673094
673098
673108
673113
673117
673120
673134
673141
673148
673150
673154
673177
673211
673264
673306
673348
673361
673405
673411
673413
673426
673441
673457
673462
673490
673509
673532
673561
673562
673575
673586
673615
673642
673643
673654
673656
673659
673681
673684
673687
673692
673704
673717
673731
673767
673771
673778
673824
673849
673868
673897
673920
673921
673935
673940
673948
673969
673993
674012
674024
674045
674070
674113
674123
674127
674162
674193
674211
674221
674238
674252
674274
674288
674349
674354
674380
674386
674403
674404
674406
674427
674462
674481
674485
674490
674500
674518
674543
674548
674550
674560
674594
674629
674644
674674
674681
674690
674707
674723
674729
674736
674766
674780
674789
674808
674830
674850
674874
674891
674897
674901
674918
674942
674956
674968
674970
674999
675032
675036
675037
675042
675045
675051
675055
675070
675071
675075
675093
675103
675118
675121
675138
675147
675167
675168
675169
675179
675181
675212
675220
675242
675245
675262
675270
675294
675300
675311
675346
675349
675350
675357
675406
675446
675455
675470
675479
675504
675517
675533
675562
675568
675597
675619
675648
675650
675659
675693
675700
675735
675761
675769
675801
675807
675839
675853
675874
675943
675949
675963
675966
675968
676046
676052
676062
676063
676075
676100
676113
676115
676156
676157
676167
676175
676195
676203
676213
676214
676239
676241
676291
676312
676324
676347
676361
676391
676392
676410
676420
676451
676457
676501
676516
676547
676566
676595
676630
676661
676665
676741
676791
676807
676809
676816
676836
676845
676849
676875
676923
676952
676955
676980
676981
676989
677014
677031
677040
677044
677087
677089
677110
677112
677123
677138
677150
677173
677207
677226
677244
677248
677264
677305
677308
677315
677347
677351
677352
677360
677372
677390
677412
677451
677455
677466
677470
677501
677517
677539
677553
677584
677598
677617
677630
677633
677664
677732
677746
677747
677778
677789
677818
677837
677843
677853
677858
677935
677938
677984
678009
678012
678016
678096
678111
678125
678132
678160
678175
678187
678191
678199
678207
678260
678275
678277
678286
678296
678298
678369
678399
678410
678419
678438
678440
678479
678484
678488
678509
678536
678537
678545
678564
678569
678598
678661
678679
678705
678708
678742
678760
678765
678782
678790
678794
678795
678817
678861
678870
678872
678880
678883
678885
678895
678902
678908
678912
678931
678950
678955
678981
679005
679040
679059
679069
679070
679111
679115
679117
679126
679163
679173
679188
679219
679244
679261
679263
679277
679279
679305
679308
679347
679363
679388
679407
679427
679470
679471
679478
679520
679529
679549
679553
679561
679584
679592
679630
679633
679655
679693
679705
679716
679734
679738
679768
679793
679817
679819
679832
679856
679862
679890
679919
679942
679957
679967
679996
680013
680017
680024
680036
680058
680070
680083
680092
680098
680120
680140
680161
680169
680177
680187
680197
680223
680233
680269
680271
680293
680310
680329
680349
680380
680396
680401
680435
680504
680511
680518
680521
680525
680533
680550
680561
680564
680566
680595
680597
680625
680628
680678
680688
680707
680710
680780
680805
680813
680833
680834
680842
680881
680902
680923
680955
680962
680969
680972
680991
680994
681025
681030
681031
681056
681089
681098
681118
681123
681152
681169
681204
681220
681230
681271
681282
681285
681320
681321
681327
681333
681335
681366
681367
681391
681401
681409
681414
681438
681442
681445
681463
681500
681501
681592
681607
681618
681621
681632
681640
681660
681669
681686
681749
681783
681799
681817
681822
681866
681867
681888
681917
681919
681931
681946
681954
681962
681967
681978
681987
682001
682010
682031
682051
682056
682070
682094
682123
682129
682250
682263
682286
682308
682311
682315
682321
682329
682344
682350
682354
682404
682408
682451
682483
682496
682507
682549
682556
682572
682577
682580
682602
682607
682641
682651
682665
682673
682703
682736
682737
682738
682743
682747
682754
682760
682782
682801
682803
682822
682826
682912
682957
682974
683032
683044
683062
683093
683112
683163
683176
683261
683265
683272
683286
683301
683305
683311
683358
683408
683449
683450
683461
683469
683505
683514
683518
683547
683553
683554
683560
683608
683631
683699
683761
683769
683787
683797
683836
683855
683881
683894
683906
683915
683951
683956
683976
683980
683992
683996
684002
684072
684075
684096
684121
684135
684168
684200
684212
684269
684315
684320
684333
684364
684405
684416
684448
684460
684464
684473
684480
684481
684524
684548
684549
684558
684565
684578
684587
684660
684671
684674
684686
684699
684710
684726
684729
684731
684771
684799
684820
684862
684866
684874
684879
684926
684931
684970
684973
684988
685015
685022
685044
685048
685053
685071
685085
685113
685116
685135
685138
685153
685183
685184
685185
685186
685188
685189
685203
685205
685217
685218
685227
685272
685278
685282
685290
685340
685357
685362
685371
685396
685398
685446
685460
685493
685511
685516
685522
685523
685530
685553
685569
685574
685575
685581
685582
685591
685594
685619
685623
685645
685649
685668
685695
685700
685703
685736
685778
685781
685787
685793
685818
685829
685841
685843
685845
685850
685864
685881
685905
685908
685927
685930
685955
685962
685969
685974
685977
685987
686033
686043
686053
686057
686076
686084
686127
686161
686166
686176
686178
686187
686188
686193
686206
686220
686251
686259
686292
686295
686311
686333
686344
686351
686360
686370
686391
686392
686414
686429
686431
686438
686469
686486
686498
686503
686508
686511
686540
686575
686584
686610
686612
686632
686664
686668
686688
686704
686739
686744
686752
686754
686776
686782
686792
686854
686872
686875
686902
686965
686967
687011
687054
687063
687069
687097
687121
687141
687160
687193
687203
687211
687282
687292
687295
687302
687317
687328
687382
687388
687394
687440
687464
687491
687499
687502
687504
687505
687513
687524
687530
687536
687539
687578
687579
687587
687612
687621
687649
687660
687703
687732
687763
687781
687786
687794
687804
687812
687822
687838
687865
687869
687875
687886
687891
687897
687902
687908
687924
687925
687927
687940
687946
687954
687980
688097
688102
688104
688107
688112
688135
688161
688163
688180
688193
688199
688215
688221
688279
688291
688307
688339
688343
688362
688381
688386
688392
688404
688434
688440
688486
688496
688535
688566
688585
688593
688613
688625
688643
688646
688700
688783
688790
688804
688808
688827
688840
688851
688930
688956
688962
689025
689035
689042
689084
689116
689131
689166
689187
689229
689241
689266
689297
689322
689347
689385
689456
689587
689635
689640
689653
689656
689697
689710
689740
689753
689776
689828
689845
689858
689865
689906
689912
689942
689949
689971
689998
690005
690019
690032
690033
690051
690060
690063
690074
690083
690093
690135
690176
690199
690282
690285
690310
690323
690346
690376
690400
690423
690434
690447
690448
690471
690498
690548
690571
690576
690585
690621
690640
690641
690653
690700
690706
690746
690748
690805
690824
690832
690838
690843
690867
690873
690882
690884
690893
690903
690907
690913
690945
690955
691024
691042
691045
691051
691064
691083
691089
691144
691166
691167
691174
691176
691179
691186
691193
691212
691213
691262
691275
691278
691321
691329
691330
691356
691357
691391
691422
691430
691460
691489
691528
691542
691579
691583
691585
691586
691632
691653
691655
691660
691668
691674
691680
691692
691732
691748
691764
691777
691802
691830
691856
691868
691889
691941
691955
691989
692002
692004
692018
692031
692054
692096
692138
692140
692148
692169
692173
692188
692199
692273
692283
692290
692295
692300
692315
692402
692416
692436
692470
692471
692474
692482
692535
692631
692679
692691
692693
692713
692736
692754
692774
692810
692826
692857
692859
692875
692889
692969
692975
692984
693012
693028
693029
693036
693047
693054
693056
693058
693082
693097
693098
693099
693103
693124
693167
693180
693189
693203
693232
693238
693283
693293
693311
693324
693359
693384
693400
693437
693471
693481
693527
693554
693570
693609
693612
693630
693669
693675
693711
693713
693727
693756
693762
693771
693783
693807
693808
693818
693825
693829
693837
693868
693876
693881
693892
693925
693928
693937
693949
693951
693967
693969
694010
694025
694029
694039
694043
694045
694065
694086
694127
694129
694131
694149
694182
694186
694187
694189
694192
694195
694197
694200
694202
694207
694214
694222
694231
694287
694288
694301
694336
694365
694366
694373
694394
694412
694422
694442
694446
694451
694455
694481
694484
694491
694500
694524
694540
694550
694556
694654
694661
694684
694685
694764
694781
694802
694812
694815
694834
694859
694864
694867
694876
694883
694890
694893
694894
694927
694928
694932
694979
695001
695014
695040
695053
695092
695121
695125
695126
695128
695147
695159
695170
695190
695229
695235
695255
695301
695306
695339
695390
695395
695411
695449
695478
695542
695549
695562
695593
695616
695663
695670
695671
695695
695712
695721
695734
695739
695745
695779
695784
695789
695802
695817
695841
695849
695853
695900
695904
695922
695994
695996
695999
696000
696026
696038
696076
696081
696083
696084
696110
696122
696155
696168
696172
696228
696233
696250
696260
696277
696315
696328
696346
696384
696431
696443
696496
696539
696558
696612
696620
696652
696669
696702
696710
696773
696780
696812
696917
696983
697017
697026
697030
697044
697047
697063
697082
697154
697156
697163
697175
697180
697226
697235
697236
697281
697291
697292
697306
697375
697377
697394
697398
697416
697523
697534
697546
697549
697550
697560
697576
697603
697604
697625
697628
697687
697692
697737
697754
697761
697770
697782
697794
697824
697831
697852
697903
697917
697935
697943
697948
697962
697979
697997
698015
698062
698067
698082
698086
698090
698107
698126
698136
698145
698166
698171
698174
698175
698234
698264
698268
698275
698291
698297
698305
698310
698311
698374
698400
698408
698432
698438
698471
698473
698501
698529
698533
698536
698542
698575
698577
698579
698584
698589
698590
698651
698667
698668
698673
698690
698695
698723
698724
698771
698802
698821
698833
698835
698884
698886
698898
698907
698910
698914
698937
698941
698957
698975
698989
698991
698994
699000
699010
699029
699051
699072
699078
699082
699100
699110
699111
699121
699132
699145
699173
699181
699197
699207
699218
699219
699249
699252
699263
699274
699312
699321
699337
699339
699341
699346
699373
699388
699408
699424
699443
699451
699459
699466
699525
699559
699663
699684
699737
699739
699748
699754
699757
699780
699791
699816
699840
699895
699913
699933
699952
699966
699981
699993
700014
700069
700089
700090
700104
700126
700146
700160
700173
700211
700225
700246
700257
700274
700312
700314
700317
700321
700332
700338
700362
700378
700382
700403
700427
700435
700442
700445
700462
700465
700491
700497
700518
700559
700586
700625
700644
700666
700667
700688
700700
700730
700756
700766
700777
700787
700806
700829
700841
700842
700846
700856
700916
700919
700924
700927
700937
700947
700991
700993
700998
701053
701084
701093
701184
701202
701221
701224
701248
701284
701301
701325
701338
701356
701383
701393
701398
701405
701410
701431
701439
701455
701485
701490
701495
701497
701501
701517
701554
701557
701581
701595
701600
701603
701627
701650
701659
701717
701730
701742
701744
701752
701756
701778
701781
701785
701800
701801
701805
701817
701856
701876
701880
701900
701911
701926
701928
701956
701969
701995
702009
702076
702077
702115
702129
702131
702159
702175
702200
702244
702247
702297
702298
702299
702321
702351
702353
702362
702381
702433
702451
702459
702468
702486
702501
702534
702536
702546
702557
702580
702610
702619
702647
702651
702700
702704
702710
702712
702720
702765
702802
702810
702883
702910
702912
702924
702943
702960
702991
703025
703027
703062
703123
703140
703155
703158
703189
703218
703262
703264
703288
703296
703313
703373
703382
703391
703407
703442
703445
703465
703472
703497
703511
703546
703613
703625
703654
703664
703673
703675
703678
703680
703778
703805
703811
703854
703867
703873
703894
703904
703914
703920
703941
703959
703965
703989
703990
703992
703997
704013
704023
704028
704069
704085
704086
704088
704117
704137
704177
704228
704253
704280
704282
704312
704320
704325
704326
704331
704342
704356
704367
704399
704430
704433
704440
704455
704481
704499
704518
704521
704525
704529
704541
704559
704570
704573
704581
704599
704601
704618
704647
704657
704671
704675
704679
704719
704740
704797
704813
704814
704889
704929
704979
705036
705040
705047
705055
705062
705073
705130
705154
705167
705199
705228
705244
705246
705270
705287
705301
705318
705392
705409
705450
705487
705492
705507
705540
705558
705563
705569
705614
705618
705619
705645
705653
705662
705664
705764
705772
705799
705860
705878
705930
705970
705972
705974
705993
705996
706017
706030
706036
706048
706052
706099
706195
706199
706205
706206
706207
706280
706291
706330
706352
706362
706389
706407
706423
706429
706433
706458
706472
706478
706490
706492
706498
706511
706517
706521
706522
706535
706536
706542
706548
706553
706581
706587
706588
706600
706647
706673
706675
706676
706687
706746
706771
706773
706793
706800
706810
706838
706859
706880
706904
706906
706907
706913
706915
706929
706932
706935
706946
706991
707012
707026
707028
707066
707084
707133
707138
707143
707186
707192
707194
707200
707201
707217
707220
707226
707247
707273
707294
707303
707349
707352
707437
707461
707476
707501
707518
707543
707545
707548
707607
707622
707623
707625
707702
707722
707724
707734
707755
707781
707786
707805
707863
707894
707961
707969
707975
707979
707990
707992
707997
708000
708025
708049
708056
708114
708122
708138
708199
708208
708214
708223
708243
708262
708263
708275
708278
708286
708287
708351
708359
708432
708451
708452
708485
708499
708510
708525
708537
708589
708663
708683
708694
708734
708763
708767
708773
708802
708813
708820
708843
708850
708851
708865
708866
708879
708883
708885
708890
708894
708906
708916
708924
708927
708950
708951
708957
708975
708996
709011
709036
709066
709083
709087
709135
709137
709139
709141
709163
709169
709182
709192
709198
709207
709263
709268
709273
709278
709299
709324
709391
709409
709428
709443
709471
709499
709512
709516
709530
709533
709560
709612
709617
709621
709651
709666
709677
709687
709694
709740
709755
709762
709804
709820
709824
709832
709833
709841
709870
709909
709949
709971
709981
709982
710042
710047
710056
710058
710065
710066
710075
710105
710106
710152
710200
710216
710242
710254
710255
710260
710282
710302
710352
710361
710372
710374
710490
710517
710545
710561
710562
710565
710590
710597
710637
710649
710725
710736
710766
710767
710771
710851
710869
710904
710910
710915
710925
710935
710941
710951
710956
710966
710985
710986
711014
711044
711061
711077
711121
711128
711172
711223
711233
711240
711244
711246
711266
711311
711313
711340
711381
711387
711397
711438
711439
711475
711513
711519
711552
711593
711594
711597
711604
711619
711639
711654
711659
711671
711676
711680
711692
711712
711729
711752
711753
711759
711763
711777
711784
711792
711837
711843
711847
711851
711854
711877
711913
711914
711938
711960
712011
712012
712025
712027
712033
712049
712060
712087
712095
712101
712107
712134
712187
712202
712220
712235
712303
712311
712319
712356
712372
712374
712378
712381
712392
712416
712452
712460
712526
712547
712554
712572
712575
712580
712600
712605
712628
712634
712646
712662
712666
712667
712692
712715
712737
712754
712763
712779
712780
712782
712798
712806
712809
712837
712842
712861
712881
712906
712948
712973
712995
713008
713019
713032
713046
713062
713064
713070
713082
713156
713207
713221
713244
713254
713262
713268
713283
713285
713338
713372
713376
713381
713415
713418
713453
713473
713489
713494
713509
713536
713559
713576
713598
713612
713622
713645
713652
713660
713666
713683
713727
713745
713769
713773
713775
713777
713792
713804
713813
713828
713839
713870
713897
713899
713932
713935
713943
713963
713979
714033
714038
714039
714047
714050
714097
714147
714173
714176
714185
714197
714228
714253
714280
714300
714309
714322
714335
714339
714350
714374
714425
714436
714479
714502
714556
714557
714577
714593
714595
714622
714649
714668
714682
714729
714756
714757
714803
714806
714838
714848
714872
714889
714895
714899
714907
714908
714963
715022
715025
715035
715069
715071
715077
715097
715149
715158
715164
715167
715182
715234
715259
715277
715292
715294
715329
715342
715345
715361
715387
715388
715426
715430
715431
715439
715450
715451
715489
715499
715549
715564
715585
715670
715690
715703
715746
715761
715821
715835
715844
715860
715880
715907
715934
715967
716002
716008
716011
716028
716039
716056
716090
716105
716120
716143
716157
716165
716169
716181
716189
716193
716204
716227
716239
716250
716266
716269
716277
716297
716306
716331
716338
716390
716419
716428
716441
716462
716474
716491
716520
716547
716549
716562
716567
716577
716597
716619
716630
716636
716650
716677
716705
716744
716745
716752
716753
716759
716782
716797
716810
716823
716866
716877
716881
716893
716915
716918
716920
716970
716986
716988
717034
717046
717095
717096
717099
717106
717109
717115
717137
717152
717155
717165
717171
717186
717187
717240
717251
717266
717274
717276
717305
717319
717330
717355
717363
717373
717423
717438
717442
717443
717492
717526
717529
717565
717607
717631
717644
717656
717657
717673
717677
717688
717698
717699
717730
717743
717765
717782
717794
717801
717803
717806
717832
717853
717898
717957
717972
717989
717996
718024
718025
718033
718036
718038
718045
718069
718116
718137
718172
718199
718211
718255
718281
718294
718311
718317
718324
718334
718340
718349
718371
718389
718394
718398
718426
718430
718489
718493
718556
718595
718596
718598
718611
718625
718653
718663
718710
718730
718745
718768
718774
718785
718830
718832
718835
718862
718863
718874
718885
718890
718917
718926
718933
718959
718983
718992
719032
719039
719052
719056
719063
719078
719085
719086
719087
719098
719110
719151
719171
719182
719225
719232
719243
719247
719255
719264
719267
719279
719284
719296
719328
719337
719361
719392
719393
719423
719433
719441
719450
719451
719469
719490
719492
719500
719503
719527
719580
719629
719634
719650
719674
719715
719717
719772
719780
719801
719802
719806
719835
719839
719878
719880
719884
719903
719909
719911
719913
719939
719942
719970
719977
720014
720050
720051
720146
720164
720213
720237
720239
720257
720280
720303
720323
720354
720362
720369
720386
720392
720406
720427
720495
720501
720506
720512
720522
720528
720538
720552
720576
720586
720626
720629
720643
720644
720661
720682
720700
720712
720720
720734
720741
720761
720779
720788
720798
720810
720845
720859
720866
720880
720901
720913
720914
720929
720934
720935
720936
720941
720942
720949
720975
720981
721021
721039
721071
721085
721098
721111
721117
721126
721152
721156
721176
721184
721188
721248
721251
721260
721272
721275
721290
721325
721342
721346
721352
721370
721409
721436
721439
721440
721481
721501
721511
721526
721533
721552
721569
721575
721658
721692
721712
721714
721738
721765
721793
721794
721877
721898
721902
721921
721923
721939
721951
721952
721959
722014
722016
722021
722024
722026
722057
722075
722084
722090
722109
722128
722133
722137
722143
722165
722173
722183
722201
722211
722216
722219
722223
722238
722246
722267
722272
722317
722346
722361
722362
722373
722377
722392
722427
722430
722467
722472
722483
722520
722579
722587
722608
722693
722699
722724
722734
722746
722758
722788
722794
722801
722803
722806
722807
722815
722822
722859
722879
722891
722892
722908
722918
722928
722929
722943
722952
722981
723018
723029
723031
723039
723044
723065
723068
723085
723086
723097
723106
723113
723119
723151
723153
723164
723169
723176
723232
723236
723261
723263
723277
723312
723337
723351
723359
723363
723377
723407
723433
723456
723462
723576
723579
723597
723598
723606
723655
723675
723680
723688
723689
723710
723726
723783
723789
723810
723824
723834
723835
723874
723914
723915
723940
723949
723952
724022
724034
724045
724061
724103
724110
724169
724196
724206
724220
724247
724249
724289
724295
724313
724314
724340
724349
724354
724360
724386
724408
724411
724446
724524
724544
724554
724556
724591
724596
724606
724619
724650
724656
724659
724697
724706
724707
724709
724715
724716
724721
724735
724775
724800
724815
724830
724850
724860
724865
724866
724870
724880
724883
724890
724898
724930
724983
725018
725028
725031
725037
725051
725054
725093
725123
725126
725153
725157
725172
725190
725225
725231
725243
725250
725288
725292
725308
725314
725323
725343
725355
725369
725384
725392
725493
725501
725504
725511
725526
725555
725590
725612
725657
725667
725671
725674
725679
725683
725684
725685
725703
725743
725764
725771
725788
725820
725868
725910
725917
725921
725930
725939
725942
725980
726016
726017
726078
726082
726087
726089
726091
726096
726099
726132
726150
726170
726199
726203
726239
726272
726288
726306
726320
726321
726324
726353
726355
726365
726374
726388
726409
726425
726476
726513
726542
726552
726556
726625
726632
726660
726662
726733
726780
726810
726844
726898
726915
726927
726928
726933
726946
726947
726950
726956
726961
726964
727012
727021
727023
727024
727069
727086
727133
727135
727155
727188
727217
727223
727235
727244
727268
727293
727296
727314
727315
727359
727370
727394
727439
727458
727468
727514
727519
727538
727572
727584
727610
727634
727643
727689
727703
727704
727735
727737
727738
727742
727795
727827
727832
727847
727848
727852
727861
727895
727903
727908
727961
727972
727993
727998
728022
728032
728037
728048
728057
728059
728065
728088
728092
728095
728118
728122
728130
728145
728152
728154
728168
728182
728194
728204
728270
728297
728308
728332
728351
728386
728402
728419
728432
728439
728488
728497
728563
728575
728602
728611
728613
728646
728674
728690
728699
728705
728721
728731
728745
728753
728758
728763
728803
728842
728847
728851
728938
728969
728973
728984
729007
729071
729081
729122
729138
729177
729215
729243
729252
729264
729269
729285
729353
729365
729369
729377
729402
729425
729428
729432
729471
729489
729533
729547
729550
729585
729588
729594
729616
729660
729685
729716
729758
729777
729787
729821
729844
729897
729901
729909
729921
729923
729931
729934
729940
729951
729983
729988
730005
730009
730044
730054
730102
730110
730131
730137
730142
730171
730172
730175
730193
730223
730227
730238
730259
730272
730279
730284
730285
730296
730300
730302
730329
730388
730394
730538
730575
730604
730607
730615
730640
730642
730650
730659
730673
730680
730688
730692
730694
730696
730704
730740
730745
730751
730752
730783
730798
730801
730802
730870
730875
730930
730946
730961
730962
730986
731012
731037
731060
731086
731089
731138
731146
731162
731185
731202
731203
731294
731310
731318
731335
731343
731349
731351
731352
731353
731359
731366
731368
731369
731376
731425
731441
731528
731535
731544
731580
731581
731582
731597
731618
731630
731649
731683
731692
731722
731776
731781
731798
731903
731931
731940
731949
731957
731962
731964
731970
731993
732002
732003
732024
732063
732078
732088
732117
732207
732241
732273
732303
732311
732339
732396
732435
732440
732455
732466
732505
732509
732534
732578
732603
732606
732615
732685
732731
732760
732772
732789
732798
732875
732934
732951
732957
732980
733002
733015
733020
733050
733113
733123
733131
733143
733170
733179
733182
733191
733193
733219
733305
733306
733326
733352
733380
733383
733385
733389
733393
733394
733412
733508
733541
733589
733596
733633
733634
733684
733689
733706
733719
733731
733763
733768
733784
733793
733794
733811
733837
733851
733898
733905
733923
733932
733952
733987
734020
734025
734044
734059
734060
734069
734090
734102
734111
734141
734176
734203
734235
734285
734307
734334
734351
734375
734404
734411
734433
734445
734475
734541
734593
734610
734627
734633
734637
734677
734688
734749
734759
734765
734791
734802
734812
734821
734849
734862
734902
734937
734944
734946
734994
735020
735026
735035
735051
735066
735075
735128
735152
735161
735208
735231
735239
735243
735248
735252
735259
735265
735267
735269
735276
735291
735351
735360
735369
735390
735401
735406
735407
735410
735422
735433
735438
735442
735454
735461
735466
735469
735485
735504
735525
735532
735588
735602
735603
735604
735630
735634
735674
735677
735704
735721
735744
735790
735791
735826
735840
735850
735861
735886
735904
735937
735938
735994
735998
736006
736015
736047
736050
736078
736079
736171
736177
736183
736200
736205
736212
736221
736223
736224
736246
736255
736263
736271
736277
736287
736289
736303
736304
736317
736321
736349
736377
736400
736409
736471
736475
736519
736574
736597
736614
736687
736702
736711
736721
736744
736778
736783
736785
736805
736808
736838
736839
736849
736866
736872
736893
736906
736907
736921
736932
736934
736945
736946
736956
736966
736973
736989
736990
737069
737130
737143
737178
737233
737280
737301
737351
737375
737378
737379
737398
737410
737454
737455
737504
737506
737529
737533
737534
737543
737548
737557
737574
737583
737586
737609
737614
737636
737644
737701
737712
737729
737734
737753
737755
737756
737766
737773
737776
737778
737782
737787
737793
737844
737851
737886
737912
737934
737989
737993
738020
738049
738095
738101
738108
738136
738331
738334
738336
738343
738405
738446
738466
738482
738507
738509
738530
738532
738537
738548
738569
738585
738601
738607
738609
738640
738655
738659
738667
738694
738714
738715
738726
738740
738766
738776
738780
738789
738792
738817
738824
738832
738843
738868
738870
738875
738884
738920
738926
738956
738961
738967
738981
738990
738992
739054
739091
739096
739103
739142
739182
739213
739224
739244
739307
739324
739334
739339
739354
739357
739365
739367
739371
739382
739401
739423
739429
739433
739447
739468
739477
739504
739511
739527
739534
739538
739581
739590
739651
739712
739714
739716
739779
739798
739802
739805
739812
739827
739839
739841
739846
739847
739871
739887
739890
739932
739971
739975
740020
740048
740049
740050
740159
740190
740206
740215
740226
740248
740254
740274
740277
740318
740323
740333
740353
740370
740403
740411
740416
740436
740445
740470
740481
740497
740520
740523
740530
740547
740552
740580
740603
740607
740679
740691
740709
740719
740729
740740
740760
740809
740839
740882
740947
740970
740987
740995
741009
741032
741052
741059
741088
741098
741130
741147
741154
741166
741214
741219
741243
741248
741259
741265
741267
741268
741279
741282
741306
741317
741319
741323
741325
741329
741337
741348
741350
741352
741372
741391
741502
741522
741525
741534
741541
741542
741554
741567
741579
741586
741614
741632
741650
741656
741703
741729
741732
741740
741742
741758
741771
741772
741773
741786
741823
741852
741863
741865
741870
741884
741891
741928
741955
741972
741974
741978
742012
742059
742063
742091
742121
742140
742153
742167
742210
742211
742281
742284
742293
742306
742372
742380
742390
742406
742427
742433
742450
742480
742491
742511
742533
742544
742555
742556
742562
742569
742602
742615
742682
742729
742738
742759
742760
742778
742786
742790
742795
742797
742809
742813
742814
742821
742827
742838
742876
742925
742970
742976
742989
743001
743013
743049
743055
743087
743143
743150
743166
743183
743204
743210
743244
743247
743279
743284
743292
743293
743313
743330
743347
743381
743393
743401
743406
743408
743409
743410
743497
743510
743528
743529
743573
743620
743655
743707
743745
743747
743790
743797
743828
743834
743851
743869
743880
743918
743944
743976
744057
744096
744110
744112
744119
744135
744146
744161
744164
744167
744214
744218
744245
744272
744273
744278
744293
744320
744396
744399
744412
744417
744438
744453
744471
744478
744483
744485
744488
744622
744624
744643
744650
744654
744655
744690
744725
744771
744787
744792
744802
744814
744834
744849
744853
744863
744895
744951
744957
745032
745040
745058
745071
745132
745143
745147
745162
745189
745195
745205
745210
745220
745260
745275
745283
745288
745289
745303
745318
745319
745322
745341
745354
745373
745397
745424
745478
745487
745528
745547
745557
745570
745583
745624
745630
745633
745635
745640
745647
745658
745683
745740
745748
745763
745806
745832
745875
745884
745887
745891
745926
745935
745947
745949
745986
746033
746047
746048
746054
746071
746078
746109
746110
746111
746161
746181
746198
746204
746210
746235
746238
746257
746285
746299
746332
746351
746372
746391
746406
746418
746423
746436
746437
746442
746458
746486
746492
746534
746536
746542
746546
746548
746551
746585
746594
746614
746635
746638
746642
746662
746702
746725
746749
746773
746803
746860
746882
746887
746898
746921
746934
746938
746952
746962
747013
747032
747041
747056
747069
747088
747128
747139
747159
747202
747206
747209
747233
747271
747283
747292
747322
747344
747346
747357
747371
747384
747388
747395
747448
747458
747463
747503
747519
747522
747546
747616
747620
747636
747648
747649
747664
747669
747682
747683
747746
747787
747795
747827
747833
747841
747848
747857
747867
747875
747888
747911
747912
747925
747953
747966
747983
747984
748000
748009
748026
748046
748096
748106
748113
748117
748124
748153
748239
748266
748313
748323
748333
748342
748344
748358
748383
748476
748494
748498
748513
748520
748533
748535
748537
748548
748556
748560
748562
748566
748582
748590
748599
748602
748636
748667
748672
748678
748679
748704
748711
748715
748719
748759
748811
748816
748825
748835
748851
748865
748886
748901
748902
748908
748911
748923
748925
748939
749032
749049
749052
749055
749103
749120
749131
749135
749142
749146
749185
749200
749203
749204
749212
749228
749250
749266
749278
749291
749295
749301
749313
749314
749337
749338
749348
749369
749392
749455
749475
749479
749538
749551
749556
749567
749569
749575
749591
749607
749666
749675
749684
749689
749734
749736
749777
749790
749791
749821
749825
749853
749888
749898
749904
749907
749919
749932
749933
749954
749960
750031
750051
750068
750085
750088
750113
750126
750134
750139
750151
750166
750176
750177
750183
750236
750246
750247
750252
750272
750306
750319
750322
750346
750355
750398
750423
750424
750480
750498
750524
750540
750599
750603
750617
750627
750638
750664
750714
750734
750750
750753
750761
750797
750809
750842
750853
750880
750882
750889
750895
750899
750906
750907
750918
750924
750931
750939
750945
750954
750956
750965
750999
751008
751027
751043
751047
751068
751080
751086
751110
751139
751179
751265
751271
751284
751297
751308
751322
751364
751370
751372
751376
751378
751414
751433
751467
751483
751499
751500
751538
751562
751588
751594
751604
751606
751614
751636
751653
751688
751693
751706
751710
751727
751748
751807
751826
751827
751845
751859
751893
751895
751898
751937
751957
751964
751984
751987
751988
751998
752007
752008
752018
752048
752086
752118
752176
752186
752225
752243
752248
752254
752259
752269
752285
752302
752317
752346
752360
752365
752374
752397
752417
752425
752426
752431
752437
752462
752473
752515
752537
752540
752548
752550
752553
752557
752565
752568
752604
752677
752752
752774
752786
752789
752813
752817
752821
752840
752847
752856
752861
752916
752976
752986
753070
753082
753102
753111
753119
753121
753136
753156
753158
753204
753216
753225
753242
753253
753290
753296
753308
753311
753332
753357
753395
753423
753468
753478
753488
753517
753518
753519
753594
753603
753614
753618
753653
753661
753673
753722
753730
753745
753757
753796
753820
753835
753841
753865
753873
753884
753909
753913
753917
753920
753923
753952
753962
754015
754045
754051
754072
754087
754095
754111
754158
754185
754187
754191
754193
754223
754240
754255
754273
754289
754290
754291
754326
754329
754336
754340
754355
754362
754399
754425
754444
754458
754499
754512
754529
754538
754553
754576
754582
754584
754596
754615
754635
754664
754675
754738
754800
754805
754834
754835
754842
754865
754878
754903
754947
754989
755006
755008
755030
755058
755091
755094
755149
755157
755166
755195
755238
755286
755312
755335
755357
755358
755406
755424
755435
755446
755474
755493
755500
755516
755518
755540
755562
755565
755589
755597
755606
755620
755627
755639
755646
755678
755684
755690
755789
755800
755820
755823
755833
755841
755869
755887
755916
755928
755971
755974
755999
756027
756040
756042
756044
756054
756089
756114
756121
756136
756196
756223
756229
756231
756236
756259
756263
756355
756361
756376
756393
756410
756446
756451
756470
756498
756509
756539
756540
756577
756627
756646
756649
756679
756680
756683
756740
756746
756748
756757
756784
756808
756849
756879
756898
756900
756901
756916
756918
756945
756949
756969
756983
757010
757012
757029
757037
757048
757049
757068
757074
757085
757109
757133
757143
757151
757162
757170
757250
757252
757257
757259
757261
757296
757304
757317
757334
757351
757371
757387
757394
757419
757499
757559
757613
757636
757653
757656
757690
757719
757731
757782
757806
757830
757841
757844
757864
757899
757901
757924
757948
758005
758013
758030
758062
758063
758073
758088
758101
758104
758199
758224
758233
758248
758250
758261
758265
758271
758273
758344
758351
758371
758373
758382
758385
758392
758414
758418
758426
758429
758476
758534
758540
758545
758551
758556
758579
758630
758637
758658
758662
758673
758675
758683
758690
758696
758717
758729
758788
758814
758818
758820
758863
758891
758897
758903
758925
758951
758953
758972
758983
758986
758994
759013
759015
759025
759043
759052
759075
759096
759116
759117
759123
759141
759174
759180
759181
759218
759228
759279
759284
759289
759315
759330
759361
759374
759382
759415
759435
759443
759451
759455
759463
759473
759485
759486
759496
759508
759509
759545
759608
759609
759643
759644
759648
759652
759684
759694
759697
759702
759708
759737
759752
759755
759759
759763
759793
759815
759894
759902
759921
759932
759949
759968
760004
760070
760077
760085
760088
760094
760117
760118
760167
760176
760178
760197
760304
760311
760331
760346
760353
760369
760375
760381
760383
760387
760431
760460
760496
760507
760542
760545
760546
760557
760567
760578
760664
760695
760697
760724
760735
760737
760759
760777
760834
760837
760843
760868
760919
760942
760975
761006
761030
761065
761087
761088
761096
761109
761133
761145
761180
761225
761245
761265
761267
761276
761306
761316
761335
761350
761383
761385
761400
761425
761445
761455
761475
761488
761585
761588
761600
761613
761654
761662
761676
761715
761722
761733
761776
761778
761789
761831
761840
761842
761844
761849
761874
761923
761930
761936
761947
761969
761991
761999
762003
762041
762043
762060
762094
762099
762143
762192
762226
762275
762329
762339
762346
762347
762358
762372
762382
762387
762445
762450
762459
762461
762484
762485
762486
762513
762515
762529
762534
762543
762572
762574
762593
762616
762618
762645
762666
762672
762679
762682
762712
762722
762730
762738
762740
762752
762762
762775
762783
762796
762804
762818
762832
762863
762866
762876
762922
762939
762946
762947
762949
762993
763011
763021
763054
763126
763141
763170
763175
763185
763186
763232
763240
763293
763297
763302
763307
763334
763357
763364
763402
763415
763476
763500
763504
763547
763574
763673
763682
763711
763729
763731
763739
763742
763752
763753
763756
763761
763767
763788
763806
763810
763826
763843
763851
763892
763911
763914
763918
763954
763968
763971
763993
764006
764065
764145
764152
764158
764160
764209
764218
764273
764280
764302
764324
764342
764364
764391
764399
764401
764407
764428
764442
764465
764469
764537
764546
764560
764578
764629
764652
764672
764673
764685
764700
764706
764720
764722
764725
764731
764736
764782
764783
764797
764838
764841
764855
764865
764884
764887
764898
764913
764916
764917
764978
764982
764993
764996
765019
765029
765040
765054
765114
765116
765144
765149
765150
765158
765165
765183
765184
765198
765204
765210
765239
765263
765268
765283
765285
765351
765370
765409
765427
765433
765439
765448
765480
765488
765500
765557
765567
765577
765583
765629
765695
765698
765719
765749
765760
765764
765773
765801
765832
765837
765875
765892
765920
765945
765971
765980
766002
766017
766038
766042
766079
766090
766093
766110
766117
766194
766219
766227
766247
766253
766261
766265
766297
766299
766319
766382
766406
766423
766434
766453
766485
766502
766504
766563
766628
766630
766634
766640
766641
766650
766682
766683
766694
766705
766718
766772
766776
766778
766814
766828
766838
766851
766859
766870
766906
766930
766934
766999
767009
767020
767044
767046
767048
767053
767081
767105
767120
767123
767125
767140
767169
767170
767188
767208
767219
767224
767238
767262
767264
767284
767292
767294
767316
767319
767326
767364
767368
767373
767437
767453
767462
767485
767493
767513
767518
767525
767540
767573
767576
767584
767628
767655
767697
767725
767733
767742
767758
767759
767770
767773
767777
767787
767789
767803
767838
767853
767858
767874
767878
767889
767903
767910
767914
767926
767932
767963
767968
767980
768015
768021
768036
768073
768125
768172
768176
768221
768223
768242
768246
768260
768290
768301
768311
768318
768325
768369
768370
768376
768383
768398
768410
768421
768442
768483
768501
768521
768528
768538
768592
768615
768645
768646
768650
768660
768702
768721
768724
768738
768760
768811
768813
768869
768872
768894
768899
768902
768904
768907
768928
768959
768981
769004
769019
769045
769071
769074
769089
769091
769108
769118
769123
769136
769160
769192
769227
769246
769278
769290
769296
769315
769318
769343
769358
769389
769401
769421
769428
769440
769455
769464
769511
769556
769594
769608
769611
769621
769630
769632
769669
769687
769693
769697
769739
769851
769859
769864
769871
769900
769901
770016
770022
770057
770071
770093
770097
770105
770111
770134
770139
770155
770185
770220
770251
770257
770275
770279
770297
770333
770336
770354
770372
770391
770435
770495
770501
770548
770575
770583
770589
770605
770616
770623
770656
770678
770687
770752
770806
770812
770825
770832
770920
770936
770950
770953
770989
771013
771036
771042
771048
771066
771069
771070
771089
771107
771137
771139
771152
771193
771223
771274
771295
771299
771325
771348
771364
771365
771374
771385
771402
771430
771459
771463
771477
771496
771518
771531
771539
771557
771586
771603
771621
771649
771650
771660
771662
771677
771678
771698
771700
771724
771754
771759
771766
771769
771782
771809
771817
771825
771845
771848
771850
771863
771870
771898
771929
771953
771962
771982
771993
772014
772015
772029
772070
772116
772145
772171
772203
772239
772263
772267
772268
772341
772347
772389
772391
772434
772436
772465
772472
772504
772509
772515
772532
772553
772556
772564
772570
772572
772591
772639
772665
772698
772754
772806
772833
772837
772853
772866
772876
772888
772896
772905
772922
772925
772960
772964
772977
773000
773003
773026
773096
773104
773130
773219
773220
773222
773277
773321
773356
773381
773387
773406
773444
773467
773506
773516
773519
773534
773561
773566
773571
773586
773661
773668
773687
773724
773737
773758
773764
773767
773790
773792
773801
773803
773806
773817
773828
773866
773876
773893
773923
773955
773957
773966
773968
773977
774003
774006
774010
774048
774168
774189
774201
774227
774229
774243
774246
774248
774282
774293
774294
774296
774298
774317
774330
774368
774392
774472
774482
774491
774506
774534
774571
774607
774608
774629
774645
774657
774682
774707
774725
774730
774734
774762
774767
774771
774777
774802
774860
774920
774972
774981
775007
775023
775032
775045
775049
775051
775054
775079
775180
775198
775212
775241
775249
775267
775271
775279
775287
775300
775311
775344
775347
775364
775416
775419
775422
775429
775430
775437
775452
775466
775478
775524
775528
775535
775541
775578
775585
775586
775597
775600
775614
775619
775620
775644
775655
775664
775681
775738
775757
775764
775771
775828
775836
775848
775889
775893
775894
775908
775918
775927
775975
775987
776012
776031
776040
776097
776101
776114
776121
776144
776156
776195
776199
776203
776245
776260
776273
776286
776330
776350
776377
776380
776383
776411
776444
776449
776459
776497
776501
776508
776509
776530
776531
776535
776604
776611
776619
776623
776628
776636
776647
776672
776674
776685
776686
776713
776747
776765
776771
776773
776803
776812
776821
776837
776910
776925
776941
776983
777004
777021
777061
777069
777086
777093
777103
777111
777126
777149
777176
777206
777208
777214
777227
777240
777283
777291
777303
777311
777322
777336
777361
777377
777427
777493
777495
777515
777519
777527
777540
777578
777589
777617
777669
777673
777675
777683
777684
777691
777721
777743
777747
777825
777833
777839
777841
777847
777864
777879
777883
777887
777890
777892
777903
777961
777965
777988
778006
778036
778047
778087
778093
778127
778137
778174
778178
778184
778188
778198
778219
778220
778251
778266
778270
778286
778314
778320
778362
778365
778413
778437
778446
778449
778454
778467
778480
778487
778488
778521
778528
778566
778568
778570
778641
778681
778694
778745
778749
778750
778752
778800
778810
778868
778892
778900
778926
778943
778946
778970
778973
778976
779014
779035
779047
779074
779100
779126
779128
779148
779191
779198
779269
779277
779317
779343
779367
779371
779398
779478
779490
779525
779528
779538
779550
779559
779564
779579
779595
779602
779620
779626
779628
779646
779668
779681
779716
779779
779780
779815
779817
779818
779844
779856
779900
779906
779908
779918
779928
779950
779959
780018
780028
780031
780075
780087
780096
780108
780110
780125
780139
780154
780165
780182
780190
780197
780231
780247
780251
780274
780308
780312
780381
780385
780418
780420
780468
780512
780522
780541
780542
780550
780572
780597
780602
780605
780606
780623
780632
780639
780656
780680
780689
780695
780729
780746
780751
780763
780787
780833
780837
780851
780863
780901
780927
780930
780981
780984
781016
781021
781035
781044
781046
781065
781073
781088
781112
781113
781147
781216
781227
781262
781265
781272
781282
781289
781302
781322
781323
781338
781389
781409
781417
781437
781448
781463
781531
781551
781591
781612
781630
781633
781690
781712
781718
781722
781726
781728
781734
781743
781767
781775
781786
781791
781792
781797
781802
781803
781829
781831
781836
781838
781844
781849
781874
781900
781915
781922
781950
781963
781981
782032
782044
782045
782046
782054
782081
782104
782130
782149
782157
782162
782169
782180
782189
782259
782261
782274
782284
782286
782309
782316
782330
782344
782346
782358
782364
782383
782394
782408
782410
782444
782451
782453
782471
782483
782489
782491
782492
782531
782550
782574
782586
782606
782664
782680
782683
782720
782756
782797
782814
782829
782835
782887
782907
782915
782922
782933
782975
782980
782993
782995
783006
783022
783067
783090
783109
783127
783130
783134
783140
783168
783187
783223
783233
783264
783269
783297
783327
783328
783332
783340
783350
783373
783375
783396
783400
783405
783435
783446
783459
783461
783466
783525
783537
783547
783566
783572
783592
783595
783604
783612
783620
783625
783636
783637
783691
783695
783708
783754
783785
783789
783800
783805
783812
783831
783837
783888
783915
783917
783929
783935
783937
783959
783980
783985
783990
784014
784036
784039
784040
784046
784064
784074
784075
784103
784108
784110
784122
784138
784141
784162
784166
784181
784233
784236
784255
784268
784281
784282
784301
784306
784340
784386
784393
784436
784485
784529
784533
784540
784550
784556
784561
784595
784613
784642
784650
784672
784675
784685
784690
784702
784720
784754
784796
784799
784868
784896
784900
784928
784935
784937
784944
785016
785028
785051
785074
785097
785113
785119
785144
785152
785159
785167
785183
785187
785190
785196
785204
785209
785233
785240
785253
785261
785277
785278
785309
785311
785314
785344
785389
785409
785422
785462
785499
785507
785511
785569
785584
785599
785603
785608
785661
785709
785728
785823
785840
785877
785878
785887
785889
785901
785917
785954
785979
785987
785998
786022
786029
786031
786036
786041
786048
786105
786117
786126
786130
786155
786171
786177
786198
786202
786213
786223
786226
786229
786244
786290
786293
786302
786309
786369
786375
786410
786422
786445
786449
786464
786488
786494
786513
786555
786558
786559
786562
786583
786589
786613
786614
786620
786629
786650
786680
786694
786708
786718
786720
786749
786762
786767
786809
786811
786820
786842
786860
786946
786966
786972
787006
787011
787025
787054
787071
787120
787139
787153
787157
787162
787189
787239
787241
787339
787360
787373
787378
787384
787387
787408
787473
787477
787488
787497
787510
787513
787518
787519
787544
787558
787597
787610
787622
787626
787676
787698
787701
787724
787746
787750
787752
787784
787787
787801
787841
787859
787887
787892
787900
787968
787996
788021
788087
788088
788092
788108
788154
788158
788164
788165
788187
788189
788201
788213
788223
788263
788266
788269
788270
788289
788301
788305
788359
788361
788389
788390
788400
788409
788433
788464
788479
788487
788488
788509
788510
788566
788568
788577
788581
788590
788596
788599
788639
788646
788663
788665
788671
788672
788720
788730
788740
788745
788749
788764
788780
788818
788847
788851
788873
788893
788897
788904
788906
788918
788922
788937
788960
788961
789008
789094
789098
789101
789129
789140
789183
789207
789236
789239
789246
789269
789307
789392
789395
789404
789412
789417
789428
789499
789515
789516
789554
789566
789571
789577
789595
789599
789602
789646
789654
789659
789715
789722
789731
789740
789742
789751
789773
789774
789798
789810
789824
789850
789854
789857
789919
789949
789951
789957
789997
790030
790041
790066
790091
790112
790115
790141
790158
790163
790166
790186
790193
790207
790231
790266
790281
790307
790309
790331
790339
790403
790422
790447
790472
790528
790584
790585
790590
790600
790642
790648
790671
790721
790732
790742
790763
790768
790773
790802
790841
790854
790883
790892
790897
790972
790975
790988
791009
791015
791026
791089
791093
791099
791123
791199
791230
791266
791269
791288
791307
791311
791374
791399
791400
791448
791454
791460
791479
791531
791534
791556
791560
791592
791604
791629
791635
791664
791675
791678
791681
791697
791710
791713
791722
791755
791787
791790
791813
791820
791862
791868
791875
791878
791888
791905
791909
791919
791921
791922
791928
791949
791961
791966
791972
791998
792014
792022
792033
792041
792047
792055
792139
792142
792203
792253
792283
792284
792285
792297
792307
792335
792342
792348
792349
792361
792365
792390
792400
792420
792472
792478
792489
792516
792526
792549
792550
792573
792647
792690
792710
792746
792763
792765
792767
792794
792806
792829
792841
792844
792859
792861
792875
792883
792905
792964
793012
793031
793038
793054
793065
793073
793091
793109
793113
793120
793137
793154
793183
793185
793211
793233
793239
793283
793310
793318
793332
793337
793367
793376
793424
793432
793439
793453
793459
793460
793464
793507
793539
793548
793551
793563
793565
793576
793598
793611
793615
793621
793622
793688
793716
793721
793731
793825
793862
793873
793922
793928
793994
794021
794029
794054
794057
794068
794136
794138
794144
794159
794166
794169
794192
794202
794203
794208
794230
794243
794256
794327
794347
794348
794363
794383
794391
794399
794406
794422
794425
794435
794436
794444
794495
794505
794517
794527
794560
794571
794587
794605
794610
794611
794628
794639
794674
794715
794721
794770
794772
794781
794791
794808
794822
794824
794841
794854
794883
794902
794972
794994
795015
795022
795034
795053
795063
795073
795082
795088
795091
795098
795100
795135
795139
795174
795188
795201
795218
795249
795265
795271
795280
795312
795323
795340
795353
795437
795453
795461
795467
795470
795504
795521
795541
795543
795545
795572
795593
795606
795615
795617
795622
795632
795705
795711
795724
795741
795765
795779
795792
795874
795886
795888
795900
795913
795945
795989
796036
796043
796056
796081
796098
796101
796183
796238
796243
796248
796282
796283
796303
796310
796347
796366
796381
796405
796419
796434
796450
796487
796544
796548
796564
796595
796648
796655
796658
796667
796688
796715
796742
796747
796753
796778
796780
796799
796823
796841
796847
796859
796893
796920
796924
796934
796948
796980
797006
797012
797014
797038
797042
797049
797064
797066
797078
797086
797090
797097
797099
797106
797110
797144
797145
797194
797195
797198
797211
797223
797236
797241
797267
797286
797290
797300
797302
797385
797420
797423
797424
797451
797522
797553
797572
797587
797591
797638
797652
797657
797689
797695
797716
797723
797736
797743
797744
797746
797752
797777
797797
797799
797811
797819
797826
797856
797864
797881
797900
797901
797903
797922
797937
797961
797965
797990
798008
798027
798032
798061
798075
798099
798101
798117
798118
798158
798164
798195
798208
798305
798327
798359
798389
798403
798406
798413
798424
798427
798456
798462
798482
798489
798507
798525
798602
798634
798636
798688
798700
798756
798759
798824
798856
798861
798863
798872
798874
798877
798884
798927
798949
798952
798958
798966
798979
798996
799007
799009
799044
799051
799081
799098
799123
799131
799136
799147
799148
799160
799175
799199
799205
799224
799232
799243
799256
799257
799268
799283
799302
799310
799328
799345
799370
799371
799377
799381
799393
799435
799445
799450
799451
799464
799466
799472
799474
799477
799482
799494
799614
799623
799641
799659
799669
799674
799728
799746
799750
799789
799805
799817
799823
799859
799868
799869
799886
799908
799911
799913
799914
799927
799937
799961
799987
799994
800014
800023
800032
800040
800058
800060
800082
800127
800132
800167
800213
800220
800223
800235
800240
800247
800250
800263
800276
800280
800345
800356
800367
800386
800392
800398
800408
800410
800413
800417
800423
800442
800447
800454
800474
800516
800543
800569
800599
800608
800613
800643
800649
800656
800674
800689
800699
800727
800747
800763
800781
800832
800853
800870
800883
800959
800978
801014
801025
801064
801073
801080
801122
801151
801167
801172
801189
801198
801199
801243
801245
801252
801335
801343
801345
801351
801366
801420
801426
801437
801451
801462
801470
801496
801501
801502
801528
801545
801550
801554
801555
801590
801620
801633
801657
801683
801689
801699
801735
801767
801818
801838
801860
801925
801963
801970
801985
802004
802038
802048
802069
802092
802127
802141
802155
802181
802189
802231
802234
802235
802237
802238
802259
802289
802352
802420
802519
802539
802564
802620
802634
802643
802657
802668
802728
802740
802741
802793
802850
802886
802894
802907
802937
802963
803029
803034
803036
803053
803069
803077
803090
803101
803135
803174
803182
803205
803242
803248
803259
803260
803273
803280
803281
803294
803337
803346
803384
803411
803424
803448
803452
803471
803491
803538
803543
803547
803568
803578
803597
803614
803634
803645
803670
803691
803739
803770
803780
803800
803851
803865
803945
803954
803992
803996
804031
804041
804046
804050
804064
804067
804092
804093
804095
804109
804147
804161
804181
804202
804266
804282
804303
804325
804339
804367
804408
804409
804450
804457
804473
804478
804488
804507
804509
804546
804597
804601
804682
804701
804714
804719
804722
804728
804730
804737
804823
804826
804850
804863
804873
804897
804913
804923
804933
804976
804988
804996
805003
805048
805093
805111
805148
805162
805182
805195
805204
805219
805230
805296
805297
805299
805350
805380
805393
805395
805444
805455
805457
805482
805485
805488
805553
805560
805567
805578
805579
805599
805603
805610
805649
805651
805698
805699
805712
805765
805769
805796
805819
805861
805874
805887
805889
805902
805929
805935
805944
805945
806031
806033
806048
806082
806112
806151
806180
806181
806196
806221
806261
806291
806305
806312
806335
806354
806370
806396
806413
806434
806443
806451
806469
806471
806502
806510
806523
806563
806605
806627
806630
806647
806660
806668
806725
806734
806749
806750
806772
806783
806791
806799
806831
806933
806946
806955
806985
807006
807011
807020
807036
807039
807056
807058
807063
807083
807097
807102
807110
807127
807132
807145
807166
807202
807203
807219
807226
807228
807245
807259
807265
807279
807289
807316
807317
807318
807367
807371
807377
807379
807383
807384
807417
807419
807426
807450
807459
807488
807508
807511
807512
807516
807549
807555
807557
807564
807601
807648
807694
807700
807706
807730
807756
807772
807802
807809
807843
807860
807869
807938
807962
807982
807985
808041
808058
808070
808083
808086
808092
808097
808157
808166
808182
808201
808206
808223
808234
808255
808257
808259
808263
808288
808306
808313
808344
808370
808377
808382
808397
808405
808414
808416
808427
808438
808442
808477
808481
808540
808543
808572
808600
808606
808607
808612
808684
808700
808718
808736
808748
808749
808755
808757
808785
808838
808841
808849
808872
808888
808893
808910
808913
808950
808951
808967
808986
808988
809021
809075
809094
809117
809130
809158
809181
809193
809200
809204
809208
809215
809228
809251
809286
809301
809302
809315
809339
809354
809359
809372
809377
809393
809423
809433
809437
809502
809524
809532
809590
809592
809595
809601
809609
809613
809622
809644
809693
809748
809770
809784
809797
809814
809858
809871
809876
809883
809895
809905
809917
809923
809926
809954
809960
809964
809982
809995
810027
810034
810036
810064
810069
810087
810112
810114
810126
810129
810150
810155
810173
810174
810176
810197
810207
810220
810246
810265
810271
810279
810283
810309
810350
810355
810357
810387
810432
810445
810452
810524
810532
810540
810556
810570
810592
810595
810610
810615
810638
810654
810682
810727
810736
810770
810780
810823
810841
810908
810934
810940
810965
810974
810978
810994
810995
811011
811041
811054
811060
811093
811094
811097
811147
811170
811206
811229
811236
811238
811298
811300
811346
811361
811364
811401
811405
811420
811453
811461
811474
811478
811497
811534
811535
811554
811555
811558
811569
811577
811649
811672
811682
811688
811716
811731
811755
811762
811769
811809
811859
811873
811938
811945
811957
811968
811970
811971
811972
812002
812013
812058
812077
812089
812103
812113
812117
812119
812134
812144
812170
812201
812202
812214
812222
812240
812255
812288
812292
812299
812335
812408
812410
812424
812437
812461
812467
812468
812483
812485
812493
812502
812551
812569
812579
812581
812582
812590
812597
812632
812635
812636
812643
812649
812716
812760
812774
812791
812801
812819
812875
812915
812932
812934
812951
812958
812968
813030
813041
813058
813072
813148
813156
813183
813190
813199
813211
813212
813220
813234
813243
813265
813290
813345
813347
813379
813381
813388
813392
813395
813397
813399
813430
813434
813449
813479
813495
813508
813517
813522
813524
813533
813546
813552
813553
813594
813637
813663
813678
813683
813685
813700
813727
813734
813735
813766
813786
813811
813827
813836
813840
813851
813859
813880
813908
813950
813963
813967
813972
813975
813991
814062
814076
814098
814105
814117
814119
814200
814201
814208
814216
814225
814245
814248
814259
814294
814296
814311
814314
814324
814330
814358
814385
814390
814401
814422
814449
814455
814465
814488
814506
814508
814540
814542
814550
814573
814577
814584
814591
814641
814671
814694
814767
814770
814773
814775
814784
814785
814787
814827
814837
814839
814840
814841
814871
814889
814893
814895
814939
814945
814954
815002
815004
815025
815068
815070
815073
815093
815110
815119
815144
815151
815155
815180
815198
815294
815297
815300
815307
815339
815343
815368
815373
815407
815408
815443
815498
815527
815528
815557
815583
815595
815599
815613
815621
815648
815684
815711
815747
815750
815769
815774
815778
815779
815784
815798
815800
815807
815809
815830
815878
815933
815961
815973
815986
816000
816016
816052
816068
816086
816103
816116
816175
816177
816187
816194
816215
816216
816219
816232
816238
816256
816348
816351
816379
816405
816417
816444
816474
816489
816520
816528
816556
816628
816637
816639
816651
816653
816697
816704
816734
816745
816753
816772
816780
816796
816814
816868
816896
816897
816908
816921
816923
816949
816980
816986
816988
817008
817029
817034
817049
817050
817052
817056
817074
817097
817122
817148
817162
817192
817210
817231
817249
817251
817263
817303
817317
817320
817331
817339
817405
817474
817485
817501
817504
817528
817532
817576
817597
817615
817650
817682
817695
817702
817711
817712
817719
817725
817735
817739
817826
817835
817840
817845
817848
817868
817884
817900
817936
817954
817956
818019
818029
818092
818121
818147
818171
818183
818187
818214
818231
818236
818306
818331
818336
818339
818359
818376
818389
818445
818466
818491
818499
818505
818513
818536
818551
818558
818561
818596
818600
818607
818626
818636
818644
818707
818713
818766
818784
818821
818900
818909
818950
819061
819078
819108
819119
819185
819200
819208
819228
819244
819258
819305
819314
819316
819355
819357
819395
819400
819403
819436
819491
819495
819501
819518
819531
819537
819566
819579
819592
819607
819608
819614
819690
819713
819719
819737
819745
819748
819753
819774
819783
819793
819797
819820
819877
819889
819898
819904
819937
819945
819960
819975
819979
820008
820012
820031
820037
820046
820067
820096
820103
820141
820151
820175
820219
820235
820301
820316
820325
820331
820332
820356
820368
820384
820411
820444
820461
820469
820486
820493
820529
820540
820552
820559
820570
820578
820607
820634
820642
820657
820682
820684
820723
820735
820739
820748
820758
820760
820847
820892
820898
820933
820937
820976
820991
821000
821010
821027
821066
821084
821087
821094
821117
821120
821135
821139
821196
821213
821215
821239
821290
821298
821323
821326
821327
821406
821419
821424
821436
821452
821478
821490
821542
821546
821556
821567
821578
821619
821621
821635
821652
821656
821712
821747
821771
821791
821800
821818
821835
821890
821899
821912
821915
821920
821932
821948
821961
822006
822033
822035
822073
822074
822086
822090
822149
822174
822182
822190
822198
822204
822218
822251
822253
822290
822293
822353
822365
822369
822405
822413
822434
822440
822465
822502
822505
822524
822526
822582
822604
822647
822673
822703
822705
822709
822719
822729
822730
822744
822772
822780
822789
822791
822832
822846
822857
822865
822877
822907
822908
822936
822977
823021
823056
823099
823127
823136
823144
823153
823158
823168
823182
823183
823186
823227
823230
823259
823279
823283
823302
823337
823342
823352
823364
823376
823386
823424
823480
823507
823519
823521
823541
823543
823545
823558
823570
823600
823611
823620
823624
823634
823641
823668
823674
823676
823700
823784
823803
823808
823811
823839
823858
823899
823901
823903
823923
823926
823927
823936
823940
823945
823953
823956
823984
823991
824050
824072
824093
824115
824132
824145
824148
824149
824172
824178
824209
824215
824243
824270
824289
824298
824312
824347
824355
824358
824407
824427
824455
824496
824519
824554
824580
824583
824587
824596
824600
824614
824618
824625
824647
824703
824721
824735
824746
824777
824780
824792
824797
824800
824827
824843
824901
824929
824932
824934
824957
824979
824983
824989
824995
825018
825026
825086
825088
825105
825174
825183
825184
825191
825248
825251
825279
825319
825391
825415
825446
825496
825498
825536
825540
825557
825558
825560
825568
825618
825620
825648
825654
825667
825669
825692
825698
825704
825725
825765
825805
825836
825841
825868
825874
825880
825883
825884
825896
825903
825913
825932
825934
825937
825943
825992
826010
826012
826084
826143
826160
826170
826172
826191
826206
826225
826235
826253
826257
826337
826345
826389
826421
826452
826467
826470
826472
826514
826529
826545
826568
826591
826610
826620
826634
826642
826651
826659
826683
826696
826697
826736
826745
826756
826814
826843
826868
826873
826876
826907
826916
826919
826936
826957
826977
827029
827031
827039
827047
827064
827075
827098
827100
827117
827120
827139
827162
827189
827263
827292
827308
827318
827320
827321
827371
827385
827413
827418
827420
827434
827446
827457
827468
827505
827509
827537
827572
827575
827582
827598
827599
827607
827617
827622
827639
827658
827677
827685
827686
827694
827717
827756
827764
827808
827813
827840
827853
827887
827914
827922
827946
827958
827995
828004
828021
828039
828048
828104
828117
828137
828202
828212
828215
828239
828293
828297
828313
828342
828351
828369
828407
828431
828478
828487
828527
828545
828566
828582
828598
828610
828617
828632
828650
828674
828682
828700
828735
828739
828792
828807
828813
828859
828878
828882
828891
828938
828952
828994
829005
829032
829041
829072
829102
829104
829123
829167
829186
829205
829256
829289
829315
829344
829349
829354
829399
829400
829401
829411
829428
829453
829549
829552
829567
829578
829621
829655
829666
829683
829712
829737
829740
829763
829768
829769
829784
829812
829814
829817
829827
829840
829856
829886
829906
829912
829934
829962
829980
830000
830017
830025
830039
830041
830046
830048
830105
830128
830131
830186
830217
830260
830274
830275
830283
830337
830366
830395
830465
830482
830484
830552
830574
830578
830583
830640
830646
830677
830701
830710
830717
830731
830752
830761
830781
830783
830820
830848
830858
830864
830874
830900
830941
830957
830966
830991
830997
831000
831046
831053
831063
831070
831112
831115
831138
831141
831158
831168
831170
831197
831216
831230
831237
831238
831278
831313
831321
831334
831348
831395
831424
831427
831428
831435
831437
831441
831447
831448
831500
831502
831530
831570
831608
831641
831652
831678
831687
831704
831717
831722
831732
831736
831737
831764
831776
831843
831876
831918
831955
831965
831968
831985
832011
832030
832032
832053
832060
832062
832082
832129
832189
832235
832251
832261
832355
832375
832425
832426
832447
832459
832485
832520
832549
832563
832598
832624
832632
832639
832640
832644
832649
832651
832659
832708
832729
832745
832753
832754
832767
832775
832780
832832
832846
832882
832894
832895
832898
832905
832929
832943
832957
832958
832962
833007
833025
833045
833055
833059
833062
833074
833081
833107
833119
833120
833121
833145
833156
833161
833175
833180
833183
833188
833217
833225
833247
833274
833313
833340
833358
833360
833372
833389
833394
833411
833461
833462
833485
833500
833510
833520
833533
833542
833553
833598
833650
833676
833686
833696
833714
833751
833755
833777
833808
833809
833820
833887
833901
833937
833961
834000
834007
834008
834039
834056
834095
834128
834146
834148
834180
834239
834252
834262
834306
834312
834319
834323
834352
834378
834406
834457
834497
834501
834513
834533
834548
834549
834573
834584
834593
834601
834651
834673
834679
834746
834752
834754
834782
834822
834834
834846
834869
834894
834898
834912
834938
834952
834957
834967
834981
835012
835024
835038
835041
835062
835157
835159
835163
835187
835188
835231
835233
835254
835262
835269
835270
835282
835290
835298
835312
835319
835328
835362
835392
835407
835409
835418
835422
835471
835481
835494
835515
835520
835531
835534
835540
835557
835566
835590
835607
835626
835631
835647
835694
835746
835755
835763
835768
835774
835794
835807
835814
835890
835905
835921
835933
835938
835951
835992
836022
836028
836038
836048
836052
836070
836080
836092
836138
836166
836169
836182
836202
836215
836224
836228
836237
836249
836258
836280
836290
836303
836353
836358
836391
836406
836433
836443
836449
836458
836465
836483
836500
836522
836530
836535
836551
836584
836587
836594
836621
836672
836674
836701
836803
836824
836832
836833
836836
836840
836844
836872
836877
836901
836902
836915
836943
836956
836958
836960
836975
836991
836995
837013
837034
837059
837079
837124
837127
837128
837137
837151
837152
837165
837208
837211
837248
837249
837283
837326
837341
837380
837394
837399
837417
837437
837439
837478
837494
837498
837517
837521
837525
837529
837546
837565
837568
837569
837653
837668
837672
837704
837712
837752
837778
837788
837796
837812
837828
837888
837898
837903
837907
837921
837926
837935
837970
838076
838157
838185
838299
838314
838315
838352
838354
838367
838372
838378
838382
838385
838406
838417
838445
838461
838477
838483
838517
838533
838560
838604
838615
838617
838623
838629
838661
838698
838707
838719
838759
838777
838799
838801
838816
838821
838827
838832
838857
838858
838873
838883
838888
838902
838916
838922
838959
838963
838970
838981
838983
839002
839015
839042
839097
839146
839174
839231
839293
839341
839342
839347
839361
839402
839411
839440
839458
839485
839505
839535
839555
839565
839568
839570
839571
839594
839647
839656
839660
839672
839688
839699
839708
839714
839732
839749
839753
839783
839805
839814
839825
839851
839876
839883
839945
839952
839957
839989
840018
840026
840029
840032
840039
840063
840087
840097
840107
840109
840122
840129
840134
840148
840199
840200
840207
840227
840235
840248
840287
840306
840333
840348
840349
840352
840358
840362
840398
840400
840411
840422
840459
840464
840469
840513
840528
840533
840544
840563
840565
840575
840597
840606
840628
840632
840644
840654
840671
840688
840701
840730
840736
840742
840758
840769
840776
840852
840889
840907
840912
840922
840995
841008
841019
841044
841056
841058
841061
841088
841089
841091
841113
841129
841172
841176
841193
841199
841201
841214
841220
841248
841254
841272
841302
841335
841349
841365
841371
841378
841407
841460
841482
841540
841548
841608
841633
841645
841665
841727
841737
841747
841754
841786
841813
841817
841829
841831
841845
841852
841861
841862
841865
841892
841900
841901
841914
841977
841979
841984
842003
842018
842020
842033
842174
842199
842204
842292
842313
842332
842356
842357
842364
842371
842380
842390
842448
842450
842452
842461
842562
842577
842620
842659
842661
842680
842705
842710
842714
842739
842746
842754
842791
842816
842851
842896
842900
842915
842927
842931
842964
842971
842991
842993
843059
843072
843087
843093
843102
843111
843115
843119
843133
843157
843165
843169
843183
843190
843223
843252
843270
843275
843293
843314
843318
843321
843350
843360
843374
843378
843390
843434
843458
843459
843473
843488
843494
843524
843534
843556
843561
843565
843569
843576
843577
843598
843602
843611
843615
843618
843624
843638
843643
843654
843678
843679
843698
843715
843717
843751
843757
843761
843808
843844
843857
843858
843872
843916
843919
843942
843955
843971
843991
843998
844009
844025
844033
844042
844046
844078
844088
844098
844099
844124
844138
844143
844144
844146
844162
844191
844201
844208
844210
844221
844267
844270
844295
844369
844382
844426
844505
844526
844547
844569
844581
844606
844639
844660
844690
844698
844718
844733
844734
844762
844777
844807
844826
844827
844870
844881
844883
844889
844894
844910
844938
844943
844944
844977
844978
844998
845005
845021
845040
845078
845088
845144
845169
845206
845217
845222
845238
845254
845266
845277
845281
845297
845327
845342
845347
845411
845420
845424
845426
845433
845441
845459
845474
845530
845555
845557
845573
845581
845596
845621
845630
845644
845647
845650
845693
845716
845734
845748
845751
845753
845777
845800
845810
845820
845830
845833
845838
845848
845851
845852
845869
845896
845906
845949
845956
845966
845970
845971
845992
846017
846035
846045
846148
846150
846185
846201
846234
846267
846292
846312
846318
846345
846348
846383
846388
846410
846433
846439
846453
846497
846546
846550
846568
846571
846577
846580
846593
846597
846612
846616
846624
846632
846640
846663
846712
846719
846728
846753
846754
846755
846763
846777
846806
846829
846843
846847
846850
846872
846878
846886
847015
847016
847020
847022
847041
847071
847148
847153
847160
847170
847184
847274
847307
847361
847396
847407
847429
847438
847448
847466
847470
847472
847476
847479
847502
847503
847578
847581
847582
847610
847636
847644
847676
847703
847713
847755
847784
847805
847844
847852
847854
847873
847876
847884
847895
847913
847954
847961
847968
847995
848000
848026
848038
848069
848081
848082
848129
848167
848201
848206
848236
848239
848257
848264
848281
848295
848312
848347
848382
848420
848432
848449
848505
848509
848510
848546
848577
848605
848609
848655
848659
848662
848675
848677
848678
848697
848702
848720
848728
848729
848740
848793
848796
848814
848834
848836
848837
848846
848865
848875
848876
848880
848890
848892
848904
848919
848921
849005
849036
849052
849083
849092
849104
849106
849125
849145
849197
849211
849220
849232
849237
849238
849241
849249
849261
849267
849269
849280
849282
849290
849309
849310
849315
849351
849366
849370
849373
849374
849384
849387
849402
849417
849435
849441
849462
849483
849515
849521
849555
849576
849585
849589
849612
849641
849642
849673
849674
849678
849697
849707
849721
849728
849757
849758
849786
849809
849878
849886
849888
849891
849892
849919
849921
849983
849991
849995
849999
850025
850037
850050
850053
850086
850093
850094
850109
850119
850125
850133
850153
850159
850166
850173
850182
850186
850206
850216
850229
850249
850260
850278
850282
850321
850348
850350
850372
850389
850392
850402
850407
850414
850428
850442
850444
850457
850461
850522
850524
850560
850571
850614
850625
850626
850668
850720
850741
850774
850802
850820
850825
850863
850870
850874
850877
850894
850937
850938
850948
850951
850955
850965
850992
851001
851035
851039
851050
851058
851065
851105
851106
851125
851131
851200
851264
851283
851307
851309
851322
851341
851356
851358
851370
851432
851440
851443
851463
851484
851487
851494
851496
851500
851510
851515
851578
851623
851625
851636
851654
851662
851693
851694
851725
851727
851760
851810
851820
851849
851902
851912
851919
851922
851940
851943
851945
851947
851951
851973
851992
852024
852047
852058
852075
852085
852093
852098
852102
852105
852128
852154
852157
852167
852172
852173
852194
852247
852254
852286
852293
852313
852330
852337
852370
852422
852423
852429
852431
852451
852457
852494
852513
852547
852565
852578
852581
852584
852587
852669
852677
852703
852704
852762
852779
852790
852805
852811
852863
852879
852883
852889
852896
852899
852902
852912
852943
852965
852968
852969
852985
852989
853029
853041
853084
853090
853095
853110
853127
853136
853147
853149
853174
853182
853187
853195
853211
853232
853285
853288
853296
853326
853346
853347
853356
853373
853383
853392
853405
853406
853440
853471
853477
853480
853484
853492
853519
853529
853551
853569
853590
853610
853633
853691
853693
853698
853718
853719
853725
853764
853780
853782
853792
853797
853823
853846
853849
853855
853857
853863
853876
853889
853893
853910
853923
853940
853947
853970
853972
853985
853987
854022
854061
854071
854097
854135
854144
854159
854176
854194
854219
854253
854282
854298
854312
854334
854346
854353
854369
854380
854402
854453
854458
854475
854484
854485
854492
854506
854510
854511
854522
854523
854533
854534
854557
854566
854603
854611
854645
854663
854724
854741
854749
854756
854757
854783
854810
854811
854832
854833
854838
854839
854844
854858
854872
854873
854893
854901
854914
854926
854940
854945
854964
854980
854996
854997
855023
855026
855027
855031
855043
855054
855056
855060
855066
855089
855095
855108
855138
855139
855143
855222
855223
855235
855238
855273
855298
855301
855302
855307
855318
855334
855356
855372
855395
855404
855422
855439
855452
855453
855471
855492
855520
855525
855529
855589
855596
855609
855622
855637
855657
855659
855665
855668
855669
855731
855779
855800
855814
855844
855866
855881
855896
855898
855909
855968
855969
855982
856001
856033
856035
856036
856084
856181
856197
856206
856210
856215
856251
856283
856290
856301
856303
856313
856336
856356
856358
856376
856429
856453
856460
856484
856492
856497
856515
856526
856532
856571
856610
856624
856637
856648
856654
856656
856707
856714
856732
856741
856772
856810
856812
856834
856900
856906
856914
856978
856979
856989
856993
857000
857089
857090
857093
857119
857122
857130
857137
857163
857206
857207
857216
857229
857241
857255
857256
857268
857310
857329
857356
857366
857398
857417
857473
857483
857484
857497
857500
857513
857535
857598
857605
857653
857679
857688
857697
857732
857771
857779
857782
857830
857887
857890
857893
857901
857903
857915
857920
857924
858012
858023
858063
858097
858098
858099
858147
858176
858191
858209
858221
858256
858267
858275
858297
858308
858313
858327
858343
858366
858415
858418
858425
858442
858454
858468
858470
858487
858504
858505
858515
858536
858548
858567
858568
858604
858608
858613
858617
858626
858634
858645
858646
858669
858682
858686
858689
858707
858756
858775
858779
858801
858805
858810
858892
858900
858931
858950
858973
859003
859020
859039
859041
859075
859085
859088
859144
859193
859210
859224
859249
859258
859273
859290
859308
859323
859335
859368
859380
859416
859431
859438
859442
859472
859474
859541
859551
859589
859650
859654
859678
859683
859757
859767
859777
859788
859794
859812
859847
859885
859931
859982
860005
860013
860019
860054
860130
860155
860167
860177
860187
860239
860256
860275
860315
860319
860345
860352
860354
860362
860372
860389
860392
860399
860453
860487
860495
860517
860521
860547
860557
860600
860615
860618
860638
860647
860652
860656
860677
860701
860703
860719
860746
860789
860815
860850
860861
860909
860939
860949
860951
860962
861000
861016
861025
861042
861053
861078
861095
861110
861128
861154
861156
861165
861171
861177
861209
861228
861252
861261
861278
861303
861307
861314
861320
861348
861370
861396
861414
861416
861446
861458
861473
861475
861486
861506
861518
861540
861548
861570
861608
861617
861658
861680
861687
861696
861713
861714
861725
861739
861752
861768
861813
861840
861844
861861
861877
861883
861908
861910
861911
861935
861939
861942
861944
861957
861997
862012
862027
862030
862039
862058
862137
862166
862214
862224
862229
862232
862238
862248
862268
862279
862285
862299
862318
862322
862342
862350
862381
862383
862384
862413
862421
862432
862434
862479
862488
862490
862520
862550
862621
862696
862705
862706
862713
862726
862734
862755
862765
862802
862830
862835
862863
862881
862885
862908
862920
862981
862997
863015
863023
863041
863049
863093
863122
863136
863140
863149
863176
863178
863192
863194
863253
863286
863312
863334
863344
863353
863359
863371
863378
863405
863412
863416
863436
863442
863469
863479
863481
863482
863512
863571
863572
863592
863645
863656
863658
863683
863704
863713
863719
863721
863726
863732
863736
863739
863802
863812
863864
863885
863965
863966
863967
863983
863997
864010
864040
864080
864096
864118
864163
864165
864178
864212
864282
864287
864318
864319
864324
864339
864368
864369
864414
864423
864433
864439
864458
864467
864476
864497
864498
864501
864529
864572
864587
864595
864659
864662
864678
864694
864701
864703
864717
864723
864746
864747
864760
864788
864793
864801
864821
864827
864841
864855
864864
864873
864880
864888
864891
864907
864913
864979
864988
865007
865019
865042
865056
865065
865069
865093
865097
865152
865156
865163
865167
865170
865180
865188
865232
865246
865249
865258
865261
865291
865356
865413
865422
865449
865457
865495
865531
865538
865568
865583
865591
865617
865652
865672
865689
865701
865721
865735
865764
865789
865790
865814
865834
865846
865862
865887
865898
865902
865916
865937
865958
865974
865986
866002
866070
866073
866092
866107
866131
866132
866161
866190
866198
866202
866219
866247
866252
866254
866261
866262
866273
866281
866295
866304
866325
866360
866361
866367
866385
866438
866498
866504
866516
866537
866549
866552
866619
866623
866696
866708
866716
866730
866736
866748
866783
866795
866819
866831
866835
866843
866854
866880
866915
866955
866960
866966
866968
866985
867028
867055
867090
867128
867131
867153
867211
867226
867247
867251
867254
867259
867281
867286
867308
867323
867326
867360
867362
867367
867389
867397
867402
867404
867406
867413
867428
867435
867440
867459
867464
867513
867514
867532
867536
867540
867542
867587
867589
867602
867617
867642
867682
867741
867758
867796
867839
867847
867867
867879
867883
867899
867901
867927
867942
867944
867954
867966
867972
868002
868009
868026
868046
868057
868070
868102
868116
868133
868141
868178
868234
868236
868242
868246
868254
868268
868277
868288
868314
868330
868355
868358
868360
868454
868467
868475
868484
868486
868496
868522
868530
868557
868579
868582
868599
868635
868636
868671
868684
868688
868705
868706
868713
868716
868721
868753
868755
868762
868770
868772
868802
868805
868810
868817
868830
868837
868852
868861
868878
868896
868906
868938
868945
868968
868991
869013
869018
869032
869075
869095
869101
869120
869129
869142
869147
869156
869177
869196
869207
869246
869254
869260
869265
869284
869290
869294
869299
869327
869332
869340
869346
869357
869367
869393
869410
869459
869501
869513
869515
869533
869549
869551
869553
869565
869578
869631
869654
869708
869734
869763
869775
869803
869804
869856
869858
869878
869886
869935
869943
869951
869981
870034
870039
870049
870083
870132
870153
870178
870183
870184
870197
870212
870216
870231
870251
870278
870280
870282
870288
870290
870329
870363
870375
870384
870426
870427
870431
870463
870472
870479
870483
870497
870515
870527
870568
870595
870666
870676
870687
870689
870693
870708
870716
870717
870743
870745
870753
870757
870794
870812
870836
870841
870849
870853
870867
870884
870908
870913
870934
870939
870942
870943
870952
870964
871001
871003
871022
871031
871041
871056
871060
871077
871083
871145
871164
871181
871193
871259
871319
871338
871369
871421
871434
871498
871512
871522
871587
871613
871626
871645
871658
871737
871758
871796
871799
871809
871811
871890
871903
871912
871921
871939
871952
871957
871969
871977
872052
872067
872098
872114
872141
872147
872161
872190
872198
872210
872262
872266
872328
872329
872381
872388
872402
872404
872418
872443
872453
872454
872477
872478
872515
872523
872524
872574
872587
872606
872616
872638
872642
872647
872693
872698
872714
872734
872751
872759
872768
872789
872798
872826
872861
872877
872881
872906
872914
872938
872970
873020
873046
873052
873102
873103
873109
873117
873169
873191
873196
873203
873221
873269
873313
873326
873350
873351
873352
873358
873364
873372
873377
873392
873423
873434
873442
873443
873446
873482
873513
873524
873528
873529
873553
873554
873555
873590
873593
873595
873641
873648
873656
873678
873721
873724
873777
873787
873806
873811
873812
873815
873841
873857
873871
873882
873892
873905
873907
874010
874013
874014
874036
874084
874093
874099
874104
874112
874132
874149
874152
874173
874184
874226
874233
874241
874257
874262
874301
874340
874357
874363
874379
874393
874394
874396
874415
874423
874424
874430
874444
874446
874455
874469
874485
874488
874545
874597
874624
874680
874706
874714
874726
874732
874736
874745
874806
874849
874869
874873
874885
874906
874919
874925
874948
874980
875088
875105
875111
875140
875148
875164
875180
875188
875285
875290
875298
875306
875406
875415
875458
875488
875517
875521
875526
875529
875558
875568
875603
875675
875727
875749
875768
875801
875802
875814
875829
875842
875871
875874
875942
876004
876011
876013
876022
876029
876042
876066
876080
876101
876136
876146
876149
876155
876168
876229
876261
876286
876288
876320
876335
876361
876364
876373
876392
876458
876461
876475
876478
876491
876529
876556
876569
876613
876621
876624
876638
876647
876650
876674
876676
876700
876701
876719
876723
876743
876751
876760
876771
876784
876814
876835
876873
876898
876902
876929
876977
876983
876985
877007
877015
877033
877040
877109
877110
877128
877153
877178
877209
877235
877250
877295
877329
877335
877339
877360
877364
877448
877454
877472
877506
877612
877618
877623
877630
877656
877675
877689
877691
877728
877754
877776
877786
877793
877813
877819
877820
877822
877847
877850
877889
877912
877930
877958
878004
878005
878008
878063
878070
878078
878153
878156
878164
878206
878276
878279
878309
878314
878318
878327
878338
878351
878368
878372
878409
878427
878438
878457
878473
878526
878581
878616
878625
878663
878665
878690
878711
878748
878769
878786
878790
878795
878808
878865
878867
878910
878912
878921
878931
878936
878942
878946
878961
878962
878990
878991
879079
879113
879126
879148
879155
879188
879208
879218
879227
879229
879234
879256
879275
879278
879293
879300
879306
879366
879380
879394
879411
879416
879426
879471
879478
879482
879495
879569
879588
879601
879654
879671
879672
879677
879690
879692
879708
879745
879746
879750
879776
879800
879822
879849
879854
879869
879881
879894
879919
879956
879991
880026
880131
880135
880212
880217
880231
880243
880245
880253
880291
880332
880336
880362
880372
880478
880484
880491
880502
880514
880521
880531
880534
880544
880557
880568
880625
880649
880662
880691
880759
880760
880768
880775
880784
880819
880832
880838
880881
880920
880931
880938
880942
880946
880986
880997
881044
881049
881078
881084
881095
881151
881152
881157
881161
881167
881181
881195
881215
881234
881240
881269
881270
881279
881283
881302
881372
881376
881379
881407
881419
881469
881570
881578
881604
881621
881651
881671
881687
881688
881694
881768
881797
881798
881802
881833
881874
881875
881886
881921
881927
881930
881932
881954
881957
881962
881970
881978
881984
882023
882029
882036
882038
882068
882077
882083
882087
882113
882131
882150
882197
882219
882253
882309
882311
882313
882314
882339
882350
882352
882355
882400
882401
882402
882409
882439
882461
882501
882530
882541
882566
882568
882570
882572
882575
882579
882617
882625
882631
882658
882688
882700
882701
882707
882710
882740
882752
882768
882771
882778
882787
882818
882819
882821
882837
882850
882862
882899
882908
882914
882919
882920
882952
882986
882998
883019
883023
883073
883078
883122
883156
883175
883177
883197
883204
883205
883228
883262
883290
883303
883321
883327
883334
883351
883364
883391
883396
883440
883448
883484
883496
883520
883522
883532
883537
883540
883556
883619
883640
883676
883710
883719
883737
883744
883757
883766
883775
883787
883816
883817
883836
883842
883855
883866
883896
883907
883914
883934
883958
883972
884020
884062
884066
884073
884162
884169
884210
884215
884220
884224
884245
884307
884312
884331
884336
884337
884381
884434
884469
884479
884508
884534
884552
884587
884596
884638
884652
884669
884681
884735
884743
884763
884767
884777
884778
884794
884826
884827
884830
884831
884855
884868
884875
884909
884919
884941
884949
884966
884967
884974
884981
884984
884990
884995
885011
885038
885047
885053
885108
885109
885120
885124
885139
885171
885204
885221
885223
885226
885255
885264
885270
885275
885294
885295
885299
885300
885312
885317
885327
885335
885342
885348
885356
885409
885484
885503
885545
885551
885559
885583
885624
885627
885632
885633
885654
885655
885660
885679
885687
885750
885762
885791
885813
885856
885859
885877
885892
885915
885916
885922
885928
886037
886042
886073
886075
886092
886095
886105
886114
886116
886124
886151
886177
886194
886228
886253
886261
886279
886297
886311
886316
886326
886334
886375
886381
886383
886437
886449
886471
886476
886494
886546
886562
886565
886573
886597
886642
886643
886661
886670
886679
886682
886683
886687
886693
886713
886731
886737
886758
886776
886778
886818
886843
886859
886881
886925
886939
886944
886946
886949
887024
887029
887032
887059
887106
887109
887124
887217
887225
887231
887281
887304
887322
887328
887336
887376
887409
887413
887429
887434
887442
887476
887487
887504
887506
887512
887543
887570
887603
887629
887631
887632
887634
887638
887666
887672
887722
887736
887764
887766
887796
887801
887866
887872
887875
887876
887897
887904
887949
887972
887975
887993
887999
888022
888044
888109
888114
888129
888135
888166
888191
888195
888235
888237
888238
888240
888251
888269
888273
888291
888301
888306
888337
888351
888358
888397
888410
888443
888446
888453
888461
888470
888472
888476
888510
888533
888544
888553
888571
888575
888584
888588
888642
888674
888677
888684
888697
888700
888708
888729
888753
888776
888783
888836
888843
888862
888894
888920
888929
888954
888969
888974
888984
889000
889049
889071
889093
889096
889128
889137
889159
889176
889185
889207
889211
889220
889241
889255
889257
889259
889270
889295
889311
889331
889362
889365
889382
889425
889428
889471
889497
889510
889519
889521
889528
889536
889554
889632
889647
889690
889763
889771
889774
889775
889776
889818
889819
889901
889908
889924
889929
889935
889956
889960
889961
889982
889992
890030
890061
890070
890081
890102
890128
890159
890162
890185
890193
890198
890214
890249
890278
890289
890292
890308
890322
890323
890341
890400
890443
890455
890504
890514
890517
890520
890525
890530
890549
890584
890587
890603
890621
890632
890678
890680
890681
890749
890752
890753
890759
890774
890781
890805
890829
890833
890873
890877
890896
890921
890943
890948
890966
890981
890986
891003
891056
891071
891082
891083
891098
891145
891173
891215
891226
891284
891351
891369
891383
891396
891414
891473
891498
891504
891514
891528
891539
891547
891623
891624
891647
891680
891689
891714
891736
891754
891756
891804
891807
891838
891846
891898
891903
891910
891927
891952
891971
891973
891977
891984
892001
892003
892017
892018
892025
892037
892040
892079
892099
892106
892111
892113
892159
892174
892219
892229
892252
892270
892282
892291
892294
892295
892312
892331
892332
892357
892360
892469
892479
892523
892524
892586
892587
892592
892598
892601
892609
892610
892619
892646
892662
892690
892723
892752
892771
892774
892824
892847
892855
892904
892942
892960
892973
892990
893006
893007
893014
893051
893060
893077
893091
893114
893118
893124
893136
893139
893166
893188
893205
893210
893219
893254
893281
893296
893305
893354
893391
893394
893496
893503
893554
893566
893571
893598
893622
893633
893645
893664
893665
893701
893711
893718
893733
893740
893761
893767
893789
893792
893796
893799
893805
893836
893849
893873
893876
893945
893964
893976
893978
893994
893995
894079
894081
894097
894112
894136
894165
894176
894178
894209
894230
894242
894253
894277
894298
894325
894327
894329
894362
894391
894411
894422
894430
894466
894468
894473
894479
894482
894485
894506
894528
894559
894568
894571
894594
894620
894625
894641
894669
894675
894678
894680
894698
894720
894729
894736
894762
894764
894791
894809
894822
894824
894831
894853
894866
894882
894883
894887
894889
894894
894897
894900
894908
894914
894915
894921
894926
894942
894991
895013
895034
895067
895070
895128
895133
895143
895171
895172
895173
895184
895199
895217
895273
895275
895284
895295
895298
895300
895325
895326
895356
895363
895392
895409
895414
895437
895446
895450
895479
895499
895512
895520
895523
895541
895600
895616
895632
895634
895638
895645
895647
895649
895669
895671
895695
895711
895723
895808
895812
895830
895857
895901
895972
896009
896011
896014
896025
896028
896034
896046
896059
896062
896077
896101
896107
896109
896136
896148
896211
896215
896222
896230
896268
896277
896287
896288
896296
896299
896317
896336
896367
896412
896429
896470
896474
896490
896491
896506
896543
896544
896555
896564
896576
896589
896591
896593
896604
896611
896628
896680
896714
896732
896737
896744
896768
896772
896782
896802
896818
896819
896837
896849
896858
896873
896904
896922
896925
896953
896958
896968
896972
896973
896992
897001
897013
897018
897031
897032
897057
897070
897110
897125
897139
897150
897155
897170
897173
897176
897203
897234
897238
897257
897260
897261
897276
897306
897340
897348
897376
897386
897387
897404
897409
897416
897451
897452
897459
897462
897463
897478
897484
897504
897516
897532
897583
897596
897600
897625
897639
897649
897687
897706
897711
897727
897729
897762
897769
897826
897840
897854
897858
897877
897879
897896
897925
897929
897937
897942
897964
897971
898006
898017
898018
898025
898053
898073
898084
898090
898143
898150
898167
898199
898235
898239
898250
898274
898284
898294
898317
898331
898334
898402
898429
898499
898502
898519
898525
898530
898533
898538
898544
898551
898572
898573
898624
898643
898650
898666
898670
898744
898779
898843
898844
898862
898865
898887
898895
898992
899023
899043
899044
899054
899065
899108
899122
899154
899219
899221
899234
899242
899255
899304
899344
899355
899393
899397
899403
899412
899427
899460
899461
899464
899492
899541
899544
899545
899550
899560
899564
899595
899616
899640
899647
899657
899679
899701
899703
899722
899724
899761
899762
899764
899793
899797
899808
899831
899840
899865
899868
899887
899890
899928
899976
899987
900011
900016
900026
900032
900047
900072
900133
900141
900170
900213
900214
900218
900247
900267
900282
900301
900344
900382
900388
900391
900401
900410
900418
900429
900433
900436
900455
900467
900472
900476
900479
900501
900600
900636
900653
900655
900656
900668
900687
900699
900717
900728
900742
900757
900770
900774
900821
900845
900870
900890
900903
900916
900921
900922
900931
900942
900952
900982
900993
900997
900998
901041
901048
901070
901072
901088
901094
901107
901111
901112
901140
901142
901151
901154
901168
901173
901204
901209
901225
901234
901237
901263
901279
901344
901400
901412
901475
901493
901504
901533
901541
901548
901557
901586
901597
901641
901679
901712
901749
901773
901774
901777
901794
901844
901890
901902
901936
901938
901970
902016
902018
902030
902066
902070
902161
902178
902186
902189
902195
902196
902219
902221
902283
902306
902363
902367
902386
902390
902441
902475
902496
902530
902542
902550
902562
902567
902588
902622
902625
902645
902688
902706
902713
902726
902762
902786
902797
902867
902915
902942
902945
903003
903008
903025
903043
903054
903055
903061
903082
903096
903121
903174
903177
903202
903206
903224
903239
903261
903265
903294
903310
903319
903327
903337
903352
903369
903385
903418
903420
903435
903455
903458
903470
903482
903499
903507
903511
903561
903570
903577
903639
903652
903667
903677
903684
903701
903705
903706
903732
903740
903754
903823
903840
903863
903874
903875
903882
903889
903916
903935
903949
903952
903961
903966
903978
903982
903997
904043
904047
904063
904111
904129
904133
904135
904227
904260
904274
904310
904338
904339
904348
904357
904413
904426
904438
904442
904447
904452
904454
904458
904501
904522
904573
904607
904684
904693
904702
904703
904720
904776
904785
904786
904788
904801
904806
904828
904832
904863
904864
904865
904874
904888
904891
904908
904910
904974
904990
904991
904993
905045
905101
905131
905136
905140
905161
905168
905207
905213
905270
905276
905283
905331
905371
905412
905423
905454
905485
905498
905528
905538
905563
905574
905581
905595
905627
905645
905659
905676
905682
905690
905709
905717
905736
905742
905743
905760
905761
905763
905779
905800
905809
905822
905853
905877
905901
905915
905919
905998
906017
906102
906115
906130
906145
906200
906204
906209
906213
906232
906247
906248
906251
906260
906291
906334
906445
906448
906452
906454
906469
906476
906490
906528
906533
906545
906616
906705
906757
906767
906786
906816
906829
906858
906879
906886
906904
906905
906915
907087
907096
907140
907166
907170
907175
907184
907210
907235
907242
907276
907279
907306
907331
907341
907377
907396
907414
907450
907463
907478
907492
907493
907519
907522
907532
907544
907579
907598
907600
907626
907629
907648
907652
907687
907696
907700
907715
907731
907739
907770
907778
907793
907805
907815
907818
907850
907862
907864
907881
907887
907912
907917
907944
907951
907955
907958
907962
908078
908092
908093
908094
908099
908121
908128
908185
908262
908317
908321
908361
908377
908381
908506
908606
908620
908641
908647
908762
908773
908791
908809
908887
908934
908946
908975
908980
908986
909016
909022
909029
909067
909086
909096
909109
909128
909134
909150
909157
909169
909171
909208
909260
909278
909285
909314
909333
909358
909378
909383
909396
909421
909446
909458
909476
909482
909500
909532
909544
909546
909547
909574
909589
909593
909640
909657
909662
909704
909716
909719
909727
909728
909731
909749
909757
909783
909806
909827
909841
909846
909859
909871
909910
909912
909952
909973
909985
909993
910046
910047
910048
910051
910061
910071
910100
910132
910133
910137
910141
910193
910209
910216
910217
910276
910278
910280
910290
910301
910320
910331
910344
910369
910377
910385
910401
910424
910498
910524
910535
910537
910547
910590
910602
910640
910645
910686
910702
910709
910740
910749
910813
910833
910881
910925
910935
910945
910960
910961
910995
911028
911056
911073
911076
911111
911122
911125
911136
911160
911185
911210
911237
911282
911319
911342
911350
911372
911379
911384
911405
911440
911480
911481
911488
911526
911540
911559
911576
911582
911605
911615
911644
911646
911674
911697
911715
911746
911747
911770
911783
911810
911825
911835
911860
911882
911969
912023
912050
912053
912060
912063
912067
912069
912071
912097
912103
912109
912115
912130
912147
912168
912172
912179
912202
912215
912267
912273
912284
912288
912310
912322
912323
912351
912369
912374
912379
912382
912432
912461
912471
912482
912501
912504
912508
912511
912515
912536
912537
912543
912544
912546
912558
912568
912582
912615
912625
912750
912761
912786
912812
912825
912857
912865
912894
912927
912933
912939
912940
912952
912959
913013
913031
913038
913089
913107
913121
913133
913134
913155
913173
913182
913187
913240
913241
913259
913273
913288
913339
913343
913359
913377
913379
913385
913439
913467
913496
913539
913552
913566
913570
913584
913587
913610
913655
913668
913669
913674
913681
913693
913701
913707
913726
913728
913781
913786
913801
913821
913833
913879
913882
913887
913916
913927
913949
913963
914020
914048
914059
914060
914068
914085
914094
914119
914155
914162
914173
914202
914218
914224
914231
914238
914239
914253
914268
914275
914297
914304
914318
914327
914361
914419
914427
914472
914474
914506
914515
914518
914583
914595
914606
914621
914630
914654
914660
914672
914712
914720
914790
914796
914812
914817
914828
914836
914837
914870
914880
914888
914938
914948
914953
914994
914999
915006
915016
915031
915042
915045
915062
915068
915070
915084
915086
915103
915154
915156
915162
915170
915176
915186
915206
915235
915266
915289
915311
915313
915333
915334
915338
915340
915342
915344
915350
915352
915373
915381
915409
915450
915465
915510
915535
915598
915638
915658
915675
915695
915698
915725
915737
915742
915747
915776
915835
915844
915850
915873
915881
915905
915915
915931
915932
915936
915941
915959
915960
915966
915974
915982
915985
915993
916000
916003
916042
916057
916073
916096
916103
916115
916131
916132
916135
916147
916161
916214
916219
916249
916282
916287
916300
916301
916317
916328
916347
916365
916368
916383
916404
916431
916443
916466
916488
916529
916547
916564
916568
916581
916582
916597
916601
916627
916641
916685
916692
916709
916722
916725
916730
916731
916753
916768
916787
916812
916827
916832
916833
916872
916874
916880
916903
916921
916924
916927
916940
916943
916970
916993
917031
917043
917046
917059
917080
917096
917098
917105
917111
917112
917115
917132
917161
917163
917182
917184
917194
917209
917239
917269
917350
917411
917413
917427
917464
917530
917539
917549
917555
917566
917572
917612
917622
917629
917633
917637
917661
917664
917682
917716
917723
917753
917778
917781
917788
917801
917827
917856
917860
917885
917925
917943
917953
917957
918012
918019
918048
918057
918126
918130
918160
918161
918162
918170
918180
918213
918241
918253
918279
918281
918359
918364
918378
918409
918410
918468
918478
918481
918482
918487
918519
918520
918551
918566
918571
918601
918603
918604
918612
918640
918653
918664
918674
918679
918705
918711
918714
918739
918742
918748
918757
918763
918766
918816
918857
918873
918879
918886
918951
918981
918993
919021
919029
919057
919067
919068
919081
919124
919136
919145
919167
919219
919220
919254
919266
919309
919349
919365
919385
919452
919453
919454
919503
919516
919551
919577
919585
919586
919591
919597
919628
919634
919656
919682
919689
919697
919706
919712
919740
919768
919791
919846
919860
919890
919894
919907
919937
919970
920036
920093
920099
920115
920134
920167
920208
920211
920214
920252
920265
920271
920281
920288
920304
920329
920362
920368
920373
920377
920387
920427
920443
920459
920472
920490
920506
920508
920518
920529
920575
920586
920603
920620
920663
920672
920682
920690
920693
920699
920715
920723
920730
920749
920750
920768
920775
920825
920836
920850
920854
920919
920924
920927
920958
920979
920995
920997
921024
921032
921036
921038
921053
921060
921068
921077
921084
921086
921092
921114
921116
921124
921136
921147
921153
921158
921186
921207
921217
921218
921251
921253
921276
921277
921310
921334
921349
921369
921378
921379
921391
921418
921420
921425
921440
921454
921496
921522
921523
921524
921553
921574
921602
921607
921612
921613
921632
921646
921667
921687
921725
921730
921753
921761
921780
921794
921798
921814
921835
921837
921869
921881
921887
921902
921916
921922
921924
921964
921969
921985
922005
922020
922036
922047
922081
922093
922101
922103
922151
922165
922168
922172
922174
922179
922181
922185
922205
922210
922221
922232
922246
922253
922254
922269
922270
922271
922307
922315
922316
922320
922359
922366
922370
922371
922390
922466
922476
922505
922509
922527
922533
922564
922580
922584
922621
922636
922637
922642
922653
922732
922733
922737
922745
922765
922783
922787
922789
922800
922820
922822
922836
922857
922875
922883
922888
922903
922926
922966
922971
923033
923050
923076
923078
923087
923091
923135
923153
923182
923190
923211
923219
923251
923362
923385
923399
923460
923484
923492
923498
923521
923536
923537
923564
923583
923584
923594
923627
923634
923654
923667
923676
923681
923686
923691
923707
923710
923747
923761
923768
923777
923782
923792
923852
923864
923914
923925
923935
923937
923941
923974
923976
923987
924019
924027
924051
924059
924061
924062
924074
924087
924124
924128
924131
924138
924159
924160
924162
924167
924176
924178
924188
924197
924208
924220
924225
924241
924255
924258
924269
924299
924348
924352
924358
924382
924402
924423
924441
924446
924450
924458
924476
924495
924545
924549
924565
924582
924597
924608
924645
924666
924678
924684
924693
924730
924735
924781
924782
924800
924810
924858
924864
924870
924876
924881
924883
924901
924909
924919
924925
924943
924951
924956
924979
924980
925015
925034
925035
925036
925049
925062
925065
925071
925105
925114
925132
925193
925246
925257
925288
925292
925326
925338
925370
925424
925489
925491
925502
925532
925561
925563
925564
925566
925578
925591
925602
925609
925612
925630
925649
925677
925681
925718
925749
925759
925768
925772
925898
925904
925910
925916
925951
925952
925985
925986
926012
926059
926071
926078
926080
926082
926093
926129
926137
926197
926202
926235
926237
926279
926286
926312
926351
926356
926372
926376
926383
926484
926488
926491
926511
926520
926530
926535
926546
926549
926656
926668
926673
926737
926741
926746
926774
926792
926806
926815
926838
926854
926869
926910
926930
926960
926988
927052
927053
927056
927065
927066
927086
927089
927101
927142
927154
927172
927199
927215
927228
927238
927253
927286
927307
927311
927328
927333
927339
927352
927357
927365
927405
927425
927440
927447
927449
927460
927468
927475
927510
927521
927530
927539
927541
927561
927574
927590
927616
927623
927631
927637
927660
927679
927691
927719
927724
927735
927767
927821
927858
927869
927872
927902
927917
927927
927928
927942
927949
927971
927983
928004
928039
928071
928080
928081
928082
928089
928113
928146
928155
928156
928214
928221
928223
928241
928253
928257
928265
928312
928333
928346
928357
928371
928384
928385
928388
928403
928406
928408
928417
928420
928462
928468
928480
928504
928505
928528
928554
928563
928577
928589
928592
928600
928615
928621
928638
928680
928689
928712
928713
928715
928731
928752
928772
928792
928794
928796
928824
928848
928897
928922
928935
928988
928990
929026
929029
929030
929047
929058
929074
929105
929123
929138
929148
929165
929191
929207
929222
929229
929236
929247
929275
929283
929289
929300
929323
929328
929332
929355
929363
929370
929372
929423
929515
929574
929582
929605
929622
929626
929627
929630
929634
929679
929691
929694
929716
929720
929731
929736
929792
929801
929844
929858
929872
929886
929904
929912
929914
929917
929938
929939
929958
929964
929978
930000
930005
930033
930046
930048
930137
930155
930157
930175
930212
930232
930236
930250
930260
930308
930312
930391
930399
930420
930451
930459
930467
930468
930472
930473
930499
930520
930534
930548
930584
930603
930665
930678
930740
930751
930761
930782
930798
930820
930821
930825
930856
930871
930879
930903
930920
930942
930966
930985
931047
931077
931082
931104
931114
931142
931183
931206
931235
931298
931300
931345
931398
931403
931406
931417
931420
931427
931437
931440
931444
931445
931452
931504
931523
931572
931585
931593
931622
931623
931646
931670
931690
931765
931792
931813
931818
931871
931903
931911
931922
931924
931953
931956
931997
932027
932030
932041
932072
932103
932120
932124
932135
932145
932162
932172
932185
932211
932219
932231
932239
932244
932264
932298
932303
932316
932322
932329
932338
932365
932410
932416
932463
932467
932497
932507
932565
932572
932596
932602
932623
932626
932633
932640
932666
932679
932681
932695
932698
932708
932711
932730
932776
932782
932788
932812
932822
932828
932853
932873
932896
932899
932925
932963
932965
932990
932992
932993
932999
933004
933022
933043
933063
933073
933083
933166
933195
933221
933226
933229
933230
933241
933296
933335
933372
933381
933397
933402
933445
933458
933459
933505
933545
933551
933582
933586
933618
933626
933637
933655
933675
933679
933709
933712
933740
933765
933774
933807
933811
933815
933830
933842
933850
933851
933861
933865
933868
933883
933885
933902
933905
933911
933923
933925
933942
933980
933987
933993
934011
934092
934116
934124
934148
934230
934236
934243
934251
934300
934306
934332
934333
934334
934356
934369
934378
934402
934463
934522
934544
934561
934597
934601
934635
934652
934670
934674
934685
934696
934736
934753
934760
934772
934784
934797
934807
934808
934816
934827
934834
934875
934878
934893
934910
934943
934944
934959
934974
934979
934984
935002
935047
935049
935063
935134
935144
935147
935181
935206
935223
935270
935307
935336
935344
935361
935386
935475
935483
935504
935519
935523
935525
935549
935563
935586
935595
935600
935605
935630
935673
935689
935707
935724
935735
935745
935776
935782
935787
935794
935808
935823
935844
935898
935913
935921
935925
935995
936034
936060
936087
936118
936123
936128
936139
936154
936165
936171
936185
936201
936227
936232
936281
936285
936291
936382
936383
936394
936404
936439
936475
936511
936571
936593
936604
936608
936620
936676
936710
936735
936746
936747
936756
936791
936808
936857
936860
936897
936915
936917
936922
936952
936953
937002
937006
937039
937047
937059
937076
937079
937088
937102
937135
937187
937208
937220
937237
937246
937313
937327
937329
937332
937353
937373
937377
937422
937447
937478
937490
937505
937511
937516
937519
937548
937554
937569
937579
937614
937624
937630
937656
937658
937677
937690
937692
937721
937722
937730
937743
937751
937759
937762
937768
937775
937795
937801
937806
937807
937827
937858
937867
937899
937918
937932
937943
937959
937963
937976
938051
938060
938072
938101
938111
938139
938170
938176
938177
938221
938233
938259
938298
938362
938364
938375
938387
938397
938399
938405
938445
938494
938530
938566
938619
938665
938703
938715
938722
938765
938776
938823
938825
938831
938862
938881
938891
938926
938980
938986
939010
939017
939021
939033
939035
939062
939103
939136
939138
939164
939179
939202
939206
939221
939236
939250
939267
939305
939315
939348
939359
939369
939399
939418
939429
939444
939471
939478
939481
939486
939581
939584
939589
939611
939631
939650
939658
939671
939684
939699
939704
939720
939762
939769
939786
939791
939831
939880
939884
939895
939920
939986
940013
940104
940114
940148
940210
940219
940220
940228
940233
940239
940245
940246
940251
940254
940275
940277
940281
940284
940299
940313
940334
940354
940368
940382
940385
940386
940465
940466
940476
940499
940549
940554
940557
940560
940561
940563
940568
940570
940583
940684
940690
940692
940726
940729
940739
940743
940751
940778
940779
940785
940798
940800
940822
940826
940834
940847
940890
940894
940897
940911
940918
940925
940935
941016
941044
941106
941115
941142
941194
941195
941196
941207
941221
941243
941248
941252
941264
941273
941289
941315
941337
941353
941413
941506
941524
941558
941560
941564
941580
941593
941614
941615
941654
941681
941684
941699
941707
941763
941765
941768
941791
941811
941818
941840
941893
941898
941918
941925
941931
941943
941970
941975
941981
941991
942007
942021
942050
942061
942087
942095
942096
942123
942142
942157
942165
942166
942169
942183
942184
942195
942219
942223
942252
942269
942284
942333
942335
942337
942371
942406
942418
942452
942462
942464
942467
942492
942514
942580
942589
942643
942645
942658
942676
942700
942717
942737
942753
942814
942825
942885
942903
942929
942970
942971
942992
943007
943046
943092
943097
943103
943145
943176
943187
943189
943218
943221
943243
943248
943276
943281
943313
943323
943329
943344
943348
943350
943351
943352
943365
943390
943396
943407
943420
943432
943462
943466
943480
943504
943539
943612
943614
943633
943647
943683
943698
943699
943704
943705
943725
943728
943731
943745
943788
943792
943796
943821
943838
943846
943847
943849
943851
943865
943873
943904
943951
943961
943965
943976
943996
944049
944068
944079
944087
944127
944133
944136
944169
944186
944195
944223
944231
944246
944253
944318
944330
944355
944384
944387
944438
944450
944452
944456
944461
944463
944493
944494
944517
944532
944535
944568
944600
944604
944639
944641
944649
944677
944692
944702
944719
944721
944733
944747
944795
944798
944805
944834
944863
944880
944881
944896
944904
944918
944930
944992
945000
945013
945021
945101
945110
945162
945173
945177
945229
945238
945269
945275
945331
945366
945382
945423
945431
945454
945474
945510
945592
945598
945600
945608
945610
945651
945655
945662
945680
945684
945686
945752
945759
945813
945817
945821
945838
945866
945877
945897
945901
945914
945935
945951
945990
945994
946016
946027
946037
946049
946056
946096
946119
946131
946136
946137
946143
946147
946169
946175
946209
946239
946243
946270
946280
946284
946285
946307
946316
946334
946349
946370
946385
946434
946445
946459
946466
946469
946470
946486
946490
946523
946554
946570
946578
946587
946623
946655
946673
946679
946680
946687
946698
946702
946710
946712
946745
946771
946798
946822
946830
946842
946851
946864
946866
946888
946923
946928
946955
946956
946957
946959
946965
946977
947009
947021
947026
947030
947044
947059
947061
947064
947092
947103
947112
947123
947129
947135
947138
947168
947169
947175
947178
947190
947193
947194
947206
947222
947230
947258
947286
947295
947314
947316
947322
947339
947373
947381
947409
947419
947438
947467
947482
947484
947495
947499
947504
947527
947538
947548
947554
947578
947591
947600
947622
947639
947646
947689
947717
947723
947759
947776
947806
947808
947827
947828
947835
947854
947878
947889
947908
947931
947938
947941
947958
947959
947976
947980
947983
948022
948064
948073
948104
948181
948189
948215
948223
948225
948226
948242
948249
948253
948276
948290
948301
948327
948340
948417
948438
948468
948493
948494
948514
948538
948559
948568
948600
948631
948635
948648
948665
948668
948690
948709
948715
948734
948759
948783
948788
948790
948801
948821
948833
948848
948877
948899
948940
948960
948968
948984
949018
949039
949061
949069
949091
949122
949126
949160
949168
949213
949242
949259
949266
949267
949270
949292
949306
949310
949361
949407
949450
949458
949471
949480
949491
949501
949517
949545
949568
949590
949598
949615
949627
949631
949640
949659
949667
949680
949687
949722
949727
949776
949792
949798
949806
949812
949813
949837
949869
949890
949910
949913
949979
950010
950021
950023
950027
950031
950078
950086
950096
950116
950137
950153
950167
950171
950207
950225
950236
950239
950256
950264
950350
950360
950364
950367
950394
950410
950413
950416
950420
950434
950439
950448
950483
950525
950528
950546
950561
950566
950620
950623
950670
950697
950725
950752
950771
950786
950798
950809
950814
950838
950847
950851
950876
950880
950902
950916
950933
951002
951013
951030
951032
951034
951056
951069
951099
951124
951131
951136
951143
951159
951183
951185
951189
951236
951251
951281
951285
951290
951336
951338
951365
951372
951380
951399
951408
951444
951489
951531
951543
951624
951635
951670
951675
951709
951712
951749
951757
951799
951841
951866
951892
951894
951899
951924
951931
951935
951939
951959
951993
952030
952052
952055
952057
952060
952069
952096
952124
952162
952180
952181
952202
952225
952234
952237
952246
952270
952273
952274
952284
952298
952335
952339
952344
952395
952406
952415
952422
952425
952429
952447
952459
952465
952481
952529
952550
952565
952584
952609
952614
952632
952653
952657
952685
952719
952721
952726
952753
952757
952884
952890
952896
952897
952912
952932
952939
952981
952995
953009
953019
953075
953125
953129
953177
953179
953181
953195
953201
953222
953226
953235
953236
953240
953252
953269
953271
953284
953316
953385
953393
953464
953469
953472
953473
953488
953506
953529
953537
953559
953563
953581
953607
953632
953683
953697
953727
953740
953744
953751
953758
953761
953765
953808
953819
953823
953834
953836
953841
953852
953865
953881
953892
953904
953907
953927
953943
953955
953959
954001
954010
954011
954022
954067
954096
954111
954117
954125
954143
954210
954214
954216
954225
954232
954247
954254
954311
954320
954345
954360
954370
954400
954405
954440
954458
954459
954481
954516
954533
954539
954548
954552
954608
954616
954637
954646
954650
954705
954717
954727
954740
954754
954757
954776
954835
954854
954859
954865
954867
954880
954887
954932
954943
954952
954953
954962
954973
954985
955012
955016
955035
955055
955071
955085
955103
955107
955123
955161
955184
955195
955223
955239
955248
955249
955255
955264
955270
955279
955298
955320
955326
955354
955393
955405
955406
955457
955462
955483
955490
955511
955522
955598
955608
955680
955686
955696
955698
955823
955866
955867
955899
955923
955924
955948
955961
955968
956014
956034
956059
956066
956086
956095
956104
956109
956137
956166
956173
956179
956215
956218
956231
956239
956267
956297
956334
956342
956347
956370
956420
956425
956448
956494
956495
956504
956532
956533
956622
956719
956729
956756
956761
956770
956793
956811
956813
956815
956918
956955
956963
956981
956999
957005
957023
957028
957030
957044
957047
957064
957076
957105
957134
957137
957141
957151
957177
957234
957239
957288
957312
957338
957370
957386
957415
957416
957443
957467
957470
957494
957542
957568
957586
957591
957593
957600
957601
957630
957670
957683
957715
957726
957730
957735
957753
957808
957823
957826
957848
957855
957863
957867
957873
957911
957921
957941
957948
957961
957978
957981
958074
958080
958087
958112
958127
958146
958178
958203
958224
958235
958278
958280
958291
958293
958295
958306
958316
958319
958325
958387
958388
958408
958435
958466
958474
958497
958502
958522
958556
958565
958572
958573
958576
958579
958585
958587
958591
958625
958629
958630
958703
958728
958754
958789
958790
958798
958806
958809
958826
958857
958861
958896
958982
958987
958993
959031
959037
959040
959055
959072
959109
959114
959151
959174
959226
959250
959260
959269
959288
959305
959326
959353
959376
959408
959414
959458
959468
959504
959529
959611
959630
959679
959680
959689
959699
959722
959747
959749
959798
959810
959815
959857
959878
959887
959904
959905
959914
959963
959982
959997
960057
960064
960065
960070
960102
960120
960128
960133
960152
960201
960228
960245
960249
960253
960256
960257
960258
960274
960278
960306
960313
960334
960340
960350
960381
960404
960409
960419
960420
960423
960449
960453
960460
960588
960601
960604
960605
960617
960621
960646
960654
960664
960693
960700
960720
960736
960739
960757
960768
960800
960802
960805
960842
960890
960892
960977
960981
961005
961034
961036
961040
961080
961082
961104
961106
961137
961140
961143
961161
961175
961188
961214
961231
961264
961273
961314
961315
961319
961342
961349
961371
961374
961375
961378
961397
961424
961491
961511
961536
961578
961591
961603
961625
961627
961631
961638
961642
961675
961681
961721
961723
961738
961798
961834
961836
961900
961901
961936
961953
961985
962010
962024
962027
962089
962115
962153
962201
962204
962213
962254
962266
962281
962293
962295
962306
962320
962342
962378
962395
962406
962417
962449
962455
962456
962483
962526
962589
962594
962617
962640
962644
962697
962699
962714
962716
962739
962767
962775
962787
962799
962806
962834
962844
962853
962861
962862
962891
962929
962930
962948
962970
962996
963050
963052
963073
963078
963080
963093
963094
963108
963130
963178
963187
963199
963208
963213
963233
963241
963243
963261
963275
963290
963291
963321
963322
963333
963350
963361
963362
963381
963385
963393
963468
963472
963489
963514
963532
963578
963581
963584
963603
963612
963628
963647
963658
963661
963679
963736
963747
963748
963771
963791
963792
963793
963803
963804
963850
963877
963882
963905
963942
963943
963962
963975
964000
964016
964024
964053
964059
964061
964066
964156
964172
964179
964183
964198
964203
964223
964231
964244
964282
964288
964308
964357
964410
964440
964445
964454
964530
964542
964546
964553
964606
964610
964612
964627
964629
964656
964712
964718
964729
964743
964744
964795
964815
964840
964842
964848
964854
964857
964879
964913
964947
964959
964964
964980
964989
965011
965096
965140
965143
965149
965157
965216
965220
965334
965351
965355
965359
965360
965456
965464
965470
965487
965490
965570
965583
965613
965617
965620
965627
965645
965650
965671
965672
965678
965723
965729
965742
965779
965797
965816
965824
965825
965835
965843
965849
965861
965903
965909
965917
965924
965941
965971
965989
965991
966004
966006
966007
966030
966053
966098
966107
966118
966129
966133
966136
966143
966145
966169
966174
966175
966180
966195
966219
966221
966225
966229
966242
966256
966257
966264
966267
966350
966380
966391
966467
966470
966503
966562
966565
966588
966594
966635
966647
966669
966676
966677
966686
966704
966761
966798
966802
966863
966868
966986
966992
967023
967031
967032
967070
967082
967094
967116
967137
967153
967164
967172
967184
967196
967202
967207
967220
967234
967267
967286
967299
967318
967339
967355
967366
967374
967409
967414
967459
967462
967473
967508
967510
967541
967590
967609
967614
967618
967619
967630
967634
967684
967686
967708
967724
967725
967740
967748
967752
967765
967781
967794
967828
967833
967845
967862
967872
967901
967924
967933
967940
967947
967976
967977
968068
968070
968073
968079
968090
968097
968098
968171
968195
968211
968225
968240
968273
968300
968318
968364
968374
968427
968435
968487
968490
968543
968593
968600
968603
968620
968621
968623
968628
968631
968642
968653
968704
968712
968723
968741
968783
968788
968798
968799
968826
968846
968855
968896
968897
968919
968929
968931
968961
968982
969016
969018
969024
969026
969080
969102
969104
969137
969162
969173
969206
969212
969241
969253
969302
969304
969318
969333
969337
969361
969374
969401
969461
969498
969509
969521
969551
969554
969565
969566
969569
969583
969584
969601
969605
969627
969641
969669
969687
969703
969750
969751
969778
969791
969792
969801
969834
969857
969858
969886
969921
969935
969966
970015
970024
970033
970035
970100
970126
970160
970172
970178
970180
970204
970236
970254
970264
970283
970306
970317
970345
970347
970366
970370
970391
970403
970416
970446
970480
970487
970492
970543
970550
970552
970571
970577
970633
970694
970735
970737
970759
970786
970810
970811
970867
970869
970915
970920
970941
970954
970955
970971
970972
970977
970984
970997
971004
971023
971031
971038
971052
971073
971075
971091
971095
971106
971111
971121
971130
971182
971197
971205
971222
971228
971289
971290
971302
971309
971334
971347
971393
971439
971443
971458
971461
971510
971537
971542
971557
971576
971587
971599
971603
971651
971664
971681
971700
971703
971741
971744
971782
971789
971834
971856
971890
971926
971928
971942
971951
971952
971962
971999
972004
972013
972017
972066
972076
972094
972095
972100
972107
972116
972134
972182
972184
972189
972212
972216
972222
972226
972229
972243
972255
972257
972329
972333
972337
972369
972376
972384
972408
972445
972463
972465
972483
972489
972527
972565
972604
972613
972616
972652
972672
972683
972693
972712
972771
972789
972794
972814
972822
972827
972838
972850
972859
972878
972891
972905
972915
972925
972973
972998
973029
973051
973054
973060
973091
973105
973110
973112
973114
973141
973142
973158
973168
973172
973194
973214
973222
973233
973236
973244
973255
973257
973264
973275
973311
973315
973464
973503
973518
973531
973536
973555
973566
973586
973638
973669
973679
973703
973718
973728
973747
973756
973789
973796
973801
973804
973841
973844
973845
973856
973905
973940
973953
973965
973973
973991
973998
974031
974043
974057
974073
974075
974077
974120
974122
974160
974174
974204
974207
974241
974283
974286
974291
974293
974338
974347
974374
974380
974403
974410
974414
974426
974470
974489
974497
974501
974510
974540
974545
974547
974559
974595
974615
974623
974646
974651
974663
974664
974679
974713
974714
974730
974731
974735
974753
974765
974772
974777
974806
974810
974843
974859
974864
974889
974940
974954
974972
974986
975028
975038
975039
975040
975042
975047
975065
975127
975140
975146
975155
975183
975199
975207
975241
975250
975256
975267
975282
975287
975323
975411
975446
975450
975452
975510
975519
975528
975532
975557
975563
975576
975586
975601
975606
975616
975619
975702
975734
975738
975770
975773
975778
975829
975868
975879
975914
975921
975945
976012
976014
976031
976060
976108
976126
976162
976181
976189
976212
976250
976264
976269
976271
976276
976324
976326
976330
976335
976338
976370
976415
976418
976430
976461
976502
976525
976541
976560
976599
976626
976630
976640
976661
976675
976686
976688
976695
976698
976737
976745
976771
976781
976784
976801
976810
976811
976837
976853
976888
976894
976906
976919
976930
976951
976970
976971
976986
977012
977018
977047
977052
977060
977081
977120
977129
977154
977158
977163
977177
977185
977205
977207
977231
977273
977281
977282
977331
977349
977352
977360
977375
977409
977418
977421
977424
977436
977468
977526
977574
977612
977639
977677
977723
977751
977784
977794
977796
977799
977824
977856
977906
977908
977927
978050
978086
978096
978106
978145
978159
978160
978175
978201
978208
978211
978214
978217
978220
978223
978268
978308
978357
978377
978396
978441
978450
978455
978456
978476
978526
978547
978603
978614
978734
978746
978768
978773
978786
978791
978803
978842
978870
978887
978895
978947
978970
979001
979014
979016
979035
979037
979055
979057
979064
979068
979070
979082
979109
979110
979119
979134
979147
979153
979159
979172
979195
979245
979273
979274
979275
979303
979314
979319
979332
979334
979360
979490
979509
979527
979538
979581
979585
979588
979590
979595
979606
979607
979651
979660
979672
979679
979691
979693
979694
979731
979747
979761
979767
979784
979832
979838
979840
979848
979866
979883
979885
979917
979973
979979
979987
980061
980109
980111
980173
980205
980206
980235
980249
980288
980304
980316
980361
980362
980368
980372
980396
980455
980462
980473
980486
980503
980508
980526
980549
980560
980577
980602
980614
980635
980643
980657
980671
980690
980704
980707
980708
980751
980775
980779
980782
980783
980796
980802
980815
980825
980893
980897
980926
980935
980979
980992
981059
981071
981098
981099
981116
981152
981189
981231
981282
981310
981327
981334
981339
981352
981356
981362
981374
981387
981435
981439
981467
981489
981490
981505
981521
981530
981532
981535
981539
981558
981599
981618
981672
981673
981675
981713
981726
981765
981788
981864
981870
981874
981876
981888
981900
982024
982029
982051
982062
982086
982118
982126
982133
982139
982142
982146
982163
982182
982197
982206
982228
982231
982272
982274
982291
982298
982313
982334
982359
982361
982381
982397
982431
982451
982466
982479
982484
982490
982492
982538
982552
982561
982571
982572
982582
982607
982610
982638
982673
982736
982753
982767
982768
982775
982789
982828
982844
982858
982860
982874
982896
982934
982948
982979
982980
983051
983057
983082
983128
983131
983148
983154
983168
983195
983203
983218
983219
983260
983264
983266
983273
983277
983291
983377
983386
983419
983433
983467
983471
983475
983520
983575
983576
983580
983581
983636
983652
983680
983701
983717
983751
983766
983770
983790
983799
983802
983806
983818
983826
983827
983832
983888
983892
983902
983918
983931
983940
983942
983966
983971
983972
983996
984006
984012
984021
984028
984030
984067
984075
984079
984097
984103
984113
984136
984189
984190
984204
984215
984218
984264
984282
984322
984328
984329
984338
984373
984376
984409
984423
984434
984435
984446
984454
984456
984500
984528
984532
984584
984626
984634
984640
984643
984661
984684
984710
984711
984723
984773
984777
984778
984794
984801
984802
984806
984810
984876
984877
984913
984942
984946
984966
984994
985006
985008
985019
985027
985030
985078
985096
985112
985116
985130
985150
985162
985224
985242
985250
985295
985313
985356
985377
985379
985389
985469
985482
985495
985532
985547
985556
985602
985665
985674
985678
985681
985694
985705
985709
985750
985770
985778
985799
985825
985878
985909
985915
985937
985953
985958
985973
985976
986008
986013
986066
986072
986086
986118
986164
986168
986195
986214
986221
986238
986241
986259
986280
986346
986351
986381
986394
986409
986438
986458
986461
986468
986504
986512
986515
986539
986580
986593
986603
986644
986653
986664
986667
986713
986719
986759
986786
986812
986850
986854
986855
986861
986870
986932
986953
986960
986998
987005
987012
987034
987045
987058
987080
987088
987097
987110
987115
987126
987143
987159
987162
987174
987181
987200
987203
987221
987227
987228
987237
987256
987290
987303
987335
987336
987378
987462
987463
987471
987503
987514
987519
987548
987607
987610
987615
987623
987661
987703
987707
987770
987775
987781
987786
987834
987861
987864
987865
987866
987880
987882
987888
987910
987920
987967
987973
987987
987995
988028
988040
988050
988159
988160
988219
988237
988256
988272
988274
988280
988290
988301
988310
988320
988392
988393
988406
988411
988417
988423
988435
988451
988476
988477
988525
988529
988544
988575
988580
988595
988623
988625
988635
988695
988733
988747
988753
988759
988767
988783
988796
988803
988808
988815
988929
988940
988960
989030
989034
989053
989054
989075
989159
989190
989200
989213
989223
989238
989267
989272
989275
989276
989281
989297
989300
989345
989358
989393
989427
989463
989465
989475
989495
989547
989575
989617
989619
989632
989641
989666
989672
989686
989689
989712
989717
989727
989742
989779
989781
989791
989817
989820
989825
989829
989830
989831
989833
989836
989844
989901
989903
989919
989932
989955
989981
990021
990037
990039
990095
990105
990123
990137
990148
990157
990164
990176
990178
990179
990183
990222
990282
990318
990335
990336
990355
990364
990400
990407
990415
990425
990463
990471
990495
990532
990533
990538
990559
990584
990586
990611
990628
990673
990680
990683
990703
990704
990710
990748
990753
990768
990773
990776
990786
990806
990813
990816
990833
990862
990884
990903
990906
990908
990916
990931
990946
990947
990958
990961
990981
991001
991006
991025
991038
991039
991086
991088
991093
991109
991143
991169
991171
991190
991193
991199
991228
991337
991339
991357
991361
991388
991390
991405
991443
991445
991493
991499
991509
991520
991522
991540
991545
991556
991593
991619
991640
991643
991652
991669
991673
991675
991708
991720
991727
991753
991792
991795
991805
991807
991820
991847
991855
991876
991918
991935
991952
991954
991967
991974
992052
992063
992072
992112
992132
992183
992197
992217
992227
992232
992239
992275
992287
992313
992343
992344
992352
992353
992359
992362
992382
992402
992427
992429
992437
992444
992467
992489
992506
992535
992540
992621
992626
992639
992646
992684
992698
992714
992777
992795
992801
992823
992838
992845
992851
992860
992898
992899
992922
992926
992944
992947
992950
992968
992974
992998
993008
993024
993028
993040
993052
993081
993092
993116
993144
993150
993167
993183
993217
993218
993229
993249
993273
993284
993293
993295
993296
993302
993320
993324
993328
993342
993354
993380
993412
993417
993442
993462
993470
993476
993485
993490
993496
993500
993532
993539
993553
993590
993614
993644
993672
993680
993687
993694
993702
993718
993733
993743
993761
993794
993811
993831
993868
993876
993952
993963
993971
993980
994011
994016
994018
994029
994066
994156
994161
994172
994185
994227
994234
994236
994242
994246
994274
994288
994290
994303
994317
994352
994378
994396
994403
994427
994477
994480
994518
994529
994540
994561
994593
994598
994603
994654
994662
994665
994669
994695
994709
994725
994746
994747
994796
994806
994823
994847
994915
994949
994966
994991
995029
995050
995064
995079
995084
995104
995120
995124
995144
995169
995174
995180
995182
995201
995204
995216
995255
995257
995273
995281
995321
995334
995338
995348
995368
995391
995422
995432
995443
995459
995502
995562
995563
995567
995584
995587
995590
995599
995600
995624
995733
995761
995770
995773
995780
995808
995841
995846
995879
995936
995941
995972
995981
996037
996078
996107
996121
996141
996147
996180
996189
996199
996223
996234
996236
996284
996300
996329
996343
996366
996378
996379
996393
996449
996453
996466
996491
996522
996534
996539
996543
996556
996557
996560
996579
996584
996604
996614
996645
996649
996650
996666
996700
996721
996739
996751
996755
996762
996768
996776
996785
996821
996823
996828
996874
996886
996898
996905
996913
996915
996936
996956
996995
997013
997032
997049
997062
997100
997196
997204
997224
997227
997228
997254
997283
997300
997312
997316
997363
997385
997405
997430
997440
997450
997466
997487
997514
997529
997535
997576
997579
997597
997617
997625
997637
997647
997660
997668
997682
997699
997706
997756
997773
997820
997885
997918
997925
997969
998016
998036
998040
998059
998078
998089
998098
998109
998137
998141
998150
998154
998194
998197
998205
998206
998241
998262
998269
998285
998288
998354
998358
998364
998366
998386
998465
998526
998528
998533
998564
998568
998571
998582
998632
998658
998688
998689
998699
998774
998810
998817
998834
998847
998854
998863
998900
998911
998916
998927
998945
998972
998996
999028
999035
999037
999042
999090
999093
999098
999117
999119
999137
999143
999146
999157
999170
999172
999181
999211
999232
999237
999244
999279
999289
999296
999331
999332
999334
999352
999356
999387
999389
999421
999465
999486
999509
999510
999543
999576
999624
999639
999644
999678
999695
999771
999774
999780
999843
999849
999913
999930
999948
999958
999975
999987
1000016
1000037
1000044
1000052
1000075
1000081
1000095
1000107
1000139
1000230
1000232
1000239
1000262
1000282
1000324
1000349
1000370
1000386
1000425
1000427
1000447
1000470
1000503
1000523
1000555
1000558
1000565
1000619
1000623
1000638
1000657
1000667
1000678
1000704
1000775
1000776
1000789
1000804
1000826
1000860
1000893
1000912
1000935
1000940
1000946
1001003
1001079
1001096
1001110
1001159
1001206
1001221
1001222
1001242
1001250
1001272
1001281
1001300
1001301
1001338
1001365
1001376
1001392
1001400
1001415
1001423
1001426
1001436
1001506
1001523
1001525
1001527
1001530
1001542
1001554
1001561
1001596
1001606
1001614
1001618
1001652
1001665
1001692
1001704
1001772
1001795
1001805
1001817
1001819
1001866
1001874
1001899
1001901
1001945
1001960
1001963
1001969
1001987
1001998
1002022
1002044
1002047
1002080
1002110
1002114
1002129
1002161
1002163
1002176
1002229
1002237
1002239
1002253
1002317
1002324
1002341
1002369
1002380
1002391
1002399
1002429
1002434
1002466
1002471
1002494
1002499
1002514
1002523
1002535
1002562
1002631
1002636
1002645
1002654
1002680
1002683
1002718
1002741
1002763
1002774
1002779
1002798
1002820
1002839
1002851
1002870
1002905
1002918
1002920
1002923
1002924
1002929
1002937
1002938
1002966
1002982
1002985
1003095
1003112
1003142
1003155
1003177
1003183
1003209
1003224
1003253
1003262
1003270
1003271
1003276
1003286
1003294
1003312
1003318
1003320
1003332
1003334
1003356
1003377
1003438
1003446
1003491
1003497
1003498
1003549
1003577
1003581
1003629
1003642
1003652
1003654
1003661
1003694
1003710
1003728
1003730
1003745
1003755
1003781
1003787
1003815
1003840
1003859
1003866
1003876
1003889
1003901
1003956
1003977
1003981
1003998
1004025
1004027
1004034
1004066
1004087
1004127
1004128
1004131
1004134
1004140
1004142
1004173
1004187
1004236
1004263
1004283
1004286
1004287
1004296
1004299
1004320
1004349
1004369
1004376
1004384
1004389
1004397
1004405
1004431
1004435
1004439
1004484
1004506
1004548
1004559
1004604
1004607
1004629
1004654
1004660
1004666
1004688
1004689
1004699
1004720
1004730
1004751
1004756
1004780
1004786
1004833
1004841
1004842
1004844
1004909
1004915
1004952
1004956
1004966
1004992
1005047
1005101
1005114
1005125
1005132
1005140
1005149
1005196
1005226
1005241
1005248
1005301
1005305
1005310
1005318
1005353
1005373
1005400
1005403
1005408
1005433
1005476
1005509
1005527
1005532
1005542
1005585
1005640
1005672
1005680
1005731
1005733
1005760
1005785
1005804
1005806
1005817
1005832
1005842
1005851
1005869
1005881
1005883
1005917
1005948
1005983
1005984
1005987
1005992
1006005
1006021
1006024
1006029
1006035
1006038
1006048
1006108
1006133
1006161
1006194
1006206
1006252
1006264
1006279
1006301
1006312
1006317
1006320
1006331
1006378
1006386
1006411
1006413
1006448
1006456
1006462
1006465
1006467
1006472
1006487
1006490
1006500
1006538
1006540
1006568
1006589
1006596
1006604
1006617
1006618
1006649
1006662
1006670
1006691
1006706
1006716
1006766
1006770
1006776
1006781
1006794
1006802
1006809
1006820
1006845
1006882
1006898
1006919
1006994
1007004
1007025
1007028
1007043
1007044
1007051
1007073
1007082
1007083
1007087
1007095
1007161
1007176
1007223
1007230
1007254
1007258
1007263
1007275
1007278
1007293
1007297
1007326
1007327
1007333
1007364
1007370
1007375
1007397
1007412
1007423
1007442
1007462
1007473
1007480
1007482
1007491
1007502
1007504
1007526
1007559
1007580
1007643
1007644
1007658
1007680
1007686
1007694
1007710
1007718
1007720
1007728
1007749
1007773
1007781
1007803
1007821
1007825
1007867
1007889
1007897
1007923
1007930
1007939
1007962
1007980
1008005
1008056
1008058
1008067
1008136
1008141
1008159
1008200
1008209
1008218
1008254
1008256
1008298
1008335
1008360
1008388
1008394
1008440
1008456
1008487
1008490
1008503
1008527
1008530
1008560
1008568
1008629
1008664
1008692
1008710
1008725
1008741
1008756
1008769
1008773
1008827
1008848
1008898
1008964
1008968
1008969
1009000
1009008
1009012
1009026
1009054
1009063
1009076
1009090
1009092
1009116
1009118
1009139
1009172
1009197
1009226
1009254
1009276
1009300
1009307
1009320
1009336
1009388
1009395
1009410
1009434
1009457
1009468
1009475
1009478
1009483
1009517
1009532
1009538
1009555
1009560
1009568
1009579
1009599
1009607
1009619
1009622
1009625
1009633
1009684
1009690
1009736
1009744
1009761
1009766
1009769
1009786
1009797
1009837
1009855
1009865
1009892
1009894
1009930
1009954
1009956
1009966
1009981
1009989
1009991
1010018
1010023
1010030
1010037
1010043
1010057
1010104
1010105
1010137
1010181
1010185
1010208
1010211
1010219
1010220
1010221
1010228
1010236
1010278
1010308
1010309
1010317
1010318
1010338
1010363
1010365
1010387
1010422
1010444
1010452
1010458
1010465
1010475
1010493
1010514
1010524
1010528
1010535
1010553
1010558
1010582
1010603
1010604
1010625
1010637
1010651
1010654
1010661
1010673
1010712
1010752
1010774
1010778
1010781
1010786
1010799
1010824
1010825
1010860
1010864
1010879
1010909
1010928
1010933
1010965
1010967
1011014
1011033
1011052
1011055
1011060
1011077
1011082
1011100
1011106
1011110
1011138
1011148
1011170
1011180
1011241
1011274
1011300
1011301
1011307
1011317
1011318
1011365
1011366
1011376
1011400
1011418
1011458
1011463
1011464
1011478
1011515
1011520
1011523
1011539
1011567
1011645
1011655
1011658
1011660
1011670
1011684
1011687
1011700
1011725
1011731
1011740
1011772
1011773
1011797
1011829
1011842
1011857
1011864
1011866
1011879
1011881
1011893
1011903
1011933
1011934
1011951
1011959
1011973
1011981
1011985
1011988
1011990
1011994
1012052
1012082
1012093
1012101
1012104
1012122
1012128
1012154
1012164
1012181
1012191
1012194
1012208
1012231
1012264
1012268
1012273
1012276
1012284
1012296
1012336
1012352
1012386
1012401
1012436
1012444
1012452
1012454
1012461
1012480
1012598
1012609
1012619
1012627
1012642
1012656
1012679
1012714
1012722
1012738
1012743
1012746
1012783
1012785
1012792
1012820
1012835
1012840
1012855
1012862
1012871
1012897
1012942
1012959
1012961
1012970
1012977
1012983
1012988
1012995
1013019
1013030
1013035
1013038
1013083
1013098
1013111
1013115
1013116
1013117
1013177
1013212
1013232
1013234
1013264
1013267
1013277
1013291
1013318
1013332
1013337
1013342
1013346
1013354
1013355
1013367
1013415
1013426
1013457
1013480
1013482
1013568
1013593
1013603
1013614
1013628
1013643
1013708
1013754
1013756
1013778
1013812
1013823
1013829
1013850
1013859
1013970
1014010
1014011
1014047
1014048
1014084
1014098
1014108
1014139
1014165
1014177
1014213
1014239
1014247
1014259
1014314
1014329
1014347
1014367
1014378
1014386
1014428
1014450
1014457
1014494
1014503
1014518
1014531
1014541
1014553
1014557
1014561
1014568
1014575
1014580
1014611
1014636
1014703
1014718
1014719
1014720
1014742
1014755
1014769
1014795
1014864
1014886
1014898
1014899
1014948
1015002
1015014
1015080
1015081
1015093
1015098
1015110
1015131
1015138
1015143
1015145
1015171
1015173
1015174
1015214
1015241
1015252
1015268
1015269
1015288
1015291
1015295
1015306
1015342
1015351
1015363
1015383
1015390
1015406
1015423
1015455
1015504
1015540
1015542
1015550
1015565
1015575
1015579
1015599
1015614
1015654
1015693
1015737
1015742
1015766
1015774
1015783
1015816
1015874
1015948
1015949
1016022
1016027
1016032
1016050
1016052
1016062
1016071
1016085
1016091
1016094
1016115
1016127
1016148
1016203
1016224
1016249
1016261
1016280
1016297
1016299
1016325
1016333
1016348
1016369
1016372
1016381
1016383
1016408
1016452
1016467
1016477
1016479
1016487
1016554
1016564
1016565
1016611
1016617
1016680
1016682
1016683
1016695
1016733
1016738
1016769
1016789
1016793
1016830
1016846
1016859
1016929
1016941
1016952
1016965
1016976
1016977
1017006
1017025
1017064
1017138
1017157
1017205
1017233
1017234
1017236
1017251
1017299
1017312
1017314
1017321
1017333
1017413
1017446
1017472
1017489
1017502
1017540
1017562
1017571
1017587
1017589
1017592
1017596
1017616
1017640
1017641
1017650
1017657
1017694
1017709
1017713
1017731
1017741
1017752
1017812
1017848
1017863
1017866
1017872
1017873
1017881
1017891
1017900
1017904
1017912
1017937
1017939
1017941
1017943
1017952
1017961
1017968
1017974
1017994
1017999
1018028
1018030
1018034
1018049
1018054
1018102
1018126
1018136
1018158
1018165
1018179
1018199
1018208
1018209
1018212
1018224
1018231
1018234
1018268
1018288
1018290
1018313
1018327
1018341
1018346
1018349
1018358
1018427
1018451
1018510
1018535
1018544
1018548
1018554
1018584
1018587
1018630
1018638
1018682
1018741
1018746
1018754
1018762
1018767
1018820
1018842
1018880
1018896
1018905
1018951
1018957
1018978
1019011
1019034
1019042
1019057
1019080
1019088
1019099
1019112
1019121
1019162
1019223
1019342
1019363
1019384
1019395
1019431
1019456
1019464
1019475
1019508
1019509
1019517
1019527
1019541
1019548
1019575
1019583
1019628
1019647
1019663
1019749
1019784
1019789
1019797
1019804
1019815
1019816
1019897
1019912
1019925
1019937
1019938
1019984
1020027
1020068
1020072
1020084
1020106
1020148
1020152
1020157
1020223
1020231
1020233
1020240
1020254
1020264
1020283
1020356
1020362
1020368
1020423
1020442
1020466
1020470
1020476
1020498
1020503
1020531
1020561
1020562
1020564
1020570
1020623
1020625
1020647
1020652
1020657
1020681
1020683
1020704
1020712
1020721
1020728
1020733
1020784
1020785
1020808
1020813
1020869
1020879
1020888
1020902
1020914
1020970
1020990
1020991
1021015
1021025
1021028
1021058
1021066
1021068
1021121
1021131
1021134
1021225
1021257
1021267
1021269
1021282
1021301
1021317
1021323
1021326
1021338
1021358
1021363
1021396
1021397
1021414
1021418
1021466
1021486
1021510
1021561
1021563
1021613
1021617
1021625
1021627
1021659
1021667
1021705
1021710
1021723
1021741
1021772
1021842
1021888
1021899
1021915
1021925
1021959
1021960
1022027
1022049
1022058
1022082
1022103
1022133
1022146
1022148
1022168
1022195
1022196
1022205
1022216
1022239
1022267
1022300
1022302
1022309
1022310
1022364
1022381
1022393
1022397
1022413
1022417
1022438
1022493
1022496
1022503
1022515
1022536
1022545
1022555
1022559
1022601
1022617
1022633
1022662
1022664
1022703
1022704
1022730
1022732
1022741
1022758
1022771
1022818
1022822
1022835
1022862
1022892
1022893
1022922
1022924
1022949
1022963
1022965
1023005
1023036
1023043
1023070
1023081
1023084
1023090
1023098
1023122
1023137
1023140
1023173
1023178
1023231
1023236
1023237
1023266
1023274
1023277
1023300
1023304
1023311
1023324
1023332
1023338
1023341
1023359
1023363
1023377
1023382
1023392
1023470
1023475
1023515
1023528
1023541
1023573
1023595
1023630
1023647
1023664
1023690
1023698
1023750
1023759
1023791
1023847
1023851
1023863
1023870
1023942
1023948
1023953
1023965
1023969
1023991
1024006
1024040
1024086
1024101
1024119
1024127
1024164
1024175
1024184
1024196
1024213
1024225
1024230
1024285
1024308
1024322
1024346
1024352
1024379
1024422
1024429
1024442
1024455
1024474
1024480
1024496
1024515
1024526
1024558
1024581
1024594
1024625
1024729
1024735
1024747
1024748
1024774
1024777
1024786
1024800
1024833
1024836
1024842
1024852
1024868
1024872
1024874
1024906
1024919
1024969
1024974
1025004
1025009
1025017
1025019
1025038
1025054
1025060
1025094
1025109
1025112
1025119
1025124
1025134
1025139
1025149
1025183
1025218
1025220
1025232
1025329
1025330
1025332
1025335
1025363
1025374
1025478
1025489
1025557
1025569
1025582
1025606
1025619
1025620
1025651
1025660
1025672
1025717
1025738
1025748
1025763
1025786
1025803
1025805
1025829
1025830
1025842
1025848
1025861
1025886
1025894
1025933
1025937
1025942
1025963
1025965
1025969
1025976
1025979
1025992
1026020
1026052
1026053
1026069
1026074
1026129
1026170
1026171
1026177
1026179
1026195
1026216
1026238
1026241
1026268
1026302
1026321
1026323
1026325
1026332
1026366
1026401
1026427
1026470
1026505
1026524
1026552
1026558
1026563
1026567
1026580
1026600
1026671
1026692
1026707
1026710
1026713
1026717
1026729
1026730
1026777
1026782
1026820
1026869
1026879
1026892
1026896
1026909
1026924
1026951
1026958
1026964
1026965
1026970
1026990
1026996
1027009
1027013
1027041
1027045
1027052
1027083
1027094
1027108
1027121
1027126
1027186
1027254
1027284
1027288
1027301
1027307
1027312
1027317
1027340
1027368
1027374
1027381
1027412
1027419
1027434
1027458
1027476
1027482
1027483
1027489
1027513
1027522
1027534
1027547
1027556
1027585
1027594
1027598
1027610
1027614
1027630
1027670
1027684
1027699
1027738
1027753
1027755
1027756
1027785
1027790
1027801
1027816
1027844
1027850
1027865
1027875
1027879
1027918
1027977
1028013
1028018
1028049
1028055
1028059
1028061
1028062
1028074
1028080
1028106
1028111
1028125
1028131
1028138
1028142
1028152
1028179
1028253
1028265
1028268
1028301
1028309
1028347
1028354
1028401
1028403
1028412
1028422
1028453
1028492
1028529
1028545
1028554
1028572
1028580
1028582
1028591
1028613
1028618
1028621
1028622
1028627
1028633
1028649
1028702
1028704
1028722
1028738
1028756
1028796
1028809
1028818
1028820
1028833
1028834
1028835
1028841
1028865
1028867
1028900
1028933
1028939
1028948
1028971
1028989
1028990
1029005
1029042
1029046
1029067
1029081
1029115
1029118
1029123
1029131
1029134
1029152
1029181
1029188
1029203
1029204
1029210
1029219
1029275
1029282
1029301
1029302
1029363
1029369
1029393
1029409
1029457
1029470
1029474
1029505
1029534
1029541
1029542
1029574
1029579
1029608
1029622
1029705
1029712
1029742
1029793
1029813
1029817
1029850
1029894
1029906
1029915
1029935
1029940
1029956
1029963
1030016
1030031
1030047
1030062
1030072
1030111
1030114
1030117
1030122
1030162
1030232
1030252
1030269
1030272
1030276
1030297
1030326
1030348
1030381
1030390
1030414
1030418
1030437
1030463
1030483
1030500
1030514
1030516
1030528
1030530
1030533
1030536
1030564
1030572
1030589
1030590
1030654
1030663
1030677
1030683
1030713
1030727
1030739
1030762
1030768
1030770
1030781
1030787
1030815
1030830
1030889
1030897
1030902
1030908
1030910
1030919
1030930
1030938
1030963
1030967
1030970
1030995
1031021
1031040
1031081
1031096
1031103
1031111
1031114
1031138
1031139
1031157
1031164
1031168
1031176
1031221
1031228
1031260
1031263
1031283
1031289
1031298
1031307
1031313
1031327
1031335
1031340
1031368
1031381
1031401
1031430
1031458
1031459
1031460
1031500
1031527
1031540
1031543
1031559
1031560
1031572
1031582
1031637
1031642
1031652
1031698
1031704
1031740
1031762
1031793
1031794
1031796
1031808
1031810
1031873
1031921
1031924
1031925
1031944
1031993
1031998
1032008
1032016
1032039
1032086
1032088
1032112
1032122
1032159
1032208
1032288
1032292
1032376
1032410
1032437
1032449
1032450
1032466
1032489
1032503
1032536
1032537
1032546
1032550
1032551
1032580
1032584
1032737
1032784
1032797
1032800
1032806
1032851
1032861
1032876
1032884
1032889
1032897
1032907
1032918
1032932
1032934
1032966
1032986
1033053
1033065
1033101
1033108
1033133
1033135
1033139
1033141
1033183
1033194
1033217
1033288
1033328
1033338
1033343
1033363
1033383
1033384
1033393
1033409
1033410
1033433
1033447
1033481
1033489
1033550
1033558
1033560
1033586
1033601
1033606
1033634
1033653
1033665
1033675
1033683
1033710
1033734
1033741
1033774
1033776
1033804
1033819
1033865
1033890
1033915
1033921
1033989
1033995
1033999
1034020
1034023
1034065
1034090
1034110
1034130
1034133
1034155
1034192
1034208
1034233
1034270
1034285
1034290
1034291
1034318
1034320
1034351
1034353
1034358
1034375
1034394
1034410
1034418
1034483
1034487
1034553
1034587
1034609
1034611
1034624
1034626
1034656
1034682
1034692
1034704
1034719
1034732
1034760
1034763
1034778
1034783
1034785
1034801
1034811
1034813
1034816
1034819
1034823
1034847
1034861
1034887
1034895
1034900
1034909
1034912
1034957
1034959
1034985
1035035
1035041
1035071
1035134
1035158
1035177
1035185
1035193
1035194
1035229
1035233
1035260
1035296
1035323
1035331
1035378
1035385
1035402
1035405
1035410
1035454
1035458
1035509
1035526
1035565
1035573
1035578
1035593
1035617
1035668
1035669
1035676
1035679
1035732
1035734
1035739
1035763
1035805
1035818
1035845
1035854
1035855
1035872
1035875
1035885
1035886
1035900
1035901
1035907
1035912
1035916
1035921
1035992
1036019
1036031
1036040
1036074
1036086
1036125
1036200
1036223
1036228
1036300
1036328
1036345
1036375
1036390
1036392
1036408
1036411
1036434
1036467
1036480
1036485
1036486
1036551
1036564
1036581
1036598
1036620
1036639
1036696
1036713
1036725
1036751
1036753
1036767
1036813
1036814
1036832
1036835
1036845
1036846
1036888
1036897
1036942
1036961
1036970
1036989
1037000
1037004
1037021
1037023
1037036
1037038
1037077
1037083
1037092
1037126
1037148
1037259
1037260
1037284
1037291
1037306
1037321
1037355
1037357
1037361
1037376
1037408
1037411
1037423
1037433
1037448
1037470
1037513
1037544
1037594
1037596
1037617
1037643
1037677
1037680
1037697
1037706
1037769
1037787
1037800
1037801
1037805
1037806
1037810
1037819
1037848
1037913
1037919
1037961
1037976
1037986
1037995
1038007
1038023
1038040
1038043
1038045
1038052
1038056
1038081
1038107
1038133
1038137
1038177
1038183
1038204
1038229
1038265
1038274
1038293
1038313
1038336
1038338
1038362
1038369
1038373
1038387
1038424
1038425
1038427
1038432
1038479
1038481
1038497
1038583
1038595
1038617
1038622
1038631
1038683
1038691
1038706
1038717
1038718
1038722
1038724
1038746
1038749
1038755
1038787
1038804
1038815
1038827
1038839
1038863
1038901
1038925
1038926
1038942
1038947
1039010
1039015
1039022
1039035
1039086
1039122
1039146
1039178
1039202
1039212
1039236
1039244
1039255
1039279
1039310
1039327
1039339
1039352
1039370
1039383
1039389
1039391
1039411
1039495
1039533
1039547
1039548
1039598
1039604
1039608
1039613
1039615
1039619
1039627
1039635
1039636
1039639
1039751
1039771
1039788
1039794
1039817
1039819
1039881
1039884
1039896
1039935
1039948
1039955
1039963
1040029
1040031
1040041
1040046
1040057
1040096
1040107
1040123
1040132
1040138
1040145
1040154
1040171
1040189
1040231
1040286
1040295
1040325
1040339
1040357
1040398
1040425
1040426
1040457
1040458
1040468
1040487
1040520
1040554
1040628
1040705
1040706
1040725
1040760
1040775
1040787
1040795
1040834
1040840
1040844
1040856
1040857
1040877
1040911
1040920
1040925
1040946
1040963
1040970
1040998
1040999
1041007
1041025
1041062
1041098
1041113
1041130
1041141
1041149
1041157
1041160
1041184
1041192
1041213
1041226
1041248
1041253
1041294
1041317
1041319
1041326
1041349
1041369
1041375
1041379
1041405
1041409
1041436
1041449
1041465
1041494
1041584
1041587
1041594
1041625
1041628
1041632
1041633
1041657
1041685
1041701
1041714
1041760
1041763
1041794
1041822
1041842
1041845
1041867
1041876
1041877
1041884
1041900
1041903
1041909
1041935
1041951
1041982
1041983
1042003
1042010
1042019
1042023
1042098
1042125
1042130
1042196
1042211
1042216
1042266
1042314
1042327
1042341
1042391
1042401
1042410
1042419
1042442
1042452
1042482
1042506
1042514
1042539
1042563
1042570
1042606
1042653
1042656
1042669
1042717
1042753
1042759
1042769
1042776
1042780
1042813
1042848
1042859
1042877
1042883
1042906
1042911
1042912
1042914
1042923
1042957
1042964
1042965
1042976
1043003
1043038
1043050
1043062
1043095
1043118
1043128
1043130
1043133
1043186
1043188
1043201
1043212
1043230
1043244
1043248
1043326
1043327
1043331
1043338
1043340
1043361
1043396
1043400
1043413
1043453
1043470
1043472
1043477
1043490
1043491
1043493
1043515
1043529
1043530
1043543
1043554
1043568
1043576
1043583
1043620
1043628
1043661
1043662
1043671
1043676
1043689
1043698
1043700
1043713
1043755
1043810
1043835
1043844
1043887
1043921
1043923
1043936
1043946
1043997
1043998
1044025
1044040
1044055
1044061
1044063
1044126
1044144
1044161
1044184
1044200
1044210
1044217
1044255
1044265
1044303
1044309
1044321
1044332
1044356
1044391
1044394
1044409
1044417
1044436
1044439
1044451
1044455
1044463
1044466
1044471
1044473
1044474
1044479
1044494
1044531
1044555
1044560
1044580
1044581
1044614
1044643
1044669
1044693
1044712
1044735
1044769
1044839
1044847
1044861
1044869
1044875
1044892
1044913
1044920
1044929
1044941
1044949
1044960
1044990
1044998
1045019
1045026
1045032
1045086
1045091
1045117
1045129
1045153
1045184
1045238
1045268
1045272
1045300
1045320
1045343
1045344
1045385
1045416
1045431
1045437
1045450
1045454
1045486
1045497
1045508
1045530
1045542
1045545
1045584
1045604
1045607
1045621
1045624
1045630
1045640
1045657
1045676
1045717
1045733
1045737
1045760
1045771
1045786
1045846
1045857
1045866
1045872
1045883
1045903
1045909
1045928
1045934
1045969
1045977
1045986
1045990
1046000
1046011
1046049
1046089
1046094
1046115
1046130
1046136
1046149
1046151
1046177
1046184
1046210
1046215
1046222
1046250
1046268
1046281
1046291
1046293
1046294
1046303
1046344
1046389
1046395
1046412
1046444
1046477
1046480
1046497
1046522
1046529
1046536
1046571
1046632
1046639
1046644
1046662
1046683
1046733
1046739
1046750
1046783
1046796
1046807
1046821
1046865
1046869
1046874
1046891
1046894
1046905
1046910
1046911
1046919
1046932
1046951
1046992
1046997
1047001
1047021
1047040
1047052
1047063
1047083
1047100
1047125
1047129
1047140
1047164
1047165
1047185
1047220
1047223
1047231
1047252
1047262
1047329
1047337
1047366
1047385
1047391
1047423
1047456
1047457
1047490
1047532
1047556
1047572
1047583
1047589
1047623
1047643
1047653
1047654
1047661
1047668
1047690
1047708
1047728
1047754
1047761
1047842
1047873
1047875
1047897
1047908
1047977
1047984
1047995
1048005
1048015
1048055
1048085
1048088
1048102
1048129
1048153
1048168
1048170
1048171
1048179
1048182
1048195
1048212
1048289
1048291
1048294
1048295
1048301
1048309
1048358
1048393
1048418
1048423
1048456
1048458
1048475
1048498
1048500
1048558
1048603
1048649
1048656
1048677
1048679
1048688
1048704
1048710
1048712
1048736
1048741
1048750
1048756
1048764
1048791
1048872
1048883
1048896
1048957
1048966
1049000
1049003
1049004
1049013
1049019
1049028
1049056
1049064
1049083
1049101
1049105
1049128
1049133
1049150
1049154
1049165
1049193
1049217
1049221
1049233
1049251
1049295
1049309
1049325
1049328
1049385
1049417
1049429
1049437
1049465
1049467
1049507
1049511
1049527
1049529
1049539
1049540
1049550
1049585
1049597
1049607
1049612
1049628
1049635
1049669
1049684
1049701
1049743
1049762
1049776
1049875
1049881
1049904
1049938
1049940
1049972
1049974
1049992
1050006
1050015
1050016
1050018
1050024
1050038
1050071
1050072
1050077
1050088
1050098
1050104
1050113
1050121
1050123
1050142
1050144
1050163
1050187
1050200
1050205
1050230
1050257
1050259
1050326
1050346
1050352
1050382
1050384
1050417
1050424
1050452
1050474
1050504
1050515
1050530
1050537
1050566
1050592
1050610
1050654
1050699
1050719
1050742
1050748
1050804
1050811
1050819
1050827
1050834
1050864
1050872
1050899
1050912
1050955
1050957
1050988
1051089
1051090
1051095
1051098
1051099
1051106
1051108
1051113
1051114
1051123
1051166
1051177
1051200
1051204
1051256
1051267
1051272
1051274
1051278
1051289
1051294
1051303
1051309
1051323
1051324
1051330
1051347
1051356
1051373
1051377
1051378
1051399
1051404
1051429
1051436
1051468
1051481
1051536
1051604
1051628
1051652
1051653
1051690
1051707
1051712
1051714
1051757
1051811
1051813
1051866
1051867
1051901
1051919
1051930
1051951
1051963
1051975
1052040
1052089
1052094
1052147
1052150
1052164
1052207
1052225
1052241
1052298
1052319
1052321
1052333
1052335
1052375
1052383
1052395
1052414
1052438
1052476
1052505
1052507
1052513
1052527
1052542
1052543
1052572
1052614
1052627
1052644
1052655
1052670
1052708
1052723
1052777
1052779
1052824
1052848
1052858
1052865
1052884
1052918
1052967
1053001
1053010
1053059
1053068
1053077
1053094
1053095
1053096
1053110
1053139
1053156
1053179
1053197
1053199
1053221
1053267
1053297
1053355
1053371
1053410
1053412
1053416
1053438
1053453
1053477
1053525
1053527
1053540
1053590
1053612
1053618
1053637
1053650
1053658
1053692
1053693
1053706
1053709
1053787
1053790
1053813
1053818
1053822
1053829
1053844
1053865
1053867
1053872
1053879
1053946
1053949
1053958
1053970
1053980
1053982
1053988
1053989
1054032
1054035
1054039
1054040
1054084
1054114
1054118
1054187
1054193
1054206
1054219
1054233
1054238
1054306
1054330
1054385
1054415
1054460
1054504
1054508
1054536
1054577
1054589
1054608
1054615
1054647
1054651
1054664
1054717
1054738
1054748
1054765
1054777
1054808
1054850
1054852
1054927
1054933
1054951
1054956
1054976
1055001
1055040
1055055
1055060
1055064
1055067
1055124
1055138
1055141
1055162
1055176
1055221
1055224
1055234
1055267
1055330
1055340
1055345
1055354
1055388
1055414
1055437
1055441
1055459
1055468
1055506
1055509
1055525
1055527
1055584
1055606
1055641
1055682
1055743
1055751
1055759
1055770
1055777
1055796
1055799
1055866
1055867
1055873
1055875
1055887
1055898
1055919
1055937
1055970
1056013
1056025
1056028
1056037
1056039
1056040
1056043
1056059
1056124
1056136
1056170
1056258
1056293
1056304
1056317
1056325
1056336
1056374
1056387
1056419
1056445
1056455
1056481
1056487
1056490
1056502
1056518
1056519
1056537
1056554
1056574
1056578
1056620
1056657
1056659
1056685
1056690
1056724
1056729
1056734
1056756
1056797
1056838
1056860
1056864
1056886
1056892
1056903
1056962
1056973
1056982
1057026
1057043
1057052
1057053
1057060
1057061
1057069
1057075
1057105
1057115
1057127
1057135
1057156
1057170
1057184
1057196
1057201
1057220
1057227
1057258
1057278
1057283
1057287
1057298
1057313
1057361
1057374
1057400
1057409
1057419
1057451
1057510
1057554
1057596
1057604
1057621
1057662
1057674
1057707
1057760
1057767
1057805
1057857
1057888
1057917
1057944
1057949
1058011
1058046
1058063
1058072
1058077
1058089
1058094
1058101
1058127
1058153
1058201
1058202
1058208
1058211
1058240
1058270
1058276
1058320
1058333
1058360
1058364
1058374
1058393
1058399
1058423
1058439
1058447
1058450
1058452
1058454
1058462
1058466
1058518
1058523
1058524
1058527
1058535
1058536
1058564
1058567
1058581
1058599
1058601
1058654
1058655
1058664
1058667
1058696
1058706
1058707
1058757
1058776
1058792
1058802
1058818
1058836
1058879
1058907
1058912
1058924
1058926
1058934
1058939
1058956
1059005
1059009
1059046
1059048
1059095
1059107
1059123
1059132
1059135
1059146
1059148
1059157
1059201
1059211
1059261
1059276
1059313
1059315
1059323
1059351
1059360
1059371
1059400
1059419
1059446
1059451
1059472
1059531
1059535
1059563
1059602
1059637
1059659
1059667
1059683
1059729
1059731
1059744
1059764
1059787
1059810
1059811
1059813
1059820
1059827
1059843
1059854
1059866
1059887
1059898
1059901
1059928
1059929
1059941
1059947
1059966
1060000
1060035
1060081
1060088
1060160
1060178
1060214
1060220
1060227
1060232
1060241
1060256
1060304
1060311
1060330
1060343
1060405
1060408
1060425
1060429
1060446
1060470
1060528
1060541
1060570
1060586
1060590
1060592
1060599
1060614
1060640
1060658
1060663
1060677
1060710
1060724
1060816
1060817
1060818
1060820
1060828
1060887
1060914
1060918
1060946
1060952
1060968
1060973
1061017
1061048
1061058
1061091
1061101
1061106
1061115
1061158
1061167
1061189
1061193
1061202
1061209
1061259
1061281
1061282
1061285
1061294
1061311
1061354
1061358
1061404
1061413
1061473
1061484
1061496
1061500
1061531
1061553
1061559
1061561
1061566
1061622
1061639
1061645
1061662
1061680
1061684
1061690
1061700
1061719
1061748
1061762
1061782
1061788
1061796
1061806
1061808
1061843
1061855
1061872
1061902
1061910
1062005
1062011
1062012
1062013
1062054
1062071
1062073
1062080
1062094
1062111
1062142
1062163
1062167
1062252
1062265
1062273
1062278
1062291
1062298
1062311
1062320
1062326
1062381
1062391
1062423
1062424
1062449
1062456
1062458
1062463
1062488
1062490
1062509
1062512
1062536
1062558
1062570
1062590
1062602
1062608
1062622
1062636
1062659
1062668
1062690
1062697
1062716
1062753
1062807
1062846
1062862
1062948
1062962
1062997
1063003
1063012
1063036
1063173
1063175
1063176
1063178
1063196
1063251
1063268
1063283
1063303
1063306
1063309
1063327
1063329
1063338
1063350
1063408
1063423
1063449
1063456
1063493
1063494
1063533
1063537
1063554
1063561
1063563
1063574
1063594
1063602
1063629
1063648
1063650
1063670
1063674
1063689
1063731
1063750
1063756
1063777
1063820
1063844
1063847
1063866
1063876
1063880
1063896
1063915
1063916
1063918
1063942
1063956
1063996
1064020
1064036
1064067
1064075
1064078
1064109
1064117
1064120
1064156
1064175
1064193
1064201
1064204
1064227
1064232
1064251
1064255
1064292
1064313
1064319
1064346
1064367
1064368
1064377
1064380
1064389
1064438
1064448
1064486
1064509
1064522
1064531
1064536
1064590
1064595
1064605
1064612
1064625
1064637
1064640
1064649
1064654
1064673
1064678
1064697
1064730
1064790
1064793
1064795
1064798
1064831
1064835
1064884
1064890
1064904
1064906
1064920
1064930
1064931
1064934
1064949
1064953
1065012
1065049
1065125
1065140
1065146
1065176
1065188
1065189
1065221
1065253
1065340
1065384
1065398
1065403
1065439
1065445
1065460
1065472
1065500
1065509
1065519
1065556
1065580
1065638
1065640
1065651
1065686
1065701
1065726
1065731
1065776
1065787
1065801
1065808
1065820
1065844
1065871
1065893
1065936
1065937
1065947
1065974
1065990
1066058
1066109
1066120
1066135
1066137
1066156
1066173
1066232
1066272
1066319
1066321
1066330
1066336
1066386
1066427
1066466
1066475
1066476
1066483
1066514
1066520
1066526
1066539
1066551
1066565
1066600
1066632
1066651
1066656
1066711
1066713
1066724
1066751
1066799
1066812
1066882
1066909
1066937
1066940
1066946
1066947
1066953
1066975
1066978
1066996
1067022
1067060
1067065
1067095
1067102
1067145
1067155
1067157
1067203
1067233
1067246
1067293
1067302
1067319
1067337
1067344
1067361
1067371
1067423
1067433
1067451
1067459
1067471
1067511
1067513
1067520
1067554
1067589
1067624
1067627
1067632
1067647
1067651
1067657
1067722
1067739
1067741
1067802
1067828
1067866
1067876
1067877
1067927
1067956
1067964
1067990
1068026
1068045
1068083
1068097
1068119
1068131
1068139
1068150
1068157
1068159
1068193
1068199
1068217
1068221
1068256
1068414
1068437
1068443
1068460
1068469
1068471
1068494
1068524
1068534
1068535
1068537
1068539
1068545
1068557
1068565
1068621
1068640
1068664
1068669
1068681
1068687
1068706
1068807
1068818
1068842
1068846
1068867
1068887
1068891
1068900
1068910
1068917
1068931
1068943
1068963
1068965
1068970
1069005
1069015
1069016
1069041
1069042
1069043
1069044
1069048
1069080
1069084
1069111
1069124
1069180
1069182
1069210
1069221
1069284
1069296
1069423
1069436
1069454
1069480
1069517
1069574
1069586
1069645
1069672
1069687
1069720
1069761
1069787
1069792
1069799
1069849
1069850
1069874
1069884
1069893
1069895
1069897
1069909
1069918
1069922
1069942
1069963
1070021
1070034
1070069
1070071
1070077
1070087
1070091
1070112
1070114
1070133
1070158
1070164
1070179
1070202
1070218
1070220
1070221
1070233
1070234
1070238
1070251
1070257
1070277
1070283
1070302
1070311
1070313
1070320
1070332
1070336
1070394
1070398
1070432
1070443
1070452
1070465
1070474
1070477
1070501
1070535
1070559
1070571
1070579
1070581
1070623
1070629
1070652
1070663
1070674
1070688
1070711
1070726
1070735
1070755
1070761
1070766
1070774
1070790
1070796
1070851
1070852
1070873
1070891
1070892
1070916
1070929
1070932
1070943
1070945
1070962
1070968
1070977
1071004
1071006
1071027
1071088
1071108
1071154
1071166
1071174
1071175
1071179
1071183
1071206
1071222
1071242
1071250
1071251
1071264
1071341
1071344
1071413
1071517
1071535
1071593
1071607
1071629
1071729
1071781
1071884
1071891
1071895
1071904
1071918
1071923
1071935
1071938
1071941
1071943
1071946
1071973
1071978
1071995
1072090
1072092
1072113
1072125
1072127
1072151
1072234
1072240
1072270
1072281
1072296
1072306
1072358
1072366
1072373
1072412
1072419
1072447
1072518
1072532
1072543
1072546
1072583
1072595
1072609
1072615
1072631
1072674
1072682
1072704
1072755
1072765
1072800
1072821
1072822
1072826
1072860
1072861
1072874
1072878
1072882
1072905
1072924
1072926
1072932
1072965
1072979
1073002
1073010
1073013
1073047
1073080
1073085
1073090
1073105
1073125
1073158
1073178
1073189
1073194
1073199
1073204
1073230
1073264
1073287
1073308
1073309
1073327
1073396
1073426
1073442
1073487
1073505
1073563
1073567
1073574
1073576
1073639
1073665
1073671
1073727
1073745
1073759
1073799
1073826
1073908
1073916
1073927
1073934
1073935
1073940
1073959
1073975
1073978
1073979
1073986
1074008
1074056
1074076
1074091
1074099
1074103
1074120
1074122
1074125
1074185
1074216
1074235
1074265
1074293
1074308
1074334
1074343
1074368
1074374
1074418
1074442
1074456
1074459
1074496
1074505
1074513
1074526
1074542
1074548
1074587
1074602
1074608
1074641
1074692
1074698
1074736
1074766
1074774
1074789
1074891
1074892
1074901
1074938
1074953
1074959
1074965
1074971
1075032
1075033
1075035
1075054
1075083
1075115
1075119
1075126
1075150
1075158
1075182
1075183
1075185
1075187
1075196
1075203
1075251
1075254
1075270
1075285
1075310
1075322
1075343
1075356
1075363
1075383
1075388
1075437
1075456
1075465
1075470
1075488
1075502
1075514
1075517
1075530
1075562
1075575
1075581
1075592
1075593
1075618
1075628
1075642
1075659
1075687
1075699
1075704
1075714
1075716
1075721
1075736
1075742
1075756
1075827
1075858
1075870
1075877
1075878
1075899
1075919
1075950
1076017
1076057
1076060
1076084
1076088
1076090
1076114
1076121
1076125
1076156
1076180
1076185
1076195
1076197
1076231
1076250
1076323
1076327
1076329
1076331
1076352
1076355
1076359
1076366
1076374
1076388
1076404
1076407
1076413
1076417
1076444
1076451
1076492
1076516
1076535
1076583
1076613
1076663
1076681
1076714
1076742
1076813
1076871
1076911
1076994
1077006
1077028
1077051
1077081
1077108
1077138
1077144
1077154
1077158
1077167
1077171
1077179
1077192
1077211
1077218
1077227
1077229
1077236
1077284
1077291
1077297
1077325
1077342
1077373
1077390
1077433
1077443
1077471
1077484
1077494
1077498
1077500
1077513
1077582
1077607
1077620
1077637
1077669
1077683
1077756
1077772
1077781
1077788
1077800
1077805
1077831
1077837
1077859
1077868
1077897
1077902
1077906
1077921
1077931
1077942
1077954
1077965
1077990
1078012
1078056
1078081
1078083
1078109
1078169
1078176
1078178
1078181
1078212
1078214
1078226
1078229
1078234
1078249
1078273
1078284
1078322
1078351
1078371
1078373
1078432
1078445
1078466
1078475
1078477
1078489
1078502
1078511
1078517
1078520
1078555
1078602
1078632
1078646
1078648
1078692
1078697
1078710
1078731
1078732
1078734
1078743
1078756
1078782
1078783
1078799
1078812
1078841
1078859
1078916
1078944
1078985
1079040
1079077
1079087
1079092
1079130
1079149
1079160
1079168
1079217
1079245
1079261
1079303
1079309
1079310
1079314
1079316
1079342
1079381
1079391
1079404
1079407
1079426
1079439
1079458
1079462
1079492
1079538
1079557
1079589
1079595
1079620
1079626
1079629
1079632
1079633
1079634
1079635
1079639
1079701
1079711
1079733
1079804
1079815
1079821
1079845
1079893
1079901
1079906
1079916
1079923
1079954
1079957
1079969
1079999
1080002
1080005
1080007
1080048
1080061
1080067
1080079
1080089
1080090
1080093
1080102
1080128
1080173
1080174
1080189
1080208
1080298
1080299
1080308
1080330
1080341
1080345
1080352
1080375
1080479
1080496
1080532
1080533
1080545
1080570
1080576
1080590
1080601
1080607
1080646
1080683
1080737
1080739
1080743
1080757
1080759
1080762
1080783
1080795
1080811
1080813
1080815
1080850
1080867
1080869
1080886
1080888
1080916
1080919
1080922
1080938
1080944
1080957
1080958
1080963
1080999
1081030
1081033
1081069
1081078
1081105
1081108
1081120
1081133
1081134
1081155
1081168
1081170
1081193
1081233
1081245
1081297
1081310
1081316
1081344
1081356
1081384
1081405
1081417
1081453
1081470
1081505
1081532
1081556
1081559
1081575
1081634
1081636
1081639
1081652
1081695
1081702
1081741
1081749
1081760
1081762
1081800
1081812
1081844
1081874
1081882
1081896
1081900
1081907
1081916
1081918
1081919
1081938
1081952
1081964
1081969
1081977
1082010
1082014
1082116
1082125
1082141
1082156
1082165
1082176
1082182
1082189
1082194
1082195
1082239
1082261
1082289
1082305
1082312
1082317
1082332
1082348
1082415
1082421
1082424
1082529
1082531
1082533
1082556
1082584
1082586
1082587
1082603
1082637
1082651
1082682
1082703
1082716
1082733
1082735
1082748
1082751
1082757
1082762
1082766
1082768
1082794
1082797
1082813
1082827
1082884
1082919
1082980
1082986
1082989
1082991
1082992
1083009
1083024
1083034
1083069
1083071
1083111
1083144
1083152
1083163
1083183
1083241
1083255
1083271
1083281
1083323
1083353
1083367
1083375
1083382
1083401
1083411
1083439
1083444
1083458
1083514
1083538
1083539
1083565
1083580
1083599
1083614
1083621
1083627
1083632
1083634
1083655
1083657
1083668
1083672
1083673
1083684
1083695
1083730
1083732
1083740
1083761
1083804
1083816
1083817
1083840
1083846
1083865
1083887
1083889
1083891
1083923
1083926
1083929
1083967
1083972
1083975
1083987
1084003
1084005
1084023
1084058
1084065
1084085
1084091
1084118
1084127
1084135
1084139
1084148
1084186
1084188
1084206
1084210
1084225
1084231
1084258
1084260
1084286
1084308
1084311
1084349
1084398
1084399
1084402
1084444
1084478
1084480
1084484
1084495
1084514
1084521
1084535
1084541
1084553
1084572
1084574
1084585
1084608
1084617
1084624
1084629
1084631
1084647
1084660
1084661
1084672
1084725
1084727
1084760
1084768
1084824
1084894
1084901
1084922
1084927
1084942
1084951
1085000
1085079
1085093
1085105
1085116
1085121
1085189
1085220
1085229
1085241
1085251
1085267
1085282
1085291
1085304
1085306
1085315
1085352
1085361
1085369
1085402
1085424
1085427
1085457
1085469
1085496
1085498
1085537
1085539
1085610
1085652
1085656
1085657
1085669
1085719
1085724
1085728
1085748
1085759
1085768
1085783
1085785
1085795
1085824
1085857
1085879
1085880
1085885
1085923
1085925
1085977
1085983
1085999
1086039
1086052
1086053
1086062
1086087
1086101
1086115
1086127
1086154
1086162
1086165
1086174
1086214
1086226
1086229
1086253
1086255
1086261
1086288
1086297
1086301
1086304
1086353
1086379
1086434
1086454
1086481
1086549
1086550
1086571
1086576
1086582
1086619
1086637
1086642
1086692
1086770
1086777
1086782
1086814
1086858
1086869
1086887
1086894
1086898
1086958
1086965
1086971
1086978
1087035
1087046
1087047
1087050
1087052
1087085
1087104
1087117
1087130
1087132
1087133
1087140
1087146
1087171
1087185
1087186
1087191
1087210
1087215
1087235
1087254
1087257
1087304
1087332
1087345
1087359
1087360
1087390
1087420
1087426
1087446
1087461
1087492
1087516
1087530
1087552
1087589
1087599
1087601
1087602
1087618
1087620
1087655
1087666
1087686
1087693
1087701
1087761
1087766
1087773
1087798
1087803
1087849
1087877
1087885
1087907
1087915
1087918
1087945
1087946
1087972
1088022
1088084
1088100
1088124
1088179
1088191
1088239
1088243
1088249
1088300
1088333
1088353
1088371
1088382
1088394
1088427
1088440
1088453
1088456
1088470
1088484
1088494
1088500
1088516
1088548
1088552
1088558
1088564
1088609
1088616
1088632
1088637
1088659
1088661
1088743
1088745
1088769
1088809
1088845
1088852
1088857
1088869
1088926
1088928
1088942
1088947
1088964
1088977
1088997
1089021
1089044
1089086
1089091
1089121
1089139
1089167
1089172
1089232
1089260
1089299
1089307
1089333
1089334
1089348
1089359
1089367
1089405
1089406
1089503
1089521
1089534
1089541
1089560
1089579
1089586
1089626
1089637
1089645
1089664
1089691
1089696
1089701
1089703
1089708
1089712
1089731
1089781
1089792
1089857
1089883
1089891
1089924
1089953
1089984
1089988
1090010
1090021
1090038
1090039
1090049
1090103
1090112
1090117
1090132
1090140
1090141
1090151
1090165
1090189
1090201
1090203
1090207
1090227
1090230
1090245
1090288
1090307
1090326
1090363
1090374
1090378
1090380
1090384
1090455
1090465
1090469
1090473
1090494
1090496
1090506
1090535
1090537
1090553
1090591
1090596
1090604
1090618
1090629
1090632
1090635
1090673
1090750
1090767
1090781
1090804
1090843
1090851
1090853
1090864
1090866
1090879
1090880
1090959
1090974
1091017
1091048
1091063
1091090
1091112
1091115
1091123
1091152
1091168
1091170
1091227
1091272
1091293
1091328
1091336
1091363
1091385
1091387
1091391
1091484
1091498
1091500
1091505
1091511
1091536
1091632
1091647
1091676
1091717
1091726
1091737
1091742
1091752
1091757
1091772
1091789
1091798
1091825
1091830
1091835
1091888
1091926
1091958
1091999
1092025
1092081
1092103
1092123
1092159
1092164
1092201
1092243
1092254
1092267
1092312
1092335
1092354
1092384
1092401
1092407
1092467
1092534
1092550
1092552
1092565
1092606
1092617
1092661
1092665
1092672
1092679
1092686
1092689
1092715
1092723
1092724
1092759
1092764
1092796
1092813
1092828
1092879
1092885
1092900
1092903
1092905
1092925
1092928
1092932
1092960
1092968
1092974
1092989
1093018
1093035
1093039
1093043
1093060
1093098
1093111
1093122
1093193
1093223
1093224
1093253
1093258
1093265
1093276
1093306
1093312
1093334
1093347
1093350
1093360
1093363
1093378
1093381
1093382
1093386
1093393
1093401
1093405
1093423
1093479
1093519
1093532
1093570
1093575
1093576
1093586
1093587
1093590
1093592
1093600
1093624
1093626
1093631
1093642
1093645
1093689
1093765
1093791
1093796
1093839
1093842
1093849
1093853
1093857
1093870
1093901
1093912
1093914
1093931
1093935
1093963
1093976
1093978
1093997
1094000
1094019
1094039
1094041
1094045
1094123
1094130
1094145
1094149
1094161
1094177
1094202
1094214
1094216
1094237
1094241
1094261
1094312
1094340
1094355
1094356
1094357
1094365
1094376
1094380
1094445
1094448
1094488
1094502
1094514
1094534
1094539
1094571
1094577
1094584
1094595
1094615
1094624
1094633
1094707
1094723
1094725
1094727
1094729
1094731
1094734
1094750
1094781
1094866
1094878
1094909
1094917
1094923
1094951
1094969
1094970
1094981
1094992
1095014
1095020
1095056
1095065
1095071
1095079
1095083
1095112
1095127
1095152
1095157
1095162
1095179
1095213
1095220
1095245
1095261
1095301
1095338
1095378
1095386
1095411
1095423
1095465
1095472
1095483
1095517
1095547
1095586
1095627
1095660
1095676
1095693
1095748
1095775
1095776
1095779
1095833
1095868
1095869
1095886
1095894
1095934
1095994
1096035
1096050
1096081
1096087
1096103
1096106
1096132
1096166
1096184
1096186
1096208
1096229
1096242
1096268
1096360
1096374
1096393
1096411
1096414
1096423
1096428
1096445
1096473
1096538
1096539
1096566
1096596
1096708
1096709
1096732
1096778
1096792
1096809
1096824
1096864
1096866
1096914
1096915
1096926
1096935
1096947
1096968
1096991
1097011
1097056
1097076
1097080
1097109
1097138
1097155
1097177
1097192
1097201
1097209
1097230
1097235
1097237
1097239
1097252
1097264
1097291
1097324
1097358
1097395
1097410
1097422
1097427
1097453
1097537
1097559
1097587
1097599
1097602
1097611
1097630
1097640
1097645
1097654
1097676
1097690
1097746
1097763
1097775
1097781
1097805
1097816
1097821
1097826
1097836
1097886
1097900
1097925
1097949
1097956
1097962
1097985
1097992
1098059
1098067
1098084
1098156
1098160
1098173
1098190
1098204
1098227
1098270
1098276
1098279
1098287
1098299
1098313
1098327
1098380
1098383
1098438
1098463
1098475
1098482
1098517
1098519
1098523
1098528
1098557
1098575
1098576
1098615
1098626
1098644
1098671
1098682
1098687
1098703
1098722
1098732
1098757
1098767
1098849
1098888
1098891
1098897
1098899
1098905
1098906
1098935
1098982
1098995
1099048
1099062
1099083
1099091
1099104
1099121
1099125
1099135
1099223
1099252
1099273
1099284
1099293
1099299
1099316
1099336
1099339
1099343
1099370
1099372
1099385
1099387
1099392
1099413
1099418
1099445
1099451
1099458
1099510
1099525
1099539
1099540
1099589
1099603
1099634
1099636
1099690
1099703
1099710
1099724
1099788
1099790
1099864
1099955
1099957
1099996
1100001
1100002
1100027
1100055
1100058
1100073
1100093
1100094
1100112
1100186
1100220
1100227
1100229
1100275
1100309
1100317
1100341
1100346
1100354
1100404
1100431
1100437
1100449
1100472
1100473
1100522
1100525
1100528
1100532
1100542
1100580
1100587
1100596
1100614
1100633
1100660
1100773
1100783
1100806
1100850
1100906
1100940
1100968
1100970
1100984
1100990
1101051
1101054
1101099
1101101
1101111
1101148
1101189
1101204
1101224
1101258
1101262
1101265
1101293
1101301
1101311
1101336
1101340
1101352
1101379
1101431
1101438
1101443
1101455
1101469
1101525
1101544
1101549
1101556
1101575
1101609
1101627
1101668
1101693
1101718
1101734
1101736
1101742
1101757
1101780
1101785
1101806
1101813
1101821
1101830
1101833
1101859
1101893
1101913
1101929
1101933
1101936
1101944
1101982
1101997
1101998
1102008
1102030
1102039
1102067
1102077
1102082
1102108
1102111
1102131
1102142
1102189
1102210
1102238
1102250
1102257
1102259
1102282
1102298
1102313
1102315
1102317
1102328
1102356
1102386
1102415
1102416
1102437
1102459
1102483
1102514
1102520
1102526
1102540
1102592
1102624
1102630
1102673
1102684
1102686
1102704
1102713
1102719
1102721
1102782
1102789
1102802
1102820
1102823
1102844
1102873
1102909
1102913
1102933
1102954
1102961
1102965
1102971
1102982
1103014
1103019
1103020
1103024
1103041
1103060
1103062
1103065
1103081
1103117
1103139
1103141
1103237
1103249
1103279
1103359
1103388
1103401
1103415
1103440
1103448
1103505
1103510
1103512
1103571
1103596
1103612
1103621
1103664
1103691
1103711
1103733
1103741
1103752
1103760
1103764
1103776
1103793
1103818
1103820
1103821
1103826
1103830
1103845
1103889
1103898
1103907
1103920
1103928
1103937
1103950
1104013
1104038
1104051
1104094
1104141
1104185
1104207
1104221
1104237
1104238
1104273
1104277
1104304
1104312
1104332
1104350
1104364
1104379
1104390
1104418
1104443
1104490
1104495
1104514
1104528
1104534
1104542
1104574
1104580
1104589
1104641
1104654
1104679
1104680
1104705
1104752
1104756
1104760
1104776
1104798
1104816
1104827
1104901
1104941
1104951
1104996
1104999
1105011
1105013
1105045
1105067
1105124
1105148
1105165
1105172
1105180
1105182
1105187
1105191
1105224
1105279
1105334
1105335
1105386
1105419
1105428
1105452
1105459
1105477
1105482
1105493
1105512
1105582
1105594
1105595
1105611
1105632
1105642
1105650
1105670
1105687
1105688
1105702
1105706
1105712
1105758
1105763
1105766
1105780
1105782
1105788
1105789
1105821
1105835
1105839
1105886
1105887
1105932
1105934
1105939
1105941
1105964
1105997
1105999
1106001
1106007
1106043
1106056
1106116
1106120
1106136
1106202
1106227
1106233
1106245
1106246
1106264
1106291
1106310
1106323
1106337
1106390
1106396
1106413
1106423
1106429
1106520
1106530
1106537
1106548
1106558
1106560
1106563
1106606
1106611
1106657
1106663
1106675
1106679
1106718
1106720
1106746
1106772
1106825
1106854
1106920
1106924
1106954
1106958
1106966
1106990
1106998
1107031
1107055
1107056
1107065
1107097
1107110
1107153
1107155
1107171
1107179
1107182
1107212
1107236
1107257
1107261
1107285
1107320
1107328
1107335
1107342
1107399
1107405
1107408
1107436
1107458
1107469
1107476
1107477
1107502
1107618
1107635
1107652
1107680
1107684
1107695
1107704
1107743
1107748
1107755
1107763
1107785
1107817
1107825
1107830
1107834
1107839
1107847
1107887
1107889
1107897
1107902
1107937
1107990
1108003
1108083
1108090
1108103
1108108
1108125
1108131
1108168
1108209
1108231
1108280
1108287
1108317
1108355
1108383
1108388
1108448
1108469
1108515
1108569
1108574
1108603
1108611
1108619
1108633
1108686
1108703
1108710
1108777
1108871
1108906
1108908
1108911
1108926
1108944
1108948
1108964
1108975
1109022
1109023
1109027
1109047
1109079
1109112
1109161
1109172
1109196
1109210
1109235
1109300
1109305
1109310
1109322
1109328
1109380
1109408
1109429
1109431
1109440
1109448
1109474
1109480
1109481
1109533
1109536
1109542
1109546
1109548
1109572
1109596
1109624
1109629
1109631
1109647
1109669
1109709
1109721
1109722
1109728
1109736
1109737
1109744
1109766
1109771
1109773
1109783
1109805
1109807
1109844
1109853
1109855
1109884
1109889
1109919
1109935
1109945
1109978
1109986
1109992
1109993
1110045
1110057
1110073
1110096
1110135
1110143
1110175
1110195
1110236
1110269
1110295
1110319
1110333
1110356
1110362
1110363
1110371
1110372
1110403
1110423
1110464
1110500
1110517
1110539
1110547
1110559
1110573
1110575
1110590
1110605
1110610
1110616
1110623
1110637
1110639
1110645
1110665
1110722
1110730
1110772
1110792
1110822
1110840
1110874
1110882
1110883
1110885
1110906
1110910
1110939
1110952
1110981
1111017
1111090
1111095
1111100
1111111
1111136
1111144
1111157
1111159
1111193
1111242
1111247
1111277
1111296
1111323
1111325
1111342
1111363
1111390
1111393
1111424
1111429
1111450
1111451
1111457
1111472
1111478
1111510
1111543
1111552
1111559
1111617
1111622
1111627
1111631
1111638
1111650
1111678
1111680
1111741
1111776
1111804
1111834
1111851
1111855
1111889
1111937
1112029
1112036
1112044
1112058
1112063
1112072
1112074
1112087
1112120
1112124
1112132
1112143
1112155
1112196
1112203
1112227
1112244
1112245
1112332
1112360
1112374
1112384
1112394
1112418
1112518
1112525
1112555
1112571
1112577
1112587
1112614
1112630
1112637
1112642
1112674
1112697
1112698
1112711
1112722
1112732
1112753
1112778
1112802
1112824
1112827
1112844
1112850
1112865
1112888
1112903
1112938
1112949
1112998
1113003
1113029
1113033
1113040
1113077
1113093
1113109
1113116
1113122
1113136
1113177
1113192
1113283
1113308
1113309
1113313
1113336
1113360
1113397
1113424
1113425
1113428
1113435
1113449
1113460
1113466
1113469
1113474
1113479
1113495
1113502
1113544
1113572
1113590
1113598
1113634
1113648
1113667
1113684
1113715
1113739
1113774
1113790
1113797
1113805
1113818
1113821
1113825
1113858
1113876
1113886
1113890
1113959
1113966
1113984
1114036
1114062
1114075
1114080
1114093
1114114
1114139
1114144
1114170
1114215
1114228
1114235
1114247
1114280
1114316
1114324
1114381
1114384
1114409
1114418
1114446
1114501
1114551
1114565
1114580
1114617
1114618
1114628
1114683
1114692
1114723
1114732
1114770
1114818
1114821
1114869
1114877
1114891
1114911
1114926
1114953
1114956
1114967
1114980
1115032
1115064
1115078
1115096
1115098
1115109
1115118
1115133
1115147
1115242
1115252
1115340
1115378
1115426
1115430
1115449
1115461
1115463
1115478
1115502
1115505
1115515
1115565
1115576
1115590
1115601
1115607
1115643
1115674
1115706
1115736
1115785
1115786
1115801
1115804
1115813
1115840
1115848
1115850
1115858
1115872
1115928
1115985
1115991
1115992
1116007
1116021
1116022
1116032
1116041
1116045
1116049
1116052
1116069
1116172
1116196
1116226
1116267
1116271
1116305
1116342
1116345
1116385
1116400
1116405
1116417
1116460
1116462
1116465
1116472
1116497
1116499
1116502
1116528
1116534
1116537
1116560
1116563
1116570
1116581
1116591
1116596
1116618
1116634
1116650
1116668
1116676
1116677
1116681
1116717
1116729
1116762
1116787
1116822
1116826
1116829
1116839
1116848
1116850
1116935
1116946
1116961
1116993
1117019
1117023
1117034
1117042
1117080
1117094
1117108
1117128
1117136
1117139
1117167
1117171
1117186
1117208
1117218
1117245
1117258
1117262
1117272
1117279
1117306
1117327
1117348
1117358
1117366
1117381
1117382
1117394
1117408
1117416
1117453
1117504
1117512
1117560
1117572
1117582
1117587
1117588
1117619
1117665
1117669
1117678
1117712
1117720
1117727
1117734
1117735
1117772
1117779
1117780
1117786
1117801
1117814
1117843
1117884
1117885
1117895
1117926
1117934
1117951
1117952
1117961
1117962
1117979
1117994
1118049
1118072
1118129
1118171
1118265
1118286
1118294
1118306
1118321
1118360
1118368
1118393
1118410
1118413
1118477
1118480
1118486
1118499
1118514
1118519
1118524
1118536
1118551
1118565
1118577
1118578
1118581
1118591
1118600
1118641
1118692
1118705
1118723
1118742
1118746
1118753
1118777
1118781
1118797
1118802
1118805
1118821
1118869
1118892
1118907
1118976
1118984
1119009
1119054
1119066
1119080
1119088
1119104
1119170
1119173
1119206
1119222
1119228
1119238
1119240
1119249
1119251
1119267
1119268
1119282
1119292
1119297
1119311
1119312
1119321
1119335
1119349
1119358
1119365
1119368
1119391
1119403
1119417
1119425
1119426
1119432
1119436
1119467
1119509
1119529
1119542
1119562
1119586
1119634
1119637
1119659
1119733
1119792
1119796
1119828
1119832
1119872
1119887
1119972
1120015
1120043
1120048
1120050
1120051
1120053
1120057
1120058
1120072
1120077
1120087
1120119
1120129
1120157
1120162
1120181
1120193
1120206
1120220
1120244
1120247
1120260
1120284
1120332
1120335
1120341
1120372
1120386
1120404
1120407
1120417
1120421
1120429
1120451
1120455
1120465
1120467
1120474
1120478
1120573
1120615
1120616
1120642
1120648
1120671
1120689
1120696
1120736
1120776
1120804
1120820
1120835
1120843
1120847
1120901
1120943
1120949
1120953
1120957
1120971
1120979
1120993
1121007
1121049
1121060
1121094
1121157
1121162
1121181
1121201
1121206
1121220
1121229
1121235
1121247
1121263
1121280
1121297
1121323
1121374
1121384
1121439
1121449
1121457
1121475
1121483
1121489
1121509
1121538
1121564
1121566
1121579
1121611
1121629
1121630
1121675
1121694
1121696
1121740
1121826
1121827
1121838
1121853
1121859
1121865
1121874
1121899
1121909
1121920
1121921
1121927
1121937
1121964
1122006
1122016
1122019
1122022
1122029
1122034
1122046
1122057
1122078
1122085
1122122
1122132
1122177
1122182
1122234
1122244
1122277
1122286
1122287
1122289
1122299
1122300
1122305
1122318
1122330
1122337
1122348
1122384
1122391
1122412
1122441
1122460
1122476
1122525
1122549
1122552
1122557
1122580
1122588
1122589
1122593
1122603
1122632
1122650
1122683
1122738
1122765
1122767
1122783
1122789
1122826
1122852
1122857
1122877
1122886
1122887
1122903
1122915
1122955
1122964
1122970
1122991
1123004
1123013
1123091
1123131
1123163
1123174
1123223
1123225
1123256
1123258
1123261
1123267
1123304
1123305
1123307
1123332
1123336
1123354
1123373
1123384
1123400
1123411
1123426
1123433
1123439
1123483
1123486
1123496
1123610
1123622
1123686
1123687
1123704
1123717
1123729
1123759
1123779
1123840
1123842
1123845
1123849
1123853
1123872
1123946
1123977
1124015
1124050
1124059
1124139
1124142
1124176
1124196
1124213
1124232
1124233
1124246
1124287
1124304
1124311
1124333
1124342
1124357
1124358
1124382
1124405
1124414
1124449
1124460
1124565
1124585
1124619
1124626
1124635
1124643
1124644
1124665
1124713
1124742
1124754
1124759
1124770
1124811
1124870
1124893
1124894
1124935
1124957
1124966
1124982
1124990
1125012
1125013
1125035
1125045
1125046
1125080
1125087
1125094
1125096
1125124
1125125
1125126
1125136
1125138
1125172
1125193
1125197
1125202
1125216
1125217
1125326
1125354
1125384
1125388
1125409
1125503
1125526
1125528
1125533
1125542
1125560
1125562
1125573
1125592
1125603
1125638
1125672
1125674
1125691
1125703
1125713
1125727
1125728
1125741
1125753
1125763
1125782
1125789
1125817
1125840
1125853
1125914
1125915
1125918
1125923
1125946
1125963
1125972
1125973
1125980
1125982
1126011
1126031
1126047
1126051
1126072
1126118
1126142
1126163
1126172
1126185
1126215
1126217
1126261
1126347
1126354
1126362
1126375
1126466
1126483
1126537
1126553
1126581
1126592
1126620
1126630
1126635
1126644
1126669
1126690
1126694
1126699
1126700
1126708
1126728
1126738
1126746
1126759
1126767
1126793
1126807
1126856
1126878
1126909
1126910
1126925
1126943
1126945
1126985
1127023
1127024
1127029
1127040
1127045
1127048
1127053
1127075
1127082
1127090
1127159
1127160
1127165
1127210
1127218
1127235
1127261
1127297
1127321
1127330
1127334
1127359
1127375
1127381
1127385
1127397
1127409
1127428
1127429
1127458
1127499
1127505
1127509
1127513
1127517
1127569
1127625
1127633
1127635
1127655
1127669
1127705
1127708
1127722
1127743
1127751
1127775
1127780
1127783
1127803
1127830
1127931
1127932
1127943
1127973
1127989
1127994
1128019
1128028
1128042
1128068
1128086
1128100
1128104
1128113
1128116
1128119
1128121
1128133
1128167
1128173
1128174
1128175
1128202
1128203
1128209
1128213
1128242
1128262
1128288
1128301
1128310
1128327
1128338
1128368
1128397
1128399
1128409
1128446
1128463
1128465
1128496
1128497
1128505
1128520
1128541
1128567
1128574
1128609
1128660
1128676
1128678
1128683
1128754
1128767
1128789
1128794
1128807
1128809
1128847
1128849
1128916
1128919
1128925
1128928
1128940
1128979
1129002
1129007
1129027
1129064
1129123
1129164
1129165
1129167
1129176
1129189
1129191
1129222
1129228
1129238
1129263
1129287
1129303
1129365
1129367
1129406
1129417
1129420
1129436
1129438
1129446
1129482
1129490
1129495
1129500
1129509
1129520
1129556
1129597
1129608
1129610
1129650
1129684
1129695
1129708
1129719
1129762
1129775
1129810
1129824
1129873
1129920
1129928
1129962
1129981
1130063
1130076
1130108
1130113
1130129
1130131
1130142
1130157
1130184
1130198
1130238
1130295
1130305
1130338
1130343
1130345
1130359
1130360
1130366
1130470
1130480
1130510
1130557
1130564
1130569
1130573
1130583
1130668
1130717
1130739
1130745
1130780
1130795
1130796
1130812
1130826
1130827
1130832
1130861
1130917
1130934
1130946
1130947
1130958
1130961
1130967
1130971
1130974
1130980
1130989
1131018
1131038
1131084
1131100
1131133
1131145
1131171
1131180
1131253
1131266
1131275
1131303
1131305
1131308
1131320
1131327
1131335
1131345
1131412
1131439
1131452
1131466
1131470
1131487
1131491
1131547
1131555
1131558
1131575
1131616
1131627
1131646
1131652
1131664
1131669
1131670
1131673
1131705
1131728
1131739
1131743
1131756
1131771
1131782
1131786
1131793
1131803
1131835
1131836
1131840
1131853
1131870
1131873
1131917
1131932
1131992
1131995
1132022
1132033
1132061
1132088
1132125
1132152
1132159
1132162
1132173
1132193
1132224
1132309
1132320
1132323
1132336
1132344
1132364
1132381
1132393
1132401
1132432
1132449
1132458
1132486
1132500
1132502
1132509
1132526
1132540
1132544
1132562
1132564
1132644
1132655
1132663
1132665
1132669
1132670
1132728
1132735
1132737
1132748
1132768
1132774
1132776
1132811
1132835
1132841
1132863
1132878
1132887
1132918
1132928
1132951
1132959
1132960
1132974
1133051
1133058
1133059
1133063
1133125
1133140
1133187
1133204
1133225
1133229
1133257
1133298
1133302
1133350
1133352
1133356
1133363
1133375
1133425
1133429
1133433
1133451
1133456
1133462
1133503
1133524
1133594
1133639
1133683
1133685
1133726
1133736
1133749
1133765
1133788
1133795
1133804
1133811
1133820
1133845
1133878
1133881
1133913
1133927
1133932
1133959
1133963
1133979
1133998
1134000
1134004
1134011
1134035
1134039
1134069
1134072
1134076
1134077
1134121
1134125
1134166
1134184
1134204
1134256
1134259
1134262
1134308
1134310
1134324
1134340
1134345
1134385
1134413
1134438
1134467
1134480
1134493
1134517
1134568
1134574
1134578
1134587
1134612
1134633
1134649
1134654
1134678
1134684
1134697
1134724
1134728
1134757
1134772
1134778
1134813
1134846
1134892
1134918
1134926
1134947
1134950
1134956
1135001
1135038
1135060
1135070
1135072
1135092
1135098
1135146
1135166
1135191
1135207
1135212
1135273
1135314
1135323
1135324
1135350
1135363
1135367
1135372
1135404
1135430
1135431
1135443
1135450
1135482
1135485
1135490
1135491
1135529
1135537
1135543
1135549
1135561
1135566
1135603
1135626
1135638
1135658
1135661
1135676
1135684
1135685
1135694
1135701
1135713
1135728
1135740
1135748
1135753
1135754
1135798
1135836
1135855
1135870
1135885
1135923
1135964
1135973
1135989
1135996
1136048
1136079
1136109
1136115
1136169
1136179
1136190
1136256
1136308
1136328
1136341
1136350
1136381
1136456
1136502
1136522
1136554
1136559
1136573
1136580
1136592
1136595
1136664
1136670
1136689
1136694
1136731
1136737
1136760
1136764
1136788
1136795
1136804
1136840
1136873
1136889
1136890
1136913
1136943
1136989
1137004
1137032
1137042
1137043
1137083
1137109
1137145
1137163
1137178
1137192
1137199
1137212
1137243
1137249
1137262
1137265
1137282
1137291
1137376
1137398
1137417
1137426
1137448
1137449
1137476
1137480
1137498
1137547
1137581
1137600
1137603
1137610
1137634
1137643
1137646
1137647
1137649
1137673
1137675
1137676
1137688
1137708
1137717
1137721
1137746
1137789
1137812
1137835
1137840
1137842
1137849
1137854
1137882
1137893
1137894
1137909
1138025
1138030
1138062
1138077
1138112
1138125
1138143
1138154
1138156
1138179
1138213
1138217
1138241
1138251
1138292
1138349
1138352
1138374
1138378
1138419
1138427
1138434
1138439
1138444
1138472
1138494
1138497
1138524
1138581
1138602
1138644
1138650
1138671
1138735
1138772
1138777
1138779
1138789
1138791
1138792
1138797
1138798
1138819
1138868
1138885
1138901
1138908
1138917
1138962
1138999
1139005
1139039
1139054
1139071
1139090
1139105
1139119
1139133
1139139
1139142
1139153
1139166
1139230
1139246
1139254
1139256
1139284
1139294
1139302
1139319
1139402
1139408
1139417
1139421
1139426
1139446
1139459
1139465
1139476
1139486
1139553
1139554
1139561
1139565
1139567
1139631
1139633
1139641
1139644
1139661
1139662
1139712
1139717
1139743
1139750
1139763
1139796
1139889
1139913
1139919
1139952
1139956
1139960
1139999
1140021
1140035
1140059
1140095
1140096
1140140
1140141
1140158
1140162
1140192
1140203
1140206
1140232
1140242
1140253
1140287
1140311
1140377
1140455
1140467
1140470
1140487
1140513
1140534
1140562
1140586
1140603
1140615
1140631
1140637
1140651
1140716
1140736
1140743
1140772
1140804
1140822
1140860
1140874
1140879
1140937
1140950
1140960
1140970
1140975
1140983
1141009
1141015
1141028
1141046
1141055
1141067
1141088
1141118
1141142
1141172
1141226
1141274
1141278
1141279
1141295
1141298
1141326
1141330
1141343
1141387
1141402
1141431
1141433
1141436
1141461
1141464
1141468
1141473
1141506
1141509
1141512
1141515
1141569
1141573
1141575
1141584
1141613
1141681
1141699
1141717
1141753
1141798
1141805
1141814
1141815
1141822
1141824
1141857
1141858
1141903
1141909
1141913
1141918
1141921
1141944
1141946
1141979
1141992
1142007
1142040
1142092
1142098
1142115
1142165
1142175
1142179
1142207
1142221
1142268
1142290
1142301
1142343
1142358
1142359
1142389
1142426
1142437
1142453
1142474
1142482
1142488
1142491
1142497
1142499
1142512
1142530
1142550
1142587
1142600
1142610
1142621
1142670
1142698
1142715
1142717
1142745
1142764
1142770
1142801
1142812
1142830
1142840
1142860
1142875
1142887
1142888
1142919
1142939
1142956
1142961
1143053
1143080
1143101
1143114
1143116
1143139
1143141
1143151
1143158
1143167
1143169
1143180
1143195
1143226
1143332
1143353
1143405
1143410
1143432
1143439
1143442
1143453
1143470
1143506
1143511
1143514
1143517
1143550
1143554
1143569
1143577
1143630
1143634
1143638
1143650
1143651
1143653
1143657
1143661
1143675
1143686
1143687
1143707
1143717
1143718
1143723
1143726
1143732
1143741
1143820
1143823
1143833
1143878
1143909
1143914
1143915
1143918
1143929
1143966
1143976
1144002
1144023
1144054
1144073
1144078
1144113
1144127
1144148
1144200
1144241
1144273
1144292
1144308
1144326
1144328
1144329
1144351
1144354
1144367
1144374
1144440
1144447
1144450
1144451
1144472
1144542
1144567
1144573
1144581
1144592
1144607
1144613
1144629
1144653
1144664
1144739
1144752
1144767
1144773
1144782
1144829
1144832
1144857
1144860
1144861
1144883
1144916
1144936
1144943
1144957
1144960
1144993
1145001
1145013
1145024
1145050
1145057
1145068
1145113
1145145
1145152
1145203
1145208
1145213
1145267
1145277
1145298
1145329
1145359
1145382
1145435
1145436
1145448
1145462
1145485
1145533
1145543
1145579
1145589
1145600
1145621
1145650
1145652
1145683
1145710
1145722
1145731
1145737
1145749
1145826
1145836
1145838
1145884
1145919
1145963
1145978
1145999
1146050
1146095
1146105
1146127
1146141
1146147
1146159
1146160
1146181
1146206
1146209
1146213
1146214
1146226
1146264
1146279
1146280
1146285
1146305
1146315
1146357
1146374
1146379
1146383
1146388
1146401
1146445
1146459
1146470
1146491
1146553
1146555
1146576
1146686
1146691
1146698
1146722
1146729
1146737
1146753
1146755
1146771
1146772
1146776
1146784
1146808
1146829
1146831
1146854
1146860
1146864
1146906
1146921
1146969
1147041
1147071
1147094
1147117
1147118
1147177
1147181
1147183
1147185
1147223
1147247
1147266
1147283
1147295
1147296
1147323
1147328
1147333
1147346
1147356
1147357
1147380
1147392
1147417
1147424
1147434
1147467
1147475
1147487
1147510
1147511
1147543
1147548
1147561
1147579
1147694
1147706
1147708
1147712
1147768
1147790
1147796
1147806
1147850
1147940
1147955
1147991
1147996
1148004
1148012
1148020
1148025
1148026
1148061
1148099
1148179
1148194
1148212
1148220
1148254
1148262
1148271
1148305
1148317
1148324
1148337
1148388
1148406
1148410
1148411
1148428
1148435
1148439
1148449
1148454
1148567
1148594
1148613
1148622
1148635
1148642
1148647
1148660
1148668
1148700
1148704
1148708
1148729
1148759
1148769
1148787
1148788
1148881
1148885
1148899
1148903
1148929
1148939
1148956
1148968
1148972
1149010
1149027
1149059
1149093
1149098
1149141
1149160
1149206
1149212
1149224
1149234
1149367
1149381
1149383
1149392
1149428
1149444
1149503
1149521
1149601
1149606
1149615
1149639
1149641
1149646
1149654
1149658
1149673
1149707
1149758
1149764
1149769
1149802
1149805
1149819
1149848
1149858
1149877
1149879
1149880
1149884
1149894
1149895
1149981
1150038
1150045
1150068
1150069
1150088
1150093
1150117
1150139
1150197
1150205
1150246
1150278
1150280
1150305
1150306
1150307
1150334
1150346
1150366
1150375
1150388
1150397
1150419
1150458
1150467
1150472
1150512
1150542
1150593
1150595
1150634
1150650
1150652
1150668
1150670
1150680
1150686
1150695
1150736
1150746
1150764
1150776
1150798
1150821
1150863
1150871
1150897
1150910
1150918
1150932
1150934
1151027
1151034
1151056
1151061
1151069
1151082
1151089
1151121
1151153
1151188
1151239
1151252
1151273
1151278
1151332
1151389
1151430
1151443
1151453
1151457
1151487
1151497
1151503
1151544
1151639
1151653
1151662
1151677
1151680
1151687
1151697
1151699
1151716
1151722
1151726
1151735
1151755
1151775
1151809
1151817
1151823
1151827
1151832
1151847
1151849
1151906
1151924
1151940
1151972
1151978
1152015
1152046
1152055
1152070
1152090
1152118
1152119
1152134
1152162
1152164
1152166
1152176
1152179
1152215
1152246
1152266
1152301
1152327
1152371
1152373
1152379
1152412
1152420
1152427
1152438
1152463
1152502
1152538
1152622
1152632
1152637
1152659
1152663
1152692
1152702
1152711
1152745
1152760
1152799
1152805
1152820
1152833
1152836
1152843
1152853
1152857
1152882
1152910
1152919
1152953
1152958
1152988
1153013
1153026
1153031
1153037
1153045
1153081
1153107
1153119
1153137
1153148
1153153
1153165
1153169
1153176
1153183
1153203
1153221
1153224
1153300
1153301
1153307
1153321
1153343
1153363
1153367
1153369
1153412
1153444
1153448
1153452
1153455
1153465
1153480
1153523
1153533
1153536
1153544
1153560
1153570
1153621
1153638
1153643
1153669
1153672
1153683
1153701
1153703
1153711
1153719
1153723
1153753
1153765
1153773
1153780
1153798
1153848
1153863
1153865
1153869
1153877
1153914
1153920
1153936
1153960
1153981
1153985
1153989
1154007
1154009
1154013
1154020
1154042
1154057
1154077
1154094
1154104
1154161
1154162
1154212
1154218
1154224
1154238
1154283
1154299
1154357
1154374
1154400
1154403
1154417
1154432
1154441
1154445
1154447
1154457
1154508
1154516
1154517
1154583
1154661
1154688
1154717
1154738
1154758
1154762
1154796
1154814
1154846
1154849
1154860
1154861
1154862
1154864
1154883
1154894
1154912
1154959
1154970
1154972
1155001
1155016
1155088
1155118
1155126
1155181
1155208
1155238
1155246
1155254
1155255
1155257
1155265
1155308
1155351
1155354
1155358
1155393
1155413
1155416
1155429
1155435
1155437
1155473
1155479
1155496
1155538
1155560
1155567
1155581
1155625
1155645
1155649
1155660
1155671
1155674
1155711
1155725
1155731
1155751
1155761
1155784
1155828
1155852
1155867
1155893
1155895
1155909
1155954
1156000
1156030
1156055
1156058
1156065
1156081
1156093
1156115
1156132
1156144
1156156
1156171
1156177
1156186
1156196
1156201
1156212
1156232
1156241
1156248
1156251
1156255
1156276
1156284
1156302
1156303
1156318
1156332
1156363
1156390
1156396
1156397
1156405
1156428
1156433
1156435
1156443
1156457
1156495
1156511
1156528
1156543
1156568
1156590
1156600
1156613
1156630
1156636
1156687
1156736
1156737
1156747
1156783
1156791
1156809
1156815
1156833
1156835
1156848
1156853
1156928
1156970
1156972
1157000
1157050
1157053
1157071
1157077
1157086
1157134
1157144
1157151
1157162
1157207
1157226
1157255
1157266
1157301
1157308
1157319
1157325
1157377
1157379
1157380
1157385
1157404
1157415
1157417
1157424
1157438
1157456
1157463
1157484
1157486
1157490
1157499
1157506
1157510
1157534
1157556
1157576
1157600
1157605
1157610
1157614
1157616
1157630
1157646
1157677
1157686
1157687
1157709
1157727
1157741
1157759
1157796
1157838
1157864
1157873
1157889
1157909
1157916
1157954
1157956
1158023
1158027
1158029
1158077
1158085
1158089
1158104
1158140
1158162
1158170
1158177
1158213
1158218
1158237
1158252
1158276
1158279
1158280
1158288
1158314
1158320
1158324
1158366
1158399
1158428
1158433
1158502
1158531
1158538
1158552
1158584
1158591
1158602
1158606
1158615
1158620
1158623
1158628
1158661
1158677
1158680
1158686
1158696
1158712
1158722
1158735
1158764
1158808
1158829
1158831
1158847
1158870
1158874
1158886
1158892
1158921
1158942
1158947
1158994
1158997
1159021
1159024
1159042
1159079
1159105
1159113
1159141
1159156
1159181
1159207
1159217
1159223
1159236
1159239
1159250
1159256
1159268
1159298
1159369
1159372
1159385
1159394
1159419
1159420
1159431
1159437
1159451
1159474
1159481
1159482
1159483
1159498
1159600
1159606
1159612
1159615
1159620
1159625
1159634
1159639
1159679
1159684
1159686
1159718
1159765
1159788
1159791
1159829
1159835
1159866
1159884
1159919
1159933
1159934
1159985
1159986
1159996
1159998
1160038
1160052
1160056
1160069
1160074
1160087
1160103
1160109
1160163
1160182
1160184
1160210
1160214
1160225
1160286
1160306
1160325
1160330
1160333
1160352
1160361
1160366
1160383
1160414
1160419
1160462
1160497
1160508
1160550
1160552
1160624
1160649
1160667
1160680
1160711
1160731
1160774
1160799
1160829
1160831
1160884
1160896
1160922
1160940
1160956
1161015
1161021
1161025
1161038
1161049
1161057
1161080
1161100
1161106
1161107
1161123
1161124
1161166
1161184
1161196
1161226
1161227
1161246
1161249
1161294
1161297
1161301
1161326
1161328
1161337
1161375
1161382
1161383
1161387
1161401
1161425
1161427
1161468
1161485
1161513
1161544
1161554
1161568
1161579
1161587
1161592
1161597
1161602
1161613
1161649
1161686
1161698
1161721
1161769
1161787
1161797
1161838
1161856
1161887
1161928
1161937
1161947
1161951
1161993
1162009
1162030
1162042
1162048
1162061
1162079
1162080
1162101
1162122
1162152
1162157
1162164
1162167
1162172
1162195
1162205
1162268
1162270
1162274
1162293
1162304
1162351
1162435
1162441
1162472
1162483
1162497
1162502
1162542
1162546
1162552
1162553
1162563
1162564
1162577
1162600
1162616
1162617
1162654
1162655
1162665
1162674
1162690
1162691
1162697
1162699
1162757
1162763
1162768
1162783
1162793
1162796
1162816
1162824
1162825
1162864
1162870
1162873
1162886
1162893
1162898
1162928
1162948
1162956
1162961
1162974
1162989
1162990
1163003
1163017
1163022
1163058
1163088
1163099
1163117
1163119
1163121
1163158
1163168
1163169
1163173
1163187
1163200
1163208
1163223
1163242
1163255
1163259
1163262
1163280
1163293
1163305
1163319
1163325
1163347
1163366
1163394
1163422
1163452
1163488
1163489
1163491
1163522
1163523
1163530
1163552
1163597
1163604
1163618
1163656
1163666
1163686
1163697
1163706
1163718
1163741
1163745
1163754
1163776
1163808
1163825
1163852
1163854
1163870
1163898
1163911
1163922
1163936
1163985
1163991
1163995
1164033
1164066
1164071
1164089
1164091
1164121
1164125
1164148
1164152
1164204
1164205
1164251
1164275
1164293
1164353
1164365
1164369
1164378
1164380
1164428
1164512
1164516
1164557
1164590
1164594
1164638
1164653
1164656
1164728
1164730
1164734
1164740
1164757
1164758
1164834
1164868
1164913
1164914
1164944
1164951
1164961
1164991
1164998
1165013
1165031
1165032
1165036
1165037
1165040
1165065
1165069
1165127
1165135
1165147
1165158
1165167
1165173
1165180
1165245
1165250
1165317
1165395
1165403
1165424
1165464
1165546
1165556
1165560
1165612
1165630
1165639
1165674
1165681
1165691
1165693
1165700
1165704
1165706
1165707
1165770
1165774
1165779
1165781
1165824
1165837
1165885
1165888
1165906
1165909
1165913
1165945
1165950
1165964
1165966
1165968
1165974
1166001
1166002
1166031
1166047
1166051
1166075
1166092
1166105
1166114
1166121
1166143
1166146
1166178
1166227
1166229
1166254
1166257
1166287
1166306
1166309
1166345
1166374
1166402
1166440
1166447
1166459
1166469
1166486
1166524
1166540
1166552
1166556
1166583
1166605
1166610
1166624
1166631
1166635
1166642
1166674
1166677
1166686
1166693
1166705
1166711
1166720
1166757
1166764
1166789
1166808
1166854
1166864
1166871
1166879
1166881
1166882
1166889
1166940
1166947
1166956
1166962
1166965
1166977
1167002
1167003
1167045
1167061
1167065
1167078
1167103
1167106
1167108
1167113
1167123
1167147
1167148
1167161
1167175
1167197
1167241
1167250
1167270
1167302
1167332
1167367
1167400
1167401
1167412
1167462
1167463
1167525
1167526
1167547
1167556
1167567
1167569
1167571
1167575
1167615
1167630
1167632
1167648
1167650
1167664
1167726
1167741
1167762
1167768
1167783
1167794
1167799
1167819
1167823
1167882
1167950
1168026
1168031
1168115
1168138
1168168
1168174
1168205
1168219
1168229
1168248
1168253
1168291
1168309
1168346
1168384
1168387
1168416
1168419
1168457
1168482
1168543
1168545
1168581
1168588
1168603
1168607
1168612
1168639
1168654
1168659
1168660
1168672
1168724
1168772
1168804
1168841
1168845
1168858
1168859
1168882
1168941
1168950
1168981
1169017
1169023
1169036
1169046
1169052
1169066
1169106
1169115
1169176
1169259
1169291
1169294
1169302
1169314
1169315
1169351
1169358
1169403
1169422
1169432
1169434
1169487
1169497
1169532
1169536
1169566
1169568
1169586
1169620
1169689
1169708
1169710
1169717
1169741
1169755
1169762
1169770
1169786
1169836
1169838
1169846
1169891
1169917
1169983
1170001
1170005
1170018
1170052
1170056
1170072
1170078
1170082
1170109
1170118
1170136
1170150
1170164
1170167
1170181
1170208
1170210
1170221
1170225
1170243
1170251
1170286
1170292
1170295
1170357
1170390
1170393
1170400
1170421
1170442
1170445
1170470
1170479
1170539
1170551
1170586
1170610
1170653
1170679
1170699
1170750
1170763
1170767
1170818
1170827
1170833
1170855
1170858
1170880
1170888
1170894
1170899
1170928
1170954
1170955
1170958
1170978
1171045
1171070
1171099
1171110
1171140
1171180
1171182
1171188
1171215
1171225
1171247
1171261
1171269
1171295
1171379
1171381
1171395
1171430
1171447
1171454
1171461
1171470
1171518
1171530
1171542
1171565
1171567
1171576
1171579
1171602
1171613
1171623
1171636
1171645
1171698
1171725
1171748
1171774
1171780
1171816
1171836
1171839
1171890
1171899
1171901
1171902
1171921
1171930
1171932
1171934
1171940
1171948
1171966
1171971
1172002
1172046
1172056
1172057
1172065
1172069
1172071
1172086
1172127
1172144
1172186
1172200
1172210
1172218
1172261
1172277
1172362
1172365
1172402
1172428
1172461
1172463
1172483
1172495
1172496
1172535
1172542
1172551
1172566
1172570
1172571
1172580
1172593
1172631
1172667
1172676
1172707
1172726
1172731
1172744
1172790
1172796
1172826
1172927
1172952
1172956
1172957
1172967
1172980
1173019
1173032
1173033
1173036
1173037
1173039
1173044
1173054
1173181
1173219
1173233
1173239
1173244
1173260
1173275
1173295
1173307
1173309
1173320
1173340
1173341
1173346
1173347
1173422
1173425
1173429
1173440
1173454
1173463
1173496
1173528
1173560
1173566
1173588
1173628
1173634
1173636
1173708
1173770
1173776
1173778
1173779
1173783
1173799
1173804
1173825
1173833
1173852
1173920
1173947
1174010
1174024
1174029
1174038
1174041
1174044
1174070
1174075
1174084
1174100
1174101
1174114
1174121
1174123
1174136
1174141
1174176
1174255
1174321
1174331
1174351
1174356
1174369
1174372
1174376
1174389
1174411
1174469
1174473
1174478
1174479
1174493
1174522
1174561
1174620
1174637
1174650
1174658
1174670
1174674
1174682
1174688
1174689
1174696
1174713
1174725
1174732
1174744
1174747
1174750
1174755
1174815
1174844
1174894
1174896
1174916
1174954
1174986
1174990
1174991
1175036
1175064
1175096
1175098
1175115
1175128
1175148
1175181
1175188
1175220
1175221
1175227
1175290
1175298
1175316
1175331
1175367
1175407
1175414
1175419
1175442
1175445
1175457
1175493
1175494
1175513
1175534
1175561
1175590
1175609
1175616
1175680
1175702
1175733
1175740
1175781
1175813
1175819
1175845
1175850
1175879
1175899
1175938
1175968
1175970
1176021
1176077
1176100
1176104
1176105
1176110
1176119
1176124
1176131
1176147
1176157
1176161
1176163
1176186
1176207
1176215
1176217
1176225
1176276
1176291
1176305
1176415
1176444
1176473
1176527
1176528
1176543
1176549
1176550
1176551
1176575
1176581
1176616
1176635
1176640
1176667
1176670
1176681
1176698
1176709
1176710
1176727
1176735
1176779
1176809
1176870
1176889
1176910
1176916
1176928
1176944
1176996
1177005
1177011
1177031
1177048
1177058
1177063
1177084
1177124
1177136
1177140
1177144
1177147
1177189
1177206
1177294
1177316
1177321
1177324
1177327
1177338
1177387
1177393
1177412
1177415
1177437
1177476
1177516
1177528
1177529
1177553
1177580
1177584
1177603
1177609
1177620
1177628
1177630
1177646
1177662
1177665
1177695
1177710
1177713
1177717
1177729
1177737
1177746
1177763
1177781
1177828
1177838
1177936
1178032
1178035
1178078
1178108
1178115
1178123
1178135
1178170
1178242
1178284
1178319
1178324
1178342
1178346
1178360
1178367
1178372
1178373
1178388
1178389
1178408
1178418
1178428
1178437
1178439
1178447
1178448
1178488
1178496
1178512
1178527
1178544
1178600
1178614
1178653
1178660
1178705
1178718
1178732
1178754
1178787
1178793
1178799
1178810
1178858
1178859
1178864
1178905
1178973
1178978
1179023
1179057
1179058
1179084
1179089
1179115
1179148
1179214
1179226
1179246
1179316
1179354
1179363
1179365
1179385
1179403
1179406
1179424
1179448
1179457
1179468
1179490
1179549
1179550
1179561
1179568
1179571
1179604
1179612
1179622
1179628
1179675
1179686
1179726
1179758
1179780
1179782
1179839
1179868
1179884
1179920
1179926
1179927
1179945
1179959
1180012
1180021
1180031
1180047
1180063
1180066
1180103
1180119
1180128
1180160
1180215
1180261
1180281
1180283
1180300
1180307
1180330
1180343
1180362
1180364
1180379
1180382
1180391
1180402
1180468
1180501
1180526
1180564
1180567
1180573
1180594
1180645
1180665
1180669
1180685
1180695
1180708
1180712
1180720
1180766
1180787
1180792
1180799
1180822
1180828
1180839
1180896
1180898
1180909
1180916
1180922
1180934
1180971
1180983
1180988
1180998
1181045
1181046
1181083
1181089
1181091
1181099
1181112
1181116
1181119
1181138
1181152
1181212
1181248
1181249
1181272
1181283
1181305
1181309
1181331
1181335
1181360
1181362
1181374
1181376
1181388
1181396
1181404
1181429
1181453
1181461
1181474
1181477
1181485
1181567
1181608
1181649
1181652
1181669
1181675
1181681
1181698
1181708
1181714
1181757
1181808
1181809
1181833
1181848
1181853
1181865
1181868
1181897
1181915
1181922
1181930
1181956
1181979
1181980
1181983
1182011
1182029
1182042
1182052
1182056
1182061
1182063
1182064
1182106
1182114
1182121
1182167
1182189
1182193
1182210
1182224
1182226
1182261
1182263
1182268
1182278
1182289
1182292
1182318
1182346
1182367
1182371
1182376
1182377
1182392
1182442
1182469
1182470
1182480
1182490
1182494
1182511
1182517
1182543
1182560
1182602
1182618
1182629
1182652
1182676
1182685
1182726
1182743
1182751
1182766
1182772
1182787
1182827
1182834
1182845
1182851
1182864
1182868
1182940
1182943
1182951
1182956
1183011
1183018
1183026
1183028
1183064
1183068
1183096
1183110
1183139
1183181
1183195
1183250
1183261
1183274
1183292
1183302
1183310
1183324
1183352
1183361
1183380
1183411
1183412
1183434
1183460
1183487
1183548
1183558
1183562
1183578
1183591
1183600
1183611
1183648
1183654
1183680
1183725
1183726
1183759
1183770
1183786
1183792
1183863
1183945
1183949
1183951
1183957
1183968
1183978
1183991
1184024
1184026
1184052
1184114
1184179
1184193
1184226
1184248
1184285
1184286
1184300
1184322
1184336
1184355
1184368
1184373
1184384
1184386
1184422
1184428
1184431
1184471
1184488
1184491
1184492
1184500
1184523
1184581
1184593
1184611
1184612
1184620
1184624
1184639
1184647
1184665
1184691
1184722
1184728
1184729
1184743
1184750
1184753
1184775
1184800
1184803
1184849
1184855
1184861
1184875
1184896
1184914
1184928
1184931
1184943
1184946
1184955
1184963
1184974
1184978
1184982
1185045
1185051
1185069
1185093
1185108
1185209
1185242
1185317
1185331
1185337
1185380
1185441
1185445
1185451
1185483
1185504
1185505
1185507
1185518
1185534
1185601
1185602
1185618
1185646
1185654
1185659
1185679
1185717
1185720
1185745
1185753
1185772
1185807
1185835
1185857
1185869
1185912
1185928
1186027
1186038
1186047
1186048
1186096
1186098
1186110
1186118
1186131
1186141
1186146
1186175
1186197
1186213
1186229
1186268
1186281
1186302
1186307
1186310
1186332
1186358
1186378
1186429
1186461
1186462
1186547
1186608
1186613
1186624
1186631
1186656
1186678
1186714
1186721
1186815
1186819
1186830
1186840
1186842
1186871
1186900
1186918
1186943
1186945
1186950
1186958
1186964
1186991
1187023
1187040
1187047
1187060
1187066
1187069
1187127
1187170
1187173
1187192
1187209
1187253
1187258
1187296
1187328
1187350
1187351
1187383
1187412
1187415
1187436
1187479
1187501
1187567
1187575
1187589
1187613
1187621
1187632
1187668
1187673
1187684
1187709
1187726
1187735
1187772
1187789
1187818
1187829
1187841
1187850
1187872
1187913
1187922
1187952
1188001
1188007
1188045
1188051
1188084
1188098
1188104
1188115
1188132
1188145
1188157
1188195
1188201
1188206
1188223
1188243
1188244
1188247
1188253
1188265
1188266
1188326
1188346
1188355
1188376
1188380
1188428
1188442
1188462
1188478
1188495
1188500
1188543
1188557
1188560
1188578
1188593
1188607
1188612
1188618
1188648
1188657
1188659
1188681
1188687
1188701
1188713
1188725
1188726
1188729
1188793
1188806
1188813
1188814
1188822
1188850
1188857
1188874
1188878
1188907
1188930
1188943
1188973
1189043
1189059
1189079
1189089
1189117
1189158
1189188
1189200
1189237
1189276
1189304
1189318
1189321
1189329
1189344
1189411
1189416
1189451
1189456
1189458
1189470
1189567
1189642
1189678
1189696
1189700
1189719
1189721
1189727
1189750
1189766
1189796
1189800
1189808
1189811
1189813
1189834
1189900
1189928
1189978
1190016
1190026
1190069
1190075
1190093
1190106
1190108
1190109
1190162
1190165
1190211
1190266
1190276
1190291
1190301
1190343
1190364
1190365
1190374
1190386
1190418
1190439
1190454
1190467
1190478
1190486
1190509
1190577
1190578
1190583
1190590
1190592
1190622
1190645
1190684
1190701
1190706
1190726
1190727
1190728
1190762
1190774
1190797
1190833
1190840
1190884
1190889
1190891
1190896
1190915
1190935
1191012
1191028
1191035
1191036
1191050
1191066
1191078
1191082
1191102
1191108
1191188
1191194
1191199
1191237
1191291
1191340
1191363
1191364
1191414
1191415
1191418
1191438
1191559
1191599
1191646
1191664
1191711
1191731
1191746
1191791
1191812
1191814
1191820
1191827
1191864
1191865
1191873
1191880
1191892
1191904
1191910
1191922
1191930
1191948
1191999
1192002
1192004
1192005
1192034
1192039
1192048
1192049
1192101
1192182
1192280
1192304
1192309
1192342
1192344
1192362
1192366
1192368
1192380
1192392
1192441
1192473
1192492
1192591
1192592
1192598
1192625
1192657
1192668
1192695
1192720
1192733
1192734
1192792
1192793
1192826
1192835
1192848
1192889
1192895
1192896
1192958
1192969
1192973
1192977
1192982
1192997
1192999
1193037
1193040
1193045
1193064
1193067
1193075
1193129
1193154
1193192
1193198
1193203
1193207
1193219
1193223
1193229
1193248
1193255
1193357
1193431
1193432
1193435
1193440
1193448
1193449
1193454
1193472
1193510
1193527
1193554
1193560
1193562
1193571
1193625
1193645
1193691
1193708
1193720
1193791
1193794
1193820
1193861
1193876
1193910
1193924
1193927
1193953
1193958
1193977
1194004
1194006
1194044
1194061
1194081
1194082
1194083
1194093
1194099
1194104
1194110
1194113
1194147
1194150
1194176
1194183
1194184
1194233
1194282
1194290
1194300
1194331
1194343
1194345
1194346
1194349
1194361
1194370
1194375
1194378
1194403
1194408
1194417
1194475
1194521
1194551
1194615
1194619
1194631
1194642
1194644
1194659
1194660
1194664
1194694
1194741
1194797
1194799
1194804
1194845
1194881
1194909
1194937
1194961
1194966
1194978
1195002
1195041
1195131
1195159
1195192
1195193
1195198
1195230
1195231
1195249
1195274
1195276
1195291
1195297
1195310
1195341
1195377
1195397
1195402
1195409
1195417
1195418
1195433
1195474
1195480
1195499
1195535
1195543
1195593
1195697
1195711
1195733
1195744
1195759
1195789
1195812
1195839
1195875
1195877
1195910
1195968
1195985
1196004
1196011
1196030
1196038
1196054
1196103
1196116
1196130
1196145
1196174
1196179
1196183
1196217
1196228
1196230
1196236
1196255
1196298
1196322
1196326
1196356
1196370
1196382
1196417
1196424
1196440
1196447
1196462
1196474
1196498
1196503
1196553
1196567
1196575
1196578
1196592
1196638
1196648
1196652
1196695
1196724
1196727
1196771
1196808
1196836
1196853
1196873
1196877
1196910
1196934
1196936
1196968
1196974
1196975
1196977
1196989
1197005
1197024
1197029
1197055
1197085
1197146
1197152
1197163
1197184
1197198
1197205
1197225
1197231
1197266
1197283
1197286
1197368
1197418
1197432
1197437
1197438
1197468
1197473
1197497
1197507
1197514
1197528
1197580
1197588
1197602
1197634
1197643
1197649
1197663
1197687
1197688
1197742
1197744
1197747
1197755
1197786
1197803
1197887
1197911
1197915
1197927
1197938
1197944
1197971
1197989
1197998
1198004
1198010
1198045
1198058
1198073
1198088
1198092
1198102
1198114
1198127
1198157
1198177
1198201
1198217
1198235
1198238
1198274
1198276
1198296
1198322
1198323
1198325
1198335
1198358
1198414
1198427
1198434
1198445
1198497
1198506
1198519
1198545
1198565
1198581
1198605
1198628
1198632
1198658
1198676
1198682
1198704
1198717
1198799
1198864
1198875
1198900
1198906
1198921
1198935
1198945
1198963
1198974
1199000
1199045
1199063
1199085
1199088
1199102
1199118
1199129
1199138
1199151
1199170
1199171
1199208
1199209
1199227
1199244
1199253
1199257
1199296
1199306
1199337
1199373
1199392
1199393
1199401
1199477
1199480
1199496
1199518
1199541
1199548
1199571
1199584
1199630
1199633
1199637
1199646
1199657
1199694
1199751
1199762
1199765
1199771
1199813
1199821
1199825
1199929
1199932
1199933
1199945
1199974
1199998
1200030
1200045
1200059
1200072
1200094
1200098
1200107
1200122
1200128
1200140
1200162
1200175
1200196
1200208
1200224
1200236
1200269
1200277
1200299
1200308
1200331
1200375
1200384
1200387
1200398
1200402
1200409
1200436
1200492
1200501
1200525
1200533
1200549
1200556
1200590
1200593
1200599
1200603
1200608
1200703
1200706
1200708
1200710
1200738
1200755
1200770
1200797
1200851
1200854
1200873
1200919
1200939
1200962
1200965
1200973
1200979
1200994
1201013
1201018
1201022
1201078
1201079
1201087
1201097
1201102
1201152
1201228
1201232
1201237
1201252
1201256
1201283
1201291
1201297
1201341
1201379
1201394
1201414
1201433
1201437
1201446
1201462
1201509
1201514
1201525
1201534
1201543
1201578
1201617
1201619
1201624
1201713
1201761
1201797
1201868
1201871
1201875
1201877
1201890
1201991
1202035
1202039
1202044
1202057
1202119
1202129
1202198
1202259
1202262
1202266
1202302
1202345
1202350
1202383
1202385
1202397
1202403
1202423
1202439
1202452
1202479
1202518
1202532
1202534
1202570
1202592
1202601
1202661
1202668
1202680
1202693
1202711
1202718
1202721
1202739
1202742
1202747
1202772
1202783
1202803
1202820
1202836
1202913
1202957
1202974
1203033
1203086
1203087
1203132
1203139
1203142
1203144
1203162
1203241
1203255
1203261
1203262
1203269
1203283
1203326
1203327
1203331
1203340
1203364
1203375
1203383
1203391
1203402
1203403
1203414
1203420
1203428
1203440
1203455
1203459
1203490
1203507
1203527
1203528
1203560
1203573
1203580
1203626
1203639
1203653
1203706
1203732
1203747
1203767
1203769
1203793
1203800
1203802
1203814
1203827
1203849
1203878
1203892
1203950
1203979
1204051
1204058
1204083
1204096
1204150
1204159
1204173
1204177
1204187
1204210
1204235
1204257
1204311
1204320
1204323
1204340
1204344
1204410
1204435
1204437
1204441
1204454
1204460
1204471
1204518
1204523
1204537
1204585
1204587
1204592
1204612
1204624
1204633
1204677
1204683
1204696
1204728
1204749
1204756
1204774
1204775
1204783
1204803
1204862
1204881
1204923
1204925
1204928
1204933
1204936
1204972
1204987
1205002
1205005
1205007
1205040
1205050
1205060
1205081
1205097
1205104
1205123
1205127
1205153
1205190
1205193
1205248
1205256
1205259
1205276
1205288
1205343
1205361
1205380
1205385
1205399
1205436
1205451
1205523
1205532
1205551
1205587
1205642
1205651
1205700
1205735
1205843
1205860
1205888
1205889
1205910
1205918
1205922
1205937
1205947
1205958
1205960
1205973
1205993
1206003
1206006
1206009
1206019
1206027
1206046
1206066
1206071
1206095
1206144
1206165
1206180
1206189
1206191
1206202
1206203
1206248
1206293
1206301
1206313
1206349
1206378
1206403
1206412
1206426
1206438
1206448
1206457
1206463
1206466
1206471
1206474
1206547
1206571
1206589
1206603
1206614
1206626
1206656
1206664
1206699
1206702
1206712
1206726
1206742
1206750
1206769
1206807
1206829
1206875
1206880
1206913
1206916
1206931
1206933
1206936
1206938
1206941
1206942
1206970
1207016
1207035
1207041
1207075
1207078
1207080
1207093
1207095
1207132
1207154
1207167
1207169
1207182
1207198
1207240
1207261
1207283
1207299
1207300
1207306
1207322
1207341
1207394
1207405
1207465
1207485
1207506
1207556
1207615
1207658
1207660
1207671
1207680
1207682
1207693
1207697
1207757
1207766
1207795
1207804
1207815
1207822
1207834
1207852
1207881
1207883
1207885
1207894
1207911
1207926
1207927
1207936
1207940
1207945
1207948
1207953
1207985
1207991
1208002
1208006
1208019
1208021
1208023
1208046
1208078
1208093
1208094
1208145
1208175
1208182
1208216
1208255
1208275
1208289
1208291
1208295
1208297
1208301
1208311
1208315
1208341
1208376
1208387
1208410
1208431
1208442
1208462
1208485
1208530
1208550
1208552
1208599
1208637
1208643
1208652
1208662
1208702
1208710
1208716
1208732
1208771
1208780
1208797
1208823
1208837
1208994
1209017
1209026
1209088
1209107
1209121
1209137
1209145
1209183
1209185
1209187
1209192
1209246
1209251
1209262
1209264
1209340
1209352
1209390
1209400
1209441
1209457
1209460
1209491
1209517
1209537
1209554
1209573
1209608
1209613
1209614
1209661
1209717
1209733
1209746
1209754
1209802
1209809
1209820
1209823
1209824
1209843
1209858
1209862
1209869
1209936
1209937
1209951
1210060
1210081
1210099
1210108
1210130
1210133
1210157
1210161
1210202
1210206
1210238
1210241
1210254
1210261
1210289
1210330
1210347
1210425
1210468
1210495
1210496
1210515
1210522
1210567
1210579
1210589
1210607
1210650
1210709
1210735
1210740
1210750
1210777
1210793
1210808
1210816
1210833
1210936
1210944
1210980
1210983
1210992
1211080
1211117
1211150
1211152
1211176
1211189
1211203
1211207
1211255
1211274
1211279
1211333
1211350
1211365
1211385
1211404
1211479
1211481
1211516
1211520
1211522
1211528
1211540
1211546
1211549
1211561
1211566
1211567
1211575
1211615
1211635
1211645
1211658
1211692
1211712
1211715
1211723
1211728
1211794
1211799
1211805
1211810
1211866
1211883
1211896
1211910
1211943
1211969
1211989
1212003
1212005
1212006
1212012
1212048
1212086
1212099
1212115
1212147
1212162
1212180
1212186
1212197
1212204
1212208
1212210
1212216
1212228
1212241
1212243
1212246
1212267
1212284
1212308
1212318
1212350
1212381
1212397
1212398
1212447
1212450
1212453
1212471
1212481
1212494
1212512
1212529
1212546
1212549
1212556
1212575
1212581
1212583
1212590
1212596
1212598
1212608
1212639
1212660
1212670
1212678
1212683
1212690
1212695
1212734
1212738
1212761
1212763
1212860
1212865
1212869
1212917
1212943
1212965
1212973
1212976
1212981
1213027
1213031
1213054
1213062
1213075
1213136
1213151
1213191
1213223
1213228
1213247
1213273
1213290
1213291
1213300
1213303
1213357
1213359
1213425
1213427
1213434
1213437
1213442
1213475
1213483
1213522
1213526
1213541
1213551
1213599
1213608
1213612
1213616
1213628
1213680
1213687
1213702
1213710
1213745
1213750
1213757
1213779
1213785
1213816
1213857
1213874
1213880
1213897
1213915
1213930
1213949
1213959
1213996
1214018
1214020
1214025
1214030
1214039
1214059
1214066
1214100
1214140
1214154
1214162
1214163
1214216
1214225
1214239
1214247
1214255
1214279
1214283
1214307
1214329
1214330
1214379
1214416
1214425
1214436
1214458
1214488
1214532
1214548
1214555
1214638
1214650
1214657
1214672
1214691
1214696
1214714
1214735
1214771
1214778
1214788
1214790
1214791
1214800
1214809
1214811
1214819
1214828
1214830
1214875
1214877
1214885
1214893
1214908
1214956
1214957
1214968
1214979
1214980
1214987
1214995
1214997
1215001
1215030
1215053
1215066
1215089
1215090
1215095
1215120
1215132
1215135
1215160
1215161
1215164
1215172
1215174
1215220
1215221
1215224
1215235
1215253
1215264
1215357
1215368
1215469
1215489
1215494
1215503
1215510
1215551
1215567
1215588
1215623
1215627
1215636
1215661
1215695
1215754
1215767
1215775
1215825
1215829
1215840
1215878
1215887
1215897
1215919
1215935
1215948
1215994
1215995
1215998
1216037
1216039
1216050
1216059
1216071
1216085
1216106
1216110
1216131
1216136
1216138
1216167
1216168
1216170
1216193
1216253
1216255
1216271
1216406
1216411
1216488
1216509
1216520
1216538
1216561
1216565
1216575
1216579
1216594
1216597
1216599
1216708
1216710
1216717
1216759
1216783
1216795
1216875
1216892
1216903
1216916
1216946
1216958
1216961
1216978
1217019
1217023
1217048
1217053
1217065
1217090
1217097
1217102
1217121
1217148
1217162
1217234
1217260
1217267
1217275
1217292
1217319
1217376
1217380
1217403
1217422
1217434
1217440
1217447
1217493
1217510
1217519
1217520
1217555
1217572
1217587
1217589
1217628
1217636
1217650
1217705
1217722
1217735
1217748
1217798
1217851
1217873
1217909
1217914
1217943
1217969
1217973
1218053
1218056
1218105
1218110
1218132
1218148
1218177
1218184
1218202
1218221
1218272
1218309
1218331
1218357
1218360
1218362
1218425
1218454
1218475
1218488
1218491
1218523
1218543
1218548
1218573
1218574
1218601
1218617
1218633
1218656
1218674
1218682
1218684
1218697
1218713
1218726
1218781
1218792
1218837
1218884
1218891
1218892
1218902
1218917
1218924
1218945
1218962
1218992
1218995
1218998
1219073
1219076
1219079
1219085
1219112
1219226
1219227
1219245
1219267
1219273
1219291
1219299
1219308
1219331
1219343
1219349
1219352
1219368
1219370
1219426
1219429
1219431
1219437
1219448
1219459
1219465
1219467
1219503
1219511
1219544
1219579
1219608
1219622
1219645
1219658
1219723
1219725
1219731
1219780
1219789
1219801
1219805
1219828
1219832
1219862
1219876
1219927
1219938
1219949
1219952
1220014
1220025
1220035
1220039
1220051
1220070
1220074
1220098
1220099
1220108
1220114
1220137
1220153
1220154
1220211
1220225
1220237
1220242
1220248
1220261
1220272
1220274
1220285
1220287
1220296
1220305
1220310
1220317
1220324
1220332
1220389
1220391
1220437
1220449
1220464
1220474
1220490
1220514
1220525
1220529
1220544
1220557
1220571
1220590
1220632
1220640
1220662
1220681
1220714
1220746
1220753
1220770
1220771
1220782
1220793
1220805
1220828
1220831
1220840
1220887
1220933
1220952
1220957
1220970
1220972
1220979
1221062
1221078
1221133
1221138
1221142
1221153
1221157
1221158
1221172
1221197
1221202
1221215
1221216
1221235
1221241
1221295
1221306
1221319
1221333
1221362
1221366
1221422
1221465
1221496
1221515
1221545
1221553
1221574
1221576
1221577
1221606
1221638
1221701
1221710
1221722
1221724
1221764
1221766
1221790
1221801
1221860
1221877
1221951
1221976
1222038
1222086
1222093
1222139
1222143
1222164
1222165
1222169
1222193
1222202
1222211
1222219
1222226
1222248
1222262
1222291
1222319
1222324
1222329
1222333
1222357
1222379
1222382
1222392
1222398
1222423
1222436
1222453
1222458
1222479
1222480
1222497
1222500
1222503
1222517
1222535
1222541
1222582
1222602
1222644
1222661
1222667
1222693
1222710
1222724
1222747
1222762
1222768
1222783
1222789
1222795
1222802
1222838
1222850
1222882
1222953
1222977
1223016
1223024
1223030
1223032
1223045
1223060
1223077
1223088
1223101
1223145
1223150
1223160
1223170
1223192
1223242
1223272
1223275
1223322
1223346
1223353
1223377
1223413
1223418
1223434
1223494
1223511
1223520
1223529
1223549
1223581
1223590
1223601
1223665
1223666
1223693
1223715
1223724
1223738
1223763
1223771
1223775
1223793
1223797
1223833
1223881
1223915
1223956
1223974
1224002
1224035
1224052
1224069
1224115
1224122
1224126
1224154
1224163
1224204
1224260
1224273
1224311
1224316
1224331
1224341
1224397
1224419
1224434
1224466
1224478
1224503
1224530
1224544
1224547
1224570
1224593
1224598
1224647
1224667
1224673
1224683
1224685
1224689
1224692
1224707
1224711
1224745
1224765
1224783
1224790
1224815
1224818
1224856
1224862
1224873
1224899
1224904
1224919
1224932
1224988
1224996
1225027
1225060
1225172
1225181
1225242
1225270
1225280
1225304
1225318
1225333
1225336
1225354
1225384
1225392
1225407
1225411
1225441
1225451
1225457
1225462
1225496
1225510
1225517
1225534
1225539
1225556
1225557
1225582
1225585
1225612
1225620
1225623
1225648
1225653
1225687
1225701
1225712
1225722
1225737
1225752
1225759
1225789
1225807
1225817
1225841
1225853
1225925
1225926
1225935
1225958
1225987
1226007
1226014
1226015
1226030
1226055
1226108
1226124
1226140
1226181
1226223
1226255
1226260
1226261
1226263
1226273
1226282
1226306
1226313
1226315
1226320
1226356
1226372
1226392
1226406
1226411
1226433
1226436
1226474
1226475
1226501
1226546
1226553
1226555
1226610
1226652
1226660
1226676
1226677
1226704
1226709
1226724
1226735
1226797
1226827
1226881
1226899
1226913
1226961
1226962
1227009
1227042
1227128
1227176
1227190
1227203
1227253
1227272
1227277
1227318
1227319
1227328
1227329
1227339
1227357
1227375
1227381
1227399
1227426
1227448
1227455
1227459
1227469
1227473
1227481
1227509
1227527
1227560
1227561
1227570
1227591
1227603
1227655
1227679
1227681
1227719
1227725
1227772
1227785
1227797
1227811
1227812
1227817
1227822
1227828
1227850
1227855
1227869
1227880
1227912
1227913
1227926
1227944
1227952
1227970
1228007
1228034
1228044
1228049
1228072
1228110
1228111
1228138
1228139
1228143
1228182
1228234
1228250
1228253
1228257
1228342
1228344
1228389
1228391
1228443
1228465
1228468
1228490
1228502
1228503
1228507
1228511
1228540
1228550
1228555
1228567
1228598
1228606
1228615
1228634
1228658
1228695
1228708
1228759
1228780
1228782
1228822
1228831
1228886
1228920
1228933
1228939
1228942
1228982
1228989
1229009
1229039
1229043
1229052
1229080
1229116
1229171
1229185
1229193
1229199
1229215
1229243
1229244
1229247
1229316
1229318
1229322
1229368
1229403
1229428
1229441
1229454
1229460
1229471
1229478
1229487
1229490
1229491
1229515
1229538
1229540
1229544
1229552
1229560
1229584
1229613
1229618
1229620
1229636
1229642
1229648
1229651
1229666
1229670
1229676
1229704
1229746
1229870
1229907
1229917
1229962
1229988
1229993
1229995
1230034
1230043
1230052
1230092
1230093
1230105
1230110
1230130
1230163
1230185
1230228
1230237
1230265
1230269
1230274
1230284
1230327
1230328
1230356
1230357
1230387
1230396
1230448
1230458
1230461
1230478
1230488
1230570
1230581
1230587
1230605
1230625
1230630
1230631
1230660
1230712
1230736
1230741
1230751
1230762
1230795
1230890
1230910
1230942
1230968
1230978
1230991
1231009
1231016
1231033
1231038
1231133
1231175
1231176
1231183
1231185
1231187
1231206
1231228
1231237
1231243
1231286
1231300
1231309
1231320
1231360
1231369
1231389
1231401
1231403
1231404
1231434
1231504
1231556
1231575
1231597
1231611
1231637
1231681
1231686
1231696
1231697
1231708
1231710
1231751
1231763
1231764
1231799
1231812
1231864
1231887
1231890
1231899
1231902
1231904
1231915
1231923
1231930
1231935
1231954
1231972
1231978
1231994
1232035
1232036
1232051
1232074
1232114
1232142
1232174
1232230
1232238
1232246
1232274
1232326
1232331
1232353
1232354
1232357
1232392
1232400
1232423
1232465
1232466
1232470
1232472
1232498
1232507
1232512
1232514
1232556
1232566
1232586
1232606
1232614
1232621
1232624
1232627
1232632
1232655
1232671
1232672
1232688
1232692
1232703
1232715
1232717
1232749
1232750
1232764
1232769
1232787
1232803
1232813
1232819
1232821
1232866
1232871
1232897
1232904
1232938
1232952
1233018
1233039
1233049
1233051
1233053
1233086
1233096
1233163
1233183
1233188
1233202
1233203
1233209
1233223
1233253
1233269
1233283
1233295
1233303
1233339
1233385
1233429
1233432
1233447
1233473
1233497
1233518
1233539
1233546
1233550
1233579
1233589
1233595
1233621
1233629
1233633
1233656
1233676
1233690
1233704
1233716
1233725
1233747
1233800
1233846
1233853
1233855
1233868
1233870
1233890
1233895
1233908
1233911
1233918
1233923
1233924
1233941
1233972
1233977
1233996
1234008
1234015
1234020
1234040
1234077
1234137
1234141
1234143
1234147
1234150
1234152
1234161
1234168
1234187
1234224
1234234
1234242
1234247
1234273
1234286
1234289
1234291
1234300
1234305
1234337
1234344
1234374
1234387
1234394
1234458
1234479
1234586
1234588
1234589
1234616
1234633
1234651
1234654
1234673
1234692
1234721
1234723
1234743
1234766
1234800
1234818
1234842
1234858
1234862
1234885
1234888
1234902
1234922
1234930
1234992
1234996
1235012
1235025
1235036
1235041
1235078
1235080
1235141
1235152
1235157
1235174
1235215
1235255
1235272
1235291
1235309
1235326
1235336
1235339
1235350
1235351
1235354
1235398
1235401
1235416
1235423
1235455
1235457
1235463
1235477
1235514
1235536
1235567
1235590
1235596
1235613
1235629
1235643
1235650
1235672
1235682
1235747
1235750
1235764
1235796
1235798
1235816
1235835
1235894
1235908
1235917
1235934
1235935
1235942
1235952
1235960
1235967
1236047
1236080
1236108
1236144
1236150
1236151
1236208
1236211
1236240
1236241
1236273
1236288
1236327
1236334
1236338
1236362
1236364
1236391
1236394
1236405
1236474
1236483
1236510
1236514
1236543
1236564
1236587
1236590
1236596
1236597
1236660
1236670
1236683
1236702
1236711
1236746
1236766
1236770
1236814
1236817
1236823
1236858
1236923
1236932
1236936
1236999
1237005
1237117
1237128
1237144
1237161
1237171
1237184
1237187
1237193
1237250
1237257
1237258
1237259
1237291
1237356
1237363
1237380
1237385
1237387
1237390
1237415
1237462
1237466
1237472
1237477
1237487
1237512
1237516
1237519
1237602
1237614
1237616
1237629
1237636
1237650
1237663
1237702
1237707
1237734
1237759
1237835
1237845
1237877
1237878
1237883
1237903
1237917
1237927
1237947
1237986
1237988
1238019
1238026
1238030
1238051
1238057
1238068
1238096
1238103
1238106
1238111
1238135
1238153
1238189
1238215
1238222
1238263
1238269
1238370
1238414
1238424
1238426
1238475
1238510
1238530
1238541
1238553
1238554
1238566
1238584
1238607
1238615
1238635
1238641
1238677
1238712
1238730
1238739
1238746
1238751
1238753
1238795
1238801
1238837
1238839
1238859
1238871
1238895
1238903
1238935
1238946
1238955
1238964
1238987
1238989
1238997
1239035
1239104
1239105
1239110
1239117
1239121
1239129
1239150
1239153
1239160
1239181
1239197
1239309
1239332
1239345
1239349
1239418
1239443
1239456
1239473
1239533
1239565
1239595
1239641
1239644
1239650
1239665
1239668
1239691
1239695
1239698
1239700
1239706
1239707
1239716
1239720
1239751
1239765
1239780
1239782
1239792
1239804
1239811
1239831
1239832
1239842
1239861
1239882
1239889
1239899
1239974
1239979
1239994
1240013
1240028
1240048
1240068
1240079
1240082
1240127
1240138
1240140
1240178
1240212
1240213
1240254
1240264
1240285
1240327
1240333
1240334
1240356
1240361
1240400
1240438
1240439
1240451
1240468
1240490
1240500
1240517
1240518
1240524
1240563
1240565
1240570
1240580
1240598
1240651
1240679
1240697
1240704
1240714
1240719
1240730
1240735
1240737
1240741
1240746
1240763
1240770
1240773
1240776
1240782
1240810
1240819
1240821
1240829
1240870
1240896
1240909
1240921
1240924
1240940
1240947
1240967
1240973
1240977
1240983
1240995
1241032
1241108
1241109
1241126
1241140
1241146
1241163
1241211
1241227
1241235
1241247
1241250
1241265
1241297
1241326
1241327
1241331
1241367
1241388
1241404
1241411
1241416
1241417
1241420
1241433
1241460
1241478
1241505
1241507
1241515
1241605
1241616
1241645
1241648
1241669
1241692
1241700
1241748
1241751
1241761
1241769
1241789
1241793
1241834
1241836
1241853
1241878
1241940
1242059
1242070
1242093
1242119
1242130
1242137
1242139
1242161
1242236
1242290
1242291
1242296
1242301
1242323
1242359
1242363
1242375
1242387
1242404
1242409
1242426
1242452
1242456
1242465
1242493
1242525
1242531
1242569
1242582
1242583
1242602
1242612
1242631
1242674
1242704
1242711
1242731
1242733
1242813
1242822
1242855
1242862
1242890
1242896
1242908
1242922
1242926
1242964
1242968
1242995
1243029
1243031
1243035
1243058
1243067
1243076
1243089
1243147
1243164
1243168
1243170
1243172
1243185
1243240
1243271
1243287
1243290
1243310
1243315
1243317
1243322
1243346
1243397
1243410
1243421
1243486
1243501
1243504
1243522
1243524
1243545
1243574
1243622
1243689
1243697
1243712
1243716
1243737
1243824
1243851
1243861
1243873
1243883
1243913
1243930
1243959
1243964
1243992
1243994
1243998
1244013
1244051
1244067
1244070
1244085
1244121
1244132
1244141
1244166
1244169
1244183
1244186
1244200
1244216
1244243
1244249
1244261
1244270
1244296
1244306
1244329
1244351
1244353
1244357
1244389
1244458
1244461
1244469
1244494
1244559
1244583
1244609
1244627
1244654
1244664
1244669
1244768
1244783
1244797
1244803
1244812
1244816
1244824
1244850
1244856
1244863
1244865
1244871
1244888
1244907
1244923
1244929
1244937
1244975
1244993
1245122
1245150
1245183
1245209
1245222
1245257
1245269
1245276
1245280
1245294
1245322
1245372
1245383
1245384
1245442
1245447
1245457
1245475
1245504
1245533
1245548
1245574
1245576
1245585
1245599
1245605
1245640
1245659
1245672
1245693
1245700
1245726
1245765
1245767
1245769
1245776
1245803
1245830
1245866
1245869
1245875
1245909
1245965
1246009
1246041
1246085
1246087
1246096
1246116
1246122
1246152
1246156
1246165
1246177
1246188
1246225
1246252
1246294
1246337
1246342
1246343
1246369
1246396
1246419
1246470
1246486
1246501
1246506
1246527
1246551
1246567
1246582
1246620
1246696
1246697
1246702
1246720
1246721
1246725
1246761
1246782
1246783
1246795
1246819
1246826
1246876
1246885
1246893
1246938
1246961
1246965
1247029
1247030
1247078
1247148
1247172
1247210
1247222
1247227
1247234
1247244
1247245
1247252
1247271
1247273
1247284
1247309
1247350
1247352
1247359
1247374
1247375
1247383
1247409
1247410
1247412
1247457
1247466
1247487
1247511
1247532
1247546
1247555
1247556
1247587
1247661
1247662
1247684
1247687
1247705
1247724
1247754
1247769
1247789
1247811
1247857
1247865
1247880
1247957
1247967
1247981
1247995
1248009
1248011
1248023
1248034
1248078
1248081
1248128
1248158
1248165
1248183
1248184
1248186
1248206
1248241
1248254
1248265
1248317
1248327
1248328
1248334
1248353
1248355
1248368
1248411
1248447
1248464
1248501
1248523
1248541
1248547
1248574
1248604
1248628
1248646
1248648
1248650
1248686
1248692
1248700
1248701
1248705
1248707
1248712
1248739
1248740
1248742
1248743
1248751
1248758
1248768
1248784
1248804
1248823
1248830
1248854
1248869
1248879
1248881
1248893
1248914
1248941
1248957
1248970
1248971
1249012
1249024
1249044
1249048
1249072
1249086
1249147
1249154
1249181
1249234
1249239
1249251
1249265
1249279
1249308
1249360
1249417
1249468
1249469
1249484
1249501
1249507
1249530
1249541
1249543
1249571
1249589
1249605
1249614
1249629
1249636
1249676
1249683
1249688
1249711
1249712
1249723
1249725
1249750
1249780
1249788
1249798
1249818
1249837
1249862
1249883
1249888
1249928
1249936
1249941
1249944
1249971
1250023
1250027
1250052
1250061
1250076
1250083
1250085
1250088
1250102
1250131
1250138
1250175
1250177
1250190
1250232
1250257
1250268
1250280
1250284
1250298
1250358
1250389
1250405
1250424
1250436
1250437
1250456
1250464
1250470
1250482
1250530
1250538
1250565
1250576
1250640
1250652
1250720
1250770
1250778
1250812
1250820
1250824
1250841
1250846
1250848
1250891
1250904
1250912
1250950
1250955
1250958
1250987
1250993
1250995
1251071
1251073
1251088
1251120
1251133
1251167
1251177
1251186
1251203
1251212
1251220
1251322
1251354
1251357
1251371
1251372
1251399
1251434
1251456
1251495
1251513
1251517
1251538
1251550
1251632
1251636
1251637
1251638
1251645
1251651
1251679
1251707
1251722
1251751
1251756
1251766
1251794
1251796
1251819
1251828
1251836
1251845
1251854
1251863
1251871
1251900
1251902
1251928
1251931
1251981
1251989
1252021
1252025
1252030
1252063
1252064
1252094
1252121
1252155
1252202
1252205
1252210
1252218
1252224
1252231
1252234
1252235
1252239
1252248
1252290
1252292
1252296
1252308
1252311
1252313
1252317
1252356
1252400
1252408
1252409
1252412
1252424
1252434
1252444
1252482
1252504
1252535
1252544
1252652
1252661
1252680
1252701
1252710
1252718
1252755
1252763
1252801
1252821
1252837
1252838
1252860
1252867
1252890
1252892
1252894
1252967
1252976
1252985
1252993
1253030
1253082
1253088
1253159
1253185
1253192
1253196
1253220
1253267
1253273
1253295
1253325
1253335
1253337
1253343
1253372
1253381
1253393
1253410
1253415
1253443
1253455
1253494
1253497
1253505
1253569
1253583
1253615
1253620
1253628
1253664
1253666
1253668
1253678
1253690
1253709
1253711
1253715
1253732
1253738
1253770
1253777
1253789
1253809
1253845
1253854
1253884
1253889
1253919
1253920
1253951
1254050
1254058
1254074
1254080
1254082
1254127
1254148
1254154
1254180
1254188
1254189
1254202
1254204
1254211
1254239
1254250
1254268
1254284
1254286
1254337
1254419
1254431
1254441
1254453
1254462
1254496
1254506
1254508
1254512
1254578
1254609
1254646
1254657
1254703
1254713
1254766
1254795
1254807
1254843
1254874
1254896
1254898
1254900
1254904
1254925
1254959
1254996
1255006
1255043
1255053
1255069
1255123
1255130
1255158
1255207
1255219
1255350
1255374
1255383
1255384
1255386
1255387
1255416
1255434
1255465
1255511
1255523
1255524
1255548
1255584
1255595
1255610
1255630
1255632
1255637
1255656
1255660
1255661
1255678
1255680
1255720
1255735
1255779
1255810
1255838
1255845
1255847
1255848
1255856
1255860
1255869
1255880
1255919
1255921
1255923
1255933
1255948
1256025
1256184
1256227
1256234
1256251
1256254
1256298
1256303
1256323
1256360
1256371
1256374
1256387
1256430
1256446
1256528
1256537
1256556
1256557
1256623
1256627
1256639
1256670
1256675
1256682
1256701
1256710
1256736
1256741
1256757
1256763
1256781
1256794
1256797
1256804
1256893
1256902
1256904
1256928
1256934
1256966
1257075
1257081
1257091
1257095
1257103
1257107
1257110
1257135
1257178
1257190
1257195
1257217
1257232
1257263
1257283
1257309
1257310
1257316
1257328
1257339
1257356
1257357
1257359
1257370
1257372
1257375
1257382
1257423
1257470
1257486
1257492
1257515
1257529
1257556
1257587
1257605
1257647
1257651
1257654
1257657
1257663
1257684
1257688
1257690
1257705
1257721
1257730
1257741
1257780
1257802
1257806
1257857
1257908
1257914
1257925
1257927
1257937
1257980
1257987
1257994
1258019
1258028
1258073
1258076
1258083
1258094
1258112
1258120
1258130
1258165
1258181
1258183
1258209
1258268
1258278
1258311
1258326
1258333
1258379
1258383
1258410
1258434
1258444
1258457
1258462
1258487
1258493
1258496
1258511
1258515
1258523
1258544
1258548
1258566
1258572
1258580
1258586
1258593
1258616
1258628
1258636
1258638
1258682
1258732
1258777
1258782
1258784
1258804
1258806
1258813
1258827
1258859
1258868
1258921
1258930
1258936
1258939
1258940
1258966
1258976
1259018
1259025
1259044
1259085
1259099
1259126
1259143
1259173
1259178
1259250
1259262
1259265
1259271
1259358
1259368
1259369
1259396
1259398
1259418
1259424
1259440
1259443
1259480
1259481
1259492
1259514
1259520
1259546
1259559
1259571
1259573
1259591
1259613
1259619
1259686
1259701
1259712
1259717
1259753
1259788
1259837
1259890
1259894
1259897
1259907
1259924
1259932
1259934
1259938
1259956
1259973
1260003
1260023
1260026
1260079
1260090
1260101
1260102
1260160
1260162
1260192
1260199
1260272
1260296
1260299
1260302
1260350
1260352
1260385
1260390
1260410
1260434
1260490
1260501
1260533
1260604
1260605
1260615
1260621
1260648
1260667
1260708
1260709
1260725
1260732
1260747
1260771
1260783
1260823
1260825
1260874
1260897
1260908
1260920
1260926
1260928
1260949
1260961
1260963
1261013
1261021
1261025
1261038
1261049
1261055
1261065
1261072
1261080
1261100
1261103
1261108
1261110
1261129
1261134
1261169
1261172
1261174
1261181
1261198
1261201
1261253
1261265
1261291
1261293
1261314
1261321
1261329
1261333
1261342
1261346
1261348
1261352
1261358
1261367
1261385
1261404
1261426
1261435
1261453
1261456
1261464
1261476
1261497
1261507
1261513
1261553
1261567
1261583
1261591
1261604
1261644
1261728
1261732
1261737
1261745
1261748
1261770
1261773
1261784
1261799
1261816
1261820
1261836
1261842
1261845
1261854
1261863
1261883
1261918
1261962
1261979
1261998
1262002
1262008
1262012
1262060
1262068
1262071
1262072
1262083
1262085
1262094
1262107
1262113
1262140
1262148
1262158
1262163
1262185
1262208
1262233
1262258
1262260
1262283
1262290
1262291
1262299
1262301
1262329
1262348
1262358
1262360
1262361
1262363
1262399
1262428
1262431
1262441
1262447
1262498
1262513
1262528
1262531
1262540
1262554
1262566
1262570
1262579
1262586
1262588
1262613
1262615
1262641
1262686
1262702
1262724
1262760
1262771
1262837
1262846
1262859
1262869
1262872
1262883
1262886
1262962
1262996
1263025
1263054
1263097
1263099
1263109
1263116
1263129
1263141
1263153
1263156
1263158
1263169
1263208
1263244
1263253
1263260
1263267
1263272
1263282
1263306
1263321
1263377
1263394
1263423
1263429
1263476
1263515
1263516
1263549
1263576
1263619
1263678
1263718
1263756
1263770
1263775
1263786
1263788
1263832
1263877
1263880
1263906
1263941
1263975
1264012
1264027
1264045
1264066
1264085
1264090
1264095
1264135
1264144
1264178
1264200
1264209
1264218
1264237
1264242
1264250
1264254
1264269
1264276
1264305
1264319
1264323
1264350
1264361
1264402
1264414
1264436
1264441
1264458
1264491
1264547
1264548
1264550
1264554
1264573
1264627
1264645
1264654
1264670
1264671
1264672
1264695
1264713
1264761
1264816
1264842
1264876
1264877
1264888
1264914
1264918
1265014
1265025
1265027
1265033
1265059
1265099
1265189
1265191
1265196
1265202
1265210
1265212
1265214
1265243
1265253
1265294
1265299
1265305
1265308
1265312
1265354
1265374
1265413
1265428
1265454
1265469
1265479
1265482
1265495
1265547
1265621
1265624
1265639
1265682
1265692
1265696
1265718
1265749
1265756
1265757
1265786
1265788
1265789
1265805
1265817
1265822
1265893
1265897
1265899
1265918
1265960
1265962
1265984
1265993
1266044
1266051
1266099
1266113
1266121
1266127
1266128
1266136
1266145
1266148
1266187
1266206
1266209
1266266
1266268
1266291
1266299
1266369
1266401
1266405
1266437
1266444
1266474
1266501
1266504
1266506
1266526
1266533
1266554
1266557
1266565
1266574
1266628
1266661
1266696
1266714
1266774
1266775
1266792
1266793
1266808
1266816
1266857
1266860
1266861
1266931
1266942
1266945
1266989
1266996
1267030
1267031
1267069
1267075
1267098
1267108
1267113
1267127
1267141
1267160
1267220
1267221
1267234
1267250
1267273
1267286
1267293
1267298
1267300
1267303
1267323
1267363
1267388
1267405
1267408
1267411
1267427
1267442
1267473
1267563
1267565
1267567
1267622
1267640
1267644
1267656
1267665
1267692
1267696
1267703
1267719
1267720
1267728
1267790
1267795
1267822
1267823
1267868
1267876
1267910
1267978
1267995
1268000
1268003
1268021
1268030
1268047
1268048
1268114
1268151
1268183
1268225
1268259
1268289
1268303
1268327
1268354
1268371
1268407
1268408
1268433
1268533
1268544
1268547
1268591
1268595
1268603
1268636
1268649
1268658
1268659
1268699
1268708
1268717
1268720
1268740
1268789
1268793
1268797
1268828
1268849
1268857
1268878
1268900
1268903
1268949
1268955
1268978
1268980
1268997
1269012
1269025
1269090
1269110
1269130
1269194
1269201
1269206
1269211
1269253
1269257
1269340
1269343
1269360
1269375
1269381
1269385
1269398
1269413
1269422
1269440
1269450
1269476
1269507
1269532
1269534
1269609
1269623
1269633
1269641
1269645
1269659
1269661
1269666
1269701
1269719
1269721
1269739
1269745
1269821
1269828
1269854
1269864
1269889
1269912
1269954
1269986
1269995
1270006
1270015
1270016
1270051
1270078
1270175
1270183
1270212
1270240
1270249
1270258
1270260
1270274
1270280
1270289
1270295
1270333
1270346
1270355
1270364
1270400
1270451
1270531
1270536
1270538
1270549
1270553
1270611
1270623
1270625
1270627
1270687
1270694
1270706
1270711
1270713
1270726
1270728
1270752
1270756
1270759
1270779
1270794
1270800
1270823
1270839
1270913
1270934
1270954
1270958
1270965
1270971
1270986
1271003
1271004
1271016
1271018
1271021
1271024
1271056
1271068
1271072
1271112
1271130
1271149
1271155
1271180
1271187
1271212
1271237
1271238
1271239
1271276
1271278
1271294
1271316
1271324
1271351
1271384
1271408
1271424
1271485
1271502
1271526
1271530
1271538
1271547
1271554
1271559
1271570
1271585
1271639
1271651
1271665
1271685
1271731
1271770
1271772
1271787
1271788
1271833
1271912
1271921
1271937
1271938
1271954
1271961
1271970
1271972
1271987
1271996
1272034
1272152
1272257
1272266
1272292
1272301
1272303
1272317
1272329
1272337
1272352
1272408
1272413
1272444
1272485
1272515
1272527
1272537
1272546
1272547
1272548
1272556
1272563
1272585
1272594
1272615
1272626
1272633
1272644
1272668
1272675
1272728
1272759
1272781
1272803
1272816
1272831
1272866
1272871
1272874
1272876
1272925
1272961
1272981
1273013
1273025
1273065
1273067
1273105
1273134
1273137
1273160
1273177
1273218
1273246
1273262
1273278
1273284
1273291
1273293
1273298
1273303
1273324
1273358
1273379
1273397
1273426
1273447
1273457
1273471
1273483
1273487
1273497
1273517
1273547
1273551
1273576
1273578
1273635
1273664
1273691
1273699
1273703
1273733
1273785
1273801
1273803
1273813
1273816
1273843
1273844
1273847
1273912
1273916
1273927
1273935
1273938
1273972
1273975
1273994
1274000
1274003
1274045
1274049
1274054
1274075
1274082
1274099
1274102
1274109
1274186
1274211
1274239
1274242
1274271
1274282
1274288
1274301
1274344
1274353
1274355
1274362
1274382
1274384
1274385
1274426
1274435
1274436
1274460
1274493
1274496
1274507
1274537
1274556
1274557
1274576
1274588
1274625
1274630
1274642
1274719
1274736
1274769
1274776
1274781
1274801
1274844
1274854
1274869
1274883
1274885
1274888
1274905
1274920
1274933
1274956
1274962
1274994
1274995
1275029
1275074
1275089
1275093
1275099
1275127
1275142
1275145
1275159
1275160
1275264
1275269
1275292
1275304
1275340
1275381
1275464
1275466
1275475
1275529
1275534
1275559
1275560
1275591
1275593
1275607
1275616
1275618
1275631
1275632
1275662
1275664
1275670
1275690
1275768
1275823
1275830
1275868
1275874
1275924
1275925
1275937
1275995
1276015
1276024
1276034
1276081
1276087
1276096
1276103
1276113
1276115
1276117
1276128
1276131
1276138
1276174
1276198
1276236
1276254
1276267
1276347
1276354
1276357
1276358
1276364
1276389
1276401
1276422
1276433
1276447
1276450
1276451
1276457
1276458
1276496
1276515
1276539
1276583
1276602
1276607
1276616
1276645
1276671
1276691
1276742
1276744
1276791
1276793
1276810
1276830
1276865
1276871
1276875
1276902
1276919
1276920
1276927
1276953
1276963
1276967
1276974
1277030
1277058
1277060
1277086
1277105
1277117
1277125
1277142
1277148
1277151
1277192
1277273
1277294
1277307
1277331
1277333
1277336
1277349
1277370
1277371
1277399
1277450
1277465
1277466
1277481
1277487
1277504
1277513
1277529
1277534
1277551
1277553
1277568
1277605
1277628
1277634
1277644
1277658
1277665
1277671
1277683
1277695
1277704
1277722
1277775
1277797
1277816
1277822
1277842
1277844
1277873
1277889
1277967
1277995
1278011
1278068
1278133
1278140
1278169
1278183
1278200
1278232
1278244
1278245
1278264
1278311
1278322
1278331
1278334
1278343
1278362
1278404
1278407
1278417
1278420
1278479
1278497
1278498
1278526
1278531
1278554
1278557
1278600
1278616
1278622
1278689
1278693
1278712
1278732
1278802
1278842
1278850
1278853
1278872
1278908
1278913
1278955
1278993
1279003
1279012
1279018
1279019
1279027
1279060
1279087
1279109
1279123
1279134
1279154
1279167
1279181
1279192
1279193
1279252
1279284
1279287
1279299
1279308
1279348
1279361
1279386
1279432
1279497
1279503
1279510
1279517
1279551
1279595
1279596
1279611
1279624
1279638
1279671
1279686
1279697
1279698
1279714
1279717
1279734
1279738
1279743
1279747
1279791
1279799
1279804
1279806
1279827
1279889
1279925
1279926
1279957
1279964
1280006
1280014
1280031
1280038
1280167
1280187
1280190
1280206
1280219
1280222
1280257
1280284
1280290
1280342
1280394
1280417
1280437
1280474
1280479
1280506
1280576
1280604
1280653
1280673
1280764
1280767
1280791
1280842
1280883
1280890
1280891
1280907
1280911
1280938
1281021
1281053
1281145
1281148
1281162
1281166
1281180
1281238
1281263
1281269
1281287
1281296
1281309
1281325
1281359
1281390
1281435
1281440
1281482
1281488
1281499
1281502
1281504
1281529
1281548
1281568
1281571
1281572
1281597
1281604
1281638
1281651
1281656
1281662
1281673
1281687
1281690
1281707
1281747
1281790
1281839
1281867
1281888
1281890
1281930
1281938
1281953
1281955
1281958
1281988
1282018
1282041
1282064
1282071
1282122
1282150
1282193
1282217
1282236
1282251
1282255
1282256
1282273
1282298
1282309
1282327
1282330
1282333
1282379
1282380
1282479
1282493
1282494
1282499
1282565
1282599
1282607
1282611
1282637
1282640
1282650
1282655
1282700
1282702
1282725
1282728
1282848
1282849
1282850
1282864
1282900
1282914
1282917
1282918
1282951
1282953
1282972
1283014
1283037
1283043
1283050
1283067
1283073
1283085
1283086
1283098
1283117
1283119
1283125
1283129
1283143
1283163
1283175
1283216
1283222
1283259
1283278
1283286
1283309
1283311
1283318
1283321
1283331
1283339
1283364
1283382
1283384
1283386
1283388
1283395
1283446
1283460
1283470
1283476
1283501
1283531
1283532
1283551
1283571
1283604
1283610
1283619
1283625
1283674
1283677
1283733
1283736
1283742
1283781
1283835
1283852
1283877
1283886
1283891
1283902
1283930
1283958
1283969
1284030
1284051
1284060
1284065
1284112
1284127
1284199
1284211
1284219
1284224
1284240
1284254
1284257
1284259
1284262
1284284
1284329
1284358
1284382
1284416
1284428
1284458
1284481
1284487
1284499
1284519
1284526
1284527
1284548
1284580
1284591
1284602
1284604
1284640
1284658
1284663
1284683
1284707
1284724
1284730
1284818
1284827
1284855
1284861
1284866
1284873
1284881
1284907
1284958
1284978
1285011
1285039
1285046
1285048
1285063
1285067
1285073
1285077
1285088
1285090
1285108
1285123
1285125
1285129
1285143
1285151
1285185
1285213
1285230
1285248
1285274
1285287
1285289
1285301
1285307
1285335
1285387
1285397
1285412
1285442
1285460
1285473
1285498
1285509
1285512
1285518
1285530
1285531
1285544
1285558
1285564
1285570
1285590
1285606
1285616
1285632
1285640
1285654
1285665
1285681
1285700
1285735
1285747
1285795
1285798
1285824
1285833
1285859
1285862
1285867
1285888
1285913
1285917
1285923
1285967
1286025
1286029
1286049
1286083
1286093
1286116
1286144
1286171
1286205
1286218
1286257
1286258
1286265
1286266
1286358
1286361
1286370
1286371
1286398
1286414
1286416
1286428
1286430
1286436
1286440
1286488
1286505
1286526
1286535
1286537
1286572
1286619
1286628
1286629
1286658
1286661
1286704
1286723
1286733
1286747
1286754
1286775
1286802
1286809
1286828
1286836
1286851
1286897
1286942
1286946
1286974
1286976
1286985
1286991
1286994
1286995
1287005
1287011
1287041
1287052
1287077
1287092
1287113
1287118
1287209
1287240
1287241
1287246
1287249
1287280
1287299
1287332
1287351
1287366
1287369
1287408
1287420
1287427
1287455
1287498
1287538
1287579
1287590
1287633
1287654
1287705
1287720
1287722
1287750
1287760
1287806
1287825
1287851
1287898
1287904
1287922
1287925
1287939
1287944
1287987
1288033
1288057
1288065
1288067
1288079
1288087
1288121
1288138
1288150
1288160
1288171
1288185
1288190
1288195
1288249
1288255
1288285
1288292
1288299
1288302
1288314
1288349
1288362
1288382
1288406
1288427
1288483
1288503
1288511
1288522
1288552
1288575
1288605
1288624
1288632
1288646
1288648
1288674
1288677
1288714
1288719
1288733
1288755
1288756
1288781
1288792
1288798
1288815
1288829
1288863
1288887
1288914
1288921
1288932
1288953
1288955
1288986
1289001
1289014
1289061
1289065
1289076
1289104
1289110
1289125
1289151
1289161
1289168
1289170
1289187
1289189
1289222
1289229
1289264
1289295
1289301
1289308
1289310
1289337
1289361
1289376
1289394
1289419
1289429
1289522
1289528
1289546
1289591
1289601
1289611
1289639
1289679
1289692
1289702
1289721
1289722
1289792
1289827
1289841
1289860
1289901
1289909
1289918
1289922
1289960
1289961
1289980
1289987
1289992
1290016
1290060
1290074
1290076
1290144
1290199
1290216
1290227
1290234
1290249
1290276
1290280
1290281
1290289
1290299
1290317
1290337
1290338
1290394
1290425
1290428
1290471
1290507
1290519
1290541
1290547
1290561
1290645
1290660
1290664
1290679
1290680
1290684
1290690
1290718
1290753
1290783
1290794
1290805
1290815
1290820
1290829
1290850
1290859
1290864
1290866
1290877
1290886
1290892
1290909
1290916
1290926
1291000
1291001
1291013
1291020
1291028
1291052
1291075
1291085
1291087
1291093
1291125
1291150
1291183
1291187
1291196
1291204
1291233
1291254
1291287
1291318
1291322
1291328
1291361
1291369
1291374
1291410
1291423
1291425
1291428
1291451
1291464
1291466
1291508
1291555
1291557
1291561
1291567
1291582
1291589
1291624
1291636
1291713
1291728
1291751
1291754
1291764
1291776
1291778
1291784
1291858
1291875
1291889
1291898
1291916
1291976
1291978
1292004
1292058
1292072
1292074
1292097
1292118
1292126
1292143
1292168
1292184
1292185
1292205
1292242
1292247
1292259
1292267
1292273
1292286
1292299
1292309
1292320
1292376
1292378
1292379
1292380
1292394
1292466
1292490
1292491
1292536
1292564
1292610
1292639
1292656
1292660
1292673
1292698
1292711
1292719
1292735
1292763
1292780
1292783
1292806
1292840
1292842
1292849
1292854
1292863
1292868
1292881
1292891
1292893
1292897
1292946
1292960
1292979
1293014
1293030
1293039
1293079
1293098
1293102
1293129
1293149
1293159
1293188
1293235
1293262
1293279
1293305
1293324
1293375
1293412
1293477
1293482
1293505
1293511
1293544
1293562
1293564
1293597
1293624
1293627
1293628
1293646
1293660
1293685
1293687
1293692
1293694
1293701
1293704
1293713
1293744
1293801
1293805
1293808
1293818
1293858
1293862
1293868
1293897
1293934
1293941
1293947
1293951
1293975
1293988
1293989
1294020
1294028
1294031
1294053
1294055
1294078
1294093
1294112
1294118
1294139
1294161
1294162
1294195
1294202
1294204
1294225
1294239
1294255
1294281
1294296
1294299
1294328
1294399
1294402
1294413
1294448
1294462
1294501
1294503
1294509
1294512
1294530
1294576
1294604
1294612
1294631
1294643
1294653
1294713
1294730
1294757
1294773
1294802
1294832
1294851
1294855
1294871
1294901
1294920
1294925
1294943
1294944
1294951
1294959
1294992
1295010
1295051
1295067
1295075
1295081
1295126
1295161
1295206
1295242
1295244
1295255
1295267
1295305
1295329
1295339
1295353
1295354
1295385
1295420
1295423
1295425
1295440
1295453
1295461
1295464
1295467
1295504
1295511
1295512
1295638
1295663
1295669
1295675
1295693
1295731
1295747
1295749
1295754
1295763
1295808
1295857
1295873
1295909
1295921
1295936
1295969
1295981
1296009
1296038
1296039
1296059
1296060
1296076
1296080
1296136
1296167
1296176
1296186
1296208
1296279
1296287
1296316
1296326
1296347
1296350
1296361
1296382
1296386
1296394
1296428
1296442
1296446
1296448
1296465
1296467
1296506
1296515
1296524
1296537
1296546
1296571
1296579
1296590
1296597
1296600
1296615
1296641
1296671
1296683
1296705
1296769
1296774
1296778
1296807
1296813
1296816
1296821
1296851
1296853
1296859
1296871
1296891
1296964
1296976
1296985
1297003
1297011
1297100
1297154
1297166
1297167
1297192
1297226
1297269
1297274
1297285
1297306
1297333
1297354
1297391
1297458
1297531
1297568
1297574
1297626
1297634
1297650
1297677
1297689
1297694
1297705
1297724
1297727
1297735
1297748
1297753
1297778
1297793
1297797
1297838
1297873
1297888
1297904
1297912
1297937
1297953
1297961
1297990
1297997
1298026
1298037
1298062
1298081
1298113
1298115
1298129
1298141
1298160
1298171
1298174
1298205
1298232
1298237
1298240
1298243
1298249
1298252
1298281
1298282
1298285
1298294
1298312
1298314
1298383
1298403
1298404
1298442
1298541
1298556
1298559
1298599
1298621
1298638
1298640
1298653
1298690
1298693
1298709
1298727
1298751
1298760
1298766
1298779
1298828
1298834
1298870
1298878
1298901
1298923
1298967
1298986
1299018
1299065
1299071
1299095
1299096
1299098
1299113
1299139
1299141
1299143
1299179
1299182
1299191
1299210
1299212
1299232
1299329
1299348
1299351
1299356
1299361
1299376
1299386
1299394
1299429
1299459
1299464
1299470
1299519
1299522
1299535
1299580
1299600
1299607
1299635
1299646
1299649
1299750
1299788
1299792
1299835
1299839
1299847
1299866
1299896
1299918
1299959
1299967
1299998
1300037
1300046
1300048
1300062
1300064
1300085
1300093
1300104
1300112
1300163
1300170
1300178
1300195
1300217
1300225
1300227
1300251
1300272
1300277
1300280
1300300
1300310
1300316
1300326
1300328
1300384
1300386
1300388
1300407
1300415
1300420
1300429
1300440
1300442
1300451
1300469
1300494
1300522
1300524
1300529
1300541
1300559
1300565
1300585
1300588
1300595
1300602
1300607
1300608
1300625
1300662
1300778
1300794
1300827
1300849
1300850
1300857
1300868
1300885
1300895
1300957
1300983
1300986
1300990
1301027
1301037
1301047
1301067
1301104
1301161
1301206
1301213
1301304
1301312
1301335
1301355
1301360
1301366
1301374
1301382
1301391
1301416
1301429
1301484
1301489
1301501
1301502
1301521
1301529
1301564
1301577
1301584
1301596
1301598
1301619
1301640
1301646
1301660
1301663
1301670
1301693
1301734
1301743
1301780
1301805
1301809
1301837
1301843
1301845
1301864
1301868
1301908
1301933
1301944
1301945
1301960
1301966
1301967
1301971
1302009
1302010
1302020
1302139
1302165
1302204
1302214
1302218
1302245
1302267
1302268
1302278
1302312
1302317
1302343
1302367
1302446
1302466
1302492
1302524
1302566
1302583
1302608
1302612
1302650
1302651
1302667
1302675
1302702
1302713
1302745
1302762
1302769
1302776
1302785
1302789
1302807
1302834
1302845
1302872
1302874
1302891
1302896
1302951
1302968
1302991
1303037
1303073
1303081
1303083
1303108
1303112
1303120
1303142
1303160
1303218
1303241
1303311
1303314
1303327
1303335
1303353
1303359
1303380
1303381
1303395
1303473
1303519
1303548
1303563
1303595
1303634
1303643
1303644
1303674
1303717
1303719
1303740
1303744
1303764
1303772
1303774
1303809
1303834
1303840
1303860
1303862
1303907
1303939
1303948
1303950
1303969
1303997
1304082
1304087
1304093
1304104
1304119
1304143
1304149
1304155
1304159
1304160
1304161
1304247
1304309
1304325
1304331
1304397
1304419
1304459
1304491
1304502
1304505
1304541
1304547
1304625
1304639
1304678
1304700
1304727
1304737
1304743
1304746
1304754
1304757
1304777
1304798
1304812
1304825
1304843
1304872
1304927
1304930
1304939
1305019
1305070
1305099
1305124
1305202
1305209
1305220
1305264
1305308
1305337
1305346
1305391
1305402
1305418
1305428
1305445
1305449
1305454
1305488
1305539
1305545
1305564
1305566
1305581
1305595
1305626
1305632
1305655
1305664
1305679
1305682
1305690
1305693
1305699
1305704
1305740
1305757
1305764
1305805
1305872
1305875
1305886
1305887
1305909
1305923
1305943
1305946
1305947
1305950
1305960
1305980
1305984
1305987
1306011
1306013
1306023
1306024
1306049
1306096
1306106
1306107
1306134
1306159
1306162
1306180
1306224
1306286
1306289
1306290
1306300
1306322
1306325
1306347
1306401
1306412
1306438
1306442
1306509
1306513
1306517
1306544
1306550
1306583
1306627
1306673
1306677
1306695
1306713
1306720
1306745
1306757
1306772
1306784
1306832
1306835
1306861
1306873
1306879
1306885
1306898
1306919
1306940
1306948
1306953
1306991
1306996
1306997
1307005
1307036
1307068
1307102
1307127
1307164
1307186
1307218
1307272
1307278
1307307
1307344
1307376
1307381
1307445
1307504
1307535
1307567
1307568
1307614
1307631
1307661
1307686
1307693
1307718
1307727
1307735
1307743
1307752
1307761
1307770
1307788
1307885
1307912
1307934
1307943
1308017
1308027
1308034
1308041
1308053
1308090
1308108
1308116
1308124
1308128
1308177
1308199
1308205
1308242
1308244
1308253
1308337
1308375
1308404
1308455
1308460
1308507
1308513
1308517
1308532
1308541
1308568
1308596
1308597
1308606
1308616
1308619
1308622
1308635
1308637
1308642
1308657
1308729
1308735
1308736
1308755
1308776
1308785
1308802
1308837
1308854
1308868
1308884
1308893
1308954
1308962
1308990
1309003
1309019
1309042
1309114
1309133
1309140
1309152
1309196
1309221
1309266
1309280
1309319
1309337
1309386
1309446
1309448
1309463
1309477
1309494
1309499
1309506
1309553
1309564
1309583
1309593
1309601
1309612
1309623
1309674
1309677
1309698
1309702
1309714
1309717
1309727
1309754
1309760
1309784
1309803
1309828
1309836
1309864
1309870
1309885
1309891
1309913
1309921
1309923
1309926
1309966
1309992
1310069
1310151
1310162
1310166
1310171
1310176
1310221
1310252
1310284
1310300
1310396
1310405
1310423
1310439
1310459
1310484
1310485
1310495
1310500
1310503
1310515
1310528
1310652
1310657
1310661
1310678
1310711
1310714
1310724
1310739
1310771
1310796
1310823
1310825
1310835
1310839
1310845
1310910
1310935
1310955
1311004
1311017
1311034
1311059
1311080
1311129
1311135
1311167
1311188
1311200
1311226
1311270
1311293
1311311
1311326
1311346
1311412
1311435
1311448
1311473
1311496
1311509
1311531
1311553
1311563
1311616
1311618
1311650
1311661
1311678
1311701
1311708
1311709
1311733
1311744
1311745
1311747
1311751
1311777
1311782
1311819
1311835
1311856
1311876
1311916
1311974
1311981
1311983
1312002
1312033
1312074
1312079
1312115
1312171
1312177
1312178
1312194
1312203
1312206
1312223
1312237
1312296
1312305
1312341
1312361
1312383
1312394
1312468
1312505
1312583
1312617
1312634
1312673
1312683
1312686
1312863
1312889
1312891
1312919
1312981
1312986
1312995
1313018
1313033
1313057
1313105
1313139
1313154
1313156
1313193
1313198
1313323
1313328
1313344
1313362
1313406
1313425
1313437
1313442
1313469
1313471
1313474
1313503
1313511
1313515
1313539
1313585
1313609
1313612
1313649
1313655
1313672
1313696
1313733
1313744
1313781
1313804
1313862
1313893
1313944
1313950
1313995
1314001
1314003
1314039
1314048
1314061
1314064
1314071
1314113
1314130
1314201
1314285
1314288
1314290
1314310
1314321
1314340
1314355
1314356
1314382
1314399
1314457
1314495
1314513
1314526
1314534
1314540
1314545
1314608
1314655
1314677
1314716
1314742
1314754
1314773
1314780
1314860
1314872
1314881
1314892
1315015
1315046
1315070
1315080
1315093
1315143
1315147
1315154
1315163
1315165
1315212
1315222
1315226
1315251
1315264
1315278
1315290
1315315
1315335
1315353
1315362
1315418
1315425
1315432
1315485
1315487
1315493
1315498
1315519
1315527
1315534
1315537
1315557
1315607
1315610
1315628
1315636
1315645
1315673
1315696
1315801
1315802
1315838
1315846
1315866
1315875
1315878
1315890
1315901
1315961
1315996
1316012
1316059
1316062
1316077
1316088
1316093
1316130
1316134
1316176
1316206
1316208
1316214
1316218
1316235
1316257
1316352
1316355
1316377
1316395
1316403
1316436
1316445
1316467
1316481
1316485
1316502
1316529
1316538
1316546
1316548
1316565
1316590
1316597
1316614
1316622
1316627
1316647
1316649
1316732
1316743
1316751
1316757
1316765
1316772
1316794
1316815
1316877
1316890
1316894
1316908
1316915
1316929
1316945
1316946
1316968
1316991
1317002
1317011
1317092
1317100
1317110
1317114
1317138
1317147
1317158
1317164
1317166
1317174
1317178
1317208
1317210
1317216
1317233
1317267
1317269
1317348
1317400
1317405
1317419
1317428
1317434
1317522
1317578
1317597
1317598
1317607
1317646
1317659
1317662
1317663
1317707
1317745
1317782
1317800
1317802
1317803
1317812
1317831
1317834
1317926
1317934
1317953
1317965
1317967
1317983
1318002
1318036
1318044
1318056
1318093
1318108
1318153
1318189
1318226
1318258
1318264
1318266
1318269
1318277
1318293
1318326
1318327
1318338
1318371
1318376
1318442
1318447
1318454
1318484
1318501
1318503
1318512
1318560
1318641
1318646
1318652
1318690
1318710
1318741
1318755
1318756
1318760
1318761
1318786
1318790
1318837
1318839
1318848
1318861
1318871
1318891
1318910
1318931
1319006
1319036
1319054
1319064
1319080
1319120
1319138
1319165
1319189
1319203
1319213
1319229
1319235
1319240
1319246
1319249
1319311
1319330
1319337
1319338
1319344
1319352
1319430
1319449
1319452
1319502
1319505
1319526
1319548
1319566
1319575
1319587
1319599
1319607
1319619
1319631
1319653
1319667
1319678
1319687
1319709
1319721
1319743
1319776
1319797
1319798
1319819
1319845
1319850
1319863
1319882
1319886
1319890
1319896
1319958
1319982
1319990
1320058
1320065
1320100
1320121
1320141
1320155
1320157
1320172
1320173
1320195
1320199
1320203
1320219
1320232
1320261
1320274
1320316
1320366
1320402
1320407
1320419
1320441
1320442
1320479
1320509
1320516
1320534
1320553
1320556
1320558
1320562
1320589
1320606
1320632
1320652
1320673
1320686
1320695
1320731
1320750
1320757
1320776
1320802
1320809
1320836
1320861
1320872
1320873
1320878
1320922
1320927
1320932
1320959
1321002
1321004
1321016
1321038
1321044
1321053
1321135
1321137
1321142
1321143
1321149
1321173
1321199
1321211
1321228
1321230
1321252
1321259
1321260
1321319
1321337
1321363
1321392
1321422
1321434
1321439
1321469
1321481
1321483
1321495
1321497
1321513
1321540
1321553
1321555
1321603
1321634
1321642
1321671
1321692
1321752
1321771
1321781
1321795
1321804
1321811
1321864
1321865
1321868
1321921
1321928
1321934
1321936
1321959
1321979
1321980
1321981
1322017
1322056
1322059
1322083
1322113
1322131
1322145
1322164
1322196
1322206
1322215
1322235
1322238
1322262
1322268
1322291
1322327
1322344
1322357
1322378
1322380
1322387
1322391
1322405
1322438
1322483
1322494
1322533
1322558
1322610
1322616
1322618
1322645
1322655
1322683
1322700
1322728
1322735
1322759
1322765
1322811
1322828
1322832
1322837
1322839
1322843
1322847
1322867
1322885
1322892
1322912
1322937
1322944
1322960
1322983
1322990
1322997
1323054
1323068
1323086
1323115
1323117
1323124
1323131
1323138
1323166
1323196
1323203
1323237
1323239
1323244
1323258
1323267
1323268
1323285
1323295
1323306
1323361
1323412
1323418
1323421
1323474
1323495
1323505
1323521
1323527
1323592
1323603
1323633
1323654
1323659
1323665
1323677
1323700
1323705
1323711
1323723
1323752
1323781
1323823
1323828
1323835
1323845
1323852
1323870
1323902
1323903
1323910
1323926
1323956
1323963
1324008
1324022
1324030
1324052
1324099
1324104
1324161
1324168
1324173
1324206
1324221
1324268
1324281
1324321
1324349
1324421
1324441
1324466
1324470
1324487
1324539
1324580
1324597
1324607
1324656
1324674
1324675
1324686
1324690
1324696
1324739
1324757
1324788
1324811
1324921
1324979
1324984
1325001
1325007
1325008
1325088
1325089
1325116
1325159
1325164
1325180
1325181
1325197
1325203
1325230
1325236
1325256
1325257
1325268
1325307
1325328
1325358
1325362
1325416
1325466
1325478
1325518
1325546
1325598
1325603
1325609
1325634
1325654
1325683
1325688
1325693
1325703
1325708
1325719
1325728
1325745
1325746
1325771
1325784
1325785
1325789
1325795
1325808
1325809
1325816
1325817
1325849
1325856
1325935
1325961
1325994
1326008
1326010
1326012
1326015
1326032
1326053
1326067
1326078
1326084
1326118
1326124
1326126
1326130
1326189
1326196
1326211
1326239
1326256
1326257
1326289
1326292
1326302
1326321
1326361
1326393
1326395
1326396
1326398
1326414
1326450
1326451
1326463
1326466
1326498
1326504
1326551
1326554
1326603
1326610
1326626
1326691
1326699
1326703
1326728
1326733
1326743
1326744
1326747
1326793
1326795
1326813
1326849
1326876
1326887
1326891
1326895
1326976
1326999
1327016
1327049
1327053
1327134
1327145
1327153
1327154
1327156
1327162
1327169
1327193
1327208
1327215
1327224
1327240
1327248
1327260
1327268
1327287
1327289
1327302
1327328
1327333
1327341
1327359
1327361
1327378
1327384
1327392
1327407
1327417
1327454
1327489
1327537
1327570
1327578
1327613
1327700
1327785
1327796
1327808
1327821
1327835
1327919
1327955
1327966
1327969
1327983
1327987
1328012
1328019
1328022
1328029
1328097
1328124
1328168
1328175
1328185
1328229
1328240
1328259
1328261
1328266
1328314
1328351
1328357
1328359
1328362
1328390
1328420
1328445
1328493
1328531
1328558
1328561
1328563
1328565
1328569
1328578
1328595
1328600
1328605
1328629
1328662
1328674
1328710
1328714
1328730
1328738
1328754
1328766
1328791
1328795
1328803
1328808
1328831
1328839
1328849
1328878
1328922
1328923
1328942
1328953
1328965
1328975
1328984
1328988
1328989
1328999
1329019
1329032
1329049
1329098
1329131
1329134
1329146
1329192
1329222
1329230
1329293
1329314
1329330
1329337
1329452
1329454
1329480
1329484
1329512
1329534
1329543
1329576
1329617
1329641
1329658
1329698
1329704
1329733
1329764
1329803
1329843
1329853
1329878
1329880
1329882
1329900
1329908
1329909
1329989
1330013
1330014
1330018
1330044
1330064
1330090
1330108
1330120
1330152
1330161
1330200
1330208
1330223
1330234
1330243
1330303
1330329
1330346
1330366
1330377
1330392
1330394
1330402
1330427
1330464
1330476
1330491
1330510
1330557
1330558
1330562
1330589
1330597
1330602
1330616
1330678
1330693
1330704
1330720
1330721
1330766
1330781
1330788
1330793
1330794
1330829
1330840
1330851
1330859
1330893
1330902
1330932
1330943
1330959
1330966
1330990
1331014
1331015
1331024
1331030
1331075
1331086
1331090
1331096
1331097
1331100
1331132
1331181
1331183
1331187
1331190
1331201
1331212
1331223
1331247
1331253
1331257
1331271
1331333
1331349
1331372
1331382
1331446
1331452
1331510
1331533
1331540
1331562
1331567
1331575
1331578
1331592
1331594
1331602
1331619
1331627
1331644
1331646
1331684
1331762
1331798
1331816
1331841
1331856
1331872
1331878
1331882
1331910
1331912
1331938
1331963
1331999
1332016
1332037
1332044
1332050
1332111
1332115
1332126
1332192
1332197
1332225
1332270
1332361
1332404
1332406
1332427
1332452
1332493
1332518
1332535
1332546
1332560
1332588
1332591
1332594
1332610
1332647
1332654
1332655
1332678
1332683
1332693
1332728
1332733
1332740
1332755
1332756
1332759
1332793
1332795
1332816
1332819
1332856
1332870
1332895
1332905
1332937
1332945
1332951
1332958
1332993
1332996
1333010
1333029
1333055
1333061
1333066
1333114
1333134
1333164
1333176
1333233
1333241
1333261
1333279
1333313
1333323
1333330
1333353
1333369
1333374
1333391
1333410
1333420
1333436
1333451
1333474
1333501
1333504
1333521
1333540
1333566
1333568
1333607
1333635
1333646
1333649
1333652
1333663
1333681
1333683
1333698
1333701
1333702
1333729
1333789
1333810
1333814
1333815
1333816
1333828
1333830
1333850
1333858
1333869
1333880
1333881
1333897
1333913
1333952
1333956
1333965
1333975
1333995
1334007
1334069
1334078
1334087
1334104
1334113
1334135
1334138
1334157
1334186
1334202
1334209
1334214
1334220
1334226
1334277
1334285
1334361
1334370
1334392
1334437
1334447
1334459
1334502
1334504
1334539
1334540
1334552
1334568
1334605
1334666
1334687
1334730
1334778
1334796
1334815
1334874
1334893
1334903
1334915
1334942
1334948
1334975
1334982
1334998
1335000
1335005
1335036
1335109
1335143
1335145
1335169
1335170
1335176
1335179
1335200
1335201
1335219
1335225
1335238
1335247
1335300
1335339
1335340
1335358
1335376
1335378
1335393
1335400
1335425
1335436
1335447
1335453
1335464
1335480
1335487
1335503
1335513
1335554
1335604
1335606
1335639
1335660
1335667
1335668
1335682
1335708
1335717
1335721
1335758
1335771
1335773
1335775
1335792
1335821
1335908
1335915
1335924
1335932
1335937
1335945
1335975
1336064
1336078
1336095
1336096
1336112
1336183
1336186
1336205
1336243
1336266
1336307
1336314
1336335
1336354
1336356
1336358
1336360
1336365
1336368
1336379
1336399
1336410
1336428
1336433
1336439
1336443
1336446
1336466
1336473
1336485
1336498
1336521
1336523
1336589
1336612
1336621
1336637
1336663
1336673
1336731
1336761
1336763
1336766
1336770
1336784
1336807
1336861
1336903
1336921
1336926
1336940
1336956
1336962
1337001
1337003
1337018
1337024
1337027
1337045
1337050
1337066
1337068
1337102
1337137
1337140
1337142
1337159
1337186
1337193
1337202
1337237
1337265
1337271
1337294
1337302
1337307
1337423
1337445
1337472
1337477
1337480
1337482
1337493
1337504
1337537
1337546
1337558
1337560
1337607
1337609
1337618
1337624
1337643
1337685
1337686
1337703
1337725
1337729
1337740
1337743
1337763
1337769
1337821
1337849
1337866
1337905
1337951
1337954
1337966
1337971
1337975
1337997
1337998
1338024
1338055
1338057
1338066
1338069
1338073
1338076
1338078
1338092
1338118
1338129
1338153
1338162
1338164
1338186
1338249
1338273
1338366
1338374
1338403
1338430
1338434
1338499
1338508
1338518
1338535
1338547
1338561
1338569
1338599
1338636
1338656
1338668
1338673
1338677
1338698
1338704
1338709
1338718
1338725
1338799
1338823
1338833
1338860
1338866
1338886
1338887
1338908
1338968
1338985
1339019
1339020
1339026
1339064
1339072
1339099
1339126
1339140
1339146
1339159
1339180
1339187
1339198
1339316
1339320
1339398
1339400
1339404
1339411
1339436
1339439
1339467
1339474
1339484
1339522
1339532
1339533
1339538
1339560
1339585
1339590
1339617
1339640
1339673
1339691
1339764
1339784
1339809
1339813
1339831
1339847
1339848
1339853
1339904
1339906
1339916
1339955
1340040
1340102
1340121
1340174
1340191
1340194
1340221
1340242
1340261
1340272
1340310
1340312
1340327
1340376
1340406
1340442
1340443
1340492
1340498
1340501
1340514
1340553
1340567
1340577
1340616
1340679
1340680
1340705
1340710
1340728
1340734
1340754
1340762
1340771
1340772
1340786
1340793
1340801
1340806
1340819
1340837
1340849
1340889
1340911
1340914
1340936
1340944
1340960
1340965
1340995
1340998
1341011
1341039
1341056
1341062
1341066
1341086
1341104
1341108
1341151
1341154
1341178
1341197
1341223
1341229
1341247
1341291
1341313
1341332
1341366
1341413
1341427
1341448
1341458
1341489
1341492
1341497
1341504
1341506
1341515
1341518
1341548
1341561
1341566
1341580
1341603
1341606
1341630
1341631
1341633
1341659
1341664
1341681
1341723
1341729
1341730
1341747
1341749
1341757
1341782
1341792
1341794
1341796
1341856
1341877
1341921
1341953
1341987
1342001
1342016
1342022
1342052
1342059
1342093
1342104
1342111
1342113
1342124
1342141
1342180
1342226
1342243
1342247
1342268
1342287
1342294
1342325
1342360
1342400
1342408
1342443
1342478
1342494
1342502
1342531
1342536
1342538
1342552
1342575
1342607
1342618
1342638
1342663
1342680
1342692
1342697
1342706
1342713
1342735
1342743
1342749
1342765
1342780
1342786
1342796
1342825
1342839
1342851
1342855
1342892
1342898
1342911
1342962
1342994
1343007
1343096
1343104
1343194
1343195
1343272
1343275
1343291
1343337
1343341
1343344
1343346
1343353
1343403
1343438
1343439
1343444
1343452
1343466
1343481
1343515
1343520
1343566
1343616
1343619
1343623
1343626
1343663
1343710
1343725
1343742
1343758
1343778
1343794
1343830
1343838
1343881
1343891
1343897
1343899
1343915
1343919
1343932
1343959
1343965
1343998
1344018
1344043
1344087
1344089
1344122
1344128
1344138
1344161
1344198
1344219
1344224
1344252
1344277
1344300
1344338
1344359
1344373
1344403
1344405
1344441
1344448
1344453
1344522
1344529
1344542
1344552
1344591
1344595
1344621
1344669
1344697
1344716
1344778
1344819
1344845
1344852
1344886
1344914
1344924
1344984
1345012
1345017
1345030
1345035
1345091
1345093
1345097
1345106
1345120
1345143
1345209
1345220
1345252
1345269
1345272
1345274
1345278
1345283
1345298
1345326
1345337
1345383
1345389
1345398
1345408
1345417
1345434
1345447
1345448
1345458
1345496
1345502
1345510
1345516
1345520
1345535
1345536
1345539
1345564
1345574
1345579
1345598
1345601
1345602
1345625
1345636
1345643
1345701
1345717
1345720
1345728
1345750
1345766
1345780
1345807
1345873
1345891
1345947
1346006
1346017
1346024
1346047
1346087
1346126
1346187
1346210
1346220
1346251
1346262
1346270
1346274
1346301
1346313
1346351
1346373
1346381
1346396
1346413
1346470
1346473
1346504
1346531
1346563
1346577
1346634
1346642
1346646
1346681
1346704
1346709
1346739
1346834
1346901
1346903
1346904
1346906
1346917
1346927
1346929
1346951
1346961
1346991
1347015
1347079
1347089
1347144
1347155
1347180
1347220
1347221
1347228
1347232
1347311
1347313
1347314
1347317
1347342
1347463
1347468
1347474
1347523
1347572
1347584
1347588
1347633
1347642
1347650
1347718
1347807
1347822
1347839
1347849
1347858
1347893
1347902
1347916
1347917
1347969
1347984
1347990
1348014
1348036
1348048
1348063
1348083
1348092
1348094
1348108
1348155
1348170
1348205
1348216
1348245
1348266
1348287
1348291
1348307
1348317
1348324
1348358
1348375
1348435
1348436
1348443
1348462
1348499
1348536
1348543
1348557
1348575
1348606
1348615
1348621
1348642
1348679
1348688
1348700
1348763
1348775
1348776
1348811
1348821
1348874
1348915
1348926
1348943
1348996
1349001
1349009
1349026
1349038
1349045
1349080
1349104
1349107
1349126
1349156
1349176
1349210
1349213
1349218
1349240
1349259
1349281
1349283
1349294
1349306
1349311
1349335
1349352
1349353
1349358
1349380
1349430
1349464
1349488
1349489
1349496
1349520
1349548
1349581
1349595
1349647
1349654
1349706
1349727
1349750
1349769
1349773
1349811
1349812
1349827
1349831
1349883
1349886
1349888
1349894
1349896
1349910
1349911
1349912
1349950
1349951
1349952
1349980
1350008
1350017
1350062
1350069
1350077
1350083
1350103
1350113
1350157
1350161
1350169
1350200
1350210
1350218
1350233
1350253
1350256
1350279
1350282
1350283
1350321
1350348
1350395
1350417
1350425
1350430
1350445
1350467
1350502
1350509
1350514
1350516
1350526
1350528
1350575
1350579
1350607
1350610
1350611
1350632
1350645
1350653
1350702
1350728
1350732
1350793
1350796
1350797
1350800
1350806
1350863
1350890
1350906
1350907
1350913
1350932
1350942
1350967
1350969
1350973
1351008
1351021
1351038
1351055
1351083
1351146
1351157
1351159
1351256
1351270
1351293
1351353
1351406
1351408
1351422
1351441
1351460
1351489
1351514
1351525
1351532
1351694
1351695
1351729
1351730
1351746
1351778
1351784
1351791
1351832
1351871
1351898
1351902
1351920
1351932
1351945
1351968
1351976
1352008
1352021
1352041
1352053
1352067
1352083
1352088
1352095
1352099
1352107
1352112
1352115
1352126
1352135
1352141
1352157
1352172
1352209
1352248
1352298
1352339
1352346
1352370
1352371
1352373
1352395
1352397
1352399
1352405
1352420
1352462
1352465
1352466
1352490
1352505
1352509
1352510
1352513
1352582
1352604
1352607
1352615
1352632
1352655
1352698
1352700
1352703
1352735
1352738
1352769
1352780
1352784
1352799
1352805
1352818
1352827
1352835
1352874
1352899
1352910
1352953
1352982
1352994
1353013
1353024
1353029
1353030
1353034
1353055
1353062
1353070
1353082
1353101
1353114
1353136
1353138
1353173
1353181
1353213
1353220
1353312
1353330
1353362
1353383
1353384
1353392
1353464
1353467
1353487
1353490
1353531
1353533
1353544
1353561
1353594
1353613
1353638
1353652
1353688
1353736
1353750
1353787
1353790
1353819
1353858
1353888
1353889
1353894
1353915
1353931
1353941
1353957
1353973
1353991
1353992
1354006
1354007
1354081
1354095
1354096
1354140
1354142
1354175
1354253
1354263
1354267
1354294
1354320
1354339
1354344
1354350
1354360
1354361
1354395
1354403
1354426
1354433
1354440
1354449
1354486
1354493
1354515
1354520
1354547
1354550
1354567
1354576
1354608
1354635
1354651
1354664
1354665
1354674
1354694
1354696
1354712
1354714
1354751
1354852
1354858
1354901
1354910
1354933
1354943
1354945
1355028
1355043
1355062
1355063
1355078
1355144
1355151
1355204
1355266
1355279
1355289
1355346
1355357
1355408
1355415
1355439
1355440
1355462
1355504
1355544
1355547
1355553
1355567
1355574
1355582
1355601
1355632
1355636
1355640
1355651
1355677
1355691
1355694
1355696
1355697
1355701
1355715
1355725
1355770
1355828
1355830
1355840
1355857
1355863
1355866
1355915
1355937
1355940
1355955
1355978
1355993
1355999
1356005
1356011
1356047
1356055
1356079
1356094
1356121
1356135
1356138
1356156
1356182
1356207
1356240
1356242
1356266
1356295
1356359
1356364
1356379
1356399
1356412
1356438
1356478
1356488
1356492
1356511
1356513
1356520
1356527
1356548
1356551
1356571
1356573
1356604
1356613
1356626
1356658
1356683
1356696
1356724
1356731
1356751
1356794
1356802
1356846
1356873
1356897
1356923
1356926
1356944
1356954
1356978
1357013
1357037
1357049
1357052
1357064
1357090
1357112
1357117
1357122
1357140
1357156
1357165
1357198
1357253
1357278
1357281
1357287
1357294
1357307
1357309
1357314
1357317
1357336
1357415
1357421
1357424
1357445
1357458
1357510
1357511
1357552
1357555
1357573
1357585
1357588
1357598
1357625
1357642
1357666
1357667
1357694
1357764
1357775
1357805
1357825
1357850
1357892
1357948
1357960
1357969
1357979
1357985
1357990
1358014
1358024
1358043
1358046
1358054
1358067
1358081
1358093
1358107
1358124
1358128
1358129
1358136
1358141
1358145
1358176
1358180
1358192
1358226
1358296
1358301
1358324
1358333
1358338
1358344
1358355
1358361
1358382
1358413
1358417
1358435
1358510
1358525
1358549
1358591
1358593
1358611
1358616
1358619
1358669
1358671
1358705
1358713
1358714
1358749
1358760
1358771
1358795
1358839
1358847
1358902
1358919
1358925
1358926
1358935
1358951
1358959
1358963
1358978
1358981
1359024
1359026
1359087
1359092
1359113
1359141
1359158
1359160
1359203
1359241
1359256
1359359
1359361
1359364
1359425
1359446
1359448
1359466
1359497
1359498
1359502
1359527
1359560
1359565
1359587
1359607
1359621
1359647
1359655
1359680
1359697
1359747
1359756
1359804
1359846
1359898
1359911
1359927
1359950
1359953
1359965
1359987
1359992
1360017
1360022
1360084
1360105
1360123
1360127
1360131
1360133
1360135
1360136
1360160
1360192
1360200
1360245
1360294
1360311
1360342
1360375
1360396
1360397
1360455
1360466
1360483
1360486
1360505
1360510
1360545
1360575
1360648
1360670
1360714
1360751
1360770
1360807
1360813
1360815
1360828
1360833
1360836
1360839
1360852
1360866
1360885
1360900
1360912
1360952
1360973
1360975
1360992
1361027
1361061
1361062
1361069
1361083
1361124
1361125
1361155
1361177
1361178
1361187
1361217
1361268
1361303
1361311
1361349
1361361
1361394
1361396
1361458
1361501
1361517
1361521
1361554
1361595
1361598
1361641
1361645
1361651
1361653
1361663
1361697
1361699
1361705
1361720
1361722
1361725
1361781
1361785
1361790
1361801
1361829
1361830
1361831
1361837
1361874
1361920
1361929
1361970
1361976
1361979
1361992
1362005
1362008
1362022
1362027
1362039
1362044
1362049
1362055
1362077
1362135
1362140
1362141
1362195
1362256
1362263
1362284
1362292
1362358
1362379
1362390
1362418
1362424
1362451
1362482
1362530
1362532
1362538
1362546
1362579
1362588
1362700
1362706
1362710
1362712
1362724
1362738
1362748
1362779
1362797
1362806
1362820
1362832
1362885
1362895
1362942
1362950
1362965
1362996
1363001
1363013
1363015
1363046
1363050
1363066
1363088
1363090
1363107
1363115
1363119
1363120
1363137
1363144
1363155
1363157
1363165
1363214
1363233
1363247
1363291
1363336
1363400
1363402
1363407
1363440
1363459
1363469
1363495
1363506
1363526
1363532
1363549
1363582
1363583
1363602
1363649
1363659
1363666
1363674
1363710
1363766
1363804
1363812
1363819
1363832
1363842
1363919
1363930
1364006
1364012
1364023
1364026
1364051
1364052
1364056
1364062
1364086
1364099
1364200
1364208
1364214
1364236
1364242
1364244
1364263
1364271
1364272
1364276
1364282
1364294
1364296
1364299
1364314
1364316
1364357
1364376
1364407
1364439
1364446
1364452
1364454
1364455
1364485
1364506
1364520
1364535
1364576
1364581
1364595
1364614
1364623
1364677
1364737
1364739
1364786
1364825
1364844
1364857
1364910
1364914
1364957
1364958
1364996
1364997
1365014
1365036
1365044
1365064
1365077
1365092
1365126
1365135
1365143
1365154
1365156
1365183
1365200
1365217
1365243
1365264
1365291
1365295
1365301
1365309
1365351
1365365
1365379
1365393
1365397
1365406
1365434
1365469
1365494
1365539
1365624
1365680
1365702
1365709
1365721
1365723
1365746
1365788
1365797
1365798
1365820
1365921
1365925
1365970
1366022
1366029
1366034
1366047
1366056
1366069
1366080
1366129
1366153
1366186
1366203
1366207
1366228
1366249
1366272
1366283
1366300
1366305
1366320
1366323
1366324
1366339
1366358
1366369
1366371
1366373
1366376
1366382
1366395
1366409
1366412
1366418
1366436
1366467
1366497
1366512
1366515
1366562
1366582
1366589
1366661
1366667
1366693
1366725
1366730
1366732
1366743
1366761
1366772
1366793
1366796
1366798
1366830
1366866
1366886
1366890
1366922
1366932
1366964
1366979
1366997
1367005
1367021
1367062
1367070
1367081
1367116
1367137
1367141
1367161
1367167
1367173
1367199
1367292
1367315
1367318
1367332
1367354
1367364
1367372
1367404
1367419
1367423
1367460
1367526
1367532
1367545
1367552
1367561
1367576
1367585
1367596
1367607
1367609
1367623
1367682
1367718
1367726
1367734
1367744
1367754
1367786
1367817
1367824
1367836
1367837
1367840
1367841
1367884
1367900
1367952
1367953
1367959
1367970
1367975
1367976
1367980
1368005
1368008
1368026
1368040
1368076
1368101
1368154
1368198
1368209
1368254
1368271
1368294
1368315
1368374
1368378
1368387
1368407
1368410
1368418
1368421
1368427
1368435
1368451
1368464
1368487
1368495
1368518
1368520
1368574
1368581
1368656
1368691
1368701
1368706
1368716
1368740
1368772
1368801
1368867
1368871
1368883
1368902
1368928
1368945
1368954
1368955
1368964
1368969
1369047
1369083
1369096
1369102
1369125
1369135
1369140
1369173
1369175
1369183
1369186
1369202
1369206
1369223
1369304
1369318
1369369
1369372
1369453
1369483
1369564
1369572
1369577
1369600
1369629
1369637
1369676
1369709
1369718
1369731
1369773
1369785
1369804
1369836
1369839
1369855
1369861
1369862
1369871
1369876
1369882
1369898
1369907
1369956
1369969
1369973
1370074
1370108
1370115
1370144
1370184
1370188
1370190
1370197
1370240
1370244
1370250
1370296
1370315
1370319
1370329
1370330
1370339
1370425
1370428
1370442
1370462
1370478
1370479
1370500
1370503
1370529
1370538
1370546
1370551
1370601
1370625
1370630
1370638
1370646
1370653
1370669
1370688
1370733
1370796
1370799
1370817
1370846
1370869
1370896
1370912
1370917
1370920
1370933
1370964
1370976
1371010
1371014
1371017
1371043
1371046
1371095
1371143
1371164
1371173
1371199
1371200
1371259
1371287
1371302
1371303
1371330
1371332
1371335
1371352
1371359
1371366
1371391
1371408
1371412
1371439
1371457
1371513
1371515
1371550
1371580
1371625
1371670
1371688
1371724
1371773
1371774
1371790
1371824
1371847
1371856
1371858
1371885
1371915
1371916
1371930
1371951
1371989
1372018
1372022
1372035
1372098
1372105
1372127
1372128
1372174
1372196
1372221
1372224
1372261
1372276
1372291
1372307
1372318
1372342
1372360
1372373
1372392
1372400
1372425
1372502
1372509
1372543
1372561
1372568
1372588
1372673
1372695
1372699
1372707
1372709
1372721
1372724
1372732
1372745
1372759
1372805
1372848
1372867
1372878
1372898
1372915
1372944
1372949
1372953
1372954
1372968
1372974
1373056
1373065
1373071
1373142
1373164
1373231
1373237
1373264
1373279
1373290
1373311
1373321
1373328
1373362
1373467
1373514
1373525
1373530
1373537
1373552
1373574
1373576
1373578
1373597
1373626
1373729
1373730
1373732
1373749
1373755
1373774
1373816
1373833
1373838
1373867
1373916
1373922
1373950
1373955
1373965
1373990
1374025
1374026
1374028
1374061
1374063
1374065
1374122
1374169
1374180
1374186
1374237
1374252
1374253
1374255
1374259
1374268
1374292
1374345
1374369
1374394
1374433
1374448
1374500
1374559
1374581
1374608
1374610
1374611
1374625
1374670
1374712
1374732
1374736
1374765
1374770
1374784
1374799
1374803
1374806
1374827
1374859
1374865
1374868
1374893
1374977
1374992
1375020
1375062
1375070
1375096
1375105
1375110
1375117
1375134
1375172
1375204
1375206
1375301
1375310
1375319
1375342
1375345
1375346
1375364
1375372
1375430
1375436
1375438
1375439
1375445
1375460
1375490
1375511
1375518
1375543
1375549
1375560
1375598
1375611
1375630
1375637
1375641
1375646
1375653
1375672
1375673
1375687
1375692
1375737
1375776
1375780
1375787
1375791
1375833
1375835
1375863
1375913
1375951
1375971
1376088
1376098
1376122
1376187
1376222
1376225
1376232
1376236
1376245
1376260
1376270
1376325
1376335
1376368
1376374
1376376
1376392
1376466
1376478
1376480
1376506
1376529
1376555
1376578
1376581
1376605
1376612
1376635
1376648
1376663
1376694
1376695
1376731
1376748
1376749
1376771
1376799
1376823
1376831
1376860
1376863
1376908
1376911
1376917
1376921
1376926
1376985
1376997
1377006
1377014
1377015
1377040
1377043
1377057
1377062
1377073
1377076
1377089
1377090
1377096
1377099
1377102
1377110
1377122
1377125
1377169
1377194
1377246
1377277
1377312
1377314
1377369
1377378
1377419
1377422
1377427
1377438
1377461
1377497
1377507
1377511
1377584
1377601
1377602
1377621
1377645
1377653
1377674
1377691
1377692
1377694
1377696
1377705
1377716
1377717
1377780
1377855
1377859
1377878
1377882
1377892
1377921
1377934
1377991
1378005
1378006
1378010
1378032
1378039
1378041
1378051
1378062
1378145
1378155
1378168
1378175
1378206
1378246
1378251
1378259
1378285
1378292
1378320
1378326
1378360
1378397
1378402
1378420
1378444
1378465
1378492
1378500
1378515
1378522
1378524
1378623
1378654
1378674
1378681
1378707
1378726
1378757
1378778
1378791
1378799
1378801
1378814
1378851
1378885
1378902
1378968
1378974
1378992
1378998
1379003
1379040
1379064
1379093
1379151
1379161
1379164
1379187
1379203
1379209
1379240
1379259
1379261
1379278
1379296
1379300
1379362
1379368
1379386
1379388
1379437
1379438
1379448
1379468
1379523
1379532
1379550
1379560
1379581
1379587
1379590
1379593
1379597
1379629
1379637
1379648
1379651
1379655
1379664
1379667
1379670
1379680
1379698
1379755
1379776
1379780
1379784
1379803
1379826
1379851
1379853
1379855
1379860
1379940
1379969
1379973
1379975
1379981
1379991
1380001
1380030
1380036
1380039
1380043
1380055
1380067
1380143
1380184
1380194
1380208
1380260
1380301
1380331
1380334
1380395
1380407
1380466
1380475
1380481
1380505
1380513
1380515
1380518
1380549
1380555
1380565
1380572
1380580
1380582
1380599
1380606
1380620
1380630
1380645
1380724
1380733
1380755
1380758
1380804
1380824
1380825
1380826
1380839
1380857
1380859
1380861
1380871
1380877
1380883
1380946
1381000
1381009
1381027
1381047
1381056
1381101
1381108
1381115
1381118
1381130
1381158
1381169
1381210
1381233
1381260
1381264
1381285
1381289
1381290
1381296
1381305
1381398
1381409
1381411
1381412
1381415
1381459
1381461
1381465
1381477
1381478
1381485
1381490
1381505
1381524
1381532
1381533
1381548
1381549
1381567
1381568
1381604
1381663
1381671
1381679
1381705
1381746
1381758
1381759
1381810
1381834
1381878
1381883
1381885
1381890
1381893
1381894
1381896
1381913
1381936
1382005
1382010
1382014
1382030
1382119
1382156
1382159
1382163
1382179
1382220
1382233
1382234
1382250
1382275
1382282
1382327
1382332
1382378
1382408
1382413
1382439
1382443
1382447
1382454
1382488
1382490
1382514
1382517
1382561
1382565
1382576
1382577
1382597
1382607
1382608
1382619
1382666
1382667
1382671
1382674
1382690
1382705
1382709
1382784
1382787
1382824
1382830
1382833
1382876
1382913
1382915
1382922
1382938
1382984
1382996
1383042
1383073
1383076
1383158
1383163
1383178
1383184
1383215
1383224
1383257
1383265
1383293
1383299
1383309
1383336
1383337
1383363
1383374
1383408
1383457
1383464
1383476
1383500
1383511
1383579
1383595
1383597
1383610
1383615
1383647
1383667
1383673
1383674
1383682
1383687
1383699
1383712
1383713
1383745
1383759
1383763
1383780
1383788
1383797
1383809
1383818
1383834
1383836
1383847
1383856
1383859
1383893
1383895
1383920
1383930
1383937
1383958
1383969
1383992
1384003
1384019
1384035
1384087
1384096
1384135
1384146
1384156
1384167
1384219
1384223
1384249
1384271
1384278
1384280
1384310
1384311
1384323
1384347
1384428
1384444
1384453
1384487
1384494
1384547
1384555
1384562
1384598
1384607
1384611
1384613
1384618
1384625
1384666
1384693
1384750
1384752
1384757
1384759
1384792
1384806
1384825
1384830
1384865
1384871
1384874
1384894
1384923
1384964
1384971
1384988
1385022
1385024
1385065
1385068
1385106
1385131
1385136
1385146
1385174
1385175
1385192
1385209
1385248
1385274
1385285
1385289
1385300
1385310
1385363
1385437
1385450
1385467
1385479
1385561
1385565
1385567
1385582
1385617
1385650
1385663
1385705
1385730
1385746
1385758
1385765
1385778
1385800
1385808
1385832
1385834
1385835
1385883
1385931
1385933
1385941
1385953
1385978
1385981
1385983
1386005
1386028
1386059
1386062
1386084
1386087
1386088
1386134
1386157
1386173
1386199
1386205
1386209
1386233
1386241
1386264
1386283
1386312
1386321
1386347
1386351
1386373
1386393
1386430
1386432
1386452
1386461
1386463
1386468
1386476
1386521
1386550
1386557
1386593
1386605
1386619
1386622
1386688
1386689
1386702
1386706
1386710
1386750
1386751
1386758
1386764
1386766
1386767
1386775
1386786
1386787
1386802
1386887
1386895
1386896
1386910
1386923
1386968
1386971
1386989
1386995
1387004
1387009
1387051
1387150
1387158
1387165
1387176
1387206
1387263
1387295
1387300
1387307
1387311
1387316
1387366
1387382
1387478
1387485
1387497
1387500
1387501
1387535
1387574
1387577
1387604
1387679
1387737
1387751
1387758
1387765
1387794
1387832
1387836
1387867
1387879
1387884
1387912
1387913
1387959
1387984
1387992
1388019
1388037
1388099
1388100
1388106
1388122
1388182
1388212
1388213
1388236
1388266
1388275
1388329
1388347
1388348
1388378
1388382
1388435
1388438
1388443
1388455
1388500
1388507
1388547
1388618
1388641
1388677
1388685
1388694
1388707
1388726
1388742
1388769
1388772
1388778
1388781
1388795
1388798
1388809
1388818
1388881
1388897
1388903
1388922
1388927
1388935
1388982
1388999
1389018
1389051
1389112
1389149
1389212
1389224
1389230
1389250
1389313
1389327
1389344
1389388
1389390
1389410
1389442
1389451
1389472
1389476
1389483
1389488
1389499
1389555
1389579
1389594
1389604
1389606
1389639
1389667
1389672
1389727
1389729
1389734
1389735
1389813
1389825
1389870
1389878
1389881
1389891
1389933
1389944
1389969
1390050
1390067
1390095
1390112
1390115
1390128
1390142
1390167
1390188
1390197
1390246
1390268
1390282
1390305
1390308
1390344
1390351
1390358
1390360
1390370
1390376
1390410
1390411
1390423
1390483
1390497
1390555
1390581
1390598
1390607
1390622
1390623
1390634
1390653
1390686
1390698
1390709
1390724
1390733
1390737
1390748
1390788
1390795
1390799
1390830
1390875
1390887
1390912
1390937
1391000
1391016
1391017
1391041
1391085
1391086
1391089
1391091
1391153
1391167
1391203
1391207
1391238
1391244
1391253
1391258
1391269
1391289
1391298
1391322
1391324
1391336
1391367
1391377
1391389
1391394
1391402
1391423
1391461
1391489
1391542
1391560
1391577
1391581
1391616
1391667
1391681
1391717
1391736
1391756
1391762
1391783
1391800
1391828
1391850
1391891
1391903
1391928
1391939
1391990
1392003
1392017
1392025
1392039
1392043
1392075
1392081
1392093
1392146
1392261
1392304
1392313
1392332
1392337
1392363
1392387
1392396
1392402
1392407
1392427
1392441
1392450
1392483
1392498
1392504
1392532
1392558
1392566
1392568
1392576
1392583
1392591
1392596
1392608
1392612
1392622
1392624
1392659
1392689
1392691
1392698
1392738
1392785
1392791
1392796
1392824
1392831
1392852
1392853
1392899
1392914
1392932
1392965
1392970
1392981
1393030
1393050
1393054
1393066
1393071
1393078
1393100
1393140
1393145
1393175
1393214
1393265
1393291
1393310
1393326
1393334
1393358
1393383
1393416
1393447
1393463
1393470
1393487
1393494
1393591
1393599
1393615
1393621
1393633
1393655
1393658
1393674
1393700
1393708
1393724
1393746
1393768
1393792
1393794
1393796
1393829
1393832
1393834
1393878
1393883
1393884
1393891
1393898
1393952
1393965
1393966
1394007
1394025
1394027
1394028
1394055
1394059
1394067
1394095
1394101
1394106
1394108
1394159
1394173
1394182
1394205
1394227
1394251
1394257
1394262
1394319
1394320
1394329
1394389
1394404
1394412
1394417
1394418
1394458
1394477
1394489
1394507
1394533
1394563
1394573
1394616
1394660
1394675
1394686
1394716
1394742
1394751
1394759
1394763
1394844
1394871
1394892
1394898
1394925
1394926
1394931
1394951
1394973
1394975
1394979
1395038
1395053
1395057
1395069
1395074
1395082
1395093
1395094
1395134
1395149
1395174
1395182
1395188
1395229
1395262
1395270
1395276
1395287
1395293
1395305
1395334
1395340
1395378
1395380
1395383
1395439
1395526
1395550
1395575
1395582
1395600
1395605
1395631
1395663
1395726
1395729
1395737
1395790
1395793
1395794
1395833
1395844
1395882
1395909
1395958
1396050
1396052
1396063
1396068
1396073
1396074
1396101
1396125
1396145
1396149
1396159
1396167
1396171
1396188
1396205
1396213
1396241
1396261
1396271
1396278
1396339
1396349
1396351
1396370
1396377
1396412
1396433
1396438
1396452
1396456
1396475
1396487
1396488
1396507
1396518
1396548
1396560
1396575
1396579
1396589
1396627
1396631
1396643
1396695
1396711
1396720
1396752
1396759
1396780
1396782
1396789
1396849
1396853
1396883
1396941
1396962
1396990
1397055
1397072
1397075
1397114
1397174
1397177
1397188
1397194
1397233
1397245
1397268
1397271
1397275
1397297
1397311
1397315
1397324
1397333
1397335
1397394
1397416
1397449
1397457
1397458
1397466
1397476
1397490
1397502
1397510
1397542
1397546
1397551
1397568
1397593
1397600
1397615
1397640
1397644
1397664
1397667
1397668
1397689
1397713
1397723
1397725
1397770
1397794
1397851
1397901
1397903
1397927
1397976
1397987
1397991
1398031
1398057
1398091
1398092
1398093
1398114
1398134
1398147
1398165
1398171
1398175
1398178
1398185
1398210
1398216
1398225
1398226
1398261
1398270
1398303
1398312
1398389
1398425
1398435
1398440
1398508
1398525
1398532
1398555
1398569
1398578
1398586
1398599
1398624
1398634
1398704
1398716
1398721
1398747
1398748
1398749
1398785
1398828
1398835
1398844
1398878
1398884
1398944
1398959
1398976
1399006
1399016
1399065
1399086
1399112
1399132
1399145
1399146
1399150
1399210
1399224
1399249
1399266
1399283
1399305
1399315
1399352
1399360
1399366
1399374
1399422
1399437
1399470
1399482
1399491
1399507
1399508
1399592
1399609
1399615
1399636
1399668
1399713
1399772
1399782
1399814
1399827
1399847
1399865
1399898
1399905
1399926
1399957
1399979
1399981
1399989
1400016
1400035
1400082
1400085
1400103
1400105
1400111
1400117
1400142
1400145
1400152
1400180
1400205
1400215
1400230
1400257
1400270
1400292
1400315
1400346
1400357
1400371
1400372
1400454
1400458
1400491
1400547
1400563
1400594
1400612
1400627
1400638
1400650
1400652
1400668
1400722
1400735
1400757
1400773
1400819
1400821
1400829
1400886
1400908
1400909
1400912
1400932
1400938
1400943
1401029
1401057
1401074
1401093
1401105
1401151
1401190
1401194
1401195
1401208
1401218
1401246
1401293
1401296
1401368
1401410
1401448
1401471
1401491
1401492
1401499
1401504
1401558
1401582
1401603
1401606
1401609
1401643
1401652
1401663
1401682
1401717
1401721
1401751
1401757
1401762
1401779
1401782
1401791
1401792
1401802
1401811
1401820
1401836
1401854
1401938
1401945
1401959
1401976
1401994
1402013
1402017
1402023
1402031
1402037
1402041
1402046
1402064
1402091
1402098
1402109
1402130
1402132
1402136
1402142
1402154
1402161
1402179
1402228
1402248
1402268
1402313
1402314
1402316
1402340
1402351
1402366
1402424
1402441
1402482
1402519
1402559
1402584
1402590
1402596
1402600
1402616
1402622
1402623
1402646
1402648
1402661
1402662
1402698
1402714
1402744
1402790
1402801
1402805
1402806
1402829
1402871
1402888
1402904
1402912
1402915
1402926
1402927
1402932
1402938
1402944
1402945
1402975
1402991
1403031
1403067
1403077
1403104
1403119
1403143
1403161
1403166
1403208
1403228
1403233
1403236
1403289
1403294
1403340
1403341
1403366
1403368
1403390
1403401
1403460
1403467
1403532
1403535
1403544
1403568
1403575
1403588
1403641
1403673
1403676
1403678
1403682
1403742
1403763
1403857
1403879
1403899
1403920
1403929
1403939
1403948
1403954
1403973
1403997
1404008
1404011
1404059
1404121
1404131
1404158
1404161
1404171
1404185
1404192
1404199
1404219
1404229
1404232
1404240
1404256
1404264
1404285
1404315
1404369
1404400
1404404
1404434
1404480
1404482
1404487
1404498
1404499
1404517
1404544
1404548
1404559
1404571
1404581
1404613
1404627
1404689
1404726
1404740
1404765
1404771
1404773
1404790
1404798
1404859
1404862
1404885
1404952
1404960
1404983
1405014
1405035
1405087
1405099
1405156
1405173
1405199
1405202
1405260
1405266
1405271
1405275
1405276
1405290
1405294
1405297
1405375
1405399
1405402
1405430
1405431
1405435
1405440
1405453
1405465
1405470
1405488
1405509
1405557
1405581
1405609
1405717
1405749
1405765
1405798
1405847
1405871
1405881
1405904
1405960
1405979
1405984
1406000
1406006
1406071
1406079
1406083
1406121
1406145
1406154
1406249
1406260
1406274
1406285
1406294
1406298
1406299
1406300
1406310
1406336
1406389
1406410
1406416
1406431
1406439
1406450
1406457
1406488
1406493
1406494
1406515
1406548
1406558
1406577
1406582
1406584
1406599
1406608
1406649
1406665
1406700
1406724
1406788
1406792
1406853
1406872
1406896
1406903
1406922
1406936
1406937
1406945
1406959
1406982
1407024
1407034
1407049
1407070
1407134
1407147
1407156
1407161
1407169
1407175
1407223
1407228
1407268
1407272
1407286
1407311
1407323
1407324
1407341
1407372
1407393
1407405
1407419
1407433
1407483
1407487
1407490
1407499
1407501
1407539
1407556
1407579
1407602
1407603
1407605
1407617
1407640
1407655
1407686
1407713
1407724
1407740
1407743
1407747
1407752
1407787
1407826
1407877
1407898
1407900
1407904
1407922
1407942
1407995
1407998
1408007
1408029
1408032
1408108
1408132
1408139
1408148
1408172
1408173
1408181
1408183
1408185
1408232
1408241
1408255
1408256
1408285
1408288
1408297
1408341
1408343
1408390
1408403
1408413
1408418
1408422
1408483
1408496
1408499
1408503
1408532
1408551
1408559
1408582
1408589
1408599
1408611
1408626
1408652
1408663
1408703
1408719
1408723
1408733
1408738
1408782
1408827
1408881
1408928
1408932
1408936
1408964
1408986
1409016
1409019
1409028
1409076
1409084
1409144
1409151
1409154
1409175
1409194
1409220
1409228
1409248
1409251
1409257
1409269
1409313
1409348
1409381
1409386
1409415
1409442
1409497
1409528
1409542
1409545
1409615
1409630
1409672
1409694
1409723
1409759
1409771
1409782
1409788
1409797
1409821
1409836
1409878
1409886
1409932
1409937
1409941
1409956
1409980
1409983
1409987
1410011
1410013
1410022
1410024
1410070
1410078
1410112
1410127
1410130
1410150
1410170
1410198
1410273
1410277
1410309
1410312
1410323
1410324
1410398
1410409
1410442
1410493
1410544
1410550
1410560
1410563
1410564
1410575
1410581
1410598
1410646
1410653
1410674
1410681
1410686
1410713
1410723
1410731
1410754
1410765
1410769
1410773
1410775
1410791
1410796
1410853
1410855
1410902
1410907
1410917
1410929
1410942
1410958
1410988
1411007
1411013
1411015
1411059
1411074
1411161
1411194
1411195
1411208
1411216
1411230
1411259
1411260
1411265
1411268
1411317
1411318
1411332
1411340
1411345
1411352
1411365
1411370
1411406
1411422
1411442
1411471
1411485
1411521
1411529
1411532
1411539
1411546
1411549
1411617
1411662
1411689
1411713
1411728
1411803
1411836
1411863
1411909
1411922
1411939
1411957
1411980
1411992
1412006
1412013
1412030
1412031
1412043
1412056
1412064
1412067
1412077
1412079
1412090
1412117
1412158
1412166
1412210
1412215
1412237
1412300
1412305
1412323
1412326
1412330
1412343
1412350
1412352
1412362
1412399
1412401
1412424
1412425
1412426
1412469
1412474
1412487
1412517
1412524
1412606
1412609
1412619
1412621
1412629
1412684
1412710
1412712
1412717
1412741
1412757
1412781
1412794
1412812
1412818
1412863
1412869
1412871
1412872
1412904
1412918
1412979
1412993
1412995
1413014
1413034
1413043
1413092
1413109
1413145
1413147
1413153
1413175
1413185
1413192
1413223
1413256
1413258
1413274
1413339
1413382
1413448
1413452
1413455
1413511
1413538
1413568
1413579
1413591
1413598
1413626
1413665
1413670
1413673
1413682
1413691
1413704
1413724
1413765
1413778
1413798
1413816
1413864
1413908
1413909
1413920
1413924
1413950
1413961
1413993
1413998
1414071
1414135
1414137
1414176
1414192
1414223
1414231
1414232
1414259
1414278
1414290
1414300
1414319
1414320
1414343
1414358
1414359
1414392
1414413
1414434
1414438
1414458
1414512
1414540
1414553
1414588
1414603
1414611
1414635
1414650
1414654
1414658
1414686
1414696
1414727
1414763
1414790
1414799
1414829
1414833
1414897
1414910
1414931
1414952
1414967
1414987
1414989
1415038
1415061
1415080
1415083
1415098
1415129
1415135
1415138
1415155
1415184
1415209
1415237
1415239
1415252
1415271
1415307
1415330
1415343
1415355
1415375
1415380
1415395
1415404
1415412
1415415
1415452
1415487
1415512
1415527
1415528
1415537
1415543
1415550
1415559
1415594
1415610
1415641
1415674
1415688
1415703
1415717
1415823
1415861
1415871
1415881
1415889
1415904
1415930
1415941
1415974
1416005
1416034
1416052
1416063
1416066
1416084
1416088
1416108
1416120
1416123
1416160
1416168
1416181
1416190
1416227
1416243
1416244
1416249
1416273
1416281
1416302
1416340
1416404
1416418
1416421
1416492
1416524
1416530
1416562
1416565
1416586
1416587
1416611
1416635
1416663
1416679
1416685
1416696
1416703
1416723
1416737
1416751
1416759
1416760
1416785
1416801
1416808
1416855
1416860
1416870
1416891
1416956
1416967
1417045
1417067
1417084
1417091
1417160
1417163
1417178
1417185
1417188
1417208
1417221
1417270
1417274
1417275
1417281
1417289
1417317
1417335
1417351
1417371
1417409
1417428
1417436
1417468
1417471
1417481
1417518
1417530
1417558
1417562
1417563
1417568
1417569
1417583
1417594
1417644
1417720
1417743
1417780
1417784
1417824
1417853
1417880
1417887
1417888
1417922
1417926
1417938
1417944
1417949
1417955
1417958
1417972
1417990
1418012
1418016
1418034
1418049
1418058
1418059
1418080
1418159
1418161
1418163
1418221
1418258
1418260
1418288
1418321
1418326
1418327
1418345
1418366
1418391
1418402
1418444
1418481
1418502
1418506
1418507
1418513
1418525
1418538
1418610
1418611
1418662
1418704
1418713
1418774
1418782
1418788
1418792
1418798
1418860
1418865
1418871
1418876
1418892
1418896
1418910
1418921
1418926
1418945
1418955
1418994
1419022
1419029
1419042
1419069
1419096
1419110
1419155
1419226
1419283
1419285
1419306
1419307
1419325
1419344
1419349
1419373
1419386
1419415
1419441
1419459
1419461
1419478
1419487
1419495
1419502
1419518
1419522
1419528
1419530
1419549
1419643
1419657
1419738
1419740
1419817
1419824
1419892
1419920
1419926
1419927
1419933
1419935
1419955
1420019
1420029
1420060
1420061
1420119
1420121
1420124
1420169
1420174
1420175
1420191
1420235
1420239
1420244
1420267
1420268
1420280
1420321
1420322
1420339
1420343
1420363
1420395
1420447
1420465
1420485
1420501
1420503
1420507
1420559
1420568
1420574
1420584
1420611
1420659
1420660
1420699
1420710
1420771
1420783
1420797
1420816
1420817
1420836
1420859
1420874
1420888
1420890
1420898
1420945
1420949
1421006
1421036
1421041
1421049
1421073
1421109
1421148
1421153
1421170
1421184
1421201
1421206
1421236
1421246
1421269
1421274
1421319
1421366
1421402
1421428
1421432
1421435
1421471
1421472
1421479
1421518
1421526
1421527
1421546
1421562
1421567
1421614
1421617
1421641
1421659
1421668
1421701
1421716
1421727
1421732
1421738
1421745
1421785
1421816
1421845
1421869
1421870
1421884
1421903
1421916
1421927
1421936
1421944
1421973
1422002
1422028
1422059
1422103
1422112
1422115
1422126
1422150
1422162
1422180
1422194
1422244
1422249
1422277
1422307
1422309
1422331
1422352
1422355
1422363
1422384
1422385
1422398
1422424
1422429
1422435
1422437
1422455
1422470
1422471
1422486
1422529
1422549
1422626
1422652
1422683
1422689
1422717
1422744
1422748
1422767
1422771
1422806
1422838
1422868
1422871
1422876
1422883
1422892
1422906
1422923
1422941
1422967
1422971
1422976
1422978
1423009
1423012
1423019
1423026
1423030
1423049
1423063
1423117
1423118
1423128
1423156
1423168
1423181
1423203
1423213
1423280
1423288
1423317
1423318
1423335
1423360
1423390
1423398
1423401
1423408
1423430
1423438
1423480
1423491
1423539
1423562
1423569
1423616
1423628
1423656
1423662
1423674
1423685
1423689
1423732
1423762
1423792
1423814
1423884
1423885
1423896
1423941
1423964
1423984
1424004
1424016
1424030
1424082
1424091
1424181
1424184
1424185
1424328
1424348
1424350
1424352
1424353
1424359
1424380
1424422
1424436
1424469
1424478
1424490
1424503
1424506
1424542
1424546
1424548
1424570
1424586
1424633
1424634
1424679
1424689
1424735
1424757
1424775
1424848
1424866
1424875
1424876
1424938
1424973
1424987
1424995
1425014
1425023
1425054
1425060
1425066
1425092
1425179
1425195
1425229
1425246
1425254
1425269
1425270
1425333
1425334
1425335
1425378
1425387
1425412
1425423
1425425
1425444
1425455
1425506
1425533
1425590
1425607
1425623
1425641
1425643
1425659
1425668
1425676
1425693
1425699
1425705
1425766
1425772
1425773
1425792
1425802
1425824
1425902
1425905
1425916
1425923
1425927
1425935
1425980
1425994
1426062
1426081
1426087
1426090
1426103
1426107
1426110
1426122
1426131
1426152
1426176
1426210
1426211
1426221
1426222
1426237
1426239
1426245
1426265
1426266
1426270
1426281
1426294
1426310
1426407
1426409
1426429
1426439
1426449
1426477
1426479
1426537
1426545
1426546
1426614
1426622
1426638
1426737
1426742
1426749
1426751
1426813
1426816
1426837
1426838
1426849
1426864
1426872
1426880
1426890
1426933
1426970
1426974
1427033
1427065
1427077
1427103
1427121
1427126
1427136
1427224
1427226
1427234
1427243
1427258
1427371
1427383
1427404
1427434
1427452
1427498
1427505
1427517
1427535
1427596
1427626
1427646
1427666
1427677
1427695
1427714
1427716
1427717
1427725
1427736
1427757
1427769
1427801
1427819
1427821
1427844
1427856
1427857
1427862
1427882
1427893
1427910
1427924
1427926
1427936
1427953
1427968
1428011
1428027
1428046
1428089
1428112
1428129
1428132
1428142
1428148
1428277
1428292
1428298
1428310
1428317
1428318
1428342
1428422
1428450
1428464
1428480
1428481
1428486
1428518
1428521
1428544
1428549
1428552
1428554
1428556
1428570
1428588
1428592
1428650
1428677
1428682
1428684
1428711
1428738
1428744
1428746
1428788
1428800
1428845
1428888
1428925
1429012
1429029
1429042
1429076
1429088
1429102
1429109
1429121
1429136
1429173
1429176
1429227
1429242
1429259
1429334
1429338
1429394
1429414
1429441
1429474
1429483
1429493
1429623
1429639
1429645
1429699
1429725
1429751
1429760
1429782
1429798
1429811
1429824
1429827
1429909
1429941
1429980
1429984
1429991
1429995
1430019
1430022
1430024
1430040
1430049
1430079
1430088
1430144
1430152
1430157
1430160
1430185
1430197
1430198
1430214
1430219
1430230
1430272
1430285
1430325
1430327
1430342
1430353
1430369
1430393
1430408
1430445
1430446
1430452
1430482
1430485
1430504
1430512
1430517
1430526
1430591
1430627
1430631
1430661
1430672
1430698
1430702
1430720
1430762
1430809
1430821
1430837
1430855
1430878
1430884
1430905
1430906
1430926
1430965
1430987
1430998
1431006
1431020
1431029
1431047
1431051
1431064
1431082
1431136
1431142
1431146
1431151
1431239
1431251
1431268
1431273
1431278
1431279
1431292
1431310
1431311
1431316
1431320
1431321
1431334
1431354
1431393
1431422
1431426
1431437
1431440
1431445
1431474
1431509
1431528
1431542
1431568
1431760
1431771
1431778
1431789
1431802
1431804
1431814
1431815
1431839
1431853
1431856
1431858
1431872
1431876
1431886
1432002
1432017
1432050
1432058
1432071
1432102
1432130
1432133
1432192
1432193
1432213
1432232
1432242
1432247
1432252
1432279
1432282
1432284
1432387
1432441
1432464
1432472
1432474
1432502
1432519
1432526
1432565
1432566
1432577
1432587
1432606
1432611
1432644
1432673
1432700
1432719
1432728
1432737
1432757
1432760
1432762
1432767
1432785
1432793
1432798
1432900
1432961
1432990
1433005
1433016
1433057
1433060
1433072
1433085
1433101
1433103
1433137
1433181
1433192
1433219
1433221
1433235
1433359
1433388
1433389
1433393
1433415
1433419
1433428
1433444
1433482
1433484
1433514
1433521
1433531
1433546
1433613
1433614
1433618
1433666
1433688
1433692
1433695
1433743
1433752
1433758
1433765
1433772
1433780
1433799
1433813
1433830
1433840
1433877
1433882
1433885
1433912
1433913
1433943
1433952
1433958
1433975
1433986
1434032
1434034
1434069
1434074
1434108
1434135
1434164
1434198
1434206
1434214
1434257
1434328
1434329
1434334
1434341
1434387
1434388
1434400
1434442
1434453
1434462
1434469
1434472
1434480
1434495
1434503
1434534
1434553
1434563
1434571
1434578
1434592
1434634
1434637
1434654
1434664
1434746
1434769
1434773
1434779
1434812
1434824
1434845
1434862
1434898
1434912
1434963
1434978
1434983
1434989
1434992
1434995
1434998
1435010
1435013
1435027
1435042
1435130
1435171
1435183
1435184
1435190
1435202
1435227
1435276
1435282
1435283
1435292
1435316
1435320
1435327
1435337
1435338
1435342
1435355
1435372
1435399
1435400
1435414
1435427
1435432
1435468
1435490
1435517
1435529
1435577
1435604
1435613
1435618
1435619
1435704
1435712
1435713
1435735
1435745
1435751
1435781
1435797
1435810
1435882
1435932
1435936
1435955
1435965
1435989
1436010
1436053
1436069
1436072
1436080
1436123
1436133
1436142
1436156
1436171
1436179
1436180
1436186
1436200
1436216
1436256
1436296
1436305
1436321
1436331
1436413
1436420
1436424
1436448
1436459
1436474
1436491
1436496
1436502
1436529
1436582
1436587
1436596
1436606
1436632
1436688
1436694
1436728
1436730
1436764
1436815
1436834
1436846
1436865
1436875
1436899
1436905
1436909
1436930
1436992
1437001
1437005
1437016
1437020
1437026
1437041
1437076
1437134
1437135
1437150
1437178
1437179
1437197
1437208
1437221
1437253
1437293
1437301
1437325
1437329
1437356
1437357
1437400
1437420
1437425
1437449
1437473
1437519
1437520
1437557
1437589
1437609
1437618
1437622
1437635
1437649
1437650
1437683
1437701
1437716
1437728
1437779
1437788
1437802
1437805
1437822
1437840
1437884
1437910
1437945
1437951
1437952
1437965
1437966
1437970
1437986
1438040
1438065
1438083
1438116
1438125
1438140
1438142
1438162
1438164
1438188
1438207
1438221
1438241
1438242
1438319
1438325
1438344
1438409
1438410
1438429
1438434
1438449
1438457
1438498
1438521
1438552
1438553
1438560
1438579
1438616
1438651
1438735
1438782
1438786
1438817
1438821
1438834
1438848
1438866
1438872
1438883
1438911
1438922
1438924
1438978
1438981
1438996
1439002
1439024
1439057
1439082
1439115
1439127
1439134
1439167
1439170
1439183
1439230
1439234
1439242
1439264
1439265
1439273
1439277
1439279
1439288
1439338
1439345
1439408
1439420
1439440
1439451
1439458
1439459
1439460
1439518
1439523
1439526
1439544
1439547
1439567
1439568
1439599
1439620
1439625
1439637
1439662
1439688
1439718
1439747
1439765
1439793
1439803
1439807
1439818
1439832
1439878
1439906
1440030
1440075
1440086
1440137
1440142
1440182
1440183
1440201
1440206
1440210
1440232
1440254
1440340
1440343
1440348
1440359
1440362
1440364
1440371
1440414
1440447
1440459
1440504
1440546
1440556
1440606
1440609
1440615
1440624
1440632
1440638
1440653
1440684
1440690
1440700
1440723
1440736
1440743
1440751
1440758
1440775
1440787
1440798
1440815
1440828
1440850
1440882
1440914
1440951
1440986
1440994
1441023
1441048
1441054
1441076
1441119
1441170
1441182
1441202
1441271
1441291
1441308
1441313
1441315
1441355
1441395
1441421
1441440
1441456
1441477
1441521
1441526
1441529
1441539
1441541
1441559
1441596
1441621
1441634
1441638
1441672
1441691
1441695
1441705
1441723
1441727
1441744
1441757
1441844
1441853
1441867
1441879
1441896
1441901
1441906
1441927
1441928
1441935
1441965
1441982
1441986
1442005
1442013
1442023
1442050
1442066
1442070
1442114
1442154
1442159
1442170
1442176
1442225
1442231
1442268
1442273
1442339
1442356
1442361
1442364
1442369
1442379
1442380
1442382
1442391
1442450
1442454
1442463
1442559
1442578
1442591
1442598
1442614
1442625
1442634
1442661
1442704
1442740
1442805
1442807
1442814
1442815
1442820
1442841
1442864
1442957
1442978
1442988
1443008
1443009
1443013
1443048
1443061
1443080
1443099
1443114
1443128
1443168
1443175
1443224
1443243
1443307
1443308
1443339
1443368
1443373
1443385
1443387
1443395
1443423
1443438
1443456
1443471
1443493
1443515
1443534
1443585
1443597
1443621
1443628
1443647
1443654
1443698
1443721
1443722
1443730
1443737
1443761
1443799
1443868
1443873
1443883
1443894
1443933
1443960
1443977
1443994
1444010
1444020
1444038
1444054
1444064
1444073
1444082
1444087
1444101
1444154
1444158
1444169
1444178
1444217
1444263
1444269
1444280
1444289
1444337
1444340
1444358
1444361
1444364
1444369
1444399
1444403
1444443
1444516
1444521
1444528
1444544
1444549
1444567
1444569
1444570
1444579
1444601
1444612
1444624
1444629
1444643
1444662
1444668
1444688
1444697
1444729
1444733
1444742
1444755
1444760
1444780
1444794
1444813
1444853
1444891
1444929
1444944
1444963
1444965
1444966
1444973
1444998
1445005
1445035
1445075
1445079
1445090
1445162
1445243
1445244
1445300
1445302
1445305
1445336
1445382
1445396
1445398
1445433
1445435
1445446
1445455
1445459
1445472
1445473
1445488
1445498
1445507
1445530
1445536
1445547
1445594
1445621
1445665
1445666
1445698
1445717
1445744
1445751
1445760
1445767
1445789
1445820
1445839
1445844
1445865
1445868
1445879
1445886
1445908
1445938
1445964
1445981
1446030
1446074
1446111
1446141
1446162
1446202
1446212
1446221
1446227
1446235
1446283
1446286
1446304
1446309
1446315
1446317
1446330
1446372
1446420
1446437
1446444
1446481
1446484
1446496
1446502
1446510
1446557
1446560
1446584
1446585
1446589
1446617
1446631
1446636
1446663
1446675
1446687
1446692
1446696
1446709
1446710
1446719
1446790
1446791
1446795
1446806
1446817
1446818
1446827
1446833
1446839
1446887
1446891
1446903
1446920
1446935
1446936
1446940
1446948
1446993
1447019
1447022
1447036
1447059
1447060
1447082
1447093
1447112
1447156
1447205
1447209
1447232
1447235
1447249
1447258
1447261
1447262
1447294
1447299
1447312
1447332
1447335
1447378
1447384
1447427
1447471
1447472
1447480
1447487
1447489
1447491
1447545
1447555
1447562
1447571
1447584
1447644
1447665
1447669
1447680
1447720
1447724
1447725
1447748
1447778
1447786
1447808
1447841
1447842
1447881
1447916
1447939
1447976
1447977
1447994
1448026
1448039
1448042
1448090
1448092
1448112
1448136
1448147
1448177
1448194
1448198
1448288
1448318
1448319
1448322
1448333
1448352
1448370
1448388
1448401
1448406
1448412
1448415
1448424
1448481
1448508
1448524
1448553
1448603
1448622
1448647
1448658
1448659
1448672
1448678
1448680
1448712
1448764
1448810
1448816
1448833
1448835
1448836
1448861
1448878
1448926
1448996
1449019
1449032
1449037
1449044
1449047
1449052
1449071
1449092
1449105
1449157
1449160
1449177
1449183
1449206
1449261
1449273
1449285
1449319
1449325
1449351
1449370
1449383
1449424
1449430
1449467
1449475
1449485
1449490
1449502
1449512
1449518
1449526
1449589
1449591
1449595
1449600
1449648
1449663
1449687
1449705
1449726
1449758
1449788
1449798
1449811
1449849
1449858
1449871
1449896
1449914
1449935
1449945
1449958
1449978
1449992
1450010
1450061
1450080
1450081
1450093
1450105
1450115
1450126
1450140
1450145
1450154
1450169
1450224
1450301
1450303
1450311
1450320
1450322
1450332
1450349
1450350
1450423
1450486
1450495
1450514
1450520
1450528
1450535
1450544
1450554
1450559
1450569
1450590
1450594
1450669
1450713
1450788
1450849
1450852
1450858
1450868
1450870
1450918
1450941
1450957
1450984
1450991
1450994
1451015
1451023
1451046
1451058
1451080
1451121
1451153
1451156
1451202
1451209
1451230
1451254
1451314
1451318
1451325
1451333
1451409
1451418
1451419
1451425
1451436
1451441
1451467
1451473
1451520
1451544
1451548
1451613
1451628
1451637
1451648
1451674
1451691
1451709
1451721
1451745
1451749
1451752
1451759
1451765
1451767
1451771
1451774
1451804
1451811
1451821
1451838
1451843
1451845
1451846
1451860
1451881
1451945
1451955
1451970
1451974
1451975
1451978
1451979
1451983
1452025
1452046
1452062
1452072
1452076
1452116
1452123
1452143
1452191
1452226
1452336
1452360
1452362
1452378
1452380
1452383
1452392
1452402
1452404
1452475
1452485
1452492
1452521
1452527
1452557
1452559
1452587
1452620
1452625
1452639
1452665
1452711
1452738
1452742
1452778
1452813
1452819
1452828
1452904
1452907
1452918
1452939
1452946
1452951
1452959
1452982
1452985
1453001
1453002
1453021
1453031
1453079
1453098
1453145
1453175
1453205
1453215
1453222
1453253
1453257
1453260
1453287
1453291
1453292
1453298
1453302
1453348
1453365
1453366
1453409
1453418
1453449
1453533
1453588
1453614
1453632
1453654
1453720
1453749
1453752
1453774
1453799
1453825
1453830
1453831
1453853
1453870
1453906
1453916
1453930
1453933
1453935
1453942
1453964
1454008
1454052
1454082
1454083
1454118
1454152
1454189
1454194
1454195
1454253
1454288
1454336
1454354
1454362
1454371
1454376
1454377
1454380
1454453
1454483
1454519
1454565
1454618
1454625
1454664
1454665
1454670
1454703
1454720
1454723
1454729
1454733
1454754
1454757
1454758
1454778
1454881
1454905
1454908
1454916
1454932
1454973
1454996
1455001
1455005
1455030
1455037
1455051
1455096
1455109
1455129
1455161
1455172
1455192
1455202
1455204
1455220
1455251
1455276
1455290
1455320
1455334
1455403
1455406
1455493
1455504
1455526
1455544
1455565
1455611
1455628
1455646
1455702
1455731
1455734
1455745
1455757
1455774
1455790
1455827
1455846
1455860
1455888
1455898
1455913
1455943
1455948
1455987
1455992
1456003
1456039
1456084
1456085
1456095
1456105
1456137
1456171
1456197
1456209
1456222
1456236
1456258
1456264
1456281
1456284
1456299
1456302
1456313
1456319
1456325
1456327
1456329
1456342
1456381
1456410
1456428
1456434
1456487
1456534
1456541
1456545
1456573
1456575
1456579
1456582
1456603
1456622
1456635
1456643
1456650
1456674
1456680
1456681
1456704
1456720
1456752
1456773
1456776
1456818
1456821
1456896
1456909
1456916
1456986
1456991
1457032
1457039
1457040
1457068
1457073
1457102
1457133
1457180
1457192
1457194
1457204
1457215
1457239
1457240
1457245
1457249
1457268
1457313
1457314
1457341
1457377
1457379
1457421
1457439
1457441
1457443
1457449
1457473
1457502
1457503
1457542
1457554
1457603
1457614
1457633
1457644
1457664
1457681
1457730
1457775
1457787
1457793
1457808
1457826
1457831
1457879
1457892
1457897
1457899
1457926
1457968
1457969
1457983
1458011
1458016
1458114
1458127
1458147
1458155
1458220
1458300
1458327
1458360
1458375
1458385
1458392
1458405
1458434
1458436
1458444
1458455
1458460
1458469
1458471
1458537
1458539
1458542
1458734
1458749
1458804
1458829
1458841
1458858
1458859
1458905
1458913
1458940
1458958
1458964
1458984
1458987
1459024
1459040
1459054
1459064
1459070
1459108
1459145
1459152
1459176
1459186
1459208
1459223
1459245
1459265
1459300
1459303
1459307
1459314
1459316
1459328
1459337
1459359
1459379
1459390
1459409
1459416
1459420
1459429
1459430
1459436
1459457
1459481
1459496
1459518
1459566
1459567
1459588
1459618
1459625
1459631
1459646
1459678
1459689
1459692
1459705
1459715
1459745
1459751
1459780
1459786
1459814
1459832
1459852
1459861
1459901
1459925
1459928
1459930
1459941
1459963
1460017
1460021
1460053
1460140
1460159
1460170
1460176
1460184
1460245
1460264
1460276
1460277
1460312
1460328
1460329
1460346
1460349
1460352
1460391
1460405
1460426
1460464
1460473
1460515
1460535
1460549
1460550
1460551
1460560
1460565
1460566
1460575
1460583
1460585
1460589
1460601
1460602
1460603
1460627
1460628
1460646
1460677
1460694
1460701
1460738
1460740
1460757
1460776
1460782
1460786
1460838
1460839
1460842
1460880
1460893
1460925
1460938
1460961
1460983
1461022
1461042
1461054
1461105
1461117
1461185
1461227
1461232
1461241
1461284
1461303
1461308
1461338
1461347
1461365
1461380
1461483
1461490
1461503
1461520
1461538
1461575
1461597
1461602
1461639
1461644
1461661
1461737
1461764
1461788
1461797
1461807
1461820
1461853
1461871
1461877
1461878
1461882
1461885
1461891
1461901
1461907
1461912
1461920
1461931
1461938
1461976
1462000
1462007
1462018
1462025
1462053
1462082
1462112
1462124
1462128
1462166
1462171
1462177
1462187
1462193
1462199
1462213
1462216
1462221
1462222
1462235
1462259
1462267
1462275
1462312
1462358
1462367
1462401
1462405
1462413
1462430
1462459
1462473
1462491
1462509
1462542
1462558
1462563
1462593
1462649
1462667
1462739
1462774
1462777
1462800
1462807
1462836
1462875
1462895
1462901
1462916
1462918
1462921
1462931
1462967
1462975
1462992
1463013
1463020
1463023
1463040
1463076
1463116
1463146
1463168
1463190
1463196
1463202
1463295
1463302
1463330
1463363
1463404
1463433
1463457
1463463
1463464
1463504
1463512
1463517
1463520
1463547
1463567
1463591
1463598
1463603
1463606
1463619
1463623
1463682
1463746
1463835
1463862
1463872
1463897
1463920
1463947
1463971
1463975
1464050
1464119
1464139
1464178
1464200
1464207
1464218
1464262
1464277
1464300
1464311
1464409
1464426
1464430
1464454
1464507
1464547
1464553
1464595
1464611
1464625
1464634
1464668
1464674
1464677
1464694
1464702
1464720
1464744
1464750
1464781
1464800
1464811
1464818
1464829
1464847
1464850
1464856
1464873
1464879
1464886
1464920
1464944
1464951
1465017
1465046
1465053
1465066
1465070
1465110
1465115
1465153
1465160
1465205
1465207
1465212
1465237
1465256
1465278
1465282
1465330
1465335
1465359
1465461
1465477
1465483
1465489
1465551
1465561
1465573
1465586
1465620
1465622
1465639
1465640
1465650
1465687
1465691
1465706
1465718
1465744
1465799
1465800
1465829
1465879
1465926
1465950
1466001
1466002
1466036
1466044
1466048
1466053
1466059
1466079
1466090
1466111
1466122
1466154
1466192
1466218
1466223
1466283
1466341
1466407
1466450
1466488
1466489
1466504
1466547
1466553
1466573
1466588
1466591
1466595
1466602
1466627
1466640
1466699
1466718
1466740
1466744
1466791
1466793
1466808
1466815
1466821
1466847
1466901
1466904
1466956
1466962
1466968
1466969
1467002
1467023
1467031
1467060
1467072
1467105
1467126
1467130
1467148
1467168
1467177
1467193
1467247
1467250
1467267
1467276
1467320
1467324
1467325
1467333
1467385
1467393
1467396
1467400
1467417
1467422
1467436
1467445
1467485
1467595
1467604
1467623
1467633
1467637
1467688
1467704
1467729
1467825
1467840
1467844
1467905
1467913
1467940
1467980
1467982
1467994
1468014
1468048
1468087
1468113
1468119
1468155
1468183
1468194
1468213
1468218
1468222
1468230
1468233
1468247
1468255
1468259
1468267
1468280
1468317
1468326
1468347
1468365
1468419
1468438
1468454
1468468
1468500
1468506
1468589
1468593
1468595
1468606
1468624
1468641
1468694
1468712
1468715
1468738
1468740
1468756
1468804
1468805
1468811
1468828
1468831
1468860
1468876
1468882
1468896
1468900
1468912
1468923
1468942
1468978
1469016
1469019
1469042
1469092
1469105
1469109
1469118
1469138
1469141
1469171
1469183
1469203
1469233
1469235
1469239
1469286
1469288
1469291
1469311
1469326
1469344
1469354
1469391
1469395
1469445
1469512
1469520
1469558
1469559
1469568
1469580
1469619
1469637
1469684
1469700
1469706
1469729
1469742
1469766
1469769
1469812
1469815
1469827
1469833
1469841
1469851
1469858
1469859
1469877
1469885
1469898
1469902
1469944
1469980
1470030
1470069
1470073
1470109
1470128
1470157
1470160
1470163
1470221
1470239
1470266
1470269
1470302
1470325
1470333
1470350
1470356
1470364
1470383
1470391
1470407
1470435
1470438
1470440
1470450
1470453
1470529
1470541
1470543
1470559
1470575
1470579
1470582
1470626
1470654
1470666
1470676
1470697
1470707
1470718
1470726
1470754
1470759
1470816
1470851
1470879
1470890
1470918
1470923
1470931
1470957
1470961
1470979
1470983
1470986
1471025
1471113
1471133
1471140
1471184
1471196
1471205
1471249
1471251
1471281
1471323
1471347
1471358
1471364
1471370
1471414
1471421
1471430
1471439
1471443
1471457
1471459
1471482
1471486
1471489
1471491
1471499
1471501
1471503
1471509
1471511
1471515
1471527
1471529
1471540
1471542
1471551
1471554
1471575
1471588
1471597
1471622
1471643
1471649
1471707
1471746
1471756
1471799
1471842
1471881
1471893
1471904
1471926
1471959
1471969
1471980
1471985
1472021
1472053
1472066
1472072
1472086
1472103
1472149
1472158
1472211
1472241
1472244
1472259
1472290
1472305
1472317
1472336
1472339
1472421
1472475
1472479
1472503
1472530
1472578
1472580
1472585
1472611
1472629
1472638
1472642
1472671
1472701
1472713
1472714
1472715
1472727
1472793
1472806
1472808
1472820
1472826
1472859
1472883
1472922
1472940
1472998
1472999
1473026
1473030
1473031
1473042
1473045
1473046
1473054
1473072
1473094
1473100
1473105
1473106
1473124
1473157
1473173
1473193
1473199
1473205
1473240
1473243
1473258
1473262
1473285
1473289
1473292
1473293
1473307
1473317
1473328
1473334
1473348
1473353
1473379
1473452
1473456
1473518
1473533
1473542
1473568
1473569
1473612
1473632
1473647
1473703
1473712
1473716
1473751
1473757
1473763
1473850
1473858
1473890
1473904
1473921
1473927
1473967
1473969
1473976
1473988
1474017
1474064
1474075
1474127
1474152
1474172
1474177
1474185
1474199
1474229
1474241
1474244
1474245
1474268
1474304
1474335
1474370
1474374
1474417
1474516
1474517
1474526
1474543
1474578
1474629
1474650
1474738
1474758
1474806
1474808
1474812
1474827
1474849
1474851
1474855
1474879
1474896
1474903
1474904
1474935
1474949
1474974
1475003
1475004
1475023
1475029
1475066
1475070
1475074
1475083
1475087
1475091
1475097
1475102
1475106
1475127
1475150
1475262
1475272
1475276
1475280
1475302
1475306
1475353
1475379
1475391
1475407
1475410
1475413
1475419
1475436
1475466
1475507
1475508
1475523
1475533
1475571
1475575
1475624
1475667
1475699
1475715
1475738
1475750
1475757
1475762
1475784
1475800
1475839
1475876
1475885
1475890
1475896
1475903
1475943
1475966
1476078
1476080
1476085
1476097
1476108
1476124
1476180
1476186
1476196
1476209
1476220
1476222
1476223
1476251
1476284
1476291
1476323
1476407
1476444
1476481
1476505
1476524
1476550
1476590
1476597
1476631
1476658
1476673
1476689
1476711
1476730
1476732
1476749
1476750
1476777
1476805
1476806
1476826
1476833
1476849
1476853
1476873
1476899
1476934
1476935
1476949
1476954
1476962
1476965
1476974
1477048
1477049
1477093
1477118
1477119
1477154
1477156
1477159
1477199
1477218
1477250
1477251
1477285
1477286
1477308
1477327
1477336
1477376
1477415
1477419
1477425
1477447
1477453
1477459
1477472
1477537
1477547
1477594
1477635
1477636
1477664
1477678
1477712
1477716
1477728
1477741
1477798
1477804
1477819
1477821
1477857
1477875
1477879
1477884
1477891
1477893
1477900
1477907
1477922
1478003
1478004
1478005
1478021
1478030
1478054
1478077
1478083
1478122
1478148
1478182
1478190
1478205
1478212
1478276
1478285
1478286
1478335
1478343
1478362
1478363
1478366
1478376
1478377
1478388
1478401
1478414
1478431
1478479
1478486
1478490
1478524
1478538
1478556
1478576
1478609
1478632
1478637
1478642
1478670
1478684
1478698
1478699
1478708
1478716
1478772
1478791
1478798
1478811
1478835
1478836
1478840
1478859
1478901
1478912
1478995
1479038
1479049
1479071
1479085
1479089
1479090
1479103
1479146
1479174
1479177
1479184
1479189
1479197
1479205
1479212
1479213
1479222
1479252
1479256
1479260
1479267
1479274
1479291
1479317
1479358
1479392
1479403
1479422
1479437
1479439
1479451
1479467
1479507
1479531
1479532
1479545
1479558
1479612
1479617
1479623
1479649
1479650
1479689
1479716
1479728
1479732
1479779
1479794
1479817
1479833
1479873
1479875
1479884
1479890
1479934
1479936
1479950
1479967
1479969
1479992
1480009
1480012
1480014
1480034
1480076
1480120
1480148
1480152
1480165
1480173
1480192
1480235
1480248
1480251
1480269
1480287
1480288
1480340
1480343
1480364
1480467
1480485
1480487
1480530
1480532
1480541
1480580
1480583
1480625
1480681
1480687
1480711
1480722
1480752
1480803
1480826
1480858
1480865
1480866
1480876
1480879
1480919
1480921
1480934
1480943
1480952
1480953
1480958
1480979
1481024
1481039
1481046
1481084
1481116
1481183
1481185
1481194
1481215
1481222
1481248
1481253
1481259
1481260
1481268
1481293
1481329
1481342
1481351
1481373
1481407
1481414
1481452
1481464
1481485
1481501
1481504
1481525
1481527
1481567
1481593
1481633
1481656
1481662
1481664
1481726
1481730
1481748
1481804
1481807
1481831
1481858
1481881
1481932
1481937
1481953
1481958
1481972
1481986
1482008
1482036
1482045
1482068
1482106
1482127
1482181
1482191
1482194
1482216
1482225
1482228
1482250
1482254
1482259
1482273
1482284
1482299
1482304
1482324
1482357
1482372
1482377
1482380
1482388
1482391
1482396
1482402
1482406
1482414
1482430
1482433
1482434
1482464
1482509
1482513
1482535
1482540
1482558
1482609
1482634
1482635
1482662
1482666
1482674
1482683
1482692
1482693
1482721
1482761
1482775
1482790
1482797
1482802
1482834
1482843
1482858
1482882
1482883
1482897
1482907
1482908
1482918
1482927
1482934
1482996
1483006
1483014
1483016
1483043
1483051
1483076
1483081
1483084
1483108
1483136
1483146
1483148
1483169
1483177
1483210
1483219
1483234
1483266
1483284
1483320
1483344
1483348
1483355
1483356
1483372
1483389
1483395
1483398
1483408
1483417
1483432
1483445
1483524
1483591
1483593
1483596
1483614
1483617
1483630
1483632
1483665
1483672
1483682
1483729
1483832
1483844
1483853
1483865
1483895
1483896
1483923
1483927
1483935
1483941
1483959
1483964
1483977
1483992
1484017
1484030
1484053
1484071
1484077
1484092
1484094
1484150
1484163
1484195
1484205
1484219
1484246
1484247
1484259
1484265
1484293
1484320
1484321
1484358
1484374
1484386
1484388
1484408
1484417
1484440
1484489
1484494
1484532
1484584
1484604
1484623
1484627
1484642
1484666
1484761
1484763
1484772
1484812
1484845
1484858
1484862
1484866
1484871
1484893
1484921
1484940
1484956
1484968
1485002
1485021
1485041
1485052
1485100
1485105
1485204
1485210
1485250
1485267
1485287
1485288
1485290
1485293
1485324
1485327
1485354
1485371
1485380
1485387
1485401
1485410
1485412
1485417
1485458
1485473
1485482
1485513
1485617
1485619
1485622
1485623
1485667
1485674
1485679
1485682
1485689
1485704
1485707
1485710
1485760
1485797
1485816
1485866
1485907
1485932
1485938
1485940
1485954
1485955
1485976
1485993
1486030
1486031
1486065
1486094
1486144
1486160
1486172
1486174
1486175
1486184
1486187
1486194
1486235
1486308
1486317
1486341
1486380
1486424
1486436
1486488
1486496
1486498
1486503
1486520
1486522
1486528
1486531
1486543
1486575
1486594
1486606
1486662
1486666
1486699
1486705
1486712
1486720
1486757
1486772
1486849
1486867
1486897
1486917
1486928
1486945
1486952
1486977
1487015
1487035
1487058
1487067
1487111
1487134
1487175
1487221
1487295
1487329
1487334
1487351
1487362
1487402
1487480
1487488
1487494
1487527
1487567
1487572
1487644
1487645
1487653
1487659
1487662
1487665
1487666
1487673
1487702
1487718
1487724
1487744
1487763
1487768
1487788
1487789
1487797
1487820
1487861
1487873
1487877
1487881
1487895
1487910
1487911
1487916
1487943
1487988
1487996
1488045
1488048
1488049
1488053
1488103
1488109
1488121
1488123
1488128
1488157
1488172
1488194
1488206
1488224
1488240
1488246
1488268
1488269
1488279
1488296
1488339
1488353
1488362
1488367
1488377
1488436
1488445
1488455
1488466
1488503
1488565
1488575
1488585
1488610
1488617
1488638
1488652
1488672
1488691
1488719
1488727
1488792
1488829
1488849
1488865
1488875
1488895
1488946
1488969
1488970
1488981
1488988
1488993
1489005
1489018
1489037
1489038
1489134
1489165
1489237
1489239
1489246
1489250
1489254
1489259
1489293
1489334
1489367
1489402
1489405
1489410
1489425
1489428
1489438
1489439
1489476
1489499
1489500
1489521
1489532
1489546
1489556
1489579
1489677
1489722
1489736
1489739
1489793
1489797
1489800
1489806
1489828
1489852
1489906
1489936
1489944
1490027
1490036
1490094
1490171
1490214
1490218
1490236
1490255
1490260
1490264
1490274
1490291
1490343
1490349
1490369
1490401
1490415
1490417
1490444
1490449
1490452
1490489
1490589
1490594
1490646
1490668
1490696
1490738
1490772
1490777
1490791
1490807
1490811
1490836
1490873
1490876
1490878
1490893
1490912
1490925
1490995
1491017
1491079
1491153
1491169
1491183
1491197
1491202
1491208
1491214
1491217
1491223
1491228
1491230
1491244
1491271
1491336
1491393
1491401
1491409
1491429
1491435
1491441
1491472
1491531
1491537
1491551
1491605
1491637
1491640
1491664
1491737
1491784
1491820
1491831
1491834
1491837
1491851
1491855
1491904
1491908
1491931
1491934
1491938
1492022
1492047
1492065
1492080
1492099
1492109
1492125
1492127
1492132
1492135
1492142
1492185
1492207
1492230
1492232
1492243
1492302
1492303
1492325
1492337
1492338
1492361
1492365
1492368
1492380
1492399
1492423
1492424
1492459
1492463
1492505
1492541
1492558
1492606
1492618
1492619
1492650
1492656
1492672
1492704
1492709
1492725
1492794
1492805
1492811
1492827
1492831
1492886
1492890
1492891
1492900
1492912
1492934
1492936
1492937
1492939
1492974
1492978
1492989
1492996
1493001
1493004
1493162
1493168
1493199
1493266
1493277
1493304
1493372
1493373
1493388
1493390
1493406
1493461
1493522
1493529
1493579
1493590
1493599
1493670
1493732
1493746
1493759
1493815
1493838
1493839
1493843
1493855
1493856
1493912
1493924
1493952
1494042
1494068
1494076
1494101
1494115
1494118
1494147
1494148
1494166
1494216
1494226
1494287
1494298
1494306
1494369
1494416
1494443
1494448
1494458
1494485
1494539
1494625
1494668
1494673
1494677
1494720
1494747
1494832
1494843
1494845
1494860
1494923
1494949
1494956
1494967
1494985
1495002
1495005
1495009
1495015
1495022
1495029
1495081
1495093
1495115
1495117
1495132
1495133
1495146
1495156
1495159
1495185
1495223
1495247
1495280
1495286
1495287
1495316
1495332
1495351
1495493
1495525
1495527
1495536
1495551
1495589
1495592
1495644
1495664
1495685
1495688
1495755
1495854
1495873
1495885
1495898
1495917
1495974
1495988
1496000
1496006
1496042
1496085
1496095
1496119
1496139
1496140
1496199
1496201
1496305
1496320
1496348
1496365
1496384
1496400
1496402
1496417
1496449
1496452
1496469
1496507
1496552
1496557
1496643
1496668
1496718
1496731
1496761
1496813
1496816
1496873
1496875
1496880
1496934
1496955
1496963
1496971
1497061
1497088
1497123
1497185
1497190
1497227
1497234
1497315
1497316
1497384
1497391
1497403
1497441
1497463
1497464
1497480
1497499
1497505
1497533
1497548
1497552
1497598
1497601
1497618
1497623
1497643
1497650
1497662
1497695
1497704
1497728
1497739
1497761
1497781
1497847
1497849
1497885
1497907
1497917
1497928
1497962
1497967
1497976
1498006
1498016
1498035
1498047
1498054
1498060
1498097
1498109
1498139
1498163
1498179
1498216
1498217
1498262
1498318
1498323
1498369
1498370
1498381
1498416
1498423
1498440
1498454
1498480
1498487
1498526
1498537
1498543
1498546
1498578
1498598
1498628
1498635
1498643
1498655
1498656
1498687
1498692
1498705
1498713
1498738
1498754
1498783
1498793
1498803
1498824
1498861
1498874
1498881
1498905
1498960
1499018
1499033
1499053
1499069
1499104
1499124
1499139
1499146
1499150
1499176
1499187
1499191
1499200
1499230
1499295
1499312
1499329
1499346
1499371
1499435
1499452
1499462
1499470
1499493
1499505
1499530
1499565
1499577
1499583
1499592
1499607
1499613
1499642
1499652
1499657
1499667
1499683
1499750
1499762
1499768
1499778
1499806
1499816
1499826
1499836
1499837
1499877
1499892
1499898
1499943
1499950
1499961
1499991
1500006
1500040
1500061
1500102
1500253
1500262
1500278
1500286
1500307
1500396
1500454
1500457
1500502
1500525
1500557
1500586
1500603
1500611
1500621
1500631
1500644
1500645
1500665
1500727
1500732
1500739
1500772
1500782
1500793
1500823
1500824
1500863
1500864
1500899
1500906
1500919
1500945
1500950
1500959
1500963
1500977
1500979
1501115
1501127
1501185
1501249
1501255
1501257
1501260
1501263
1501265
1501318
1501319
1501357
1501365
1501403
1501434
1501454
1501467
1501492
1501495
1501528
1501546
1501549
1501571
1501585
1501593
1501624
1501630
1501641
1501655
1501668
1501754
1501759
1501776
1501852
1501868
1501894
1501895
1501902
1501912
1501948
1502008
1502010
1502045
1502056
1502088
1502097
1502141
1502150
1502167
1502170
1502175
1502254
1502267
1502269
1502308
1502345
1502367
1502392
1502415
1502435
1502444
1502468
1502469
1502496
1502522
1502523
1502525
1502562
1502620
1502661
1502662
1502664
1502686
1502701
1502708
1502730
1502752
1502754
1502787
1502792
1502811
1502822
1502833
1502852
1502912
1502914
1502915
1502946
1502956
1502960
1502991
1503013
1503026
1503033
1503047
1503062
1503090
1503137
1503151
1503161
1503185
1503199
1503210
1503215
1503216
1503247
1503256
1503318
1503325
1503344
1503369
1503381
1503390
1503410
1503414
1503486
1503517
1503555
1503573
1503574
1503580
1503602
1503620
1503627
1503659
1503686
1503721
1503733
1503744
1503754
1503788
1503823
1503827
1503832
1503851
1503876
1503880
1503897
1503914
1503915
1503919
1503947
1503955
1503963
1503969
1504005
1504040
1504056
1504084
1504097
1504103
1504121
1504123
1504137
1504159
1504171
1504189
1504197
1504230
1504231
1504277
1504279
1504283
1504284
1504308
1504320
1504356
1504364
1504382
1504390
1504396
1504409
1504412
1504415
1504438
1504451
1504468
1504526
1504569
1504578
1504646
1504672
1504683
1504704
1504736
1504755
1504764
1504777
1504783
1504809
1504853
1504877
1504902
1504906
1504920
1504960
1504972
1504983
1505044
1505064
1505088
1505094
1505131
1505162
1505166
1505194
1505209
1505214
1505243
1505250
1505261
1505315
1505345
1505350
1505352
1505359
1505365
1505386
1505404
1505426
1505430
1505447
1505453
1505454
1505486
1505516
1505537
1505549
1505590
1505609
1505649
1505661
1505715
1505735
1505781
1505815
1505832
1505849
1505909
1505921
1505933
1505940
1505964
1505991
1506040
1506065
1506099
1506129
1506133
1506144
1506167
1506213
1506227
1506229
1506262
1506287
1506352
1506364
1506378
1506387
1506418
1506431
1506433
1506478
1506500
1506507
1506510
1506530
1506567
1506573
1506576
1506616
1506665
1506678
1506700
1506735
1506737
1506768
1506789
1506812
1506820
1506840
1506842
1506860
1506879
1506941
1506985
1506989
1506998
1507001
1507020
1507049
1507060
1507062
1507082
1507107
1507145
1507147
1507153
1507172
1507197
1507221
1507238
1507254
1507267
1507270
1507276
1507280
1507296
1507298
1507321
1507332
1507338
1507343
1507357
1507368
1507411
1507412
1507415
1507416
1507461
1507483
1507489
1507502
1507513
1507526
1507531
1507562
1507586
1507587
1507632
1507682
1507687
1507697
1507709
1507723
1507743
1507748
1507818
1507852
1507873
1507882
1507916
1507953
1507978
1508041
1508060
1508064
1508071
1508090
1508171
1508217
1508218
1508229
1508233
1508241
1508249
1508288
1508316
1508358
1508361
1508365
1508372
1508378
1508457
1508466
1508482
1508508
1508513
1508542
1508558
1508582
1508611
1508682
1508697
1508702
1508719
1508735
1508763
1508767
1508810
1508812
1508831
1508845
1508851
1508855
1508866
1508872
1508909
1508912
1508916
1508934
1508978
1509086
1509089
1509201
1509235
1509240
1509250
1509258
1509281
1509290
1509321
1509323
1509342
1509368
1509371
1509392
1509413
1509428
1509443
1509461
1509470
1509476
1509486
1509494
1509497
1509546
1509555
1509556
1509581
1509587
1509631
1509634
1509635
1509660
1509685
1509695
1509743
1509745
1509758
1509762
1509764
1509768
1509769
1509794
1509802
1509807
1509818
1509877
1509881
1509885
1509902
1509908
1509929
1509939
1509956
1509979
1509984
1510038
1510054
1510068
1510101
1510107
1510127
1510141
1510142
1510147
1510160
1510179
1510184
1510247
1510298
1510337
1510345
1510355
1510366
1510371
1510418
1510469
1510474
1510517
1510529
1510531
1510562
1510591
1510635
1510653
1510654
1510656
1510675
1510691
1510699
1510709
1510717
1510721
1510747
1510780
1510787
1510798
1510820
1510828
1510892
1510908
1510916
1510924
1510928
1510935
1510938
1510949
1510965
1510984
1511004
1511015
1511039
1511049
1511063
1511068
1511075
1511090
1511113
1511155
1511165
1511186
1511190
1511210
1511222
1511234
1511244
1511283
1511291
1511312
1511331
1511365
1511368
1511376
1511377
1511389
1511407
1511424
1511435
1511493
1511506
1511508
1511516
1511558
1511559
1511571
1511586
1511609
1511651
1511691
1511694
1511702
1511709
1511717
1511771
1511779
1511780
1511804
1511848
1511856
1511908
1511924
1511938
1511967
1512057
1512096
1512169
1512205
1512264
1512307
1512437
1512458
1512475
1512510
1512512
1512533
1512538
1512546
1512551
1512610
1512615
1512622
1512628
1512635
1512644
1512651
1512710
1512737
1512757
1512769
1512826
1512829
1512860
1512870
1512891
1512911
1512920
1512921
1512925
1512933
1512936
1512937
1513000
1513002
1513009
1513010
1513065
1513084
1513093
1513097
1513102
1513198
1513209
1513210
1513236
1513266
1513310
1513331
1513344
1513367
1513386
1513409
1513414
1513431
1513435
1513465
1513473
1513491
1513498
1513501
1513502
1513539
1513546
1513624
1513631
1513652
1513653
1513664
1513677
1513692
1513716
1513721
1513728
1513764
1513766
1513851
1513909
1513944
1513968
1513993
1514041
1514078
1514085
1514108
1514111
1514124
1514134
1514140
1514155
1514158
1514166
1514181
1514186
1514202
1514277
1514278
1514302
1514352
1514358
1514384
1514385
1514387
1514396
1514413
1514423
1514424
1514435
1514439
1514484
1514501
1514524
1514546
1514565
1514606
1514670
1514685
1514688
1514701
1514731
1514736
1514763
1514809
1514829
1514836
1514852
1514859
1514871
1514911
1514917
1514922
1514950
1515023
1515024
1515027
1515042
1515048
1515064
1515106
1515115
1515178
1515183
1515203
1515225
1515246
1515272
1515273
1515310
1515344
1515432
1515468
1515469
1515475
1515481
1515489
1515500
1515501
1515514
1515531
1515536
1515541
1515569
1515592
1515602
1515640
1515660
1515669
1515673
1515674
1515683
1515693
1515710
1515731
1515750
1515847
1515866
1515883
1515922
1515933
1515934
1515950
1515960
1515972
1515988
1516055
1516089
1516115
1516125
1516134
1516150
1516174
1516189
1516191
1516206
1516235
1516259
1516296
1516305
1516306
1516328
1516332
1516351
1516357
1516383
1516390
1516392
1516409
1516416
1516462
1516505
1516516
1516535
1516545
1516569
1516573
1516577
1516583
1516585
1516593
1516594
1516617
1516627
1516640
1516641
1516646
1516676
1516686
1516707
1516739
1516763
1516771
1516775
1516780
1516790
1516794
1516831
1516868
1516875
1516951
1516993
1517047
1517066
1517097
1517129
1517143
1517161
1517176
1517185
1517192
1517214
1517261
1517265
1517311
1517389
1517392
1517430
1517451
1517471
1517525
1517528
1517531
1517536
1517543
1517550
1517553
1517564
1517579
1517601
1517609
1517626
1517630
1517646
1517664
1517670
1517673
1517677
1517703
1517745
1517768
1517873
1517903
1517906
1517910
1517970
1517999
1518001
1518011
1518015
1518017
1518018
1518027
1518047
1518066
1518109
1518158
1518177
1518213
1518216
1518219
1518222
1518229
1518234
1518249
1518282
1518283
1518295
1518325
1518384
1518411
1518439
1518443
1518459
1518465
1518521
1518579
1518594
1518598
1518613
1518645
1518656
1518666
1518673
1518681
1518725
1518753
1518785
1518820
1518826
1518829
1518847
1518871
1518876
1518878
1518898
1518923
1518976
1518986
1518998
1519007
1519053
1519091
1519122
1519148
1519197
1519219
1519228
1519234
1519242
1519252
1519270
1519277
1519284
1519308
1519320
1519323
1519327
1519368
1519390
1519391
1519414
1519425
1519449
1519462
1519468
1519474
1519545
1519560
1519619
1519637
1519645
1519688
1519701
1519713
1519715
1519719
1519724
1519729
1519773
1519800
1519817
1519819
1519848
1519852
1519854
1519857
1519901
1519907
1519959
1520005
1520013
1520014
1520034
1520051
1520055
1520078
1520089
1520100
1520138
1520157
1520161
1520166
1520203
1520206
1520227
1520228
1520251
1520264
1520271
1520283
1520304
1520311
1520322
1520325
1520331
1520346
1520369
1520377
1520382
1520388
1520400
1520422
1520449
1520468
1520475
1520491
1520518
1520537
1520541
1520544
1520565
1520604
1520620
1520626
1520640
1520647
1520686
1520698
1520726
1520753
1520776
1520779
1520791
1520803
1520829
1520906
1520932
1520952
1521013
1521018
1521024
1521036
1521050
1521089
1521095
1521159
1521168
1521186
1521188
1521227
1521234
1521247
1521261
1521265
1521279
1521316
1521352
1521402
1521444
1521497
1521501
1521521
1521567
1521572
1521578
1521598
1521607
1521611
1521640
1521693
1521711
1521717
1521740
1521743
1521809
1521814
1521819
1521885
1521919
1522016
1522070
1522113
1522119
1522150
1522174
1522181
1522185
1522241
1522253
1522306
1522350
1522363
1522383
1522397
1522398
1522448
1522456
1522492
1522519
1522527
1522528
1522537
1522562
1522569
1522585
1522587
1522656
1522670
1522674
1522721
1522760
1522770
1522774
1522783
1522800
1522803
1522818
1522852
1522869
1522872
1522925
1522946
1522985
1522989
1523049
1523055
1523075
1523091
1523122
1523146
1523152
1523216
1523224
1523313
1523345
1523369
1523392
1523401
1523425
1523451
1523455
1523476
1523479
1523497
1523518
1523528
1523533
1523602
1523611
1523614
1523648
1523659
1523663
1523673
1523686
1523705
1523709
1523739
1523799
1523815
1523816
1523819
1523831
1523832
1523844
1523850
1523852
1523868
1523909
1523931
1523935
1523950
1523951
1523955
1523968
1523996
1524004
1524018
1524025
1524035
1524053
1524058
1524064
1524074
1524096
1524099
1524115
1524125
1524126
1524131
1524145
1524253
1524294
1524338
1524357
1524374
1524412
1524421
1524463
1524469
1524506
1524510
1524523
1524569
1524617
1524620
1524634
1524672
1524677
1524680
1524688
1524705
1524722
1524734
1524764
1524769
1524808
1524819
1524827
1524837
1524847
1524890
1524904
1524909
1524922
1524935
1524958
1524978
1524979
1524988
1525001
1525008
1525011
1525016
1525020
1525046
1525145
1525209
1525252
1525328
1525342
1525344
1525405
1525416
1525437
1525450
1525453
1525483
1525499
1525524
1525559
1525580
1525595
1525597
1525622
1525651
1525679
1525682
1525685
1525715
1525735
1525736
1525756
1525762
1525783
1525789
1525796
1525801
1525805
1525833
1525843
1525845
1525866
1525869
1525906
1525997
1526005
1526030
1526047
1526054
1526062
1526066
1526068
1526086
1526179
1526191
1526192
1526200
1526219
1526222
1526227
1526247
1526315
1526324
1526349
1526395
1526419
1526422
1526424
1526438
1526467
1526491
1526522
1526554
1526555
1526585
1526591
1526618
1526634
1526642
1526646
1526649
1526666
1526668
1526705
1526765
1526773
1526780
1526829
1526841
1526844
1526862
1526866
1526867
1526895
1526906
1526908
1526911
1526920
1526925
1526930
1526972
1526986
1527018
1527048
1527087
1527095
1527100
1527102
1527108
1527112
1527124
1527160
1527164
1527189
1527191
1527215
1527227
1527293
1527303
1527320
1527352
1527362
1527364
1527401
1527410
1527481
1527536
1527556
1527571
1527577
1527578
1527594
1527605
1527622
1527662
1527665
1527672
1527682
1527695
1527698
1527725
1527730
1527735
1527747
1527750
1527762
1527789
1527791
1527794
1527871
1527891
1527895
1527898
1527902
1527906
1527914
1527932
1527944
1527986
1528000
1528017
1528056
1528096
1528107
1528112
1528135
1528140
1528145
1528166
1528172
1528175
1528198
1528207
1528214
1528250
1528269
1528291
1528307
1528323
1528335
1528368
1528430
1528441
1528444
1528447
1528488
1528501
1528525
1528528
1528529
1528533
1528539
1528543
1528575
1528584
1528585
1528600
1528603
1528611
1528675
1528687
1528693
1528703
1528736
1528756
1528762
1528806
1528837
1528842
1528875
1528903
1528911
1528918
1528935
1528936
1528966
1528987
1529009
1529031
1529127
1529131
1529164
1529192
1529215
1529216
1529217
1529220
1529225
1529297
1529362
1529375
1529389
1529401
1529414
1529415
1529431
1529465
1529481
1529528
1529539
1529592
1529612
1529613
1529645
1529661
1529701
1529756
1529764
1529786
1529797
1529807
1529810
1529854
1529866
1529874
1529893
1529914
1529928
1529930
1529956
1529962
1529994
1530028
1530047
1530072
1530074
1530088
1530129
1530166
1530195
1530207
1530210
1530220
1530257
1530270
1530310
1530322
1530382
1530386
1530391
1530412
1530427
1530441
1530444
1530482
1530540
1530541
1530559
1530591
1530597
1530605
1530638
1530647
1530683
1530697
1530706
1530722
1530753
1530763
1530791
1530865
1530885
1530895
1530923
1530952
1530976
1531037
1531062
1531063
1531086
1531093
1531101
1531118
1531152
1531171
1531242
1531243
1531297
1531316
1531412
1531416
1531417
1531419
1531421
1531482
1531500
1531522
1531530
1531545
1531547
1531551
1531562
1531570
1531576
1531615
1531664
1531676
1531694
1531715
1531743
1531750
1531764
1531767
1531769
1531771
1531776
1531815
1531872
1531923
1531946
1531983
1532026
1532056
1532057
1532084
1532099
1532104
1532146
1532154
1532175
1532194
1532207
1532258
1532347
1532355
1532426
1532452
1532531
1532563
1532599
1532650
1532663
1532687
1532756
1532761
1532778
1532786
1532798
1532813
1532816
1532852
1532867
1532870
1532880
1532895
1532917
1532935
1532950
1532953
1532992
1532993
1532994
1532998
1533025
1533029
1533036
1533038
1533042
1533059
1533068
1533096
1533134
1533149
1533214
1533227
1533274
1533314
1533330
1533331
1533339
1533366
1533373
1533447
1533476
1533482
1533515
1533556
1533564
1533594
1533608
1533614
1533627
1533676
1533677
1533730
1533757
1533804
1533842
1533858
1533910
1533931
1533932
1533935
1533943
1533961
1533968
1533981
1534022
1534053
1534070
1534085
1534118
1534136
1534246
1534314
1534349
1534359
1534365
1534424
1534447
1534454
1534480
1534503
1534508
1534514
1534550
1534554
1534556
1534615
1534617
1534637
1534660
1534715
1534716
1534742
1534777
1534780
1534782
1534783
1534788
1534789
1534826
1534839
1534863
1534873
1534876
1534883
1534884
1534886
1534940
1534961
1534967
1534989
1535002
1535035
1535096
1535110
1535134
1535185
1535196
1535198
1535199
1535204
1535244
1535257
1535264
1535275
1535312
1535322
1535359
1535388
1535402
1535426
1535438
1535463
1535473
1535490
1535497
1535509
1535553
1535583
1535604
1535623
1535628
1535646
1535683
1535696
1535701
1535748
1535749
1535764
1535776
1535786
1535800
1535808
1535838
1535845
1535896
1535923
1535966
1536013
1536027
1536028
1536035
1536055
1536117
1536138
1536154
1536193
1536200
1536203
1536231
1536263
1536283
1536284
1536314
1536338
1536393
1536397
1536432
1536439
1536446
1536454
1536475
1536478
1536498
1536504
1536513
1536520
1536544
1536546
1536555
1536603
1536635
1536671
1536676
1536707
1536712
1536715
1536796
1536824
1536850
1536866
1536868
1536872
1536899
1536921
1536941
1536975
1536983
1537008
1537020
1537028
1537039
1537059
1537068
1537092
1537096
1537098
1537124
1537135
1537141
1537159
1537184
1537202
1537230
1537244
1537250
1537280
1537357
1537359
1537376
1537383
1537404
1537461
1537509
1537510
1537520
1537540
1537565
1537582
1537599
1537620
1537645
1537649
1537653
1537656
1537665
1537674
1537734
1537740
1537746
1537750
1537752
1537800
1537838
1537864
1537873
1537899
1537967
1537973
1538007
1538015
1538016
1538029
1538057
1538080
1538084
1538135
1538137
1538154
1538168
1538175
1538176
1538182
1538191
1538216
1538220
1538247
1538273
1538363
1538382
1538402
1538408
1538423
1538450
1538515
1538534
1538550
1538565
1538582
1538604
1538627
1538633
1538647
1538665
1538671
1538714
1538732
1538806
1538838
1538851
1538859
1538871
1538886
1538919
1538923
1538942
1538994
1539008
1539026
1539039
1539042
1539141
1539181
1539184
1539192
1539207
1539234
1539250
1539252
1539364
1539369
1539374
1539377
1539401
1539408
1539410
1539424
1539441
1539458
1539469
1539473
1539481
1539569
1539580
1539587
1539634
1539676
1539689
1539716
1539742
1539744
1539753
1539804
1539816
1539832
1539860
1539868
1539912
1540005
1540015
1540040
1540061
1540078
1540142
1540164
1540165
1540168
1540184
1540225
1540242
1540259
1540284
1540344
1540369
1540374
1540414
1540422
1540458
1540461
1540477
1540484
1540490
1540495
1540500
1540514
1540522
1540531
1540542
1540592
1540609
1540624
1540667
1540687
1540690
1540719
1540750
1540776
1540794
1540804
1540806
1540807
1540853
1540894
1540911
1540915
1540923
1540930
1540956
1540957
1540983
1540986
1540995
1540997
1541017
1541044
1541075
1541099
1541118
1541149
1541160
1541192
1541195
1541221
1541229
1541231
1541249
1541252
1541276
1541285
1541381
1541401
1541425
1541451
1541483
1541487
1541507
1541516
1541548
1541554
1541574
1541596
1541623
1541641
1541693
1541698
1541746
1541769
1541774
1541791
1541859
1541912
1541916
1541920
1541951
1542001
1542030
1542079
1542123
1542142
1542159
1542177
1542184
1542213
1542230
1542246
1542270
1542278
1542298
1542336
1542381
1542392
1542396
1542400
1542437
1542471
1542476
1542532
1542546
1542562
1542577
1542621
1542644
1542663
1542708
1542710
1542714
1542727
1542741
1542803
1542808
1542820
1542831
1542894
1542906
1542908
1542924
1542930
1542938
1542957
1542963
1542992
1542997
1543021
1543027
1543030
1543036
1543037
1543039
1543057
1543062
1543068
1543069
1543093
1543095
1543098
1543101
1543141
1543180
1543182
1543206
1543221
1543237
1543246
1543268
1543290
1543306
1543342
1543357
1543362
1543373
1543380
1543383
1543401
1543412
1543452
1543465
1543470
1543521
1543526
1543552
1543575
1543586
1543614
1543615
1543620
1543643
1543645
1543665
1543671
1543674
1543675
1543703
1543746
1543764
1543776
1543791
1543821
1543828
1543833
1543839
1543858
1543880
1543883
1543899
1543921
1543928
1543946
1543978
1544025
1544066
1544122
1544129
1544144
1544274
1544287
1544291
1544295
1544330
1544385
1544407
1544429
1544436
1544472
1544477
1544490
1544527
1544542
1544546
1544557
1544560
1544565
1544567
1544569
1544570
1544604
1544611
1544662
1544710
1544712
1544751
1544776
1544781
1544808
1544813
1544835
1544837
1544856
1544871
1544941
1544974
1545000
1545017
1545021
1545045
1545078
1545184
1545245
1545293
1545294
1545346
1545347
1545373
1545411
1545507
1545548
1545569
1545570
1545574
1545652
1545657
1545721
1545735
1545743
1545756
1545773
1545775
1545806
1545815
1545837
1545851
1545871
1545885
1545894
1545897
1545904
1545933
1545997
1546014
1546028
1546060
1546072
1546073
1546106
1546112
1546119
1546146
1546155
1546156
1546169
1546208
1546269
1546328
1546368
1546385
1546491
1546496
1546509
1546534
1546536
1546558
1546577
1546595
1546598
1546627
1546630
1546648
1546700
1546715
1546719
1546740
1546773
1546791
1546809
1546830
1546848
1546892
1546914
1546951
1546955
1546960
1547042
1547061
1547093
1547138
1547239
1547288
1547316
1547352
1547386
1547399
1547434
1547435
1547455
1547467
1547511
1547545
1547564
1547604
1547612
1547618
1547653
1547659
1547681
1547684
1547704
1547705
1547706
1547711
1547715
1547746
1547824
1547838
1547841
1547850
1547878
1547899
1547906
1547938
1547942
1547947
1547992
1548001
1548019
1548029
1548067
1548077
1548094
1548118
1548124
1548157
1548177
1548183
1548195
1548205
1548215
1548229
1548236
1548258
1548264
1548311
1548317
1548318
1548368
1548373
1548383
1548416
1548428
1548430
1548455
1548492
1548518
1548533
1548536
1548538
1548573
1548591
1548592
1548640
1548650
1548685
1548692
1548693
1548706
1548733
1548736
1548753
1548755
1548796
1548809
1548829
1548862
1548880
1548962
1548966
1548977
1549000
1549026
1549040
1549055
1549057
1549060
1549077
1549117
1549157
1549207
1549235
1549323
1549331
1549333
1549348
1549429
1549460
1549589
1549652
1549659
1549669
1549676
1549716
1549747
1549759
1549781
1549799
1549808
1549815
1549835
1549846
1549867
1549878
1549880
1549884
1549920
1549960
1550001
1550017
1550023
1550071
1550083
1550132
1550134
1550167
1550195
1550200
1550205
1550207
1550210
1550230
1550242
1550263
1550287
1550349
1550368
1550389
1550432
1550462
1550463
1550474
1550482
1550498
1550543
1550544
1550580
1550601
1550614
1550629
1550635
1550640
1550641
1550667
1550684
1550692
1550705
1550727
1550767
1550783
1550817
1550818
1550830
1550832
1550859
1550871
1550874
1550902
1550925
1550933
1550941
1550980
1550993
1551000
1551024
1551035
1551131
1551183
1551187
1551190
1551191
1551213
1551226
1551230
1551334
1551339
1551345
1551353
1551371
1551377
1551388
1551402
1551424
1551438
1551454
1551482
1551492
1551498
1551535
1551544
1551580
1551585
1551613
1551666
1551672
1551692
1551720
1551748
1551768
1551788
1551800
1551820
1551832
1551837
1551867
1551879
1551942
1551944
1551971
1552025
1552030
1552058
1552102
1552114
1552131
1552171
1552185
1552188
1552199
1552216
1552252
1552259
1552274
1552287
1552361
1552371
1552439
1552443
1552445
1552451
1552454
1552458
1552475
1552477
1552479
1552513
1552536
1552544
1552612
1552626
1552641
1552649
1552708
1552764
1552801
1552815
1552823
1552839
1552840
1552906
1552942
1552960
1552982
1553053
1553101
1553105
1553111
1553121
1553132
1553201
1553212
1553238
1553243
1553260
1553298
1553302
1553320
1553330
1553350
1553371
1553392
1553408
1553410
1553420
1553464
1553514
1553517
1553546
1553548
1553599
1553606
1553620
1553784
1553785
1553800
1553839
1553842
1553843
1553866
1553869
1553935
1553938
1553941
1553979
1554030
1554062
1554096
1554118
1554153
1554154
1554163
1554173
1554260
1554275
1554280
1554285
1554294
1554306
1554322
1554324
1554340
1554359
1554372
1554374
1554420
1554442
1554523
1554526
1554528
1554529
1554575
1554595
1554609
1554625
1554632
1554637
1554653
1554718
1554726
1554757
1554831
1554852
1554853
1554859
1554865
1554869
1554877
1554897
1554905
1554944
1554947
1554948
1554975
1554990
1555013
1555019
1555023
1555026
1555053
1555060
1555074
1555091
1555099
1555103
1555145
1555149
1555163
1555193
1555197
1555208
1555238
1555268
1555269
1555287
1555325
1555327
1555331
1555358
1555362
1555377
1555466
1555491
1555492
1555567
1555570
1555594
1555722
1555726
1555729
1555736
1555778
1555788
1555819
1555844
1555856
1555879
1555882
1555936
1555959
1555995
1556007
1556020
1556046
1556050
1556096
1556118
1556167
1556191
1556223
1556237
1556284
1556323
1556333
1556380
1556386
1556415
1556426
1556428
1556437
1556449
1556452
1556454
1556473
1556543
1556554
1556564
1556571
1556574
1556584
1556617
1556627
1556648
1556674
1556686
1556704
1556709
1556715
1556725
1556752
1556775
1556776
1556791
1556795
1556801
1556811
1556818
1556833
1556839
1556853
1556854
1556863
1556867
1556893
1556909
1556931
1556934
1556973
1556977
1557005
1557070
1557073
1557117
1557131
1557136
1557140
1557147
1557163
1557189
1557229
1557266
1557319
1557321
1557329
1557342
1557363
1557386
1557390
1557429
1557438
1557460
1557485
1557551
1557554
1557600
1557601
1557608
1557714
1557734
1557749
1557794
1557805
1557808
1557816
1557838
1557839
1557856
1557877
1557882
1557891
1557900
1557915
1557926
1557937
1557982
1558008
1558030
1558050
1558065
1558085
1558087
1558109
1558116
1558128
1558144
1558145
1558150
1558157
1558189
1558214
1558220
1558229
1558284
1558304
1558332
1558342
1558349
1558372
1558394
1558403
1558422
1558433
1558438
1558466
1558481
1558482
1558501
1558514
1558519
1558532
1558542
1558543
1558558
1558589
1558643
1558724
1558775
1558810
1558850
1558862
1558907
1558914
1558918
1558922
1558968
1559009
1559050
1559059
1559085
1559104
1559122
1559125
1559150
1559151
1559179
1559180
1559199
1559249
1559259
1559264
1559266
1559270
1559273
1559281
1559350
1559355
1559375
1559381
1559393
1559396
1559425
1559427
1559429
1559431
1559453
1559467
1559468
1559472
1559480
1559509
1559512
1559540
1559553
1559556
1559569
1559587
1559606
1559611
1559628
1559660
1559687
1559688
1559699
1559702
1559713
1559782
1559784
1559803
1559836
1559842
1559863
1559889
1559897
1559908
1559929
1559955
1559988
1559991
1559995
1559997
1560002
1560005
1560022
1560032
1560041
1560045
1560055
1560085
1560088
1560102
1560104
1560120
1560121
1560151
1560233
1560275
1560286
1560325
1560333
1560338
1560375
1560382
1560384
1560388
1560391
1560454
1560463
1560475
1560500
1560536
1560544
1560558
1560603
1560610
1560625
1560631
1560636
1560653
1560687
1560714
1560733
1560764
1560784
1560815
1560852
1560865
1560894
1560909
1560979
1560987
1560998
1561038
1561043
1561072
1561087
1561105
1561107
1561157
1561215
1561256
1561263
1561295
1561350
1561354
1561363
1561400
1561411
1561436
1561444
1561469
1561481
1561505
1561553
1561593
1561628
1561686
1561729
1561753
1561793
1561822
1561854
1561857
1561882
1561889
1561938
1561963
1561964
1562004
1562032
1562075
1562107
1562116
1562131
1562184
1562201
1562216
1562267
1562375
1562377
1562397
1562419
1562434
1562440
1562463
1562486
1562500
1562542
1562546
1562555
1562580
1562609
1562614
1562711
1562756
1562808
1562819
1562843
1562876
1562898
1562926
1562936
1563008
1563018
1563037
1563039
1563074
1563110
1563173
1563188
1563195
1563209
1563251
1563282
1563297
1563330
1563423
1563458
1563468
1563482
1563560
1563566
1563591
1563607
1563626
1563638
1563670
1563696
1563700
1563704
1563787
1563794
1563866
1563876
1563906
1563934
1563941
1563958
1563991
1564006
1564007
1564017
1564042
1564097
1564119
1564133
1564148
1564170
1564216
1564220
1564222
1564231
1564270
1564293
1564294
1564299
1564305
1564311
1564325
1564347
1564382
1564402
1564407
1564442
1564498
1564575
1564599
1564611
1564667
1564670
1564679
1564728
1564729
1564761
1564779
1564790
1564834
1564854
1564897
1564974
1564978
1564990
1564991
1565002
1565032
1565047
1565053
1565077
1565101
1565112
1565130
1565145
1565167
1565172
1565183
1565212
1565213
1565256
1565266
1565295
1565303
1565304
1565305
1565323
1565349
1565365
1565370
1565371
1565385
1565391
1565431
1565444
1565474
1565501
1565505
1565510
1565519
1565526
1565533
1565545
1565547
1565562
1565579
1565580
1565613
1565713
1565751
1565789
1565842
1565845
1565846
1565861
1565862
1565880
1566012
1566038
1566059
1566066
1566083
1566106
1566148
1566174
1566177
1566207
1566249
1566289
1566305
1566334
1566393
1566403
1566413
1566429
1566514
1566529
1566567
1566573
1566575
1566593
1566598
1566601
1566637
1566692
1566724
1566728
1566732
1566755
1566761
1566763
1566799
1566808
1566817
1566839
1566879
1566949
1566973
1566978
1566986
1566990
1567021
1567117
1567122
1567154
1567191
1567200
1567258
1567265
1567291
1567292
1567295
1567300
1567306
1567311
1567320
1567321
1567337
1567359
1567382
1567395
1567406
1567432
1567490
1567494
1567517
1567532
1567538
1567540
1567542
1567546
1567561
1567594
1567607
1567638
1567662
1567714
1567742
1567760
1567771
1567772
1567783
1567801
1567814
1567851
1567865
1567915
1567960
1567994
1567999
1568048
1568066
1568156
1568180
1568184
1568186
1568190
1568196
1568240
1568259
1568301
1568364
1568415
1568425
1568441
1568453
1568502
1568505
1568539
1568541
1568562
1568572
1568575
1568586
1568587
1568649
1568670
1568693
1568702
1568713
1568740
1568817
1568820
1568829
1568836
1568915
1568928
1568930
1568964
1568974
1568981
1569003
1569008
1569021
1569023
1569047
1569094
1569186
1569193
1569214
1569239
1569326
1569351
1569361
1569362
1569376
1569380
1569388
1569428
1569490
1569523
1569553
1569600
1569661
1569667
1569673
1569688
1569704
1569745
1569762
1569780
1569803
1569808
1569825
1569843
1569880
1569893
1569906
1569941
1570010
1570039
1570041
1570060
1570103
1570109
1570113
1570132
1570156
1570191
1570201
1570238
1570248
1570255
1570308
1570358
1570386
1570531
1570533
1570539
1570545
1570551
1570564
1570568
1570572
1570592
1570604
1570618
1570651
1570701
1570704
1570709
1570729
1570775
1570784
1570785
1570874
1570875
1570899
1570904
1570922
1570929
1570946
1571001
1571015
1571036
1571045
1571088
1571113
1571133
1571139
1571158
1571169
1571189
1571205
1571224
1571227
1571232
1571243
1571255
1571264
1571293
1571297
1571313
1571323
1571407
1571409
1571489
1571492
1571499
1571525
1571529
1571532
1571538
1571559
1571579
1571601
1571631
1571639
1571650
1571681
1571707
1571714
1571768
1571805
1571808
1571825
1571835
1571858
1571922
1571927
1571930
1571962
1571982
1571993
1572004
1572019
1572021
1572067
1572134
1572165
1572202
1572226
1572256
1572270
1572308
1572329
1572336
1572372
1572373
1572374
1572408
1572541
1572544
1572551
1572554
1572562
1572637
1572657
1572695
1572699
1572704
1572756
1572762
1572788
1572792
1572818
1572831
1572843
1572876
1572891
1572899
1572918
1572925
1572930
1572943
1572944
1572962
1572973
1572977
1572985
1572988
1573003
1573012
1573015
1573018
1573031
1573062
1573100
1573108
1573144
1573163
1573200
1573228
1573249
1573260
1573267
1573278
1573336
1573345
1573376
1573379
1573393
1573432
1573449
1573455
1573480
1573482
1573490
1573513
1573538
1573583
1573586
1573596
1573606
1573648
1573652
1573669
1573709
1573732
1573737
1573749
1573765
1573782
1573811
1573822
1573845
1573852
1573898
1573908
1573914
1573962
1573965
1573979
1573980
1573983
1574032
1574068
1574156
1574173
1574203
1574209
1574221
1574244
1574297
1574300
1574307
1574313
1574369
1574377
1574385
1574390
1574392
1574399
1574412
1574427
1574434
1574435
1574446
1574453
1574458
1574507
1574508
1574511
1574533
1574552
1574644
1574656
1574725
1574745
1574783
1574811
1574822
1574835
1574855
1574863
1574895
1574912
1574917
1574923
1574924
1574936
1574984
1575010
1575014
1575023
1575029
1575056
1575074
1575076
1575079
1575102
1575106
1575108
1575111
1575118
1575119
1575139
1575162
1575163
1575186
1575245
1575255
1575296
1575313
1575320
1575331
1575337
1575386
1575484
1575502
1575535
1575536
1575557
1575576
1575581
1575588
1575591
1575626
1575666
1575667
1575690
1575729
1575737
1575782
1575787
1575799
1575816
1575834
1575844
1575862
1575864
1575882
1575955
1575962
1575969
1575971
1576005
1576058
1576099
1576105
1576130
1576134
1576167
1576177
1576199
1576203
1576205
1576291
1576303
1576342
1576358
1576363
1576378
1576382
1576391
1576456
1576464
1576496
1576500
1576503
1576521
1576539
1576553
1576595
1576606
1576629
1576693
1576701
1576719
1576723
1576783
1576799
1576827
1576855
1576873
1576876
1576913
1576925
1576982
1576991
1576999
1577003
1577021
1577032
1577038
1577083
1577173
1577209
1577232
1577238
1577251
1577278
1577293
1577294
1577297
1577299
1577313
1577326
1577384
1577387
1577391
1577404
1577428
1577431
1577453
1577468
1577481
1577512
1577538
1577557
1577570
1577598
1577616
1577639
1577646
1577685
1577721
1577723
1577730
1577732
1577746
1577782
1577815
1577832
1577872
1577924
1577950
1577951
1577959
1577997
1578070
1578160
1578170
1578190
1578241
1578243
1578263
1578302
1578316
1578318
1578338
1578359
1578362
1578374
1578425
1578444
1578465
1578479
1578500
1578536
1578540
1578550
1578553
1578563
1578573
1578600
1578610
1578619
1578620
1578638
1578683
1578692
1578746
1578757
1578774
1578776
1578794
1578795
1578815
1578824
1578840
1578845
1578872
1578873
1578875
1578891
1578936
1578945
1578957
1578971
1579040
1579057
1579096
1579160
1579164
1579168
1579175
1579187
1579192
1579202
1579204
1579237
1579245
1579322
1579331
1579337
1579389
1579422
1579428
1579459
1579461
1579462
1579524
1579529
1579535
1579544
1579552
1579591
1579626
1579627
1579634
1579677
1579709
1579735
1579744
1579803
1579814
1579833
1579838
1579849
1579852
1579853
1579873
1579911
1579915
1579916
1579918
1579984
1580017
1580027
1580029
1580035
1580042
1580057
1580083
1580093
1580094
1580110
1580130
1580135
1580145
1580163
1580170
1580193
1580215
1580216
1580273
1580282
1580301
1580349
1580372
1580384
1580409
1580413
1580426
1580427
1580443
1580445
1580452
1580458
1580499
1580506
1580511
1580520
1580524
1580529
1580574
1580583
1580586
1580609
1580631
1580668
1580718
1580768
1580779
1580789
1580816
1580840
1580846
1580851
1580859
1580900
1580915
1580922
1580959
1580978
1580995
1580997
1581012
1581031
1581035
1581036
1581078
1581120
1581121
1581123
1581128
1581220
1581224
1581302
1581303
1581384
1581395
1581396
1581397
1581398
1581410
1581422
1581423
1581428
1581435
1581457
1581465
1581519
1581528
1581539
1581565
1581578
1581631
1581680
1581681
1581686
1581698
1581739
1581755
1581760
1581768
1581786
1581792
1581822
1581845
1581847
1581856
1581877
1581924
1581927
1581980
1581989
1582010
1582040
1582049
1582109
1582129
1582158
1582192
1582212
1582243
1582325
1582349
1582355
1582363
1582391
1582397
1582407
1582420
1582432
1582473
1582478
1582481
1582484
1582506
1582516
1582532
1582567
1582586
1582589
1582599
1582600
1582614
1582641
1582648
1582649
1582672
1582683
1582711
1582717
1582799
1582912
1582920
1582984
1582988
1582993
1583002
1583016
1583104
1583110
1583159
1583198
1583214
1583231
1583245
1583291
1583294
1583299
1583302
1583309
1583314
1583348
1583371
1583374
1583375
1583404
1583414
1583417
1583426
1583437
1583454
1583457
1583494
1583502
1583526
1583559
1583601
1583610
1583671
1583675
1583693
1583721
1583791
1583792
1583793
1583847
1583899
1583909
1583916
1583962
1583977
1583978
1584032
1584061
1584064
1584080
1584104
1584113
1584126
1584143
1584147
1584193
1584228
1584229
1584261
1584280
1584293
1584382
1584384
1584417
1584428
1584435
1584451
1584452
1584458
1584467
1584492
1584525
1584562
1584584
1584605
1584616
1584663
1584671
1584674
1584718
1584746
1584768
1584777
1584808
1584822
1584835
1584854
1584864
1584878
1584915
1584959
1584967
1584968
1584980
1584983
1585023
1585039
1585097
1585137
1585157
1585169
1585241
1585242
1585259
1585323
1585326
1585337
1585361
1585372
1585384
1585410
1585420
1585429
1585438
1585552
1585553
1585606
1585628
1585692
1585696
1585710
1585779
1585784
1585799
1585811
1585830
1585857
1585859
1585866
1585877
1585889
1585915
1585935
1586002
1586023
1586050
1586051
1586100
1586119
1586144
1586160
1586167
1586172
1586191
1586215
1586300
1586302
1586303
1586351
1586356
1586387
1586414
1586416
1586431
1586456
1586470
1586487
1586495
1586521
1586522
1586652
1586684
1586694
1586714
1586723
1586779
1586783
1586786
1586791
1586797
1586866
1586868
1586877
1586898
1586918
1586923
1586953
1586976
1586978
1586982
1587017
1587064
1587074
1587075
1587104
1587131
1587157
1587171
1587183
1587190
1587196
1587208
1587223
1587254
1587271
1587366
1587379
1587387
1587461
1587474
1587484
1587528
1587532
1587556
1587565
1587567
1587578
1587594
1587614
1587616
1587619
1587639
1587647
1587677
1587691
1587758
1587779
1587796
1587799
1587807
1587817
1587832
1587838
1587844
1587845
1587878
1587902
1587903
1587957
1587999
1588006
1588088
1588091
1588108
1588125
1588151
1588180
1588193
1588195
1588201
1588230
1588261
1588284
1588347
1588367
1588424
1588457
1588472
1588554
1588584
1588600
1588605
1588609
1588643
1588648
1588708
1588737
1588744
1588753
1588764
1588768
1588782
1588793
1588804
1588808
1588825
1588836
1588855
1588866
1588877
1588880
1588887
1588895
1588906
1588910
1588926
1588938
1588942
1588964
1588969
1588973
1589008
1589094
1589097
1589156
1589184
1589216
1589233
1589293
1589362
1589367
1589369
1589380
1589430
1589437
1589461
1589542
1589595
1589613
1589672
1589683
1589691
1589735
1589749
1589786
1589792
1589802
1589819
1589830
1589851
1589860
1589887
1589923
1589997
1589998
1590060
1590108
1590136
1590189
1590194
1590258
1590267
1590278
1590316
1590320
1590332
1590346
1590382
1590386
1590396
1590464
1590495
1590514
1590540
1590569
1590579
1590617
1590620
1590672
1590692
1590700
1590708
1590726
1590730
1590754
1590773
1590794
1590805
1590863
1590870
1590875
1590894
1590897
1590907
1590956
1590985
1591012
1591088
1591127
1591129
1591130
1591140
1591154
1591175
1591208
1591222
1591224
1591245
1591294
1591317
1591325
1591340
1591345
1591358
1591379
1591394
1591457
1591460
1591464
1591488
1591493
1591530
1591536
1591562
1591568
1591583
1591621
1591663
1591674
1591708
1591714
1591731
1591788
1591814
1591815
1591882
1591895
1591927
1591930
1591954
1591960
1591970
1591980
1591986
1591992
1591998
1592031
1592080
1592105
1592130
1592193
1592209
1592216
1592235
1592242
1592268
1592290
1592306
1592324
1592346
1592372
1592393
1592412
1592421
1592425
1592436
1592447
1592486
1592527
1592567
1592583
1592592
1592600
1592654
1592656
1592663
1592677
1592681
1592704
1592720
1592750
1592781
1592792
1592915
1592921
1592975
1592983
1593008
1593020
1593025
1593041
1593049
1593052
1593073
1593112
1593139
1593201
1593218
1593233
1593265
1593301
1593307
1593316
1593366
1593376
1593408
1593412
1593413
1593442
1593504
1593519
1593525
1593543
1593576
1593578
1593582
1593598
1593623
1593661
1593665
1593666
1593667
1593678
1593684
1593745
1593779
1593791
1593802
1593848
1593953
1593961
1593974
1593980
1593983
1593992
1594000
1594032
1594054
1594056
1594098
1594201
1594205
1594228
1594232
1594258
1594261
1594302
1594309
1594347
1594361
1594379
1594383
1594385
1594386
1594389
1594391
1594398
1594433
1594491
1594553
1594571
1594604
1594641
1594642
1594661
1594662
1594692
1594721
1594735
1594742
1594823
1594887
1594898
1594926
1594950
1594951
1594952
1594958
1594972
1594974
1595031
1595054
1595071
1595085
1595090
1595092
1595095
1595109
1595117
1595150
1595153
1595155
1595202
1595216
1595243
1595246
1595275
1595279
1595285
1595295
1595299
1595321
1595329
1595332
1595389
1595394
1595404
1595426
1595475
1595527
1595533
1595553
1595570
1595572
1595597
1595640
1595663
1595665
1595680
1595699
1595703
1595714
1595739
1595751
1595787
1595808
1595814
1595820
1595874
1595913
1595936
1595977
1596044
1596068
1596163
1596182
1596265
1596269
1596281
1596311
1596322
1596353
1596364
1596383
1596420
1596427
1596432
1596438
1596464
1596508
1596548
1596569
1596609
1596633
1596655
1596658
1596674
1596715
1596811
1596813
1596814
1596832
1596856
1596867
1596873
1596889
1596909
1596938
1596978
1596986
1597030
1597031
1597041
1597124
1597150
1597257
1597265
1597310
1597314
1597319
1597324
1597400
1597436
1597464
1597489
1597492
1597493
1597520
1597539
1597561
1597583
1597596
1597603
1597627
1597638
1597643
1597658
1597662
1597665
1597672
1597712
1597718
1597770
1597795
1597905
1597935
1597946
1597983
1597992
1598054
1598068
1598092
1598100
1598108
1598130
1598133
1598160
1598168
1598227
1598241
1598294
1598321
1598347
1598385
1598394
1598454
1598470
1598495
1598538
1598548
1598567
1598582
1598585
1598664
1598674
1598690
1598718
1598748
1598768
1598773
1598798
1598805
1598834
1598849
1598860
1598887
1598889
1598892
1598899
1598920
1598928
1598950
1599029
1599036
1599048
1599049
1599116
1599122
1599148
1599156
1599159
1599162
1599165
1599203
1599218
1599232
1599254
1599316
1599334
1599339
1599370
1599385
1599410
1599490
1599502
1599533
1599585
1599601
1599611
1599637
1599711
1599753
1599757
1599802
1599831
1599871
1599889
1599899
1599921
1599927
1599935
1599938
1599952
1599956
1600001
1600025
1600028
1600082
1600094
1600111
1600116
1600123
1600131
1600133
1600150
1600210
1600237
1600238
1600280
1600298
1600326
1600359
1600370
1600431
1600438
1600490
1600509
1600511
1600657
1600659
1600677
1600685
1600691
1600692
1600751
1600777
1600791
1600794
1600800
1600801
1600815
1600848
1600871
1600875
1600903
1600905
1600907
1600920
1600945
1600967
1600989
1600992
1601002
1601030
1601031
1601061
1601079
1601181
1601192
1601203
1601260
1601292
1601351
1601369
1601375
1601395
1601421
1601439
1601472
1601477
1601481
1601493
1601496
1601507
1601535
1601541
1601545
1601565
1601590
1601607
1601624
1601641
1601671
1601711
1601748
1601764
1601770
1601772
1601773
1601783
1601788
1601803
1601806
1601813
1601827
1601830
1601846
1601872
1601874
1601883
1601889
1601894
1601914
1601932
1601952
1601998
1602007
1602068
1602085
1602111
1602115
1602123
1602161
1602164
1602171
1602183
1602184
1602193
1602195
1602247
1602262
1602289
1602302
1602322
1602346
1602363
1602417
1602421
1602463
1602477
1602492
1602519
1602545
1602559
1602575
1602576
1602592
1602613
1602617
1602635
1602692
1602704
1602749
1602801
1602802
1602822
1602826
1602842
1602851
1602864
1602884
1602910
1602965
1602975
1602994
1603002
1603039
1603048
1603085
1603105
1603117
1603189
1603193
1603209
1603237
1603296
1603319
1603343
1603461
1603466
1603473
1603484
1603541
1603544
1603570
1603596
1603608
1603628
1603642
1603651
1603674
1603685
1603695
1603705
1603724
1603752
1603761
1603769
1603810
1603852
1603859
1603863
1603889
1603909
1603913
1603937
1603944
1603992
1604008
1604021
1604025
1604058
1604066
1604073
1604195
1604196
1604205
1604211
1604217
1604218
1604234
1604248
1604251
1604266
1604274
1604312
1604323
1604346
1604404
1604409
1604425
1604439
1604473
1604513
1604515
1604530
1604548
1604569
1604588
1604595
1604615
1604618
1604624
1604639
1604647
1604675
1604678
1604681
1604749
1604753
1604845
1604889
1604890
1604895
1604925
1604934
1604941
1604942
1604983
1604988
1605010
1605041
1605098
1605105
1605160
1605212
1605215
1605231
1605238
1605240
1605244
1605259
1605265
1605314
1605333
1605387
1605395
1605419
1605430
1605461
1605481
1605484
1605523
1605533
1605548
1605555
1605572
1605584
1605594
1605596
1605601
1605625
1605628
1605632
1605661
1605699
1605705
1605726
1605742
1605745
1605751
1605761
1605782
1605823
1605830
1605840
1605844
1605888
1605902
1605905
1605920
1605950
1605981
1605993
1606020
1606037
1606044
1606083
1606086
1606125
1606142
1606177
1606183
1606196
1606205
1606206
1606214
1606249
1606257
1606304
1606320
1606388
1606406
1606447
1606474
1606505
1606520
1606529
1606570
1606584
1606597
1606619
1606641
1606642
1606678
1606731
1606737
1606763
1606782
1606791
1606809
1606810
1606815
1606845
1606869
1606880
1606896
1606941
1606945
1607019
1607028
1607039
1607041
1607052
1607127
1607129
1607144
1607153
1607202
1607235
1607241
1607244
1607256
1607279
1607343
1607365
1607372
1607395
1607433
1607486
1607495
1607507
1607529
1607536
1607539
1607587
1607605
1607614
1607632
1607688
1607690
1607761
1607766
1607775
1607779
1607780
1607801
1607804
1607875
1607897
1607968
1607975
1607980
1607983
1608019
1608046
1608112
1608116
1608183
1608202
1608254
1608298
1608299
1608300
1608302
1608342
1608343
1608347
1608352
1608385
1608408
1608415
1608425
1608455
1608465
1608480
1608511
1608546
1608575
1608671
1608678
1608702
1608728
1608751
1608763
1608789
1608794
1608811
1608847
1608849
1608864
1608918
1608921
1608998
1609015
1609063
1609094
1609097
1609102
1609252
1609295
1609305
1609334
1609382
1609386
1609399
1609449
1609453
1609476
1609516
1609531
1609559
1609568
1609634
1609684
1609734
1609736
1609752
1609757
1609784
1609795
1609814
1609828
1609830
1609859
1609866
1609928
1609934
1609944
1609982
1609991
1610029
1610096
1610116
1610138
1610167
1610183
1610205
1610222
1610233
1610302
1610368
1610388
1610418
1610464
1610493
1610499
1610522
1610524
1610558
1610572
1610586
1610603
1610604
1610612
1610636
1610697
1610741
1610754
1610798
1610818
1610886
1610909
1610990
1611047
1611075
1611080
1611085
1611120
1611131
1611142
1611211
1611271
1611283
1611285
1611338
1611370
1611448
1611461
1611462
1611480
1611506
1611507
1611508
1611541
1611551
1611633
1611639
1611684
1611709
1611714
1611768
1611775
1611780
1611798
1611823
1611824
1611832
1611851
1611854
1611879
1611914
1611964
1611977
1612005
1612012
1612070
1612084
1612085
1612101
1612107
1612138
1612146
1612200
1612209
1612227
1612240
1612310
1612406
1612418
1612426
1612429
1612435
1612437
1612447
1612509
1612539
1612543
1612554
1612590
1612611
1612613
1612616
1612619
1612645
1612652
1612659
1612685
1612694
1612696
1612700
1612773
1612780
1612824
1612832
1612838
1612941
1612949
1612979
1612998
1613018
1613045
1613076
1613099
1613107
1613120
1613167
1613181
1613221
1613229
1613292
1613293
1613303
1613356
1613390
1613403
1613431
1613436
1613437
1613455
1613488
1613503
1613519
1613521
1613574
1613575
1613602
1613619
1613623
1613628
1613636
1613677
1613682
1613686
1613701
1613739
1613743
1613750
1613757
1613815
1613860
1613863
1613870
1613904
1613951
1613953
1613990
1613997
1614042
1614063
1614067
1614072
1614092
1614114
1614135
1614147
1614176
1614193
1614217
1614220
1614302
1614309
1614321
1614334
1614428
1614451
1614476
1614481
1614487
1614499
1614500
1614557
1614585
1614604
1614611
1614637
1614639
1614701
1614705
1614719
1614764
1614796
1614798
1614802
1614810
1614845
1614860
1614894
1614965
1614982
1614984
1615046
1615102
1615137
1615153
1615207
1615219
1615236
1615241
1615242
1615279
1615297
1615316
1615342
1615366
1615411
1615413
1615414
1615464
1615520
1615522
1615547
1615570
1615582
1615604
1615622
1615679
1615706
1615720
1615721
1615740
1615747
1615764
1615768
1615778
1615801
1615807
1615815
1615829
1615846
1615850
1615860
1615862
1615868
1615890
1615905
1615923
1615940
1615965
1615966
1615967
1615981
1615986
1615991
1615997
1616008
1616018
1616048
1616054
1616083
1616191
1616197
1616224
1616247
1616317
1616324
1616327
1616394
1616432
1616459
1616475
1616478
1616551
1616575
1616637
1616650
1616655
1616658
1616664
1616669
1616675
1616690
1616698
1616704
1616708
1616735
1616751
1616756
1616776
1616781
1616793
1616807
1616822
1616825
1616846
1616854
1616902
1616937
1616942
1616982
1617017
1617033
1617040
1617096
1617100
1617132
1617193
1617214
1617229
1617315
1617320
1617351
1617388
1617417
1617454
1617514
1617521
1617527
1617586
1617611
1617623
1617662
1617683
1617692
1617704
1617731
1617748
1617749
1617752
1617770
1617777
1617802
1617818
1617885
1617894
1617901
1617915
1617926
1617948
1617951
1617955
1617975
1618051
1618093
1618101
1618110
1618137
1618147
1618157
1618191
1618202
1618230
1618245
1618259
1618284
1618293
1618424
1618468
1618512
1618528
1618565
1618580
1618585
1618586
1618621
1618635
1618653
1618667
1618690
1618720
1618742
1618756
1618766
1618793
1618812
1618842
1618892
1618953
1618962
1618975
1618979
1619029
1619034
1619046
1619051
1619058
1619072
1619086
1619117
1619218
1619231
1619299
1619373
1619390
1619398
1619405
1619434
1619439
1619450
1619454
1619456
1619495
1619504
1619515
1619516
1619517
1619527
1619528
1619542
1619543
1619566
1619594
1619608
1619616
1619638
1619644
1619684
1619688
1619712
1619731
1619746
1619795
1619796
1619845
1619897
1619917
1619926
1619927
1619933
1620014
1620045
1620047
1620061
1620074
1620081
1620112
1620117
1620125
1620130
1620142
1620148
1620161
1620191
1620213
1620238
1620252
1620275
1620293
1620345
1620361
1620362
1620394
1620397
1620427
1620456
1620500
1620503
1620506
1620570
1620577
1620583
1620596
1620610
1620624
1620639
1620656
1620667
1620673
1620677
1620700
1620798
1620802
1620819
1620838
1620851
1620859
1620862
1620864
1620881
1620898
1620921
1620959
1620996
1621012
1621015
1621017
1621048
1621069
1621084
1621138
1621139
1621150
1621204
1621212
1621223
1621245
1621344
1621349
1621373
1621421
1621423
1621442
1621504
1621533
1621556
1621559
1621565
1621603
1621663
1621669
1621674
1621697
1621732
1621736
1621758
1621765
1621790
1621845
1621892
1621957
1621960
1621971
1622008
1622012
1622018
1622071
1622075
1622087
1622093
1622098
1622109
1622116
1622128
1622166
1622227
1622269
1622278
1622294
1622298
1622325
1622341
1622351
1622353
1622419
1622463
1622476
1622492
1622497
1622500
1622501
1622510
1622604
1622605
1622624
1622640
1622654
1622660
1622685
1622692
1622698
1622699
1622712
1622724
1622740
1622747
1622777
1622783
1622787
1622801
1622821
1622838
1622892
1622904
1622940
1622943
1622944
1622958
1622966
1622983
1623045
1623087
1623097
1623103
1623159
1623160
1623161
1623165
1623216
1623247
1623281
1623283
1623293
1623320
1623334
1623344
1623349
1623366
1623391
1623392
1623408
1623414
1623433
1623506
1623514
1623518
1623525
1623548
1623585
1623604
1623607
1623637
1623668
1623676
1623694
1623696
1623719
1623769
1623770
1623790
1623792
1623809
1623813
1623816
1623846
1623853
1623896
1623906
1623920
1623939
1623942
1623970
1623973
1624018
1624046
1624126
1624190
1624205
1624214
1624235
1624256
1624263
1624272
1624276
1624293
1624336
1624356
1624380
1624403
1624406
1624410
1624421
1624433
1624461
1624487
1624494
1624496
1624550
1624558
1624613
1624639
1624643
1624664
1624680
1624691
1624702
1624713
1624717
1624741
1624750
1624759
1624773
1624795
1624803
1624816
1624834
1624864
1624881
1624889
1624909
1624921
1624957
1624963
1624970
1624985
1625005
1625025
1625054
1625063
1625124
1625144
1625183
1625210
1625212
1625270
1625296
1625307
1625308
1625310
1625335
1625375
1625385
1625393
1625429
1625436
1625464
1625549
1625580
1625586
1625593
1625632
1625678
1625681
1625683
1625743
1625744
1625750
1625807
1625813
1625829
1625836
1625837
1625850
1625852
1625889
1625895
1625920
1625927
1625930
1625950
1625955
1625984
1625994
1626002
1626013
1626027
1626048
1626114
1626126
1626144
1626150
1626173
1626189
1626191
1626197
1626229
1626248
1626258
1626276
1626312
1626382
1626389
1626399
1626421
1626430
1626440
1626451
1626470
1626473
1626479
1626506
1626510
1626604
1626608
1626615
1626621
1626623
1626643
1626661
1626669
1626732
1626790
1626795
1626830
1626851
1626864
1626867
1626870
1626883
1626914
1626927
1626953
1627005
1627010
1627034
1627040
1627044
1627046
1627057
1627064
1627094
1627138
1627158
1627227
1627232
1627244
1627254
1627274
1627299
1627300
1627304
1627318
1627327
1627364
1627371
1627372
1627437
1627442
1627446
1627470
1627475
1627496
1627501
1627541
1627563
1627581
1627597
1627611
1627636
1627668
1627689
1627717
1627723
1627758
1627797
1627816
1627827
1627860
1627866
1627900
1627950
1627962
1627990
1627998
1628028
1628064
1628106
1628136
1628146
1628168
1628176
1628181
1628229
1628258
1628304
1628315
1628339
1628384
1628386
1628392
1628418
1628439
1628515
1628518
1628529
1628534
1628571
1628576
1628585
1628592
1628593
1628631
1628637
1628662
1628679
1628700
1628719
1628725
1628754
1628766
1628807
1628810
1628847
1628854
1628911
1628919
1628922
1628988
1629036
1629073
1629103
1629113
1629134
1629151
1629167
1629168
1629194
1629204
1629213
1629222
1629233
1629261
1629279
1629300
1629370
1629380
1629399
1629490
1629491
1629499
1629517
1629526
1629569
1629602
1629609
1629612
1629648
1629684
1629725
1629757
1629776
1629777
1629787
1629846
1629893
1629925
1629937
1629946
1630005
1630009
1630029
1630050
1630060
1630079
1630080
1630113
1630201
1630207
1630208
1630223
1630228
1630232
1630240
1630245
1630256
1630354
1630359
1630378
1630394
1630447
1630453
1630464
1630499
1630533
1630547
1630571
1630573
1630576
1630588
1630611
1630627
1630649
1630663
1630680
1630683
1630686
1630696
1630727
1630730
1630770
1630811
1630850
1630854
1630860
1630862
1630919
1630921
1630931
1630942
1631015
1631020
1631059
1631076
1631094
1631123
1631129
1631164
1631169
1631176
1631197
1631213
1631219
1631238
1631264
1631280
1631300
1631322
1631340
1631345
1631363
1631374
1631379
1631382
1631436
1631451
1631458
1631498
1631524
1631607
1631653
1631677
1631685
1631703
1631709
1631714
1631758
1631767
1631810
1631843
1631883
1631925
1631990
1632052
1632057
1632100
1632117
1632197
1632221
1632232
1632255
1632258
1632268
1632275
1632300
1632320
1632334
1632399
1632415
1632418
1632437
1632467
1632480
1632484
1632498
1632528
1632542
1632679
1632687
1632688
1632690
1632691
1632724
1632768
1632783
1632812
1632840
1632845
1632862
1632872
1632875
1632889
1632907
1632929
1632959
1632986
1632993
1632997
1633034
1633051
1633062
1633086
1633105
1633123
1633128
1633160
1633248
1633283
1633290
1633313
1633325
1633369
1633415
1633507
1633539
1633541
1633597
1633602
1633612
1633653
1633730
1633742
1633763
1633778
1633783
1633792
1633800
1633813
1633817
1633849
1633855
1633873
1633889
1633935
1633941
1633952
1633988
1633999
1634017
1634027
1634035
1634081
1634132
1634135
1634152
1634190
1634221
1634222
1634255
1634294
1634295
1634318
1634351
1634374
1634403
1634434
1634467
1634469
1634506
1634510
1634533
1634573
1634662
1634663
1634670
1634744
1634795
1634833
1634844
1634877
1634883
1634890
1634893
1634894
1634920
1634966
1634979
1635000
1635003
1635009
1635023
1635058
1635061
1635070
1635093
1635100
1635110
1635141
1635166
1635172
1635173
1635174
1635197
1635210
1635283
1635294
1635298
1635309
1635317
1635353
1635380
1635381
1635388
1635402
1635409
1635417
1635447
1635492
1635497
1635553
1635570
1635577
1635598
1635683
1635717
1635803
1635806
1635810
1635813
1635815
1635831
1635901
1635942
1635993
1636002
1636012
1636016
1636041
1636063
1636104
1636108
1636110
1636140
1636151
1636169
1636177
1636182
1636187
1636190
1636222
1636256
1636276
1636356
1636360
1636371
1636394
1636417
1636436
1636454
1636475
1636477
1636486
1636500
1636508
1636524
1636537
1636559
1636648
1636655
1636659
1636672
1636703
1636705
1636711
1636717
1636723
1636759
1636761
1636771
1636814
1636819
1636824
1636850
1636861
1636873
1636879
1636985
1637042
1637051
1637053
1637059
1637102
1637127
1637153
1637160
1637162
1637168
1637175
1637186
1637189
1637194
1637216
1637253
1637312
1637335
1637353
1637365
1637393
1637436
1637475
1637484
1637500
1637516
1637538
1637557
1637587
1637644
1637645
1637673
1637705
1637724
1637734
1637739
1637744
1637762
1637780
1637801
1637808
1637809
1637860
1637866
1637880
1637906
1637907
1637937
1637952
1637959
1637996
1638009
1638019
1638029
1638059
1638076
1638097
1638115
1638127
1638132
1638167
1638244
1638254
1638269
1638282
1638377
1638378
1638385
1638387
1638402
1638422
1638436
1638456
1638471
1638545
1638553
1638564
1638604
1638615
1638622
1638630
1638647
1638655
1638663
1638672
1638679
1638684
1638686
1638688
1638698
1638719
1638723
1638744
1638748
1638756
1638760
1638788
1638801
1638838
1638842
1638843
1638852
1638874
1638918
1638956
1638958
1639029
1639057
1639069
1639074
1639101
1639125
1639128
1639134
1639161
1639178
1639220
1639221
1639227
1639257
1639269
1639292
1639335
1639390
1639395
1639410
1639440
1639455
1639471
1639496
1639511
1639552
1639570
1639573
1639576
1639630
1639646
1639674
1639686
1639708
1639772
1639795
1639796
1639811
1639812
1639837
1639844
1639899
1639921
1639935
1639960
1639972
1639974
1640009
1640076
1640086
1640090
1640104
1640113
1640147
1640164
1640175
1640176
1640202
1640222
1640229
1640239
1640339
1640351
1640375
1640382
1640433
1640443
1640512
1640524
1640530
1640575
1640583
1640627
1640642
1640662
1640664
1640689
1640707
1640723
1640725
1640726
1640732
1640752
1640755
1640794
1640814
1640815
1640817
1640824
1640830
1640839
1640840
1640847
1640852
1640876
1640877
1640888
1640940
1641084
1641126
1641144
1641155
1641156
1641159
1641218
1641222
1641225
1641228
1641263
1641358
1641377
1641382
1641433
1641462
1641466
1641472
1641490
1641523
1641553
1641658
1641732
1641761
1641817
1641832
1641858
1641908
1641928
1641950
1641977
1641997
1642029
1642081
1642086
1642096
1642141
1642160
1642226
1642229
1642250
1642254
1642265
1642312
1642318
1642441
1642447
1642483
1642506
1642512
1642527
1642561
1642591
1642603
1642633
1642755
1642762
1642808
1642829
1642836
1642860
1642902
1642923
1642940
1642972
1642986
1642989
1643022
1643029
1643067
1643117
1643139
1643179
1643208
1643219
1643285
1643287
1643289
1643292
1643305
1643309
1643317
1643332
1643375
1643401
1643445
1643458
1643469
1643510
1643533
1643583
1643601
1643605
1643610
1643630
1643693
1643736
1643738
1643760
1643771
1643786
1643790
1643795
1643829
1643874
1643901
1643920
1643932
1643957
1643984
1644001
1644027
1644039
1644071
1644081
1644093
1644098
1644104
1644121
1644206
1644222
1644241
1644277
1644281
1644289
1644323
1644338
1644365
1644372
1644405
1644408
1644409
1644429
1644451
1644485
1644491
1644499
1644507
1644526
1644528
1644565
1644624
1644661
1644665
1644686
1644695
1644698
1644706
1644721
1644736
1644805
1644829
1644881
1644892
1644906
1644945
1644959
1645007
1645011
1645017
1645031
1645062
1645086
1645088
1645100
1645110
1645139
1645146
1645148
1645162
1645211
1645239
1645294
1645313
1645353
1645394
1645413
1645418
1645440
1645458
1645508
1645533
1645537
1645567
1645571
1645573
1645617
1645625
1645637
1645659
1645677
1645680
1645683
1645688
1645706
1645717
1645718
1645770
1645799
1645801
1645803
1645804
1645898
1645913
1645936
1645937
1645956
1645960
1645969
1646010
1646027
1646030
1646095
1646104
1646135
1646141
1646163
1646177
1646179
1646188
1646205
1646207
1646229
1646283
1646285
1646301
1646321
1646334
1646365
1646369
1646410
1646466
1646481
1646486
1646512
1646546
1646547
1646559
1646570
1646588
1646598
1646607
1646614
1646615
1646638
1646652
1646653
1646710
1646737
1646750
1646816
1646818
1646847
1646883
1646916
1646922
1646929
1646941
1646968
1646978
1646981
1647054
1647059
1647096
1647098
1647123
1647135
1647189
1647219
1647229
1647258
1647260
1647283
1647338
1647352
1647358
1647388
1647444
1647468
1647503
1647525
1647529
1647549
1647570
1647600
1647602
1647625
1647648
1647683
1647684
1647707
1647745
1647757
1647766
1647774
1647804
1647847
1647865
1647871
1647878
1647891
1647902
1647943
1647970
1647974
1648000
1648006
1648029
1648051
1648067
1648106
1648113
1648115
1648149
1648178
1648181
1648199
1648202
1648223
1648226
1648229
1648267
1648286
1648361
1648369
1648383
1648388
1648399
1648408
1648410
1648427
1648434
1648449
1648456
1648459
1648462
1648481
1648488
1648489
1648558
1648612
1648637
1648638
1648642
1648711
1648719
1648821
1648828
1648831
1648832
1648843
1648859
1648863
1648895
1648898
1648904
1648911
1648927
1648930
1648990
1648998
1649025
1649039
1649073
1649075
1649092
1649105
1649115
1649127
1649149
1649178
1649246
1649250
1649258
1649273
1649300
1649303
1649330
1649332
1649359
1649375
1649377
1649379
1649429
1649453
1649498
1649500
1649501
1649504
1649525
1649537
1649543
1649566
1649582
1649615
1649616
1649648
1649661
1649668
1649674
1649675
1649744
1649779
1649828
1649829
1649835
1649870
1649871
1649903
1649921
1649937
1649961
1649980
1650093
1650114
1650158
1650208
1650238
1650266
1650271
1650277
1650283
1650303
1650304
1650323
1650346
1650397
1650402
1650414
1650439
1650447
1650480
1650484
1650525
1650537
1650580
1650584
1650606
1650622
1650708
1650734
1650744
1650768
1650781
1650809
1650820
1650827
1650867
1650886
1650887
1650892
1650931
1650952
1650954
1650993
1651069
1651075
1651082
1651092
1651098
1651100
1651133
1651142
1651143
1651146
1651150
1651165
1651169
1651194
1651205
1651239
1651274
1651290
1651297
1651310
1651340
1651347
1651352
1651371
1651383
1651426
1651447
1651448
1651452
1651457
1651459
1651487
1651522
1651525
1651561
1651622
1651633
1651653
1651713
1651727
1651775
1651787
1651817
1651848
1651853
1651860
1651861
1651880
1651900
1651946
1651951
1651986
1652001
1652015
1652044
1652045
1652073
1652085
1652135
1652222
1652237
1652272
1652314
1652358
1652361
1652371
1652376
1652381
1652394
1652406
1652468
1652476
1652481
1652503
1652509
1652511
1652539
1652567
1652577
1652623
1652625
1652647
1652651
1652670
1652696
1652721
1652728
1652761
1652777
1652789
1652801
1652808
1652810
1652812
1652852
1652866
1652881
1652890
1652901
1652925
1652960
1652975
1652988
1653021
1653028
1653091
1653100
1653120
1653124
1653133
1653198
1653264
1653271
1653295
1653298
1653337
1653363
1653368
1653404
1653408
1653419
1653421
1653458
1653462
1653472
1653488
1653491
1653499
1653516
1653547
1653598
1653609
1653659
1653665
1653730
1653735
1653737
1653784
1653795
1653797
1653808
1653814
1653815
1653878
1653885
1653888
1653938
1653957
1653977
1653995
1653999
1654032
1654053
1654054
1654058
1654071
1654073
1654092
1654125
1654126
1654170
1654189
1654199
1654225
1654264
1654280
1654334
1654448
1654472
1654473
1654496
1654503
1654508
1654510
1654522
1654538
1654541
1654546
1654563
1654594
1654604
1654613
1654621
1654624
1654626
1654631
1654636
1654650
1654695
1654721
1654726
1654736
1654739
1654740
1654794
1654799
1654848
1654860
1654892
1654894
1654902
1654910
1654975
1654999
1655008
1655050
1655085
1655106
1655113
1655116
1655133
1655154
1655169
1655173
1655182
1655184
1655188
1655199
1655235
1655252
1655254
1655267
1655278
1655291
1655304
1655307
1655364
1655389
1655394
1655406
1655410
1655412
1655416
1655453
1655456
1655467
1655548
1655568
1655590
1655594
1655651
1655721
1655727
1655731
1655732
1655738
1655748
1655755
1655768
1655793
1655821
1655841
1655917
1655939
1655950
1655976
1656058
1656104
1656113
1656138
1656151
1656153
1656167
1656193
1656232
1656257
1656300
1656317
1656323
1656326
1656339
1656364
1656371
1656411
1656430
1656455
1656479
1656514
1656515
1656532
1656542
1656551
1656563
1656610
1656622
1656654
1656689
1656694
1656700
1656707
1656722
1656724
1656735
1656761
1656800
1656885
1656905
1656913
1656957
1656962
1656969
1656997
1657014
1657022
1657050
1657066
1657073
1657074
1657087
1657106
1657150
1657234
1657241
1657264
1657265
1657277
1657286
1657328
1657392
1657395
1657441
1657455
1657464
1657510
1657521
1657524
1657549
1657557
1657619
1657643
1657645
1657692
1657722
1657758
1657775
1657777
1657796
1657800
1657804
1657843
1657916
1657923
1657932
1657933
1657954
1657957
1657959
1657968
1657994
1657998
1658014
1658032
1658045
1658065
1658119
1658161
1658174
1658176
1658194
1658200
1658221
1658249
1658297
1658307
1658340
1658352
1658377
1658383
1658395
1658401
1658411
1658412
1658430
1658451
1658460
1658464
1658474
1658480
1658495
1658497
1658500
1658509
1658530
1658563
1658588
1658592
1658637
1658685
1658721
1658745
1658755
1658767
1658794
1658795
1658844
1658857
1658885
1658891
1658919
1658924
1658931
1659033
1659055
1659058
1659105
1659121
1659137
1659144
1659223
1659224
1659304
1659322
1659328
1659330
1659360
1659364
1659441
1659443
1659465
1659474
1659475
1659528
1659565
1659571
1659594
1659604
1659619
1659631
1659645
1659678
1659694
1659699
1659705
1659712
1659791
1659814
1659818
1659825
1659858
1659868
1659871
1659880
1659881
1659922
1659930
1659933
1659953
1659957
1659979
1659983
1659988
1659998
1660018
1660019
1660034
1660049
1660082
1660089
1660151
1660252
1660254
1660256
1660269
1660279
1660280
1660281
1660308
1660368
1660402
1660422
1660437
1660444
1660455
1660505
1660510
1660548
1660646
1660688
1660703
1660771
1660791
1660801
1660816
1660871
1660895
1660907
1660909
1660944
1660953
1661010
1661051
1661069
1661082
1661110
1661121
1661138
1661160
1661191
1661196
1661200
1661219
1661224
1661328
1661336
1661365
1661393
1661413
1661425
1661464
1661504
1661526
1661548
1661565
1661598
1661603
1661605
1661611
1661683
1661725
1661727
1661740
1661783
1661785
1661795
1661798
1661800
1661828
1661829
1661861
1661877
1661878
1661886
1661890
1661896
1661954
1661968
1661975
1662004
1662041
1662045
1662087
1662107
1662131
1662139
1662154
1662211
1662219
1662232
1662263
1662297
1662303
1662314
1662326
1662343
1662374
1662381
1662388
1662401
1662410
1662422
1662426
1662428
1662463
1662475
1662486
1662531
1662546
1662572
1662584
1662585
1662649
1662683
1662703
1662753
1662774
1662808
1662825
1662833
1662841
1662845
1662854
1662858
1662897
1662900
1662901
1662906
1662999
1663001
1663004
1663017
1663033
1663044
1663073
1663099
1663124
1663126
1663143
1663148
1663267
1663291
1663297
1663350
1663385
1663390
1663398
1663411
1663414
1663426
1663427
1663450
1663499
1663501
1663530
1663539
1663547
1663607
1663632
1663641
1663643
1663645
1663695
1663714
1663715
1663718
1663723
1663739
1663740
1663743
1663775
1663786
1663788
1663795
1663821
1663826
1663830
1663861
1663869
1663870
1663902
1663970
1663980
1663987
1664000
1664006
1664016
1664050
1664070
1664079
1664105
1664108
1664170
1664181
1664199
1664202
1664204
1664208
1664220
1664224
1664293
1664319
1664327
1664340
1664353
1664382
1664387
1664419
1664426
1664434
1664473
1664480
1664484
1664514
1664517
1664519
1664530
1664558
1664567
1664579
1664581
1664585
1664608
1664620
1664624
1664651
1664675
1664698
1664707
1664725
1664757
1664764
1664772
1664783
1664832
1664846
1664863
1664873
1664878
1664897
1664941
1664960
1664972
1664974
1665011
1665029
1665038
1665085
1665100
1665108
1665119
1665127
1665137
1665174
1665187
1665218
1665223
1665224
1665271
1665286
1665288
1665289
1665305
1665343
1665348
1665396
1665469
1665478
1665504
1665510
1665542
1665543
1665545
1665551
1665569
1665579
1665607
1665614
1665622
1665624
1665659
1665661
1665682
1665683
1665693
1665724
1665778
1665799
1665808
1665834
1665868
1665889
1665890
1665896
1665916
1665917
1665923
1665946
1666002
1666006
1666020
1666055
1666060
1666079
1666117
1666135
1666168
1666181
1666196
1666231
1666262
1666271
1666279
1666284
1666305
1666318
1666319
1666371
1666374
1666378
1666392
1666396
1666419
1666429
1666487
1666493
1666525
1666526
1666547
1666556
1666562
1666585
1666586
1666597
1666684
1666697
1666757
1666760
1666789
1666848
1666855
1666856
1666920
1666934
1667019
1667043
1667045
1667055
1667121
1667176
1667198
1667211
1667215
1667230
1667239
1667262
1667275
1667285
1667303
1667346
1667350
1667360
1667373
1667374
1667383
1667398
1667409
1667418
1667422
1667465
1667476
1667493
1667502
1667507
1667545
1667589
1667607
1667626
1667633
1667667
1667668
1667683
1667706
1667708
1667742
1667744
1667763
1667786
1667817
1667841
1667852
1667855
1667861
1667902
1667930
1667933
1668004
1668014
1668030
1668036
1668059
1668061
1668062
1668120
1668161
1668167
1668212
1668217
1668218
1668238
1668308
1668316
1668349
1668356
1668364
1668375
1668387
1668395
1668399
1668444
1668471
1668502
1668523
1668545
1668549
1668592
1668633
1668645
1668679
1668693
1668730
1668739
1668751
1668798
1668801
1668803
1668842
1668861
1668863
1668878
1668925
1668928
1668946
1668956
1669014
1669036
1669038
1669048
1669070
1669082
1669086
1669087
1669113
1669139
1669164
1669189
1669209
1669216
1669231
1669236
1669242
1669250
1669268
1669273
1669319
1669354
1669371
1669417
1669539
1669588
1669590
1669605
1669652
1669686
1669726
1669729
1669735
1669736
1669748
1669751
1669771
1669785
1669810
1669813
1669836
1669837
1669853
1669865
1669915
1669947
1669957
1669969
1669975
1669978
1669985
1669989
1669994
1669996
1670019
1670028
1670037
1670069
1670076
1670085
1670097
1670113
1670116
1670141
1670158
1670191
1670199
1670208
1670211
1670274
1670290
1670291
1670292
1670341
1670351
1670394
1670436
1670448
1670458
1670468
1670469
1670470
1670493
1670502
1670532
1670573
1670594
1670624
1670633
1670648
1670677
1670697
1670727
1670734
1670767
1670779
1670802
1670852
1670876
1670896
1670936
1670950
1670960
1671008
1671038
1671049
1671054
1671074
1671078
1671085
1671091
1671094
1671104
1671118
1671120
1671170
1671199
1671207
1671300
1671325
1671338
1671387
1671422
1671428
1671433
1671440
1671454
1671477
1671493
1671496
1671548
1671575
1671594
1671612
1671614
1671659
1671663
1671664
1671674
1671704
1671705
1671732
1671783
1671838
1671870
1671899
1671935
1671939
1671966
1671977
1671991
1672002
1672012
1672026
1672049
1672068
1672129
1672151
1672207
1672223
1672225
1672235
1672240
1672241
1672266
1672319
1672339
1672386
1672387
1672407
1672429
1672447
1672499
1672505
1672550
1672609
1672626
1672634
1672653
1672675
1672758
1672764
1672769
1672783
1672790
1672796
1672805
1672848
1672878
1672909
1672949
1672964
1673003
1673009
1673018
1673030
1673045
1673048
1673073
1673088
1673094
1673098
1673102
1673128
1673131
1673135
1673138
1673187
1673190
1673223
1673224
1673231
1673259
1673285
1673302
1673330
1673338
1673459
1673479
1673515
1673573
1673591
1673602
1673612
1673614
1673620
1673627
1673645
1673681
1673687
1673688
1673693
1673722
1673728
1673736
1673740
1673758
1673764
1673765
1673792
1673794
1673820
1673832
1673922
1673952
1673962
1673984
1674005
1674008
1674016
1674049
1674064
1674074
1674092
1674116
1674139
1674170
1674221
1674243
1674285
1674295
1674298
1674315
1674347
1674354
1674360
1674367
1674376
1674389
1674413
1674415
1674452
1674461
1674497
1674520
1674548
1674555
1674566
1674579
1674614
1674642
1674644
1674648
1674649
1674690
1674691
1674707
1674709
1674740
1674756
1674767
1674768
1674799
1674836
1674841
1674844
1674857
1674863
1674866
1674877
1674897
1674927
1674941
1674988
1674989
1674999
1675032
1675079
1675095
1675108
1675115
1675130
1675140
1675169
1675222
1675257
1675327
1675347
1675356
1675378
1675400
1675430
1675436
1675451
1675456
1675467
1675486
1675488
1675505
1675510
1675519
1675600
1675607
1675613
1675640
1675702
1675709
1675756
1675819
1675834
1675860
1675924
1675961
1676027
1676047
1676049
1676050
1676079
1676110
1676137
1676138
1676141
1676199
1676205
1676219
1676239
1676270
1676294
1676374
1676383
1676385
1676465
1676467
1676477
1676508
1676513
1676516
1676544
1676547
1676579
1676581
1676586
1676588
1676614
1676626
1676666
1676691
1676703
1676708
1676709
1676724
1676767
1676829
1676831
1676843
1676867
1676869
1676930
1676968
1676987
1676990
1677041
1677046
1677073
1677075
1677080
1677084
1677124
1677131
1677135
1677157
1677183
1677192
1677219
1677224
1677253
1677285
1677293
1677320
1677330
1677337
1677350
1677361
1677362
1677417
1677418
1677452
1677454
1677470
1677486
1677500
1677517
1677553
1677631
1677695
1677697
1677711
1677730
1677734
1677744
1677750
1677752
1677753
1677780
1677833
1677850
1677902
1677920
1677928
1677955
1677960
1677975
1677998
1678015
1678021
1678037
1678041
1678056
1678083
1678099
1678105
1678117
1678130
1678150
1678195
1678225
1678229
1678256
1678272
1678381
1678407
1678436
1678448
1678480
1678496
1678542
1678559
1678569
1678570
1678572
1678576
1678666
1678685
1678722
1678725
1678726
1678739
1678749
1678756
1678798
1678807
1678830
1678851
1678855
1678857
1678864
1678883
1678893
1678899
1678903
1678905
1678922
1679002
1679008
1679035
1679048
1679059
1679073
1679074
1679079
1679131
1679151
1679163
1679178
1679179
1679197
1679219
1679223
1679231
1679235
1679253
1679257
1679299
1679304
1679368
1679370
1679373
1679411
1679439
1679447
1679450
1679461
1679502
1679514
1679521
1679524
1679546
1679557
1679564
1679588
1679606
1679607
1679672
1679711
1679744
1679751
1679752
1679754
1679763
1679773
1679782
1679792
1679795
1679803
1679826
1679833
1679860
1679861
1679863
1679912
1679916
1679930
1679938
1679969
1680001
1680028
1680058
1680081
1680097
1680103
1680137
1680156
1680182
1680228
1680286
1680287
1680290
1680319
1680359
1680369
1680375
1680401
1680405
1680433
1680459
1680460
1680524
1680565
1680586
1680593
1680637
1680687
1680770
1680785
1680814
1680824
1680827
1680848
1680874
1680908
1680975
1680978
1680987
1681001
1681002
1681019
1681020
1681040
1681042
1681046
1681067
1681071
1681092
1681100
1681156
1681157
1681197
1681208
1681226
1681231
1681237
1681255
1681317
1681326
1681352
1681366
1681376
1681395
1681411
1681421
1681442
1681463
1681484
1681509
1681511
1681559
1681585
1681693
1681726
1681753
1681793
1681828
1681866
1681872
1681913
1681943
1681994
1682029
1682157
1682180
1682183
1682191
1682212
1682216
1682221
1682232
1682267
1682295
1682303
1682314
1682320
1682341
1682347
1682349
1682363
1682389
1682402
1682452
1682500
1682505
1682527
1682532
1682555
1682567
1682591
1682595
1682612
1682616
1682621
1682643
1682686
1682699
1682721
1682729
1682738
1682772
1682788
1682789
1682794
1682804
1682808
1682846
1682919
1682926
1682968
1682995
1683013
1683014
1683034
1683038
1683089
1683198
1683239
1683240
1683272
1683293
1683319
1683336
1683345
1683359
1683364
1683400
1683434
1683456
1683473
1683537
1683599
1683629
1683656
1683663
1683677
1683693
1683730
1683736
1683737
1683743
1683747
1683751
1683762
1683782
1683797
1683800
1683814
1683819
1683870
1683968
1684037
1684054
1684055
1684061
1684063
1684068
1684113
1684132
1684133
1684142
1684143
1684155
1684159
1684166
1684197
1684216
1684234
1684275
1684297
1684309
1684337
1684339
1684342
1684352
1684380
1684389
1684399
1684402
1684419
1684438
1684487
1684499
1684521
1684560
1684627
1684639
1684640
1684664
1684688
1684779
1684784
1684805
1684829
1684834
1684865
1684898
1684912
1684924
1684934
1684946
1684951
1684966
1684988
1685034
1685061
1685067
1685103
1685157
1685171
1685180
1685190
1685196
1685205
1685215
1685221
1685243
1685260
1685273
1685280
1685302
1685349
1685377
1685379
1685388
1685405
1685424
1685425
1685430
1685497
1685500
1685588
1685635
1685639
1685643
1685669
1685672
1685676
1685677
1685708
1685720
1685724
1685734
1685742
1685747
1685780
1685829
1685841
1685934
1685975
1685987
1685992
1686062
1686076
1686082
1686087
1686088
1686120
1686123
1686142
1686150
1686177
1686184
1686200
1686243
1686300
1686327
1686377
1686433
1686448
1686494
1686503
1686524
1686536
1686537
1686567
1686574
1686584
1686607
1686620
1686630
1686649
1686657
1686673
1686676
1686695
1686709
1686716
1686722
1686728
1686754
1686756
1686768
1686772
1686788
1686830
1686845
1686877
1686923
1686933
1686937
1686943
1686973
1686981
1687088
1687105
1687171
1687198
1687233
1687244
1687258
1687273
1687289
1687293
1687319
1687369
1687382
1687392
1687467
1687474
1687478
1687495
1687504
1687526
1687528
1687529
1687533
1687579
1687737
1687754
1687760
1687766
1687776
1687803
1687844
1687847
1687854
1687873
1687880
1687882
1687883
1687919
1687928
1687931
1687976
1687995
1688026
1688064
1688069
1688076
1688093
1688147
1688189
1688215
1688224
1688271
1688318
1688335
1688340
1688410
1688411
1688443
1688497
1688507
1688517
1688550
1688553
1688586
1688590
1688600
1688619
1688632
1688640
1688668
1688721
1688723
1688734
1688748
1688779
1688786
1688823
1688878
1688886
1688906
1688940
1688950
1688974
1688975
1688982
1688995
1689063
1689076
1689100
1689136
1689156
1689183
1689222
1689236
1689242
1689271
1689288
1689330
1689340
1689372
1689391
1689413
1689458
1689470
1689492
1689495
1689499
1689504
1689530
1689535
1689556
1689573
1689576
1689621
1689639
1689681
1689716
1689723
1689742
1689747
1689760
1689763
1689773
1689781
1689786
1689798
1689801
1689810
1689844
1689846
1689871
1689887
1689890
1689926
1689947
1690003
1690015
1690039
1690042
1690088
1690156
1690198
1690203
1690210
1690211
1690269
1690292
1690330
1690339
1690342
1690366
1690377
1690400
1690533
1690551
1690584
1690601
1690606
1690610
1690617
1690655
1690664
1690678
1690683
1690725
1690751
1690767
1690845
1690862
1690863
1690878
1690892
1690893
1690896
1690922
1690963
1691014
1691017
1691022
1691057
1691070
1691086
1691134
1691140
1691141
1691160
1691170
1691176
1691212
1691234
1691274
1691309
1691310
1691392
1691398
1691404
1691422
1691423
1691489
1691512
1691528
1691557
1691574
1691582
1691591
1691608
1691632
1691658
1691666
1691726
1691774
1691776
1691802
1691818
1691858
1691860
1691904
1691909
1691913
1691933
1691944
1691976
1691981
1691987
1692022
1692033
1692057
1692059
1692093
1692107
1692114
1692133
1692160
1692183
1692188
1692240
1692286
1692323
1692335
1692345
1692352
1692370
1692391
1692398
1692399
1692421
1692424
1692439
1692445
1692449
1692451
1692472
1692475
1692482
1692490
1692540
1692618
1692660
1692664
1692668
1692710
1692752
1692770
1692778
1692823
1692835
1692870
1692881
1692897
1692950
1692962
1692972
1692991
1693002
1693011
1693050
1693084
1693087
1693095
1693101
1693106
1693109
1693111
1693158
1693196
1693207
1693218
1693224
1693271
1693311
1693317
1693334
1693337
1693355
1693363
1693370
1693375
1693387
1693401
1693462
1693484
1693488
1693497
1693511
1693550
1693576
1693623
1693627
1693635
1693641
1693664
1693732
1693749
1693751
1693759
1693766
1693776
1693817
1693824
1693838
1693840
1693841
1693867
1693869
1693882
1693891
1693905
1693963
1693979
1693997
1694030
1694043
1694074
1694088
1694093
1694096
1694126
1694144
1694182
1694187
1694248
1694251
1694262
1694302
1694338
1694368
1694380
1694383
1694423
1694444
1694508
1694551
1694558
1694593
1694611
1694623
1694642
1694660
1694705
1694712
1694760
1694763
1694773
1694828
1694833
1694863
1694885
1694886
1694938
1694956
1694973
1694974
1695015
1695079
1695120
1695129
1695156
1695208
1695214
1695241
1695252
1695282
1695329
1695340
1695409
1695427
1695437
1695444
1695453
1695460
1695465
1695487
1695539
1695544
1695555
1695582
1695604
1695677
1695683
1695710
1695785
1695805
1695811
1695838
1695849
1695862
1695877
1695947
1695964
1695970
1696001
1696024
1696026
1696066
1696075
1696097
1696106
1696139
1696162
1696173
1696184
1696247
1696269
1696287
1696325
1696333
1696367
1696473
1696474
1696475
1696487
1696527
1696532
1696556
1696557
1696560
1696594
1696601
1696627
1696634
1696642
1696686
1696695
1696732
1696734
1696752
1696775
1696802
1696815
1696879
1696882
1696888
1696936
1696956
1696963
1696988
1697014
1697061
1697090
1697096
1697109
1697118
1697147
1697149
1697153
1697156
1697184
1697202
1697223
1697293
1697341
1697369
1697393
1697399
1697466
1697481
1697521
1697548
1697556
1697576
1697581
1697595
1697603
1697688
1697722
1697758
1697795
1697832
1697880
1697888
1697919
1697934
1697950
1697965
1697991
1698012
1698017
1698022
1698025
1698044
1698054
1698059
1698077
1698083
1698116
1698129
1698147
1698148
1698167
1698173
1698248
1698259
1698271
1698316
1698338
1698404
1698460
1698462
1698464
1698467
1698472
1698480
1698492
1698498
1698534
1698555
1698578
1698589
1698592
1698596
1698602
1698626
1698633
1698650
1698652
1698676
1698698
1698701
1698702
1698706
1698712
1698713
1698749
1698766
1698767
1698784
1698785
1698787
1698795
1698802
1698824
1698840
1698845
1698858
1698888
1698893
1698906
1698929
1698966
1699016
1699027
1699062
1699081
1699088
1699118
1699126
1699240
1699260
1699272
1699287
1699294
1699305
1699324
1699388
1699403
1699406
1699416
1699430
1699442
1699444
1699469
1699476
1699485
1699513
1699517
1699560
1699589
1699631
1699657
1699683
1699690
1699708
1699772
1699776
1699803
1699823
1699833
1699847
1699870
1699874
1699897
1699912
1699926
1699938
1699950
1700011
1700030
1700048
1700092
1700094
1700140
1700176
1700194
1700208
1700211
1700217
1700226
1700288
1700315
1700320
1700336
1700352
1700380
1700381
1700387
1700403
1700412
1700421
1700432
1700440
1700479
1700487
1700493
1700502
1700509
1700512
1700526
1700531
1700575
1700579
1700593
1700621
1700634
1700641
1700662
1700668
1700672
1700698
1700729
1700748
1700816
1700829
1700849
1700851
1700855
1700935
1700944
1700949
1700981
1700987
1700999
1701078
1701089
1701091
1701100
1701104
1701105
1701108
1701117
1701137
1701146
1701151
1701191
1701192
1701195
1701224
1701225
1701227
1701276
1701342
1701349
1701364
1701372
1701403
1701426
1701428
1701447
1701450
1701456
1701483
1701500
1701504
1701522
1701667
1701671
1701677
1701690
1701726
1701745
1701777
1701783
1701806
1701814
1701815
1701861
1701865
1701869
1701881
1701915
1701916
1701982
1701983
1701986
1702026
1702050
1702077
1702098
1702112
1702118
1702143
1702157
1702194
1702202
1702203
1702261
1702279
1702346
1702437
1702444
1702450
1702453
1702498
1702512
1702576
1702586
1702595
1702612
1702629
1702635
1702649
1702675
1702695
1702739
1702763
1702777
1702779
1702793
1702818
1702830
1702873
1702920
1702933
1702934
1702960
1702968
1703041
1703048
1703054
1703087
1703115
1703121
1703145
1703163
1703167
1703183
1703204
1703210
1703214
1703238
1703243
1703263
1703290
1703299
1703358
1703400
1703410
1703424
1703454
1703471
1703475
1703505
1703506
1703507
1703515
1703601
1703621
1703661
1703666
1703695
1703768
1703790
1703816
1703855
1703867
1703891
1703921
1703928
1703947
1703953
1704020
1704031
1704045
1704077
1704183
1704188
1704214
1704246
1704252
1704260
1704296
1704351
1704388
1704389
1704392
1704398
1704409
1704423
1704426
1704438
1704442
1704467
1704469
1704490
1704501
1704559
1704581
1704596
1704665
1704693
1704702
1704703
1704724
1704768
1704809
1704831
1704864
1704872
1704882
1704885
1704894
1704902
1704923
1704934
1704948
1704962
1704991
1704997
1705083
1705117
1705177
1705220
1705229
1705242
1705243
1705255
1705259
1705305
1705308
1705316
1705331
1705363
1705368
1705373
1705376
1705377
1705388
1705401
1705411
1705418
1705421
1705423
1705447
1705449
1705496
1705515
1705535
1705537
1705549
1705576
1705592
1705654
1705703
1705721
1705723
1705728
1705738
1705744
1705745
1705755
1705862
1705872
1705961
1705965
1705974
1706089
1706116
1706122
1706166
1706172
1706176
1706177
1706237
1706370
1706375
1706388
1706411
1706413
1706451
1706457
1706481
1706528
1706530
1706555
1706604
1706628
1706640
1706660
1706679
1706710
1706782
1706801
1706803
1706805
1706806
1706809
1706842
1706875
1706895
1706900
1706930
1706937
1706959
1706966
1706972
1707038
1707041
1707060
1707061
1707079
1707088
1707127
1707132
1707227
1707233
1707341
1707390
1707443
1707461
1707478
1707480
1707489
1707523
1707531
1707544
1707545
1707546
1707596
1707604
1707630
1707643
1707649
1707651
1707697
1707703
1707704
1707716
1707760
1707795
1707811
1707915
1707929
1707936
1707939
1707969
1708029
1708039
1708043
1708051
1708167
1708182
1708184
1708186
1708209
1708217
1708219
1708268
1708270
1708272
1708279
1708280
1708311
1708313
1708390
1708416
1708428
1708429
1708446
1708472
1708495
1708503
1708506
1708517
1708530
1708555
1708557
1708570
1708589
1708619
1708627
1708635
1708655
1708658
1708680
1708714
1708722
1708723
1708730
1708735
1708837
1708867
1708884
1708904
1708946
1708967
1708998
1709003
1709005
1709011
1709031
1709038
1709049
1709073
1709106
1709111
1709135
1709161
1709171
1709180
1709202
1709207
1709238
1709261
1709264
1709272
1709274
1709372
1709391
1709392
1709456
1709483
1709522
1709531
1709560
1709566
1709580
1709596
1709598
1709603
1709613
1709635
1709640
1709654
1709716
1709768
1709821
1709847
1709921
1709925
1709946
1709956
1709960
1709994
1710019
1710033
1710036
1710041
1710050
1710091
1710092
1710114
1710120
1710121
1710128
1710157
1710175
1710198
1710243
1710282
1710329
1710330
1710331
1710344
1710351
1710354
1710414
1710441
1710480
1710496
1710502
1710504
1710505
1710519
1710537
1710553
1710568
1710575
1710587
1710629
1710631
1710667
1710669
1710703
1710780
1710822
1710828
1710839
1710840
1710844
1710883
1710887
1710898
1710951
1710959
1710999
1711019
1711149
1711168
1711200
1711211
1711213
1711238
1711244
1711252
1711254
1711295
1711314
1711377
1711389
1711427
1711433
1711501
1711508
1711515
1711534
1711579
1711582
1711594
1711620
1711683
1711701
1711720
1711724
1711741
1711759
1711768
1711781
1711784
1711797
1711803
1711810
1711816
1711818
1711824
1711829
1711855
1711924
1711967
1711968
1711979
1711980
1712039
1712057
1712063
1712072
1712074
1712124
1712139
1712161
1712195
1712225
1712232
1712284
1712305
1712320
1712323
1712328
1712360
1712380
1712402
1712462
1712472
1712476
1712483
1712501
1712502
1712522
1712527
1712555
1712598
1712671
1712681
1712697
1712701
1712739
1712749
1712778
1712799
1712805
1712843
1712844
1712860
1712878
1712891
1712892
1712897
1712956
1713138
1713139
1713145
1713188
1713197
1713212
1713236
1713284
1713291
1713310
1713312
1713320
1713365
1713390
1713400
1713462
1713473
1713477
1713479
1713491
1713521
1713540
1713541
1713551
1713569
1713662
1713688
1713708
1713710
1713731
1713741
1713750
1713787
1713792
1713799
1713802
1713812
1713826
1713827
1713833
1713847
1713859
1713887
1713919
1713933
1713946
1713970
1714030
1714091
1714127
1714128
1714141
1714142
1714156
1714176
1714202
1714205
1714211
1714214
1714246
1714257
1714269
1714288
1714323
1714369
1714375
1714380
1714396
1714407
1714411
1714423
1714444
1714474
1714488
1714491
1714538
1714585
1714609
1714618
1714636
1714682
1714692
1714764
1714815
1714818
1714832
1714841
1714849
1714874
1714876
1714909
1714922
1714988
1714994
1715067
1715071
1715083
1715123
1715196
1715207
1715238
1715277
1715288
1715355
1715371
1715386
1715397
1715400
1715431
1715433
1715450
1715475
1715518
1715523
1715533
1715547
1715561
1715584
1715590
1715617
1715624
1715629
1715635
1715656
1715687
1715728
1715748
1715754
1715757
1715770
1715787
1715797
1715800
1715802
1715811
1715814
1715888
1715911
1715968
1715970
1715982
1716008
1716038
1716039
1716047
1716049
1716091
1716112
1716122
1716126
1716139
1716159
1716160
1716180
1716185
1716198
1716218
1716221
1716235
1716244
1716296
1716307
1716316
1716362
1716450
1716471
1716499
1716505
1716515
1716519
1716534
1716550
1716566
1716584
1716587
1716599
1716604
1716616
1716641
1716664
1716692
1716712
1716723
1716735
1716774
1716820
1716828
1716836
1716837
1716846
1716852
1716878
1716889
1716895
1716913
1716923
1716925
1716931
1716958
1716967
1716974
1717006
1717016
1717018
1717041
1717044
1717063
1717069
1717085
1717141
1717154
1717160
1717162
1717193
1717229
1717230
1717261
1717281
1717290
1717308
1717336
1717340
1717353
1717363
1717385
1717387
1717411
1717435
1717441
1717463
1717510
1717534
1717600
1717601
1717634
1717661
1717681
1717714
1717784
1717791
1717797
1717878
1717882
1717893
1717904
1717910
1717930
1717932
1717935
1717936
1717948
1717956
1718064
1718087
1718118
1718131
1718147
1718200
1718244
1718246
1718263
1718265
1718273
1718294
1718300
1718310
1718344
1718362
1718402
1718406
1718427
1718448
1718457
1718514
1718517
1718544
1718577
1718594
1718608
1718630
1718632
1718642
1718648
1718663
1718665
1718678
1718707
1718728
1718761
1718853
1718873
1718878
1718893
1718919
1718959
1718975
1718976
1718988
1719012
1719023
1719034
1719037
1719059
1719064
1719067
1719086
1719088
1719108
1719127
1719136
1719150
1719165
1719201
1719206
1719266
1719309
1719342
1719363
1719410
1719415
1719426
1719431
1719435
1719455
1719470
1719478
1719495
1719500
1719515
1719517
1719521
1719546
1719568
1719573
1719587
1719598
1719654
1719684
1719685
1719697
1719702
1719711
1719750
1719765
1719767
1719787
1719818
1719839
1719862
1719869
1719870
1719889
1719958
1719975
1720005
1720020
1720036
1720076
1720093
1720108
1720117
1720118
1720129
1720139
1720158
1720190
1720208
1720214
1720232
1720244
1720263
1720264
1720270
1720293
1720307
1720309
1720353
1720384
1720392
1720424
1720457
1720466
1720479
1720487
1720488
1720532
1720548
1720551
1720573
1720576
1720597
1720605
1720665
1720676
1720687
1720693
1720727
1720739
1720760
1720825
1720854
1720934
1720935
1720952
1720955
1721010
1721079
1721098
1721105
1721108
1721114
1721118
1721133
1721140
1721156
1721164
1721197
1721227
1721233
1721309
1721339
1721345
1721361
1721389
1721423
1721446
1721465
1721490
1721512
1721546
1721574
1721582
1721610
1721634
1721635
1721637
1721646
1721651
1721676
1721707
1721736
1721753
1721760
1721794
1721799
1721811
1721870
1721915
1721930
1721942
1721964
1721966
1722037
1722044
1722077
1722124
1722150
1722151
1722160
1722229
1722259
1722307
1722332
1722347
1722364
1722392
1722396
1722410
1722415
1722478
1722513
1722524
1722529
1722546
1722635
1722655
1722698
1722724
1722738
1722781
1722784
1722807
1722814
1722818
1722824
1722836
1722932
1722942
1722951
1722958
1722981
1722983
1723018
1723046
1723067
1723094
1723095
1723096
1723102
1723104
1723127
1723203
1723214
1723247
1723249
1723273
1723287
1723325
1723375
1723384
1723393
1723495
1723533
1723549
1723556
1723571
1723605
1723612
1723670
1723694
1723728
1723788
1723792
1723795
1723804
1723895
1723920
1723935
1723973
1723976
1724013
1724016
1724041
1724070
1724120
1724121
1724149
1724156
1724161
1724209
1724246
1724249
1724345
1724355
1724358
1724370
1724426
1724436
1724479
1724494
1724527
1724546
1724555
1724562
1724603
1724623
1724692
1724786
1724815
1724829
1724874
1724907
1724929
1724963
1724973
1724999
1725090
1725101
1725104
1725118
1725119
1725134
1725207
1725287
1725315
1725332
1725343
1725355
1725358
1725366
1725391
1725399
1725444
1725454
1725493
1725510
1725513
1725525
1725539
1725554
1725571
1725578
1725588
1725608
1725645
1725663
1725694
1725705
1725725
1725726
1725733
1725739
1725772
1725774
1725788
1725801
1725802
1725817
1725835
1725856
1725898
1725900
1725907
1725918
1725950
1725953
1725956
1725961
1725995
1726030
1726064
1726065
1726093
1726108
1726127
1726134
1726143
1726153
1726160
1726195
1726204
1726235
1726253
1726301
1726313
1726317
1726371
1726380
1726410
1726414
1726431
1726433
1726443
1726445
1726474
1726480
1726487
1726523
1726553
1726557
1726567
1726645
1726668
1726673
1726675
1726679
1726681
1726722
1726745
1726769
1726800
1726804
1726808
1726848
1726877
1726922
1726926
1726937
1726938
1726953
1726957
1727000
1727003
1727078
1727082
1727107
1727108
1727152
1727203
1727211
1727220
1727268
1727271
1727293
1727298
1727317
1727367
1727387
1727398
1727409
1727424
1727462
1727465
1727480
1727485
1727508
1727514
1727515
1727582
1727589
1727595
1727609
1727616
1727621
1727622
1727627
1727642
1727660
1727675
1727692
1727712
1727721
1727726
1727749
1727803
1727807
1727817
1727857
1727877
1727883
1727947
1727982
1727991
1728020
1728040
1728078
1728215
1728274
1728296
1728311
1728347
1728353
1728408
1728427
1728476
1728490
1728506
1728519
1728537
1728539
1728590
1728594
1728611
1728671
1728719
1728729
1728755
1728760
1728784
1728785
1728798
1728799
1728802
1728837
1728870
1728873
1728884
1728893
1728907
1728913
1728926
1728927
1728943
1729010
1729012
1729027
1729034
1729042
1729045
1729046
1729064
1729069
1729071
1729073
1729075
1729080
1729110
1729120
1729154
1729173
1729177
1729206
1729213
1729218
1729219
1729235
1729246
1729261
1729290
1729302
1729372
1729419
1729434
1729475
1729479
1729481
1729503
1729542
1729557
1729587
1729614
1729634
1729665
1729666
1729705
1729712
1729750
1729760
1729765
1729773
1729815
1729883
1729885
1729887
1729901
1729925
1729937
1729942
1729964
1729980
1729983
1729986
1729992
1729995
1730090
1730100
1730103
1730110
1730196
1730209
1730255
1730285
1730296
1730307
1730322
1730327
1730329
1730330
1730366
1730408
1730426
1730437
1730509
1730555
1730563
1730564
1730598
1730662
1730722
1730778
1730830
1730852
1730890
1730894
1730928
1730946
1730952
1731020
1731098
1731114
1731123
1731204
1731221
1731235
1731236
1731252
1731275
1731323
1731358
1731390
1731437
1731457
1731475
1731493
1731494
1731516
1731517
1731546
1731550
1731586
1731640
1731654
1731660
1731671
1731684
1731709
1731727
1731735
1731820
1731833
1731843
1731850
1731855
1731882
1731908
1731923
1731944
1731950
1731957
1731958
1731964
1732003
1732025
1732037
1732041
1732058
1732059
1732078
1732085
1732087
1732106
1732146
1732154
1732208
1732219
1732227
1732237
1732254
1732268
1732274
1732297
1732331
1732357
1732358
1732395
1732422
1732439
1732444
1732448
1732465
1732481
1732489
1732510
1732563
1732589
1732591
1732622
1732644
1732712
1732728
1732774
1732779
1732780
1732796
1732803
1732818
1732848
1732868
1732869
1732898
1732902
1732937
1732941
1732963
1732995
1733030
1733038
1733044
1733048
1733075
1733101
1733182
1733195
1733202
1733219
1733228
1733233
1733236
1733254
1733263
1733265
1733281
1733328
1733334
1733363
1733380
1733428
1733438
1733446
1733500
1733576
1733644
1733675
1733714
1733733
1733787
1733826
1733835
1733838
1733894
1733939
1733941
1733951
1733958
1734050
1734076
1734077
1734088
1734114
1734135
1734139
1734178
1734210
1734212
1734249
1734271
1734279
1734314
1734338
1734345
1734351
1734374
1734482
1734543
1734558
1734634
1734648
1734658
1734668
1734672
1734723
1734744
1734794
1734805
1734827
1734850
1734854
1734910
1734914
1734925
1734934
1734939
1734944
1734972
1734977
1735024
1735042
1735043
1735060
1735062
1735069
1735071
1735085
1735102
1735118
1735120
1735133
1735170
1735173
1735181
1735190
1735220
1735223
1735262
1735274
1735288
1735305
1735308
1735315
1735324
1735351
1735363
1735364
1735385
1735406
1735419
1735527
1735531
1735540
1735543
1735548
1735607
1735645
1735650
1735661
1735674
1735734
1735747
1735756
1735772
1735788
1735807
1735828
1735842
1735853
1735862
1735889
1735894
1735907
1735911
1735929
1735934
1735972
1735979
1736057
1736059
1736061
1736080
1736091
1736100
1736101
1736112
1736135
1736183
1736211
1736224
1736246
1736293
1736302
1736308
1736330
1736387
1736445
1736466
1736470
1736479
1736497
1736562
1736567
1736581
1736621
1736736
1736738
1736756
1736763
1736779
1736783
1736789
1736790
1736819
1736829
1736842
1736895
1736900
1736920
1737051
1737068
1737084
1737124
1737132
1737152
1737157
1737213
1737228
1737235
1737236
1737243
1737248
1737276
1737306
1737386
1737393
1737411
1737444
1737465
1737480
1737484
1737494
1737495
1737502
1737513
1737534
1737539
1737548
1737575
1737578
1737657
1737686
1737693
1737699
1737700
1737729
1737733
1737768
1737793
1737805
1737867
1737870
1737879
1737887
1737902
1737912
1737919
1737932
1737946
1737992
1738076
1738135
1738163
1738173
1738187
1738224
1738238
1738244
1738245
1738257
1738258
1738309
1738355
1738362
1738382
1738408
1738415
1738454
1738460
1738468
1738510
1738578
1738610
1738630
1738638
1738667
1738674
1738687
1738702
1738707
1738710
1738770
1738781
1738790
1738805
1738901
1738914
1738920
1738924
1738925
1738957
1738977
1739011
1739025
1739029
1739035
1739070
1739127
1739136
1739154
1739194
1739197
1739202
1739295
1739307
1739333
1739336
1739350
1739379
1739404
1739415
1739430
1739505
1739517
1739519
1739527
1739567
1739572
1739603
1739627
1739631
1739634
1739635
1739652
1739660
1739663
1739686
1739715
1739723
1739762
1739835
1739850
1739851
1739873
1739906
1739930
1739931
1739964
1739968
1739997
1740005
1740020
1740059
1740090
1740096
1740138
1740141
1740142
1740143
1740160
1740162
1740176
1740193
1740204
1740227
1740270
1740277
1740302
1740308
1740337
1740349
1740351
1740377
1740414
1740455
1740468
1740470
1740564
1740568
1740595
1740619
1740665
1740669
1740676
1740678
1740725
1740746
1740828
1740846
1740871
1740873
1740890
1740931
1740949
1740972
1740985
1740988
1740989
1741018
1741036
1741052
1741069
1741094
1741099
1741109
1741115
1741117
1741125
1741140
1741142
1741157
1741174
1741190
1741270
1741275
1741288
1741303
1741320
1741327
1741379
1741397
1741399
1741445
1741477
1741489
1741492
1741499
1741507
1741509
1741511
1741522
1741528
1741529
1741532
1741565
1741589
1741616
1741618
1741649
1741671
1741680
1741731
1741785
1741795
1741848
1741853
1741903
1741908
1741956
1741967
1741969
1742052
1742100
1742112
1742134
1742145
1742146
1742148
1742158
1742179
1742241
1742273
1742276
1742286
1742335
1742389
1742390
1742401
1742415
1742424
1742447
1742519
1742529
1742530
1742537
1742564
1742575
1742583
1742652
1742655
1742656
1742674
1742680
1742706
1742722
1742734
1742746
1742767
1742772
1742784
1742788
1742801
1742814
1742823
1742863
1742865
1742869
1742870
1742875
1742915
1742930
1742973
1743072
1743075
1743113
1743126
1743128
1743155
1743197
1743204
1743211
1743276
1743295
1743321
1743324
1743342
1743354
1743375
1743450
1743456
1743467
1743489
1743492
1743552
1743564
1743571
1743618
1743686
1743690
1743756
1743775
1743776
1743997
1744019
1744023
1744059
1744078
1744142
1744174
1744175
1744192
1744208
1744224
1744237
1744284
1744298
1744346
1744387
1744407
1744418
1744434
1744485
1744523
1744595
1744608
1744675
1744694
1744696
1744706
1744711
1744712
1744743
1744753
1744796
1744797
1744850
1744979
1744982
1744991
1745035
1745044
1745099
1745109
1745117
1745122
1745131
1745159
1745165
1745179
1745182
1745239
1745267
1745285
1745302
1745337
1745404
1745438
1745466
1745467
1745468
1745512
1745584
1745611
1745648
1745649
1745665
1745716
1745732
1745788
1745817
1745832
1745835
1745844
1745858
1745883
1745936
1745988
1745999
1746026
1746032
1746038
1746040
1746057
1746116
1746136
1746145
1746149
1746172
1746208
1746220
1746221
1746237
1746249
1746271
1746283
1746299
1746324
1746339
1746361
1746394
1746397
1746423
1746440
1746452
1746504
1746510
1746522
1746525
1746540
1746542
1746552
1746570
1746591
1746606
1746630
1746631
1746644
1746665
1746667
1746696
1746698
1746717
1746721
1746740
1746763
1746781
1746816
1746829
1746868
1746904
1746905
1746924
1746932
1746941
1746953
1746958
1746978
1746980
1747007
1747027
1747040
1747072
1747085
1747095
1747098
1747106
1747131
1747224
1747282
1747294
1747299
1747310
1747323
1747365
1747369
1747372
1747416
1747480
1747497
1747507
1747524
1747543
1747551
1747568
1747570
1747604
1747608
1747664
1747684
1747686
1747694
1747697
1747703
1747719
1747723
1747736
1747744
1747750
1747752
1747779
1747780
1747828
1747855
1747867
1747871
1747881
1747907
1747916
1747932
1747952
1747967
1747973
1748037
1748039
1748085
1748108
1748110
1748210
1748246
1748274
1748286
1748295
1748383
1748402
1748436
1748451
1748459
1748472
1748543
1748565
1748579
1748618
1748653
1748656
1748659
1748670
1748672
1748720
1748761
1748858
1748880
1748927
1748928
1748962
1748991
1748994
1748997
1749002
1749033
1749050
1749080
1749114
1749126
1749134
1749140
1749145
1749192
1749204
1749226
1749239
1749270
1749282
1749288
1749326
1749335
1749372
1749394
1749413
1749417
1749468
1749469
1749520
1749557
1749565
1749580
1749630
1749636
1749662
1749693
1749695
1749782
1749789
1749824
1749825
1749827
1749876
1749902
1749938
1749971
1749983
1749996
1750012
1750032
1750037
1750046
1750051
1750202
1750220
1750241
1750267
1750268
1750298
1750307
1750309
1750330
1750369
1750371
1750414
1750460
1750463
1750490
1750521
1750528
1750533
1750561
1750567
1750578
1750587
1750593
1750601
1750637
1750672
1750733
1750746
1750779
1750802
1750811
1750819
1750856
1750903
1750918
1750983
1750985
1751016
1751080
1751109
1751120
1751193
1751232
1751243
1751295
1751298
1751305
1751320
1751343
1751358
1751360
1751423
1751447
1751448
1751487
1751493
1751495
1751525
1751578
1751583
1751623
1751625
1751626
1751646
1751657
1751710
1751725
1751738
1751743
1751748
1751778
1751781
1751782
1751789
1751803
1751822
1751847
1751849
1751855
1751859
1751897
1751914
1751939
1751946
1751956
1751985
1752006
1752008
1752019
1752036
1752052
1752053
1752055
1752069
1752070
1752133
1752179
1752237
1752260
1752290
1752377
1752397
1752425
1752429
1752432
1752434
1752478
1752490
1752526
1752532
1752541
1752569
1752572
1752599
1752627
1752651
1752687
1752710
1752721
1752725
1752778
1752808
1752831
1752841
1752846
1752855
1752865
1752883
1752890
1752901
1752907
1752908
1752912
1752914
1752956
1752963
1752966
1752971
1752972
1752984
1753036
1753066
1753077
1753101
1753111
1753161
1753191
1753192
1753209
1753229
1753235
1753249
1753284
1753339
1753343
1753344
1753360
1753373
1753389
1753405
1753414
1753434
1753449
1753478
1753480
1753489
1753514
1753515
1753516
1753547
1753556
1753585
1753658
1753660
1753686
1753689
1753755
1753761
1753766
1753779
1753795
1753830
1753844
1753874
1753875
1753879
1753892
1753908
1753925
1753966
1753973
1754016
1754051
1754072
1754103
1754121
1754154
1754164
1754201
1754215
1754229
1754236
1754238
1754273
1754288
1754297
1754350
1754373
1754381
1754383
1754401
1754429
1754431
1754438
1754452
1754456
1754469
1754472
1754510
1754525
1754530
1754532
1754541
1754589
1754611
1754665
1754695
1754699
1754704
1754715
1754718
1754751
1754760
1754770
1754791
1754850
1754904
1754908
1754928
1754929
1754938
1754941
1754953
1754984
1755057
1755081
1755097
1755204
1755228
1755247
1755268
1755294
1755336
1755350
1755360
1755370
1755371
1755379
1755401
1755405
1755425
1755471
1755531
1755541
1755544
1755551
1755665
1755667
1755678
1755693
1755715
1755724
1755732
1755738
1755754
1755812
1755850
1755856
1755859
1755862
1755896
1755903
1755912
1755916
1755923
1755945
1755972
1755973
1756004
1756018
1756031
1756048
1756077
1756092
1756095
1756118
1756171
1756172
1756190
1756200
1756202
1756203
1756218
1756231
1756246
1756256
1756279
1756345
1756382
1756401
1756520
1756551
1756553
1756569
1756637
1756680
1756703
1756723
1756734
1756742
1756757
1756799
1756813
1756830
1756832
1756834
1756865
1756873
1756884
1756891
1756901
1756918
1756933
1756977
1756995
1757031
1757057
1757066
1757070
1757081
1757088
1757097
1757134
1757158
1757200
1757201
1757336
1757377
1757382
1757460
1757493
1757494
1757512
1757535
1757550
1757563
1757581
1757592
1757610
1757637
1757650
1757667
1757678
1757690
1757722
1757736
1757762
1757774
1757803
1757826
1757839
1757879
1757897
1757933
1757946
1757949
1758009
1758027
1758048
1758050
1758056
1758078
1758084
1758103
1758110
1758136
1758155
1758175
1758215
1758227
1758263
1758265
1758343
1758349
1758370
1758382
1758393
1758409
1758452
1758456
1758544
1758575
1758598
1758602
1758667
1758672
1758704
1758707
1758708
1758739
1758750
1758795
1758810
1758870
1758895
1758905
1758908
1758920
1758942
1758980
1758986
1758990
1759022
1759049
1759052
1759073
1759094
1759110
1759150
1759153
1759243
1759292
1759311
1759351
1759384
1759399
1759406
1759420
1759455
1759493
1759539
1759549
1759552
1759559
1759571
1759624
1759630
1759637
1759665
1759672
1759692
1759713
1759734
1759735
1759747
1759754
1759775
1759784
1759790
1759816
1759821
1759832
1759861
1759895
1759935
1760007
1760015
1760050
1760060
1760091
1760135
1760167
1760183
1760191
1760196
1760197
1760231
1760257
1760295
1760340
1760424
1760462
1760468
1760493
1760503
1760520
1760522
1760539
1760574
1760626
1760629
1760657
1760659
1760751
1760765
1760772
1760788
1760790
1760817
1760820
1760828
1760835
1760889
1760988
1760995
1761004
1761009
1761033
1761063
1761114
1761115
1761117
1761129
1761134
1761135
1761151
1761161
1761223
1761270
1761305
1761313
1761410
1761421
1761434
1761440
1761465
1761471
1761494
1761509
1761545
1761566
1761572
1761589
1761614
1761617
1761635
1761641
1761653
1761663
1761688
1761713
1761768
1761776
1761781
1761794
1761804
1761817
1761843
1761846
1761916
1761918
1761923
1761945
1761949
1761973
1762013
1762033
1762040
1762057
1762065
1762077
1762081
1762083
1762121
1762127
1762142
1762158
1762161
1762226
1762230
1762254
1762316
1762332
1762449
1762489
1762491
1762504
1762511
1762525
1762528
1762533
1762562
1762577
1762631
1762634
1762667
1762669
1762693
1762738
1762750
1762758
1762802
1762811
1762814
1762820
1762822
1762863
1762867
1762870
1762891
1762901
1762908
1762910
1762943
1762980
1763003
1763018
1763032
1763045
1763068
1763071
1763102
1763124
1763125
1763143
1763152
1763181
1763194
1763202
1763204
1763207
1763209
1763227
1763243
1763266
1763271
1763294
1763296
1763322
1763336
1763347
1763408
1763435
1763454
1763461
1763463
1763477
1763479
1763501
1763548
1763581
1763616
1763672
1763674
1763707
1763734
1763740
1763750
1763771
1763790
1763811
1763815
1763840
1763842
1763943
1763971
1764010
1764032
1764047
1764061
1764078
1764099
1764110
1764154
1764168
1764170
1764239
1764252
1764257
1764276
1764284
1764299
1764312
1764343
1764344
1764386
1764431
1764469
1764473
1764474
1764511
1764530
1764544
1764548
1764563
1764576
1764592
1764602
1764611
1764637
1764646
1764649
1764679
1764750
1764771
1764804
1764807
1764811
1764827
1764953
1764955
1764964
1764993
1765000
1765019
1765023
1765046
1765071
1765084
1765183
1765190
1765249
1765266
1765308
1765352
1765396
1765491
1765529
1765600
1765607
1765634
1765647
1765649
1765657
1765671
1765702
1765712
1765745
1765778
1765809
1765871
1765911
1765924
1765938
1765943
1765974
1765975
1765995
1765997
1766017
1766051
1766068
1766094
1766135
1766150
1766161
1766263
1766272
1766284
1766334
1766396
1766499
1766517
1766558
1766595
1766621
1766626
1766641
1766647
1766674
1766707
1766727
1766739
1766823
1766844
1766872
1766881
1766884
1766886
1766906
1766911
1766981
1766982
1767007
1767016
1767029
1767057
1767062
1767064
1767091
1767119
1767130
1767138
1767161
1767165
1767202
1767204
1767209
1767272
1767327
1767339
1767342
1767360
1767371
1767372
1767380
1767390
1767434
1767447
1767461
1767470
1767495
1767502
1767508
1767516
1767538
1767550
1767562
1767587
1767628
1767645
1767655
1767672
1767713
1767742
1767753
1767771
1767778
1767784
1767797
1767799
1767836
1767845
1767852
1767887
1767921
1767954
1767972
1767985
1768000
1768009
1768072
1768114
1768158
1768165
1768190
1768204
1768242
1768259
1768272
1768287
1768337
1768351
1768422
1768425
1768443
1768460
1768474
1768478
1768485
1768495
1768542
1768548
1768562
1768577
1768596
1768600
1768625
1768638
1768649
1768670
1768683
1768707
1768747
1768759
1768768
1768774
1768797
1768800
1768823
1768843
1768871
1768908
1768928
1768955
1768965
1768976
1768989
1769004
1769026
1769039
1769063
1769100
1769111
1769116
1769138
1769149
1769153
1769176
1769195
1769204
1769209
1769263
1769287
1769294
1769307
1769320
1769328
1769374
1769413
1769438
1769445
1769453
1769457
1769474
1769496
1769507
1769535
1769558
1769569
1769575
1769595
1769599
1769623
1769658
1769672
1769692
1769711
1769734
1769773
1769775
1769835
1769839
1769845
1769846
1769847
1769851
1769890
1769917
1769963
1769995
1770012
1770052
1770063
1770100
1770110
1770156
1770175
1770177
1770230
1770251
1770252
1770263
1770271
1770288
1770316
1770323
1770340
1770346
1770380
1770384
1770405
1770436
1770438
1770468
1770497
1770513
1770517
1770531
1770542
1770557
1770576
1770583
1770589
1770621
1770629
1770638
1770665
1770683
1770687
1770690
1770722
1770727
1770729
1770749
1770755
1770771
1770792
1770823
1770881
1770911
1770922
1770935
1770942
1770952
1770980
1770993
1771030
1771032
1771060
1771079
1771082
1771132
1771142
1771165
1771180
1771221
1771228
1771233
1771235
1771238
1771239
1771244
1771250
1771273
1771291
1771297
1771305
1771346
1771370
1771389
1771413
1771425
1771450
1771462
1771500
1771507
1771553
1771554
1771584
1771617
1771623
1771659
1771703
1771718
1771756
1771762
1771773
1771791
1771835
1771841
1771846
1771854
1771888
1771892
1771918
1771947
1771996
1772041
1772084
1772087
1772098
1772111
1772127
1772149
1772167
1772189
1772191
1772218
1772222
1772240
1772271
1772298
1772371
1772390
1772410
1772422
1772424
1772441
1772453
1772468
1772521
1772522
1772534
1772545
1772608
1772653
1772658
1772660
1772671
1772688
1772704
1772705
1772725
1772730
1772731
1772747
1772775
1772784
1772794
1772801
1772831
1772864
1772875
1772929
1772968
1773032
1773034
1773035
1773058
1773078
1773112
1773151
1773158
1773164
1773183
1773189
1773204
1773234
1773236
1773259
1773289
1773304
1773335
1773368
1773410
1773416
1773435
1773450
1773451
1773483
1773510
1773512
1773564
1773599
1773611
1773632
1773640
1773677
1773709
1773756
1773776
1773815
1773823
1773869
1773882
1773884
1773911
1773921
1773940
1773945
1773950
1773953
1773959
1773969
1774014
1774041
1774085
1774090
1774107
1774121
1774164
1774201
1774204
1774216
1774227
1774239
1774246
1774252
1774269
1774278
1774291
1774307
1774351
1774355
1774375
1774396
1774428
1774478
1774520
1774521
1774532
1774548
1774572
1774596
1774610
1774651
1774659
1774670
1774682
1774701
1774704
1774746
1774758
1774802
1774809
1774819
1774833
1774848
1774853
1774872
1774897
1774904
1774914
1774933
1774940
1775015
1775034
1775041
1775046
1775050
1775073
1775108
1775117
1775170
1775178
1775183
1775276
1775289
1775306
1775318
1775334
1775344
1775366
1775411
1775443
1775473
1775476
1775560
1775638
1775661
1775698
1775764
1775784
1775799
1775805
1775806
1775848
1775858
1775868
1775903
1775923
1775945
1775956
1775996
1775998
1776077
1776079
1776100
1776136
1776175
1776204
1776205
1776213
1776220
1776243
1776249
1776299
1776309
1776354
1776385
1776387
1776402
1776408
1776409
1776413
1776475
1776602
1776609
1776640
1776650
1776666
1776717
1776727
1776741
1776754
1776769
1776804
1776813
1776843
1776862
1776921
1776942
1776944
1776968
1777054
1777063
1777117
1777124
1777154
1777158
1777168
1777183
1777199
1777216
1777228
1777231
1777232
1777266
1777281
1777283
1777285
1777298
1777423
1777439
1777453
1777462
1777470
1777484
1777516
1777600
1777615
1777627
1777634
1777641
1777648
1777663
1777672
1777724
1777745
1777777
1777783
1777798
1777809
1777822
1777838
1777842
1777908
1777949
1777983
1777988
1778038
1778053
1778063
1778065
1778112
1778121
1778147
1778162
1778180
1778183
1778190
1778209
1778263
1778280
1778288
1778312
1778334
1778338
1778345
1778349
1778374
1778400
1778418
1778421
1778429
1778447
1778450
1778460
1778477
1778478
1778505
1778515
1778542
1778595
1778599
1778634
1778640
1778642
1778652
1778654
1778708
1778727
1778735
1778775
1778777
1778786
1778816
1778831
1778832
1778873
1778878
1778903
1778975
1778994
1778999
1779007
1779020
1779042
1779062
1779065
1779106
1779121
1779161
1779169
1779180
1779195
1779201
1779217
1779313
1779314
1779316
1779319
1779359
1779370
1779372
1779390
1779396
1779460
1779461
1779486
1779509
1779511
1779527
1779537
1779549
1779571
1779611
1779613
1779636
1779641
1779643
1779670
1779676
1779682
1779688
1779707
1779717
1779721
1779781
1779790
1779812
1779851
1779864
1779934
1779959
1779963
1780002
1780007
1780051
1780073
1780082
1780084
1780131
1780159
1780173
1780176
1780180
1780195
1780226
1780234
1780260
1780287
1780327
1780376
1780390
1780404
1780410
1780417
1780449
1780459
1780467
1780523
1780524
1780543
1780559
1780623
1780646
1780664
1780667
1780673
1780683
1780695
1780697
1780745
1780794
1780819
1780821
1780862
1780887
1780947
1780957
1780966
1781006
1781009
1781052
1781143
1781163
1781171
1781186
1781187
1781199
1781213
1781260
1781271
1781279
1781293
1781367
1781375
1781376
1781381
1781411
1781472
1781512
1781525
1781563
1781571
1781610
1781617
1781618
1781627
1781641
1781663
1781744
1781794
1781799
1781853
1781854
1781869
1781871
1781881
1781903
1781975
1782002
1782022
1782041
1782093
1782099
1782116
1782207
1782228
1782236
1782239
1782243
1782246
1782263
1782264
1782269
1782302
1782306
1782314
1782321
1782327
1782412
1782414
1782452
1782458
1782475
1782503
1782507
1782541
1782548
1782589
1782592
1782606
1782625
1782703
1782707
1782716
1782747
1782748
1782750
1782752
1782783
1782798
1782809
1782832
1782848
1782859
1782870
1782890
1782924
1782925
1782945
1783034
1783044
1783099
1783108
1783112
1783123
1783166
1783176
1783190
1783225
1783259
1783275
1783279
1783283
1783294
1783311
1783324
1783375
1783402
1783425
1783428
1783433
1783435
1783441
1783447
1783482
1783511
1783573
1783582
1783594
1783608
1783645
1783661
1783735
1783748
1783771
1783772
1783777
1783801
1783802
1783821
1783830
1783848
1783857
1783869
1783930
1784020
1784070
1784077
1784096
1784107
1784139
1784202
1784213
1784227
1784245
1784250
1784290
1784297
1784315
1784362
1784380
1784404
1784451
1784504
1784576
1784596
1784598
1784607
1784612
1784647
1784654
1784665
1784673
1784675
1784775
1784782
1784805
1784808
1784825
1784830
1784839
1784846
1784852
1784879
1784888
1784893
1784987
1785012
1785058
1785077
1785094
1785104
1785112
1785133
1785134
1785141
1785163
1785179
1785187
1785199
1785264
1785266
1785279
1785286
1785300
1785318
1785349
1785350
1785377
1785400
1785440
1785487
1785489
1785497
1785502
1785507
1785516
1785529
1785533
1785575
1785577
1785593
1785661
1785665
1785721
1785743
1785769
1785773
1785787
1785801
1785822
1785831
1785857
1785864
1785879
1785950
1785951
1786037
1786062
1786087
1786089
1786145
1786160
1786166
1786185
1786203
1786307
1786334
1786357
1786382
1786389
1786401
1786405
1786417
1786446
1786455
1786472
1786506
1786523
1786532
1786551
1786568
1786576
1786583
1786620
1786647
1786655
1786668
1786710
1786754
1786757
1786794
1786825
1786857
1786859
1786870
1786922
1786965
1786991
1786998
1787050
1787053
1787099
1787123
1787128
1787143
1787144
1787156
1787161
1787164
1787233
1787255
1787275
1787288
1787306
1787358
1787370
1787376
1787386
1787416
1787453
1787458
1787462
1787466
1787485
1787496
1787509
1787518
1787529
1787536
1787541
1787542
1787551
1787612
1787642
1787655
1787663
1787689
1787692
1787731
1787786
1787794
1787810
1787843
1787852
1787919
1787929
1787955
1787973
1787980
1787998
1788073
1788084
1788096
1788097
1788114
1788166
1788183
1788187
1788193
1788196
1788199
1788227
1788257
1788275
1788295
1788307
1788339
1788351
1788396
1788397
1788407
1788417
1788420
1788441
1788477
1788488
1788501
1788513
1788531
1788538
1788556
1788560
1788592
1788616
1788669
1788673
1788674
1788715
1788720
1788754
1788790
1788801
1788843
1788881
1788889
1788931
1788938
1788962
1788980
1788993
1789003
1789008
1789060
1789083
1789088
1789102
1789126
1789139
1789144
1789146
1789147
1789172
1789178
1789182
1789186
1789188
1789193
1789199
1789243
1789247
1789321
1789346
1789410
1789427
1789448
1789472
1789495
1789499
1789556
1789617
1789625
1789635
1789666
1789717
1789749
1789778
1789858
1789887
1789932
1789937
1789975
1790067
1790094
1790107
1790121
1790122
1790128
1790133
1790147
1790154
1790178
1790233
1790246
1790248
1790329
1790345
1790363
1790369
1790385
1790409
1790411
1790412
1790448
1790460
1790473
1790489
1790503
1790528
1790530
1790558
1790578
1790588
1790598
1790625
1790672
1790838
1790892
1790893
1790903
1790907
1790931
1790935
1790993
1791099
1791180
1791220
1791223
1791227
1791242
1791268
1791280
1791292
1791299
1791300
1791305
1791312
1791329
1791350
1791359
1791397
1791424
1791444
1791446
1791492
1791503
1791509
1791512
1791517
1791543
1791550
1791581
1791600
1791615
1791617
1791627
1791647
1791666
1791669
1791700
1791701
1791722
1791798
1791812
1791850
1791888
1791909
1791927
1791929
1791932
1791943
1791950
1791958
1791979
1791985
1792009
1792013
1792024
1792051
1792052
1792124
1792157
1792168
1792183
1792228
1792255
1792323
1792330
1792383
1792456
1792461
1792486
1792495
1792601
1792623
1792649
1792655
1792706
1792709
1792740
1792744
1792756
1792767
1792810
1792830
1792903
1792927
1792937
1792948
1792973
1792986
1792990
1793000
1793024
1793028
1793077
1793095
1793106
1793143
1793147
1793193
1793244
1793272
1793287
1793307
1793310
1793320
1793343
1793349
1793366
1793372
1793391
1793402
1793409
1793439
1793442
1793472
1793515
1793521
1793547
1793548
1793560
1793568
1793623
1793624
1793627
1793685
1793697
1793701
1793712
1793720
1793749
1793774
1793790
1793795
1793832
1793835
1793836
1793850
1793898
1793911
1793946
1793984
1794034
1794057
1794120
1794174
1794191
1794238
1794289
1794302
1794330
1794334
1794336
1794352
1794355
1794365
1794427
1794441
1794449
1794506
1794512
1794514
1794535
1794544
1794590
1794601
1794614
1794628
1794646
1794654
1794660
1794675
1794732
1794814
1794824
1794846
1794881
1794883
1794899
1794935
1794945
1794955
1794961
1794971
1795002
1795008
1795020
1795031
1795040
1795083
1795093
1795117
1795131
1795143
1795198
1795217
1795221
1795222
1795234
1795276
1795286
1795300
1795367
1795428
1795452
1795521
1795532
1795554
1795567
1795590
1795617
1795628
1795638
1795667
1795684
1795688
1795694
1795724
1795726
1795738
1795783
1795788
1795826
1795840
1795883
1795901
1795946
1795998
1796022
1796025
1796041
1796047
1796049
1796088
1796095
1796108
1796115
1796149
1796169
1796178
1796187
1796211
1796276
1796318
1796325
1796352
1796420
1796442
1796445
1796448
1796470
1796472
1796487
1796513
1796519
1796521
1796529
1796540
1796546
1796547
1796569
1796574
1796591
1796602
1796605
1796622
1796634
1796648
1796657
1796695
1796709
1796724
1796729
1796742
1796755
1796760
1796778
1796805
1796834
1796844
1796881
1796909
1796970
1796973
1796986
1797016
1797030
1797047
1797048
1797061
1797074
1797082
1797092
1797097
1797103
1797110
1797111
1797114
1797132
1797163
1797197
1797208
1797222
1797241
1797267
1797347
1797362
1797364
1797365
1797379
1797384
1797430
1797469
1797479
1797526
1797544
1797557
1797558
1797566
1797588
1797618
1797636
1797644
1797650
1797653
1797664
1797677
1797685
1797701
1797735
1797737
1797746
1797749
1797768
1797770
1797787
1797814
1797851
1797858
1797860
1797874
1797891
1797909
1797940
1797965
1797985
1797990
1797994
1798011
1798033
1798052
1798078
1798099
1798210
1798242
1798251
1798254
1798257
1798260
1798270
1798272
1798278
1798284
1798324
1798329
1798360
1798384
1798403
1798415
1798470
1798482
1798511
1798553
1798597
1798616
1798617
1798671
1798717
1798820
1798844
1798850
1798865
1798866
1798872
1798948
1798949
1798963
1798974
1799063
1799067
1799095
1799112
1799123
1799142
1799153
1799174
1799187
1799196
1799209
1799212
1799249
1799261
1799341
1799371
1799375
1799406
1799421
1799424
1799433
1799473
1799490
1799499
1799507
1799543
1799551
1799552
1799595
1799604
1799606
1799626
1799630
1799637
1799645
1799696
1799723
1799738
1799747
1799830
1799854
1799857
1799870
1799871
1799877
1799903
1799926
1799935
1799956
1799966
1799978
1799996
1799998
1800000
1800003
1800021
1800070
1800097
1800098
1800129
1800174
1800208
1800216
1800231
1800250
1800255
1800293
1800354
1800389
1800433
1800439
1800500
1800619
1800633
1800663
1800699
1800704
1800706
1800708
1800732
1800764
1800827
1800851
1800866
1800964
1800991
1801039
1801063
1801116
1801139
1801178
1801182
1801278
1801337
1801347
1801377
1801396
1801399
1801402
1801403
1801405
1801411
1801446
1801505
1801512
1801522
1801543
1801555
1801576
1801598
1801623
1801649
1801670
1801701
1801737
1801786
1801812
1801821
1801831
1801844
1801875
1801908
1801918
1801920
1801941
1801975
1801986
1802009
1802012
1802021
1802033
1802044
1802086
1802103
1802114
1802124
1802132
1802145
1802171
1802197
1802204
1802207
1802211
1802213
1802255
1802280
1802282
1802305
1802384
1802395
1802396
1802423
1802436
1802466
1802516
1802529
1802539
1802556
1802591
1802603
1802628
1802658
1802696
1802718
1802744
1802775
1802778
1802784
1802803
1802874
1802882
1802898
1802937
1802951
1802959
1803003
1803008
1803040
1803061
1803112
1803168
1803178
1803303
1803320
1803328
1803377
1803411
1803425
1803453
1803455
1803474
1803498
1803572
1803604
1803609
1803623
1803643
1803736
1803740
1803795
1803854
1803866
1803867
1803895
1803926
1803927
1803955
1804007
1804023
1804049
1804058
1804066
1804072
1804112
1804117
1804152
1804176
1804181
1804184
1804213
1804244
1804248
1804274
1804277
1804293
1804326
1804361
1804419
1804479
1804508
1804510
1804516
1804554
1804601
1804617
1804625
1804634
1804637
1804718
1804747
1804754
1804764
1804769
1804787
1804838
1804841
1804872
1804929
1804941
1804989
1804997
1805010
1805032
1805037
1805053
1805116
1805128
1805157
1805190
1805192
1805233
1805247
1805274
1805286
1805388
1805411
1805413
1805421
1805451
1805474
1805476
1805478
1805490
1805514
1805521
1805533
1805534
1805535
1805641
1805642
1805666
1805668
1805671
1805694
1805708
1805722
1805731
1805735
1805742
1805747
1805784
1805795
1805797
1805801
1805838
1805864
1805867
1805881
1805928
1805963
1805979
1805988
1806001
1806023
1806029
1806080
1806101
1806111
1806126
1806162
1806172
1806180
1806186
1806245
1806248
1806258
1806367
1806392
1806506
1806533
1806555
1806564
1806568
1806575
1806580
1806622
1806643
1806661
1806662
1806689
1806699
1806774
1806781
1806824
1806893
1806894
1806917
1806920
1806934
1806958
1806977
1807006
1807022
1807027
1807051
1807065
1807109
1807127
1807154
1807215
1807224
1807282
1807297
1807361
1807370
1807404
1807439
1807458
1807463
1807467
1807485
1807493
1807578
1807590
1807601
1807608
1807612
1807614
1807625
1807665
1807725
1807745
1807756
1807764
1807797
1807831
1807836
1807863
1807876
1807952
1807978
1807982
1807985
1807995
1807999
1808030
1808087
1808090
1808100
1808102
1808119
1808153
1808155
1808178
1808202
1808222
1808241
1808260
1808267
1808284
1808289
1808294
1808316
1808333
1808409
1808422
1808456
1808484
1808514
1808529
1808536
1808560
1808582
1808616
1808620
1808624
1808634
1808664
1808673
1808679
1808719
1808728
1808820
1808850
1808868
1808879
1808888
1808904
1808905
1808920
1808921
1808927
1808930
1808951
1808991
1809011
1809047
1809050
1809099
1809133
1809203
1809223
1809235
1809277
1809329
1809409
1809430
1809441
1809451
1809467
1809476
1809505
1809529
1809540
1809554
1809594
1809597
1809723
1809726
1809750
1809767
1809784
1809803
1809815
1809826
1809829
1809833
1809852
1809863
1809870
1809895
1809918
1809944
1809971
1809997
1810024
1810030
1810049
1810104
1810149
1810167
1810200
1810212
1810276
1810279
1810284
1810320
1810341
1810410
1810452
1810456
1810459
1810507
1810525
1810570
1810577
1810586
1810588
1810604
1810607
1810612
1810679
1810685
1810691
1810772
1810784
1810827
1810843
1810845
1810874
1810892
1810925
1810932
1810965
1810989
1810993
1811000
1811050
1811136
1811142
1811168
1811174
1811180
1811201
1811282
1811283
1811352
1811375
1811423
1811432
1811444
1811475
1811500
1811527
1811533
1811559
1811560
1811563
1811589
1811620
1811687
1811696
1811739
1811783
1811805
1811812
1811840
1811862
1811864
1811909
1811950
1811958
1811964
1812004
1812010
1812066
1812083
1812152
1812272
1812287
1812307
1812319
1812323
1812337
1812338
1812397
1812423
1812445
1812447
1812454
1812467
1812492
1812497
1812512
1812526
1812529
1812538
1812574
1812612
1812638
1812688
1812692
1812733
1812741
1812757
1812776
1812796
1812813
1812822
1812836
1812841
1812859
1812862
1812910
1812988
1813001
1813009
1813010
1813014
1813073
1813102
1813110
1813115
1813119
1813125
1813126
1813127
1813141
1813153
1813216
1813224
1813244
1813261
1813262
1813358
1813376
1813385
1813415
1813426
1813448
1813449
1813457
1813487
1813499
1813516
1813524
1813543
1813551
1813571
1813573
1813576
1813612
1813624
1813681
1813689
1813695
1813741
1813745
1813760
1813762
1813790
1813791
1813869
1813870
1813900
1813949
1813951
1813953
1813957
1813973
1813974
1813975
1813993
1814023
1814045
1814048
1814095
1814131
1814148
1814158
1814185
1814197
1814221
1814230
1814262
1814313
1814321
1814356
1814363
1814384
1814442
1814455
1814475
1814477
1814547
1814549
1814560
1814575
1814604
1814625
1814673
1814710
1814725
1814730
1814732
1814745
1814757
1814810
1814839
1814853
1814872
1814918
1814927
1814995
1815020
1815032
1815061
1815075
1815098
1815104
1815113
1815143
1815149
1815206
1815224
1815229
1815236
1815266
1815270
1815273
1815281
1815299
1815313
1815342
1815358
1815388
1815389
1815506
1815539
1815550
1815554
1815590
1815597
1815615
1815633
1815668
1815739
1815770
1815807
1815855
1815892
1815894
1815898
1815956
1815962
1815969
1815982
1815994
1816000
1816007
1816030
1816044
1816051
1816122
1816131
1816132
1816216
1816236
1816272
1816295
1816307
1816360
1816362
1816369
1816401
1816429
1816440
1816449
1816461
1816499
1816503
1816522
1816549
1816580
1816599
1816610
1816653
1816672
1816683
1816696
1816734
1816735
1816740
1816766
1816780
1816802
1816819
1816895
1816897
1816903
1816919
1816932
1816947
1816983
1817012
1817029
1817047
1817054
1817062
1817078
1817086
1817095
1817134
1817161
1817168
1817186
1817208
1817246
1817270
1817299
1817307
1817316
1817320
1817355
1817410
1817459
1817479
1817486
1817493
1817505
1817560
1817567
1817568
1817599
1817637
1817651
1817702
1817723
1817771
1817828
1817851
1817857
1817860
1817876
1817888
1817894
1817926
1817928
1817954
1817957
1817959
1817972
1818006
1818007
1818039
1818062
1818093
1818135
1818162
1818169
1818201
1818221
1818267
1818332
1818361
1818391
1818394
1818479
1818499
1818528
1818557
1818564
1818604
1818611
1818624
1818636
1818688
1818690
1818704
1818715
1818746
1818754
1818798
1818823
1818838
1818839
1818851
1818867
1818903
1818904
1818928
1818940
1818944
1818955
1818969
1818994
1819025
1819026
1819041
1819048
1819055
1819066
1819075
1819095
1819132
1819151
1819152
1819245
1819250
1819254
1819258
1819299
1819343
1819367
1819384
1819395
1819425
1819426
1819472
1819487
1819488
1819569
1819572
1819590
1819597
1819603
1819612
1819626
1819630
1819638
1819642
1819650
1819722
1819730
1819742
1819755
1819773
1819776
1819781
1819803
1819826
1819852
1819862
1819885
1819888
1819917
1819945
1819947
1819953
1819966
1819994
1820003
1820023
1820053
1820083
1820126
1820149
1820172
1820182
1820184
1820189
1820194
1820236
1820253
1820285
1820286
1820310
1820390
1820430
1820435
1820438
1820443
1820474
1820483
1820589
1820684
1820712
1820732
1820736
1820803
1820804
1820807
1820817
1820829
1820902
1820929
1820950
1820976
1821013
1821045
1821047
1821107
1821137
1821148
1821155
1821158
1821161
1821180
1821232
1821237
1821238
1821242
1821246
1821261
1821264
1821277
1821311
1821351
1821353
1821376
1821380
1821385
1821389
1821392
1821466
1821479
1821485
1821491
1821519
1821574
1821575
1821591
1821600
1821607
1821634
1821668
1821699
1821702
1821705
1821715
1821752
1821810
1821877
1821893
1821906
1821927
1821965
1821996
1822013
1822019
1822027
1822051
1822057
1822109
1822157
1822175
1822227
1822234
1822253
1822276
1822290
1822296
1822344
1822404
1822413
1822440
1822526
1822557
1822574
1822585
1822590
1822624
1822634
1822657
1822777
1822800
1822814
1822874
1822930
1822931
1822941
1822950
1822977
1822990
1823014
1823015
1823053
1823056
1823062
1823070
1823095
1823108
1823173
1823189
1823203
1823219
1823281
1823300
1823312
1823330
1823360
1823378
1823412
1823439
1823471
1823524
1823545
1823552
1823554
1823558
1823621
1823664
1823666
1823672
1823679
1823699
1823716
1823729
1823730
1823731
1823734
1823751
1823755
1823766
1823773
1823792
1823799
1823814
1823838
1823866
1823873
1823908
1823916
1823963
1823994
1824016
1824040
1824086
1824116
1824117
1824158
1824170
1824192
1824198
1824211
1824233
1824255
1824260
1824272
1824275
1824327
1824338
1824343
1824383
1824391
1824403
1824409
1824413
1824421
1824458
1824509
1824619
1824682
1824696
1824726
1824738
1824765
1824771
1824791
1824819
1824863
1824881
1824919
1824939
1824947
1824974
1824977
1825079
1825081
1825126
1825130
1825147
1825215
1825243
1825261
1825265
1825268
1825282
1825286
1825289
1825295
1825327
1825341
1825342
1825352
1825360
1825371
1825376
1825399
1825418
1825440
1825451
1825464
1825474
1825507
1825508
1825514
1825524
1825532
1825568
1825585
1825674
1825704
1825712
1825717
1825733
1825769
1825829
1825832
1825856
1825857
1825873
1825900
1825912
1825919
1825953
1826017
1826021
1826072
1826092
1826104
1826109
1826121
1826156
1826205
1826218
1826227
1826250
1826271
1826274
1826275
1826329
1826335
1826336
1826373
1826402
1826406
1826412
1826421
1826445
1826505
1826517
1826563
1826593
1826623
1826643
1826678
1826680
1826710
1826724
1826743
1826808
1826842
1826892
1826921
1826972
1826974
1826992
1827035
1827036
1827069
1827086
1827173
1827201
1827224
1827235
1827263
1827266
1827287
1827290
1827307
1827321
1827341
1827365
1827404
1827422
1827423
1827442
1827462
1827466
1827472
1827480
1827486
1827537
1827547
1827551
1827570
1827675
1827709
1827789
1827818
1827823
1827830
1827873
1827875
1827882
1827893
1827901
1827922
1827984
1828019
1828048
1828049
1828051
1828063
1828072
1828099
1828171
1828197
1828212
1828217
1828251
1828277
1828287
1828303
1828326
1828335
1828339
1828355
1828372
1828373
1828434
1828436
1828443
1828506
1828536
1828549
1828558
1828603
1828621
1828629
1828635
1828664
1828724
1828780
1828812
1828816
1828823
1828894
1828922
1828932
1828945
1828951
1829008
1829068
1829077
1829097
1829166
1829244
1829275
1829337
1829350
1829366
1829405
1829438
1829451
1829455
1829480
1829482
1829493
1829507
1829526
1829605
1829650
1829673
1829698
1829700
1829728
1829789
1829790
1829824
1829846
1829852
1829884
1829890
1829893
1829898
1829963
1829972
1829986
1830002
1830012
1830018
1830020
1830043
1830097
1830180
1830209
1830215
1830230
1830319
1830320
1830328
1830330
1830334
1830353
1830368
1830369
1830376
1830382
1830400
1830415
1830431
1830442
1830447
1830452
1830460
1830464
1830481
1830490
1830502
1830512
1830528
1830577
1830616
1830628
1830659
1830665
1830683
1830700
1830730
1830755
1830772
1830806
1830815
1830820
1830823
1830875
1830893
1830961
1830988
1830993
1831035
1831036
1831051
1831092
1831098
1831100
1831128
1831138
1831150
1831152
1831162
1831227
1831229
1831248
1831253
1831287
1831312
1831335
1831357
1831375
1831404
1831412
1831437
1831442
1831488
1831506
1831516
1831533
1831552
1831568
1831587
1831605
1831645
1831688
1831695
1831699
1831705
1831750
1831765
1831768
1831773
1831784
1831805
1831825
1831920
1831921
1831922
1831967
1831977
1831980
1832003
1832041
1832083
1832086
1832091
1832108
1832128
1832132
1832151
1832162
1832188
1832204
1832271
1832284
1832318
1832330
1832356
1832381
1832384
1832415
1832442
1832447
1832449
1832451
1832480
1832492
1832495
1832629
1832643
1832657
1832661
1832663
1832701
1832720
1832734
1832752
1832771
1832810
1832820
1832846
1832899
1832951
1832977
1833001
1833007
1833049
1833059
1833098
1833112
1833119
1833140
1833165
1833190
1833204
1833210
1833225
1833228
1833280
1833283
1833290
1833365
1833390
1833406
1833472
1833510
1833525
1833602
1833603
1833606
1833672
1833678
1833714
1833748
1833749
1833765
1833792
1833798
1833813
1833826
1833832
1833850
1833879
1833905
1833920
1833928
1833942
1833946
1833963
1833982
1833987
1834004
1834040
1834069
1834079
1834084
1834091
1834184
1834202
1834217
1834278
1834312
1834321
1834332
1834337
1834341
1834349
1834354
1834356
1834367
1834382
1834417
1834418
1834469
1834520
1834613
1834693
1834705
1834727
1834751
1834776
1834778
1834780
1834797
1834826
1834843
1834847
1834848
1834874
1834879
1834882
1834895
1834896
1834898
1834917
1834918
1834937
1834941
1834954
1834979
1835002
1835016
1835067
1835091
1835097
1835130
1835141
1835154
1835155
1835174
1835189
1835277
1835339
1835351
1835383
1835406
1835409
1835410
1835412
1835447
1835465
1835474
1835498
1835562
1835579
1835592
1835607
1835636
1835640
1835654
1835756
1835758
1835763
1835787
1835822
1835825
1835846
1835862
1835872
1835909
1835927
1835934
1835946
1835972
1836000
1836046
1836064
1836095
1836130
1836161
1836186
1836187
1836189
1836212
1836221
1836230
1836239
1836243
1836280
1836333
1836335
1836355
1836368
1836383
1836390
1836399
1836408
1836453
1836497
1836506
1836531
1836539
1836564
1836569
1836576
1836607
1836646
1836689
1836700
1836707
1836807
1836817
1836822
1836823
1836831
1836834
1836843
1836846
1836992
1836994
1837038
1837099
1837107
1837215
1837225
1837253
1837270
1837281
1837283
1837289
1837307
1837336
1837347
1837369
1837426
1837428
1837512
1837522
1837550
1837562
1837607
1837616
1837624
1837681
1837687
1837699
1837705
1837711
1837731
1837747
1837781
1837793
1837809
1837843
1837848
1837849
1837870
1837874
1837886
1837923
1837948
1837982
1837999
1838040
1838044
1838078
1838093
1838111
1838175
1838176
1838183
1838196
1838198
1838225
1838245
1838300
1838383
1838396
1838421
1838425
1838475
1838478
1838523
1838545
1838592
1838597
1838613
1838617
1838641
1838658
1838693
1838702
1838703
1838709
1838713
1838742
1838776
1838787
1838797
1838808
1838855
1838910
1838952
1839000
1839003
1839007
1839012
1839027
1839051
1839073
1839085
1839196
1839197
1839198
1839224
1839238
1839241
1839271
1839280
1839314
1839331
1839346
1839422
1839485
1839506
1839543
1839557
1839561
1839578
1839603
1839618
1839624
1839625
1839628
1839636
1839644
1839678
1839704
1839708
1839727
1839759
1839761
1839767
1839768
1839780
1839781
1839796
1839805
1839807
1839824
1839896
1839965
1839973
1840028
1840077
1840083
1840091
1840094
1840116
1840128
1840139
1840168
1840194
1840200
1840216
1840249
1840286
1840311
1840317
1840377
1840390
1840400
1840404
1840440
1840444
1840542
1840580
1840592
1840605
1840621
1840629
1840639
1840671
1840689
1840693
1840726
1840727
1840736
1840743
1840756
1840758
1840782
1840790
1840818
1840830
1840837
1840859
1840860
1840878
1840909
1840924
1840931
1840937
1840948
1840967
1841020
1841035
1841056
1841066
1841070
1841096
1841108
1841110
1841191
1841199
1841210
1841228
1841286
1841306
1841317
1841318
1841324
1841411
1841420
1841441
1841452
1841459
1841510
1841520
1841568
1841571
1841595
1841608
1841639
1841678
1841686
1841702
1841728
1841745
1841769
1841777
1841783
1841790
1841792
1841794
1841812
1841814
1841830
1841855
1841857
1841888
1841907
1841921
1841934
1841939
1841962
1842014
1842033
1842108
1842117
1842130
1842170
1842171
1842183
1842187
1842204
1842236
1842242
1842266
1842287
1842335
1842350
1842357
1842374
1842408
1842477
1842498
1842514
1842531
1842569
1842594
1842611
1842631
1842636
1842660
1842674
1842861
1842899
1842900
1842912
1842921
1842949
1842951
1843100
1843117
1843154
1843163
1843197
1843208
1843266
1843285
1843303
1843304
1843306
1843348
1843389
1843394
1843405
1843409
1843432
1843436
1843464
1843514
1843531
1843599
1843630
1843650
1843675
1843677
1843735
1843747
1843762
1843784
1843787
1843790
1843815
1843817
1843820
1843866
1843885
1843918
1843945
1843987
1843993
1843996
1843998
1844014
1844027
1844037
1844045
1844085
1844187
1844213
1844217
1844245
1844249
1844253
1844282
1844296
1844326
1844330
1844387
1844408
1844416
1844444
1844459
1844491
1844523
1844541
1844580
1844594
1844642
1844645
1844648
1844709
1844726
1844741
1844751
1844761
1844784
1844794
1844802
1844828
1844837
1844853
1844859
1844909
1844936
1844955
1844962
1844971
1845009
1845011
1845026
1845048
1845061
1845068
1845111
1845132
1845139
1845141
1845143
1845165
1845171
1845187
1845223
1845227
1845244
1845303
1845304
1845331
1845337
1845366
1845370
1845375
1845405
1845490
1845515
1845517
1845532
1845542
1845545
1845570
1845602
1845617
1845620
1845659
1845660
1845664
1845677
1845680
1845707
1845725
1845756
1845766
1845808
1845826
1845835
1845844
1845854
1845870
1845931
1845953
1845955
1845990
1846002
1846045
1846100
1846140
1846161
1846169
1846190
1846206
1846209
1846213
1846225
1846247
1846267
1846271
1846280
1846283
1846310
1846312
1846397
1846409
1846419
1846512
1846561
1846564
1846582
1846595
1846602
1846626
1846646
1846683
1846691
1846720
1846753
1846758
1846786
1846809
1846810
1846837
1846839
1846854
1846857
1846870
1846876
1846883
1846884
1846905
1846908
1846912
1846937
1846981
1847037
1847039
1847056
1847076
1847085
1847099
1847241
1847282
1847286
1847297
1847301
1847336
1847383
1847478
1847489
1847492
1847547
1847549
1847552
1847610
1847623
1847642
1847691
1847694
1847700
1847721
1847750
1847786
1847798
1847809
1847856
1847858
1847864
1847877
1847936
1847956
1847969
1847980
1848044
1848046
1848061
1848080
1848090
1848102
1848133
1848137
1848139
1848151
1848179
1848183
1848188
1848197
1848198
1848236
1848237
1848248
1848285
1848316
1848343
1848345
1848349
1848382
1848390
1848425
1848452
1848500
1848512
1848523
1848558
1848601
1848622
1848653
1848656
1848689
1848691
1848731
1848734
1848742
1848748
1848787
1848790
1848800
1848803
1848844
1848845
1848906
1848908
1848910
1848921
1848930
1848937
1848949
1848972
1848976
1849010
1849014
1849057
1849077
1849078
1849095
1849128
1849129
1849139
1849163
1849180
1849191
1849192
1849207
1849212
1849222
1849237
1849241
1849277
1849279
1849329
1849379
1849387
1849416
1849427
1849432
1849433
1849437
1849470
1849480
1849488
1849510
1849550
1849559
1849575
1849637
1849643
1849647
1849648
1849663
1849676
1849708
1849721
1849743
1849777
1849814
1849824
1849835
1849837
1849856
1849874
1849914
1849918
1849919
1849942
1849947
1850022
1850080
1850105
1850121
1850124
1850128
1850161
1850176
1850219
1850227
1850245
1850293
1850308
1850335
1850364
1850380
1850410
1850414
1850432
1850462
1850477
1850543
1850549
1850565
1850630
1850639
1850649
1850685
1850686
1850694
1850699
1850725
1850738
1850755
1850803
1850811
1850842
1850872
1850874
1850956
1850957
1850967
1850970
1850984
1851043
1851061
1851064
1851076
1851080
1851112
1851174
1851183
1851208
1851273
1851278
1851288
1851342
1851343
1851351
1851366
1851398
1851413
1851422
1851428
1851432
1851453
1851458
1851474
1851486
1851496
1851505
1851520
1851544
1851565
1851570
1851609
1851614
1851627
1851642
1851669
1851727
1851732
1851736
1851749
1851787
1851799
1851808
1851835
1851843
1851849
1851909
1851924
1852011
1852018
1852029
1852053
1852131
1852138
1852150
1852168
1852179
1852223
1852256
1852269
1852288
1852303
1852316
1852328
1852339
1852345
1852367
1852421
1852452
1852469
1852491
1852494
1852533
1852534
1852615
1852669
1852702
1852725
1852735
1852745
1852794
1852837
1852871
1852895
1853055
1853077
1853115
1853156
1853165
1853177
1853212
1853234
1853236
1853243
1853262
1853276
1853283
1853342
1853352
1853355
1853365
1853397
1853398
1853425
1853437
1853458
1853465
1853470
1853478
1853500
1853502
1853530
1853543
1853544
1853558
1853574
1853577
1853628
1853680
1853705
1853715
1853777
1853781
1853828
1853852
1853855
1853859
1853898
1853972
1853987
1854010
1854021
1854024
1854029
1854036
1854073
1854129
1854166
1854204
1854238
1854306
1854310
1854381
1854422
1854500
1854521
1854538
1854564
1854661
1854693
1854703
1854752
1854764
1854771
1854836
1854867
1854888
1854930
1854957
1855003
1855017
1855023
1855034
1855044
1855061
1855081
1855099
1855100
1855116
1855145
1855154
1855210
1855242
1855270
1855280
1855302
1855314
1855329
1855381
1855394
1855399
1855401
1855422
1855449
1855517
1855557
1855566
1855622
1855673
1855731
1855755
1855766
1855784
1855786
1855794
1855796
1855840
1855862
1855890
1855904
1855911
1855952
1856015
1856074
1856076
1856087
1856146
1856179
1856181
1856230
1856272
1856274
1856277
1856298
1856320
1856336
1856359
1856367
1856379
1856390
1856409
1856512
1856541
1856552
1856563
1856637
1856653
1856658
1856696
1856715
1856730
1856747
1856754
1856761
1856823
1856870
1856898
1856947
1857007
1857008
1857026
1857040
1857097
1857138
1857176
1857199
1857202
1857204
1857252
1857267
1857272
1857284
1857353
1857376
1857380
1857464
1857470
1857487
1857497
1857511
1857520
1857546
1857573
1857574
1857586
1857603
1857611
1857649
1857665
1857682
1857688
1857700
1857752
1857834
1857866
1857876
1857878
1857880
1857894
1857900
1857903
1857906
1857927
1857928
1857953
1858060
1858078
1858118
1858142
1858162
1858205
1858217
1858229
1858284
1858302
1858365
1858366
1858397
1858402
1858424
1858585
1858654
1858702
1858703
1858706
1858720
1858729
1858735
1858737
1858804
1858819
1858873
1858876
1858877
1858896
1858908
1858910
1858944
1858966
1858987
1859015
1859021
1859032
1859045
1859055
1859095
1859120
1859132
1859146
1859157
1859214
1859216
1859370
1859388
1859394
1859396
1859415
1859420
1859493
1859518
1859519
1859546
1859554
1859557
1859612
1859616
1859620
1859649
1859652
1859671
1859681
1859702
1859726
1859738
1859801
1859802
1859810
1859837
1859842
1859853
1859855
1859883
1859888
1859913
1859927
1859938
1859940
1859986
1860019
1860041
1860132
1860174
1860179
1860213
1860224
1860232
1860241
1860379
1860414
1860451
1860495
1860593
1860617
1860653
1860655
1860671
1860700
1860722
1860734
1860753
1860780
1860789
1860865
1860878
1860883
1860922
1860926
1860961
1860964
1860969
1860990
1861002
1861012
1861039
1861042
1861049
1861061
1861103
1861109
1861133
1861155
1861213
1861218
1861236
1861247
1861257
1861309
1861357
1861366
1861370
1861376
1861387
1861391
1861420
1861462
1861475
1861478
1861482
1861521
1861594
1861600
1861620
1861630
1861649
1861663
1861676
1861680
1861690
1861703
1861706
1861712
1861737
1861742
1861764
1861782
1861869
1861878
1861892
1861905
1861907
1861948
1861995
1862006
1862020
1862024
1862048
1862052
1862057
1862088
1862167
1862185
1862186
1862187
1862207
1862234
1862269
1862279
1862306
1862308
1862364
1862418
1862428
1862432
1862504
1862546
1862551
1862556
1862623
1862643
1862686
1862712
1862745
1862747
1862759
1862760
1862777
1862793
1862802
1862813
1862872
1862873
1862887
1862889
1862960
1862993
1862998
1863004
1863014
1863019
1863035
1863045
1863075
1863087
1863095
1863156
1863161
1863168
1863181
1863200
1863201
1863277
1863284
1863289
1863300
1863333
1863340
1863386
1863409
1863429
1863431
1863494
1863552
1863565
1863566
1863574
1863578
1863634
1863691
1863706
1863757
1863792
1863816
1863828
1863848
1863849
1863852
1863882
1863902
1863904
1863918
1863927
1863933
1863959
1863971
1863996
1864024
1864041
1864062
1864066
1864092
1864114
1864123
1864143
1864149
1864163
1864169
1864188
1864191
1864217
1864223
1864252
1864307
1864311
1864357
1864376
1864505
1864519
1864532
1864537
1864555
1864589
1864592
1864594
1864608
1864620
1864643
1864668
1864675
1864693
1864744
1864748
1864751
1864754
1864757
1864776
1864795
1864841
1864858
1864886
1864898
1864960
1864969
1864976
1865008
1865009
1865010
1865070
1865097
1865106
1865127
1865137
1865161
1865200
1865202
1865207
1865229
1865239
1865283
1865322
1865365
1865366
1865396
1865424
1865428
1865441
1865442
1865458
1865490
1865495
1865496
1865514
1865541
1865559
1865581
1865641
1865685
1865687
1865722
1865725
1865728
1865747
1865748
1865756
1865762
1865765
1865802
1865823
1865848
1865870
1865893
1865934
1865937
1865957
1866035
1866051
1866064
1866103
1866105
1866121
1866136
1866149
1866161
1866215
1866270
1866289
1866369
1866388
1866408
1866411
1866416
1866421
1866493
1866504
1866528
1866534
1866565
1866601
1866616
1866628
1866632
1866669
1866680
1866682
1866686
1866737
1866797
1866828
1866839
1866854
1866866
1866953
1866994
1867012
1867033
1867041
1867049
1867050
1867063
1867104
1867147
1867162
1867165
1867176
1867208
1867223
1867233
1867295
1867300
1867307
1867311
1867333
1867336
1867353
1867372
1867375
1867382
1867393
1867404
1867409
1867420
1867424
1867439
1867458
1867484
1867528
1867571
1867586
1867622
1867626
1867637
1867654
1867663
1867668
1867702
1867703
1867740
1867741
1867759
1867796
1867800
1867811
1867835
1867855
1867901
1867910
1867928
1867980
1868028
1868058
1868077
1868115
1868118
1868152
1868183
1868205
1868215
1868240
1868254
1868275
1868305
1868312
1868343
1868362
1868380
1868402
1868408
1868430
1868482
1868499
1868547
1868554
1868590
1868595
1868618
1868637
1868644
1868653
1868662
1868693
1868713
1868735
1868752
1868764
1868772
1868777
1868807
1868808
1868817
1868832
1868857
1868909
1868954
1868958
1868965
1868978
1869023
1869047
1869054
1869058
1869071
1869073
1869098
1869152
1869216
1869239
1869241
1869243
1869273
1869299
1869332
1869377
1869390
1869394
1869409
1869420
1869427
1869444
1869526
1869623
1869655
1869680
1869697
1869720
1869735
1869740
1869747
1869771
1869772
1869781
1869784
1869802
1869814
1869829
1869865
1869874
1869888
1869903
1869920
1869936
1869962
1869974
1869985
1870002
1870045
1870061
1870073
1870083
1870084
1870094
1870096
1870117
1870152
1870162
1870245
1870337
1870391
1870414
1870483
1870494
1870583
1870594
1870622
1870649
1870653
1870695
1870740
1870743
1870750
1870765
1870775
1870839
1870902
1870929
1870950
1870952
1870972
1871036
1871087
1871124
1871126
1871131
1871170
1871177
1871182
1871229
1871299
1871320
1871322
1871347
1871369
1871473
1871492
1871497
1871507
1871531
1871532
1871536
1871550
1871552
1871586
1871602
1871612
1871627
1871644
1871678
1871715
1871716
1871717
1871753
1871777
1871784
1871876
1871879
1871919
1871948
1871991
1872022
1872046
1872054
1872072
1872090
1872138
1872173
1872199
1872230
1872242
1872250
1872251
1872258
1872264
1872295
1872420
1872518
1872525
1872546
1872586
1872591
1872634
1872638
1872699
1872731
1872732
1872775
1872806
1872808
1872822
1872849
1872885
1872893
1872900
1872905
1873003
1873004
1873127
1873137
1873157
1873163
1873180
1873192
1873205
1873209
1873220
1873221
1873260
1873338
1873350
1873402
1873445
1873483
1873487
1873490
1873508
1873510
1873542
1873582
1873597
1873632
1873642
1873645
1873671
1873679
1873688
1873696
1873703
1873714
1873740
1873744
1873750
1873755
1873768
1873853
1873872
1873879
1873915
1873930
1873965
1873997
1874044
1874049
1874063
1874098
1874106
1874118
1874119
1874129
1874141
1874153
1874192
1874204
1874206
1874235
1874261
1874283
1874297
1874301
1874346
1874391
1874398
1874432
1874519
1874559
1874578
1874631
1874633
1874647
1874691
1874696
1874709
1874763
1874792
1874817
1874822
1874828
1874856
1874858
1874865
1874884
1874964
1874970
1875003
1875037
1875049
1875069
1875077
1875111
1875141
1875145
1875147
1875165
1875252
1875319
1875536
1875538
1875560
1875593
1875618
1875671
1875680
1875688
1875699
1875702
1875724
1875731
1875819
1875830
1875864
1875966
1875997
1876000
1876085
1876090
1876147
1876158
1876164
1876173
1876271
1876351
1876353
1876374
1876396
1876408
1876414
1876438
1876443
1876455
1876483
1876492
1876540
1876578
1876671
1876683
1876748
1876752
1876791
1876800
1876821
1876822
1876865
1876878
1876883
1876887
1876924
1876937
1876987
1876998
1877037
1877070
1877090
1877096
1877111
1877126
1877147
1877218
1877335
1877338
1877346
1877351
1877362
1877413
1877416
1877419
1877427
1877512
1877551
1877674
1877687
1877695
1877703
1877767
1877769
1877827
1877860
1877863
1877881
1877905
1877942
1877974
1878000
1878033
1878041
1878074
1878098
1878107
1878135
1878137
1878147
1878162
1878226
1878232
1878234
1878280
1878418
1878419
1878440
1878446
1878459
1878469
1878483
1878518
1878578
1878595
1878598
1878605
1878619
1878632
1878634
1878661
1878677
1878682
1878685
1878689
1878696
1878699
1878754
1878767
1878785
1878798
1878826
1878828
1878933
1878962
1878992
1879026
1879055
1879060
1879089
1879091
1879098
1879134
1879138
1879154
1879165
1879186
1879232
1879282
1879292
1879295
1879348
1879366
1879370
1879395
1879413
1879414
1879426
1879436
1879467
1879479
1879480
1879486
1879488
1879500
1879539
1879564
1879600
1879617
1879643
1879689
1879709
1879729
1879839
1879840
1879842
1879898
1879914
1879942
1879944
1879967
1880072
1880080
1880085
1880117
1880137
1880145
1880198
1880232
1880241
1880251
1880269
1880291
1880369
1880380
1880401
1880415
1880458
1880475
1880478
1880500
1880507
1880551
1880565
1880620
1880661
1880675
1880678
1880681
1880685
1880703
1880753
1880772
1880778
1880829
1880836
1880881
1880897
1880910
1880926
1880944
1880947
1880993
1880996
1881025
1881028
1881060
1881099
1881107
1881110
1881115
1881140
1881186
1881212
1881249
1881275
1881294
1881297
1881313
1881319
1881348
1881350
1881361
1881399
1881401
1881409
1881415
1881419
1881466
1881512
1881517
1881522
1881529
1881565
1881586
1881591
1881593
1881594
1881667
1881670
1881725
1881759
1881778
1881798
1881811
1881826
1881858
1881902
1881951
1882023
1882035
1882044
1882066
1882108
1882157
1882190
1882227
1882233
1882273
1882288
1882309
1882312
1882393
1882413
1882445
1882474
1882485
1882564
1882593
1882611
1882652
1882758
1882775
1882776
1882779
1882789
1882820
1882826
1882854
1882858
1882932
1882945
1882952
1882957
1882972
1882973
1882983
1883002
1883031
1883048
1883063
1883070
1883077
1883080
1883081
1883098
1883099
1883165
1883181
1883196
1883222
1883242
1883267
1883271
1883307
1883326
1883423
1883448
1883457
1883544
1883578
1883587
1883612
1883627
1883650
1883661
1883674
1883702
1883719
1883741
1883769
1883770
1883785
1883807
1883813
1883853
1883885
1883895
1883896
1883939
1883959
1883977
1883980
1884074
1884140
1884146
1884166
1884183
1884231
1884306
1884353
1884359
1884371
1884373
1884418
1884452
1884478
1884483
1884489
1884540
1884541
1884545
1884547
1884627
1884631
1884697
1884720
1884764
1884772
1884828
1884849
1884859
1884862
1884894
1884901
1884960
1884986
1885000
1885013
1885018
1885031
1885052
1885097
1885136
1885177
1885192
1885272
1885300
1885313
1885371
1885400
1885404
1885467
1885474
1885485
1885494
1885501
1885514
1885589
1885619
1885627
1885721
1885729
1885734
1885756
1885784
1885810
1885811
1885851
1885855
1885860
1885881
1885905
1885959
1885961
1886078
1886105
1886108
1886127
1886165
1886176
1886178
1886198
1886201
1886230
1886256
1886259
1886286
1886300
1886302
1886339
1886445
1886457
1886477
1886515
1886534
1886563
1886571
1886580
1886584
1886589
1886680
1886704
1886716
1886753
1886767
1886802
1886805
1886811
1886862
1886868
1886879
1886908
1886924
1886969
1887002
1887022
1887035
1887064
1887067
1887089
1887203
1887298
1887320
1887332
1887346
1887360
1887452
1887468
1887492
1887494
1887553
1887555
1887564
1887575
1887625
1887649
1887656
1887702
1887705
1887709
1887710
1887713
1887753
1887770
1887793
1887807
1887812
1887843
1887848
1887906
1887915
1887962
1888020
1888026
1888028
1888054
1888062
1888063
1888172
1888262
1888280
1888307
1888308
1888362
1888395
1888423
1888489
1888527
1888555
1888610
1888703
1888708
1888741
1888765
1888810
1888823
1888830
1888885
1888894
1888948
1888958
1889012
1889035
1889044
1889060
1889168
1889181
1889192
1889218
1889226
1889300
1889338
1889342
1889361
1889383
1889417
1889446
1889448
1889451
1889470
1889477
1889505
1889636
1889642
1889658
1889700
1889719
1889740
1889755
1889802
1889846
1889863
1889879
1889912
1889947
1889963
1889980
1890004
1890040
1890042
1890057
1890060
1890093
1890100
1890119
1890147
1890170
1890199
1890205
1890218
1890287
1890315
1890392
1890442
1890498
1890539
1890564
1890647
1890667
1890669
1890671
1890676
1890686
1890859
1890861
1890862
1890897
1890906
1890925
1891000
1891003
1891025
1891031
1891048
1891093
1891120
1891125
1891166
1891210
1891231
1891236
1891257
1891283
1891312
1891324
1891333
1891359
1891402
1891414
1891420
1891476
1891509
1891522
1891536
1891630
1891660
1891704
1891727
1891731
1891778
1891828
1891865
1891882
1891902
1891916
1891950
1892027
1892037
1892064
1892137
1892147
1892166
1892215
1892269
1892271
1892283
1892290
1892297
1892299
1892344
1892378
1892460
1892502
1892513
1892539
1892553
1892563
1892585
1892608
1892666
1892671
1892701
1892739
1892808
1892840
1892852
1892855
1892871
1892973
1893004
1893013
1893034
1893047
1893058
1893087
1893105
1893118
1893127
1893135
1893138
1893216
1893218
1893219
1893228
1893239
1893241
1893245
1893324
1893344
1893359
1893415
1893435
1893449
1893460
1893534
1893541
1893553
1893555
1893568
1893581
1893594
1893599
1893622
1893641
1893650
1893666
1893699
1893715
1893723
1893776
1893848
1893864
1893963
1893975
1894004
1894088
1894098
1894127
1894187
1894213
1894223
1894238
1894242
1894245
1894260
1894263
1894268
1894273
1894290
1894295
1894306
1894347
1894377
1894409
1894411
1894417
1894424
1894557
1894579
1894586
1894653
1894662
1894669
1894688
1894704
1894710
1894713
1894732
1894765
1894777
1894783
1894813
1894838
1894849
1894857
1894870
1894896
1894923
1894993
1895028
1895033
1895067
1895129
1895136
1895139
1895140
1895224
1895230
1895244
1895325
1895335
1895345
1895358
1895363
1895378
1895384
1895412
1895420
1895430
1895437
1895469
1895503
1895507
1895511
1895526
1895554
1895576
1895595
1895680
1895704
1895722
1895775
1895814
1895829
1895834
1895841
1895851
1895857
1895905
1896103
1896104
1896110
1896160
1896180
1896192
1896221
1896242
1896310
1896336
1896381
1896406
1896430
1896443
1896481
1896547
1896594
1896609
1896616
1896621
1896622
1896629
1896643
1896678
1896696
1896732
1896758
1896770
1896824
1896858
1896863
1896871
1896876
1896899
1896925
1896935
1896945
1896976
1896995
1897040
1897050
1897083
1897113
1897133
1897173
1897224
1897234
1897261
1897271
1897273
1897279
1897327
1897388
1897402
1897438
1897449
1897473
1897498
1897521
1897532
1897544
1897558
1897613
1897661
1897757
1897785
1897859
1897860
1897876
1897943
1897944
1897953
1897982
1897987
1897992
1898000
1898034
1898052
1898059
1898094
1898149
1898150
1898178
1898210
1898241
1898262
1898307
1898318
1898334
1898347
1898361
1898391
1898487
1898513
1898548
1898566
1898653
1898664
1898707
1898782
1898800
1898816
1898821
1898875
1898892
1898900
1898910
1898931
1898954
1899017
1899057
1899061
1899100
1899118
1899120
1899139
1899233
1899246
1899280
1899288
1899298
1899334
1899336
1899420
1899432
1899454
1899457
1899476
1899502
1899504
1899518
1899568
1899577
1899584
1899633
1899695
1899771
1899795
1899808
1899814
1899841
1899883
1899892
1899934
1899941
1899945
1899978
1899979
1900008
1900094
1900098
1900101
1900135
1900170
1900198
1900217
1900222
1900256
1900294
1900299
1900317
1900388
1900465
1900466
1900478
1900485
1900508
1900569
1900584
1900599
1900622
1900639
1900647
1900648
1900672
1900687
1900711
1900723
1900756
1900757
1900767
1900859
1900862
1900863
1900894
1900924
1900928
1900980
1901007
1901045
1901063
1901078
1901155
1901219
1901240
1901241
1901253
1901263
1901274
1901309
1901347
1901355
1901371
1901378
1901385
1901421
1901427
1901430
1901434
1901443
1901462
1901530
1901531
1901532
1901536
1901543
1901613
1901656
1901722
1901731
1901743
1901829
1901836
1901854
1901920
1901944
1901983
1902004
1902022
1902026
1902032
1902035
1902052
1902061
1902072
1902090
1902146
1902150
1902164
1902175
1902187
1902194
1902224
1902225
1902250
1902267
1902285
1902300
1902320
1902354
1902358
1902361
1902365
1902441
1902453
1902475
1902501
1902512
1902526
1902528
1902534
1902552
1902565
1902570
1902580
1902605
1902622
1902685
1902697
1902734
1902757
1902781
1902795
1902839
1902847
1902848
1902901
1902905
1902924
1902944
1902957
1902980
1903037
1903047
1903086
1903117
1903140
1903161
1903174
1903225
1903235
1903287
1903292
1903311
1903368
1903376
1903451
1903487
1903539
1903552
1903563
1903574
1903615
1903654
1903665
1903683
1903693
1903704
1903724
1903794
1903800
1903801
1903823
1903826
1903855
1903913
1903940
1903950
1903953
1903989
1903991
1904035
1904040
1904089
1904103
1904110
1904115
1904122
1904128
1904137
1904167
1904185
1904194
1904210
1904301
1904323
1904353
1904378
1904382
1904418
1904428
1904439
1904450
1904482
1904497
1904500
1904532
1904580
1904599
1904602
1904613
1904632
1904659
1904737
1904754
1904803
1904806
1904820
1904829
1904877
1904898
1904899
1904922
1904978
1905002
1905065
1905073
1905117
1905121
1905129
1905136
1905210
1905270
1905280
1905286
1905357
1905375
1905380
1905429
1905442
1905447
1905452
1905474
1905563
1905575
1905619
1905645
1905730
1905743
1905754
1905766
1905790
1905799
1905802
1905808
1905814
1905842
1905906
1905952
1905958
1905997
1906045
1906067
1906070
1906082
1906100
1906139
1906197
1906241
1906299
1906341
1906356
1906388
1906427
1906431
1906433
1906448
1906462
1906465
1906480
1906498
1906512
1906525
1906526
1906543
1906551
1906560
1906567
1906610
1906656
1906740
1906742
1906779
1906823
1906874
1906896
1906899
1906915
1906923
1906969
1906983
1907062
1907066
1907131
1907136
1907161
1907177
1907208
1907240
1907241
1907246
1907259
1907272
1907273
1907286
1907287
1907288
1907328
1907329
1907349
1907398
1907423
1907425
1907437
1907458
1907472
1907479
1907502
1907505
1907518
1907519
1907548
1907580
1907581
1907600
1907621
1907643
1907658
1907699
1907700
1907713
1907719
1907730
1907766
1907855
1907877
1907887
1907911
1907925
1907949
1907994
1908003
1908010
1908013
1908021
1908023
1908053
1908094
1908104
1908105
1908242
1908274
1908280
1908301
1908304
1908346
1908383
1908392
1908466
1908483
1908498
1908504
1908516
1908574
1908577
1908592
1908640
1908667
1908671
1908673
1908693
1908699
1908704
1908710
1908716
1908790
1908806
1908817
1908835
1908851
1908953
1908962
1908995
1909023
1909034
1909047
1909064
1909070
1909084
1909109
1909131
1909155
1909192
1909240
1909254
1909274
1909280
1909311
1909324
1909442
1909449
1909451
1909468
1909492
1909508
1909609
1909660
1909679
1909685
1909710
1909717
1909732
1909752
1909818
1909819
1909885
1909896
1909907
1909911
1909927
1909951
1909966
1910007
1910031
1910055
1910061
1910068
1910070
1910118
1910180
1910194
1910259
1910270
1910278
1910283
1910287
1910374
1910388
1910398
1910407
1910418
1910508
1910526
1910541
1910567
1910571
1910606
1910626
1910647
1910656
1910674
1910680
1910708
1910714
1910737
1910750
1910768
1910793
1910797
1910802
1910803
1910812
1910827
1910857
1910863
1910895
1910896
1910988
1910994
1910999
1911005
1911024
1911040
1911071
1911128
1911132
1911210
1911227
1911267
1911287
1911297
1911339
1911387
1911395
1911443
1911467
1911486
1911493
1911509
1911523
1911540
1911672
1911675
1911679
1911692
1911761
1911796
1911797
1911817
1911839
1911856
1911861
1911880
1911882
1911888
1911901
1911955
1911958
1911975
1912062
1912068
1912089
1912129
1912133
1912137
1912196
1912199
1912204
1912244
1912245
1912278
1912285
1912355
1912401
1912405
1912417
1912490
1912524
1912547
1912549
1912570
1912575
1912635
1912680
1912745
1912757
1912785
1912789
1912815
1912856
1912862
1912885
1912915
1912953
1912977
1913005
1913015
1913018
1913046
1913054
1913101
1913123
1913157
1913164
1913178
1913193
1913196
1913207
1913212
1913232
1913238
1913248
1913298
1913313
1913315
1913321
1913324
1913335
1913359
1913398
1913411
1913421
1913474
1913511
1913519
1913522
1913551
1913554
1913558
1913576
1913605
1913632
1913702
1913713
1913731
1913748
1913791
1913815
1913826
1913828
1913841
1913852
1913901
1913923
1913947
1913957
1913961
1914005
1914055
1914119
1914237
1914290
1914293
1914311
1914312
1914372
1914414
1914429
1914437
1914494
1914495
1914580
1914644
1914667
1914728
1914753
1914764
1914823
1914832
1914835
1914846
1914864
1914882
1914904
1914908
1914985
1915034
1915042
1915047
1915084
1915122
1915132
1915180
1915222
1915271
1915285
1915306
1915323
1915350
1915355
1915419
1915425
1915432
1915438
1915439
1915448
1915473
1915537
1915615
1915627
1915638
1915641
1915719
1915738
1915739
1915767
1915800
1915814
1915834
1915866
1915903
1915910
1915923
1915925
1915943
1915956
1916025
1916045
1916054
1916059
1916086
1916094
1916117
1916125
1916136
1916162
1916175
1916182
1916199
1916201
1916230
1916233
1916317
1916327
1916372
1916403
1916423
1916482
1916490
1916526
1916546
1916565
1916654
1916686
1916689
1916705
1916720
1916722
1916730
1916762
1916776
1916782
1916783
1916820
1916827
1916831
1916929
1916939
1916975
1917015
1917096
1917115
1917134
1917143
1917145
1917187
1917194
1917200
1917201
1917230
1917261
1917272
1917278
1917286
1917304
1917316
1917320
1917327
1917369
1917381
1917496
1917501
1917524
1917529
1917564
1917621
1917647
1917731
1917736
1917756
1917758
1917770
1917841
1917864
1917885
1917903
1917906
1917920
1917947
1917963
1917965
1917997
1918044
1918053
1918089
1918126
1918135
1918147
1918240
1918246
1918248
1918254
1918301
1918335
1918340
1918366
1918376
1918446
1918500
1918526
1918534
1918557
1918578
1918588
1918656
1918721
1918761
1918764
1918766
1918779
1918780
1918827
1918850
1918869
1918874
1918914
1918927
1918929
1918954
1918985
1918998
1919003
1919043
1919078
1919112
1919113
1919117
1919141
1919160
1919191
1919211
1919226
1919234
1919236
1919241
1919263
1919279
1919296
1919321
1919454
1919481
1919501
1919510
1919522
1919532
1919547
1919564
1919602
1919622
1919629
1919662
1919665
1919675
1919706
1919716
1919726
1919728
1919738
1919759
1919765
1919867
1919886
1919899
1919900
1919902
1919905
1919911
1919965
1919973
1919987
1919997
1920015
1920023
1920078
1920087
1920113
1920152
1920166
1920177
1920193
1920211
1920235
1920243
1920252
1920294
1920312
1920316
1920347
1920348
1920445
1920456
1920476
1920527
1920562
1920609
1920629
1920676
1920694
1920696
1920697
1920698
1920700
1920731
1920757
1920803
1920876
1920925
1920951
1920966
1920969
1921021
1921036
1921055
1921071
1921085
1921156
1921166
1921168
1921193
1921194
1921236
1921252
1921254
1921280
1921327
1921342
1921361
1921367
1921368
1921384
1921420
1921469
1921494
1921500
1921509
1921587
1921594
1921603
1921610
1921689
1921720
1921732
1921733
1921756
1921778
1921783
1921852
1921924
1922018
1922047
1922066
1922071
1922074
1922083
1922116
1922143
1922151
1922171
1922181
1922196
1922220
1922268
1922269
1922277
1922300
1922302
1922356
1922447
1922461
1922479
1922480
1922514
1922516
1922519
1922536
1922558
1922571
1922591
1922659
1922662
1922665
1922690
1922720
1922738
1922744
1922748
1922749
1922760
1922788
1922798
1922814
1922819
1922830
1922842
1922848
1922863
1922885
1922892
1922898
1922899
1922921
1922926
1922939
1922971
1922986
1922997
1923034
1923038
1923063
1923083
1923122
1923178
1923180
1923205
1923225
1923240
1923278
1923282
1923298
1923309
1923373
1923427
1923442
1923484
1923526
1923530
1923542
1923555
1923559
1923568
1923644
1923716
1923747
1923750
1923814
1923866
1923875
1923918
1923946
1923996
1924039
1924049
1924069
1924078
1924087
1924100
1924129
1924133
1924202
1924206
1924224
1924227
1924306
1924314
1924317
1924342
1924368
1924382
1924407
1924430
1924435
1924451
1924470
1924516
1924523
1924556
1924563
1924580
1924602
1924630
1924652
1924653
1924767
1924786
1924787
1924810
1924818
1924829
1924862
1924864
1924899
1924900
1924952
1924967
1925018
1925108
1925111
1925112
1925115
1925118
1925149
1925163
1925183
1925187
1925244
1925279
1925292
1925320
1925333
1925344
1925357
1925384
1925385
1925436
1925448
1925515
1925559
1925599
1925603
1925610
1925621
1925650
1925760
1925763
1925767
1925771
1925810
1925843
1925915
1926000
1926010
1926022
1926026
1926077
1926095
1926099
1926107
1926137
1926143
1926209
1926228
1926249
1926279
1926319
1926334
1926361
1926388
1926399
1926413
1926493
1926495
1926506
1926556
1926564
1926568
1926584
1926627
1926635
1926645
1926674
1926676
1926693
1926767
1926840
1926857
1926876
1926877
1926906
1926971
1926984
1927009
1927015
1927033
1927059
1927070
1927072
1927112
1927118
1927121
1927133
1927137
1927150
1927280
1927294
1927352
1927373
1927405
1927433
1927517
1927571
1927581
1927589
1927608
1927613
1927616
1927668
1927693
1927721
1927755
1927800
1927837
1927921
1927931
1927949
1927952
1927957
1927965
1928037
1928061
1928087
1928166
1928176
1928236
1928241
1928251
1928256
1928283
1928290
1928298
1928316
1928326
1928330
1928344
1928414
1928428
1928434
1928466
1928476
1928497
1928535
1928566
1928673
1928693
1928765
1928786
1928794
1928857
1928873
1928875
1928904
1928959
1928977
1929033
1929109
1929135
1929158
1929264
1929277
1929280
1929449
1929466
1929497
1929500
1929502
1929525
1929541
1929572
1929590
1929693
1929734
1929776
1929808
1929820
1929833
1929914
1930006
1930027
1930032
1930033
1930042
1930136
1930143
1930157
1930160
1930163
1930202
1930203
1930205
1930207
1930306
1930307
1930353
1930363
1930374
1930444
1930464
1930479
1930495
1930547
1930569
1930610
1930613
1930657
1930677
1930735
1930768
1930782
1930788
1930790
1930806
1930833
1930860
1930863
1930895
1930926
1930951
1930965
1930966
1930969
1931008
1931040
1931065
1931076
1931092
1931119
1931131
1931164
1931166
1931167
1931172
1931252
1931256
1931261
1931308
1931327
1931335
1931338
1931355
1931358
1931361
1931384
1931391
1931409
1931412
1931416
1931439
1931452
1931462
1931472
1931477
1931487
1931500
1931548
1931552
1931581
1931582
1931640
1931651
1931676
1931693
1931739
1931746
1931747
1931748
1931778
1931828
1931832
1931836
1931839
1931868
1931924
1931941
1931946
1931959
1931966
1931993
1932031
1932044
1932082
1932087
1932134
1932207
1932217
1932218
1932226
1932231
1932254
1932289
1932343
1932345
1932368
1932378
1932408
1932440
1932485
1932488
1932505
1932507
1932515
1932521
1932526
1932528
1932529
1932555
1932613
1932619
1932698
1932749
1932753
1932798
1932825
1932829
1932870
1932876
1932887
1932897
1933042
1933094
1933123
1933135
1933183
1933186
1933206
1933212
1933226
1933239
1933254
1933274
1933278
1933310
1933398
1933425
1933436
1933463
1933487
1933498
1933514
1933524
1933547
1933619
1933635
1933649
1933663
1933686
1933719
1933726
1933763
1933769
1933800
1933801
1933843
1933846
1933870
1933890
1933967
1933971
1934010
1934027
1934030
1934039
1934048
1934078
1934112
1934135
1934150
1934158
1934172
1934176
1934189
1934270
1934280
1934281
1934300
1934326
1934341
1934363
1934421
1934435
1934444
1934518
1934523
1934530
1934538
1934540
1934541
1934568
1934596
1934697
1934724
1934730
1934738
1934739
1934749
1934783
1934818
1934835
1934836
1934893
1934904
1934905
1934915
1934928
1934942
1934985
1935015
1935045
1935054
1935093
1935133
1935164
1935218
1935275
1935283
1935389
1935394
1935397
1935411
1935453
1935481
1935485
1935508
1935509
1935520
1935522
1935526
1935567
1935577
1935606
1935610
1935616
1935658
1935665
1935674
1935679
1935684
1935695
1935698
1935765
1935785
1935823
1935839
1935893
1935901
1935913
1935950
1935951
1935960
1935979
1936006
1936036
1936043
1936051
1936069
1936096
1936105
1936106
1936108
1936120
1936123
1936127
1936132
1936138
1936146
1936153
1936159
1936171
1936183
1936235
1936241
1936262
1936266
1936293
1936382
1936400
1936401
1936407
1936414
1936444
1936488
1936526
1936537
1936591
1936592
1936626
1936649
1936695
1936700
1936703
1936722
1936731
1936783
1936807
1936824
1936837
1936865
1936869
1936934
1936945
1936951
1936974
1936995
1937027
1937078
1937091
1937097
1937166
1937182
1937188
1937202
1937205
1937232
1937238
1937255
1937257
1937280
1937304
1937329
1937344
1937395
1937421
1937432
1937442
1937461
1937500
1937535
1937574
1937597
1937648
1937663
1937668
1937677
1937708
1937725
1937734
1937749
1937807
1937845
1937866
1937883
1937919
1937925
1937932
1937937
1937968
1938011
1938027
1938034
1938074
1938118
1938171
1938190
1938210
1938222
1938228
1938232
1938238
1938242
1938252
1938348
1938349
1938357
1938430
1938438
1938492
1938534
1938553
1938566
1938569
1938582
1938584
1938609
1938629
1938634
1938660
1938670
1938691
1938692
1938698
1938800
1938817
1938818
1938861
1938889
1938895
1938901
1938904
1938909
1938923
1938952
1938960
1938988
1939009
1939018
1939021
1939024
1939073
1939113
1939149
1939173
1939214
1939217
1939263
1939264
1939281
1939300
1939341
1939371
1939414
1939488
1939514
1939532
1939543
1939589
1939603
1939611
1939634
1939645
1939647
1939652
1939671
1939681
1939688
1939692
1939720
1939772
1939786
1939798
1939813
1939821
1939866
1939876
1939889
1939893
1939912
1939940
1939951
1940024
1940034
1940038
1940047
1940075
1940098
1940101
1940127
1940135
1940144
1940154
1940193
1940194
1940216
1940239
1940250
1940275
1940304
1940310
1940338
1940346
1940347
1940350
1940407
1940425
1940426
1940447
1940453
1940456
1940473
1940479
1940492
1940511
1940531
1940538
1940555
1940597
1940598
1940612
1940617
1940622
1940635
1940760
1940845
1940876
1940878
1940899
1940913
1940931
1940934
1940939
1941047
1941060
1941082
1941102
1941103
1941255
1941260
1941324
1941332
1941335
1941346
1941355
1941385
1941399
1941405
1941409
1941410
1941436
1941449
1941452
1941478
1941504
1941514
1941564
1941569
1941575
1941595
1941635
1941703
1941714
1941722
1941730
1941746
1941757
1941760
1941828
1941853
1941871
1941930
1941940
1941952
1941957
1941973
1942003
1942014
1942024
1942060
1942096
1942099
1942144
1942163
1942185
1942201
1942235
1942263
1942298
1942300
1942340
1942341
1942347
1942366
1942370
1942375
1942428
1942435
1942439
1942467
1942534
1942548
1942566
1942606
1942611
1942644
1942672
1942679
1942693
1942732
1942734
1942768
1942793
1942829
1942831
1942880
1942896
1942902
1942935
1942976
1943007
1943011
1943014
1943028
1943033
1943042
1943157
1943167
1943172
1943232
1943252
1943258
1943267
1943289
1943296
1943331
1943351
1943364
1943390
1943416
1943489
1943526
1943548
1943593
1943607
1943621
1943676
1943709
1943712
1943723
1943731
1943759
1943780
1943782
1943810
1943851
1943866
1943878
1943913
1943922
1943927
1943929
1943957
1943985
1943990
1944002
1944014
1944021
1944044
1944083
1944089
1944094
1944105
1944114
1944122
1944134
1944204
1944211
1944231
1944257
1944258
1944301
1944338
1944341
1944343
1944409
1944426
1944428
1944441
1944473
1944482
1944490
1944496
1944526
1944527
1944536
1944545
1944557
1944583
1944601
1944607
1944615
1944630
1944665
1944720
1944736
1944737
1944800
1944811
1944843
1944851
1945016
1945027
1945053
1945084
1945086
1945142
1945180
1945222
1945229
1945234
1945237
1945245
1945246
1945250
1945263
1945268
1945270
1945273
1945284
1945292
1945311
1945383
1945411
1945417
1945424
1945464
1945478
1945481
1945519
1945531
1945593
1945595
1945639
1945642
1945665
1945684
1945750
1945770
1945788
1945850
1945863
1945884
1945954
1945957
1945962
1945987
1945990
1946020
1946050
1946055
1946068
1946074
1946088
1946140
1946165
1946180
1946184
1946205
1946218
1946289
1946338
1946343
1946427
1946447
1946500
1946513
1946544
1946574
1946604
1946633
1946714
1946721
1946729
1946743
1946763
1946839
1946849
1946850
1946858
1946867
1946874
1946903
1946926
1946997
1947021
1947040
1947045
1947047
1947141
1947150
1947165
1947175
1947273
1947275
1947416
1947433
1947443
1947488
1947498
1947526
1947571
1947601
1947634
1947662
1947756
1947764
1947766
1947780
1947795
1947806
1947831
1947834
1947848
1947860
1947899
1947907
1947914
1947934
1947961
1947991
1948024
1948056
1948064
1948094
1948121
1948125
1948150
1948208
1948213
1948262
1948331
1948346
1948361
1948391
1948466
1948467
1948474
1948505
1948524
1948627
1948663
1948678
1948711
1948725
1948744
1948768
1948794
1948803
1948814
1948857
1948902
1948958
1948959
1949028
1949068
1949129
1949145
1949154
1949181
1949186
1949201
1949239
1949281
1949283
1949289
1949329
1949355
1949382
1949383
1949385
1949395
1949411
1949412
1949415
1949419
1949434
1949479
1949484
1949509
1949525
1949544
1949546
1949550
1949634
1949743
1949750
1949753
1949841
1949859
1949880
1949903
1949994
1950005
1950091
1950108
1950123
1950148
1950202
1950218
1950225
1950259
1950276
1950282
1950287
1950291
1950309
1950328
1950439
1950457
1950460
1950474
1950497
1950551
1950578
1950593
1950639
1950655
1950666
1950686
1950690
1950704
1950745
1950754
1950790
1950814
1950837
1950854
1950863
1950883
1950905
1950955
1950976
1950986
1951026
1951066
1951119
1951121
1951124
1951137
1951150
1951162
1951173
1951200
1951209
1951216
1951244
1951307
1951326
1951344
1951347
1951367
1951399
1951449
1951454
1951467
1951471
1951509
1951540
1951563
1951576
1951610
1951612
1951618
1951655
1951667
1951674
1951688
1951747
1951775
1951800
1951836
1951838
1951843
1951856
1951861
1951918
1951938
1951948
1951951
1951956
1951960
1951994
1952003
1952014
1952015
1952019
1952052
1952053
1952058
1952089
1952113
1952149
1952150
1952173
1952178
1952179
1952187
1952189
1952239
1952249
1952295
1952312
1952320
1952327
1952355
1952368
1952403
1952404
1952414
1952421
1952459
1952489
1952506
1952511
1952531
1952601
1952607
1952647
1952661
1952679
1952750
1952776
1952784
1952840
1952843
1952949
1952958
1952967
1952999
1953045
1953047
1953078
1953102
1953139
1953276
1953284
1953306
1953357
1953376
1953383
1953387
1953388
1953406
1953429
1953447
1953503
1953510
1953530
1953542
1953623
1953636
1953654
1953667
1953683
1953703
1953709
1953744
1953749
1953785
1953807
1953817
1953818
1953845
1953853
1953894
1953921
1953939
1953951
1953975
1954019
1954020
1954027
1954228
1954295
1954310
1954322
1954337
1954345
1954355
1954396
1954449
1954482
1954484
1954485
1954492
1954537
1954597
1954610
1954621
1954633
1954726
1954732
1954736
1954746
1954755
1954812
1954840
1954925
1954929
1954932
1954937
1954969
1954980
1955024
1955030
1955036
1955043
1955101
1955112
1955115
1955182
1955190
1955204
1955218
1955225
1955229
1955283
1955298
1955312
1955347
1955368
1955372
1955416
1955427
1955441
1955462
1955472
1955477
1955512
1955517
1955537
1955599
1955642
1955670
1955680
1955689
1955717
1955740
1955761
1955769
1955788
1955804
1955859
1955864
1955890
1955937
1955945
1955964
1955971
1955974
1955984
1956011
1956024
1956046
1956068
1956071
1956088
1956093
1956108
1956134
1956135
1956160
1956169
1956199
1956213
1956232
1956235
1956254
1956255
1956272
1956276
1956283
1956296
1956318
1956319
1956321
1956331
1956335
1956396
1956436
1956438
1956439
1956462
1956478
1956503
1956548
1956561
1956595
1956643
1956644
1956666
1956694
1956696
1956709
1956715
1956738
1956742
1956747
1956748
1956757
1956801
1956824
1956828
1956848
1956894
1956920
1956940
1956950
1956963
1956973
1957013
1957058
1957106
1957107
1957133
1957174
1957178
1957182
1957233
1957253
1957262
1957264
1957267
1957336
1957337
1957338
1957352
1957357
1957367
1957383
1957393
1957402
1957408
1957421
1957449
1957481
1957503
1957525
1957535
1957552
1957553
1957561
1957593
1957609
1957624
1957637
1957663
1957715
1957718
1957728
1957774
1957776
1957796
1957798
1957827
1957839
1957840
1957847
1957861
1957873
1957914
1957923
1957926
1957942
1957983
1958012
1958091
1958123
1958226
1958239
1958257
1958264
1958269
1958277
1958298
1958316
1958336
1958369
1958449
1958482
1958490
1958551
1958566
1958590
1958594
1958595
1958608
1958628
1958635
1958664
1958684
1958710
1958714
1958715
1958742
1958761
1958785
1958790
1958855
1958931
1959003
1959014
1959033
1959048
1959071
1959074
1959076
1959081
1959086
1959115
1959124
1959130
1959171
1959194
1959197
1959203
1959234
1959235
1959269
1959314
1959329
1959397
1959404
1959421
1959436
1959440
1959495
1959500
1959552
1959558
1959584
1959592
1959596
1959757
1959773
1959819
1959835
1959841
1959861
1959886
1959907
1959915
1959918
1959931
1959963
1959972
1959976
1959981
1960051
1960063
1960084
1960094
1960121
1960206
1960221
1960234
1960249
1960330
1960372
1960375
1960388
1960398
1960409
1960422
1960448
1960488
1960496
1960509
1960517
1960562
1960573
1960600
1960604
1960622
1960633
1960655
1960697
1960698
1960700
1960713
1960729
1960746
1960774
1960782
1960811
1960819
1960829
1960850
1960863
1960864
1960873
1960892
1960893
1960896
1960898
1960921
1960938
1961024
1961032
1961040
1961045
1961050
1961071
1961089
1961090
1961099
1961104
1961112
1961122
1961154
1961159
1961196
1961211
1961249
1961265
1961267
1961276
1961287
1961347
1961355
1961366
1961373
1961400
1961423
1961428
1961478
1961482
1961545
1961588
1961593
1961615
1961679
1961684
1961688
1961698
1961706
1961714
1961718
1961739
1961744
1961780
1961803
1961834
1961874
1961879
1961889
1961895
1961982
1961995
1962014
1962025
1962054
1962079
1962127
1962158
1962159
1962165
1962194
1962223
1962224
1962236
1962245
1962266
1962278
1962491
1962511
1962514
1962560
1962574
1962578
1962579
1962627
1962693
1962738
1962768
1962778
1962790
1962791
1962793
1962831
1962833
1962846
1962866
1962893
1962941
1962964
1962967
1962991
1962993
1963008
1963036
1963047
1963090
1963114
1963125
1963175
1963177
1963204
1963219
1963256
1963261
1963282
1963286
1963317
1963322
1963411
1963430
1963443
1963447
1963456
1963461
1963478
1963489
1963505
1963517
1963539
1963550
1963583
1963586
1963603
1963641
1963662
1963705
1963785
1963806
1963810
1963858
1963876
1963885
1963890
1963910
1963920
1963945
1963951
1963968
1964039
1964070
1964075
1964083
1964119
1964154
1964175
1964185
1964208
1964213
1964234
1964267
1964284
1964310
1964312
1964318
1964361
1964367
1964427
1964457
1964458
1964466
1964478
1964489
1964518
1964551
1964576
1964583
1964612
1964614
1964661
1964685
1964686
1964688
1964702
1964719
1964724
1964740
1964808
1964844
1964863
1964884
1964898
1964908
1964917
1964998
1965017
1965067
1965092
1965100
1965134
1965161
1965171
1965174
1965188
1965219
1965255
1965265
1965269
1965333
1965364
1965381
1965457
1965468
1965473
1965500
1965561
1965576
1965584
1965609
1965623
1965625
1965667
1965756
1965771
1965790
1965810
1965812
1965832
1965874
1965882
1965889
1965898
1965918
1965921
1965926
1965956
1965968
1965975
1965985
1965992
1965996
1966019
1966092
1966104
1966111
1966121
1966131
1966164
1966197
1966198
1966260
1966287
1966290
1966301
1966317
1966374
1966386
1966462
1966466
1966501
1966506
1966537
1966589
1966616
1966644
1966704
1966707
1966711
1966732
1966752
1966764
1966780
1966852
1966856
1966870
1966886
1966914
1966930
1966940
1967023
1967049
1967062
1967070
1967141
1967151
1967174
1967211
1967218
1967258
1967265
1967318
1967320
1967374
1967452
1967454
1967482
1967495
1967508
1967564
1967642
1967707
1967711
1967714
1967727
1967743
1967771
1967835
1967843
1967859
1967884
1967923
1967985
1968000
1968003
1968013
1968028
1968040
1968041
1968045
1968065
1968067
1968080
1968107
1968112
1968123
1968170
1968229
1968266
1968283
1968306
1968315
1968330
1968386
1968388
1968394
1968407
1968430
1968451
1968458
1968462
1968499
1968518
1968557
1968560
1968593
1968624
1968639
1968653
1968657
1968668
1968681
1968746
1968766
1968792
1968860
1968997
1969021
1969047
1969058
1969122
1969139
1969154
1969174
1969188
1969196
1969201
1969219
1969258
1969269
1969274
1969293
1969319
1969346
1969382
1969409
1969433
1969525
1969529
1969575
1969606
1969618
1969661
1969684
1969685
1969686
1969688
1969709
1969773
1969786
1969793
1969809
1969810
1969848
1969858
1969864
1969894
1969898
1969930
1969958
1970009
1970080
1970096
1970102
1970187
1970222
1970306
1970349
1970356
1970381
1970401
1970482
1970487
1970510
1970519
1970550
1970568
1970627
1970638
1970641
1970650
1970662
1970693
1970700
1970707
1970723
1970747
1970814
1970822
1970868
1970874
1970893
1970909
1970916
1970934
1970952
1970960
1970987
1971073
1971085
1971099
1971128
1971141
1971146
1971154
1971158
1971210
1971216
1971233
1971277
1971340
1971380
1971406
1971408
1971414
1971419
1971439
1971522
1971526
1971528
1971541
1971605
1971625
1971629
1971660
1971718
1971722
1971736
1971762
1971764
1971773
1971826
1971882
1971889
1971922
1972009
1972035
1972116
1972159
1972177
1972255
1972266
1972272
1972287
1972295
1972307
1972325
1972366
1972373
1972400
1972404
1972448
1972460
1972535
1972541
1972630
1972633
1972649
1972665
1972670
1972682
1972695
1972746
1972754
1972818
1972844
1972847
1972855
1972865
1972950
1972963
1972971
1972974
1972985
1972989
1972990
1972996
1973040
1973055
1973080
1973089
1973126
1973159
1973192
1973264
1973269
1973270
1973334
1973359
1973380
1973397
1973400
1973424
1973438
1973494
1973515
1973565
1973570
1973607
1973687
1973779
1973851
1973859
1973877
1973893
1973931
1973978
1974007
1974046
1974052
1974078
1974090
1974101
1974112
1974274
1974306
1974309
1974326
1974391
1974404
1974408
1974416
1974417
1974509
1974518
1974559
1974645
1974696
1974721
1974778
1974841
1974846
1974875
1974879
1974897
1974908
1974949
1974984
1974989
1975031
1975038
1975043
1975046
1975057
1975068
1975121
1975148
1975201
1975216
1975242
1975291
1975305
1975307
1975310
1975311
1975327
1975339
1975418
1975461
1975495
1975541
1975583
1975593
1975604
1975618
1975640
1975642
1975652
1975655
1975661
1975672
1975681
1975710
1975758
1975768
1975827
1975833
1975836
1975864
1975893
1975900
1975903
1975915
1975926
1975947
1975967
1975976
1976020
1976035
1976047
1976049
1976056
1976092
1976129
1976177
1976205
1976219
1976220
1976257
1976319
1976348
1976430
1976504
1976541
1976542
1976547
1976548
1976581
1976658
1976668
1976787
1976794
1976796
1976802
1976863
1977054
1977060
1977084
1977155
1977176
1977177
1977188
1977201
1977202
1977238
1977244
1977269
1977270
1977274
1977283
1977335
1977341
1977346
1977375
1977408
1977415
1977418
1977430
1977498
1977513
1977521
1977537
1977546
1977549
1977637
1977639
1977709
1977757
1977797
1977801
1977837
1977852
1977885
1977887
1977917
1977954
1977955
1978019
1978023
1978053
1978058
1978059
1978116
1978131
1978159
1978222
1978225
1978228
1978336
1978378
1978380
1978382
1978398
1978427
1978430
1978443
1978468
1978476
1978526
1978533
1978542
1978571
1978586
1978605
1978772
1978788
1978873
1978948
1978988
1978989
1979008
1979022
1979032
1979084
1979115
1979136
1979149
1979172
1979175
1979192
1979249
1979266
1979276
1979277
1979283
1979331
1979369
1979384
1979394
1979463
1979472
1979494
1979522
1979539
1979555
1979576
1979577
1979597
1979617
1979663
1979671
1979685
1979801
1979803
1979821
1979931
1979946
1979988
1980006
1980017
1980133
1980153
1980176
1980221
1980225
1980227
1980247
1980298
1980307
1980323
1980348
1980351
1980396
1980428
1980448
1980461
1980470
1980481
1980619
1980713
1980842
1980856
1980893
1980906
1980917
1980927
1980964
1981008
1981030
1981061
1981098
1981126
1981160
1981161
1981164
1981216
1981276
1981309
1981353
1981365
1981380
1981394
1981401
1981421
1981440
1981504
1981514
1981518
1981535
1981550
1981584
1981591
1981600
1981624
1981629
1981640
1981680
1981744
1981755
1981782
1981804
1981832
1981845
1981867
1981882
1981883
1981912
1981925
1982003
1982031
1982049
1982060
1982070
1982090
1982118
1982123
1982126
1982193
1982200
1982214
1982232
1982251
1982263
1982292
1982393
1982395
1982427
1982433
1982440
1982488
1982492
1982496
1982506
1982509
1982539
1982555
1982573
1982610
1982624
1982640
1982641
1982654
1982674
1982724
1982752
1982779
1982815
1982820
1982925
1982927
1982948
1982963
1982968
1983009
1983027
1983120
1983124
1983127
1983132
1983160
1983178
1983188
1983209
1983213
1983249
1983267
1983280
1983364
1983373
1983392
1983405
1983428
1983459
1983503
1983548
1983592
1983601
1983634
1983656
1983698
1983707
1983719
1983726
1983736
1983743
1983760
1983770
1983777
1983792
1983795
1983823
1983890
1983895
1983898
1983919
1983938
1983973
1983984
1983991
1984016
1984023
1984071
1984075
1984081
1984125
1984127
1984136
1984154
1984194
1984252
1984263
1984280
1984297
1984343
1984368
1984395
1984421
1984496
1984512
1984530
1984544
1984576
1984658
1984684
1984686
1984702
1984788
1984878
1984891
1984896
1984936
1984951
1984959
1984964
1984968
1984969
1984996
1985015
1985027
1985031
1985043
1985059
1985061
1985064
1985086
1985114
1985211
1985246
1985272
1985278
1985293
1985330
1985344
1985345
1985346
1985349
1985368
1985420
1985436
1985469
1985538
1985542
1985569
1985571
1985592
1985602
1985618
1985621
1985645
1985657
1985670
1985674
1985728
1985772
1985797
1985841
1985856
1985867
1985906
1985950
1985967
1985979
1986019
1986025
1986035
1986056
1986084
1986119
1986128
1986154
1986171
1986174
1986215
1986240
1986241
1986249
1986256
1986257
1986262
1986284
1986307
1986309
1986332
1986343
1986386
1986409
1986443
1986483
1986505
1986514
1986577
1986584
1986588
1986589
1986593
1986607
1986685
1986702
1986712
1986741
1986770
1986780
1986799
1986808
1986811
1987011
1987057
1987072
1987073
1987129
1987135
1987143
1987159
1987190
1987207
1987213
1987332
1987340
1987349
1987423
1987436
1987438
1987464
1987487
1987518
1987551
1987567
1987572
1987579
1987593
1987603
1987658
1987663
1987681
1987701
1987740
1987748
1987753
1987802
1987861
1987866
1987951
1987955
1988019
1988044
1988047
1988091
1988101
1988106
1988125
1988180
1988182
1988183
1988213
1988233
1988314
1988327
1988343
1988353
1988368
1988378
1988422
1988474
1988488
1988624
1988651
1988737
1988816
1988857
1988876
1988896
1988898
1988900
1988912
1989039
1989042
1989064
1989070
1989112
1989115
1989153
1989161
1989237
1989254
1989265
1989272
1989295
1989316
1989343
1989346
1989349
1989371
1989383
1989387
1989427
1989452
1989467
1989486
1989489
1989496
1989521
1989525
1989588
1989592
1989700
1989763
1989770
1989872
1989884
1989894
1989899
1989912
1989965
1989967
1990031
1990108
1990163
1990168
1990204
1990215
1990217
1990243
1990261
1990303
1990308
1990322
1990324
1990325
1990339
1990368
1990369
1990417
1990456
1990483
1990485
1990527
1990534
1990579
1990633
1990682
1990693
1990776
1990813
1990864
1990868
1990871
1990873
1990903
1990921
1990922
1990932
1990959
1990967
1990968
1990977
1990984
1990995
1991060
1991072
1991091
1991104
1991174
1991182
1991197
1991201
1991202
1991218
1991228
1991278
1991307
1991360
1991361
1991429
1991431
1991486
1991522
1991556
1991571
1991586
1991600
1991618
1991623
1991629
1991670
1991676
1991683
1991690
1991848
1991877
1991881
1991899
1991900
1991927
1991952
1991970
1991993
1992047
1992078
1992083
1992102
1992109
1992145
1992188
1992218
1992244
1992262
1992299
1992351
1992358
1992416
1992431
1992527
1992554
1992559
1992568
1992576
1992602
1992610
1992616
1992622
1992640
1992662
1992682
1992695
1992697
1992707
1992733
1992747
1992790
1992797
1992812
1992828
1992833
1992841
1992885
1992940
1992965
1992996
1993087
1993092
1993103
1993114
1993132
1993147
1993155
1993173
1993197
1993201
1993241
1993259
1993319
1993366
1993376
1993404
1993405
1993445
1993456
1993457
1993463
1993493
1993494
1993521
1993541
1993568
1993610
1993629
1993630
1993658
1993659
1993670
1993677
1993752
1993774
1993787
1993789
1993794
1993819
1993859
1993918
1993922
1993930
1993976
1994000
1994008
1994038
1994092
1994098
1994100
1994102
1994161
1994165
1994192
1994193
1994220
1994245
1994254
1994325
1994339
1994374
1994413
1994414
1994427
1994451
1994465
1994479
1994501
1994505
1994518
1994606
1994633
1994635
1994637
1994663
1994671
1994675
1994690
1994712
1994743
1994750
1994754
1994765
1994767
1994793
1994800
1994802
1994803
1994820
1994854
1994864
1994920
1994935
1994951
1994972
1994986
1995023
1995030
1995043
1995052
1995061
1995062
1995066
1995118
1995121
1995124
1995130
1995131
1995134
1995149
1995183
1995203
1995229
1995255
1995259
1995267
1995291
1995303
1995327
1995361
1995410
1995432
1995469
1995472
1995490
1995498
1995516
1995541
1995587
1995604
1995629
1995643
1995664
1995674
1995683
1995686
1995690
1995697
1995702
1995730
1995743
1995747
1995819
1995829
1995835
1995890
1995941
1995957
1995963
1995964
1995981
1995983
1995990
1996006
1996076
1996099
1996101
1996121
1996136
1996177
1996185
1996209
1996212
1996282
1996320
1996323
1996394
1996421
1996454
1996465
1996469
1996483
1996488
1996510
1996522
1996528
1996554
1996588
1996628
1996649
1996687
1996714
1996728
1996741
1996755
1996759
1996768
1996792
1996804
1996820
1996826
1996845
1996902
1996936
1996944
1996957
1996962
1996965
1996968
1997008
1997012
1997018
1997023
1997150
1997185
1997196
1997210
1997254
1997271
1997305
1997326
1997355
1997427
1997454
1997535
1997539
1997546
1997555
1997627
1997640
1997693
1997732
1997760
1997764
1997780
1997788
1997808
1997876
1997895
1997914
1997937
1997944
1997948
1997956
1997958
1997976
1997996
1998010
1998012
1998013
1998019
1998072
1998102
1998103
1998113
1998164
1998197
1998233
1998270
1998276
1998303
1998313
1998334
1998337
1998363
1998370
1998395
1998458
1998509
1998524
1998531
1998541
1998574
1998586
1998594
1998601
1998616
1998620
1998632
1998663
1998668
1998706
1998715
1998732
1998751
1998799
1998838
1998863
1998864
1998930
1998935
1998937
1998947
1998954
1999004
1999038
1999045
1999057
1999093
1999094
1999107
1999132
1999150
1999163
1999244
1999260
1999275
1999276
1999334
1999340
1999343
1999360
1999363
1999373
1999377
1999407
1999434
1999448
1999540
1999576
1999577
1999732
1999861
1999866
1999891
1999947
1999974
1999976
1999977
1999995
2000052
2000054
2000061
2000062
2000088
2000131
2000150
2000182
2000198
2000202
2000278
2000300
2000347
2000369
2000379
2000385
2000414
2000455
2000462
2000467
2000522
2000539
2000561
2000566
2000589
2000619
2000634
2000683
2000718
2000720
2000860
2000878
2000884
2000899
2000957
2000970
2000977
2000996
2001007
2001022
2001029
2001045
2001057
2001059
2001067
2001099
2001134
2001138
2001156
2001159
2001187
2001191
2001194
2001256
2001272
2001318
2001322
2001332
2001344
2001347
2001369
2001435
2001439
2001440
2001523
2001526
2001554
2001573
2001584
2001606
2001640
2001646
2001682
2001730
2001731
2001783
2001805
2001807
2001840
2001845
2001855
2001860
2001861
2001877
2001916
2001918
2001971
2002005
2002029
2002049
2002052
2002078
2002087
2002112
2002127
2002148
2002150
2002151
2002173
2002235
2002266
2002273
2002274
2002288
2002292
2002324
2002340
2002344
2002392
2002413
2002418
2002432
2002453
2002466
2002547
2002566
2002593
2002635
2002692
2002712
2002730
2002763
2002765
2002883
2002942
2002948
2003007
2003016
2003030
2003061
2003070
2003078
2003117
2003127
2003136
2003137
2003146
2003147
2003270
2003272
2003276
2003305
2003306
2003314
2003325
2003337
2003403
2003493
2003608
2003614
2003621
2003628
2003658
2003708
2003727
2003729
2003763
2003777
2003794
2003799
2003839
2003865
2003891
2003920
2003945
2003972
2003975
2003986
2003988
2004004
2004023
2004113
2004115
2004122
2004125
2004146
2004151
2004152
2004187
2004188
2004189
2004199
2004215
2004234
2004245
2004251
2004285
2004290
2004347
2004381
2004419
2004424
2004436
2004461
2004495
2004504
2004523
2004530
2004550
2004567
2004615
2004616
2004645
2004699
2004757
2004771
2004792
2004816
2004830
2004835
2004838
2004857
2004859
2004862
2004876
2004889
2004903
2004920
2004921
2004922
2004931
2004937
2004945
2004948
2004974
2004993
2005024
2005055
2005087
2005114
2005170
2005194
2005217
2005228
2005250
2005306
2005309
2005327
2005372
2005389
2005401
2005448
2005502
2005538
2005546
2005554
2005576
2005617
2005622
2005643
2005688
2005698
2005700
2005701
2005712
2005737
2005750
2005821
2005835
2005873
2005882
2005914
2005939
2005973
2006009
2006016
2006051
2006061
2006094
2006101
2006111
2006214
2006225
2006237
2006239
2006254
2006302
2006312
2006328
2006331
2006340
2006359
2006413
2006420
2006440
2006444
2006456
2006484
2006497
2006524
2006560
2006655
2006683
2006692
2006696
2006722
2006733
2006740
2006765
2006778
2006828
2006832
2006845
2006849
2006859
2006861
2006877
2006895
2006898
2006902
2006942
2006968
2006970
2007003
2007004
2007040
2007057
2007059
2007096
2007099
2007106
2007108
2007113
2007142
2007178
2007184
2007234
2007240
2007241
2007249
2007261
2007282
2007287
2007290
2007292
2007324
2007336
2007341
2007376
2007409
2007410
2007452
2007462
2007491
2007497
2007546
2007550
2007591
2007627
2007653
2007663
2007682
2007711
2007720
2007733
2007735
2007759
2007786
2007788
2007793
2007826
2007827
2007841
2007861
2007894
2007899
2007919
2007921
2007928
2008006
2008014
2008031
2008033
2008062
2008106
2008179
2008208
2008209
2008225
2008241
2008245
2008271
2008292
2008332
2008337
2008370
2008400
2008416
2008451
2008494
2008500
2008537
2008546
2008569
2008583
2008627
2008636
2008671
2008681
2008721
2008739
2008748
2008854
2008861
2008865
2008875
2008882
2008899
2008920
2009035
2009042
2009065
2009093
2009138
2009185
2009219
2009230
2009254
2009318
2009330
2009344
2009388
2009405
2009432
2009443
2009446
2009453
2009510
2009553
2009621
2009632
2009647
2009695
2009710
2009763
2009804
2009817
2009819
2009821
2009835
2009836
2009972
2009978
2010009
2010030
2010061
2010105
2010119
2010133
2010145
2010184
2010190
2010199
2010211
2010222
2010250
2010254
2010260
2010274
2010295
2010300
2010326
2010342
2010350
2010362
2010511
2010521
2010522
2010557
2010569
2010574
2010588
2010658
2010680
2010704
2010718
2010786
2010797
2010801
2010813
2010830
2010856
2010885
2010930
2010935
2010963
2010972
2010994
2011001
2011082
2011092
2011137
2011152
2011174
2011181
2011185
2011190
2011233
2011242
2011247
2011335
2011386
2011477
2011487
2011493
2011516
2011520
2011545
2011633
2011655
2011668
2011707
2011755
2011766
2011821
2011833
2011842
2011865
2011871
2011954
2011960
2011974
2011998
2012018
2012071
2012099
2012115
2012154
2012184
2012194
2012203
2012250
2012266
2012269
2012283
2012288
2012299
2012316
2012351
2012393
2012456
2012457
2012467
2012489
2012507
2012540
2012564
2012579
2012590
2012718
2012779
2012794
2012799
2012824
2012839
2012840
2012855
2012933
2012937
2013053
2013128
2013158
2013199
2013223
2013290
2013334
2013377
2013379
2013415
2013437
2013463
2013495
2013513
2013519
2013600
2013612
2013628
2013642
2013667
2013744
2013770
2013779
2013797
2013805
2013822
2013824
2013834
2013838
2013847
2013895
2013897
2013925
2013970
2013983
2014013
2014023
2014027
2014099
2014145
2014175
2014202
2014207
2014209
2014219
2014222
2014225
2014256
2014289
2014328
2014329
2014337
2014348
2014353
2014378
2014420
2014461
2014473
2014498
2014509
2014512
2014517
2014536
2014563
2014591
2014619
2014625
2014678
2014704
2014706
2014713
2014752
2014756
2014803
2014814
2014827
2014834
2014838
2014856
2014883
2014892
2014893
2014903
2014921
2014926
2014941
2014948
2015038
2015047
2015051
2015053
2015056
2015137
2015200
2015233
2015293
2015298
2015308
2015363
2015382
2015406
2015419
2015486
2015542
2015552
2015556
2015564
2015566
2015582
2015632
2015674
2015678
2015698
2015738
2015742
2015752
2015776
2015780
2015809
2015810
2015867
2015874
2015884
2015934
2015955
2015960
2015971
2015995
2016049
2016054
2016146
2016185
2016205
2016208
2016231
2016237
2016240
2016259
2016283
2016286
2016293
2016367
2016368
2016369
2016431
2016482
2016489
2016536
2016596
2016622
2016677
2016688
2016702
2016709
2016715
2016768
2016770
2016772
2016793
2016800
2016838
2016839
2016864
2016900
2016930
2016956
2016962
2016996
2017031
2017092
2017116
2017182
2017183
2017241
2017296
2017299
2017416
2017444
2017539
2017556
2017580
2017656
2017777
2017798
2017808
2017823
2017824
2017851
2017910
2017923
2017970
2018037
2018102
2018160
2018180
2018202
2018208
2018241
2018258
2018259
2018270
2018404
2018415
2018441
2018450
2018493
2018513
2018519
2018574
2018632
2018650
2018651
2018676
2018678
2018682
2018752
2018764
2018770
2018800
2018823
2018868
2018924
2018925
2018930
2018950
2018979
2019014
2019036
2019040
2019042
2019047
2019097
2019105
2019154
2019187
2019244
2019307
2019349
2019383
2019388
2019408
2019489
2019493
2019508
2019510
2019564
2019566
2019572
2019633
2019647
2019658
2019660
2019669
2019685
2019707
2019732
2019742
2019767
2019770
2019773
2019781
2019803
2019810
2019856
2019885
2019925
2019956
2019974
2019977
2019982
2019984
2020022
2020024
2020027
2020037
2020056
2020066
2020068
2020069
2020080
2020083
2020084
2020114
2020138
2020157
2020164
2020170
2020179
2020182
2020186
2020235
2020241
2020253
2020271
2020290
2020293
2020353
2020361
2020365
2020370
2020371
2020383
2020401
2020437
2020438
2020484
2020543
2020550
2020558
2020574
2020640
2020652
2020662
2020689
2020804
2020809
2020865
2020870
2020877
2020884
2020915
2020946
2020967
2021005
2021016
2021039
2021058
2021096
2021103
2021109
2021118
2021127
2021163
2021166
2021213
2021234
2021250
2021293
2021295
2021314
2021335
2021402
2021480
2021509
2021517
2021519
2021543
2021608
2021642
2021663
2021669
2021674
2021694
2021706
2021718
2021727
2021728
2021729
2021816
2021821
2021848
2021849
2021915
2021916
2021924
2021929
2021931
2021946
2021962
2022029
2022035
2022048
2022075
2022120
2022192
2022195
2022211
2022219
2022267
2022303
2022368
2022404
2022409
2022424
2022428
2022430
2022445
2022484
2022507
2022538
2022623
2022631
2022712
2022724
2022759
2022761
2022762
2022790
2022811
2022845
2022852
2022867
2022944
2022968
2022982
2022999
2023006
2023029
2023065
2023110
2023121
2023138
2023148
2023167
2023170
2023190
2023207
2023232
2023261
2023275
2023282
2023411
2023432
2023449
2023469
2023493
2023560
2023583
2023620
2023623
2023627
2023680
2023682
2023683
2023710
2023713
2023743
2023789
2023794
2023802
2023811
2023815
2023824
2023890
2023898
2023924
2023969
2023986
2024009
2024041
2024045
2024051
2024062
2024084
2024103
2024110
2024122
2024143
2024149
2024151
2024167
2024190
2024205
2024229
2024232
2024233
2024244
2024255
2024271
2024289
2024294
2024309
2024330
2024346
2024361
2024383
2024408
2024424
2024436
2024450
2024453
2024489
2024490
2024515
2024525
2024538
2024543
2024557
2024563
2024593
2024603
2024638
2024645
2024657
2024722
2024744
2024763
2024778
2024802
2024854
2024858
2024863
2024868
2024876
2024882
2024888
2024933
2024937
2024974
2024977
2024992
2025005
2025016
2025018
2025020
2025048
2025050
2025076
2025212
2025214
2025223
2025278
2025291
2025376
2025378
2025380
2025422
2025475
2025504
2025535
2025543
2025545
2025555
2025587
2025601
2025625
2025661
2025663
2025682
2025692
2025788
2025797
2025823
2025857
2025873
2025880
2025914
2025917
2025995
2026002
2026011
2026047
2026049
2026120
2026134
2026148
2026162
2026165
2026191
2026212
2026226
2026234
2026317
2026351
2026365
2026457
2026464
2026536
2026573
2026586
2026590
2026612
2026634
2026637
2026643
2026679
2026692
2026729
2026767
2026769
2026806
2026847
2026850
2026874
2026905
2026927
2026932
2026958
2026963
2026973
2026986
2027009
2027010
2027024
2027028
2027038
2027062
2027077
2027087
2027096
2027127
2027210
2027230
2027239
2027254
2027324
2027329
2027401
2027449
2027458
2027486
2027504
2027526
2027541
2027578
2027585
2027602
2027626
2027662
2027714
2027723
2027730
2027737
2027746
2027782
2027803
2027832
2027839
2027865
2027880
2027885
2027910
2027919
2027923
2027936
2027950
2027977
2028062
2028116
2028126
2028136
2028161
2028180
2028185
2028193
2028225
2028226
2028230
2028233
2028265
2028270
2028312
2028321
2028369
2028370
2028371
2028413
2028477
2028523
2028530
2028558
2028649
2028714
2028726
2028728
2028759
2028770
2028776
2028813
2028815
2028828
2028834
2028858
2028864
2028886
2028906
2028914
2028922
2028924
2028956
2028997
2028999
2029002
2029031
2029070
2029113
2029157
2029165
2029167
2029179
2029180
2029187
2029207
2029228
2029248
2029256
2029295
2029325
2029333
2029341
2029375
2029394
2029403
2029429
2029431
2029444
2029510
2029519
2029527
2029589
2029592
2029610
2029628
2029650
2029651
2029660
2029665
2029676
2029726
2029745
2029756
2029801
2029814
2029839
2029840
2029869
2029878
2029902
2029927
2029960
2030033
2030059
2030134
2030147
2030175
2030178
2030193
2030202
2030211
2030213
2030222
2030224
2030240
2030248
2030254
2030266
2030284
2030303
2030327
2030344
2030411
2030415
2030425
2030465
2030512
2030524
2030529
2030572
2030581
2030596
2030622
2030633
2030698
2030709
2030729
2030769
2030785
2030794
2030867
2030869
2030870
2030877
2030880
2030934
2030974
2030983
2031004
2031041
2031062
2031078
2031109
2031122
2031127
2031134
2031181
2031190
2031197
2031203
2031204
2031208
2031222
2031260
2031321
2031354
2031455
2031491
2031493
2031500
2031502
2031509
2031514
2031673
2031679
2031689
2031708
2031713
2031739
2031802
2031809
2031812
2031835
2031849
2031903
2031914
2031922
2031923
2031928
2031937
2031981
2031989
2032027
2032032
2032039
2032062
2032100
2032106
2032122
2032161
2032192
2032215
2032329
2032341
2032387
2032416
2032420
2032456
2032533
2032566
2032588
2032633
2032643
2032671
2032682
2032683
2032700
2032723
2032745
2032754
2032784
2032842
2032847
2032848
2032906
2032950
2032973
2032993
2032996
2033034
2033092
2033109
2033119
2033131
2033138
2033144
2033152
2033163
2033180
2033184
2033234
2033255
2033261
2033267
2033271
2033272
2033307
2033319
2033403
2033428
2033483
2033507
2033517
2033545
2033561
2033573
2033598
2033631
2033636
2033644
2033681
2033804
2033857
2033861
2033866
2033883
2033961
2033963
2034009
2034061
2034098
2034105
2034126
2034154
2034239
2034248
2034258
2034291
2034313
2034328
2034351
2034370
2034434
2034439
2034449
2034467
2034522
2034534
2034544
2034552
2034560
2034565
2034570
2034574
2034576
2034630
2034659
2034690
2034734
2034736
2034751
2034790
2034811
2034815
2034846
2034848
2034862
2034864
2034893
2034912
2034920
2034923
2034942
2034951
2035012
2035036
2035038
2035041
2035043
2035070
2035092
2035134
2035173
2035179
2035207
2035214
2035243
2035263
2035269
2035308
2035309
2035331
2035366
2035377
2035413
2035420
2035449
2035467
2035542
2035547
2035550
2035551
2035552
2035579
2035591
2035610
2035648
2035668
2035673
2035714
2035749
2035752
2035764
2035786
2035795
2035800
2035801
2035807
2035825
2035852
2035862
2035883
2035892
2035914
2035949
2035983
2036012
2036014
2036021
2036025
2036106
2036113
2036119
2036262
2036280
2036312
2036323
2036326
2036331
2036333
2036338
2036349
2036359
2036397
2036402
2036459
2036472
2036474
2036509
2036530
2036548
2036570
2036581
2036585
2036600
2036631
2036659
2036674
2036681
2036686
2036710
2036729
2036758
2036822
2036843
2036854
2036856
2036863
2036871
2036887
2036902
2036907
2036939
2036956
2036983
2036988
2036993
2037007
2037009
2037032
2037054
2037074
2037088
2037110
2037130
2037148
2037205
2037343
2037344
2037365
2037401
2037414
2037417
2037455
2037459
2037545
2037570
2037605
2037651
2037654
2037702
2037728
2037786
2037816
2037817
2037828
2037933
2038016
2038071
2038144
2038178
2038216
2038292
2038293
2038615
2038619
2038633
2038650
2038702
2038778
2038788
2038796
2038851
2038868
2038901
2038902
2038905
2038932
2038942
2038951
2038965
2038966
2039003
2039010
2039016
2039017
2039035
2039069
2039099
2039124
2039142
2039143
2039152
2039167
2039181
2039183
2039187
2039238
2039249
2039275
2039284
2039301
2039314
2039316
2039370
2039373
2039388
2039393
2039428
2039449
2039451
2039495
2039516
2039527
2039530
2039534
2039536
2039593
2039605
2039638
2039717
2039731
2039736
2039764
2039770
2039828
2039922
2039972
2039988
2040004
2040014
2040024
2040058
2040099
2040117
2040146
2040174
2040197
2040216
2040220
2040222
2040243
2040274
2040280
2040292
2040300
2040307
2040342
2040351
2040400
2040443
2040454
2040464
2040482
2040483
2040586
2040595
2040616
2040676
2040701
2040702
2040768
2040805
2040885
2040908
2040911
2040933
2040960
2040993
2041012
2041098
2041140
2041153
2041160
2041165
2041189
2041202
2041206
2041209
2041234
2041238
2041239
2041244
2041255
2041263
2041308
2041321
2041355
2041368
2041385
2041433
2041445
2041447
2041520
2041523
2041549
2041565
2041592
2041596
2041613
2041638
2041665
2041674
2041677
2041678
2041721
2041742
2041751
2041761
2041764
2041824
2041857
2041866
2041877
2041899
2041911
2041958
2041964
2042044
2042097
2042111
2042121
2042132
2042140
2042142
2042189
2042200
2042206
2042247
2042315
2042344
2042359
2042426
2042443
2042451
2042476
2042494
2042566
2042569
2042645
2042664
2042720
2042750
2042758
2042799
2042831
2042862
2042880
2042910
2042979
2043003
2043005
2043025
2043026
2043038
2043051
2043060
2043065
2043076
2043097
2043101
2043125
2043137
2043145
2043148
2043158
2043177
2043187
2043239
2043241
2043273
2043274
2043353
2043427
2043455
2043462
2043531
2043555
2043640
2043664
2043675
2043701
2043775
2043783
2043793
2043796
2043799
2043830
2043831
2043845
2043880
2043886
2043891
2043904
2043931
2043969
2044011
2044063
2044080
2044083
2044110
2044118
2044121
2044132
2044133
2044148
2044187
2044220
2044237
2044244
2044254
2044270
2044286
2044306
2044321
2044322
2044331
2044338
2044365
2044369
2044417
2044451
2044464
2044482
2044487
2044500
2044527
2044546
2044586
2044621
2044627
2044639
2044667
2044682
2044691
2044696
2044727
2044745
2044746
2044754
2044802
2044876
2044925
2044928
2044933
2045035
2045055
2045057
2045062
2045087
2045089
2045131
2045160
2045175
2045191
2045209
2045211
2045247
2045283
2045355
2045410
2045420
2045426
2045484
2045495
2045498
2045515
2045525
2045612
2045618
2045709
2045756
2045766
2045785
2045787
2045802
2045839
2045844
2045850
2045863
2045874
2045915
2045975
2045982
2045996
2046002
2046020
2046042
2046061
2046066
2046074
2046083
2046108
2046124
2046165
2046193
2046203
2046215
2046216
2046217
2046237
2046240
2046282
2046328
2046334
2046385
2046400
2046416
2046419
2046486
2046505
2046515
2046542
2046548
2046563
2046564
2046579
2046625
2046641
2046642
2046712
2046732
2046743
2046821
2046862
2046864
2046868
2046881
2046897
2046898
2046961
2046985
2046995
2047007
2047055
2047137
2047143
2047156
2047168
2047211
2047233
2047280
2047319
2047375
2047408
2047414
2047418
2047421
2047425
2047455
2047472
2047512
2047527
2047552
2047557
2047561
2047570
2047578
2047581
2047590
2047608
2047676
2047704
2047735
2047741
2047751
2047755
2047779
2047838
2047879
2047883
2047893
2047898
2047940
2047984
2048021
2048068
2048071
2048079
2048088
2048100
2048204
2048237
2048303
2048316
2048324
2048331
2048372
2048383
2048409
2048419
2048489
2048570
2048575
2048612
2048619
2048621
2048655
2048673
2048674
2048686
2048721
2048729
2048735
2048740
2048772
2048793
2048794
2048814
2048858
2048866
2048871
2048873
2048925
2048934
2048946
2048965
2048973
2049034
2049054
2049067
2049077
2049091
2049097
2049105
2049112
2049120
2049134
2049146
2049151
2049161
2049171
2049174
2049312
2049320
2049334
2049425
2049441
2049455
2049459
2049460
2049500
2049526
2049547
2049564
2049575
2049604
2049607
2049646
2049655
2049694
2049754
2049785
2049843
2049876
2049890
2049892
2049893
2049913
2049940
2050008
2050013
2050041
2050044
2050088
2050130
2050138
2050167
2050170
2050203
2050220
2050222
2050231
2050236
2050262
2050313
2050319
2050328
2050414
2050468
2050486
2050494
2050536
2050537
2050602
2050607
2050625
2050663
2050664
2050689
2050718
2050762
2050808
2050828
2050851
2050898
2050961
2051015
2051032
2051039
2051043
2051063
2051092
2051117
2051119
2051195
2051212
2051293
2051295
2051299
2051313
2051314
2051319
2051327
2051407
2051420
2051436
2051459
2051460
2051489
2051490
2051498
2051513
2051529
2051580
2051597
2051632
2051658
2051659
2051675
2051784
2051804
2051813
2051841
2051878
2052030
2052108
2052110
2052139
2052157
2052177
2052209
2052258
2052259
2052268
2052288
2052292
2052316
2052347
2052447
2052477
2052531
2052576
2052579
2052586
2052598
2052626
2052642
2052712
2052731
2052753
2052807
2052834
2052904
2052945
2052986
2052989
2053016
2053020
2053049
2053080
2053089
2053101
2053118
2053119
2053199
2053219
2053231
2053243
2053247
2053265
2053354
2053405
2053483
2053526
2053602
2053628
2053731
2053769
2053787
2053824
2053870
2053944
2053965
2053966
2054038
2054053
2054093
2054095
2054190
2054274
2054275
2054278
2054328
2054367
2054371
2054386
2054387
2054388
2054411
2054457
2054490
2054519
2054520
2054564
2054578
2054586
2054612
2054623
2054624
2054691
2054697
2054718
2054742
2054790
2054795
2054889
2054900
2054919
2054922
2054948
2055039
2055045
2055064
2055123
2055132
2055154
2055155
2055184
2055186
2055196
2055218
2055230
2055236
2055240
2055242
2055288
2055349
2055361
2055366
2055380
2055412
2055413
2055427
2055488
2055500
2055501
2055548
2055584
2055598
2055602
2055608
2055619
2055688
2055701
2055718
2055755
2055760
2055776
2055786
2055793
2055873
2055925
2055931
2055933
2055937
2055951
2055973
2055978
2055993
2056008
2056032
2056059
2056083
2056099
2056105
2056130
2056211
2056234
2056246
2056275
2056359
2056365
2056375
2056389
2056394
2056456
2056470
2056604
2056615
2056631
2056633
2056638
2056643
2056688
2056704
2056741
2056753
2056780
2056791
2056815
2056818
2056896
2056899
2056932
2056937
2056945
2056979
2056983
2057008
2057019
2057059
2057061
2057157
2057164
2057165
2057187
2057201
2057209
2057211
2057231
2057235
2057240
2057247
2057323
2057324
2057421
2057431
2057448
2057491
2057497
2057514
2057574
2057587
2057589
2057599
2057614
2057721
2057732
2057742
2057747
2057810
2057821
2057866
2057887
2057907
2057944
2057956
2057958
2058034
2058046
2058055
2058061
2058064
2058077
2058100
2058126
2058144
2058186
2058197
2058199
2058201
2058202
2058216
2058244
2058314
2058345
2058352
2058378
2058474
2058475
2058489
2058531
2058534
2058553
2058573
2058610
2058633
2058641
2058648
2058649
2058653
2058679
2058705
2058725
2058730
2058731
2058738
2058753
2058764
2058841
2058853
2058857
2058924
2058963
2058968
2058973
2058999
2059016
2059034
2059037
2059086
2059098
2059102
2059123
2059134
2059152
2059177
2059202
2059207
2059222
2059264
2059273
2059308
2059323
2059329
2059339
2059359
2059387
2059392
2059458
2059463
2059532
2059536
2059594
2059619
2059654
2059681
2059686
2059693
2059736
2059739
2059755
2059792
2059806
2059864
2059911
2059915
2059920
2059937
2059983
2059993
2060015
2060071
2060088
2060093
2060107
2060116
2060245
2060255
2060257
2060268
2060277
2060317
2060322
2060334
2060336
2060354
2060367
2060372
2060374
2060387
2060410
2060459
2060479
2060503
2060512
2060529
2060530
2060552
2060564
2060567
2060569
2060613
2060618
2060652
2060699
2060720
2060740
2060754
2060789
2060791
2060825
2060841
2060843
2060875
2060894
2060903
2060914
2061013
2061020
2061030
2061105
2061132
2061178
2061230
2061233
2061259
2061273
2061300
2061301
2061315
2061332
2061337
2061349
2061363
2061389
2061393
2061406
2061409
2061422
2061438
2061440
2061478
2061545
2061554
2061558
2061582
2061624
2061634
2061639
2061688
2061738
2061787
2061826
2061830
2061831
2061844
2061862
2061899
2061911
2061927
2061930
2061980
2061984
2062055
2062096
2062130
2062153
2062189
2062192
2062205
2062219
2062220
2062243
2062261
2062275
2062277
2062305
2062332
2062348
2062351
2062403
2062439
2062491
2062544
2062547
2062596
2062618
2062630
2062632
2062685
2062695
2062735
2062759
2062782
2062795
2062798
2062863
2062865
2062929
2062986
2062988
2063010
2063031
2063034
2063044
2063127
2063138
2063150
2063249
2063252
2063253
2063258
2063267
2063296
2063299
2063310
2063439
2063471
2063535
2063570
2063596
2063604
2063636
2063648
2063653
2063658
2063671
2063686
2063754
2063763
2063771
2063800
2063807
2063879
2063895
2063933
2063962
2063976
2064003
2064010
2064042
2064090
2064144
2064181
2064201
2064202
2064211
2064232
2064267
2064296
2064303
2064317
2064321
2064328
2064336
2064371
2064396
2064400
2064433
2064456
2064487
2064541
2064558
2064621
2064698
2064726
2064729
2064755
2064776
2064807
2064817
2064848
2064872
2064879
2064897
2064911
2064939
2064940
2064976
2065089
2065101
2065145
2065308
2065359
2065364
2065390
2065400
2065406
2065421
2065424
2065428
2065449
2065450
2065471
2065490
2065494
2065500
2065504
2065508
2065536
2065549
2065553
2065596
2065611
2065614
2065624
2065629
2065640
2065652
2065660
2065665
2065714
2065724
2065757
2065768
2065788
2065799
2065801
2065811
2065823
2065838
2065881
2065920
2065922
2065936
2065944
2065954
2065979
2065992
2066018
2066030
2066054
2066087
2066094
2066096
2066125
2066133
2066149
2066176
2066210
2066253
2066290
2066346
2066351
2066425
2066430
2066438
2066539
2066564
2066582
2066583
2066604
2066614
2066633
2066638
2066691
2066725
2066730
2066796
2066800
2066838
2066844
2066855
2066890
2066891
2066900
2066919
2066933
2066970
2066971
2066992
2067035
2067053
2067061
2067103
2067129
2067160
2067161
2067176
2067189
2067190
2067192
2067205
2067213
2067274
2067319
2067342
2067381
2067383
2067388
2067395
2067412
2067447
2067455
2067518
2067591
2067601
2067657
2067662
2067666
2067667
2067694
2067727
2067735
2067740
2067742
2067770
2067776
2067789
2067820
2067832
2067835
2067881
2067890
2067894
2067901
2067909
2067912
2067922
2067924
2067937
2067970
2067988
2068005
2068012
2068058
2068108
2068128
2068132
2068185
2068197
2068207
2068268
2068344
2068360
2068368
2068374
2068432
2068439
2068474
2068549
2068582
2068583
2068606
2068627
2068644
2068667
2068688
2068752
2068763
2068778
2068788
2068823
2068903
2068938
2068963
2068993
2069005
2069013
2069017
2069084
2069092
2069109
2069145
2069226
2069272
2069276
2069318
2069321
2069324
2069341
2069342
2069344
2069346
2069349
2069369
2069376
2069425
2069428
2069464
2069470
2069516
2069531
2069558
2069575
2069584
2069622
2069633
2069683
2069686
2069693
2069708
2069714
2069755
2069783
2069796
2069805
2069821
2069832
2069913
2069944
2069947
2069974
2070018
2070039
2070060
2070094
2070106
2070128
2070145
2070191
2070224
2070291
2070347
2070349
2070361
2070365
2070370
2070379
2070436
2070475
2070487
2070492
2070516
2070540
2070615
2070616
2070619
2070654
2070655
2070656
2070663
2070670
2070725
2070733
2070776
2070793
2070824
2070835
2070851
2070859
2070870
2070955
2070965
2070969
2071005
2071006
2071008
2071048
2071155
2071224
2071278
2071298
2071344
2071396
2071451
2071465
2071472
2071490
2071535
2071542
2071547
2071553
2071607
2071636
2071639
2071648
2071664
2071714
2071747
2071751
2071796
2071815
2071819
2071841
2071873
2071882
2071884
2071917
2071958
2071966
2072046
2072048
2072054
2072070
2072078
2072103
2072105
2072125
2072156
2072185
2072228
2072325
2072338
2072401
2072415
2072417
2072489
2072499
2072509
2072515
2072554
2072570
2072635
2072637
2072679
2072690
2072739
2072766
2072848
2072877
2072894
2072911
2072941
2072950
2072980
2072986
2073021
2073031
2073074
2073088
2073128
2073160
2073172
2073178
2073181
2073188
2073211
2073214
2073259
2073289
2073293
2073303
2073313
2073365
2073404
2073483
2073498
2073552
2073566
2073594
2073611
2073614
2073656
2073682
2073684
2073689
2073699
2073725
2073729
2073736
2073811
2073853
2073915
2073919
2073948
2073957
2073988
2073998
2074028
2074048
2074064
2074066
2074069
2074091
2074136
2074206
2074243
2074263
2074283
2074300
2074331
2074390
2074399
2074426
2074536
2074554
2074572
2074631
2074761
2074795
2074816
2074844
2074857
2074872
2074885
2074898
2074903
2075013
2075040
2075054
2075072
2075106
2075123
2075125
2075126
2075179
2075226
2075250
2075252
2075258
2075274
2075316
2075329
2075373
2075379
2075390
2075394
2075475
2075480
2075550
2075553
2075559
2075598
2075629
2075646
2075648
2075656
2075669
2075672
2075695
2075702
2075717
2075752
2075755
2075759
2075766
2075777
2075786
2075796
2075826
2075885
2075895
2075908
2075946
2075954
2075958
2076021
2076084
2076123
2076137
2076149
2076172
2076188
2076240
2076272
2076361
2076363
2076374
2076375
2076387
2076417
2076439
2076450
2076453
2076485
2076515
2076545
2076556
2076577
2076579
2076592
2076611
2076655
2076684
2076744
2076819
2076836
2076877
2076880
2076911
2076912
2076922
2076951
2076955
2077006
2077019
2077083
2077181
2077217
2077236
2077237
2077261
2077265
2077279
2077292
2077303
2077306
2077321
2077368
2077447
2077471
2077496
2077565
2077580
2077589
2077614
2077634
2077642
2077679
2077697
2077734
2077751
2077766
2077827
2077850
2077869
2077872
2077885
2077910
2077981
2077990
2078022
2078031
2078033
2078041
2078047
2078055
2078107
2078134
2078145
2078182
2078202
2078227
2078236
2078269
2078277
2078298
2078301
2078304
2078319
2078418
2078450
2078488
2078529
2078572
2078591
2078643
2078682
2078693
2078696
2078739
2078756
2078827
2078851
2078865
2078888
2078890
2078899
2078966
2078974
2078976
2078993
2078995
2079010
2079046
2079068
2079117
2079120
2079201
2079212
2079213
2079222
2079258
2079301
2079346
2079350
2079403
2079417
2079449
2079450
2079518
2079546
2079615
2079655
2079670
2079707
2079721
2079759
2079763
2079774
2079812
2079910
2079926
2079964
2079967
2079972
2080036
2080039
2080043
2080048
2080067
2080075
2080106
2080110
2080177
2080297
2080301
2080304
2080311
2080318
2080325
2080338
2080378
2080389
2080406
2080428
2080446
2080455
2080459
2080501
2080530
2080535
2080565
2080622
2080632
2080697
2080753
2080778
2080788
2080792
2080817
2080840
2080845
2080852
2080861
2080862
2080882
2080889
2080920
2080948
2080960
2080991
2081038
2081072
2081078
2081099
2081111
2081119
2081120
2081145
2081146
2081161
2081253
2081258
2081295
2081331
2081374
2081383
2081435
2081464
2081561
2081582
2081597
2081610
2081630
2081672
2081680
2081685
2081687
2081745
2081763
2081806
2081828
2081851
2081876
2081925
2081926
2081937
2081985
2081990
2082048
2082060
2082073
2082148
2082153
2082171
2082216
2082240
2082271
2082272
2082273
2082308
2082314
2082329
2082339
2082349
2082355
2082371
2082372
2082410
2082425
2082431
2082434
2082470
2082474
2082481
2082535
2082562
2082571
2082590
2082609
2082621
2082633
2082637
2082639
2082651
2082683
2082687
2082697
2082706
2082712
2082744
2082763
2082778
2082856
2082861
2082868
2082893
2082897
2082898
2082918
2082919
2082950
2082992
2083010
2083203
2083215
2083233
2083241
2083278
2083358
2083388
2083398
2083414
2083473
2083480
2083508
2083539
2083605
2083706
2083711
2083721
2083733
2083836
2083843
2083865
2083930
2083938
2083944
2083956
2084109
2084155
2084162
2084191
2084214
2084222
2084232
2084247
2084257
2084272
2084289
2084291
2084308
2084310
2084363
2084396
2084411
2084417
2084423
2084465
2084470
2084474
2084488
2084498
2084520
2084533
2084564
2084568
2084592
2084639
2084640
2084642
2084683
2084694
2084758
2084793
2084815
2084860
2084864
2084872
2084885
2084918
2084927
2084933
2084947
2084950
2084968
2084985
2085028
2085076
2085078
2085085
2085095
2085115
2085230
2085243
2085254
2085268
2085271
2085311
2085350
2085354
2085359
2085382
2085398
2085412
2085420
2085457
2085482
2085539
2085598
2085610
2085664
2085687
2085699
2085720
2085727
2085738
2085742
2085791
2085793
2085798
2085801
2085858
2085877
2085882
2085955
2086023
2086098
2086128
2086169
2086185
2086188
2086193
2086235
2086262
2086302
2086320
2086363
2086365
2086381
2086386
2086398
2086422
2086460
2086484
2086520
2086521
2086533
2086543
2086622
2086636
2086641
2086679
2086682
2086687
2086690
2086696
2086714
2086764
2086817
2086851
2086852
2086886
2086888
2086945
2086946
2086990
2087006
2087027
2087035
2087038
2087075
2087076
2087083
2087137
2087140
2087156
2087167
2087199
2087216
2087225
2087265
2087302
2087314
2087328
2087332
2087346
2087356
2087376
2087385
2087391
2087395
2087405
2087445
2087451
2087483
2087524
2087583
2087600
2087616
2087641
2087655
2087696
2087703
2087719
2087731
2087751
2087797
2087824
2087839
2087861
2087884
2087892
2087913
2087916
2087917
2087955
2087989
2088034
2088052
2088077
2088108
2088132
2088135
2088177
2088206
2088214
2088243
2088250
2088311
2088331
2088340
2088378
2088391
2088481
2088510
2088528
2088547
2088589
2088627
2088637
2088747
2088773
2088798
2088816
2088821
2088845
2088868
2088916
2088928
2088932
2088946
2088992
2089010
2089094
2089101
2089119
2089126
2089151
2089157
2089190
2089196
2089204
2089213
2089223
2089235
2089243
2089264
2089307
2089327
2089392
2089401
2089462
2089463
2089468
2089502
2089503
2089516
2089548
2089562
2089583
2089595
2089612
2089660
2089664
2089689
2089705
2089765
2089785
2089796
2089850
2089880
2089929
2089948
2089970
2090005
2090027
2090053
2090089
2090154
2090179
2090211
2090217
2090245
2090262
2090265
2090282
2090287
2090379
2090383
2090389
2090390
2090406
2090409
2090444
2090455
2090462
2090483
2090489
2090511
2090544
2090564
2090586
2090592
2090632
2090655
2090672
2090692
2090699
2090707
2090793
2090796
2090868
2090890
2090896
2090906
2090918
2090961
2091035
2091037
2091048
2091053
2091084
2091103
2091174
2091212
2091247
2091295
2091318
2091360
2091361
2091371
2091417
2091518
2091534
2091615
2091632
2091634
2091646
2091684
2091686
2091700
2091701
2091756
2091764
2091813
2091815
2091833
2091873
2091875
2091892
2091907
2091909
2092018
2092050
2092059
2092072
2092089
2092092
2092099
2092103
2092105
2092115
2092122
2092194
2092209
2092214
2092237
2092251
2092335
2092350
2092356
2092423
2092425
2092427
2092436
2092456
2092472
2092486
2092513
2092657
2092691
2092693
2092720
2092744
2092760
2092765
2092790
2092830
2092831
2092891
2092898
2092913
2092926
2092932
2092939
2092996
2093001
2093004
2093052
2093093
2093145
2093269
2093285
2093289
2093300
2093309
2093321
2093330
2093353
2093365
2093432
2093533
2093539
2093549
2093567
2093569
2093573
2093586
2093607
2093662
2093686
2093696
2093711
2093717
2093729
2093755
2093766
2093786
2093814
2093819
2093821
2093876
2093882
2093933
2093942
2093975
2094013
2094018
2094046
2094047
2094056
2094081
2094131
2094146
2094159
2094189
2094215
2094219
2094226
2094229
2094255
2094261
2094276
2094294
2094330
2094365
2094371
2094384
2094392
2094430
2094435
2094465
2094466
2094467
2094476
2094477
2094551
2094559
2094560
2094622
2094655
2094656
2094685
2094714
2094774
2094788
2094804
2094813
2094831
2094844
2094891
2094902
2094969
2094986
2095017
2095042
2095065
2095067
2095146
2095163
2095185
2095193
2095244
2095264
2095268
2095290
2095303
2095375
2095412
2095445
2095459
2095466
2095476
2095488
2095496
2095623
2095635
2095652
2095660
2095682
2095691
2095696
2095703
2095721
2095732
2095786
2095800
2095847
2095880
2095921
2095934
2095953
2095955
2095977
2096014
2096021
2096039
2096068
2096071
2096090
2096103
2096134
2096166
2096172
2096179
2096206
2096257
2096266
2096328
2096405
2096409
2096426
2096434
2096451
2096454
2096569
2096570
2096677
2096681
2096718
2096739
2096753
2096780
2096812
2096816
2096849
2096871
2096912
2096921
2096942
2096950
2096962
2096994
2096997
2097012
2097075
2097122
2097141
2097151
2097180
2097187
2097196
2097241
2097246
2097251
2097277
2097359
2097389
2097397
2097444
2097449
2097469
2097485
2097487
2097520
2097535
2097578
2097655
2097665
2097668
2097676
2097708
2097740
2097750
2097778
2097803
2097862
2097873
2097877
2097878
2098038
2098041
2098107
2098138
2098202
2098243
2098255
2098293
2098312
2098328
2098390
2098412
2098522
2098617
2098632
2098647
2098665
2098718
2098733
2098752
2098755
2098759
2098804
2098813
2098872
2098938
2098952
2098969
2098976
2099001
2099029
2099032
2099102
2099135
2099168
2099192
2099219
2099313
2099318
2099321
2099329
2099340
2099355
2099360
2099422
2099440
2099460
2099581
2099594
2099597
2099605
2099613
2099614
2099639
2099685
2099703
2099812
2099821
2099826
2099835
2099848
2099920
2099925
2099926
2099943
2100010
2100020
2100039
2100074
2100082
2100086
2100102
2100109
2100139
2100165
2100167
2100214
2100252
2100260
2100267
2100311
2100335
2100350
2100360
2100376
2100394
2100399
2100417
2100424
2100428
2100463
2100480
2100484
2100601
2100615
2100619
2100620
2100621
2100624
2100649
2100678
2100681
2100724
2100779
2100820
2100838
2100870
2100909
2100935
2100981
2101030
2101038
2101075
2101102
2101109
2101113
2101182
2101335
2101405
2101428
2101438
2101444
2101487
2101508
2101579
2101654
2101668
2101680
2101703
2101708
2101757
2101856
2101867
2101882
2101911
2101958
2102008
2102016
2102058
2102105
2102138
2102168
2102197
2102295
2102322
2102327
2102442
2102468
2102478
2102485
2102506
2102529
2102536
2102552
2102578
2102591
2102597
2102630
2102634
2102635
2102639
2102766
2102802
2102804
2102806
2102866
2102898
2102905
2102909
2102928
2102936
2102978
2103036
2103158
2103175
2103193
2103201
2103248
2103263
2103284
2103285
2103360
2103435
2103459
2103498
2103577
2103589
2103615
2103723
2103755
2103764
2103774
2103775
2103777
2103787
2103813
2103861
2103867
2103923
2103925
2103935
2103956
2103957
2103963
2103997
2104028
2104045
2104054
2104066
2104073
2104273
2104276
2104290
2104297
2104334
2104348
2104403
2104444
2104463
2104487
2104488
2104577
2104582
2104644
2104656
2104708
2104728
2104780
2104789
2104816
2104841
2104850
2104953
2104956
2104962
2104969
2104979
2105025
2105039
2105068
2105133
2105161
2105167
2105201
2105252
2105277
2105288
2105303
2105307
2105317
2105326
2105420
2105422
2105429
2105454
2105482
2105489
2105507
2105533
2105571
2105579
2105608
2105611
2105649
2105659
2105676
2105695
2105757
2105804
2105812
2105841
2105857
2105984
2105989
2105990
2105998
2106012
2106089
2106138
2106169
2106174
2106225
2106251
2106276
2106299
2106301
2106321
2106336
2106362
2106387
2106421
2106482
2106538
2106543
2106553
2106605
2106636
2106706
2106729
2106742
2106808
2106813
2106814
2106826
2106844
2106847
2106880
2106905
2106916
2106957
2106966
2106970
2106982
2107008
2107016
2107040
2107048
2107072
2107080
2107113
2107134
2107136
2107148
2107185
2107190
2107207
2107217
2107336
2107343
2107391
2107396
2107401
2107404
2107432
2107467
2107494
2107538
2107550
2107589
2107623
2107628
2107660
2107684
2107767
2107774
2107852
2107866
2107886
2107927
2107947
2107957
2107968
2107984
2108003
2108004
2108055
2108069
2108107
2108113
2108119
2108123
2108157
2108216
2108220
2108238
2108268
2108274
2108295
2108318
2108333
2108351
2108363
2108373
2108386
2108394
2108416
2108420
2108422
2108474
2108507
2108509
2108511
2108531
2108543
2108547
2108560
2108582
2108597
2108605
2108623
2108648
2108654
2108737
2108741
2108743
2108744
2108759
2108787
2108789
2108790
2108795
2108842
2108851
2108870
2108875
2108909
2108948
2108967
2108979
2109002
2109075
2109076
2109077
2109094
2109112
2109116
2109170
2109182
2109184
2109251
2109263
2109277
2109279
2109286
2109299
2109314
2109363
2109374
2109382
2109407
2109432
2109435
2109438
2109452
2109557
2109560
2109561
2109612
2109641
2109642
2109650
2109682
2109744
2109745
2109759
2109763
2109773
2109784
2109801
2109803
2109804
2109809
2109868
2109945
2109967
2110020
2110047
2110112
2110176
2110200
2110226
2110248
2110259
2110261
2110273
2110351
2110438
2110497
2110498
2110536
2110555
2110557
2110564
2110576
2110583
2110594
2110595
2110778
2110818
2110825
2110831
2110832
2110837
2110915
2110939
2110992
2111036
2111042
2111067
2111071
2111123
2111127
2111175
2111258
2111297
2111386
2111419
2111422
2111425
2111434
2111452
2111456
2111493
2111511
2111613
2111656
2111699
2111767
2111793
2111805
2111806
2111891
2111897
2111909
2111916
2111944
2111950
2111952
2112003
2112008
2112080
2112089
2112161
2112168
2112212
2112253
2112324
2112392
2112418
2112453
2112470
2112503
2112520
2112567
2112577
2112578
2112589
2112604
2112689
2112718
2112761
2112809
2112818
2112824
2112884
2112896
2112913
2112932
2112949
2112956
2113002
2113018
2113090
2113114
2113137
2113152
2113197
2113238
2113251
2113343
2113347
2113381
2113409
2113410
2113415
2113429
2113551
2113554
2113561
2113580
2113600
2113612
2113621
2113645
2113679
2113734
2113736
2113789
2113811
2113814
2113912
2113924
2113931
2113937
2113959
2113970
2113977
2114022
2114024
2114065
2114076
2114095
2114118
2114122
2114170
2114194
2114224
2114240
2114274
2114291
2114322
2114330
2114351
2114372
2114396
2114404
2114419
2114431
2114441
2114540
2114554
2114581
2114635
2114637
2114643
2114651
2114662
2114683
2114690
2114701
2114710
2114716
2114752
2114778
2114807
2114815
2114843
2114873
2114890
2114895
2114896
2114950
2115001
2115002
2115050
2115073
2115138
2115182
2115207
2115231
2115245
2115262
2115295
2115304
2115333
2115345
2115362
2115377
2115396
2115562
2115574
2115644
2115647
2115675
2115676
2115690
2115730
2115747
2115772
2115789
2115798
2115817
2115820
2115823
2115900
2115959
2115975
2115979
2115992
2116053
2116054
2116057
2116065
2116137
2116146
2116150
2116162
2116183
2116191
2116228
2116272
2116274
2116280
2116291
2116303
2116323
2116333
2116377
2116408
2116423
2116428
2116442
2116451
2116468
2116487
2116512
2116529
2116539
2116557
2116596
2116633
2116667
2116684
2116695
2116698
2116711
2116738
2116776
2116793
2116797
2116824
2116842
2116857
2116858
2116863
2116885
2116896
2116964
2116980
2116991
2117002
2117020
2117029
2117030
2117032
2117073
2117076
2117099
2117102
2117161
2117166
2117192
2117222
2117302
2117307
2117308
2117310
2117336
2117402
2117438
2117462
2117466
2117500
2117503
2117525
2117579
2117596
2117629
2117632
2117679
2117697
2117738
2117752
2117835
2117837
2117839
2117840
2117864
2117865
2117891
2117948
2117966
2118018
2118083
2118092
2118121
2118133
2118202
2118235
2118306
2118347
2118357
2118369
2118481
2118482
2118484
2118490
2118545
2118562
2118563
2118615
2118647
2118652
2118668
2118681
2118722
2118752
2118757
2118759
2118807
2118830
2118857
2118907
2118941
2118954
2118965
2118991
2119057
2119078
2119107
2119122
2119128
2119157
2119172
2119181
2119186
2119196
2119201
2119214
2119265
2119321
2119361
2119497
2119503
2119514
2119567
2119589
2119610
2119611
2119615
2119621
2119628
2119679
2119731
2119762
2119816
2119821
2119826
2119842
2119857
2119874
2119878
2119910
2119918
2119954
2119976
2120062
2120191
2120201
2120333
2120359
2120371
2120376
2120380
2120398
2120479
2120498
2120571
2120612
2120664
2120705
2120715
2120716
2120743
2120762
2120778
2120784
2120832
2120842
2120845
2120926
2120953
2120958
2120964
2120992
2120997
2121040
2121043
2121051
2121053
2121064
2121113
2121139
2121140
2121149
2121237
2121243
2121244
2121256
2121276
2121287
2121309
2121314
2121327
2121347
2121369
2121450
2121460
2121509
2121518
2121543
2121551
2121562
2121651
2121667
2121672
2121677
2121682
2121713
2121714
2121740
2121757
2121761
2121796
2121837
2121846
2121850
2121872
2121890
2121941
2121979
2121997
2122016
2122017
2122018
2122036
2122063
2122064
2122093
2122104
2122121
2122215
2122216
2122217
2122236
2122278
2122285
2122329
2122334
2122356
2122365
2122389
2122391
2122429
2122469
2122494
2122501
2122515
2122561
2122621
2122662
2122694
2122732
2122748
2122750
2122806
2122825
2122881
2122885
2122941
2123012
2123020
2123086
2123107
2123111
2123153
2123176
2123198
2123201
2123241
2123262
2123279
2123292
2123294
2123474
2123574
2123596
2123611
2123658
2123669
2123671
2123681
2123691
2123721
2123727
2123756
2123765
2123784
2123796
2123825
2123833
2123872
2123881
2123882
2123969
2124004
2124022
2124042
2124079
2124098
2124127
2124160
2124196
2124232
2124243
2124329
2124337
2124349
2124362
2124366
2124375
2124416
2124426
2124450
2124464
2124518
2124558
2124576
2124585
2124592
2124618
2124655
2124728
2124788
2124827
2124829
2124862
2124883
2124887
2124897
2124909
2124910
2124963
2124971
2125013
2125014
2125035
2125047
2125049
2125070
2125097
2125178
2125210
2125224
2125229
2125290
2125296
2125309
2125362
2125459
2125474
2125480
2125495
2125601
2125611
2125626
2125704
2125714
2125721
2125734
2125774
2125810
2125851
2125855
2125887
2125890
2125896
2126015
2126047
2126082
2126107
2126115
2126165
2126171
2126263
2126285
2126292
2126351
2126360
2126377
2126383
2126390
2126391
2126456
2126464
2126507
2126510
2126549
2126550
2126552
2126596
2126603
2126632
2126652
2126654
2126664
2126673
2126730
2126768
2126777
2126778
2126796
2126799
2126800
2126809
2126911
2126930
2126933
2127013
2127117
2127123
2127126
2127141
2127162
2127179
2127208
2127216
2127240
2127257
2127262
2127263
2127334
2127335
2127338
2127348
2127376
2127409
2127430
2127441
2127467
2127474
2127481
2127541
2127561
2127578
2127582
2127603
2127652
2127666
2127683
2127765
2127833
2127860
2127914
2127915
2127955
2127960
2128010
2128044
2128084
2128111
2128151
2128154
2128163
2128184
2128217
2128245
2128312
2128317
2128319
2128350
2128364
2128379
2128384
2128406
2128414
2128460
2128564
2128571
2128577
2128579
2128668
2128683
2128724
2128736
2128792
2128824
2128846
2128854
2128890
2128963
2128972
2128991
2129010
2129018
2129034
2129047
2129092
2129094
2129124
2129146
2129167
2129233
2129257
2129271
2129317
2129320
2129365
2129390
2129407
2129456
2129510
2129511
2129521
2129533
2129559
2129576
2129621
2129623
2129627
2129628
2129630
2129639
2129679
2129688
2129693
2129698
2129734
2129796
2129798
2129803
2129805
2129806
2129850
2129865
2129962
2130018
2130027
2130063
2130098
2130106
2130125
2130149
2130151
2130201
2130235
2130249
2130260
2130288
2130307
2130332
2130419
2130457
2130475
2130477
2130520
2130522
2130523
2130525
2130532
2130548
2130550
2130568
2130612
2130613
2130618
2130834
2130838
2130862
2130894
2130940
2130943
2130959
2130966
2131005
2131054
2131076
2131103
2131121
2131129
2131139
2131166
2131171
2131195
2131204
2131208
2131221
2131241
2131272
2131372
2131376
2131398
2131489
2131538
2131572
2131579
2131585
2131625
2131632
2131649
2131654
2131673
2131717
2131749
2131753
2131775
2131789
2131829
2131867
2131873
2131891
2131910
2131936
2131943
2131944
2131974
2131987
2132002
2132026
2132036
2132041
2132067
2132094
2132114
2132181
2132199
2132208
2132245
2132248
2132258
2132277
2132279
2132297
2132362
2132395
2132416
2132424
2132425
2132465
2132512
2132521
2132635
2132639
2132733
2132788
2132798
2132860
2132877
2132926
2132984
2132990
2133007
2133008
2133043
2133051
2133099
2133143
2133274
2133283
2133298
2133358
2133366
2133370
2133375
2133398
2133404
2133415
2133422
2133442
2133448
2133465
2133473
2133544
2133545
2133572
2133577
2133583
2133597
2133601
2133719
2133728
2133732
2133771
2133788
2133809
2133811
2133813
2133854
2133861
2133882
2133884
2133892
2133895
2133949
2133955
2134001
2134018
2134058
2134061
2134081
2134133
2134165
2134182
2134200
2134205
2134216
2134226
2134232
2134240
2134290
2134292
2134297
2134301
2134343
2134401
2134405
2134429
2134476
2134536
2134561
2134582
2134621
2134638
2134642
2134666
2134672
2134693
2134757
2134769
2134801
2134869
2134913
2134918
2134936
2134942
2134999
2135019
2135025
2135027
2135047
2135056
2135057
2135061
2135063
2135067
2135108
2135112
2135127
2135158
2135220
2135254
2135303
2135338
2135343
2135372
2135377
2135392
2135446
2135458
2135461
2135527
2135550
2135555
2135588
2135600
2135609
2135621
2135638
2135679
2135680
2135702
2135756
2135820
2135855
2135888
2135916
2135959
2135967
2136009
2136020
2136026
2136028
2136043
2136046
2136050
2136053
2136099
2136110
2136139
2136157
2136162
2136184
2136203
2136224
2136232
2136283
2136286
2136287
2136291
2136313
2136325
2136347
2136362
2136366
2136400
2136409
2136414
2136419
2136430
2136474
2136520
2136531
2136545
2136601
2136665
2136681
2136706
2136707
2136716
2136720
2136752
2136764
2136770
2136784
2136790
2136857
2136864
2136873
2137004
2137055
2137081
2137084
2137093
2137105
2137148
2137218
2137241
2137262
2137282
2137292
2137294
2137298
2137301
2137304
2137396
2137397
2137411
2137425
2137428
2137540
2137543
2137578
2137621
2137634
2137657
2137674
2137689
2137740
2137745
2137763
2137844
2137878
2137935
2137953
2137971
2138015
2138040
2138073
2138075
2138084
2138110
2138183
2138212
2138218
2138298
2138304
2138340
2138362
2138383
2138415
2138465
2138482
2138484
2138498
2138585
2138619
2138736
2138802
2138812
2138899
2138933
2138942
2138955
2139103
2139107
2139115
2139140
2139176
2139186
2139191
2139207
2139235
2139293
2139314
2139353
2139370
2139383
2139397
2139439
2139463
2139479
2139483
2139526
2139541
2139552
2139608
2139668
2139675
2139688
2139699
2139823
2139827
2139852
2139855
2139933
2139935
2139957
2139961
2139974
2139997
2140022
2140057
2140116
2140140
2140198
2140233
2140243
2140284
2140304
2140312
2140316
2140349
2140359
2140387
2140447
2140457
2140469
2140504
2140521
2140556
2140714
2140718
2140764
2140809
2140884
2140943
2140970
2140981
2141008
2141031
2141066
2141074
2141146
2141182
2141219
2141227
2141233
2141310
2141326
2141491
2141546
2141554
2141574
2141579
2141603
2141612
2141627
2141649
2141658
2141665
2141689
2141719
2141757
2141773
2141823
2141836
2141896
2141906
2141907
2141913
2141917
2141934
2141941
2141958
2141987
2142033
2142092
2142093
2142108
2142113
2142118
2142136
2142143
2142219
2142264
2142291
2142329
2142360
2142385
2142393
2142396
2142411
2142456
2142470
2142506
2142560
2142595
2142608
2142661
2142663
2142723
2142745
2142781
2142794
2142808
2142824
2142854
2142903
2142916
2142926
2142944
2142966
2142977
2143017
2143050
2143070
2143078
2143087
2143110
2143130
2143138
2143225
2143245
2143271
2143303
2143338
2143371
2143398
2143429
2143460
2143554
2143572
2143622
2143625
2143660
2143731
2143732
2143738
2143756
2143797
2143807
2143820
2143882
2143893
2143933
2143946
2143976
2143985
2143989
2144035
2144043
2144061
2144083
2144093
2144113
2144124
2144137
2144173
2144185
2144194
2144210
2144222
2144237
2144291
2144299
2144382
2144388
2144401
2144496
2144552
2144590
2144606
2144628
2144663
2144665
2144704
2144715
2144763
2144791
2144834
2144858
2144888
2144893
2144897
2144911
2144946
2145015
2145029
2145034
2145037
2145059
2145069
2145071
2145122
2145125
2145141
2145142
2145163
2145167
2145171
2145185
2145196
2145200
2145247
2145272
2145287
2145289
2145300
2145352
2145356
2145367
2145390
2145498
2145520
2145526
2145556
2145616
2145663
2145689
2145759
2145778
2145806
2145814
2145834
2145870
2145904
2145906
2146064
2146068
2146069
2146107
2146136
2146161
2146177
2146186
2146211
2146212
2146232
2146257
2146268
2146269
2146278
2146294
2146310
2146317
2146368
2146376
2146396
2146402
2146463
2146492
2146531
2146549
2146550
2146581
2146585
2146588
2146635
2146651
2146694
2146696
2146714
2146726
2146735
2146752
2146775
2146818
2146857
2146858
2146889
2146894
2146934
2146955
2146994
2147048
2147051
2147093
2147131
2147174
2147181
2147228
2147259
2147364
2147393
2147398
2147434
2147440
2147443
2147453
2147488
2147508
2147514
2147537
2147612
2147621
2147664
2147698
2147746
2147758
2147767
2147785
2147790
2147791
2147800
2147857
2147869
2147881
2147894
2147996
2148027
2148029
2148063
2148099
2148124
2148144
2148154
2148207
2148238
2148264
2148303
2148319
2148322
2148356
2148385
2148392
2148412
2148435
2148480
2148488
2148535
2148559
2148565
2148566
2148633
2148653
2148705
2148764
2148782
2148807
2148814
2148859
2148903
2148927
2148934
2148937
2148972
2149020
2149047
2149053
2149099
2149134
2149174
2149192
2149235
2149276
2149283
2149296
2149331
2149346
2149377
2149395
2149410
2149440
2149502
2149518
2149523
2149544
2149566
2149573
2149677
2149710
2149717
2149762
2149784
2149792
2149837
2149856
2149934
2149952
2149959
2149976
2150030
2150079
2150093
2150109
2150113
2150130
2150166
2150226
2150270
2150300
2150344
2150363
2150404
2150413
2150442
2150443
2150456
2150459
2150528
2150553
2150554
2150565
2150575
2150591
2150607
2150635
2150659
2150670
2150674
2150726
2150776
2150788
2150825
2150828
2150857
2150961
2150996
2151065
2151098
2151106
2151113
2151116
2151208
2151225
2151259
2151260
2151264
2151273
2151292
2151313
2151335
2151352
2151357
2151370
2151381
2151401
2151501
2151583
2151613
2151675
2151681
2151714
2151715
2151734
2151743
2151748
2151816
2151846
2151863
2151909
2151967
2151979
2151982
2152033
2152049
2152052
2152055
2152077
2152086
2152143
2152147
2152187
2152204
2152213
2152224
2152266
2152269
2152273
2152328
2152345
2152348
2152354
2152415
2152518
2152549
2152551
2152658
2152682
2152745
2152804
2152824
2152835
2152845
2152878
2152936
2152944
2152959
2153012
2153039
2153106
2153186
2153233
2153238
2153240
2153244
2153313
2153338
2153341
2153357
2153364
2153390
2153416
2153420
2153467
2153476
2153510
2153514
2153516
2153521
2153540
2153582
2153607
2153638
2153642
2153645
2153710
2153727
2153812
2153858
2153861
2153910
2153916
2153941
2153953
2153961
2153964
2154016
2154018
2154042
2154049
2154090
2154101
2154118
2154134
2154152
2154160
2154162
2154172
2154185
2154188
2154202
2154214
2154249
2154295
2154313
2154335
2154342
2154356
2154396
2154398
2154404
2154413
2154441
2154450
2154462
2154482
2154551
2154554
2154579
2154608
2154642
2154698
2154730
2154734
2154744
2154767
2154791
2154805
2154835
2154941
2154951
2154957
2154962
2154972
2155008
2155071
2155081
2155082
2155123
2155131
2155150
2155189
2155216
2155271
2155293
2155365
2155380
2155417
2155445
2155447
2155477
2155510
2155658
2155663
2155669
2155763
2155769
2155789
2155861
2155897
2155900
2155919
2155943
2155948
2156052
2156068
2156075
2156080
2156092
2156109
2156116
2156122
2156159
2156172
2156181
2156253
2156264
2156280
2156286
2156316
2156331
2156339
2156357
2156367
2156409
2156483
2156492
2156515
2156526
2156536
2156549
2156615
2156638
2156657
2156674
2156701
2156719
2156721
2156738
2156742
2156752
2156990
2157020
2157032
2157033
2157312
2157325
2157335
2157351
2157371
2157388
2157394
2157398
2157451
2157452
2157516
2157519
2157533
2157590
2157658
2157672
2157684
2157688
2157689
2157733
2157739
2157770
2157776
2157853
2157868
2157872
2157917
2157928
2157968
2157991
2158002
2158009
2158010
2158033
2158059
2158068
2158074
2158103
2158166
2158183
2158205
2158240
2158275
2158278
2158284
2158299
2158302
2158308
2158341
2158362
2158382
2158460
2158471
2158486
2158501
2158649
2158657
2158700
2158713
2158734
2158769
2158807
2158836
2158844
2158865
2158906
2158932
2158961
2158990
2158993
2159044
2159058
2159067
2159099
2159142
2159156
2159166
2159193
2159233
2159291
2159315
2159346
2159361
2159375
2159472
2159475
2159488
2159496
2159500
2159502
2159520
2159524
2159539
2159573
2159575
2159589
2159640
2159676
2159681
2159697
2159721
2159747
2159767
2159773
2159780
2159802
2159829
2159859
2159866
2159903
2159927
2160000
2160031
2160047
2160067
2160085
2160153
2160163
2160195
2160239
2160257
2160259
2160317
2160350
2160388
2160395
2160400
2160428
2160447
2160461
2160467
2160468
2160473
2160481
2160499
2160505
2160521
2160549
2160596
2160597
2160717
2160725
2160726
2160751
2160760
2160777
2160811
2160817
2160833
2160865
2160869
2160900
2160901
2160924
2160929
2160946
2160974
2160977
2161002
2161020
2161029
2161062
2161105
2161129
2161167
2161192
2161202
2161206
2161220
2161222
2161239
2161244
2161258
2161265
2161291
2161333
2161346
2161371
2161374
2161375
2161397
2161434
2161442
2161491
2161504
2161513
2161528
2161538
2161552
2161561
2161562
2161595
2161604
2161653
2161675
2161719
2161750
2161759
2161788
2161799
2161806
2161811
2161840
2161864
2161875
2161878
2161898
2161973
2162034
2162082
2162166
2162198
2162210
2162263
2162266
2162296
2162300
2162363
2162380
2162435
2162448
2162479
2162498
2162502
2162538
2162618
2162750
2162815
2162842
2162865
2162878
2162887
2162899
2162916
2162920
2162924
2162932
2162980
2163001
2163033
2163045
2163056
2163098
2163139
2163166
2163176
2163199
2163228
2163253
2163269
2163272
2163282
2163347
2163358
2163373
2163378
2163407
2163420
2163421
2163472
2163508
2163519
2163521
2163529
2163555
2163593
2163602
2163614
2163646
2163670
2163705
2163749
2163768
2163776
2163779
2163787
2163800
2163826
2163868
2163877
2163896
2163903
2163924
2163937
2163968
2164000
2164003
2164011
2164075
2164181
2164238
2164248
2164278
2164298
2164309
2164406
2164412
2164419
2164493
2164496
2164512
2164514
2164554
2164597
2164604
2164625
2164640
2164668
2164669
2164690
2164730
2164754
2164771
2164775
2164781
2164805
2164813
2164822
2164828
2164873
2164892
2164901
2164910
2164940
2164946
2164989
2165083
2165086
2165138
2165154
2165157
2165196
2165214
2165241
2165273
2165279
2165303
2165331
2165346
2165352
2165392
2165457
2165489
2165502
2165559
2165580
2165581
2165602
2165610
2165623
2165657
2165675
2165683
2165719
2165728
2165744
2165797
2165852
2165896
2165960
2165993
2165999
2166005
2166022
2166033
2166066
2166089
2166099
2166101
2166127
2166135
2166149
2166173
2166180
2166196
2166197
2166206
2166214
2166249
2166276
2166278
2166381
2166404
2166416
2166421
2166430
2166457
2166473
2166506
2166527
2166627
2166628
2166629
2166655
2166668
2166674
2166679
2166680
2166697
2166712
2166757
2166775
2166825
2166826
2166872
2166875
2166915
2166933
2166946
2166995
2167011
2167015
2167020
2167029
2167030
2167079
2167092
2167099
2167103
2167158
2167166
2167170
2167200
2167212
2167248
2167249
2167277
2167278
2167287
2167313
2167336
2167341
2167386
2167388
2167480
2167485
2167496
2167522
2167524
2167540
2167557
2167567
2167597
2167635
2167658
2167690
2167697
2167731
2167749
2167779
2167791
2167866
2167908
2167925
2167999
2168015
2168036
2168038
2168065
2168163
2168169
2168220
2168227
2168236
2168263
2168267
2168326
2168330
2168401
2168414
2168436
2168462
2168504
2168505
2168542
2168582
2168636
2168640
2168652
2168713
2168773
2168858
2168864
2168912
2168997
2169030
2169076
2169084
2169109
2169124
2169160
2169179
2169201
2169278
2169280
2169292
2169299
2169315
2169350
2169445
2169484
2169487
2169492
2169534
2169551
2169552
2169557
2169563
2169580
2169590
2169625
2169628
2169634
2169688
2169729
2169748
2169778
2169794
2169847
2169848
2169860
2169875
2169902
2169915
2169931
2170014
2170024
2170039
2170068
2170118
2170128
2170134
2170174
2170192
2170243
2170283
2170287
2170349
2170355
2170371
2170392
2170433
2170458
2170482
2170514
2170521
2170541
2170548
2170551
2170575
2170584
2170641
2170646
2170662
2170675
2170693
2170754
2170778
2170779
2170808
2170815
2170943
2170959
2170972
2171023
2171046
2171061
2171119
2171126
2171157
2171159
2171166
2171170
2171183
2171199
2171203
2171274
2171331
2171377
2171380
2171417
2171434
2171440
2171462
2171474
2171499
2171619
2171659
2171663
2171698
2171716
2171729
2171768
2171783
2171815
2171820
2171841
2171859
2171861
2171886
2171888
2171941
2171946
2171986
2171987
2171996
2172009
2172045
2172075
2172114
2172120
2172207
2172214
2172280
2172360
2172416
2172419
2172440
2172477
2172556
2172590
2172607
2172636
2172641
2172659
2172681
2172690
2172718
2172728
2172731
2172735
2172752
2172772
2172816
2172820
2172846
2172912
2172935
2172938
2172944
2173013
2173042
2173059
2173099
2173130
2173149
2173178
2173189
2173191
2173221
2173232
2173233
2173257
2173263
2173293
2173317
2173318
2173375
2173408
2173415
2173427
2173443
2173500
2173627
2173652
2173709
2173725
2173727
2173760
2173786
2173807
2173849
2173870
2173875
2173891
2173894
2173928
2173988
2174008
2174014
2174086
2174103
2174105
2174140
2174211
2174213
2174214
2174301
2174305
2174335
2174355
2174375
2174398
2174400
2174481
2174495
2174525
2174538
2174548
2174579
2174580
2174588
2174621
2174634
2174640
2174804
2174831
2174832
2174891
2174893
2174935
2174983
2175016
2175028
2175052
2175059
2175061
2175089
2175167
2175174
2175175
2175181
2175191
2175195
2175198
2175241
2175242
2175271
2175288
2175301
2175302
2175307
2175324
2175411
2175436
2175479
2175481
2175547
2175583
2175643
2175660
2175680
2175700
2175723
2175725
2175744
2175835
2175881
2175959
2175967
2175975
2176043
2176065
2176093
2176098
2176119
2176206
2176208
2176211
2176221
2176256
2176261
2176271
2176304
2176342
2176349
2176353
2176489
2176517
2176552
2176592
2176599
2176645
2176716
2176742
2176753
2176794
2176804
2176807
2176968
2176989
2176994
2177004
2177009
2177041
2177047
2177086
2177116
2177119
2177159
2177175
2177210
2177219
2177286
2177320
2177329
2177367
2177383
2177400
2177423
2177436
2177441
2177472
2177525
2177589
2177610
2177625
2177674
2177702
2177703
2177710
2177717
2177719
2177780
2177786
2177809
2177832
2177870
2177891
2177918
2177943
2177996
2178028
2178029
2178055
2178059
2178074
2178138
2178219
2178228
2178272
2178300
2178304
2178309
2178319
2178321
2178411
2178456
2178476
2178515
2178530
2178564
2178629
2178641
2178643
2178671
2178733
2178742
2178749
2178795
2178807
2178820
2178831
2178832
2178863
2178890
2178927
2178930
2178942
2178972
2178995
2178999
2179018
2179020
2179305
2179313
2179347
2179353
2179389
2179390
2179402
2179414
2179417
2179481
2179515
2179523
2179525
2179565
2179569
2179589
2179604
2179613
2179713
2179727
2179763
2179785
2179823
2179864
2179879
2179912
2179916
2179957
2179983
2180004
2180022
2180060
2180130
2180137
2180154
2180165
2180170
2180209
2180238
2180258
2180276
2180329
2180339
2180367
2180413
2180419
2180425
2180436
2180441
2180445
2180456
2180489
2180634
2180659
2180676
2180725
2180757
2180763
2180798
2180808
2180822
2180858
2181006
2181009
2181016
2181036
2181070
2181075
2181135
2181146
2181157
2181174
2181227
2181228
2181321
2181360
2181382
2181403
2181416
2181462
2181484
2181486
2181489
2181536
2181565
2181566
2181580
2181595
2181630
2181658
2181682
2181685
2181690
2181707
2181757
2181786
2181787
2181855
2181866
2181874
2181900
2181946
2181973
2182027
2182095
2182102
2182142
2182146
2182160
2182202
2182263
2182287
2182297
2182327
2182330
2182399
2182410
2182423
2182428
2182438
2182456
2182490
2182510
2182525
2182544
2182569
2182664
2182719
2182742
2182745
2182752
2182856
2182869
2182890
2182902
2182911
2182928
2182932
2182937
2182983
2183033
2183035
2183049
2183086
2183096
2183112
2183119
2183151
2183239
2183251
2183262
2183323
2183380
2183422
2183461
2183550
2183613
2183676
2183691
2183735
2183746
2183766
2183779
2183796
2183810
2183845
2183870
2183906
2183922
2183951
2184011
2184090
2184117
2184163
2184176
2184189
2184204
2184244
2184245
2184276
2184294
2184323
2184332
2184379
2184401
2184406
2184433
2184434
2184439
2184473
2184477
2184503
2184529
2184537
2184565
2184616
2184620
2184629
2184696
2184784
2184813
2184840
2184842
2184858
2184882
2184904
2184918
2184925
2184938
2184961
2184999
2185022
2185042
2185063
2185098
2185122
2185140
2185166
2185213
2185234
2185268
2185351
2185373
2185428
2185435
2185473
2185542
2185552
2185558
2185572
2185611
2185621
2185626
2185713
2185718
2185744
2185751
2185756
2185775
2185789
2185823
2185824
2185844
2185852
2185853
2185889
2185891
2185916
2185928
2185930
2185951
2186039
2186045
2186092
2186188
2186232
2186267
2186283
2186299
2186357
2186482
2186490
2186558
2186572
2186581
2186613
2186618
2186651
2186674
2186734
2186750
2186770
2186775
2186776
2186800
2186828
2186837
2186885
2186907
2186926
2186936
2186965
2187026
2187060
2187061
2187125
2187140
2187143
2187160
2187163
2187180
2187238
2187286
2187292
2187298
2187335
2187360
2187363
2187378
2187385
2187400
2187435
2187455
2187491
2187495
2187506
2187532
2187557
2187577
2187578
2187606
2187673
2187683
2187684
2187749
2187751
2187878
2187921
2187926
2187989
2188017
2188039
2188042
2188067
2188105
2188177
2188179
2188238
2188314
2188326
2188332
2188391
2188397
2188398
2188414
2188471
2188501
2188514
2188553
2188557
2188560
2188594
2188623
2188636
2188652
2188720
2188771
2188793
2188798
2188813
2188846
2188857
2188866
2188878
2188976
2188991
2189017
2189024
2189054
2189101
2189133
2189141
2189173
2189178
2189182
2189227
2189229
2189261
2189299
2189336
2189343
2189365
2189379
2189409
2189446
2189456
2189512
2189531
2189555
2189594
2189614
2189644
2189660
2189663
2189702
2189757
2189761
2189808
2189825
2189829
2189860
2189883
2189904
2189925
2189934
2189940
2189958
2189959
2189994
2190022
2190061
2190108
2190150
2190169
2190170
2190198
2190201
2190267
2190275
2190293
2190343
2190351
2190362
2190397
2190418
2190437
2190456
2190459
2190488
2190491
2190532
2190590
2190595
2190597
2190659
2190714
2190720
2190754
2190782
2190806
2190808
2190813
2190816
2190840
2190880
2190924
2190951
2190963
2190983
2191025
2191038
2191085
2191129
2191134
2191136
2191156
2191163
2191197
2191207
2191259
2191290
2191306
2191372
2191378
2191392
2191402
2191409
2191456
2191457
2191475
2191481
2191503
2191504
2191556
2191581
2191598
2191602
2191603
2191619
2191621
2191641
2191668
2191699
2191760
2191777
2191790
2191802
2191822
2191906
2191969
2191996
2191999
2192021
2192040
2192043
2192055
2192091
2192148
2192156
2192171
2192172
2192203
2192218
2192241
2192289
2192300
2192331
2192345
2192355
2192356
2192442
2192467
2192469
2192479
2192503
2192505
2192524
2192530
2192568
2192580
2192608
2192615
2192628
2192629
2192637
2192663
2192693
2192709
2192718
2192723
2192741
2192763
2192769
2192779
2192786
2192807
2192838
2192883
2192918
2192927
2192940
2192967
2192978
2192998
2193007
2193064
2193085
2193137
2193159
2193173
2193189
2193194
2193282
2193291
2193297
2193327
2193349
2193385
2193438
2193456
2193474
2193484
2193487
2193520
2193536
2193586
2193608
2193613
2193619
2193635
2193679
2193735
2193752
2193782
2193795
2193852
2193865
2193876
2193889
2193893
2193925
2193972
2193976
2193981
2193993
2194004
2194016
2194017
2194036
2194058
2194074
2194084
2194088
2194109
2194124
2194243
2194251
2194306
2194421
2194446
2194468
2194478
2194542
2194575
2194634
2194636
2194640
2194715
2194726
2194737
2194749
2194792
2194850
2194860
2194872
2194898
2194910
2195008
2195014
2195021
2195058
2195062
2195106
2195123
2195124
2195135
2195136
2195172
2195177
2195190
2195226
2195229
2195300
2195306
2195312
2195318
2195325
2195342
2195354
2195372
2195425
2195430
2195431
2195441
2195492
2195501
2195553
2195559
2195588
2195608
2195626
2195752
2195778
2195782
2195827
2195832
2195833
2195846
2195891
2195949
2195953
2195969
2195986
2196013
2196016
2196040
2196054
2196060
2196093
2196129
2196171
2196185
2196217
2196261
2196311
2196315
2196316
2196346
2196350
2196368
2196386
2196400
2196434
2196492
2196522
2196534
2196543
2196551
2196625
2196665
2196719
2196777
2196798
2196824
2196827
2196852
2196854
2196954
2196968
2196971
2197015
2197044
2197056
2197057
2197060
2197061
2197071
2197074
2197096
2197156
2197185
2197225
2197240
2197254
2197281
2197286
2197345
2197359
2197365
2197371
2197434
2197467
2197492
2197508
2197514
2197540
2197595
2197600
2197620
2197651
2197659
2197706
2197708
2197742
2197748
2197760
2197875
2197910
2197911
2198009
2198013
2198021
2198094
2198147
2198162
2198178
2198232
2198237
2198256
2198258
2198303
2198304
2198305
2198328
2198375
2198405
2198443
2198502
2198533
2198592
2198602
2198604
2198646
2198682
2198704
2198724
2198744
2198795
2198842
2198874
2198898
2198947
2198960
2198974
2199050
2199056
2199080
2199092
2199109
2199129
2199174
2199210
2199249
2199376
2199377
2199409
2199425
2199435
2199504
2199538
2199540
2199546
2199547
2199578
2199581
2199584
2199617
2199651
2199663
2199777
2199786
2199793
2199812
2199833
2199840
2199847
2199868
2199869
2199907
2199909
2199925
2200001
2200033
2200055
2200084
2200092
2200127
2200134
2200138
2200143
2200147
2200180
2200194
2200202
2200222
2200251
2200263
2200314
2200325
2200332
2200456
2200480
2200526
2200527
2200531
2200539
2200574
2200622
2200661
2200671
2200684
2200714
2200715
2200730
2200753
2200766
2200842
2200869
2200899
2200911
2200914
2200915
2200928
2200930
2200958
2200980
2200985
2201075
2201095
2201109
2201157
2201167
2201194
2201268
2201282
2201292
2201315
2201334
2201339
2201347
2201364
2201392
2201430
2201544
2201572
2201583
2201590
2201609
2201621
2201653
2201655
2201703
2201717
2201745
2201754
2201780
2201789
2201811
2201850
2201856
2201858
2201903
2201942
2201954
2201990
2202054
2202057
2202072
2202098
2202116
2202128
2202155
2202158
2202210
2202211
2202218
2202245
2202255
2202290
2202364
2202448
2202459
2202466
2202492
2202529
2202584
2202611
2202631
2202639
2202647
2202662
2202664
2202738
2202764
2202782
2202799
2202812
2202819
2202825
2202870
2202893
2202939
2202942
2202963
2202967
2203016
2203036
2203070
2203087
2203092
2203160
2203173
2203241
2203261
2203273
2203278
2203281
2203336
2203352
2203396
2203436
2203465
2203480
2203510
2203538
2203540
2203559
2203569
2203577
2203592
2203623
2203624
2203635
2203787
2203789
2203908
2203944
2203994
2204007
2204047
2204057
2204061
2204068
2204101
2204106
2204155
2204205
2204220
2204221
2204229
2204230
2204259
2204301
2204324
2204340
2204348
2204357
2204365
2204374
2204522
2204523
2204588
2204609
2204640
2204679
2204680
2204758
2204776
2204779
2204805
2204841
2204892
2204927
2204934
2204956
2204993
2205028
2205029
2205042
2205069
2205071
2205074
2205129
2205177
2205197
2205234
2205246
2205262
2205278
2205303
2205327
2205352
2205495
2205538
2205554
2205610
2205614
2205626
2205636
2205653
2205685
2205728
2205772
2205792
2205794
2205801
2205863
2205916
2205944
2205945
2205949
2205988
2206033
2206043
2206051
2206101
2206168
2206174
2206192
2206198
2206217
2206223
2206302
2206322
2206342
2206377
2206432
2206442
2206517
2206529
2206544
2206678
2206765
2206773
2206823
2206875
2206898
2206944
2206946
2207019
2207067
2207087
2207115
2207130
2207158
2207193
2207212
2207230
2207247
2207291
2207292
2207300
2207306
2207314
2207341
2207380
2207431
2207482
2207492
2207510
2207553
2207555
2207595
2207603
2207612
2207621
2207643
2207651
2207744
2207772
2207783
2207786
2207814
2207832
2207854
2207866
2207875
2207901
2207931
2207950
2207966
2207970
2207976
2208037
2208079
2208097
2208186
2208212
2208214
2208221
2208259
2208279
2208283
2208291
2208381
2208407
2208479
2208485
2208491
2208508
2208527
2208539
2208542
2208554
2208585
2208595
2208613
2208624
2208635
2208654
2208659
2208712
2208714
2208715
2208779
2208790
2208832
2208880
2208927
2208935
2208991
2209000
2209030
2209105
2209116
2209185
2209234
2209316
2209336
2209399
2209411
2209454
2209485
2209534
2209538
2209546
2209548
2209633
2209661
2209677
2209733
2209749
2209803
2209808
2209861
2209938
2209976
2209977
2210030
2210051
2210067
2210105
2210114
2210115
2210134
2210162
2210165
2210196
2210208
2210309
2210314
2210384
2210398
2210472
2210481
2210491
2210520
2210553
2210560
2210624
2210637
2210653
2210670
2210731
2210759
2210764
2210770
2210778
2210785
2210795
2210799
2210832
2210906
2210979
2211026
2211030
2211035
2211040
2211186
2211187
2211188
2211220
2211238
2211258
2211299
2211331
2211336
2211340
2211354
2211375
2211394
2211417
2211434
2211526
2211555
2211578
2211590
2211661
2211681
2211694
2211704
2211716
2211751
2211771
2211781
2211805
2211840
2211851
2211877
2211959
2211977
2212021
2212080
2212261
2212304
2212305
2212320
2212336
2212345
2212354
2212367
2212392
2212397
2212425
2212441
2212465
2212477
2212511
2212558
2212584
2212644
2212659
2212668
2212670
2212674
2212716
2212717
2212792
2212814
2212817
2212901
2212914
2212950
2213001
2213004
2213010
2213043
2213069
2213087
2213092
2213097
2213107
2213130
2213134
2213142
2213156
2213225
2213233
2213245
2213283
2213310
2213325
2213356
2213371
2213406
2213450
2213512
2213516
2213532
2213545
2213550
2213588
2213601
2213615
2213685
2213725
2213742
2213750
2213761
2213791
2213825
2213832
2213853
2213870
2213916
2213917
2213934
2213947
2213965
2213971
2213993
2214011
2214012
2214049
2214184
2214235
2214255
2214335
2214426
2214433
2214434
2214440
2214465
2214534
2214537
2214538
2214544
2214551
2214583
2214603
2214662
2214681
2214705
2214784
2214819
2214866
2214903
2214932
2214958
2214983
2214988
2215004
2215029
2215035
2215060
2215081
2215122
2215146
2215158
2215219
2215240
2215243
2215244
2215262
2215313
2215325
2215352
2215378
2215381
2215494
2215502
2215516
2215566
2215626
2215630
2215647
2215666
2215678
2215679
2215712
2215776
2215806
2215840
2215847
2215851
2215915
2215993
2215994
2216049
2216064
2216115
2216137
2216180
2216189
2216235
2216270
2216275
2216295
2216305
2216319
2216352
2216388
2216436
2216483
2216505
2216531
2216552
2216582
2216628
2216651
2216740
2216760
2216784
2216794
2216810
2216814
2216825
2216837
2216866
2216880
2216907
2216921
2216982
2217000
2217002
2217059
2217060
2217084
2217110
2217111
2217129
2217142
2217181
2217248
2217252
2217332
2217417
2217451
2217458
2217482
2217484
2217523
2217528
2217572
2217583
2217589
2217619
2217627
2217660
2217681
2217694
2217720
2217723
2217752
2217762
2217787
2217788
2217796
2217804
2217822
2217831
2217848
2217853
2217867
2217907
2217953
2217968
2218050
2218081
2218110
2218113
2218134
2218137
2218181
2218241
2218248
2218278
2218285
2218300
2218305
2218431
2218433
2218453
2218454
2218475
2218481
2218502
2218566
2218576
2218596
2218648
2218700
2218725
2218798
2218815
2218817
2218867
2218873
2218910
2218923
2218933
2218934
2218950
2218968
2219027
2219049
2219070
2219131
2219145
2219172
2219185
2219206
2219211
2219221
2219227
2219229
2219355
2219370
2219404
2219405
2219419
2219420
2219433
2219463
2219470
2219485
2219497
2219509
2219531
2219542
2219544
2219551
2219563
2219571
2219576
2219619
2219658
2219698
2219724
2219727
2219748
2219760
2219778
2219782
2219841
2219843
2219851
2219933
2220002
2220058
2220066
2220074
2220100
2220189
2220191
2220204
2220242
2220304
2220310
2220322
2220339
2220349
2220385
2220486
2220585
2220602
2220656
2220659
2220660
2220675
2220685
2220696
2220703
2220715
2220720
2220743
2220783
2220806
2220810
2220813
2220882
2220923
2220926
2220941
2220957
2220976
2220990
2221002
2221030
2221044
2221075
2221077
2221161
2221164
2221175
2221190
2221250
2221276
2221288
2221291
2221328
2221339
2221353
2221363
2221371
2221429
2221462
2221471
2221476
2221509
2221549
2221550
2221623
2221639
2221737
2221786
2221821
2221833
2221837
2221859
2221870
2221890
2221894
2221895
2221905
2221907
2221932
2221933
2221962
2221987
2222031
2222072
2222087
2222168
2222181
2222257
2222263
2222326
2222330
2222342
2222360
2222372
2222377
2222400
2222413
2222421
2222437
2222509
2222518
2222617
2222658
2222728
2222753
2222761
2222763
2222772
2222815
2222876
2222886
2222901
2222907
2222908
2222914
2222915
2222929
2222945
2222991
2223025
2223041
2223178
2223212
2223283
2223316
2223326
2223328
2223335
2223340
2223375
2223446
2223454
2223485
2223492
2223503
2223513
2223524
2223539
2223551
2223607
2223631
2223733
2223745
2223751
2223770
2223785
2223828
2223954
2224118
2224129
2224157
2224163
2224168
2224180
2224214
2224243
2224250
2224266
2224296
2224304
2224310
2224311
2224352
2224359
2224371
2224388
2224405
2224416
2224430
2224446
2224448
2224582
2224619
2224622
2224652
2224665
2224679
2224687
2224737
2224756
2224786
2224791
2224798
2224840
2224895
2224908
2224918
2224947
2224995
2225012
2225037
2225049
2225125
2225176
2225191
2225232
2225267
2225295
2225338
2225341
2225418
2225422
2225424
2225458
2225506
2225515
2225523
2225553
2225556
2225559
2225667
2225670
2225679
2225681
2225700
2225722
2225723
2225739
2225777
2225792
2225809
2225851
2225855
2225915
2225946
2225962
2225966
2226030
2226062
2226078
2226082
2226104
2226122
2226138
2226140
2226164
2226174
2226213
2226227
2226307
2226329
2226379
2226383
2226395
2226414
2226465
2226484
2226496
2226530
2226555
2226598
2226666
2226768
2226780
2226799
2226819
2226836
2226850
2226869
2226872
2226885
2226890
2226899
2226905
2226929
2226971
2226972
2226981
2226989
2227014
2227042
2227046
2227053
2227069
2227092
2227127
2227132
2227171
2227188
2227190
2227193
2227195
2227230
2227329
2227375
2227461
2227476
2227510
2227521
2227577
2227591
2227593
2227615
2227652
2227699
2227708
2227711
2227731
2227741
2227817
2227827
2227870
2227879
2227896
2227908
2227927
2227940
2227941
2227943
2227945
2227960
2227975
2228013
2228043
2228058
2228072
2228077
2228087
2228121
2228156
2228160
2228167
2228185
2228232
2228286
2228305
2228311
2228325
2228359
2228429
2228445
2228453
2228490
2228495
2228554
2228592
2228615
2228629
2228633
2228639
2228656
2228657
2228659
2228713
2228731
2228758
2228810
2228837
2228865
2228874
2228886
2228888
2228896
2228922
2228938
2228986
2229002
2229086
2229132
2229146
2229150
2229177
2229205
2229223
2229324
2229338
2229377
2229413
2229430
2229440
2229447
2229483
2229499
2229517
2229532
2229566
2229614
2229659
2229666
2229670
2229727
2229750
2229760
2229823
2229887
2229909
2229954
2230009
2230025
2230054
2230078
2230104
2230147
2230188
2230222
2230232
2230253
2230262
2230264
2230280
2230285
2230291
2230301
2230338
2230349
2230376
2230382
2230419
2230470
2230528
2230549
2230558
2230561
2230621
2230735
2230741
2230756
2230783
2230784
2230796
2230825
2230843
2230851
2230862
2230872
2230952
2231048
2231050
2231101
2231135
2231198
2231214
2231249
2231258
2231273
2231282
2231308
2231370
2231392
2231399
2231421
2231427
2231445
2231487
2231513
2231516
2231522
2231550
2231602
2231654
2231656
2231681
2231700
2231701
2231711
2231726
2231728
2231785
2231794
2231815
2231858
2231862
2231864
2231865
2231882
2231967
2232092
2232139
2232155
2232157
2232170
2232240
2232262
2232278
2232312
2232347
2232380
2232386
2232388
2232435
2232469
2232474
2232482
2232507
2232522
2232534
2232543
2232594
2232608
2232669
2232671
2232676
2232695
2232757
2232782
2232789
2232791
2232802
2232828
2232829
2232904
2232930
2232949
2233047
2233057
2233097
2233109
2233159
2233168
2233181
2233194
2233201
2233232
2233234
2233248
2233260
2233272
2233376
2233382
2233385
2233410
2233426
2233442
2233454
2233485
2233495
2233502
2233537
2233543
2233585
2233663
2233743
2233745
2233747
2233753
2233760
2233808
2233827
2233839
2233863
2233957
2234008
2234021
2234118
2234129
2234134
2234152
2234251
2234275
2234288
2234291
2234296
2234311
2234342
2234365
2234383
2234390
2234442
2234453
2234496
2234555
2234561
2234569
2234572
2234576
2234611
2234615
2234628
2234643
2234665
2234671
2234687
2234693
2234703
2234719
2234786
2234794
2234802
2234823
2234824
2234830
2234855
2234877
2234890
2234898
2234901
2234965
2234971
2235027
2235046
2235052
2235104
2235141
2235182
2235202
2235213
2235250
2235260
2235296
2235342
2235424
2235435
2235448
2235455
2235481
2235523
2235562
2235614
2235618
2235663
2235669
2235678
2235684
2235701
2235765
2235766
2235777
2235827
2235829
2235831
2235857
2235882
2235898
2235902
2235908
2235952
2235960
2235964
2236017
2236042
2236074
2236076
2236080
2236112
2236144
2236197
2236241
2236263
2236278
2236422
2236458
2236504
2236507
2236584
2236630
2236632
2236643
2236718
2236724
2236762
2236810
2236869
2236881
2236883
2236885
2236888
2236934
2236938
2236944
2236958
2236966
2236989
2237016
2237028
2237067
2237085
2237105
2237119
2237125
2237128
2237150
2237151
2237172
2237196
2237214
2237221
2237229
2237230
2237270
2237326
2237327
2237454
2237489
2237493
2237523
2237539
2237555
2237556
2237633
2237645
2237649
2237700
2237760
2237831
2237858
2237903
2237905
2237924
2237948
2237955
2237965
2237986
2238014
2238050
2238060
2238071
2238085
2238110
2238147
2238178
2238211
2238243
2238249
2238276
2238330
2238377
2238434
2238436
2238447
2238456
2238486
2238512
2238522
2238538
2238551
2238561
2238577
2238591
2238597
2238602
2238618
2238637
2238648
2238669
2238681
2238714
2238738
2238748
2238759
2238829
2238841
2238844
2238856
2238881
2238934
2238950
2238970
2238973
2239046
2239075
2239077
2239079
2239114
2239151
2239222
2239274
2239285
2239304
2239310
2239344
2239388
2239438
2239441
2239522
2239557
2239569
2239613
2239650
2239660
2239661
2239663
2239671
2239702
2239726
2239741
2239766
2239781
2239814
2239840
2239878
2239891
2239932
2239961
2240059
2240114
2240120
2240148
2240160
2240169
2240210
2240246
2240289
2240290
2240346
2240376
2240395
2240428
2240443
2240456
2240470
2240512
2240608
2240615
2240637
2240650
2240726
2240817
2240819
2240828
2240829
2240837
2240838
2240995
2241007
2241015
2241028
2241036
2241043
2241062
2241100
2241182
2241191
2241270
2241308
2241347
2241352
2241367
2241417
2241426
2241438
2241443
2241445
2241459
2241528
2241541
2241557
2241608
2241614
2241625
2241652
2241709
2241712
2241736
2241744
2241747
2241748
2241812
2241824
2241838
2241870
2241906
2241912
2241917
2241931
2241936
2241946
2241976
2241981
2242032
2242038
2242055
2242128
2242129
2242158
2242233
2242234
2242248
2242360
2242403
2242429
2242457
2242475
2242606
2242624
2242629
2242654
2242684
2242758
2242782
2242793
2242800
2242831
2242841
2242863
2242891
2242943
2242969
2243041
2243079
2243087
2243097
2243128
2243151
2243158
2243165
2243241
2243262
2243306
2243332
2243375
2243454
2243458
2243529
2243579
2243648
2243656
2243663
2243701
2243775
2243789
2243840
2243861
2243921
2243955
2243961
2243974
2243981
2243999
2244033
2244035
2244056
2244113
2244140
2244152
2244164
2244179
2244206
2244210
2244229
2244307
2244333
2244402
2244471
2244491
2244514
2244586
2244599
2244627
2244668
2244673
2244689
2244710
2244758
2244769
2244775
2244786
2244794
2244795
2244809
2244811
2244825
2244878
2244879
2244902
2244907
2244909
2244917
2244945
2244985
2245043
2245065
2245076
2245084
2245093
2245111
2245119
2245146
2245163
2245187
2245208
2245225
2245231
2245262
2245303
2245373
2245377
2245383
2245392
2245455
2245560
2245587
2245594
2245609
2245614
2245626
2245666
2245696
2245712
2245814
2245820
2245846
2245982
2245996
2246034
2246068
2246082
2246105
2246116
2246160
2246178
2246200
2246248
2246320
2246339
2246435
2246449
2246479
2246560
2246571
2246572
2246626
2246631
2246677
2246694
2246712
2246736
2246768
2246769
2246771
2246774
2246782
2246811
2246819
2246844
2246870
2246901
2246905
2246935
2246958
2246968
2246980
2247021
2247030
2247052
2247106
2247149
2247159
2247213
2247218
2247228
2247233
2247260
2247296
2247359
2247363
2247392
2247406
2247410
2247425
2247436
2247470
2247474
2247504
2247537
2247546
2247587
2247598
2247677
2247729
2247760
2247783
2247821
2247857
2247894
2247914
2247966
2247969
2248044
2248067
2248120
2248128
2248150
2248151
2248160
2248192
2248217
2248249
2248255
2248262
2248292
2248307
2248350
2248382
2248449
2248455
2248463
2248522
2248532
2248538
2248602
2248637
2248657
2248664
2248670
2248673
2248742
2248757
2248763
2248767
2248784
2248792
2248797
2248803
2248809
2248822
2248902
2248905
2248916
2248925
2248968
2249018
2249019
2249038
2249045
2249109
2249139
2249187
2249194
2249229
2249246
2249283
2249301
2249304
2249350
2249390
2249396
2249399
2249401
2249404
2249466
2249481
2249492
2249520
2249544
2249564
2249626
2249667
2249686
2249701
2249746
2249751
2249790
2249835
2249864
2249866
2249870
2249888
2249901
2249904
2249912
2249974
2250016
2250023
2250067
2250079
2250080
2250121
2250153
2250161
2250186
2250192
2250226
2250251
2250273
2250286
2250320
2250329
2250350
2250373
2250378
2250448
2250464
2250501
2250553
2250556
2250610
2250627
2250684
2250723
2250751
2250755
2250777
2250798
2250808
2250830
2250838
2250847
2250899
2250906
2250922
2250926
2250932
2250934
2250943
2250976
2250982
2251000
2251023
2251128
2251137
2251182
2251189
2251202
2251269
2251294
2251352
2251394
2251406
2251420
2251448
2251509
2251552
2251593
2251607
2251622
2251635
2251650
2251659
2251723
2251749
2251775
2251806
2251840
2251845
2251853
2251854
2251919
2251942
2252116
2252128
2252148
2252153
2252172
2252208
2252324
2252385
2252394
2252401
2252408
2252420
2252450
2252497
2252533
2252547
2252591
2252665
2252681
2252700
2252708
2252709
2252758
2252771
2252780
2252791
2252904
2252943
2252971
2252983
2253003
2253019
2253024
2253056
2253077
2253246
2253273
2253285
2253286
2253321
2253331
2253375
2253376
2253383
2253393
2253395
2253404
2253453
2253479
2253514
2253559
2253562
2253585
2253600
2253674
2253718
2253730
2253732
2253755
2253764
2253782
2253876
2253943
2253965
2253997
2254023
2254057
2254075
2254079
2254080
2254094
2254142
2254297
2254303
2254326
2254334
2254343
2254353
2254373
2254378
2254398
2254418
2254420
2254424
2254448
2254490
2254514
2254523
2254557
2254560
2254620
2254644
2254657
2254847
2254861
2254878
2254879
2254933
2254960
2254971
2254979
2254983
2255023
2255163
2255196
2255197
2255230
2255261
2255288
2255309
2255324
2255348
2255370
2255461
2255479
2255482
2255501
2255508
2255510
2255522
2255525
2255545
2255564
2255624
2255688
2255724
2255761
2255808
2255844
2255886
2255889
2255915
2255944
2255954
2255974
2255992
2255994
2256015
2256043
2256092
2256115
2256136
2256166
2256172
2256297
2256348
2256360
2256377
2256387
2256396
2256400
2256453
2256462
2256469
2256477
2256537
2256591
2256675
2256713
2256752
2256762
2256763
2256776
2256833
2256867
2256910
2256918
2256945
2256961
2256979
2256984
2257010
2257029
2257038
2257059
2257131
2257132
2257145
2257195
2257205
2257220
2257225
2257253
2257268
2257281
2257332
2257345
2257367
2257382
2257406
2257436
2257455
2257464
2257504
2257529
2257538
2257540
2257565
2257592
2257595
2257611
2257630
2257731
2257792
2257803
2257872
2257892
2257899
2257916
2257987
2257991
2258006
2258017
2258020
2258027
2258042
2258048
2258063
2258131
2258140
2258146
2258208
2258223
2258225
2258237
2258296
2258306
2258340
2258404
2258427
2258433
2258441
2258498
2258522
2258526
2258538
2258596
2258629
2258631
2258634
2258652
2258674
2258684
2258716
2258733
2258738
2258765
2258795
2258796
2258810
2258838
2258845
2258849
2258875
2258900
2258908
2258918
2258940
2258993
2258997
2259039
2259092
2259101
2259138
2259144
2259162
2259171
2259177
2259190
2259194
2259214
2259283
2259289
2259299
2259329
2259347
2259411
2259418
2259448
2259466
2259494
2259519
2259522
2259582
2259616
2259622
2259633
2259646
2259686
2259711
2259719
2259742
2259763
2259805
2259808
2259844
2259872
2259944
2259945
2259973
2259988
2260025
2260035
2260044
2260095
2260166
2260207
2260219
2260227
2260381
2260385
2260394
2260402
2260408
2260424
2260443
2260512
2260524
2260525
2260529
2260562
2260567
2260582
2260632
2260657
2260687
2260729
2260792
2260835
2260866
2260884
2260886
2260891
2260948
2260969
2260974
2260984
2260995
2261018
2261070
2261103
2261119
2261137
2261208
2261220
2261325
2261351
2261392
2261409
2261450
2261469
2261590
2261664
2261726
2261826
2261855
2261868
2261884
2261961
2261964
2262018
2262039
2262050
2262061
2262238
2262264
2262274
2262325
2262326
2262408
2262447
2262465
2262475
2262491
2262497
2262513
2262514
2262536
2262570
2262592
2262604
2262609
2262647
2262660
2262731
2262879
2262881
2262895
2262901
2262906
2262950
2262967
2262987
2262998
2263024
2263034
2263048
2263079
2263093
2263101
2263112
2263131
2263154
2263177
2263178
2263206
2263223
2263227
2263243
2263268
2263300
2263328
2263399
2263475
2263515
2263516
2263629
2263633
2263660
2263714
2263729
2263736
2263741
2263788
2263845
2263846
2263875
2263878
2263893
2263964
2263984
2263994
2264025
2264061
2264080
2264095
2264149
2264237
2264264
2264289
2264298
2264366
2264379
2264383
2264388
2264409
2264464
2264484
2264522
2264528
2264555
2264605
2264622
2264645
2264694
2264701
2264707
2264720
2264739
2264747
2264771
2264809
2264825
2264826
2264880
2264906
2264942
2264992
2265091
2265102
2265119
2265142
2265196
2265221
2265238
2265261
2265324
2265345
2265348
2265447
2265484
2265500
2265517
2265533
2265547
2265567
2265577
2265583
2265636
2265651
2265662
2265700
2265740
2265783
2265791
2265860
2265907
2265927
2265952
2265957
2265987
2266022
2266023
2266033
2266035
2266043
2266087
2266190
2266213
2266224
2266263
2266278
2266281
2266287
2266306
2266323
2266332
2266336
2266347
2266350
2266364
2266414
2266426
2266505
2266510
2266513
2266519
2266547
2266548
2266579
2266646
2266665
2266684
2266717
2266754
2266775
2266801
2266807
2266819
2266830
2266867
2266868
2266872
2266907
2266941
2266946
2267038
2267065
2267071
2267074
2267079
2267096
2267099
2267136
2267163
2267192
2267198
2267205
2267214
2267219
2267242
2267289
2267293
2267310
2267312
2267325
2267348
2267370
2267379
2267405
2267409
2267424
2267429
2267445
2267467
2267512
2267563
2267570
2267576
2267583
2267598
2267618
2267675
2267713
2267734
2267735
2267743
2267779
2267786
2267803
2267891
2267896
2267921
2267953
2267966
2267997
2268122
2268138
2268157
2268199
2268217
2268223
2268281
2268293
2268312
2268329
2268355
2268357
2268359
2268396
2268428
2268443
2268454
2268456
2268462
2268469
2268518
2268523
2268540
2268549
2268551
2268614
2268623
2268624
2268640
2268676
2268726
2268751
2268759
2268779
2268781
2268883
2268902
2268913
2268929
2269023
2269034
2269042
2269053
2269065
2269066
2269067
2269098
2269099
2269114
2269143
2269158
2269163
2269167
2269350
2269367
2269370
2269395
2269410
2269417
2269457
2269495
2269507
2269525
2269528
2269539
2269587
2269625
2269656
2269700
2269703
2269770
2269796
2269973
2270091
2270097
2270101
2270203
2270209
2270210
2270307
2270337
2270353
2270425
2270443
2270496
2270539
2270565
2270589
2270611
2270637
2270639
2270659
2270669
2270771
2270776
2270802
2270817
2270881
2270933
2270942
2270966
2270968
2270996
2271015
2271023
2271024
2271070
2271093
2271104
2271109
2271132
2271206
2271246
2271257
2271277
2271304
2271350
2271365
2271375
2271378
2271380
2271382
2271392
2271401
2271402
2271407
2271429
2271481
2271531
2271544
2271611
2271628
2271637
2271688
2271707
2271734
2271740
2271747
2271755
2271773
2271779
2271785
2271813
2271816
2271844
2271863
2271870
2271890
2271930
2271981
2272003
2272011
2272026
2272035
2272042
2272045
2272057
2272065
2272085
2272099
2272117
2272148
2272155
2272196
2272213
2272222
2272225
2272263
2272289
2272293
2272315
2272401
2272453
2272454
2272518
2272544
2272549
2272553
2272586
2272658
2272675
2272690
2272696
2272735
2272739
2272748
2272753
2272796
2272816
2272827
2272845
2272925
2272930
2272932
2272933
2272934
2272984
2273017
2273055
2273060
2273078
2273120
2273206
2273216
2273256
2273275
2273291
2273331
2273354
2273356
2273364
2273378
2273396
2273420
2273434
2273461
2273542
2273568
2273583
2273588
2273629
2273656
2273664
2273721
2273749
2273757
2273771
2273784
2273827
2273883
2273910
2273943
2273957
2274006
2274029
2274037
2274053
2274061
2274086
2274113
2274133
2274135
2274146
2274185
2274224
2274245
2274299
2274304
2274307
2274327
2274404
2274430
2274443
2274569
2274585
2274589
2274617
2274654
2274710
2274783
2274815
2274823
2274851
2274881
2274938
2274953
2274961
2274985
2275010
2275040
2275044
2275070
2275091
2275114
2275164
2275210
2275230
2275265
2275270
2275275
2275288
2275300
2275346
2275372
2275386
2275395
2275402
2275444
2275458
2275468
2275485
2275513
2275520
2275530
2275541
2275710
2275732
2275751
2275758
2275776
2275819
2275822
2275872
2275874
2275902
2275912
2275996
2275998
2276046
2276118
2276130
2276145
2276161
2276202
2276223
2276291
2276316
2276348
2276380
2276391
2276402
2276403
2276417
2276423
2276644
2276664
2276674
2276696
2276705
2276767
2276771
2276795
2276805
2276822
2276828
2276840
2276853
2276869
2276878
2276911
2276946
2277048
2277093
2277111
2277129
2277198
2277237
2277319
2277379
2277423
2277425
2277429
2277440
2277453
2277462
2277476
2277488
2277495
2277513
2277537
2277551
2277563
2277574
2277640
2277696
2277697
2277704
2277710
2277730
2277751
2277810
2277828
2277924
2277931
2277935
2277943
2277958
2278014
2278094
2278097
2278139
2278143
2278164
2278195
2278232
2278313
2278406
2278459
2278485
2278499
2278503
2278512
2278533
2278577
2278605
2278630
2278676
2278693
2278699
2278730
2278760
2278767
2278799
2278812
2278829
2278865
2278889
2278902
2278948
2278959
2278966
2278981
2279034
2279039
2279050
2279053
2279083
2279087
2279111
2279141
2279186
2279201
2279205
2279206
2279217
2279244
2279262
2279367
2279390
2279411
2279421
2279467
2279477
2279480
2279522
2279533
2279539
2279547
2279563
2279565
2279581
2279649
2279652
2279656
2279662
2279710
2279724
2279758
2279761
2279796
2279857
2279864
2279982
2280039
2280072
2280126
2280146
2280189
2280256
2280260
2280268
2280276
2280284
2280300
2280308
2280319
2280339
2280340
2280356
2280376
2280486
2280498
2280525
2280527
2280540
2280591
2280593
2280606
2280642
2280657
2280663
2280708
2280709
2280762
2280772
2280888
2280893
2280962
2281025
2281034
2281064
2281113
2281143
2281158
2281164
2281184
2281221
2281271
2281274
2281303
2281304
2281309
2281330
2281335
2281342
2281348
2281364
2281378
2281393
2281429
2281478
2281488
2281515
2281521
2281533
2281543
2281594
2281661
2281694
2281702
2281706
2281718
2281751
2281816
2281826
2281865
2281892
2281945
2281965
2281971
2281984
2281985
2282003
2282020
2282031
2282034
2282053
2282123
2282130
2282133
2282171
2282186
2282191
2282194
2282233
2282260
2282266
2282280
2282310
2282393
2282407
2282425
2282482
2282491
2282523
2282646
2282658
2282685
2282695
2282790
2282849
2282904
2282933
2282947
2282963
2282973
2282988
2282990
2283007
2283008
2283019
2283033
2283053
2283072
2283073
2283095
2283098
2283107
2283111
2283156
2283185
2283218
2283241
2283262
2283293
2283344
2283359
2283394
2283433
2283462
2283500
2283535
2283543
2283563
2283612
2283637
2283645
2283652
2283670
2283676
2283677
2283685
2283739
2283751
2283752
2283799
2283808
2283835
2283841
2283847
2283855
2283891
2283919
2283941
2283948
2283949
2283958
2284031
2284042
2284099
2284128
2284216
2284225
2284266
2284276
2284326
2284329
2284331
2284365
2284367
2284395
2284458
2284494
2284495
2284514
2284621
2284695
2284723
2284797
2284807
2284822
2284862
2284872
2284896
2284912
2284913
2284924
2284931
2285030
2285044
2285134
2285148
2285159
2285165
2285214
2285226
2285273
2285278
2285292
2285362
2285380
2285396
2285466
2285494
2285534
2285620
2285702
2285718
2285773
2285797
2285838
2285867
2285879
2285905
2285972
2286009
2286040
2286087
2286141
2286146
2286165
2286171
2286188
2286209
2286266
2286285
2286336
2286368
2286374
2286405
2286424
2286426
2286437
2286446
2286527
2286533
2286688
2286700
2286718
2286724
2286742
2286755
2286761
2286776
2286797
2286803
2286900
2286967
2286984
2287067
2287097
2287162
2287169
2287196
2287231
2287291
2287304
2287346
2287374
2287415
2287464
2287470
2287485
2287535
2287601
2287687
2287728
2287758
2287793
2287800
2287804
2287815
2287816
2287817
2287819
2287840
2287850
2287853
2287893
2287899
2287920
2287922
2287924
2287977
2287992
2288021
2288044
2288065
2288071
2288079
2288169
2288180
2288183
2288200
2288235
2288239
2288247
2288275
2288282
2288350
2288356
2288375
2288405
2288419
2288432
2288433
2288453
2288484
2288509
2288561
2288588
2288677
2288688
2288794
2288804
2288806
2288855
2288870
2288888
2288982
2288984
2289014
2289053
2289063
2289101
2289103
2289166
2289193
2289264
2289315
2289326
2289369
2289388
2289420
2289426
2289466
2289469
2289472
2289485
2289496
2289510
2289645
2289680
2289685
2289718
2289719
2289722
2289750
2289774
2289796
2289798
2289827
2289830
2289832
2289839
2289855
2289908
2289914
2289930
2289993
2290000
2290005
2290014
2290028
2290109
2290187
2290249
2290278
2290287
2290336
2290431
2290440
2290453
2290461
2290487
2290504
2290577
2290578
2290585
2290593
2290634
2290649
2290685
2290762
2290766
2290786
2290901
2290971
2291097
2291117
2291182
2291188
2291215
2291253
2291291
2291296
2291305
2291382
2291406
2291412
2291486
2291513
2291535
2291546
2291579
2291612
2291642
2291667
2291720
2291722
2291731
2291759
2291790
2291807
2291869
2291913
2291924
2291926
2291943
2291989
2292008
2292060
2292079
2292183
2292276
2292317
2292355
2292356
2292389
2292529
2292546
2292570
2292572
2292574
2292585
2292648
2292658
2292669
2292752
2292757
2292778
2292834
2292920
2292976
2292989
2293034
2293038
2293058
2293064
2293083
2293094
2293112
2293126
2293160
2293213
2293224
2293258
2293272
2293282
2293284
2293391
2293410
2293509
2293511
2293537
2293554
2293559
2293626
2293660
2293679
2293686
2293773
2293806
2293815
2293848
2293906
2294057
2294072
2294187
2294206
2294211
2294259
2294270
2294359
2294376
2294457
2294462
2294463
2294514
2294540
2294629
2294644
2294726
2294741
2294756
2294795
2294804
2294845
2294860
2294880
2294885
2294926
2294928
2294999
2295010
2295039
2295042
2295043
2295048
2295050
2295056
2295072
2295082
2295104
2295111
2295123
2295138
2295142
2295175
2295192
2295196
2295250
2295278
2295282
2295284
2295312
2295340
2295365
2295379
2295380
2295428
2295440
2295487
2295490
2295502
2295510
2295531
2295557
2295566
2295570
2295619
2295748
2295793
2295813
2295822
2295846
2295931
2295962
2296005
2296134
2296143
2296173
2296225
2296292
2296306
2296309
2296324
2296336
2296355
2296362
2296404
2296411
2296478
2296480
2296544
2296554
2296566
2296577
2296592
2296611
2296625
2296639
2296656
2296660
2296666
2296692
2296721
2296762
2296774
2296785
2296810
2296864
2296873
2296900
2296969
2296987
2296988
2297049
2297067
2297102
2297127
2297171
2297185
2297198
2297231
2297265
2297311
2297342
2297374
2297447
2297451
2297470
2297524
2297562
2297569
2297585
2297588
2297612
2297633
2297650
2297748
2297751
2297786
2297826
2297885
2297921
2297948
2298035
2298052
2298078
2298092
2298106
2298115
2298134
2298164
2298240
2298253
2298257
2298259
2298296
2298331
2298352
2298372
2298424
2298448
2298449
2298521
2298565
2298567
2298625
2298648
2298680
2298686
2298721
2298738
2298752
2298767
2298805
2298870
2298902
2298951
2298961
2298966
2298998
2299053
2299070
2299088
2299138
2299148
2299199
2299205
2299225
2299260
2299288
2299316
2299402
2299404
2299457
2299477
2299489
2299520
2299575
2299649
2299654
2299693
2299707
2299719
2299751
2299763
2299774
2299934
2299982
2300000
2300001
2300029
2300057
2300065
2300068
2300095
2300098
2300134
2300143
2300146
2300152
2300178
2300214
2300222
2300328
2300377
2300444
2300457
2300504
2300512
2300544
2300550
2300551
2300556
2300570
2300572
2300629
2300705
2300721
2300729
2300760
2300803
2300805
2300817
2300848
2300867
2300873
2300952
2300960
2301020
2301047
2301117
2301118
2301128
2301142
2301180
2301240
2301285
2301360
2301386
2301411
2301426
2301445
2301495
2301503
2301523
2301528
2301545
2301558
2301562
2301570
2301596
2301652
2301703
2301707
2301717
2301726
2301764
2301881
2301886
2301915
2301941
2301964
2301986
2302030
2302041
2302069
2302115
2302154
2302174
2302186
2302192
2302249
2302283
2302299
2302303
2302312
2302319
2302342
2302376
2302414
2302418
2302425
2302431
2302445
2302458
2302473
2302511
2302525
2302530
2302548
2302550
2302588
2302599
2302666
2302723
2302729
2302841
2302929
2302957
2303097
2303122
2303125
2303128
2303134
2303241
2303250
2303260
2303296
2303308
2303335
2303342
2303372
2303377
2303402
2303409
2303428
2303430
2303445
2303456
2303521
2303528
2303566
2303632
2303644
2303682
2303707
2303768
2303780
2303854
2303870
2303878
2303905
2303908
2303909
2303935
2303969
2304001
2304059
2304065
2304102
2304104
2304109
2304122
2304128
2304148
2304158
2304166
2304175
2304233
2304238
2304281
2304299
2304310
2304323
2304325
2304341
2304351
2304388
2304420
2304429
2304442
2304512
2304547
2304564
2304567
2304591
2304598
2304659
2304688
2304693
2304734
2304744
2304755
2304777
2304791
2304813
2304850
2304900
2304957
2305031
2305033
2305056
2305107
2305124
2305134
2305175
2305239
2305248
2305311
2305348
2305398
2305417
2305463
2305515
2305527
2305534
2305573
2305601
2305609
2305681
2305708
2305731
2305732
2305775
2305807
2305821
2305884
2305893
2305927
2305935
2306006
2306037
2306051
2306066
2306076
2306128
2306135
2306140
2306151
2306188
2306209
2306214
2306225
2306235
2306250
2306257
2306333
2306336
2306352
2306377
2306388
2306389
2306392
2306408
2306483
2306486
2306497
2306517
2306549
2306600
2306610
2306640
2306673
2306748
2306754
2306782
2306829
2306830
2306840
2306858
2306863
2306880
2306891
2306897
2306899
2306948
2306963
2306989
2307080
2307140
2307142
2307151
2307184
2307190
2307213
2307250
2307308
2307358
2307399
2307411
2307413
2307415
2307455
2307469
2307518
2307565
2307633
2307658
2307711
2307741
2307747
2307782
2307784
2307793
2307796
2307809
2307819
2307837
2307850
2307860
2307889
2307906
2307992
2308012
2308075
2308090
2308106
2308136
2308184
2308219
2308282
2308295
2308360
2308363
2308443
2308462
2308480
2308485
2308509
2308515
2308570
2308574
2308632
2308634
2308644
2308732
2308802
2308803
2308838
2308860
2308862
2308948
2308990
2309023
2309033
2309049
2309075
2309110
2309148
2309155
2309192
2309211
2309218
2309277
2309356
2309366
2309385
2309397
2309408
2309409
2309413
2309449
2309456
2309486
2309487
2309532
2309638
2309679
2309706
2309725
2309767
2309788
2309883
2309888
2309891
2309923
2309931
2309935
2309942
2309955
2309961
2309980
2309989
2310002
2310010
2310052
2310069
2310074
2310107
2310116
2310118
2310121
2310133
2310157
2310174
2310178
2310187
2310188
2310209
2310234
2310245
2310260
2310265
2310276
2310348
2310366
2310433
2310489
2310528
2310578
2310679
2310767
2310820
2310826
2310867
2310874
2310956
2311006
2311026
2311031
2311083
2311090
2311095
2311109
2311112
2311130
2311146
2311173
2311230
2311289
2311311
2311315
2311316
2311332
2311361
2311384
2311458
2311460
2311487
2311500
2311501
2311513
2311517
2311638
2311656
2311657
2311680
2311711
2311717
2311726
2311757
2311766
2311777
2311795
2311870
2311880
2311916
2311939
2312086
2312089
2312094
2312106
2312188
2312285
2312384
2312386
2312412
2312431
2312460
2312498
2312510
2312511
2312542
2312693
2312731
2312733
2312734
2312740
2312748
2312762
2312827
2312829
2312849
2312870
2312872
2312874
2312893
2312921
2312927
2312940
2312984
2313016
2313077
2313105
2313126
2313168
2313176
2313343
2313353
2313366
2313374
2313396
2313451
2313453
2313506
2313507
2313558
2313568
2313578
2313581
2313673
2313715
2313736
2313754
2313789
2313869
2313917
2314003
2314028
2314034
2314035
2314050
2314089
2314181
2314221
2314228
2314234
2314310
2314312
2314343
2314383
2314386
2314416
2314425
2314432
2314459
2314468
2314514
2314555
2314560
2314572
2314579
2314585
2314593
2314601
2314634
2314638
2314664
2314688
2314707
2314716
2314720
2314728
2314733
2314774
2314804
2314832
2314839
2314840
2314890
2314895
2314957
2314987
2314993
2314999
2315030
2315039
2315047
2315087
2315095
2315121
2315123
2315129
2315171
2315185
2315206
2315230
2315235
2315306
2315322
2315328
2315371
2315378
2315385
2315414
2315420
2315430
2315502
2315527
2315536
2315574
2315578
2315579
2315590
2315652
2315683
2315687
2315703
2315718
2315761
2315783
2315789
2315790
2315792
2315848
2315860
2315887
2315956
2315965
2316010
2316047
2316073
2316090
2316110
2316133
2316159
2316180
2316240
2316244
2316251
2316267
2316290
2316328
2316344
2316359
2316375
2316381
2316408
2316440
2316462
2316509
2316568
2316592
2316605
2316609
2316627
2316671
2316679
2316740
2316753
2316775
2316785
2316826
2316861
2316877
2316888
2316897
2316905
2316934
2316955
2316979
2317055
2317072
2317080
2317087
2317142
2317214
2317235
2317256
2317321
2317328
2317361
2317390
2317452
2317459
2317515
2317520
2317533
2317568
2317577
2317585
2317593
2317632
2317692
2317744
2317763
2317771
2317842
2317856
2317866
2317894
2317899
2317903
2317908
2317916
2317926
2317934
2317937
2318020
2318023
2318070
2318076
2318086
2318087
2318091
2318106
2318112
2318131
2318162
2318165
2318192
2318207
2318210
2318312
2318326
2318332
2318443
2318481
2318496
2318517
2318597
2318614
2318648
2318654
2318659
2318694
2318706
2318712
2318730
2318784
2318795
2318824
2318913
2318939
2319011
2319045
2319055
2319091
2319107
2319128
2319134
2319145
2319166
2319183
2319190
2319217
2319226
2319271
2319276
2319297
2319298
2319301
2319320
2319396
2319401
2319404
2319436
2319437
2319481
2319484
2319590
2319628
2319688
2319712
2319734
2319767
2319809
2319832
2319880
2319883
2319910
2319946
2319948
2319962
2320041
2320048
2320052
2320075
2320078
2320107
2320156
2320174
2320229
2320248
2320257
2320258
2320264
2320281
2320312
2320351
2320457
2320468
2320478
2320482
2320533
2320593
2320627
2320639
2320647
2320685
2320692
2320772
2320816
2320860
2320865
2320915
2320923
2320975
2321044
2321105
2321109
2321115
2321180
2321196
2321270
2321303
2321378
2321394
2321401
2321486
2321488
2321491
2321510
2321596
2321650
2321677
2321732
2321763
2321789
2321831
2321837
2321854
2321856
2321899
2321903
2321910
2321937
2321975
2321989
2322076
2322097
2322100
2322113
2322172
2322195
2322248
2322272
2322282
2322287
2322320
2322337
2322343
2322373
2322399
2322414
2322454
2322479
2322485
2322499
2322505
2322513
2322542
2322631
2322633
2322643
2322652
2322663
2322665
2322702
2322720
2322791
2322792
2322797
2322865
2322867
2322945
2323052
2323187
2323188
2323191
2323205
2323229
2323258
2323268
2323296
2323299
2323306
2323318
2323330
2323433
2323440
2323494
2323519
2323528
2323536
2323539
2323540
2323561
2323580
2323609
2323610
2323616
2323633
2323676
2323706
2323769
2323815
2323827
2323865
2323868
2323889
2323891
2323901
2323919
2323927
2323951
2323975
2323993
2324006
2324031
2324033
2324057
2324107
2324129
2324156
2324247
2324253
2324254
2324277
2324309
2324312
2324317
2324328
2324336
2324346
2324389
2324411
2324419
2324431
2324451
2324453
2324477
2324515
2324530
2324586
2324606
2324621
2324725
2324750
2324777
2324781
2324838
2324875
2324886
2324944
2325000
2325004
2325042
2325043
2325129
2325146
2325149
2325161
2325174
2325198
2325330
2325354
2325372
2325386
2325390
2325396
2325417
2325427
2325450
2325459
2325479
2325491
2325496
2325556
2325604
2325606
2325635
2325637
2325639
2325686
2325691
2325693
2325705
2325707
2325714
2325716
2325720
2325753
2325761
2325772
2325803
2325807
2325813
2325844
2325850
2325890
2325920
2325931
2325958
2325986
2326005
2326045
2326079
2326092
2326095
2326127
2326153
2326161
2326196
2326219
2326244
2326252
2326255
2326318
2326365
2326372
2326383
2326475
2326481
2326555
2326564
2326577
2326592
2326613
2326649
2326662
2326727
2326776
2326812
2326892
2326920
2326963
2326982
2327074
2327191
2327234
2327254
2327384
2327446
2327453
2327454
2327461
2327464
2327508
2327535
2327561
2327566
2327602
2327607
2327620
2327625
2327687
2327696
2327732
2327775
2327786
2327796
2327797
2327808
2327847
2327869
2327900
2327913
2327943
2327952
2327958
2328004
2328063
2328103
2328154
2328273
2328308
2328312
2328414
2328471
2328518
2328539
2328547
2328580
2328606
2328625
2328639
2328694
2328709
2328734
2328771
2328805
2328829
2328839
2328853
2328869
2328945
2329003
2329019
2329046
2329048
2329060
2329095
2329125
2329136
2329161
2329267
2329275
2329281
2329289
2329321
2329363
2329378
2329404
2329428
2329444
2329463
2329475
2329489
2329495
2329498
2329543
2329583
2329605
2329639
2329643
2329664
2329665
2329672
2329673
2329711
2329712
2329730
2329847
2329849
2329854
2329866
2329939
2329944
2329947
2329955
2329959
2329985
2329997
2330069
2330073
2330089
2330107
2330142
2330148
2330190
2330196
2330201
2330209
2330234
2330249
2330295
2330305
2330308
2330322
2330392
2330435
2330463
2330496
2330501
2330562
2330591
2330592
2330620
2330650
2330687
2330706
2330777
2330866
2330890
2330896
2331011
2331067
2331132
2331147
2331179
2331255
2331305
2331309
2331310
2331346
2331352
2331470
2331480
2331522
2331555
2331600
2331616
2331666
2331727
2331731
2331741
2331778
2331859
2331901
2331916
2331975
2331999
2332009
2332019
2332035
2332046
2332068
2332109
2332115
2332176
2332253
2332260
2332275
2332308
2332349
2332350
2332355
2332363
2332365
2332410
2332412
2332415
2332433
2332447
2332475
2332476
2332532
2332557
2332582
2332675
2332682
2332726
2332755
2332827
2332856
2332912
2332987
2332995
2333021
2333030
2333080
2333103
2333115
2333120
2333156
2333167
2333193
2333198
2333222
2333328
2333341
2333364
2333418
2333419
2333428
2333500
2333556
2333557
2333587
2333589
2333593
2333640
2333754
2333757
2333768
2333770
2333804
2333835
2333878
2333919
2333925
2334043
2334055
2334063
2334069
2334098
2334156
2334157
2334159
2334181
2334184
2334207
2334230
2334255
2334338
2334356
2334359
2334497
2334503
2334511
2334542
2334553
2334565
2334566
2334615
2334623
2334654
2334797
2334800
2334811
2334833
2334881
2334914
2334968
2335019
2335024
2335034
2335140
2335145
2335176
2335179
2335188
2335198
2335202
2335204
2335239
2335296
2335415
2335423
2335493
2335596
2335686
2335706
2335718
2335770
2335789
2335790
2335835
2335837
2335844
2335873
2335961
2335973
2335974
2335994
2336070
2336100
2336126
2336137
2336144
2336168
2336180
2336244
2336248
2336339
2336349
2336389
2336393
2336406
2336426
2336434
2336487
2336520
2336548
2336566
2336599
2336622
2336625
2336673
2336722
2336771
2336783
2336784
2336877
2336900
2336917
2336923
2336960
2336964
2336980
2336987
2336992
2337060
2337066
2337129
2337148
2337152
2337193
2337239
2337244
2337266
2337272
2337369
2337458
2337468
2337498
2337517
2337518
2337522
2337531
2337535
2337590
2337612
2337626
2337710
2337752
2337855
2337981
2338019
2338032
2338108
2338133
2338171
2338173
2338180
2338208
2338233
2338253
2338257
2338336
2338338
2338403
2338405
2338418
2338421
2338424
2338430
2338438
2338493
2338505
2338626
2338681
2338713
2338733
2338752
2338784
2338846
2338952
2338955
2339008
2339059
2339064
2339077
2339106
2339161
2339194
2339195
2339210
2339273
2339276
2339278
2339292
2339312
2339347
2339548
2339648
2339680
2339717
2339725
2339815
2339834
2339838
2339862
2339934
2339958
2339966
2340048
2340061
2340071
2340093
2340126
2340144
2340161
2340162
2340163
2340174
2340207
2340218
2340248
2340274
2340278
2340288
2340298
2340360
2340362
2340372
2340381
2340430
2340434
2340452
2340476
2340490
2340500
2340518
2340591
2340605
2340615
2340621
2340666
2340676
2340688
2340700
2340711
2340724
2340796
2340806
2340808
2340821
2340882
2340906
2340920
2340929
2341057
2341083
2341103
2341107
2341183
2341187
2341201
2341237
2341289
2341335
2341341
2341396
2341450
2341459
2341465
2341472
2341479
2341500
2341524
2341591
2341625
2341648
2341727
2341759
2341857
2341862
2341871
2341924
2341934
2341938
2341942
2341994
2342036
2342133
2342136
2342145
2342147
2342152
2342268
2342278
2342294
2342296
2342298
2342305
2342319
2342334
2342380
2342397
2342461
2342476
2342480
2342485
2342495
2342506
2342533
2342550
2342556
2342562
2342589
2342596
2342609
2342615
2342617
2342622
2342629
2342640
2342657
2342664
2342697
2342704
2342739
2342750
2342754
2342775
2342781
2342805
2342819
2342835
2342836
2342837
2342840
2342849
2342876
2342885
2342919
2342940
2342966
2342983
2343018
2343020
2343145
2343155
2343176
2343186
2343206
2343237
2343265
2343279
2343354
2343425
2343438
2343457
2343498
2343519
2343525
2343535
2343552
2343606
2343637
2343652
2343667
2343668
2343681
2343694
2343887
2343909
2343938
2343966
2344057
2344072
2344091
2344095
2344108
2344147
2344195
2344207
2344279
2344393
2344397
2344411
2344412
2344418
2344447
2344560
2344571
2344574
2344584
2344652
2344694
2344732
2344762
2344784
2344873
2344877
2344913
2344920
2344921
2344948
2344951
2344959
2344966
2344980
2344987
2345104
2345120
2345121
2345161
2345228
2345271
2345325
2345370
2345482
2345492
2345498
2345574
2345598
2345643
2345660
2345725
2345823
2345886
2345895
2345917
2345930
2345969
2345987
2346004
2346009
2346022
2346036
2346085
2346109
2346132
2346180
2346246
2346270
2346281
2346448
2346458
2346468
2346529
2346544
2346593
2346620
2346631
2346658
2346688
2346709
2346764
2346767
2346834
2346849
2346918
2346922
2346958
2346965
2346990
2347004
2347042
2347079
2347093
2347114
2347119
2347124
2347139
2347165
2347213
2347223
2347254
2347270
2347273
2347304
2347308
2347326
2347327
2347345
2347346
2347358
2347407
2347415
2347417
2347442
2347444
2347531
2347550
2347580
2347676
2347714
2347715
2347719
2347721
2347722
2347822
2347826
2347842
2347969
2347979
2347990
2348017
2348054
2348055
2348093
2348103
2348134
2348146
2348187
2348201
2348246
2348252
2348321
2348327
2348337
2348369
2348407
2348433
2348478
2348492
2348512
2348514
2348526
2348612
2348627
2348632
2348634
2348637
2348653
2348660
2348665
2348684
2348826
2348862
2348865
2348867
2348872
2348873
2348911
2348943
2348949
2348983
2348986
2348999
2349053
2349086
2349139
2349145
2349152
2349156
2349158
2349198
2349202
2349208
2349233
2349264
2349266
2349276
2349289
2349301
2349455
2349507
2349521
2349560
2349613
2349631
2349650
2349671
2349683
2349685
2349693
2349709
2349718
2349753
2349765
2349797
2349807
2349811
2349817
2349848
2349891
2349902
2349946
2349982
2350019
2350038
2350062
2350071
2350109
2350161
2350162
2350272
2350326
2350327
2350329
2350337
2350388
2350401
2350420
2350446
2350461
2350464
2350501
2350502
2350507
2350561
2350580
2350587
2350590
2350634
2350637
2350646
2350687
2350775
2350801
2350870
2350903
2350904
2350932
2350946
2350948
2350970
2350982
2350996
2351045
2351060
2351081
2351106
2351132
2351205
2351234
2351283
2351292
2351369
2351433
2351440
2351507
2351535
2351597
2351633
2351746
2351758
2351767
2351825
2351867
2351872
2351995
2351998
2352011
2352066
2352068
2352076
2352151
2352276
2352280
2352301
2352305
2352348
2352365
2352388
2352448
2352463
2352491
2352603
2352644
2352672
2352739
2352784
2352785
2352810
2352814
2352830
2352854
2352875
2352903
2352919
2352935
2352969
2352987
2353003
2353063
2353097
2353102
2353126
2353208
2353319
2353351
2353352
2353387
2353409
2353416
2353479
2353495
2353562
2353593
2353696
2353700
2353731
2353748
2353789
2353809
2353906
2354013
2354029
2354060
2354072
2354096
2354136
2354138
2354159
2354160
2354183
2354232
2354261
2354266
2354286
2354320
2354347
2354351
2354391
2354432
2354523
2354537
2354551
2354586
2354593
2354602
2354603
2354604
2354608
2354613
2354635
2354693
2354717
2354735
2354790
2354812
2354837
2354845
2354860
2354921
2355045
2355072
2355096
2355115
2355118
2355126
2355134
2355153
2355164
2355206
2355238
2355294
2355326
2355376
2355390
2355432
2355534
2355550
2355551
2355604
2355626
2355667
2355682
2355699
2355716
2355762
2355796
2355828
2355849
2355878
2355883
2355921
2355983
2356023
2356079
2356092
2356190
2356197
2356222
2356224
2356244
2356269
2356299
2356328
2356339
2356346
2356355
2356375
2356405
2356409
2356413
2356466
2356531
2356623
2356627
2356630
2356720
2356737
2356762
2356763
2356785
2356794
2356823
2356869
2356911
2357020
2357065
2357073
2357089
2357158
2357163
2357258
2357276
2357288
2357339
2357345
2357372
2357423
2357427
2357429
2357446
2357468
2357474
2357479
2357487
2357637
2357666
2357724
2357729
2357735
2357743
2357814
2357829
2357840
2357863
2357898
2357941
2357984
2358043
2358047
2358061
2358106
2358140
2358147
2358151
2358170
2358174
2358179
2358203
2358230
2358258
2358322
2358336
2358340
2358365
2358427
2358446
2358472
2358489
2358530
2358605
2358754
2358778
2358794
2358878
2358966
2358967
2358984
2359022
2359070
2359098
2359162
2359242
2359292
2359313
2359320
2359387
2359449
2359459
2359491
2359505
2359529
2359531
2359604
2359650
2359665
2359732
2359744
2359764
2359869
2359893
2360018
2360045
2360048
2360063
2360070
2360099
2360139
2360142
2360143
2360172
2360180
2360215
2360252
2360359
2360375
2360379
2360422
2360427
2360432
2360444
2360456
2360457
2360492
2360495
2360529
2360530
2360626
2360668
2360688
2360690
2360717
2360734
2360744
2360747
2360752
2360863
2360882
2360908
2360917
2360947
2360963
2361011
2361018
2361039
2361076
2361081
2361171
2361218
2361279
2361303
2361318
2361354
2361360
2361369
2361417
2361464
2361502
2361534
2361600
2361627
2361640
2361642
2361652
2361658
2361735
2361780
2361788
2361815
2361827
2361879
2361885
2361930
2362022
2362036
2362044
2362064
2362100
2362119
2362158
2362197
2362272
2362291
2362316
2362347
2362369
2362379
2362421
2362482
2362498
2362513
2362542
2362546
2362549
2362603
2362662
2362799
2362809
2362895
2362904
2362928
2362932
2363079
2363120
2363155
2363192
2363220
2363278
2363281
2363290
2363309
2363341
2363412
2363497
2363562
2363614
2363632
2363651
2363657
2363674
2363706
2363751
2363773
2363826
2363880
2363994
2364021
2364065
2364086
2364118
2364162
2364201
2364215
2364258
2364288
2364300
2364319
2364343
2364389
2364408
2364442
2364460
2364461
2364544
2364634
2364713
2364718
2364728
2364844
2364900
2364901
2364911
2364957
2364965
2364967
2364980
2364985
2365046
2365054
2365057
2365096
2365101
2365108
2365117
2365124
2365203
2365262
2365287
2365360
2365370
2365379
2365477
2365523
2365570
2365734
2365787
2365827
2365908
2365968
2365990
2366003
2366038
2366049
2366053
2366066
2366118
2366125
2366154
2366225
2366312
2366319
2366334
2366342
2366346
2366362
2366372
2366447
2366520
2366526
2366621
2366655
2366666
2366677
2366722
2366743
2366762
2366821
2366857
2366906
2366951
2366986
2366990
2367004
2367026
2367105
2367131
2367144
2367145
2367167
2367169
2367178
2367331
2367362
2367370
2367376
2367398
2367402
2367405
2367444
2367466
2367485
2367549
2367588
2367647
2367704
2367705
2367709
2367725
2367728
2367733
2367754
2367781
2367792
2367899
2367904
2367938
2368094
2368166
2368173
2368188
2368244
2368262
2368295
2368311
2368317
2368323
2368383
2368399
2368435
2368473
2368478
2368488
2368504
2368512
2368532
2368567
2368571
2368573
2368582
2368705
2368753
2368839
2368852
2369000
2369004
2369041
2369047
2369061
2369076
2369078
2369087
2369118
2369155
2369288
2369341
2369377
2369413
2369441
2369461
2369500
2369508
2369536
2369559
2369607
2369630
2369633
2369707
2369712
2369729
2369735
2369742
2369792
2369829
2369839
2369868
2369871
2369882
2369931
2369938
2369945
2369951
2369978
2369996
2370009
2370021
2370026
2370033
2370066
2370084
2370110
2370155
2370168
2370171
2370209
2370215
2370259
2370330
2370403
2370450
2370455
2370655
2370682
2370687
2370722
2370728
2370733
2370755
2370756
2370761
2370794
2370797
2370809
2370812
2370866
2371016
2371019
2371035
2371056
2371062
2371132
2371166
2371180
2371204
2371261
2371330
2371347
2371459
2371479
2371535
2371538
2371604
2371622
2371655
2371707
2371717
2371777
2371784
2371825
2371828
2371880
2371890
2371923
2371934
2371938
2371997
2372005
2372008
2372027
2372138
2372188
2372203
2372250
2372313
2372322
2372347
2372356
2372502
2372533
2372546
2372561
2372575
2372600
2372704
2372720
2372727
2372807
2372831
2372869
2372872
2372946
2373115
2373160
2373180
2373224
2373245
2373258
2373283
2373401
2373447
2373456
2373499
2373518
2373559
2373587
2373626
2373637
2373661
2373667
2373701
2373785
2373924
2374052
2374109
2374175
2374179
2374192
2374226
2374230
2374244
2374246
2374348
2374362
2374397
2374404
2374434
2374474
2374480
2374481
2374492
2374522
2374524
2374577
2374595
2374605
2374677
2374738
2374743
2374817
2374828
2374899
2374962
2374997
2375034
2375121
2375164
2375187
2375190
2375219
2375226
2375263
2375289
2375319
2375345
2375456
2375498
2375515
2375535
2375617
2375641
2375820
2375829
2375885
2375936
2375942
2375951
2375958
2375961
2375984
2376006
2376013
2376052
2376087
2376112
2376183
2376212
2376228
2376254
2376310
2376418
2376422
2376442
2376470
2376575
2376587
2376628
2376638
2376748
2376836
2376868
2376882
2376904
2376927
2376933
2376962
2376972
2376973
2377003
2377013
2377039
2377054
2377098
2377130
2377153
2377277
2377281
2377291
2377297
2377329
2377330
2377460
2377462
2377481
2377483
2377518
2377530
2377538
2377570
2377665
2377672
2377808
2377849
2377873
2377928
2377952
2377970
2377972
2377995
2378000
2378121
2378125
2378142
2378165
2378203
2378225
2378261
2378274
2378311
2378316
2378317
2378340
2378341
2378385
2378396
2378417
2378468
2378490
2378498
2378508
2378516
2378528
2378572
2378617
2378625
2378645
2378679
2378693
2378755
2378764
2378817
2378868
2378899
2378909
2378922
2378932
2378947
2378957
2378958
2378964
2378965
2378979
2379003
2379008
2379021
2379022
2379025
2379106
2379108
2379163
2379232
2379261
2379277
2379290
2379304
2379352
2379386
2379393
2379411
2379414
2379438
2379450
2379461
2379470
2379493
2379584
2379588
2379614
2379659
2379660
2379699
2379712
2379716
2379774
2379808
2379814
2379827
2379839
2379863
2379871
2379915
2379945
2379964
2379977
2379984
2380020
2380026
2380095
2380228
2380272
2380284
2380311
2380313
2380317
2380336
2380360
2380364
2380372
2380381
2380396
2380436
2380469
2380516
2380527
2380541
2380544
2380548
2380552
2380597
2380609
2380673
2380676
2380703
2380740
2380803
2380845
2380938
2380961
2381005
2381058
2381078
2381090
2381107
2381112
2381117
2381177
2381196
2381228
2381247
2381260
2381289
2381342
2381365
2381421
2381440
2381449
2381463
2381537
2381552
2381570
2381612
2381613
2381636
2381638
2381666
2381784
2381797
2381829
2381846
2381903
2381966
2381974
2382003
2382021
2382027
2382047
2382062
2382076
2382084
2382108
2382111
2382145
2382189
2382220
2382232
2382359
2382368
2382373
2382401
2382450
2382458
2382470
2382494
2382514
2382538
2382571
2382576
2382641
2382658
2382674
2382695
2382809
2382827
2382857
2382868
2382876
2382877
2382907
2382939
2382952
2383006
2383015
2383024
2383045
2383073
2383117
2383136
2383152
2383173
2383269
2383284
2383336
2383365
2383392
2383420
2383428
2383433
2383452
2383488
2383491
2383545
2383551
2383562
2383568
2383598
2383610
2383632
2383643
2383646
2383680
2383737
2383848
2383857
2383885
2383898
2383911
2383936
2383944
2383978
2383993
2384013
2384077
2384191
2384212
2384246
2384267
2384280
2384327
2384346
2384351
2384511
2384565
2384567
2384587
2384610
2384661
2384664
2384665
2384699
2384709
2384716
2384771
2384805
2384832
2384924
2384929
2385021
2385029
2385061
2385124
2385126
2385140
2385175
2385195
2385199
2385281
2385320
2385417
2385462
2385463
2385464
2385505
2385517
2385525
2385590
2385591
2385602
2385630
2385656
2385691
2385743
2385746
2385770
2385782
2385832
2385896
2385935
2385939
2386002
2386030
2386065
2386178
2386180
2386186
2386193
2386195
2386304
2386310
2386314
2386347
2386383
2386430
2386433
2386442
2386455
2386482
2386495
2386580
2386631
2386652
2386671
2386692
2386697
2386725
2386732
2386753
2386755
2386792
2386804
2386831
2386834
2386856
2386903
2386940
2386980
2387060
2387109
2387127
2387287
2387288
2387309
2387331
2387340
2387362
2387367
2387424
2387427
2387462
2387464
2387505
2387550
2387604
2387698
2387717
2387734
2387753
2387840
2387894
2387902
2387913
2387940
2387962
2387985
2388039
2388076
2388132
2388139
2388169
2388172
2388195
2388217
2388238
2388259
2388300
2388330
2388355
2388374
2388380
2388385
2388455
2388456
2388471
2388583
2388604
2388633
2388639
2388652
2388707
2388734
2388793
2388818
2388832
2388839
2388843
2388871
2388877
2388923
2388939
2389005
2389014
2389084
2389086
2389112
2389116
2389145
2389200
2389215
2389228
2389232
2389273
2389322
2389328
2389351
2389453
2389479
2389518
2389553
2389642
2389694
2389695
2389730
2389740
2389769
2389796
2389814
2389873
2389881
2389916
2389927
2389976
2390024
2390063
2390106
2390111
2390151
2390189
2390195
2390233
2390364
2390371
2390380
2390393
2390426
2390512
2390516
2390560
2390659
2390676
2390679
2390734
2390750
2390765
2390768
2390810
2390823
2390878
2390926
2390937
2390973
2390979
2391000
2391051
2391069
2391088
2391131
2391138
2391173
2391182
2391237
2391249
2391271
2391278
2391280
2391283
2391324
2391375
2391413
2391514
2391532
2391570
2391575
2391578
2391593
2391631
2391649
2391660
2391661
2391684
2391693
2391713
2391765
2391860
2391886
2391912
2391921
2391944
2391959
2391995
2392056
2392063
2392137
2392175
2392200
2392246
2392307
2392324
2392380
2392386
2392439
2392558
2392561
2392569
2392580
2392635
2392657
2392665
2392703
2392733
2392768
2392779
2392789
2392807
2392829
2392859
2392862
2392895
2392906
2392911
2392913
2392923
2392946
2392979
2392984
2393000
2393022
2393083
2393150
2393181
2393203
2393236
2393238
2393336
2393372
2393399
2393408
2393476
2393509
2393516
2393538
2393568
2393583
2393627
2393660
2393713
2393715
2393742
2393764
2393818
2393884
2393898
2393944
2393976
2394003
2394078
2394133
2394138
2394170
2394194
2394299
2394303
2394313
2394415
2394419
2394444
2394480
2394489
2394491
2394503
2394504
2394545
2394568
2394649
2394699
2394742
2394766
2394774
2394778
2394837
2394839
2394888
2395001
2395002
2395022
2395042
2395047
2395048
2395073
2395076
2395141
2395177
2395253
2395328
2395330
2395356
2395403
2395404
2395416
2395435
2395476
2395527
2395577
2395632
2395640
2395644
2395645
2395660
2395675
2395692
2395695
2395703
2395839
2395879
2395897
2395941
2395965
2395971
2395976
2396014
2396053
2396057
2396058
2396074
2396104
2396138
2396151
2396182
2396215
2396370
2396393
2396401
2396471
2396478
2396480
2396509
2396544
2396564
2396579
2396589
2396590
2396598
2396603
2396637
2396640
2396671
2396774
2396802
2396816
2396823
2396887
2396895
2396906
2396927
2396935
2396977
2397132
2397184
2397189
2397209
2397223
2397238
2397259
2397279
2397282
2397317
2397347
2397402
2397436
2397470
2397472
2397481
2397532
2397639
2397661
2397666
2397680
2397686
2397730
2397756
2397764
2397775
2397782
2397785
2397808
2397860
2397871
2397874
2397893
2397909
2397915
2398000
2398039
2398089
2398104
2398123
2398194
2398268
2398345
2398349
2398369
2398450
2398528
2398594
2398606
2398637
2398815
2398816
2398818
2398847
2398873
2398895
2398964
2398984
2399017
2399025
2399051
2399071
2399115
2399135
2399143
2399147
2399160
2399200
2399252
2399289
2399340
2399344
2399347
2399357
2399410
2399417
2399473
2399534
2399550
2399566
2399594
2399751
2399787
2399864
2399869
2399888
2399914
2399973
2399990
2400031
2400066
2400071
2400154
2400205
2400226
2400237
2400242
2400269
2400282
2400321
2400396
2400405
2400415
2400424
2400425
2400430
2400434
2400497
2400585
2400593
2400600
2400636
2400647
2400655
2400676
2400677
2400719
2400781
2400800
2400833
2400936
2400951
2400958
2401019
2401049
2401059
2401089
2401107
2401123
2401209
2401224
2401228
2401249
2401251
2401361
2401385
2401432
2401437
2401518
2401546
2401562
2401585
2401621
2401649
2401671
2401720
2401727
2401762
2401769
2401776
2401779
2401787
2401823
2401878
2401891
2401904
2402018
2402038
2402040
2402072
2402077
2402096
2402100
2402150
2402154
2402155
2402243
2402256
2402325
2402355
2402378
2402386
2402392
2402498
2402518
2402535
2402556
2402577
2402584
2402589
2402600
2402626
2402697
2402742
2402753
2402766
2402775
2402796
2402799
2402802
2402816
2402817
2402822
2402846
2402865
2402885
2402889
2402959
2402995
2403096
2403123
2403174
2403186
2403197
2403198
2403250
2403270
2403303
2403342
2403405
2403498
2403503
2403576
2403593
2403616
2403698
2403716
2403726
2403741
2403742
2403757
2403847
2403912
2403950
2403972
2403992
2404008
2404035
2404050
2404081
2404142
2404163
2404172
2404195
2404201
2404220
2404222
2404276
2404321
2404323
2404370
2404403
2404462
2404471
2404568
2404614
2404634
2404658
2404679
2404681
2404696
2404697
2404712
2404760
2404772
2404953
2404971
2405000
2405023
2405056
2405085
2405110
2405133
2405215
2405224
2405240
2405307
2405324
2405349
2405358
2405394
2405436
2405453
2405639
2405643
2405654
2405658
2405683
2405716
2405738
2405764
2405781
2405799
2405804
2405902
2405932
2405979
2406006
2406012
2406043
2406057
2406134
2406146
2406151
2406170
2406180
2406214
2406221
2406222
2406237
2406246
2406281
2406333
2406346
2406402
2406430
2406470
2406475
2406476
2406493
2406539
2406578
2406610
2406631
2406675
2406678
2406685
2406692
2406730
2406735
2406752
2406773
2406795
2406930
2406966
2406996
2407037
2407108
2407126
2407209
2407294
2407379
2407390
2407518
2407571
2407608
2407610
2407627
2407640
2407643
2407664
2407670
2407682
2407722
2407769
2407778
2407786
2407824
2407837
2407856
2407867
2407893
2407932
2408004
2408038
2408098
2408154
2408167
2408207
2408239
2408243
2408245
2408249
2408315
2408417
2408492
2408503
2408504
2408544
2408579
2408581
2408588
2408636
2408650
2408668
2408707
2408747
2408762
2408828
2408850
2408852
2408915
2408976
2408997
2409004
2409005
2409113
2409133
2409173
2409174
2409183
2409223
2409251
2409252
2409281
2409300
2409355
2409360
2409365
2409394
2409398
2409419
2409455
2409517
2409573
2409598
2409852
2409882
2409932
2409949
2409971
2410006
2410114
2410134
2410141
2410147
2410178
2410203
2410218
2410316
2410328
2410377
2410405
2410409
2410454
2410483
2410535
2410572
2410618
2410635
2410717
2410758
2410841
2410853
2410860
2410914
2410925
2410928
2410945
2410950
2410954
2410977
2411016
2411045
2411091
2411139
2411155
2411177
2411227
2411272
2411276
2411289
2411354
2411520
2411533
2411537
2411565
2411574
2411626
2411693
2411725
2411839
2411849
2411888
2411902
2411909
2411925
2412071
2412073
2412080
2412094
2412209
2412235
2412249
2412296
2412341
2412429
2412473
2412525
2412554
2412584
2412587
2412598
2412638
2412640
2412695
2412766
2412790
2412809
2412857
2412860
2412974
2412988
2413054
2413068
2413092
2413139
2413161
2413252
2413258
2413260
2413310
2413342
2413353
2413377
2413378
2413416
2413429
2413432
2413456
2413463
2413479
2413515
2413567
2413584
2413603
2413669
2413691
2413719
2413733
2413766
2413775
2413837
2413899
2414015
2414021
2414044
2414084
2414087
2414149
2414166
2414225
2414248
2414290
2414307
2414308
2414408
2414425
2414446
2414452
2414502
2414507
2414578
2414585
2414608
2414627
2414642
2414664
2414680
2414745
2414754
2414757
2414768
2414791
2414793
2414864
2414867
2414893
2414977
2415001
2415173
2415214
2415222
2415236
2415287
2415294
2415394
2415484
2415487
2415509
2415516
2415529
2415541
2415564
2415648
2415653
2415717
2415743
2415779
2415829
2415842
2415848
2415851
2415853
2415874
2415892
2415897
2415982
2416016
2416035
2416057
2416063
2416107
2416156
2416185
2416196
2416235
2416244
2416292
2416358
2416359
2416373
2416393
2416395
2416421
2416434
2416442
2416445
2416451
2416571
2416583
2416585
2416602
2416640
2416681
2416695
2416783
2416821
2416838
2416853
2416871
2416988
2417049
2417072
2417095
2417139
2417164
2417174
2417190
2417258
2417261
2417271
2417325
2417366
2417379
2417444
2417454
2417564
2417570
2417594
2417711
2417734
2417738
2417739
2417741
2417810
2417818
2417942
2417957
2418044
2418069
2418089
2418115
2418190
2418199
2418215
2418279
2418339
2418375
2418376
2418386
2418445
2418467
2418477
2418489
2418501
2418531
2418543
2418562
2418593
2418594
2418605
2418685
2418689
2418737
2418799
2418844
2418908
2418926
2418977
2419006
2419009
2419065
2419152
2419176
2419208
2419262
2419289
2419298
2419316
2419357
2419375
2419554
2419582
2419601
2419610
2419615
2419624
2419647
2419666
2419672
2419725
2419735
2419777
2419783
2419786
2419844
2419905
2419927
2419963
2419968
2419971
2419980
2420008
2420024
2420110
2420114
2420123
2420154
2420163
2420201
2420221
2420230
2420246
2420332
2420333
2420374
2420421
2420432
2420440
2420526
2420531
2420542
2420579
2420580
2420600
2420606
2420660
2420676
2420678
2420692
2420770
2420794
2420822
2420862
2420863
2420908
2420923
2421051
2421084
2421090
2421102
2421129
2421277
2421298
2421320
2421329
2421356
2421377
2421383
2421386
2421456
2421459
2421473
2421507
2421519
2421524
2421624
2421625
2421657
2421675
2421696
2421699
2421741
2421791
2421800
2421823
2421846
2421850
2421896
2421949
2422043
2422054
2422216
2422222
2422241
2422248
2422325
2422338
2422352
2422369
2422389
2422391
2422394
2422424
2422429
2422448
2422453
2422459
2422502
2422505
2422521
2422528
2422622
2422639
2422704
2422710
2422727
2422751
2422764
2422800
2422801
2422867
2422886
2422917
2422919
2422932
2422960
2423050
2423138
2423173
2423228
2423229
2423236
2423286
2423290
2423335
2423383
2423415
2423423
2423465
2423492
2423537
2423540
2423584
2423591
2423596
2423616
2423619
2423682
2423690
2423693
2423735
2423745
2423812
2423816
2423848
2423852
2423855
2423873
2423887
2423910
2423913
2423933
2423955
2423958
2423997
2424028
2424143
2424198
2424205
2424212
2424273
2424302
2424310
2424347
2424353
2424355
2424385
2424457
2424468
2424493
2424503
2424617
2424629
2424699
2424711
2424754
2424914
2424994
2425027
2425062
2425096
2425105
2425137
2425170
2425229
2425254
2425289
2425301
2425348
2425365
2425409
2425451
2425463
2425545
2425564
2425646
2425737
2425755
2425779
2425786
2425814
2425856
2425907
2425918
2425969
2426041
2426065
2426121
2426153
2426225
2426346
2426387
2426406
2426407
2426467
2426468
2426481
2426487
2426503
2426520
2426637
2426670
2426690
2426710
2426714
2426758
2426808
2426845
2426875
2426892
2426954
2426958
2426970
2426997
2427080
2427128
2427159
2427188
2427206
2427215
2427225
2427286
2427327
2427356
2427402
2427414
2427501
2427521
2427539
2427551
2427560
2427606
2427678
2427714
2427715
2427734
2427738
2427913
2427984
2427989
2428013
2428024
2428049
2428069
2428086
2428135
2428196
2428202
2428236
2428285
2428303
2428311
2428318
2428339
2428461
2428465
2428547
2428562
2428577
2428621
2428622
2428669
2428678
2428724
2428745
2428762
2428772
2428841
2428859
2428861
2428864
2429013
2429076
2429187
2429193
2429284
2429357
2429392
2429432
2429443
2429499
2429647
2429734
2429774
2429833
2429880
2429903
2429938
2429947
2429949
2429950
2429953
2429970
2430038
2430041
2430058
2430087
2430093
2430103
2430128
2430168
2430188
2430191
2430397
2430438
2430530
2430584
2430669
2430682
2430684
2430691
2430759
2430800
2430917
2431013
2431135
2431137
2431140
2431141
2431152
2431172
2431202
2431238
2431249
2431298
2431300
2431307
2431411
2431422
2431477
2431480
2431490
2431537
2431605
2431611
2431633
2431663
2431735
2431794
2431853
2431896
2431908
2431925
2432001
2432009
2432018
2432054
2432084
2432111
2432117
2432152
2432157
2432193
2432202
2432213
2432245
2432250
2432255
2432262
2432304
2432322
2432340
2432363
2432369
2432404
2432453
2432460
2432466
2432471
2432501
2432508
2432633
2432661
2432662
2432700
2432739
2432756
2432761
2432763
2432779
2432800
2432811
2432828
2432946
2432959
2432968
2433004
2433010
2433031
2433035
2433047
2433086
2433099
2433166
2433167
2433172
2433175
2433182
2433183
2433199
2433234
2433241
2433260
2433267
2433299
2433338
2433345
2433370
2433375
2433379
2433398
2433413
2433419
2433438
2433495
2433523
2433534
2433614
2433708
2433721
2433787
2433894
2433898
2433943
2433952
2433962
2433970
2433997
2434020
2434139
2434192
2434202
2434256
2434257
2434258
2434261
2434279
2434289
2434318
2434328
2434373
2434382
2434415
2434421
2434433
2434454
2434565
2434587
2434617
2434665
2434691
2434763
2434774
2434822
2434846
2434862
2434910
2434986
2435014
2435023
2435043
2435047
2435074
2435099
2435119
2435149
2435181
2435218
2435242
2435254
2435280
2435287
2435290
2435391
2435401
2435403
2435410
2435426
2435435
2435441
2435458
2435479
2435486
2435491
2435517
2435540
2435558
2435569
2435577
2435583
2435662
2435664
2435687
2435713
2435774
2435807
2435810
2435850
2435854
2435861
2435899
2435981
2435993
2436015
2436133
2436144
2436219
2436225
2436231
2436251
2436267
2436273
2436329
2436376
2436395
2436443
2436448
2436450
2436454
2436496
2436541
2436550
2436566
2436568
2436623
2436692
2436763
2436767
2436770
2436836
2436842
2436865
2436880
2436916
2436936
2436957
2437072
2437159
2437174
2437204
2437205
2437244
2437273
2437276
2437284
2437297
2437323
2437344
2437381
2437443
2437459
2437462
2437478
2437481
2437487
2437501
2437589
2437591
2437618
2437640
2437700
2437716
2437779
2437795
2437804
2437824
2437828
2437878
2437880
2437903
2437919
2437929
2438002
2438010
2438040
2438046
2438069
2438074
2438083
2438104
2438114
2438168
2438197
2438230
2438238
2438241
2438280
2438284
2438310
2438362
2438396
2438434
2438497
2438534
2438543
2438571
2438581
2438600
2438629
2438683
2438754
2438767
2438770
2438785
2438828
2438910
2438915
2438928
2438961
2439019
2439029
2439048
2439050
2439065
2439067
2439079
2439096
2439138
2439142
2439143
2439147
2439153
2439231
2439238
2439284
2439325
2439374
2439382
2439476
2439477
2439483
2439547
2439619
2439635
2439653
2439667
2439674
2439698
2439739
2439776
2439785
2439799
2439806
2439810
2439848
2439864
2439890
2439942
2440019
2440031
2440052
2440076
2440087
2440094
2440127
2440149
2440163
2440187
2440205
2440215
2440272
2440273
2440276
2440377
2440383
2440412
2440428
2440446
2440455
2440541
2440578
2440600
2440701
2440704
2440732
2440753
2440788
2440793
2440805
2440811
2440831
2440832
2440920
2440930
2441004
2441043
2441076
2441158
2441162
2441164
2441201
2441215
2441218
2441312
2441371
2441380
2441382
2441388
2441400
2441410
2441453
2441456
2441475
2441485
2441520
2441528
2441535
2441625
2441636
2441649
2441805
2441819
2441832
2441875
2441881
2441907
2441913
2441927
2441931
2442000
2442002
2442024
2442071
2442109
2442156
2442197
2442218
2442222
2442229
2442276
2442281
2442291
2442347
2442376
2442384
2442494
2442507
2442537
2442538
2442560
2442567
2442589
2442602
2442617
2442639
2442685
2442731
2442779
2442807
2442840
2442846
2442884
2442937
2442969
2442974
2443011
2443013
2443023
2443099
2443107
2443186
2443235
2443245
2443309
2443313
2443323
2443349
2443378
2443438
2443450
2443482
2443492
2443606
2443621
2443742
2443746
2443749
2443770
2443774
2443781
2443856
2443862
2444006
2444073
2444079
2444124
2444130
2444147
2444165
2444194
2444212
2444240
2444261
2444321
2444333
2444359
2444366
2444388
2444400
2444463
2444502
2444647
2444692
2444718
2444877
2444895
2444896
2444934
2444936
2444937
2444975
2444987
2444992
2445013
2445019
2445024
2445034
2445046
2445077
2445083
2445116
2445186
2445229
2445231
2445256
2445312
2445364
2445379
2445429
2445459
2445531
2445563
2445569
2445613
2445653
2445665
2445714
2445836
2445853
2445873
2445947
2445952
2445956
2445985
2446014
2446089
2446090
2446094
2446109
2446123
2446144
2446210
