0
24
60
80
133
171
187
289
295
333
359
406
502
669
680
682
724
753
760
791
820
994
1320
1355
1397
1461
1521
1556
1611
1703
1759
1802
1804
2071
2183
2393
2465
2488
2513
2646
2708
2881
2901
2963
2971
3020
3029
3097
3121
3125
3361
3490
3509
3524
3548
3626
3687
3707
3754
3967
4085
4096
4111
4112
4179
4217
4456
4465
4546
4604
4665
4719
5200
5295
5319
5384
5441
5445
5520
5555
5618
5627
5730
5951
5970
5999
6129
6195
6309
6337
6770
7037
7188
7230
7432
7509
7564
7569
7886
8007
8185
8202
8220
8240
8242
8303
8315
8366
8431
8520
8540
8655
8669
8767
8970
8978
9009
9086
9146
9256
9282
9797
9810
9876
10140
10378
10405
10525
10533
10548
10555
10644
10811
10822
10890
10919
11110
11226
11576
11599
11705
11727
11736
11865
11891
11945
12037
12242
12309
12526
12537
12586
12599
12620
12704
12744
12771
12873
12917
12965
13453
13465
13603
13610
13625
13683
13782
13802
13886
13952
14004
14074
14124
14260
14405
14431
14564
14784
14804
14845
14945
15018
15104
15295
15333
15356
15374
15447
15487
15519
15706
15722
15753
15816
15996
16169
16258
16290
16300
16399
16470
16535
16739
16864
16873
16981
17051
17080
17140
17176
17255
17282
17300
17301
17424
17477
17536
17601
17875
17998
18057
18093
18115
18129
18221
18298
18447
18545
18568
18626
18647
18725
18861
18953
19108
19137
19148
19181
19219
19296
19346
19444
19548
19637
19664
19887
19916
20071
20120
20139
20189
20334
20504
20523
20687
20830
20923
21036
21228
21261
21528
21617
21687
21767
22340
22353
22410
22413
22500
22513
22557
22752
22783
22808
22831
22905
22975
23115
23166
23190
23200
23242
23343
23377
23397
23501
23671
23724
23756
23764
23790
23806
23807
23898
24127
24130
24260
24298
24333
24367
24385
24443
24466
24569
24578
24813
24842
24919
24999
25046
25163
25258
25370
25406
25491
25518
25526
25588
25758
25838
25949
26007
26032
26123
26307
26483
26784
26902
26956
26998
27029
27143
27186
27321
27389
27438
27570
27753
27774
27828
28014
28048
28090
28121
28150
28157
28170
28257
28292
28363
28505
28536
28854
28862
29030
29088
29137
29179
29421
29465
29562
29665
29682
29708
29748
29763
29862
29895
29936
29993
30078
30174
30746
30771
30803
30877
30946
30990
31045
31202
31513
31516
31547
31635
31810
31842
31868
31986
32246
32350
32712
32715
32829
32886
32936
32975
33045
33125
33298
33318
33428
33535
33988
33996
34012
34033
34063
34117
34234
34309
34357
34399
34541
34604
34629
34648
34930
35103
35172
35195
35235
35259
35291
35385
35399
35468
35471
35484
35564
35690
35715
35743
36014
36148
36162
36163
36587
36591
36639
36677
36924
37025
37181
37237
37268
37437
37916
38030
38249
38298
38303
38345
38360
38379
38439
38611
38638
38788
38792
38860
38990
39012
39189
39233
39316
39365
39448
39477
39863
39865
39921
40152
40316
40453
40475
40697
40701
40738
40827
40854
40970
41073
41100
41335
41371
41516
41743
41827
42049
42139
42165
42338
42413
42441
42867
42901
43096
43110
43187
43527
43534
43649
43659
43726
43837
43885
43914
43982
44179
44231
44376
44477
44515
44608
44624
44673
44827
44933
44985
45038
45050
45213
45362
45431
45444
45452
45525
45556
45629
45794
45909
46009
46077
46267
46391
46438
46471
46539
46687
46700
46732
46798
46883
46941
47057
47202
47271
47284
47287
47495
47499
47503
47537
47588
47631
47823
47850
48003
48102
48148
48151
48245
48260
48325
48393
48401
48406
48434
48469
48592
48606
48809
48923
49131
49143
49219
49245
49301
49369
49713
49967
50127
50153
50208
50243
50279
50299
50476
50501
50680
50742
50859
50946
50959
51119
51429
51473
51595
51657
51698
51819
51824
51936
51995
52037
52171
52221
52230
52302
52337
52530
52552
52558
52761
52904
53096
53159
53191
53248
53272
53380
53386
53501
53531
53642
53776
53806
53821
53871
54247
54278
54290
54320
54393
54648
54656
54834
55073
55117
55215
55273
55344
55393
55521
55582
55590
55620
55623
55626
55686
55766
55796
55890
56065
56092
56332
56449
56496
56528
56566
56574
56784
56813
56845
56944
57056
57077
57145
57222
57354
57478
57753
57791
57923
58003
58007
58048
58060
58061
58308
58588
58722
58723
58752
58783
58999
59163
59170
59224
59264
59270
59343
59402
59494
59691
59703
59751
59790
59861
59909
60294
60353
60361
60376
60406
60444
60523
60717
60912
60967
60995
61153
61307
61312
61395
61403
61416
61437
61644
61684
61690
61755
61950
61991
62011
62064
62097
62102
62228
62287
62344
62347
62378
62411
62484
62637
62970
63017
63089
63106
63120
63139
63192
63243
63249
63287
63411
63543
63569
63633
63654
63712
63749
63790
63843
63852
64031
64133
64140
64263
64382
64384
64454
64482
64599
64620
64659
64905
65048
65059
65062
65089
65194
65277
65364
65645
65690
65936
65952
66006
66310
66318
66370
66410
66554
66650
66727
66953
67119
67228
67456
67731
67783
67795
67845
67875
67975
68186
68251
68266
68290
68329
68428
68767
68880
68966
69027
69029
69084
69091
69204
69413
69555
69873
69935
69979
70006
70032
70049
70063
70093
70269
70280
70379
70451
70567
70583
70619
70704
70757
70778
70827
70988
70995
71157
71169
71199
71265
71309
71491
71539
71555
71599
71617
71639
71752
71774
71878
71879
71886
72140
72153
72186
72232
72237
72447
72777
72785
72906
72925
72937
73068
73160
73206
73256
73290
73614
73658
73680
73696
73879
73905
74068
74114
74163
74242
74348
74422
74454
74524
74527
74536
74590
74731
74870
75021
75115
75189
75353
75436
75473
75557
75584
75602
75649
75667
75707
75805
75866
75999
76049
76088
76204
76281
76557
76573
76662
76685
76689
76725
76745
76804
76851
77070
77289
77320
77443
77500
77553
77593
77756
78051
78116
78141
78272
78273
78512
78554
78648
78786
78935
79005
79066
79137
79138
79298
79460
79491
79632
79658
79671
79694
79722
79733
79816
79840
79855
79862
79966
80366
80756
80801
80983
80994
81098
81117
81126
81181
81205
81304
81326
81437
81510
81639
81686
81779
81800
82024
82166
82396
82424
82480
82646
82703
82789
82879
82908
83007
83034
83054
83189
83197
83271
83340
83348
83416
83487
83491
83580
83627
83690
83815
83848
83866
83910
83965
83984
84132
84504
84541
84591
84637
84692
84784
84919
84953
84961
84975
85015
85107
85465
85541
85581
85587
85893
85918
85941
85948
86034
86074
86103
86134
86184
86353
86391
86425
86449
86492
86534
86660
86715
86872
86954
86977
87103
87153
87337
87353
87677
87719
87764
87779
88085
88137
88198
88234
88327
88534
88544
88736
88962
89004
89120
89183
89327
89446
89527
89549
89603
89625
89641
89715
89742
89990
90017
90143
90252
90292
90382
90533
90628
90719
90979
91000
91022
91086
91329
91382
91500
91531
91533
91691
91718
91720
91756
91836
91871
92089
92092
92310
92360
92440
92592
92639
92734
92772
93046
93076
93082
93205
93336
93416
93502
93544
93550
93596
93809
93835
93853
93912
94103
94215
94236
94344
94386
94394
94460
94589
94608
94712
94759
94798
94878
94921
94956
95031
95173
95323
95408
95571
95640
95643
95749
95882
96041
96169
96239
96283
96378
96463
96593
96716
96752
96811
96840
96964
96977
97053
97219
97511
97528
97840
97855
97945
98019
98035
98085
98114
98158
98176
98200
98319
98441
98457
98534
98642
98691
98738
98743
98884
98918
99009
99113
99311
99347
99546
99650
99690
99769
99863
99903
99921
99998
100032
100284
100289
100297
100342
100369
100412
100490
100501
100561
100631
100801
101170
101175
101283
101363
101403
101703
101739
101798
101952
101972
101991
102040
102057
102096
102116
102202
102260
102289
102383
102437
102557
102851
102911
102963
102974
102987
103008
103236
103291
103571
103615
103644
103887
103890
103902
103906
103966
104000
104126
104170
104331
104393
104461
104504
104723
104824
104893
104988
105007
105043
105097
105170
105234
105259
105302
105441
105509
105522
105550
105573
105587
105614
105626
105647
105672
105677
105744
106146
106164
106166
106311
106378
106562
106681
106728
106767
106952
107148
107222
107405
107555
107587
107830
107935
107948
108131
108157
108310
108326
108416
108430
108545
108634
108661
108899
108953
109337
109481
109557
109596
109669
109920
110035
110061
110075
110289
110401
110403
110407
110431
110453
110461
110655
110722
110924
111052
111198
111248
111265
111295
111465
111517
111604
111754
111889
111904
112115
112153
112197
112201
112249
112327
112340
112466
112494
112578
112600
112650
112711
112817
112832
113164
113319
113385
113474
113655
113667
113734
113745
113750
113790
113840
113859
113875
113973
114189
114310
114317
114333
114445
114753
114782
114925
115169
115224
115310
115427
115468
115525
115541
115546
115703
115765
115878
116006
116016
116060
116064
116104
116174
116180
116314
116335
116357
116359
116484
116718
116849
116866
116929
116947
117040
117050
117088
117092
117153
117278
117424
117426
117523
117549
117693
117825
117968
118099
118185
118281
118417
118629
118777
118778
118790
118856
119030
119137
119207
119286
119366
119401
119505
119516
119566
119609
119631
119634
119675
119741
119915
120104
120150
120291
120485
120601
120603
120776
120839
120898
120954
120956
120973
121212
121246
121302
121387
121574
121594
121660
121729
121886
121970
121978
122059
122195
122197
122322
122336
122495
122666
122791
122857
123086
123107
123138
123162
123177
123199
123208
123213
123257
123585
123595
123721
123885
123895
123941
123988
123991
124061
124139
124309
124358
124598
124750
124836
124839
124889
124960
125010
125080
125159
125226
125328
125403
125444
125467
125546
125558
125571
125692
125734
125949
126085
126179
126259
126396
126438
126443
126468
126519
126524
126722
126728
126732
127025
127092
127104
127187
127248
127464
127469
127471
127541
127550
127668
127690
127710
127775
127950
128344
128412
128437
128468
128484
128531
128647
128774
128846
128968
129072
129216
129238
129250
129266
129362
129392
129459
129475
129621
129629
129691
129725
129748
129756
129803
129806
130058
130120
130345
130409
130546
130620
130768
130803
130887
131044
131048
131068
131277
131341
131414
131425
131453
131769
131792
132236
132369
132432
132575
132638
132794
132843
132978
133022
133061
133080
133243
133275
133316
133341
133641
133757
133778
133795
133915
133958
133965
134007
134057
134081
134103
134198
134238
134327
134443
134643
134797
134805
134867
134869
134976
134979
135144
135146
135216
135253
135525
135578
135610
135719
135772
135793
136047
136073
136140
136145
136320
136504
136640
136663
136806
136949
137068
137119
137363
137462
137624
137625
137776
137952
138012
138036
138052
138150
138289
138322
138453
138560
138621
138698
138766
138786
138800
138927
139123
139128
139148
139447
139572
139600
139671
139681
139700
139776
139784
139867
140002
140040
140092
140374
140405
140447
140467
140759
140866
140899
140968
141174
141240
141297
141330
141368
141441
141611
141734
141965
141988
142005
142009
142013
142060
142156
142173
142174
142242
142375
142398
142723
142742
143092
143122
143141
143267
143324
143369
143427
143484
143656
143934
143943
143951
144087
144140
144168
144420
144428
144440
144523
144535
144618
144675
144711
144810
144861
144886
145052
145136
145192
145196
145339
145440
145541
145560
145682
145757
145888
145893
145947
146135
146278
146310
146322
146432
146451
146632
146970
147058
147108
147134
147159
147184
147191
147311
147470
147494
147571
147622
147635
147739
147797
147861
147865
148243
148477
148568
148637
148748
149011
149053
149183
149189
149266
149324
149420
149528
149560
149619
149685
149690
149743
149774
149810
149822
149854
149856
150175
150305
150589
150695
150795
150840
150883
150944
150974
151008
151161
151216
151383
151408
151671
151834
151850
151864
151962
152052
152128
152161
152233
152275
152365
152606
152760
152986
153160
153261
153343
153376
153557
153644
153723
153749
153823
153898
154321
154456
154503
154575
154596
154788
154911
154944
154995
155242
155332
155479
155545
155546
155574
155588
155654
156114
156147
156263
156268
156541
156601
156742
156760
156870
156883
156939
157114
157133
157181
157220
157277
157469
157510
157639
157714
157840
158032
158128
158149
158283
158294
158459
158515
158673
158824
159130
159134
159346
159392
159401
159412
159640
159704
159795
159905
159925
159935
160042
160099
160219
160286
160310
160430
160467
160565
160715
160731
160769
160772
160998
161090
161093
161252
161375
161382
161399
161433
161438
161725
161743
161863
162000
162023
162209
162289
162304
162373
162430
162438
162450
162648
162682
162722
162835
162929
162953
162985
162987
163013
163158
163254
163288
163365
163416
163550
163708
163736
163753
163768
163945
163996
164060
164130
164330
164385
164406
164419
164463
164571
164637
164728
164870
164873
164923
164951
165028
165150
165402
165707
165801
166025
166226
166231
166252
166274
166312
166319
166362
166382
166397
166566
166584
166623
166627
166696
167194
167217
167376
167470
167513
167534
167559
167623
167711
167713
167761
167830
167870
167997
168381
168438
168730
169003
169034
169045
169091
169278
169370
169405
169414
169556
169817
169864
169868
169919
169937
169979
170018
170056
170089
170336
170455
170457
170469
170592
170654
170677
170748
170781
170806
170862
170882
170885
171016
171132
171379
171388
171403
171446
171599
171600
171653
171660
171719
171727
171816
171925
171956
171964
172051
172154
172160
172219
172267
172287
172342
172345
172669
172738
172976
172981
173139
173249
173313
173413
173493
173622
173740
173809
173817
173925
174130
174133
174406
174476
174486
174489
174634
174755
174822
174831
174843
174867
174937
174940
174950
174964
174968
175131
175441
175508
175749
175776
175778
175824
175861
175976
176164
176176
176256
176276
176282
176289
176371
176577
176614
176663
176716
176742
176837
176985
177178
177293
177548
177723
178078
178128
178179
178201
178308
178334
178433
178452
178645
178832
178864
178911
178953
178977
179126
179153
179189
179382
179464
179665
179753
179837
179891
179967
180092
180102
180176
180255
180517
180588
180750
180751
180784
180936
180937
181047
181259
181325
181333
181434
181510
181782
181898
181927
182014
182045
182051
182063
182291
182448
182559
182634
182684
182806
182816
182885
182994
183476
183571
183647
183730
183877
184088
184122
184277
184383
184453
184495
184637
184703
184759
184766
184795
184873
184940
184996
185096
185109
185143
185170
185250
185339
185430
185442
185505
185567
185571
185826
185844
185887
185935
185971
186243
186272
186318
186568
186747
186782
187158
187302
187328
187374
187392
187457
187635
187651
187705
187752
187826
187828
187941
188031
188036
188040
188487
188532
188623
188844
188871
188899
188920
189052
189484
189573
189579
189646
189722
189737
189799
189809
189932
190366
190458
190591
190650
190670
190797
190913
191062
191106
191277
191318
191434
191559
191747
191786
191922
192041
192177
192517
192522
192538
192589
192822
193033
193101
193164
193183
193274
193304
193349
193433
193495
193576
193678
193928
194002
194160
194371
194409
194651
194789
194816
194820
194829
194888
194930
195007
195009
195204
195234
195277
195335
195570
195733
195735
195779
195820
195934
196012
196101
196111
196145
196147
196151
196184
196320
196449
196517
196558
196572
196667
196695
196771
196790
196905
196930
196937
197003
197215
197338
197378
197451
197756
197856
197866
197881
197916
198039
198072
198116
198204
198228
198242
198261
198401
198592
198756
198851
198862
198897
199133
199177
199296
199321
199410
199435
199592
199600
199679
199786
199791
199800
199844
200053
200093
200376
200431
200550
200556
200783
200800
200821
200992
200993
201002
201267
201282
201311
201580
201603
201611
201774
201795
201802
201871
201917
202017
202055
202083
202567
202631
202732
202768
202993
203000
203193
203255
203316
203742
203743
203776
204025
204127
204145
204147
204242
204338
204390
204568
204666
204675
204699
204855
204934
204963
205101
205112
205212
205214
205223
205284
205353
205359
205562
205580
205660
205775
205847
205884
205913
206107
206272
206635
206668
206708
206802
206847
206948
207005
207085
207228
207263
207458
207580
207644
207724
207904
207928
207980
207993
208141
208192
208332
208427
208461
208547
208623
208775
208873
208959
209042
209092
209095
209130
209253
209463
209522
209574
209609
209613
209722
209925
209953
210033
210098
210297
210440
210513
210607
210620
210792
211127
211128
211172
211181
211321
211384
211422
211468
211804
211860
211875
211943
212081
212171
212236
212308
212409
212420
212499
212512
212821
212838
212875
212882
213010
213087
213170
213293
213302
213486
213541
213592
213593
213620
213633
213640
213689
213788
213919
214056
214304
214503
214538
214660
214691
214694
214741
214979
215198
215234
215240
215326
215451
215770
215781
215794
215833
215900
215902
216119
216396
216437
216494
216518
216588
216610
216646
216667
216972
217043
217053
217065
217126
217412
217654
217908
217937
217986
218002
218167
218197
218200
218329
218368
218386
218459
218575
218626
218724
218825
218833
218866
219109
219131
219221
219245
219284
219299
219497
219646
219977
220042
220086
220091
220097
220098
220164
220185
220189
220260
220399
220459
220522
220568
220757
221049
221250
221309
221389
221432
221438
221504
221635
221675
221688
221722
221771
221784
221827
221875
221927
222087
222260
222308
222457
222514
222567
222608
222636
222696
222698
222850
222977
223008
223164
223246
223280
223441
223530
223538
223593
223694
223757
223837
223876
223961
223972
224122
224146
224158
224159
224195
224219
224275
224309
224364
224398
224441
224442
224518
224566
224711
224748
224909
225083
225271
225350
225405
225428
225468
225574
225593
225638
225876
225978
225998
226086
226105
226130
226258
226675
226678
226692
226781
226878
226884
226974
227021
227144
227388
227568
227607
227686
227756
227829
227928
227950
228108
228448
228630
228683
229063
229091
229100
229140
229160
229197
229299
229417
229478
229479
229618
229633
229747
229772
230007
230035
230080
230313
230344
230404
230442
230463
230501
230537
230571
230610
230642
230683
230828
230982
231071
231128
231231
231282
231289
231339
231438
231625
231631
231715
231717
232090
232100
232128
232223
232461
232521
232808
232858
232904
233012
233092
233287
233292
233308
233322
233416
233615
233629
233679
233696
233808
233819
233893
233945
233970
234111
234606
234615
234729
234738
234843
235233
235430
235476
235477
235569
235667
235731
235742
235748
235775
235778
235799
235851
235997
236016
236170
236176
236197
236274
236342
236487
236541
236624
236861
236981
237017
237030
237064
237301
237458
237461
237466
237474
237638
237846
237858
237867
237898
237943
237975
237982
237990
238011
238048
238207
238217
238240
238488
238532
238612
238689
238723
238724
238924
239049
239069
239090
239137
239319
239434
239453
239522
239538
239586
239760
239874
239917
239971
240019
240033
240113
240190
240216
240267
240293
240308
240392
240457
240781
240922
240969
240988
241079
241346
241515
241549
241740
241927
241961
242124
242191
242208
242320
242575
242585
242698
242817
242818
242867
242872
242876
243027
243029
243052
243060
243084
243213
243304
243364
243461
243628
243638
243645
243682
243866
243925
243976
243993
244097
244135
244141
244200
244223
244242
244334
244619
244654
244752
244778
244882
244932
244991
245073
245116
245150
245155
245194
245258
245446
245633
245635
245725
245760
245792
245818
245917
245937
245953
246028
246183
246398
246405
246527
246587
246645
246704
246749
246797
246869
246977
247032
247033
247046
247098
247117
247326
247458
247464
247511
247527
247529
247599
247748
247760
247780
247928
247939
247957
248086
248129
248134
248214
248323
248329
248348
248369
248378
248415
248416
248441
248443
248509
248567
248713
248764
248945
248955
249206
249244
249287
249292
249342
249356
249393
249445
249498
249602
249620
249666
249678
249758
249761
249992
250069
250291
250366
250390
250429
250447
250498
250576
250734
250849
250911
250916
251002
251035
251075
251249
251253
251301
251304
251429
251497
251516
251805
251905
252091
252225
252362
252403
252482
252489
252597
252613
252737
252742
252847
252876
253054
253086
253280
253524
253592
253615
253673
253674
253706
253902
254018
254057
254118
254129
254150
254171
254220
254288
254308
254353
254420
254444
254477
254483
254790
254800
254948
254980
255018
255130
255244
255332
255357
255408
255474
255518
255557
255577
255595
255726
255736
255817
255911
255947
256351
256460
256603
256666
256668
256905
256912
256929
256983
257147
257169
257299
257331
257341
257358
257580
257685
257715
257756
257833
257887
258070
258265
258267
258403
258410
258491
258523
258564
258739
258811
258921
259046
259103
259244
259391
259434
259542
259619
259626
259743
259877
259882
259907
259913
259918
260009
260059
260065
260107
260135
260256
260270
260438
260451
260465
260495
260601
260787
260840
261122
261290
261305
261316
261419
261472
261557
261582
261640
261653
261817
261840
261941
262037
262114
262146
262154
262835
262854
262907
262948
262960
263003
263369
263602
263740
263806
263847
263919
263929
263957
263969
263975
264023
264089
264165
264174
264273
264295
264298
264320
264471
264479
264586
264635
264944
264960
265169
265212
265406
265476
265515
265965
266028
266031
266061
266071
266131
266432
266480
266501
266659
266740
266766
266812
266814
266838
266862
266951
267124
267143
267145
267411
267697
267701
267820
267848
267995
268143
268153
268173
268245
268258
268300
268387
268478
268486
268654
268743
268859
268992
269052
269117
269196
269277
269330
269353
269497
269551
269991
270033
270255
270259
270352
270402
270463
270612
270708
270786
270978
271096
271132
271207
271326
271448
271524
271679
271719
271761
271849
271921
272063
272070
272100
272120
272185
272236
272596
272630
272638
272737
272787
272789
272878
272960
272984
273015
273226
273228
273270
273367
273485
273507
273539
273621
273689
273750
273752
273812
273935
273984
274164
274504
274519
274550
274607
274689
274725
274804
274871
274959
275043
275140
275211
275235
275318
275382
275554
275595
275664
275825
275927
275939
276032
276265
276284
276330
276348
276362
276403
276442
276529
276634
276721
276820
276920
276932
276992
277322
277346
277435
277461
277512
277522
277549
277605
277625
277653
277726
277771
277831
277857
277943
278086
278131
278192
278208
278212
278246
278269
278430
278553
278593
278642
278648
278820
278925
279020
279278
279396
279576
279579
279665
279768
279922
279955
280051
280090
280419
280438
280448
280452
280604
280605
280640
280676
280706
280881
280928
280979
280994
281005
281015
281147
281244
281402
281406
281706
281709
281912
282010
282146
282199
282216
282300
282484
282491
282579
282582
282600
282667
282921
282984
283057
283432
283438
283605
283606
283640
283669
283678
283762
283807
283910
284087
284088
284106
284266
284443
284444
284639
284672
284736
284910
285102
285104
285182
285194
285291
285341
285359
285383
285503
285522
285556
285685
285767
285798
285912
285980
286047
286098
286189
286423
286453
286515
286542
286577
286583
286857
286860
287009
287017
287086
287130
287292
287372
287476
287596
287659
287765
287818
287913
288027
288158
288222
288310
288461
288855
288892
288946
288989
289114
289131
289205
289251
289396
289433
289481
289515
289526
289654
289759
289801
289815
289899
290005
290026
290084
290113
290139
290177
290197
290309
290413
290470
290593
290603
290645
290669
290959
290994
291074
291093
291174
291243
291317
291328
291407
291699
291702
291821
291873
291974
292072
292324
292383
292409
292721
292785
292818
292874
292989
293186
293261
293425
293477
293498
293520
293580
293614
293723
293805
293838
294053
294323
294345
294595
294713
294715
294797
294811
294841
294954
294977
295088
295211
295338
295479
295503
295510
295560
295625
295657
295757
295787
295845
295865
295913
295925
296111
296123
296158
296287
296352
296389
296413
296476
296518
296598
296770
296857
296942
296976
297237
297417
297444
297511
297571
297617
297637
297748
297929
297944
297958
297997
298041
298055
298080
298171
298341
298419
298435
298713
298731
298749
298911
299183
299286
299320
299340
299381
299384
299388
299456
299548
299578
299731
299752
299799
299882
299930
299976
299991
300075
300097
300129
300468
300509
300525
300545
300835
300924
301011
301030
301088
301117
301402
301464
301468
301549
301582
301600
301679
301936
302096
302140
302358
302443
302486
302708
302729
302799
303018
303065
303184
303204
303326
303341
303390
303472
303479
303526
303930
304042
304213
304574
304632
304705
304858
305005
305059
305162
305221
305456
305468
305489
305680
305880
305990
306175
306250
306345
306368
306372
306412
306416
306465
306728
306784
306841
306854
306963
307063
307163
307276
307340
307480
307543
307577
307743
307898
308000
308026
308069
308136
308185
308261
308264
308390
308512
308574
308692
308722
308826
308957
308990
309032
309143
309160
309175
309185
309229
309298
309306
309341
309363
309432
309534
309611
309620
309696
309721
309887
309978
310049
310122
310187
310205
310279
310304
310408
310492
310493
310544
310598
310668
310735
310840
310854
310869
310935
311025
311210
311407
311549
311640
311647
311718
311936
312009
312071
312184
312250
312282
312328
312347
312348
312376
312555
312560
312568
312706
312943
312956
313158
313229
313244
313339
313372
313520
313578
313617
313734
313736
313802
313915
314228
314248
314396
314503
314508
314726
314785
314798
315107
315249
315297
315341
315362
315475
315616
315707
315742
315810
315833
315893
316014
316151
316174
316188
316231
316288
316375
316481
316671
316695
316832
316874
316876
316891
317007
317129
317132
317152
317153
317157
317182
317367
317383
317533
317769
317804
317809
318034
318042
318070
318325
318405
318414
318569
318574
318613
318627
318746
318751
318942
319089
319121
319241
319308
319435
319444
319489
319715
319724
319892
319906
319945
320264
320298
320366
320426
320544
320659
320677
320764
320843
320850
320926
320969
321007
321095
321147
321286
321303
321530
321594
321660
321694
321705
321805
321957
321971
322022
322179
322231
322320
322420
322443
322501
322517
322591
322619
322627
322689
322752
322768
322804
322828
322858
322918
323003
323064
323255
323404
323788
323925
323958
324049
324242
324460
324495
324536
324675
324689
324767
324885
325075
325337
325418
325648
325797
325800
325862
325964
326006
326019
326166
326183
326215
326305
326306
326329
326441
326662
326737
326794
326839
326909
326953
327001
327394
327444
327480
327614
327633
327715
327813
328088
328145
328161
328257
328298
328387
328424
328449
328574
328609
328622
328670
328696
328913
328951
328987
329076
329166
329180
329283
329488
329507
329548
329732
329758
329773
329923
330101
330134
330167
330229
330327
330431
330440
330465
330477
330547
330582
330660
330667
330728
330881
330909
330969
331553
331726
331825
331852
331920
331983
332021
332023
332244
332312
332344
332361
332380
332420
332598
332726
332742
332869
332949
333079
333116
333127
333175
333207
333307
333334
333520
333546
333813
333840
333859
333936
334156
334185
334259
334528
334701
334842
335053
335078
335081
335089
335172
335200
335274
335536
335654
335837
335884
335918
336092
336128
336194
336237
336352
336414
336430
336787
336799
336893
336970
336980
336988
337327
337505
337507
337609
337623
337686
337698
337888
337937
337970
338002
338044
338351
338429
338443
338509
338887
338937
338940
338953
338988
338994
339011
339049
339288
339336
339350
339432
339805
339997
340289
340642
340741
340772
340899
340945
340963
341023
341146
341500
341508
341866
342093
342215
342222
342270
342351
342365
342500
342520
342522
342733
342751
342896
342925
342999
343023
343043
343073
343080
343235
343277
343287
343515
343659
343688
343696
343782
343949
343958
343981
343998
344012
344094
344223
344338
344368
344558
344595
344601
344656
344665
344774
344919
345013
345175
345316
345337
345424
345441
345550
345626
345656
345765
345817
345872
345936
346008
346016
346136
346231
346283
346393
346613
346644
346793
347081
347095
347120
347211
347241
347245
347328
347546
347803
347807
347877
347929
347944
347982
348212
348242
348334
348412
348446
348547
348648
348905
349061
349081
349084
349160
349181
349228
349456
349631
349720
349837
350218
350266
350289
350464
350516
350637
350645
350811
350906
350911
350913
350920
350983
351013
351026
351181
351267
351278
351394
351467
351556
351611
352063
352227
352369
352554
352558
352590
352612
352632
352711
352721
352815
353084
353091
353135
353155
353175
353249
353293
353375
353457
353598
353714
353735
353922
353952
354020
354249
354252
354266
354273
354349
354367
354406
354530
354544
354577
354677
354680
354929
355011
355070
355091
355137
355174
355213
355238
355280
355294
355465
355551
355575
355890
356035
356058
356246
356293
356448
356450
356586
356639
356695
356866
356932
357006
357030
357058
357073
357207
357256
357271
357428
357487
357558
357607
357626
357719
357791
357849
357928
358019
358060
358076
358267
358278
358294
358375
358411
358475
358643
358699
358819
358825
358837
358919
359037
359195
359283
359308
359368
359409
359705
359740
359785
359858
359934
360000
360070
360080
360236
360246
360280
360352
360439
360456
360481
360527
360711
360773
360785
360905
360942
361127
361158
361418
361477
361584
361722
361849
361985
361996
362049
362063
362069
362154
362164
362240
362319
362372
362504
362652
362716
362781
362789
362851
362873
362908
363103
363195
363263
363284
363410
363481
363633
363643
363647
363675
363685
363720
363763
363935
363941
364063
364081
364094
364114
364118
364498
364555
364579
364717
364739
364759
364767
364884
364938
364948
365182
365186
365216
365308
365375
365638
365838
365924
366048
366155
366179
366195
366198
366208
366216
366256
366320
366327
366378
366399
366409
366431
366529
366610
366769
366770
366938
367003
367084
367251
367264
367394
367430
367459
367596
367708
367801
367852
367882
368021
368025
368114
368177
368183
368301
368589
368737
368808
368899
368924
368934
368986
369014
369156
369166
369262
369321
369422
369522
369837
369875
369917
370049
370128
370147
370178
370262
370373
370385
370456
370581
370599
370623
370865
370868
370955
371004
371030
371146
371165
371239
371390
371412
371563
371588
371878
371940
372265
372282
372396
372495
372545
372985
373052
373109
373155
373203
373293
373399
373528
373821
373879
373881
373961
374123
374153
374285
374414
374473
374529
374532
374618
374748
374890
374972
375003
375475
375616
375748
375806
376227
376283
376312
376393
376475
376564
376602
376662
376683
376819
376945
377007
377034
377070
377159
377242
377362
377483
377536
377686
377751
377755
377792
377954
378088
378108
378130
378411
378487
378588
378678
378698
378840
379317
379397
379407
379496
379567
379744
380046
380113
380230
380486
380514
380526
380729
380739
380780
380826
380867
380890
381076
381082
381084
381105
381204
381447
381487
381501
381519
381571
381663
381778
381787
381801
381809
381891
381943
382055
382432
382455
382557
382627
382775
382854
382971
382989
383277
383331
383356
383409
383431
383488
383537
383624
383671
383679
383833
383907
383976
384130
384206
384218
384222
384338
384443
384466
384585
384618
384629
384674
384760
384892
384908
384975
385082
385437
385453
385502
385568
385726
385836
386235
386294
386352
386434
386455
386465
386484
386594
386609
386678
386985
387154
387243
387476
387736
388003
388102
388103
388222
388257
388262
388315
388339
388348
388505
388528
388546
388550
388628
388775
388784
388800
388989
389076
389252
389325
389399
389404
389414
389579
389581
389774
389813
389931
389957
389966
390140
390203
390262
390465
390738
390818
390822
390837
390864
390905
390991
391023
391102
391145
391563
391604
391615
391705
391728
391778
391900
391996
392026
392051
392059
392126
392224
392264
392393
392527
392661
392663
392708
392741
392806
392809
392923
392944
393040
393219
393258
393323
393530
393583
393641
393913
394007
394124
394125
394143
394322
394374
394392
394414
394462
394496
394499
394528
394546
394597
394832
394889
394925
394953
395096
395176
395223
395289
395613
395653
395732
395795
395845
395945
396010
396021
396074
396079
396128
396253
396275
396442
396510
396575
396658
396667
396772
396780
396807
396903
396933
396999
397115
397439
397487
397538
397586
397624
397743
397767
397794
398135
398246
398328
398416
398573
398695
398730
398778
398794
398970
399234
399248
399273
399297
399300
399427
399429
399570
399667
399696
399711
399856
399874
399984
400152
400458
400480
400548
400710
400835
400884
400897
400922
400981
401154
401295
401451
401578
401725
401797
401918
401929
402113
402142
402215
402292
402510
402598
402670
402813
402821
402976
403044
403073
403102
403109
403321
403360
403446
403492
403612
403805
403809
403821
403825
403882
404050
404117
404128
404297
404300
404385
404462
404828
404852
404952
405204
405472
405534
405687
405708
405760
405815
405922
405970
406039
406044
406070
406097
406203
406232
406383
406422
406447
406499
406555
406594
406717
406816
407011
407024
407038
407051
407157
407382
407481
407512
407523
407540
407626
408050
408129
408133
408169
408192
408398
408400
408435
408590
408598
408759
408760
408814
408901
409028
409072
409123
409244
409315
409400
409467
409594
409721
409784
409825
409839
409879
410312
410373
410449
410541
410559
410594
410625
410673
410681
410695
410707
410775
410881
410980
411134
411211
411329
411388
411523
411662
411680
411688
411968
411969
411977
412052
412157
412249
412376
412471
412599
412701
412746
412783
412799
412960
412982
413007
413080
413160
413241
413369
413469
413557
413606
413704
413765
413772
413846
413973
414009
414027
414075
414193
414228
414430
414482
414484
414498
414532
414574
414787
414858
414903
415014
415037
415316
415382
415406
415543
415581
415602
415677
415863
415896
415898
416018
416148
416345
416438
416457
416657
416670
416705
416732
416928
416954
416974
416985
417089
417289
417489
417560
417568
417590
417630
417667
417736
417869
417871
417960
417997
418084
418238
418411
418531
418581
418604
418668
418671
418706
418733
418747
418752
418936
418950
418964
418976
418978
419014
419067
419104
419105
419300
419347
419371
419515
419555
419622
419624
419718
419807
419922
419966
419985
419994
420301
420330
420411
420415
420439
420512
420638
420647
420715
420741
420937
421206
421314
421423
421428
421467
421509
421582
421602
421655
421818
421864
421890
422087
422151
422170
422183
422202
422231
422265
422284
422358
422392
422409
422483
422597
422600
422603
422651
422691
422695
422719
422798
422807
422886
422917
423102
423130
423171
423330
423423
423484
423684
423853
423871
423957
423993
424148
424190
424513
424543
424616
424619
424646
424806
424843
424913
425099
425266
425296
425401
425425
425502
425637
425663
425698
425733
425780
425787
425888
425902
426003
426026
426123
426140
426170
426289
426296
426340
426476
426534
426549
426593
426674
426847
426999
427154
427297
427308
427317
427583
427746
427875
427915
428076
428104
428109
428196
428219
428262
428268
428453
428697
428772
428833
428959
428984
429041
429084
429655
429663
429733
429761
429907
429986
429989
430126
430189
430222
430372
430407
430446
430521
430546
430552
430629
430666
430679
430743
430850
430901
430921
430932
430971
430988
431028
431040
431112
431143
431548
431636
431668
431750
431890
431915
431924
432079
432125
432273
432527
432545
432571
432596
432613
432681
432704
432735
432856
433002
433039
433139
433262
433299
433311
433540
433645
433647
433811
433870
434013
434046
434073
434121
434192
434311
434387
434394
434498
434556
434727
434787
434817
434955
434984
434997
435060
435089
435159
435246
435326
435349
435472
435713
435821
435839
435890
435924
436076
436131
436194
436422
436445
436495
436589
436706
436804
436823
436981
437029
437104
437134
437256
437271
437326
437432
437482
437590
437602
437604
437667
437700
437763
437783
437815
438003
438016
438038
438085
438094
438154
438320
438324
438377
438410
438416
438438
438549
438552
438554
438611
438614
438616
438774
439036
439064
439065
439082
439134
439262
439283
439494
439553
439576
439608
439633
439639
439764
439804
439950
439956
439965
440029
440040
440065
440163
440178
440242
440379
440530
440596
440633
440739
440781
440793
441085
441148
441152
441312
441346
441350
441388
441404
441441
441493
441747
441796
441818
441947
441958
442120
442301
442353
442445
442628
442685
442976
443174
443193
443470
443476
443608
443732
443749
443912
444067
444189
444234
444301
444435
444514
444528
444600
444639
444678
444841
445027
445162
445173
445241
445381
445418
445517
445592
445608
445798
445900
445910
445962
445969
446076
446198
446234
446253
446255
446301
446374
446447
446629
446665
446758
446780
446922
446981
447165
447181
447277
447368
447415
447564
447572
447681
447695
447807
447828
448010
448101
448137
448190
448340
448377
448466
448487
448549
448641
448781
448893
448972
449061
449100
449162
449171
449370
449423
449431
449464
449502
449509
449541
449605
449623
449715
449768
449769
449890
449913
449960
449984
450282
450314
450443
450491
450494
450502
450583
450703
450865
451008
451051
451063
451123
451127
451179
451287
451334
451395
451486
451498
451526
451548
451553
451640
451679
451827
451849
451866
451879
452035
452068
452074
452092
452101
452268
452282
452315
452413
452443
452498
452583
452781
452891
452968
453116
453193
453289
453444
453459
453580
453592
453616
453672
453734
453749
453760
453815
454003
454044
454499
454508
454509
454537
454606
454627
454696
454710
454803
454818
454873
454913
455040
455102
455193
455277
455443
455666
455837
455983
456050
456096
456283
456338
456639
456882
456931
457100
457285
457363
457434
457438
457461
457483
457603
457722
457739
457963
458257
458274
458357
458359
458528
458573
458650
458662
458805
458808
458973
458977
459002
459025
459029
459032
459057
459089
459162
459492
459496
459665
459745
459760
459872
459904
459929
459947
459960
459964
460018
460077
460176
460622
460732
460786
460843
460903
460935
460943
461262
461273
461399
461401
461432
461492
461591
461597
461652
461683
461699
461703
461786
461799
461871
461880
461908
461914
462015
462033
462174
462218
462223
462248
462338
462490
462644
462676
462880
462964
463057
463372
463434
463462
463602
463638
463759
463790
463850
464007
464068
464108
464115
464131
464164
464192
464243
464287
464444
464600
464718
464743
465041
465061
465065
465191
465331
465333
465353
465360
465371
465576
465681
465953
466223
466258
466359
466746
466769
466798
466840
466869
466902
467264
467415
467517
467713
467765
467793
467891
467900
468074
468079
468185
468439
468645
469015
469152
469476
469782
469930
469936
469942
470089
470163
470326
470375
470385
470432
470477
470536
470840
470964
471001
471109
471554
471577
471639
471762
471950
472143
472218
472226
472236
472253
472298
472379
472682
472684
472706
472725
472781
472801
472927
472933
472961
472964
473043
473103
473118
473120
473404
473692
473783
473841
473868
473883
473895
473933
474085
474165
474171
474239
474291
474820
475072
475118
475165
475341
475471
475520
475592
475650
475678
476026
476044
476093
476348
476360
476399
476484
476500
476550
476592
476652
476834
477042
477111
477224
477231
477420
477421
477484
477507
477522
477703
477863
477948
478116
478139
478213
478231
478336
478350
478351
478544
478556
478767
478966
479079
479091
479110
479267
479395
479460
479498
479510
479600
479743
479835
479839
479931
480180
480193
480255
480258
480330
480387
480401
480462
480479
480695
481023
481069
481092
481180
481405
481490
481541
481703
481872
481898
482151
482161
482182
482332
482370
482458
482485
482506
482512
482675
482694
482698
482779
482783
482820
482956
483117
483122
483147
483215
483433
483556
483667
483682
483792
483808
483825
483846
483945
483952
483975
484007
484308
484350
484429
484453
484507
484508
484644
484894
485121
485155
485157
485288
485314
485462
485518
485652
485667
486084
486099
486173
486376
486433
486556
486598
486725
486951
487080
487538
487573
487608
487637
487644
487707
487848
487862
487934
488023
488090
488131
488157
488222
488248
488450
488455
488476
488502
488553
488792
488874
489000
489216
489274
489277
489280
489333
489395
489415
489503
489602
489660
489688
489719
489735
489868
490071
490300
490350
490362
490495
490577
490648
490740
490757
490866
490882
490904
490998
491008
491054
491101
491127
491130
491162
491331
491402
491603
491730
491773
491847
491857
491974
492159
492189
492402
492415
492512
492578
492626
492791
492872
492888
492979
493082
493176
493208
493260
493313
493363
493510
493641
493797
493875
494001
494159
494199
494283
494304
494311
494333
494355
494399
494466
494531
494804
494820
494834
494839
494861
494909
494973
495154
495176
495197
495221
495225
495241
495353
495379
495591
495604
495678
495740
495763
495952
496095
496212
496226
496260
496321
496435
496498
496661
496706
496750
496959
497125
497163
497175
497177
497269
497628
497689
497739
497804
497818
498008
498046
498193
498194
498220
498223
498278
498434
498442
498525
498941
499021
499033
499044
499071
499146
499307
499677
499679
499703
499839
499852
499942
499971
499992
500047
500057
500076
500117
500248
500262
500295
500492
500544
500626
500659
500697
500764
500923
500982
501246
501268
501293
501311
501398
501425
501444
501660
501776
501813
502033
502078
502095
502363
502584
502624
502662
502928
502986
503322
503456
503585
503651
503747
503865
504010
504060
504086
504088
504098
504194
504242
504274
504390
504642
504655
504683
504757
504911
505016
505030
505180
505235
505332
505335
505347
505351
505415
505420
505481
505766
505852
505905
505913
505931
506166
506259
506379
506452
506477
506527
506562
506596
506694
506749
506921
507116
507156
507182
507234
507266
507299
507428
507430
507464
507502
507527
507557
507863
507879
507933
508112
508134
508156
508281
508296
508499
508637
508648
508671
508756
508887
509041
509224
509239
509390
509432
509464
509480
509502
509539
509686
509716
509883
510044
510125
510234
510308
510330
510461
510476
510831
510970
511235
511268
511269
511296
511351
511428
511552
511607
511737
511755
511872
512197
512281
512382
512480
512512
512544
512708
512858
512873
512904
512955
513085
513114
513262
513389
513445
513470
513474
513512
513610
513660
513731
513759
513859
513959
514019
514531
514670
514684
514714
514728
514822
514914
514947
514953
514961
515033
515205
515264
515266
515302
515669
515770
515774
515778
515779
515929
515949
515967
515994
516032
516035
516040
516094
516200
516224
516280
516378
516524
516596
516640
516642
516742
516764
516869
517359
517365
517414
517456
517547
517592
517608
517668
517871
517887
518146
518206
518322
518368
518426
518513
518570
518625
518666
518773
518853
518927
519160
519168
519216
519316
519344
519363
519404
519406
519419
519554
519640
519786
519799
519940
520086
520366
520529
520548
520597
520712
520750
520799
520905
520925
520994
520998
521056
521085
521152
521487
521577
521721
521749
521755
521761
521772
521784
521812
521814
522020
522030
522184
522239
522425
522444
522588
522701
522735
522739
522817
522832
522853
522857
522879
523011
523037
523049
523173
523282
523413
523450
523556
523565
523566
523618
523669
523725
523778
523841
523872
523905
523935
523980
524011
524163
524221
524378
524381
524404
524406
524414
524504
524545
524666
524830
524864
524876
524878
525103
525174
525225
525296
525435
525486
525655
525939
526171
526293
526315
526391
526450
526649
526756
527006
527120
527418
527477
527479
527486
527525
527631
527735
527946
528164
528178
528259
528279
528318
528402
528526
528589
528696
528802
528851
528858
528874
528953
529041
529066
529182
529194
529393
529475
529520
529599
529649
529680
529732
529760
529896
529956
530014
530135
530207
530262
530309
530368
530517
530574
530614
530686
530788
530858
530958
530990
530996
531054
531064
531075
531216
531388
531434
531441
531671
531689
531691
531779
531798
531803
531931
531978
532013
532014
532208
532247
532383
532691
532950
533006
533237
533346
533366
533400
533405
533448
533555
533623
533686
533717
533751
533764
533782
533838
533866
533883
534089
534179
534202
534306
534341
534446
534486
534495
534519
534537
534583
534832
534868
535023
535043
535161
535219
535230
535295
535383
535462
535586
535621
535643
535665
535715
535794
535865
535911
536004
536037
536170
536240
536247
536270
536299
536434
536622
536787
536800
536824
536866
537001
537007
537143
537202
537270
537415
537465
537489
537520
537739
537861
537958
538135
538191
538354
538382
538467
538477
538583
538612
538732
538738
538808
538815
538848
539042
539070
539114
539281
539292
539318
539436
539596
539624
539709
539747
539821
539991
539994
540045
540193
540404
540554
540686
540961
541109
541202
541362
541387
541509
541590
541610
541625
541713
541816
541834
541869
541898
541908
541923
541926
542229
542300
542381
542558
542708
542740
542906
542943
543015
543155
543278
543295
543326
543433
543462
543486
543643
543750
543773
543840
543877
543973
543983
544055
544068
544122
544132
544237
544274
544275
544307
544459
544460
544532
544600
544605
545019
545081
545089
545133
545362
545486
545569
545658
545895
545910
545980
546025
546127
546134
546252
546360
546379
546552
546656
546680
546681
546711
546719
546765
546787
546833
546889
547114
547453
547466
547505
547533
547591
547691
547802
547890
547964
548057
548077
548323
548384
548418
548517
548574
548583
548712
548915
548918
549018
549121
549305
549494
549508
549597
549605
549649
549667
549739
549755
549846
549921
550161
550404
550429
550532
550654
550709
550760
550776
550928
550967
551034
551054
551102
551301
551373
551382
551495
551549
551637
551732
551791
551892
552043
552067
552192
552196
552607
552630
552764
552848
552932
553036
553088
553141
553174
553234
553318
553359
553425
553530
553581
553583
553740
553766
553867
553983
554130
554180
554188
554204
554242
554500
554511
554602
554617
554732
554785
554818
555136
555409
555506
555547
555589
555676
555726
555812
555816
555935
555981
556010
556152
556237
556277
556435
556450
556512
556522
556599
556833
556969
557102
557119
557159
557363
557506
557556
557594
557897
557913
557962
558214
558230
558276
558420
558500
558673
558727
558833
559014
559020
559327
559357
559636
559660
559729
559735
559903
559935
559990
560014
560062
560155
560164
560198
560228
560290
560421
560493
560618
560769
560841
560973
561079
561084
561201
561451
561464
561465
561583
561597
561667
561704
561727
561834
561882
561903
561909
561937
562185
562203
562243
562262
562337
562548
562655
562658
562674
562741
562948
562952
563003
563014
563142
563178
563355
563363
563496
563544
563617
563918
563938
564019
564062
564104
564133
564428
564498
564515
564531
564600
564806
564809
564885
564928
564943
565085
565171
565202
565252
565270
565561
565648
565722
565731
565753
565766
565859
565947
566080
566203
566264
566282
566348
566415
566474
566566
566571
566608
566712
566836
566900
567029
567186
567231
567303
567548
567616
567751
567820
567842
568019
568032
568035
568065
568174
568206
568583
568660
568707
568732
568965
568969
569234
569236
569612
569673
569683
569814
569888
570005
570056
570139
570288
570319
570537
570765
570818
570915
570949
571108
571137
571216
571231
571355
571391
571394
571477
571559
571561
571569
571727
571816
572029
572038
572069
572077
572106
572112
572252
572274
572297
572388
572432
572448
572522
572568
572579
572671
572754
572893
572899
572937
573118
573159
573165
573238
573243
573258
573291
573373
573596
573679
573694
573918
573999
574080
574233
574321
574387
574537
574549
574941
574967
575042
575386
575419
575427
575535
575571
575653
575678
575797
575864
575910
576131
576162
576341
576394
576398
576561
576602
576625
576717
576774
576926
576969
577108
577114
577239
577246
577417
577445
577489
577540
577555
577617
577629
577745
577936
577970
578043
578056
578165
578184
578234
578423
578535
578567
578642
578679
578721
578753
578935
578940
579036
579200
579269
579302
579377
579390
579418
579665
579682
579729
579866
580091
580167
580177
580213
580295
580334
580479
580511
580514
580519
580592
580607
580644
580657
580670
580744
580802
580809
580835
580874
580916
580939
581039
581071
581271
581291
581359
581545
581558
581606
581744
581901
581934
582138
582184
582227
582311
582324
582417
582476
582503
582597
582753
582757
582844
582964
583041
583356
583532
583589
583674
583712
583723
583728
583897
583901
584003
584111
584116
584138
584189
584222
584238
584303
584350
584412
584503
584511
584750
584875
585023
585040
585056
585087
585217
585255
585294
585323
585324
585389
585434
585441
585503
585524
585563
585606
585628
585928
585952
586256
586340
586608
586777
586913
586927
586937
586965
587021
587100
587127
587129
587167
587331
587334
587526
587647
587889
587906
588155
588188
588369
588372
588541
588644
588675
588759
588933
589011
589028
589100
589166
589453
589527
589541
589567
589689
589807
589853
589929
590006
590043
590412
590535
590575
590666
590718
590853
590878
590932
591106
591286
591289
591295
591332
591354
591412
591484
591493
591575
591594
591827
591847
591935
591993
592006
592059
592196
592341
592351
592356
592365
592418
592449
592556
592752
592789
592882
592986
593152
593167
593179
593247
593257
593281
593325
593359
593533
593614
593642
593799
593968
593972
593973
594017
594026
594086
594119
594166
594276
594351
594382
594408
594423
594570
594634
594899
594934
595143
595236
595280
595353
595399
595606
595815
595852
595867
595940
596092
596106
596309
596374
596504
596528
596671
596937
597216
597415
597490
597502
597518
597535
597537
597566
597641
597677
597688
597863
597926
597985
597990
598010
598031
598179
598190
598198
598377
598434
598502
598647
598825
598981
598982
599173
599339
599344
599399
599451
599501
599589
599808
599833
599839
599900
599965
599972
600050
600109
600255
600271
600291
600403
600470
600485
600531
600550
600756
600822
600825
600828
600887
601061
601173
601263
601271
601287
601449
601477
601554
601708
601776
602037
602080
602226
602250
602446
602675
602802
603076
603102
603225
603339
603449
603517
603669
603707
603812
603826
603854
603899
604027
604030
604162
604408
604435
604686
604872
604966
605006
605112
605193
605534
605567
605758
605913
605937
606043
606118
606225
606272
606318
606349
606517
606546
606569
606774
606875
607076
607110
607206
607210
607290
607416
607448
607462
607474
607488
607509
607582
607647
607835
607869
607979
608001
608014
608069
608087
608092
608152
608172
608185
608191
608201
608342
608499
608626
608652
608821
608938
608953
609010
609144
609155
609265
609331
609430
609583
609670
609708
609963
610079
610210
610252
610408
610459
610474
610548
610556
610566
610608
610660
610700
610854
610926
611043
611236
611356
611402
611479
611500
611545
611596
611652
611695
611738
611780
611914
612020
612022
612156
612158
612161
612217
612226
612322
612324
612433
612615
612731
612867
612874
612959
613049
613090
613140
613242
613447
613471
613597
613655
613710
613761
613856
614044
614154
614247
614326
614495
614584
614589
614670
614858
614882
615033
615048
615075
615282
615292
615403
615405
615688
615948
615989
616187
616192
616276
616372
616697
616769
616857
616917
616935
617005
617054
617225
617449
617538
617557
617566
617668
617697
617830
617845
618054
618211
618255
618258
618396
618408
618425
618466
618712
618843
618905
618956
619026
619139
619184
619317
619385
619459
619535
619552
619702
619717
619875
619951
619975
619993
620049
620065
620264
620319
620326
620486
620489
620517
620629
620631
620662
620674
620687
620730
620737
620792
620920
620967
621148
621166
621173
621210
621248
621273
621406
621407
621419
621517
621638
621813
621919
622081
622187
622351
622441
622655
622666
622740
622801
623121
623371
623438
623519
623616
623638
623707
623729
623732
623738
623788
623829
623924
624162
624213
624245
624431
624451
624579
624603
624640
624673
624695
624781
624886
624920
625010
625132
625292
625363
625581
625599
625650
625686
625837
626182
626261
626280
626456
626460
626501
626531
626557
626605
626609
626669
626737
626758
626801
626842
626969
627015
627341
627505
627540
627607
627715
627802
627851
627863
627891
627913
628012
628147
628192
628205
628223
628357
628368
628432
628530
628804
628860
628868
628958
629144
629155
629163
629394
629395
629412
629504
629580
629679
629730
629733
629801
629870
629887
629919
630061
630070
630086
630166
630186
630218
630472
630539
630571
630672
630713
630783
630790
630848
630952
631081
631181
631200
631265
631336
631365
631435
631595
631643
631663
631689
632125
632140
632189
632267
632286
632644
632695
632778
632807
632856
632933
633078
633129
633217
633296
633359
633396
633525
633627
633652
633791
633857
633862
633905
633956
634036
634045
634132
634222
634284
634440
634472
634477
634565
634670
634725
634772
634797
634803
634863
634867
635276
635291
635298
635399
635407
635451
635610
635745
635804
635854
635904
635939
635953
636130
636160
636206
636350
636547
636571
636837
636880
637053
637184
637204
637457
637573
637706
637710
637922
637995
638038
638251
638504
638514
638519
638544
638574
638577
638657
638755
638891
638904
638989
639033
639098
639176
639261
639309
639383
639423
639687
639696
639704
639748
639789
639819
639863
639929
639951
640254
640404
640593
640740
640756
640980
641061
641233
641251
641274
641325
641734
641735
641920
642017
642071
642083
642100
642390
642583
642745
642773
642801
642811
642840
643211
643468
643474
643579
643657
643765
643801
643936
644058
644095
644174
644295
644336
644376
644436
644534
644653
644978
645205
645310
645328
645404
645506
645971
645996
646117
646234
646252
646315
646389
646460
646501
646697
646728
646781
647052
647132
647291
647542
647634
647836
647841
647946
648064
648114
648531
648557
648566
648573
648862
648881
649287
649469
649503
649763
649836
650061
650075
650103
650110
650250
650329
650345
650392
650402
650423
650446
650494
650627
650723
650788
650837
650858
650956
650988
651000
651069
651092
651118
651147
651256
651373
651376
651385
651632
651681
651695
651760
651850
652005
652098
652103
652228
652289
652290
652304
652354
652396
652560
652592
652643
652770
652785
652854
652949
653003
653293
653355
653413
653446
653503
653511
653512
653726
653904
653908
653980
654048
654108
654166
654310
654388
654429
654661
654704
654716
654782
654904
655254
655384
655416
655483
655641
655695
655749
655823
655961
655997
656041
656186
656415
656474
656495
656542
656598
656689
656693
656814
656890
657006
657083
657094
657100
657224
657411
657460
657594
657626
657778
657906
657967
658031
658034
658115
658182
658357
658415
658515
658583
658638
658639
658691
658735
658984
658986
659107
659129
659138
659149
659202
659279
659455
659600
659618
659619
659641
659963
660048
660134
660142
660257
660321
660341
660433
660717
660872
661039
661145
661188
661472
661548
661687
661726
661772
661818
661878
661918
662001
662184
662214
662251
662281
662308
662368
662501
662678
662716
662757
662960
663011
663013
663052
663070
663074
663117
663136
663459
663478
663579
663712
663721
663793
664003
664086
664102
664238
664252
664270
664279
664340
664366
664427
664610
664629
664701
664709
664724
664870
664925
664944
664954
665021
665119
665278
665340
665400
665425
665509
665523
665527
665565
665569
665813
665912
666018
666217
666218
666415
666466
666602
666671
666836
666904
666967
667053
667146
667296
667365
667433
667500
667531
667569
667623
667700
667715
668027
668076
668118
668134
668231
668280
668321
668355
668435
668468
668579
668645
668677
668688
668786
668849
668957
668980
669019
669050
669061
669065
669142
669154
669234
669280
669313
669568
669569
669619
669651
669968
669988
670066
670286
670443
670451
670485
670729
670731
670796
670860
670932
671074
671280
671398
671426
671581
671612
671798
671829
672028
672055
672087
672154
672212
672263
672269
672294
672331
672361
672442
672687
672731
672765
672880
672894
672912
673051
673112
673206
673346
673358
673670
673775
673870
673889
673979
673990
674118
674475
674511
674741
674784
674968
675021
675025
675403
675553
675554
675595
675643
675650
675733
675852
675879
676074
676077
676127
676208
676298
676385
676401
676511
676775
676787
676859
676978
676996
677117
677144
677148
677180
677299
677445
677528
677776
677900
677917
677920
678000
678052
678096
678198
678381
678427
678628
678650
678672
678676
678718
678746
678765
678908
678956
679085
679262
679308
679420
679465
679555
679691
679722
679862
679865
680076
680151
680278
680378
680460
680575
680796
680804
680845
680924
680946
681025
681079
681308
681346
681517
681523
681542
681592
681625
681737
681777
681871
682093
682356
682491
682812
682833
683122
683148
683201
683228
683264
683288
683651
683774
683963
683982
684001
684034
684139
684196
684214
684342
684411
684808
684835
685027
685074
685096
685313
685338
685441
685465
685471
685486
685611
685776
686048
686239
686248
686264
686427
686459
686510
686692
686727
686729
686753
686928
687121
687428
687462
687506
687550
687594
687645
687805
687918
687958
688060
688099
688212
688273
688345
688553
688567
688599
688708
689038
689066
689067
689138
689166
689191
689256
689344
689508
689553
689566
689567
689721
689767
689780
690242
690261
690337
690406
690554
690698
690746
690780
690831
690910
690925
691281
691307
691312
691409
691493
691607
691706
691801
691835
692004
692108
692194
692215
692229
692262
692315
692338
692411
692538
692822
692901
692931
692993
693137
693291
693311
693349
693373
693640
693745
693826
693947
693960
694023
694108
694136
694168
694329
694383
694495
694646
694750
694861
694971
694982
694995
695111
695305
695324
695479
695622
695729
695736
695780
695838
695976
696082
696095
696139
696212
696275
696424
696447
696550
696579
696581
696593
696699
696858
696931
697118
697199
697237
697261
697347
697362
697390
697411
697469
697549
697605
697649
697720
697771
697817
697960
698060
698076
698124
698136
698167
698269
698490
698518
698557
698780
698794
698798
698868
699033
699233
699301
699476
699494
699513
699573
699630
699638
699642
700117
700137
700211
700219
700359
700362
700490
700595
700606
700627
700661
700742
700765
700798
700922
700979
700989
700993
700999
701069
701197
701374
701379
701446
701477
701521
701588
701777
702117
702132
702397
702519
702558
702574
702690
702897
702905
702951
703210
703327
703335
703367
703510
703530
703533
703657
703693
703733
703744
703777
703809
704028
704178
704196
704231
704317
704319
704489
704520
704549
704560
704588
704715
704841
704881
704905
704906
705074
705182
705239
705385
705517
705531
705538
705672
705793
705821
705854
705878
705902
706003
706115
706366
706409
706435
706542
706565
706574
706587
706621
706906
707138
707371
707383
707398
707505
707527
707663
707741
707763
707811
707832
707960
708010
708110
708187
708229
708257
708359
708507
708628
708639
708770
708800
708801
708847
708960
709095
709121
709154
709220
709246
709296
709355
709377
709610
709725
709753
709858
710122
710181
710227
710262
710396
710597
710668
711072
711077
711083
711112
711121
711147
711182
711214
711224
711288
711309
711320
711343
711417
711493
711495
711540
711547
711615
711620
711686
711694
711745
711831
711843
711844
711888
711949
712037
712148
712230
712255
712289
712412
712447
712546
712569
712757
712846
712884
712948
712954
712999
713083
713084
713114
713300
713322
713438
713652
713708
713821
713880
713926
714027
714042
714069
714178
714186
714189
714204
714460
714661
714750
714793
714861
714869
714911
714921
714938
715102
715236
715374
715377
715571
715599
715686
715726
715871
715885
715947
716273
716307
716326
716535
716609
716678
716927
717021
717072
717441
717445
717478
717578
717641
717660
717724
717770
717789
717852
717865
717928
718107
718175
718250
718557
718625
718866
718939
719049
719233
719317
719412
719415
719480
719489
719600
719609
719673
719717
719876
719941
719964
720049
720109
720319
720419
720619
720620
720865
721196
721221
721246
721337
721420
721437
721465
721498
721610
721615
721650
721737
721773
721827
721846
721893
722084
722086
722129
722138
722236
722274
722333
722550
722565
722774
722799
722959
723062
723092
723188
723192
723213
723311
723394
723409
723519
723537
723539
723552
723566
723572
723622
723862
723887
723982
724020
724029
724145
724156
724196
724253
724356
724360
724435
724544
724631
724747
724779
724804
724874
724936
725056
725145
725301
725433
725634
725688
725784
725832
726383
726433
726543
726623
726628
726633
726669
726739
726818
726833
726984
727064
727175
727226
727318
727393
727444
727666
727679
727706
727828
727866
728123
728151
728402
728561
728574
729139
729329
729364
729415
729611
729645
729766
729827
729850
729868
729891
730003
730016
730339
730370
730503
730510
730539
730557
730567
730641
730665
730681
730791
730940
730944
731083
731113
731199
731381
731446
731625
731658
731668
731823
732231
732245
732354
732630
732694
732738
732749
732779
732993
733055
733131
733154
733184
733413
733568
733600
733649
733690
733704
733722
733777
733876
733935
734085
734188
734202
734383
734403
734616
734752
734781
734923
734961
735004
735029
735250
735322
735371
735443
735482
735557
735590
735700
735707
735900
735987
735989
736055
736243
736265
736419
736590
736764
736787
736910
736990
737023
737131
737140
737537
737598
737608
737799
737858
738154
738173
738175
738292
738425
738488
738528
738575
738643
738696
738803
738825
739197
739216
739258
739262
739317
739375
739438
739441
739455
739635
739655
739707
739875
739939
740097
740113
740118
740374
740380
740469
740524
740525
740650
740753
740914
741114
741156
741178
741301
741365
741496
741532
741737
741787
741788
741931
742135
742177
742235
742480
742488
742676
742682
742753
742848
742970
743031
743074
743081
743101
743141
743416
743699
743760
743808
744017
744025
744064
744167
744193
744250
744266
744363
744420
744451
744684
744759
744989
745553
745805
745868
745897
745931
745995
746016
746072
746090
746193
746310
746354
746363
746427
746428
746508
746552
746612
746857
746967
746976
747028
747075
747378
747431
747502
747714
747913
747930
748127
748139
748161
748273
748332
748370
748393
748469
748645
748672
748674
748689
748695
748709
748846
748878
748936
749086
749225
749233
749330
749497
749522
749602
749655
749748
749960
749988
750003
750039
750223
750247
750380
750455
750701
750789
751055
751129
751171
751190
751474
751479
751487
751545
751678
751758
751790
751832
751919
751926
752018
752083
752112
752170
752404
752518
752594
752773
753021
753083
753416
753575
753584
753640
753704
753756
754026
754055
754064
754176
754213
754261
754520
754539
754624
754636
754666
754717
754730
754801
754843
754863
755019
755240
755262
755390
755470
755476
755649
755651
755723
755769
755896
755941
756103
756106
756330
756349
756425
756588
756644
756724
756966
756988
757114
757225
757230
757350
757351
757491
757689
757925
757984
758047
758054
758100
758162
758196
758236
758328
758330
758340
758373
758387
758507
758821
759029
759235
759297
759346
759415
759468
759863
759927
759934
759956
759958
760037
760163
760206
760291
760359
760388
760391
760621
760808
760848
760884
760938
760991
761163
761417
761423
761514
761597
761765
761787
761794
761801
761832
761983
761998
762207
762216
762227
762244
762330
762404
762420
762603
762611
762658
762704
762718
763083
763128
763232
763309
763356
763424
763484
763552
763601
763917
764062
764114
764238
764526
764552
764747
764845
765003
765133
765183
765384
765446
765500
765537
765598
765827
765870
765929
765995
766095
766116
766199
766271
766362
766408
766411
766534
766861
766885
767026
767069
767207
767264
767301
767308
767311
767518
767596
767635
767661
767719
767757
767914
768000
768007
768194
768248
768438
768737
768803
768866
768914
768958
768976
769109
769127
769216
769329
769447
769531
769634
769644
769655
769673
769789
769802
769945
769971
770042
770053
770133
770172
770190
770269
770302
770307
770356
770423
770538
770646
770702
770740
770994
771073
771107
771119
771179
771337
771385
771440
771534
771573
771585
771619
771674
771681
771711
771718
771871
772029
772129
772150
772151
772236
772253
772264
772294
772332
772746
772768
772797
772825
772915
772925
772962
772968
772971
772989
772997
773139
773142
773234
773483
773706
773844
773913
773988
774240
774244
774375
774429
774468
774522
774581
774589
774906
775024
775028
775064
775090
775099
775260
775457
775468
775496
775649
775759
775771
775772
775819
775896
775938
775957
776062
776107
776185
776216
776314
776329
776435
776474
776600
776693
776818
776837
776858
776949
776971
776982
776983
777005
777026
777114
777192
777200
777260
777300
777323
777355
777387
777535
777595
777619
777704
777722
777947
777970
777973
778063
778093
778135
778284
778319
778501
778523
778563
778595
778747
778986
779265
779293
779458
779473
779587
779592
779683
779819
779978
780072
780108
780178
780203
780267
780276
780282
780506
780507
780733
780882
781006
781019
781034
781039
781111
781247
781267
781288
781392
781413
781433
781436
781589
781597
781693
781797
781883
782028
782083
782228
782238
782240
782318
782534
782863
782868
782870
782892
783003
783095
783103
783264
783283
783316
783514
783649
783651
783675
783686
783706
783878
783882
783952
783974
783999
784137
784148
784149
784177
784199
784262
784357
784422
784844
784869
784877
784947
785025
785136
785243
785255
785341
785375
785556
785630
785657
785898
786245
786395
786412
786463
786666
786673
786677
786906
786975
787050
787068
787207
787225
787298
787486
787840
787982
788066
788074
788120
788182
788273
788332
788375
788415
788475
788480
788617
788694
788786
788845
788926
788960
788983
789020
789056
789063
789268
789382
789398
789453
789460
789515
789540
789727
789847
790077
790211
790240
790260
790313
790454
790461
790596
790675
790704
791010
791278
791332
791353
791509
791678
791801
791968
792293
792347
792369
792403
792406
792459
792479
792593
792604
792724
792726
792748
792780
792882
793004
793013
793137
793185
793203
793235
793248
793288
793676
793696
793703
793759
793791
793881
793886
793985
794031
794130
794227
794235
794329
794480
794522
794906
795025
795215
795218
795290
795368
795390
795423
795484
795567
795717
795938
796023
796438
796451
796641
796816
796875
796903
797216
797242
797269
797465
797526
797662
798003
798043
798061
798234
798341
798429
798442
798589
798609
798654
798714
798816
798995
799017
799058
799237
799304
799472
799561
799587
799602
799642
799685
799735
799933
799965
800124
800162
800224
800459
800520
800720
800737
800759
800789
800804
800837
800964
801034
801152
801203
801359
801584
801710
801737
801813
801814
801859
801918
801946
802105
802164
802213
802217
802262
802398
802496
802527
802571
802699
802753
802767
802829
802852
802926
802936
803056
803115
803174
803176
803270
803493
803501
803623
803669
803681
803886
803989
804125
804219
804382
804384
804422
804474
804500
804569
804827
804860
804870
804938
805121
805326
805359
805364
805427
805466
805468
805531
805538
805919
806113
806269
806296
806494
806520
806617
806713
807127
807182
807233
807430
807601
807661
807686
807806
807817
807873
807874
807915
807999
808018
808133
808292
808331
808415
808491
808891
808932
808955
809028
809043
809082
809152
809215
809409
809622
809701
809742
809800
809888
809913
810048
810062
810087
810336
810454
810565
810731
810743
810752
810790
811035
811053
811117
811195
811270
811317
811393
811406
811471
811486
811519
811545
811580
811629
811894
811904
812166
812247
812386
812388
812401
812446
812483
812526
812530
812550
812591
812644
812670
812786
812817
812892
812970
813104
813224
813300
813355
813385
813408
813479
813509
813560
813566
813628
813763
813943
814169
814235
814282
814327
814362
814423
814543
814567
814719
814784
814904
814956
815276
815292
815319
815349
815393
815453
815477
815488
815510
815519
815553
815870
815925
816056
816182
816329
816368
816489
816537
816630
816763
816950
817002
817031
817206
817277
817346
817373
817374
817384
817438
817453
817494
817519
817531
817791
817853
817907
818013
818029
818243
818304
818342
818417
818484
818506
818550
818607
818663
818784
818820
818853
818872
819119
819173
819299
819326
819426
819516
819556
819690
819735
819789
819823
819955
820058
820222
820238
820294
820562
820581
820692
820745
820773
820798
820939
821054
821072
821135
821172
821192
821269
821334
821340
821382
821400
821423
821475
821485
821492
821568
821575
821734
821757
821856
821930
821953
822014
822084
822126
822534
822541
822554
822683
822947
823116
823222
823240
823320
823405
823602
823647
823743
823749
823819
824036
824185
824244
824381
824427
824526
824596
824689
824730
824953
824970
825073
825185
825238
825255
825491
825493
825584
825586
825680
825714
825760
825778
825810
825845
825868
825894
825934
826101
826105
826431
826472
826550
826704
826734
826787
826802
826833
826919
827040
827094
827101
827133
827145
827326
827397
827400
827408
827603
827829
827849
827990
828183
828254
828495
828511
828629
828897
828945
828989
829091
829100
829304
829309
829316
829323
829414
829452
829478
829500
829524
829546
829622
829884
829908
829952
829962
830064
830076
830160
830382
830388
830417
830420
830487
830530
830668
830707
830726
830751
830827
830851
830942
830975
830979
830996
831055
831320
831578
831644
831720
831754
831827
831984
832039
832221
832565
832762
832789
832872
833004
833026
833027
833092
833160
833214
833406
833441
833457
833475
833546
833599
833646
833780
834238
834292
834395
834444
834515
834584
834650
834832
835010
835065
835116
835345
835400
835410
835841
835886
836039
836103
836162
836250
836278
836315
836341
836352
836397
836623
836695
836782
836835
836837
836874
836963
837006
837181
837298
837463
837556
837655
837678
837902
838112
838330
838353
838479
838546
838692
838725
838764
838816
838898
839211
839271
839379
839390
839492
839626
839712
839796
839814
840118
840122
840131
840175
840197
840320
840451
840741
840764
840806
840829
840880
841191
841277
841334
841489
841639
841801
841838
841879
841896
841995
842106
842375
842487
842711
842753
842883
842894
842909
842965
842968
843092
843140
843179
843241
843249
843279
843521
843539
843617
843705
843742
843749
843895
843898
843929
843995
844207
844253
844385
844571
844609
844610
844687
844714
844757
844760
844848
844896
844943
844950
845005
845059
845085
845094
845163
845213
845504
845646
845764
845799
845943
845997
846145
846308
846372
846452
846557
846560
846569
846632
846634
846665
846818
847237
847449
847450
847462
847467
847652
847693
847785
847960
847974
848047
848150
848154
848168
848201
848286
848408
848548
848554
848596
848614
848680
848691
848817
848875
849045
849181
849255
849266
849317
849347
849507
849593
849652
849736
849757
849789
849933
850010
850078
850157
850380
850438
850450
850517
850610
850618
850633
850643
850740
850761
850946
851075
851086
851102
851169
851200
851216
851293
851332
851339
851358
851413
851421
851456
851521
851615
851617
851687
851827
851910
852050
852075
852212
852238
852273
852537
852562
852573
852661
852701
852741
852929
852954
853006
853057
853137
853139
853170
853359
853458
853477
853479
853481
853555
853578
853617
853736
854056
854157
854231
854250
854251
854280
854299
854300
854308
854368
854400
854459
854620
854644
854658
854687
854706
854843
854896
854922
854929
854941
854963
854977
855017
855175
855212
855368
855482
855651
855678
855688
855789
855807
855886
855890
855938
856105
856124
856368
856531
856662
856679
856755
856790
856816
856818
856823
856832
856927
856950
856960
857043
857176
857338
857399
857564
857720
857894
857945
857959
857963
857977
858072
858108
858119
858365
858478
858549
858644
858746
858751
858776
858909
858932
859119
859134
859255
859382
859419
859536
859620
859806
859878
860015
860017
860041
860043
860084
860138
860270
860323
860401
860407
860479
860557
860610
860738
860800
860921
860925
861038
861095
861232
861330
861529
861535
861750
861829
861838
862006
862146
862168
862289
862403
862405
862434
862621
862622
862812
862888
862932
862961
862980
863187
863252
863302
863401
863411
863430
863660
863776
864019
864069
864324
864419
864537
864636
864712
865009
865082
865108
865288
865310
865443
865448
865484
865517
865581
865589
865606
865694
865832
865840
865895
865979
866104
866122
866209
866399
866585
866646
866660
866883
867191
867209
867308
867337
867390
867395
867402
867409
867501
867509
867910
867952
868098
868144
868327
868369
868487
868678
868759
868840
869166
869181
869336
869366
869398
869407
869732
869759
869775
870001
870019
870156
870180
870204
870245
870499
870524
870603
870610
870696
870758
870774
871021
871049
871069
871214
871228
871242
871403
871449
871731
871766
871832
871903
872099
872139
872285
872684
872692
872783
872878
873033
873150
873219
873257
873296
873336
873346
873402
873467
873519
873792
873798
873885
874032
874039
874052
874179
874228
874234
874287
874405
874541
874590
874639
874773
874873
874881
874897
875030
875310
875385
875409
875448
875588
875594
875611
875641
875676
875691
876013
876061
876102
876211
876226
876290
876381
876444
876546
876560
876637
876820
876832
876886
877144
877221
877328
877346
877381
877466
877477
877487
877823
877911
877955
877965
878216
878598
878688
878750
878817
878896
878933
879148
879157
879243
879283
879336
879413
879444
879622
879659
879779
879849
879865
880088
880145
880150
880194
880261
880326
880591
880665
880712
880800
880808
880847
881078
881148
881157
881221
881641
881727
881954
882056
882150
882202
882256
882277
882303
882312
882399
882478
882598
882619
882620
882918
882996
883189
883243
883254
883337
883533
883622
883747
883923
883960
884044
884118
884191
884283
884316
884480
884495
884647
884775
884838
884840
885031
885179
885248
885341
885442
885525
885526
885674
885780
885915
885999
886045
886056
886095
886124
886145
886224
886237
886439
886491
886504
886600
886661
886677
886784
887004
887142
887302
887435
887444
887477
887482
887510
887658
887806
887868
887971
888018
888043
888115
888136
888165
888285
888292
888401
888404
888527
888586
888716
888781
889079
889130
889213
889251
889256
889259
889269
889446
889454
889528
889816
889871
889881
889967
890032
890125
890169
890190
890198
890261
890374
890422
890447
890527
890635
890687
890751
890849
890975
891019
891023
891287
891396
891455
891536
891558
891652
891695
891817
891993
892013
892066
892146
892162
892372
892411
892453
892504
892509
892524
892592
892642
892769
892816
892905
892920
892932
893058
893092
893339
893525
893533
893813
893884
893927
894241
894292
894326
894425
894508
894589
894616
894620
894696
894848
894878
894953
894985
895015
895048
895063
895120
895270
895308
895320
895362
895518
895540
895549
895837
895847
896140
896190
896265
896545
896615
896647
896879
896955
897038
897359
897362
897440
897469
897486
897492
897562
897579
897622
897968
898012
898127
898235
898471
898575
898583
898635
898641
898644
898804
898875
898966
898975
899041
899066
899129
899147
899177
899441
899483
899492
899718
899758
899785
899838
899930
899935
900019
900131
900282
900296
900298
900300
900349
900462
900490
900501
900502
900526
900552
900553
900599
900781
900839
900992
901168
901292
901449
901461
901567
901678
901838
901876
901901
901934
902037
902166
902221
902228
902295
902319
902572
902673
902883
902890
902973
903242
903469
903608
903650
903672
903813
903969
904002
904065
904070
904131
904156
904204
904392
904408
904433
904527
904564
904926
905039
905046
905079
905282
905287
905349
905518
905622
905817
905828
905951
906068
906110
906229
906287
906366
906373
906438
906551
906668
906684
906708
906800
907057
907151
907204
907275
907397
907410
907468
907670
907706
907762
907764
907941
908025
908045
908159
908247
908380
908401
908484
908603
908686
908732
908843
908861
908899
908924
909106
909310
909326
909484
909567
909823
909824
909836
909915
909989
910006
910009
910066
910079
910139
910266
910397
910400
910442
910459
910582
910593
910627
910933
911062
911085
911110
911134
911216
911317
911415
911691
911723
911725
911796
911894
912007
912114
912138
912206
912223
912307
912428
912742
912781
912804
912890
912936
913011
913116
913231
913273
913384
913427
913433
913457
913470
913553
913602
913713
913745
913869
913896
913968
914043
914078
914260
914320
914529
914624
914660
914779
914865
914964
915093
915137
915255
915306
915349
915358
915440
915500
915517
915600
915670
915855
915859
916006
916012
916108
916111
916123
916158
916232
916310
916322
916428
916472
916480
916496
916587
916623
916650
916668
916674
916828
916912
916966
917010
917072
917188
917287
917307
917715
917799
918058
918112
918247
918279
918445
918476
918577
918784
919091
919253
919315
919422
919450
919666
919688
919787
919888
920089
920160
920527
920537
920571
920576
920743
920934
920967
920975
921023
921263
921375
922015
922096
922123
922148
922157
922314
922333
922360
922558
922576
922762
922824
922831
922891
922980
923005
923051
923272
923274
923310
923397
923445
923449
923469
923682
923686
923719
923728
923777
923827
923844
924027
924094
924331
924420
924747
924750
924759
924810
925018
925114
925186
925243
925379
925510
925603
925620
925677
925837
925843
925909
925967
926028
926140
926163
926324
926420
926610
926642
926772
926908
926957
927028
927066
927146
927153
927180
927337
927374
927439
927468
927621
927665
927708
927786
927946
928025
928042
928089
928148
928220
928447
928455
928600
928714
928830
928861
928877
929006
929323
929433
929491
929549
929564
929608
929644
929802
929821
929831
929868
929877
929991
930242
930274
930303
930482
930510
930546
930646
930795
930889
931021
931144
931152
931207
931257
931281
931536
931693
931705
931790
931886
931891
931903
931985
932061
932099
932174
932220
932306
932314
932731
932761
932800
932845
932922
933075
933098
933122
933188
933400
933461
933815
934125
934175
934252
934282
934375
934378
934432
934545
934589
934678
934767
934854
934860
934943
934990
935046
935060
935092
935109
935143
935170
935412
935469
935480
935481
935507
935605
935806
935813
935948
936045
936185
936226
936288
936313
936405
936542
936745
936747
936830
936907
936949
937519
937524
937593
937677
937750
937816
937875
937987
938063
938130
938150
938206
938255
938269
938275
938386
938405
938411
938510
938599
938725
938847
938896
939057
939438
939490
939568
939640
939644
939676
939810
939820
939932
939950
939957
940150
940272
940322
940328
940339
940376
940560
940622
940768
940898
940936
940985
941040
941099
941105
941168
941184
941280
941446
941508
941575
941631
941870
941874
941915
942019
942028
942063
942116
942326
942328
942511
942606
942639
942704
942846
942850
942888
942906
942971
943072
943108
943178
943223
943225
943232
943250
943335
943432
943510
943583
943590
943667
943711
943743
943748
943772
944020
944027
944050
944056
944101
944102
944158
944266
944330
944362
944368
944509
944632
944713
944728
944775
944792
944977
945116
945143
945145
945265
945336
945550
945662
945846
945898
945959
946007
946022
946077
946081
946148
946180
946309
946439
946802
946837
946839
946864
946884
947195
947248
947263
947270
947277
947280
947401
947429
947495
947557
947584
947622
947727
947730
947815
947871
947962
947980
948388
948425
948659
948772
948779
948809
948816
949059
949086
949109
949170
949260
949313
949475
949503
949588
949733
949894
949946
950001
950081
950172
950290
950330
950398
950779
950911
951056
951086
951207
951426
951487
951501
951588
951623
951625
951759
951823
951837
951867
952024
952037
952044
952093
952096
952187
952298
952362
952587
952623
952677
952708
952731
952795
952836
952908
952925
952943
952951
953062
953070
953092
953101
953247
953273
953276
953661
953694
953730
953766
953769
953909
954037
954140
954148
954170
954192
954261
954393
954397
954436
954447
954450
954466
954494
954685
954693
954702
954988
955259
955275
955306
955312
955409
955667
955685
955703
955730
955987
956127
956182
956190
956271
956319
956370
956383
956570
956716
956723
956884
956887
957163
957264
957352
957370
957600
957699
957726
957865
957961
957992
958152
958372
958498
958569
958597
958614
958700
958841
958894
958912
958944
958950
958982
959025
959159
959176
959193
959245
959346
959492
959502
959581
959592
959636
959668
959686
959811
959905
959918
960052
960142
960175
960257
960334
960429
960433
960447
960573
960650
960652
960934
960999
961016
961027
961088
961287
961294
961307
961610
961721
961786
961882
961898
962083
962122
962123
962310
962411
962471
962550
962582
962697
962707
962729
962765
962876
962878
963040
963092
963104
963175
963204
963323
963371
963666
963752
963780
963814
964178
964319
964446
964702
964790
964989
964991
965020
965141
965144
965171
965282
965286
965527
966138
966203
966210
966352
966353
966388
966516
966673
966772
966804
966829
966980
966989
967043
967219
967322
967430
967663
967666
967798
967815
967885
967967
967971
968077
968080
968096
968278
968397
968434
968460
968653
968736
968746
968777
968795
968843
968859
968861
969185
969191
969490
969519
969909
969971
970268
970507
970522
970737
970864
970989
971200
971237
971312
971318
971348
971352
971363
971374
971532
971538
971619
971628
971752
971760
971791
971819
971839
971955
971971
972071
972153
972199
972454
972470
972482
972511
972584
972606
972609
972650
972678
972755
972874
973071
973118
973196
973323
973398
973433
973526
973712
973956
973992
974026
974182
974194
974649
974779
974844
975015
975063
975148
975181
975223
975248
975274
975356
975528
975533
975656
975673
975679
975757
975797
975804
975811
976005
976026
976094
976189
976250
976303
976411
976421
976531
976745
976830
977022
977040
977142
977234
977360
977472
977515
977517
977633
977645
977655
977764
977975
977989
978015
978035
978121
978136
978219
978235
978236
978237
978279
978315
978482
978491
978602
978727
979095
979193
979380
979397
979419
979491
979520
979558
979656
979681
979751
979808
980251
980354
980463
980479
980664
980666
980681
980767
980872
980877
981018
981048
981095
981203
981230
981276
981284
981716
981772
981826
981888
982023
982059
982159
982176
982266
982467
982485
982572
982613
982678
983010
983029
983151
983221
983226
983430
983478
983501
983558
983580
983902
983918
983963
984001
984272
984398
984492
984516
984618
984638
984675
984757
984775
984900
984914
984920
985066
985242
985465
985605
985771
985787
985855
985908
986096
986146
986235
986410
986416
986494
986639
986830
986839
987079
987087
987093
987179
987288
987413
987514
987526
987660
987768
987802
987803
987848
987872
987960
988043
988129
988138
988396
989062
989194
989322
989324
989355
989387
989508
989607
989969
989973
990189
990306
990316
990398
990502
990565
990645
990699
990824
990862
990885
991139
991148
991239
991249
991325
991662
991724
991776
991783
991843
991917
992314
992336
992580
992591
992644
992683
992721
992848
992911
992934
992980
992995
993245
993398
993448
993476
993559
993666
993712
993736
993862
993911
994089
994119
994240
994323
994422
994632
994653
994672
994709
994752
994761
994790
994950
994968
995014
995215
995246
995284
995297
995322
995478
995612
995754
995763
995810
995922
995990
996007
996008
996013
996088
996170
996180
996186
996263
996601
996617
996710
996872
996884
997064
997071
997161
997187
997225
997256
997408
997442
997713
997754
997821
997872
998101
998217
998378
998463
998479
998486
998549
998574
998608
998610
998827
998838
998864
999009
999111
999179
999182
999286
999298
999367
999421
999433
999529
999534
999820
999913
999939
999968
1000046
1000089
1000094
1000165
1000175
1000425
1000472
1000554
1000571
1000579
1000719
1000757
1000808
1000827
1001057
1001229
1001293
1001342
1001410
1001656
1001667
1001700
1001893
1001967
1001991
1002137
1002143
1002401
1002523
1002581
1002584
1002612
1002670
1002736
1002953
1003268
1003312
1003460
1003481
1003573
1003932
1004200
1004242
1004463
1004533
1004620
1004684
1004687
1004763
1004796
1004900
1004901
1004943
1005119
1005180
1005389
1005394
1005755
1005870
1005892
1005897
1006086
1006123
1006236
1006275
1006306
1006341
1006349
1006383
1006512
1006529
1006537
1006641
1006650
1006675
1006701
1006823
1006829
1006866
1006877
1006952
1007077
1007086
1007144
1007176
1007225
1007231
1007316
1007480
1007482
1008055
1008089
1008141
1008351
1008389
1008391
1008403
1008463
1008522
1008588
1008595
1008599
1008713
1008874
1008908
1008924
1008993
1009027
1009116
1009169
1009216
1009296
1009310
1009330
1009346
1009414
1009620
1009778
1009784
1009914
1010028
1010047
1010098
1010138
1010149
1010187
1010220
1010431
1010474
1010484
1010486
1010620
1010822
1010908
1010972
1011158
1011287
1011338
1011392
1011518
1011538
1011585
1011595
1011636
1011661
1011694
1011762
1011978
1011999
1012046
1012059
1012176
1012238
1012264
1012290
1012305
1012330
1012408
1012624
1012643
1012805
1012817
1012818
1012826
1012912
1012938
1012988
1013153
1013226
1013240
1013297
1013321
1013502
1013523
1013546
1013625
1013768
1013811
1014241
1014310
1014380
1014559
1014585
1014878
1014923
1015136
1015189
1015227
1015265
1015278
1015354
1015481
1015560
1015573
1015576
1015590
1015596
1015657
1015741
1015901
1016195
1016247
1016282
1016285
1016500
1016729
1016826
1016918
1016927
1017537
1017912
1018091
1018184
1018195
1018357
1018379
1018422
1018522
1018619
1018719
1018788
1018984
1019061
1019125
1019149
1019159
1019275
1019504
1019943
1020000
1020071
1020095
1020118
1020235
1020250
1020291
1020393
1020428
1020452
1020580
1020641
1020648
1020669
1020712
1020810
1020812
1020826
1020949
1020962
1021112
1021206
1021245
1021260
1021297
1021339
1021440
1021539
1021568
1021658
1021678
1021756
1021915
1022053
1022198
1022289
1022434
1022563
1022658
1022696
1022699
1022905
1022999
1023080
1023096
1023210
1023229
1023287
1023308
1023433
1023685
1023711
1023813
1023894
1023948
1023999
1024220
1024234
1024255
1024259
1024327
1024448
1024552
1024556
1024625
1024646
1024688
1024753
1025070
1025122
1025240
1025266
1025273
1025381
1025428
1025554
1025566
1025599
1025632
1025647
1025805
1026586
1026613
1026635
1026703
1026763
1026810
1026850
1026920
1026921
1026943
1026998
1027100
1027210
1027351
1027433
1027514
1027784
1028020
1028422
1028511
1028516
1028846
1028870
1028948
1029077
1029212
1029313
1029466
1029578
1029591
1029666
1029700
1029910
1030052
1030354
1030358
1030410
1030424
1030450
1030484
1030514
1030567
1030615
1030698
1030782
1030800
1030928
1031193
1031267
1031436
1031573
1031663
1031720
1031728
1032057
1032116
1032121
1032211
1032342
1032466
1032616
1032674
1032748
1032959
1032976
1033142
1033176
1033188
1033305
1033349
1033455
1033468
1033539
1033589
1033609
1033632
1033676
1033775
1033824
1033827
1033877
1033903
1033933
1033952
1033979
1034093
1034107
1034130
1034190
1034232
1034249
1034354
1034368
1034391
1034406
1034427
1034467
1034560
1034598
1034668
1034686
1034878
1034986
1035011
1035072
1035160
1035255
1035393
1035444
1035526
1035547
1035568
1035827
1035851
1036049
1036501
1036651
1036786
1036875
1037053
1037217
1037266
1037278
1037311
1037565
1037572
1037860
1037871
1037954
1037994
1038009
1038031
1038103
1038129
1038134
1038183
1038200
1038240
1038273
1038470
1038649
1038713
1038893
1038914
1038999
1039025
1039205
1039256
1039569
1039623
1039713
1039767
1039770
1039810
1039812
1039813
1039895
1039901
1039952
1039974
1040025
1040093
1040133
1040141
1040247
1040264
1040305
1040336
1040340
1040425
1040480
1040517
1040697
1040897
1040937
1041029
1041080
1041114
1041137
1041143
1041213
1041295
1041383
1041524
1041711
1041760
1041973
1042019
1042214
1042276
1042344
1042358
1042439
1042453
1042569
1042757
1042799
1043293
1043390
1043411
1043415
1043421
1043448
1043495
1043543
1043596
1043604
1043611
1043667
1043780
1043856
1043869
1043952
1044029
1044171
1044313
1044591
1044753
1044919
1044938
1045029
1045044
1045080
1045097
1045117
1045228
1045275
1045279
1045282
1045311
1045363
1045487
1045575
1045771
1045831
1045842
1045859
1045994
1046044
1046074
1046167
1046285
1046423
1046461
1046531
1046587
1046682
1046860
1046901
1046941
1047213
1047256
1047303
1047319
1047457
1047493
1047583
1047593
1047603
1047627
1047930
1047937
1047969
1048007
1048013
1048018
1048085
1048292
1048391
1048396
1048455
1048519
1048860
1048944
1049168
1049210
1049236
1049256
1049309
1049374
1049401
1049414
1049521
1049522
1049640
1049644
1049812
1050285
1050459
1050495
1050577
1050648
1050719
1050721
1050906
1050937
1050971
1051308
1051626
1051657
1051810
1051811
1051867
1052030
1052037
1052138
1052190
1052416
1052502
1052566
1052793
1052850
1052875
1052934
1052938
1052976
1052996
1053120
1053197
1053391
1053461
1053497
1053571
1053711
1053768
1053940
1054121
1054153
1054292
1054309
1054377
1054432
1054518
1054573
1054728
1054729
1055021
1055137
1055189
1055317
1055389
1055435
1055454
1055481
1055516
1055722
1055741
1055778
1055813
1055957
1055990
1056216
1056259
1056325
1056417
1056472
1056550
1056726
1056736
1056794
1056805
1056853
1056888
1056999
1057034
1057341
1057385
1057510
1057517
1057569
1057602
1057636
1057692
1057754
1057790
1057988
1058038
1058188
1058288
1058323
1058341
1058352
1058377
1058545
1058591
1058653
1058793
1058830
1058929
1059051
1059374
1059478
1059488
1059568
1059603
1059653
1059770
1059889
1059910
1059998
1060092
1060238
1060259
1060307
1060338
1060498
1060503
1060550
1060678
1060688
1060735
1060765
1060891
1060960
1060974
1061063
1061104
1061342
1061500
1061518
1061643
1061690
1061696
1061881
1061947
1061956
1061994
1062163
1062217
1062219
1062311
1062498
1062580
1062914
1062957
1062982
1063041
1063084
1063122
1063190
1063253
1063346
1063378
1063483
1063699
1063782
1063855
1064096
1064187
1064192
1064487
1064581
1064644
1064793
1064802
1064842
1064887
1064993
1065318
1065320
1065426
1065546
1065678
1065769
1065802
1065804
1065866
1065941
1065999
1066031
1066174
1066270
1066376
1066391
1066597
1066619
1066635
1066764
1066843
1066918
1067020
1067112
1067127
1067130
1067173
1067252
1067263
1067272
1067441
1067476
1067511
1067650
1067660
1067668
1067796
1067817
1067834
1067969
1067980
1067985
1068040
1068111
1068215
1068548
1068645
1068672
1068781
1068837
1068961
1069150
1069175
1069269
1069445
1069464
1069514
1069601
1069656
1070043
1070060
1070118
1070147
1070204
1070255
1070564
1070592
1070615
1070736
1070799
1070828
1070853
1071001
1071095
1071154
1071239
1071393
1071435
1071508
1071634
1071696
1071703
1071784
1071803
1071814
1071819
1071878
1071886
1071990
1072051
1072094
1072095
1072166
1072191
1072214
1072247
1072307
1072323
1072383
1072394
1072396
1072437
1072613
1072707
1072954
1073151
1073174
1073260
1073263
1073333
1073463
1073471
1073653
1073841
1073896
1073900
1073905
1073908
1073953
1073967
1073997
1074309
1074429
1074454
1074479
1074523
1074591
1074606
1074610
1074643
1074877
1074958
1075019
1075031
1075062
1075177
1075234
1075265
1075298
1075406
1075697
1075780
1075850
1075948
1075971
1075972
1076198
1076284
1076292
1076331
1076366
1076402
1076405
1076514
1076758
1076762
1076813
1077040
1077124
1077201
1077228
1077334
1077354
1077364
1077400
1077606
1077612
1077932
1078062
1078077
1078115
1078226
1078312
1078453
1078455
1078657
1078808
1078862
1078900
1079010
1079080
1079115
1079132
1079174
1079239
1079245
1079330
1079371
1079497
1079502
1079550
1079681
1079930
1079932
1080038
1080147
1080172
1080191
1080217
1080255
1080622
1080680
1080719
1080794
1080913
1080963
1081050
1081091
1081103
1081170
1081381
1081469
1081489
1081549
1081647
1082085
1082417
1082501
1082539
1082646
1083058
1083076
1083144
1083170
1083194
1083267
1083300
1083322
1083589
1083602
1083795
1083843
1083929
1083991
1084047
1084056
1084308
1084323
1084363
1084443
1084481
1084556
1084589
1084602
1084677
1084734
1084944
1084970
1085041
1085058
1085089
1085228
1085273
1085755
1085780
1085918
1085929
1085989
1086017
1086032
1086039
1086068
1086130
1086285
1086335
1086506
1086555
1086629
1086733
1086780
1086896
1087116
1087318
1087370
1087404
1087447
1087530
1087745
1087932
1088130
1088188
1088219
1088334
1088572
1088607
1088613
1088726
1088750
1088918
1088946
1088948
1088984
1089240
1089247
1089377
1089525
1089809
1089860
1089974
1090111
1090374
1090735
1090776
1090798
1090800
1090872
1090958
1091015
1091216
1091282
1091293
1091363
1091436
1091728
1091867
1091870
1091926
1092028
1092040
1092068
1092129
1092311
1092458
1092496
1092538
1092573
1092723
1093025
1093114
1093476
1093501
1093526
1093786
1094028
1094069
1094079
1094190
1094196
1094246
1094539
1094568
1094574
1094794
1094806
1094858
1094943
1095046
1095096
1095123
1095338
1095346
1095381
1095684
1095830
1095863
1095868
1095873
1095936
1096019
1096136
1096214
1096241
1096497
1096590
1096644
1096655
1096727
1096729
1096732
1096799
1096904
1096931
1097027
1097044
1097102
1097112
1097186
1097370
1097404
1097448
1097457
1097563
1097645
1097779
1097844
1098022
1098042
1098054
1098103
1098147
1098154
1098157
1098229
1098450
1098591
1098640
1098820
1098855
1098939
1098964
1098966
1098970
1098979
1099066
1099154
1099166
1099414
1099453
1099536
1099621
1099772
1099837
1099892
1100088
1100126
1100155
1100206
1100272
1100390
1100499
1100582
1100632
1100648
1100702
1100772
1100945
1100995
1101067
1101103
1101179
1101251
1101256
1101425
1101455
1101623
1101650
1101784
1101835
1101857
1102004
1102129
1102259
1102359
1102420
1102572
1102902
1102971
1103081
1103188
1103343
1103412
1103763
1103780
1103812
1103920
1104022
1104036
1104111
1104113
1104274
1104351
1104510
1104571
1104708
1104713
1105238
1105265
1105267
1105310
1105353
1105451
1105531
1105541
1105552
1105623
1105786
1105880
1105920
1105944
1105947
1106008
1106086
1106320
1106382
1106510
1106521
1106694
1106711
1106787
1106813
1106837
1106901
1106911
1107123
1107221
1107576
1107839
1107890
1107939
1107963
1108134
1108147
1108171
1108196
1108627
1108644
1108774
1108789
1108819
1108908
1108912
1108925
1109139
1109171
1109273
1109480
1109527
1109550
1109598
1109650
1109794
1109823
1109879
1109935
1110017
1110054
1110125
1110168
1110186
1110210
1110268
1110288
1110360
1110530
1110532
1110554
1110583
1110601
1110794
1110829
1110875
1110888
1110983
1111180
1111185
1111289
1111530
1111542
1111589
1111649
1111691
1111734
1111767
1111812
1111885
1111968
1111992
1112276
1112306
1112315
1112365
1112426
1112435
1112437
1112494
1112705
1112725
1112727
1112741
1112949
1113083
1113085
1113127
1113153
1113350
1113389
1113452
1113577
1113620
1113645
1113813
1113886
1113982
1114052
1114075
1114084
1114103
1114210
1114531
1114690
1114790
1114828
1114975
1115111
1115150
1115220
1115723
1115806
1115822
1116094
1116151
1116232
1116338
1116436
1116487
1116628
1116638
1116639
1116663
1116722
1116743
1116750
1116805
1116915
1117014
1117061
1117163
1117292
1117298
1117465
1117588
1117759
1117830
1117859
1118038
1118103
1118237
1118286
1118298
1118476
1118501
1118565
1118648
1118668
1118994
1119053
1119110
1119135
1119359
1119530
1119548
1119551
1119617
1119642
1119850
1119932
1120051
1120186
1120369
1120430
1120507
1120532
1120575
1120718
1121012
1121112
1121141
1121162
1121279
1121291
1121333
1121424
1121665
1121749
1122193
1122479
1122850
1122942
1123091
1123137
1123156
1123157
1123179
1123323
1123580
1123596
1123607
1123635
1123883
1123973
1124059
1124111
1124222
1124245
1124253
1124337
1124348
1124361
1124362
1124398
1124423
1124482
1124723
1124745
1124763
1124796
1124818
1124865
1125016
1125053
1125117
1125142
1125174
1125332
1125389
1125508
1125578
1125582
1125721
1125739
1125872
1125968
1126269
1126614
1126716
1126803
1126901
1127121
1127122
1127165
1127166
1127302
1127415
1127614
1127669
1127671
1127684
1127691
1127716
1127726
1127751
1127794
1127802
1127944
1127981
1127984
1128053
1128105
1128157
1128180
1128312
1128480
1128682
1128793
1128931
1128977
1129048
1129091
1129374
1129528
1129562
1129592
1129788
1129793
1129794
1129801
1129903
1129904
1129983
1130124
1130137
1130200
1130423
1130574
1130615
1130713
1130731
1130796
1130948
1131091
1131127
1131280
1131306
1131322
1131351
1131397
1131420
1131484
1131544
1131567
1131647
1131740
1131810
1131824
1131875
1131883
1131987
1132005
1132020
1132164
1132234
1132441
1132458
1132461
1132498
1132540
1132599
1132739
1132833
1132899
1132909
1132947
1132999
1133198
1133213
1133219
1133274
1133305
1133309
1133338
1133435
1133478
1133580
1133643
1133697
1133728
1134045
1134385
1134392
1134492
1134540
1134615
1134691
1134808
1135001
1135124
1135245
1135261
1135388
1135446
1135522
1135562
1135787
1136023
1136091
1136166
1136169
1136487
1136989
1136992
1137012
1137074
1137079
1137126
1137235
1137287
1137535
1137552
1137564
1137644
1137723
1137749
1137762
1137770
1137776
1137879
1137919
1137973
1137985
1138032
1138035
1138049
1138087
1138148
1138484
1138776
1138996
1139234
1139630
1139765
1139772
1140169
1140177
1140184
1140267
1140441
1140674
1140774
1140795
1140824
1140904
1141050
1141204
1141265
1141268
1141338
1141468
1141521
1141670
1141771
1141788
1141793
1142010
1142011
1142380
1142432
1142518
1142579
1142727
1142740
1142753
1142770
1142805
1142819
1142850
1142942
1142989
1142993
1143050
1143076
1143082
1143132
1143142
1143355
1143386
1143501
1143528
1143672
1143757
1144019
1144157
1144192
1144193
1144214
1144222
1144356
1144372
1144407
1144485
1144495
1144504
1144607
1144620
1144633
1144746
1144782
1144901
1144921
1144928
1145119
1145192
1145194
1145259
1145414
1145718
1145727
1145843
1145892
1145947
1146003
1146072
1146095
1146356
1146378
1146379
1146424
1146450
1146490
1146599
1146687
1146693
1146734
1146834
1146941
1146942
1147091
1147151
1147399
1147427
1147439
1147577
1147612
1147615
1147794
1147844
1147934
1147972
1148009
1148020
1148028
1148029
1148106
1148146
1148362
1148403
1148404
1148419
1148427
1148443
1148480
1148510
1148556
1148585
1148672
1148680
1148711
1148791
1148807
1148868
1148964
1149225
1149243
1149256
1149309
1149365
1149432
1149491
1149518
1149567
1149746
1149846
1149899
1149955
1150063
1150102
1150108
1150199
1150385
1150459
1150561
1150644
1150862
1150984
1151028
1151088
1151156
1151207
1151266
1151297
1151354
1151430
1151579
1151658
1151713
1151744
1151808
1151905
1151988
1151991
1152019
1152165
1152187
1152202
1152282
1152507
1152571
1152575
1152605
1152607
1152728
1152851
1152867
1152920
1153131
1153302
1153314
1153386
1153488
1153514
1153616
1153676
1153894
1154017
1154031
1154074
1154120
1154235
1154255
1154333
1154554
1154750
1154816
1154861
1154892
1155058
1155146
1155159
1155303
1155335
1155442
1155457
1155636
1155679
1155891
1155950
1155999
1156029
1156090
1156113
1156118
1156141
1156209
1156265
1156321
1156428
1156558
1156562
1156582
1156601
1156620
1156802
1156882
1156955
1157087
1157172
1157268
1157414
1157497
1157644
1157809
1157894
1157941
1158031
1158295
1158306
1158345
1158374
1158426
1158447
1158594
1158806
1158923
1158980
1158981
1159032
1159178
1159309
1159318
1159371
1159630
1159742
1159751
1159764
1159775
1159917
1159918
1160000
1160239
1160388
1160423
1160513
1160596
1160709
1160735
1160738
1160843
1160866
1160876
1160948
1161048
1161056
1161063
1161069
1161099
1161211
1161288
1161382
1161473
1161502
1161541
1161581
1161665
1161769
1161785
1161889
1162164
1162190
1162203
1162217
1162257
1162267
1162400
1162421
1162715
1162927
1162963
1163049
1163231
1163278
1163476
1163511
1163774
1163784
1164206
1164259
1164369
1164455
1164502
1164526
1164549
1164592
1164700
1164976
1165574
1165627
1165926
1166057
1166108
1166116
1166192
1166358
1166498
1166529
1166538
1166706
1166718
1166825
1166835
1166839
1166882
1167047
1167089
1167160
1167270
1167392
1167575
1167630
1167659
1167666
1167682
1167735
1167755
1167821
1167822
1167839
1167857
1168016
1168076
1168193
1168240
1168269
1168296
1168403
1168563
1168776
1169032
1169038
1169042
1169095
1169210
1169229
1169247
1169254
1169276
1169324
1169401
1169486
1169532
1169816
1169960
1169994
1170150
1170363
1170455
1170475
1170478
1170732
1170798
1171254
1171285
1171498
1171631
1171680
1171781
1171785
1171791
1171877
1171939
1171981
1172073
1172087
1172243
1172265
1172469
1172583
1172681
1172716
1172813
1172949
1172991
1173036
1173168
1173212
1173268
1173285
1173344
1173406
1173430
1173459
1173512
1173518
1173557
1173597
1173837
1174611
1174629
1174670
1174696
1174795
1174937
1175151
1175202
1175227
1175291
1175530
1175589
1175615
1175747
1175768
1175842
1175845
1175954
1175962
1175987
1176104
1176126
1176155
1176264
1176288
1176295
1176342
1176685
1176737
1176882
1176900
1176951
1177022
1177023
1177044
1177354
1177374
1177480
1177526
1177572
1177585
1177645
1177671
1177678
1177970
1178015
1178184
1178243
1178394
1178450
1178506
1178611
1178760
1179020
1179228
1179232
1179386
1179544
1179597
1179614
1179644
1179655
1179807
1180046
1180052
1180163
1180193
1180371
1180525
1180555
1180625
1180649
1180777
1180789
1180882
1180907
1180990
1181166
1181272
1181457
1181758
1181784
1181786
1181793
1181834
1181938
1181972
1181980
1182069
1182159
1182290
1182665
1182868
1182990
1183014
1183107
1183414
1183557
1183660
1183680
1183744
1183842
1183949
1183951
1184074
1184174
1184183
1184250
1184261
1184311
1184439
1184809
1184832
1184880
1184943
1185014
1185052
1185067
1185283
1185365
1185369
1185453
1185466
1185669
1185672
1185673
1185809
1185877
1185938
1185998
1186289
1186449
1186522
1186594
1186646
1186946
1186977
1187106
1187226
1187326
1187327
1187345
1187672
1187681
1187703
1187776
1187793
1187840
1187912
1188027
1188030
1188121
1188403
1188706
1188876
1189010
1189071
1189167
1189233
1189310
1189389
1189528
1189651
1189725
1189760
1189962
1190108
1190119
1190228
1190462
1190488
1190509
1190543
1190654
1190847
1190879
1190897
1191084
1191085
1191188
1191219
1191298
1191322
1191381
1191552
1191698
1191759
1191906
1192175
1192218
1192296
1192302
1192352
1192353
1192474
1192477
1192522
1192592
1192630
1192633
1192692
1192696
1192721
1192806
1192945
1192974
1193067
1193183
1193190
1193244
1193298
1193365
1193408
1193433
1193603
1193755
1193814
1193838
1193859
1193951
1193953
1194166
1194354
1194362
1194488
1194504
1194533
1194579
1194631
1194771
1194794
1194815
1194828
1194845
1194906
1194943
1195377
1195461
1195506
1195565
1195624
1195711
1195722
1195914
1195940
1195950
1196061
1196110
1196315
1196357
1196400
1196452
1196543
1196595
1196729
1196739
1196804
1196904
1197260
1197276
1197375
1197433
1197468
1197471
1197624
1197708
1197779
1197906
1198016
1198138
1198304
1198391
1198481
1198543
1198725
1198742
1198778
1198832
1198912
1198949
1199091
1199248
1199321
1199437
1199474
1199517
1199697
1199699
1199914
1199922
1200188
1200251
1200295
1200522
1200630
1200757
1200896
1200936
1200956
1200973
1201003
1201022
1201035
1201041
1201149
1201308
1201461
1201699
1201835
1201875
1201883
1201891
1201937
1201967
1201972
1201991
1202011
1202150
1202284
1202325
1202378
1202386
1202406
1202420
1202788
1202814
1202879
1202988
1202991
1203038
1203224
1203295
1203313
1203427
1203442
1203527
1203547
1203569
1203600
1203826
1203881
1203959
1204073
1204336
1204364
1204545
1204647
1204661
1204962
1205276
1205297
1205321
1205411
1205476
1205480
1205529
1205683
1205813
1205866
1205918
1206041
1206043
1206121
1206207
1206228
1206242
1206303
1206378
1206403
1206407
1206437
1206444
1206500
1206516
1206638
1206771
1206778
1206907
1207131
1207154
1207243
1207335
1207437
1207449
1207458
1207474
1207537
1207548
1207682
1207772
1207792
1207815
1207900
1207925
1207943
1207949
1207976
1208060
1208124
1208129
1208162
1208174
1208222
1208311
1208393
1208642
1208722
1208770
1208811
1209012
1209032
1209075
1209235
1209377
1209480
1209600
1209724
1209762
1209801
1209854
1209891
1209911
1209957
1210061
1210070
1210097
1210148
1210187
1210248
1210346
1210357
1210465
1210552
1210602
1210610
1210728
1210768
1210799
1210975
1211027
1211030
1211075
1211171
1211207
1211578
1211681
1211686
1211727
1211806
1211846
1211899
1211971
1212006
1212035
1212072
1212203
1212235
1212318
1212342
1212348
1212361
1212539
1212607
1212758
1212786
1212824
1213202
1213233
1213329
1213403
1213712
1213861
1213966
1214074
1214270
1214296
1214334
1214408
1214426
1214543
1214558
1214573
1214678
1214729
1214957
1215240
1215479
1215530
1215791
1215851
1216195
1216259
1216351
1216405
1216526
1216629
1216641
1216724
1216734
1216893
1216912
1216954
1217107
1217118
1217179
1217340
1217364
1217475
1217654
1217687
1217698
1217921
1218011
1218041
1218071
1218156
1218182
1218229
1218288
1218305
1218342
1218385
1218484
1218551
1218649
1218777
1218782
1218854
1218922
1219039
1219066
1219070
1219084
1219091
1219098
1219178
1219202
1219294
1219314
1219643
1219647
1219675
1219797
1220049
1220070
1220077
1220084
1220093
1220176
1220189
1220233
1220315
1220330
1220379
1220473
1220566
1220584
1220695
1220776
1220823
1220943
1220951
1221000
1221088
1221147
1221158
1221314
1221320
1221545
1221547
1221564
1221628
1221629
1221862
1221919
1221939
1221954
1222071
1222157
1222234
1222338
1222354
1222358
1222417
1222474
1222752
1222824
1222832
1222851
1222886
1222924
1223080
1223125
1223135
1223234
1223295
1223450
1223586
1223607
1223609
1223623
1223635
1223688
1223821
1223843
1224057
1224297
1224352
1224403
1224431
1224473
1224603
1224647
1224723
1224831
1224859
1225014
1225023
1225028
1225162
1225173
1225216
1225303
1225410
1225670
1225738
1225828
1226151
1226264
1226271
1226275
1226603
1226609
1226625
1226643
1226718
1226742
1226748
1226783
1227105
1227182
1227290
1227399
1227473
1227505
1227563
1227762
1227796
1227860
1227867
1227905
1228112
1228122
1228340
1228359
1228547
1228581
1228584
1228620
1228639
1228681
1228783
1228792
1228824
1228837
1229036
1229055
1229088
1229227
1229235
1229323
1229440
1229598
1229650
1229688
1229730
1229745
1229802
1229917
1229950
1230236
1230271
1230285
1230314
1230415
1230447
1230627
1230631
1230764
1230888
1230967
1231017
1231240
1231258
1231283
1231325
1231388
1231475
1231504
1231567
1231585
1231612
1231718
1231732
1232038
1232094
1232209
1232226
1232270
1232342
1232540
1232623
1232636
1232685
1232713
1233075
1233124
1233244
1233274
1233449
1233462
1233526
1233593
1233652
1233699
1233706
1233771
1233825
1233961
1234191
1234408
1234485
1234546
1234647
1234659
1234675
1234788
1234894
1234940
1235474
1235629
1235681
1235759
1235939
1236013
1236088
1236218
1236249
1236554
1236614
1236650
1236971
1237035
1237057
1237090
1237230
1237430
1237480
1237749
1237892
1237936
1237956
1238054
1238055
1238105
1238134
1238227
1238305
1238331
1238362
1238367
1238524
1238678
1238773
1238848
1238905
1238916
1238964
1239009
1239164
1239178
1239202
1239261
1239373
1239408
1239723
1239752
1239848
1239908
1239944
1240056
1240138
1240261
1240451
1240524
1240546
1240548
1240615
1240649
1240676
1240798
1240803
1240810
1240856
1241041
1241078
1241225
1241396
1241511
1241517
1241646
1241674
1241676
1241776
1241921
1242018
1242085
1242207
1242276
1242363
1242382
1242403
1242484
1242631
1242685
1242843
1242868
1243058
1243090
1243478
1243576
1243707
1243879
1243881
1243909
1244078
1244098
1244281
1244347
1244695
1244833
1245022
1245182
1245215
1245341
1245388
1245568
1245851
1245937
1246041
1246086
1246104
1246171
1246633
1246690
1246707
1246773
1246839
1246894
1246901
1247010
1247033
1247177
1247558
1247634
1247766
1247896
1247963
1248079
1248248
1248260
1248311
1248347
1248475
1248616
1248624
1248626
1248783
1248798
1248867
1248951
1248991
1249059
1249069
1249144
1249157
1249236
1249239
1249255
1249259
1249417
1249443
1249480
1249545
1249591
1249595
1249601
1249624
1249863
1249910
1250272
1250607
1250699
1250769
1250770
1250806
1250918
1250943
1251079
1251228
1251230
1251279
1251283
1251404
1251445
1251718
1251723
1251728
1251741
1251797
1251815
1252120
1252270
1252533
1252544
1252631
1252773
1252778
1252796
1252822
1252899
1253050
1253117
1253190
1253247
1253350
1253600
1253720
1253723
1253775
1253876
1254048
1254057
1254253
1254320
1254604
1254616
1254667
1254704
1254855
1255028
1255110
1255280
1255354
1255365
1255597
1255616
1255803
1255837
1255914
1256009
1256012
1256162
1256211
1256356
1256373
1256557
1256631
1256981
1257043
1257113
1257131
1257157
1257410
1257701
1258007
1258076
1258079
1258144
1258245
1258462
1258620
1258714
1258873
1259005
1259032
1259036
1259258
1259290
1259319
1259387
1259402
1259445
1259554
1259711
1259743
1259876
1260078
1260174
1260285
1260530
1260560
1260697
1260812
1260841
1260902
1260923
1260983
1261062
1261136
1261168
1261290
1261422
1261592
1261810
1261844
1261870
1262064
1262148
1262249
1262390
1262452
1262465
1262511
1262657
1262739
1262973
1263093
1263143
1263363
1263564
1263720
1263725
1264004
1264009
1264047
1264156
1264215
1264329
1264368
1264436
1264484
1264628
1264632
1264725
1264728
1264998
1265056
1265134
1265138
1265187
1265260
1265343
1265444
1265498
1265608
1265620
1265658
1265832
1265942
1265962
1265970
1266154
1266225
1266234
1266409
1266536
1266677
1266736
1266783
1266871
1266888
1266973
1267023
1267314
1267339
1267379
1267559
1267574
1267629
1267755
1267812
1267826
1267991
1268032
1268147
1268272
1268285
1268451
1268452
1268593
1268865
1269042
1269409
1269493
1269580
1269593
1269777
1269781
1269973
1270210
1270312
1270377
1270414
1270511
1270597
1270724
1270734
1270790
1270804
1270843
1270854
1270883
1270934
1271078
1271182
1271345
1271408
1271411
1271522
1271598
1271690
1271720
1271920
1271939
1272002
1272061
1272145
1272277
1272588
1272734
1272760
1272786
1272858
1272862
1272925
1272943
1272969
1273007
1273238
1273270
1273276
1273349
1273351
1273504
1273510
1273530
1273576
1273650
1273683
1274041
1274128
1274240
1274286
1274306
1274379
1274515
1274563
1274835
1274878
1274894
1274985
1275263
1275555
1275559
1275594
1275733
1275782
1275860
1275957
1275975
1276159
1276344
1276648
1276682
1276763
1276833
1276870
1276970
1276978
1277091
1277272
1277346
1277423
1277509
1277601
1277635
1277654
1277708
1277821
1277956
1278013
1278030
1278266
1278377
1278380
1278489
1278520
1278568
1278600
1278661
1278703
1278765
1278828
1279017
1279134
1279162
1279221
1279243
1279290
1279357
1279399
1279445
1279555
1279561
1279603
1279654
1279695
1279744
1279868
1279932
1280031
1280224
1280247
1280276
1280398
1280402
1280478
1280482
1280487
1280514
1280536
1280547
1280752
1280967
1281005
1281068
1281221
1281420
1281421
1281437
1281446
1281485
1281558
1281622
1281696
1281990
1282220
1282348
1282561
1282662
1282952
1283005
1283026
1283163
1283249
1283393
1283447
1283571
1283601
1283622
1283629
1283638
1284024
1284171
1284360
1284438
1284575
1284602
1284657
1284671
1284712
1284754
1284771
1284809
1284980
1285076
1285142
1285234
1285301
1285503
1285567
1285683
1285714
1285825
1285874
1286072
1286204
1286340
1286361
1286495
1286525
1286582
1286615
1286869
1286914
1286916
1286928
1286931
1286986
1287077
1287152
1287320
1287322
1287383
1287418
1287421
1287447
1287544
1287557
1287637
1288023
1288038
1288181
1288188
1288266
1288330
1288386
1288529
1288538
1288637
1288667
1288708
1288866
1289008
1289113
1289140
1289295
1289496
1289622
1289655
1289721
1289737
1289818
1289884
1289903
1289906
1290004
1290351
1290450
1290522
1290902
1290903
1290906
1291109
1291147
1291225
1291408
1291668
1291837
1291853
1292008
1292049
1292093
1292150
1292181
1292273
1292296
1292298
1292560
1292640
1292670
1292740
1292775
1292797
1292811
1292853
1292880
1293003
1293015
1293020
1293126
1293155
1293286
1293295
1293385
1293403
1293460
1293688
1293825
1294034
1294074
1294178
1294185
1294213
1294280
1294308
1294458
1294566
1294650
1294731
1294742
1294830
1294847
1295056
1295149
1295208
1295249
1295420
1295550
1295573
1295706
1295742
1295756
1295800
1296046
1296056
1296078
1296098
1296293
1296380
1296474
1296671
1296745
1296825
1296864
1296887
1296983
1297074
1297080
1297312
1297437
1297477
1297544
1297599
1297680
1297786
1297800
1298001
1298055
1298151
1298412
1298426
1298480
1298521
1298576
1298624
1298628
1298710
1299034
1299098
1299134
1299177
1299307
1299467
1299533
1299579
1299715
1300068
1300381
1300440
1300535
1300724
1301022
1301260
1301328
1301393
1301518
1301572
1301862
1302038
1302133
1302166
1302177
1302233
1302236
1302256
1302311
1302342
1302434
1302591
1302662
1302701
1302819
1302839
1302995
1303162
1303262
1303273
1303303
1303335
1303357
1303415
1303475
1303524
1303557
1303598
1303630
1303659
1303679
1303914
1303987
1304038
1304084
1304240
1304342
1304358
1304366
1304373
1304533
1304593
1304630
1304705
1305065
1305141
1305210
1305224
1305295
1305302
1305413
1305477
1305544
1305577
1305625
1305657
1305800
1305814
1305872
1305893
1305917
1306017
1306156
1306158
1306229
1306309
1306582
1306600
1306960
1306978
1307036
1307219
1307446
1307474
1307798
1307938
1307970
1308006
1308066
1308154
1308157
1308185
1308238
1308291
1308376
1308434
1308549
1308562
1308611
1308617
1308752
1308824
1308888
1308919
1308961
1309066
1309203
1309255
1309414
1309438
1309572
1309701
1309720
1309909
1309930
1309980
1310025
1310026
1310045
1310060
1310070
1310204
1310290
1310437
1310619
1310679
1310788
1310807
1311040
1311185
1311267
1311412
1311427
1311474
1311654
1311683
1311715
1311793
1311904
1311922
1311981
1311989
1312013
1312166
1312276
1312338
1312394
1312659
1312715
1312916
1312990
1313049
1313077
1313164
1313197
1313199
1313302
1313368
1313400
1313446
1313486
1313528
1313752
1313777
1313852
1313878
1313910
1313940
1313942
1314183
1314197
1314208
1314236
1314278
1314342
1314399
1314489
1314537
1314762
1314858
1314977
1315063
1315176
1315200
1315225
1315257
1315368
1315515
1315580
1315597
1315683
1315719
1315758
1316023
1316024
1316171
1316254
1316258
1316293
1316327
1316670
1316708
1316743
1316850
1317016
1317137
1317254
1317360
1317363
1317390
1317430
1317449
1317499
1317518
1317583
1317717
1317752
1317795
1317939
1317948
1318565
1318788
1318869
1318988
1319137
1319148
1319348
1319465
1319707
1319776
1319921
1319990
1320027
1320064
1320175
1320334
1320406
1320507
1320569
1320634
1320853
1321035
1321109
1321122
1321151
1321267
1321300
1321555
1321703
1321710
1321812
1321820
1321823
1321847
1321869
1321954
1321956
1322233
1322349
1322484
1322498
1322621
1322872
1322955
1323141
1323200
1323516
1323554
1323785
1323873
1324052
1324175
1324235
1324277
1324330
1324352
1324594
1324640
1324674
1324789
1324870
1324888
1325005
1325024
1325043
1325058
1325095
1325112
1325150
1325152
1325176
1325281
1325289
1325416
1325442
1325462
1325501
1325618
1325684
1325757
1325760
1325779
1325826
1325829
1325904
1326068
1326305
1326399
1326513
1326548
1326595
1326668
1326710
1326746
1326748
1326812
1326860
1327047
1327231
1327488
1327511
1327573
1327607
1327787
1327799
1327827
1328083
1328128
1328158
1328304
1328330
1328509
1328525
1328654
1329124
1329191
1329273
1329274
1329336
1329353
1329403
1329425
1329426
1329435
1329646
1329675
1329715
1329804
1329831
1329867
1330341
1330475
1330487
1330514
1330533
1330574
1330840
1330863
1331077
1331102
1331372
1331592
1331800
1331801
1331891
1332004
1332092
1332201
1332456
1332485
1332509
1332658
1332665
1332702
1332772
1332776
1332809
1332812
1332828
1332918
1332949
1333122
1333148
1333405
1333460
1333546
1333579
1333601
1333638
1333726
1333810
1333812
1333821
1333828
1333834
1334006
1334119
1334215
1334258
1334470
1334575
1334763
1334797
1334834
1334890
1334952
1335096
1335104
1335173
1335381
1335489
1335511
1335696
1335764
1335844
1336016
1336044
1336219
1336262
1336267
1336312
1336357
1336374
1336380
1336537
1336654
1336680
1336837
1336916
1337004
1337134
1337235
1337246
1337279
1337339
1337395
1337457
1337591
1337869
1337880
1337916
1338071
1338189
1338219
1338475
1338611
1338734
1338863
1338899
1339069
1339104
1339125
1339225
1339347
1339371
1339384
1339428
1339432
1339457
1339649
1339698
1339728
1339790
1339920
1339922
1339968
1339985
1340022
1340049
1340078
1340142
1340276
1340318
1340421
1340508
1340519
1340524
1340611
1340747
1340773
1340854
1340860
1341007
1341025
1341058
1341075
1341140
1341176
1341375
1341448
1341453
1341493
1341516
1341732
1341734
1341789
1341822
1341996
1342034
1342062
1342101
1342196
1342483
1342581
1342698
1342777
1342778
1342837
1342972
1343069
1343147
1343149
1343224
1343284
1343313
1343345
1343534
1343748
1343814
1343821
1343942
1344113
1344191
1344280
1344389
1344434
1344506
1344592
1344595
1344741
1344813
1344845
1345015
1345017
1345050
1345258
1345273
1345345
1345417
1345463
1345641
1345652
1345791
1345809
1345884
1345967
1346011
1346082
1346121
1346127
1346222
1346372
1346382
1346486
1346609
1346688
1346998
1347039
1347137
1347296
1347302
1347393
1347411
1347492
1347589
1347674
1347864
1347936
1348058
1348248
1348291
1348460
1348494
1348610
1348751
1348805
1348863
1349055
1349306
1349320
1349390
1349398
1349510
1349537
1349625
1349676
1349685
1350191
1350237
1350372
1350450
1350546
1350565
1350592
1350610
1350641
1350749
1350787
1350819
1350861
1351028
1351043
1351056
1351160
1351412
1351458
1351476
1351525
1351740
1351746
1351828
1351849
1351920
1351945
1352090
1352125
1352171
1352333
1352391
1352482
1353033
1353186
1353208
1353301
1353325
1353383
1353396
1353412
1353416
1353556
1353752
1353871
1353962
1354108
1354320
1354374
1354428
1354584
1354647
1354678
1354756
1355056
1355057
1355289
1355359
1355412
1355623
1355629
1355686
1355724
1355865
1355884
1355996
1355997
1356044
1356071
1356076
1356254
1356356
1356401
1356443
1356446
1356559
1356881
1356927
1357009
1357060
1357123
1357247
1357344
1357488
1357754
1357794
1357829
1357936
1358028
1358121
1358136
1358329
1358531
1358557
1358583
1358602
1358678
1358691
1358741
1358896
1358917
1358924
1358947
1359141
1359310
1359314
1359427
1359468
1359475
1359604
1359853
1360073
1360164
1360285
1360328
1360427
1360450
1360518
1360548
1360642
1360669
1360813
1360911
1360919
1361044
1361228
1361282
1361375
1361398
1361429
1361460
1361583
1361640
1361722
1361724
1361741
1361743
1361798
1361919
1362052
1362076
1362104
1362240
1362241
1362369
1362408
1362417
1362469
1362599
1362684
1362717
1362758
1362948
1363014
1363050
1363081
1363202
1363210
1363246
1363294
1363414
1363510
1363785
1363792
1363967
1364166
1364248
1364615
1364682
1364709
1364856
1364932
1364999
1365022
1365063
1365255
1365280
1365410
1365531
1365570
1365589
1365684
1366020
1366108
1366157
1366256
1366531
1366583
1366599
1366600
1366601
1366602
1366637
1366683
1366758
1366808
1366901
1367377
1367381
1367401
1367418
1367447
1367739
1367764
1367895
1367953
1368026
1368047
1368120
1368214
1368255
1368280
1368382
1368392
1368413
1368440
1368605
1368775
1368824
1368965
1368973
1369090
1369111
1369129
1369218
1369577
1369607
1369622
1369650
1369771
1369850
1369887
1369978
1369986
1370020
1370031
1370039
1370250
1370307
1370324
1370388
1370464
1370580
1370601
1370770
1370833
1370874
1371064
1371094
1371112
1371240
1371372
1371400
1371416
1371472
1371553
1371605
1371694
1371831
1372026
1372029
1372031
1372048
1372179
1372243
1372276
1372378
1372436
1372590
1372626
1372714
1372763
1372814
1372907
1372908
1372918
1373094
1373117
1373307
1373309
1373521
1373532
1373534
1373844
1373854
1373992
1374001
1374003
1374294
1374338
1374361
1374375
1374497
1374583
1374592
1374665
1374693
1374955
1374989
1375087
1375105
1375109
1375299
1375322
1375451
1375656
1375703
1375705
1375794
1375836
1375946
1376169
1376276
1376310
1376529
1376575
1376592
1376622
1376707
1376724
1376737
1376756
1376884
1376887
1376957
1377034
1377123
1377131
1377240
1377440
1377611
1377654
1377989
1378085
1378230
1378304
1378470
1378603
1378724
1378725
1378837
1378987
1379155
1379562
1379594
1379641
1379659
1379764
1379823
1380125
1380248
1380377
1380667
1380745
1380845
1380936
1380942
1381081
1381382
1381456
1381530
1381556
1381564
1381711
1381726
1381734
1381756
1381834
1381894
1381994
1382020
1382074
1382112
1382274
1382339
1382341
1382390
1382442
1382495
1382910
1382934
1383151
1383286
1383449
1383486
1383935
1384224
1384268
1384318
1384401
1384437
1384467
1384591
1384605
1384614
1384629
1384644
1384695
1384715
1384821
1385102
1385117
1385137
1385173
1385246
1385596
1385624
1385658
1385669
1385783
1385837
1385902
1385969
1386000
1386036
1386118
1386166
1386194
1386200
1386352
1386407
1386499
1386576
1387212
1387314
1387367
1387376
1387439
1387571
1387662
1387757
1387846
1387940
1388015
1388063
1388112
1388129
1388152
1388162
1388175
1388191
1388410
1388663
1388677
1388778
1388930
1389045
1389130
1389147
1389148
1389384
1389508
1389597
1389613
1389639
1389666
1389685
1389750
1389831
1389855
1389958
1389960
1389970
1390083
1390134
1390242
1390292
1390351
1390376
1390559
1390712
1390741
1390755
1390778
1390835
1390885
1390906
1390959
1390985
1391180
1391182
1391302
1391313
1391359
1391529
1391662
1391675
1391710
1391751
1391827
1391899
1392021
1392025
1392031
1392212
1392227
1392259
1392339
1392488
1392507
1392628
1393282
1393473
1393623
1393747
1393751
1393797
1393838
1393843
1393987
1394021
1394102
1394215
1394259
1394278
1394423
1394592
1394605
1394620
1394637
1394678
1394683
1394812
1394920
1394936
1395141
1395163
1395179
1395195
1395230
1395234
1395279
1395331
1395413
1395448
1395525
1395640
1395685
1395723
1395729
1395752
1395842
1395843
1395970
1396145
1396188
1396269
1396335
1396348
1396363
1396415
1396493
1396495
1396649
1396725
1396731
1396797
1396885
1396920
1397005
1397096
1397171
1397285
1397445
1397461
1397471
1397658
1397713
1397744
1397832
1397957
1398020
1398041
1398045
1398314
1398389
1398392
1398428
1398519
1398523
1398578
1398605
1398671
1398710
1398713
1398771
1398777
1398799
1398870
1398907
1398985
1398996
1399002
1399008
1399247
1399358
1399399
1399461
1399474
1399605
1399723
1399731
1399808
1399832
1399861
1399924
1400298
1400516
1400635
1400852
1400853
1401199
1401222
1401248
1401469
1401483
1401564
1401602
1401676
1401741
1401796
1401847
1401940
1401977
1402040
1402206
1402380
1402428
1402650
1402736
1402778
1402966
1403087
1403178
1403370
1403478
1403529
1403573
1403606
1403690
1403719
1403736
1403764
1403797
1403800
1403828
1403840
1403855
1403956
1404075
1404081
1404105
1404246
1404332
1404377
1404400
1404454
1404502
1404516
1404548
1404581
1404621
1404851
1405139
1405235
1405248
1405346
1405377
1405452
1405528
1405541
1405551
1405573
1405616
1406065
1406179
1406266
1406279
1406376
1406402
1406431
1406440
1406476
1406501
1406688
1406921
1406985
1407008
1407222
1407407
1407415
1407494
1407508
1407621
1407661
1407711
1407722
1407944
1408155
1408310
1408346
1408389
1408527
1408566
1408591
1408617
1408643
1408693
1408751
1408766
1409393
1409495
1409509
1409613
1409765
1409812
1410026
1410108
1410153
1410174
1410222
1410308
1410314
1410364
1410412
1410590
1410647
1410734
1411150
1411276
1411291
1411386
1411391
1411550
1412053
1412094
1412113
1412171
1412186
1412229
1412508
1412656
1412834
1412947
1412982
1413080
1413098
1413104
1413123
1413247
1413256
1413271
1413277
1413305
1413360
1413392
1413460
1413547
1413608
1413662
1413670
1413775
1413906
1413961
1413988
1414198
1414249
1414425
1414452
1414459
1414515
1414618
1414712
1414763
1414804
1414816
1414984
1415127
1415547
1415689
1415848
1415862
1416164
1416249
1416330
1416377
1416378
1416391
1416537
1416613
1416620
1416654
1416665
1417017
1417067
1417131
1417690
1417737
1417780
1417785
1417942
1418065
1418091
1418216
1418308
1418596
1418844
1418872
1418903
1418915
1419000
1419197
1419323
1419362
1419413
1419565
1419591
1419706
1419972
1420141
1420161
1420243
1420279
1420337
1420360
1420388
1420489
1420547
1420577
1420592
1420603
1420910
1420992
1421030
1421187
1421253
1421333
1421421
1421519
1421525
1421550
1421628
1421688
1421808
1421831
1421917
1422056
1422206
1422231
1422355
1422415
1422587
1422813
1422911
1422928
1423148
1423235
1423351
1423404
1423456
1423580
1423629
1423831
1423968
1424020
1424023
1424045
1424074
1424081
1424243
1424391
1424393
1424395
1424507
1424676
1424687
1425145
1425195
1425255
1425297
1425448
1425501
1425520
1425572
1425805
1426014
1426090
1426511
1426547
1426640
1426753
1426812
1426875
1427060
1427073
1427076
1427341
1427385
1427526
1427692
1427785
1427927
1428163
1428310
1428428
1428508
1428640
1428663
1428773
1428779
1428793
1428824
1428868
1428870
1428872
1429011
1429074
1429079
1429099
1429175
1429189
1429225
1429260
1429293
1429530
1429533
1429538
1429598
1429636
1429698
1429741
1429778
1429781
1429807
1429953
1430017
1430216
1430281
1430387
1430423
1430547
1430602
1430729
1430742
1430996
1431029
1431056
1431062
1431199
1431227
1431391
1431445
1431591
1431746
1431809
1431913
1431950
1431960
1432074
1432167
1432490
1432498
1432624
1432683
1432719
1432723
1432726
1432809
1432864
1432904
1432935
1433418
1433428
1433622
1433688
1434100
1434203
1434317
1434700
1434733
1434740
1434751
1434811
1434919
1434971
1435186
1435299
1435365
1435445
1435522
1435571
1435649
1435767
1435884
1435903
1435952
1436018
1436064
1436180
1436197
1436231
1436437
1436477
1436479
1436649
1436700
1436784
1436904
1437077
1437138
1437141
1437338
1437398
1437400
1437454
1437734
1437954
1437968
1438030
1438222
1438366
1438441
1438514
1438558
1438697
1438858
1438862
1438952
1438972
1439032
1439204
1439214
1439460
1439493
1439526
1439559
1439561
1439828
1439886
1439928
1440059
1440102
1440208
1440363
1440365
1440366
1440593
1441161
1441203
1441228
1441295
1441322
1441589
1441798
1441868
1441929
1441996
1442036
1442091
1442173
1442200
1442249
1442443
1442740
1442796
1442828
1442992
1442995
1443068
1443117
1443150
1443326
1443490
1443642
1443779
1443969
1443990
1444011
1444037
1444089
1444263
1444324
1444386
1444419
1444423
1444549
1444554
1444790
1444891
1445005
1445069
1445132
1445147
1445172
1445178
1445194
1445237
1445276
1445290
1445588
1445603
1445682
1445718
1445820
1445826
1446029
1446124
1446247
1446331
1446456
1446534
1446602
1446631
1446838
1446893
1447038
1447100
1447133
1447187
1447426
1447457
1447549
1447577
1447781
1447821
1447969
1448022
1448234
1448333
1448561
1448732
1448859
1448869
1448926
1448959
1448961
1448987
1449007
1449040
1449044
1449221
1449269
1449387
1449432
1449526
1449711
1449793
1449842
1449977
1449986
1450049
1450062
1450157
1450493
1450531
1450592
1450630
1450643
1450770
1450790
1450897
1451036
1451190
1451350
1451498
1451503
1451523
1451600
1451681
1451741
1452018
1452068
1452180
1452588
1452593
1452620
1452749
1452845
1452849
1452921
1453013
1453020
1453123
1453208
1453222
1453269
1453312
1453334
1453397
1453402
1453522
1453619
1454009
1454012
1454051
1454300
1454321
1454400
1454423
1454463
1454507
1454541
1454625
1454921
1455024
1455093
1455119
1455135
1455225
1455353
1455432
1455488
1455513
1455524
1455842
1455864
1456000
1456041
1456169
1456176
1456270
1456284
1456305
1456340
1456464
1456542
1456571
1456680
1456830
1456890
1457021
1457132
1457292
1457316
1457327
1457720
1457727
1457755
1458104
1458158
1458279
1458594
1458841
1458999
1459079
1459089
1459168
1459200
1459351
1459565
1459767
1459782
1459857
1459864
1459911
1459975
1459983
1460025
1460112
1460173
1460218
1460291
1460350
1460403
1460444
1460449
1460613
1460635
1460784
1460815
1461014
1461044
1461090
1461173
1461199
1461225
1461328
1461335
1461622
1461683
1461704
1461833
1461855
1461877
1461940
1462024
1462063
1462396
1462406
1462445
1462547
1462597
1462650
1462654
1462714
1462743
1462874
1462891
1462954
1463072
1463145
1463193
1463237
1463523
1463556
1463557
1463610
1463645
1463804
1463955
1463957
1464102
1464126
1464203
1464205
1464288
1464301
1464333
1464470
1464519
1464591
1464700
1464768
1464839
1464875
1465140
1465151
1465383
1465688
1465881
1465920
1465952
1466018
1466330
1466394
1466438
1466651
1466706
1466749
1466812
1466857
1466903
1467011
1467059
1467252
1467319
1467381
1467410
1467496
1467517
1467581
1467599
1467618
1467677
1467841
1468042
1468095
1468178
1468383
1468628
1468790
1468842
1468924
1468958
1469069
1469101
1469128
1469135
1469155
1469160
1469225
1469246
1469311
1469475
1469478
1469551
1469584
1469692
1469740
1469767
1469925
1469964
1470038
1470047
1470171
1470185
1470277
1470375
1470426
1470441
1470462
1470578
1470629
1470680
1470987
1471133
1471227
1471485
1471512
1471584
1471595
1471639
1471641
1471893
1472028
1472046
1472183
1472206
1472236
1472391
1472423
1472577
1472767
1472874
1472955
1473055
1473088
1473096
1473172
1473179
1473200
1473243
1473324
1473468
1473663
1473742
1473842
1473976
1473996
1474179
1474309
1474349
1474353
1474424
1474565
1474778
1474920
1475013
1475044
1475185
1475231
1475320
1475331
1475386
1475444
1475512
1475524
1475642
1475655
1475672
1475687
1475797
1475802
1475837
1475845
1475868
1475952
1476049
1476078
1476404
1476464
1476466
1476568
1476652
1476742
1476831
1476836
1477181
1477252
1477334
1477448
1477541
1477624
1477716
1477753
1477767
1477865
1477902
1478006
1478111
1478137
1478198
1478210
1478433
1478458
1478482
1478577
1478591
1478623
1478657
1478725
1478770
1478812
1478843
1478899
1478970
1479220
1479260
1479290
1479322
1479433
1479649
1479743
1479967
1480044
1480457
1480462
1480540
1480680
1480723
1480730
1480757
1480837
1480856
1480933
1481006
1481015
1481203
1481226
1481292
1481394
1481406
1481536
1481541
1481556
1481613
1481749
1481757
1481961
1482092
1482157
1482316
1482420
1482435
1482592
1482610
1482657
1482773
1483090
1483136
1483156
1483175
1483390
1483455
1483492
1483552
1483650
1483651
1483669
1483685
1483695
1483800
1483834
1483869
1483903
1484180
1484237
1484287
1484429
1484480
1484487
1484837
1484844
1484855
1484870
1484971
1485231
1485442
1485639
1485684
1485882
1486060
1486071
1486263
1486411
1486510
1486553
1486623
1486702
1486795
1487013
1487060
1487069
1487101
1487153
1487170
1487176
1487182
1487337
1487494
1487560
1487596
1487845
1487960
1487996
1488122
1488238
1488369
1488504
1488564
1488565
1488619
1488627
1488883
1488933
1488946
1488964
1489031
1489081
1489229
1489317
1489586
1489709
1489859
1490054
1490077
1490288
1490297
1490367
1490393
1490436
1490447
1490499
1490636
1490648
1490695
1490701
1490798
1490889
1490941
1490998
1491022
1491076
1491170
1491174
1491190
1491284
1491488
1491529
1491553
1491637
1491920
1492005
1492065
1492081
1492085
1492132
1492176
1492383
1492414
1492750
1492836
1492871
1492923
1493038
1493044
1493068
1493183
1493333
1493416
1493471
1493865
1493961
1494020
1494130
1494149
1494192
1494225
1494399
1494502
1494653
1494670
1494865
1495081
1495243
1495244
1495339
1495524
1495615
1495687
1495726
1495785
1495817
1495999
1496000
1496027
1496045
1496070
1496084
1496112
1496161
1496162
1496216
1496286
1496345
1496421
1496543
1496604
1496611
1496646
1496683
1496701
1496910
1496927
1497109
1497120
1497138
1497160
1497407
1497758
1497767
1497862
1498001
1498065
1498180
1498188
1498249
1498265
1498281
1498367
1498495
1498656
1498671
1498717
1499135
1499178
1499295
1499543
1499567
1499650
1499723
1499799
1500097
1500192
1500200
1500233
1500399
1500476
1500534
1500726
1500864
1500968
1501170
1501221
1501239
1501464
1501497
1501525
1501730
1501752
1501831
1501862
1502000
1502058
1502070
1502185
1502248
1502331
1502346
1502364
1502376
1502541
1502607
1502711
1502789
1502921
1502924
1502967
1503161
1503239
1503418
1503521
1503549
1503557
1503791
1503796
1503889
1503941
1504026
1504044
1504075
1504163
1504263
1504277
1504386
1504432
1504437
1504448
1504591
1504814
1505023
1505037
1505272
1505335
1505367
1505481
1505581
1505591
1505614
1505852
1505859
1505871
1506021
1506045
1506213
1506383
1506670
1506751
1506814
1506842
1506849
1506863
1506871
1507066
1507169
1507384
1507462
1507573
1507594
1507659
1507690
1507708
1507851
1507967
1508026
1508133
1508150
1508160
1508194
1508208
1508296
1508302
1508376
1508400
1508444
1508537
1508818
1508847
1508855
1508951
1508994
1509172
1509213
1509256
1509311
1509350
1509353
1509369
1509493
1509609
1509705
1509741
1509800
1509900
1509923
1509935
1510009
1510188
1510255
1510318
1510413
1510441
1510570
1510688
1510735
1510746
1510750
1510754
1510800
1510926
1510952
1510979
1511010
1511180
1511187
1511190
1511195
1511265
1511278
1511370
1511388
1511460
1511576
1511684
1511715
1511805
1511847
1511873
1511991
1512220
1512236
1512306
1512449
1512615
1512629
1512631
1512671
1512952
1512985
1512993
1513055
1513104
1513500
1513644
1513738
1513758
1513789
1513895
1513952
1514004
1514013
1514254
1514347
1514395
1514790
1514893
1514999
1515084
1515139
1515229
1515432
1515476
1515720
1515809
1515848
1515921
1515939
1515940
1515992
1515997
1516104
1516193
1516317
1516335
1516389
1516448
1516453
1516515
1516798
1516838
1516910
1516956
1517026
1517099
1517492
1517561
1517581
1517584
1517667
1517689
1518003
1518005
1518042
1518065
1518109
1518217
1518331
1518414
1518456
1518457
1518489
1518659
1518893
1518945
1518982
1519398
1519499
1519569
1519712
1519753
1519771
1519772
1519787
1519804
1519815
1519827
1519922
1519956
1520034
1520048
1520107
1520113
1520172
1520256
1520317
1520346
1520363
1520365
1520423
1520425
1520430
1520595
1520823
1521018
1521082
1521183
1521285
1521308
1521315
1521460
1521638
1521730
1521799
1521838
1521894
1521963
1522003
1522013
1522093
1522121
1522126
1522268
1522396
1522595
1522736
1522777
1522880
1523040
1523069
1523242
1523252
1523260
1523296
1523341
1523385
1523438
1523477
1523501
1523621
1523633
1523673
1523719
1523818
1523864
1523867
1523905
1523924
1524011
1524251
1524508
1524520
1524639
1524692
1524828
1524928
1525108
1525238
1525263
1525372
1525392
1525399
1525470
1525492
1525522
1525545
1525572
1525632
1525804
1525868
1525950
1525966
1525980
1525999
1526003
1526158
1526193
1526342
1526414
1526472
1526548
1526602
1526609
1526735
1526756
1526873
1526906
1526962
1527194
1527200
1527251
1527281
1527513
1527615
1527660
1527906
1528029
1528176
1528238
1528313
1528347
1528395
1528455
1528467
1528473
1528656
1528826
1529006
1529022
1529073
1529208
1529218
1529257
1529270
1529464
1529646
1529648
1529892
1529964
1530203
1530311
1530339
1530481
1530519
1530534
1530549
1530599
1530712
1530760
1530790
1531250
1531270
1531346
1531402
1531444
1531469
1531527
1531665
1531844
1531918
1532060
1532144
1532151
1532248
1532268
1532270
1532369
1532385
1532448
1532483
1532591
1532648
1532727
1532745
1532905
1532917
1533247
1533431
1533473
1533526
1533587
1533647
1533829
1534004
1534157
1534224
1534280
1534458
1534569
1534701
1534756
1534810
1534826
1534962
1534972
1534988
1535070
1535177
1535403
1535407
1535533
1535554
1535567
1535783
1535812
1535889
1535954
1535993
1536010
1536103
1536160
1536223
1536323
1536375
1536482
1536490
1536528
1536669
1536934
1537084
1537152
1537155
1537407
1537422
1537476
1537569
1537573
1537587
1537647
1537661
1537677
1537835
1538017
1538041
1538127
1538241
1538339
1538343
1538368
1538442
1538488
1538501
1538543
1538858
1538939
1539109
1539119
1539120
1539196
1539197
1539240
1539270
1539378
1539524
1539623
1539711
1539802
1539973
1540015
1540071
1540203
1540206
1540215
1540458
1540536
1540571
1540654
1540688
1540739
1540793
1540961
1541072
1541224
1541265
1541385
1541388
1541400
1541428
1541505
1541530
1541660
1541719
1541889
1542027
1542033
1542089
1542131
1542279
1542701
1542748
1542794
1542831
1542976
1543323
1543369
1543427
1543442
1543524
1543546
1543734
1543792
1543826
1543868
1543890
1543923
1544129
1544273
1544368
1544494
1544568
1544654
1544786
1544800
1545157
1545195
1545234
1545248
1545332
1545353
1545447
1545629
1545811
1546050
1546268
1546415
1546426
1546473
1546527
1546645
1546938
1546946
1547032
1547081
1547171
1547214
1547301
1547446
1547458
1547460
1547612
1547770
1547780
1547801
1547868
1547979
1548374
1548387
1548464
1548483
1548523
1548553
1548609
1548614
1548657
1548722
1548788
1548955
1549001
1549043
1549342
1549460
1549489
1549515
1549523
1549618
1549620
1549803
1549970
1550058
1550588
1550669
1550849
1550897
1550981
1551023
1551087
1551304
1551360
1551454
1551472
1551489
1551500
1551527
1551654
1551673
1551776
1551795
1551890
1551906
1551913
1552117
1552231
1552371
1552477
1552514
1552555
1552630
1552774
1552810
1552835
1552891
1553058
1553126
1553243
1553257
1553454
1553533
1553580
1553643
1553864
1553879
1553976
1554009
1554122
1554133
1554210
1554312
1554356
1554402
1554488
1554710
1554818
1554900
1554989
1555108
1555221
1555323
1555369
1555392
1555748
1555859
1555913
1555924
1556054
1556129
1556263
1556309
1556363
1556412
1556491
1556615
1556777
1556790
1556812
1556881
1556948
1557018
1557209
1557302
1557350
1557448
1557489
1557507
1557598
1557635
1557741
1557781
1557834
1557845
1557906
1557961
1558020
1558076
1558114
1558167
1558261
1558271
1558274
1558290
1558299
1558344
1558408
1558542
1558738
1558743
1558944
1558954
1559062
1559094
1559396
1559476
1559504
1559699
1559709
1559758
1560004
1560117
1560241
1560286
1560342
1560396
1560438
1560552
1560640
1560655
1560948
1561070
1561130
1561141
1561182
1561274
1561351
1561435
1561598
1561667
1561864
1561885
1561925
1562064
1562153
1562159
1562160
1562319
1562436
1562500
1562640
1562676
1562799
1562865
1562868
1562893
1562956
1563073
1563145
1563181
1563207
1563249
1563373
1563396
1563448
1563530
1563677
1563772
1563779
1563875
1563883
1564025
1564042
1564241
1564284
1564321
1564641
1564643
1564696
1564808
1564811
1564828
1564946
1564975
1565263
1565285
1565465
1565467
1565496
1565543
1565597
1565604
1565691
1565715
1565719
1565830
1565885
1565918
1566008
1566055
1566115
1566211
1566254
1566355
1566397
1566477
1566822
1566839
1566900
1566916
1566922
1567035
1567163
1567323
1567578
1567627
1567640
1567754
1567800
1567870
1567905
1567987
1568035
1568104
1568206
1568475
1568610
1568825
1569071
1569109
1569138
1569139
1569158
1569282
1569360
1569574
1569783
1569790
1569888
1569998
1570132
1570162
1570284
1570285
1570290
1570419
1570425
1570478
1570483
1570614
1570636
1570818
1570867
1570884
1571138
1571171
1571197
1571206
1571221
1571308
1571337
1571403
1571407
1571415
1571450
1571545
1571554
1571611
1571922
1571997
1572016
1572053
1572303
1572367
1572591
1572603
1572611
1572789
1572850
1572900
1573353
1573423
1573573
1573671
1573674
1573716
1573724
1573781
1573896
1573953
1574031
1574044
1574232
1574306
1574324
1574488
1574541
1574574
1574797
1574818
1574966
1575174
1575193
1575389
1575447
1575466
1575498
1575589
1575689
1575839
1575857
1576043
1576115
1576151
1576197
1576339
1576396
1576515
1576555
1576678
1576694
1576848
1576894
1576922
1576978
1577114
1577140
1577180
1577363
1577412
1577437
1577507
1577574
1577670
1577751
1577767
1577957
1578134
1578204
1578243
1578461
1578533
1578630
1578685
1578811
1578860
1578902
1578970
1579004
1579079
1579111
1579265
1579271
1579358
1579361
1579372
1579478
1579560
1579562
1579598
1579612
1579678
1579697
1579733
1579754
1579940
1579942
1580012
1580105
1580164
1580168
1580324
1580410
1580458
1580874
1581000
1581012
1581292
1581523
1581526
1581531
1581566
1581575
1581631
1581745
1581833
1581910
1581965
1582095
1582103
1582254
1582288
1582347
1582421
1582459
1582522
1582677
1582722
1582737
1582769
1582815
1582855
1582916
1583081
1583087
1583188
1583231
1583327
1583347
1583807
1583931
1583936
1584045
1584074
1584106
1584110
1584271
1584320
1584396
1584664
1584741
1584832
1584921
1584960
1585061
1585100
1585307
1585354
1585490
1585531
1585583
1585588
1585696
1585903
1586068
1586200
1586239
1586518
1586527
1586655
1587058
1587262
1587443
1587625
1587680
1587815
1587859
1587866
1587949
1588203
1588276
1588292
1588402
1588450
1588459
1588737
1588820
1588867
1588974
1589195
1589267
1589325
1589334
1589352
1589418
1589661
1589827
1590127
1590135
1590537
1590625
1590854
1591019
1591056
1591142
1591261
1591310
1591516
1591569
1591590
1591607
1591699
1591765
1591796
1592010
1592173
1592440
1592450
1592581
1593156
1593342
1593349
1593503
1593608
1593617
1593729
1593788
1593900
1593934
1593982
1594103
1594134
1594174
1594181
1594262
1594464
1594483
1594533
1594565
1594647
1594765
1594806
1594852
1594951
1595064
1595105
1595121
1595383
1595416
1595445
1595607
1595670
1595703
1595847
1595919
1596040
1596175
1596208
1596282
1596313
1596407
1596495
1596593
1596608
1596723
1596860
1597179
1597198
1597276
1597351
1597358
1597366
1597452
1597710
1597733
1597949
1598016
1598164
1598188
1598193
1598238
1598259
1598304
1598328
1598586
1598627
1598755
1599156
1599354
1599435
1599504
1599763
1599767
1599846
1599894
1600058
1600071
1600246
1600326
1600394
1600435
1600570
1600964
1601010
1601032
1601107
1601170
1601245
1601340
1601610
1601907
1601986
1602119
1602200
1602219
1602305
1602594
1602681
1602691
1602714
1602727
1602731
1602752
1602773
1602779
1602832
1602833
1602841
1602865
1603031
1603034
1603050
1603140
1603153
1603155
1603222
1603579
1603620
1603622
1603662
1603665
1603718
1603755
1603854
1603926
1603927
1603965
1604039
1604064
1604122
1604135
1604182
1604199
1604318
1604449
1604679
1604914
1604915
1605013
1605075
1605299
1605526
1605553
1605788
1605802
1605819
1605941
1606025
1606126
1606187
1606214
1606239
1606363
1606385
1606423
1606463
1606477
1606499
1606574
1606665
1606814
1606860
1606900
1606965
1607118
1607277
1607559
1607574
1607627
1607647
1607767
1607794
1607955
1608020
1608119
1608152
1608161
1608395
1608543
1608638
1608656
1608776
1608890
1608905
1608931
1608950
1609003
1609247
1609494
1609557
1609580
1609597
1609674
1609849
1609860
1609868
1609893
1609947
1609960
1610112
1610144
1610209
1610325
1610348
1610497
1610688
1610792
1610898
1610921
1610932
1610967
1611195
1611458
1611567
1611590
1611647
1611714
1611716
1611786
1611876
1611898
1612354
1612408
1612540
1612590
1612643
1612724
1612882
1613002
1613212
1613435
1613463
1613493
1613574
1613781
1613946
1614041
1614086
1614209
1614217
1614243
1614332
1614368
1614460
1614487
1614515
1614593
1614810
1614836
1614842
1614847
1614860
1615036
1615107
1615316
1615375
1615482
1615837
1615868
1615870
1616057
1616071
1616165
1616279
1616594
1616638
1616643
1616654
1616981
1617037
1617109
1617198
1617280
1617408
1617497
1617499
1617521
1617784
1617826
1617878
1617920
1617944
1617954
1617997
1618198
1618391
1618403
1618411
1618428
1618436
1618494
1618600
1618638
1618691
1618722
1618756
1619003
1619069
1619112
1619130
1619145
1619147
1619156
1619198
1619203
1619354
1619458
1619523
1619527
1619533
1619582
1619591
1619640
1619641
1619658
1619942
1620014
1620043
1620212
1620303
1620359
1620368
1620423
1620454
1620507
1620537
1620644
1620672
1620788
1620818
1620829
1620842
1620894
1620982
1621090
1621424
1621557
1621734
1621950
1622015
1622178
1622279
1622419
1622442
1622485
1622529
1622566
1622755
1622787
1622889
1622930
1622969
1622974
1623115
1623129
1623145
1623172
1623242
1623331
1623414
1623464
1623516
1623603
1623689
1623796
1623880
1623895
1623935
1624002
1624008
1624020
1624266
1624522
1624555
1624609
1624646
1624702
1624959
1624988
1625226
1625283
1625330
1625381
1625578
1625672
1625703
1625764
1625853
1625929
1626003
1626007
1626180
1626404
1626429
1626454
1626588
1626800
1626868
1626936
1626965
1626971
1627124
1627319
1627472
1627714
1627740
1627776
1627866
1627872
1627923
1627941
1627947
1628008
1628045
1628208
1628226
1628288
1628305
1628327
1628338
1628419
1628429
1628599
1628644
1628687
1628775
1628776
1628933
1629001
1629094
1629099
1629160
1629222
1629224
1629389
1629570
1629781
1629817
1629908
1629995
1630066
1630097
1630118
1630120
1630207
1630211
1630285
1630345
1630349
1630520
1630571
1630594
1630648
1630660
1630807
1630809
1630819
1630873
1630923
1630950
1631034
1631039
1631174
1631182
1631474
1631656
1631957
1632034
1632083
1632230
1632236
1632287
1632332
1632415
1632548
1632617
1632839
1632898
1632906
1632922
1632927
1633065
1633074
1633090
1633167
1633278
1633356
1633370
1633434
1633443
1633462
1633479
1633567
1633574
1633775
1633974
1633979
1633997
1634019
1634418
1634431
1634476
1634537
1634584
1634664
1634681
1634815
1635193
1635240
1635351
1635383
1635408
1635445
1635741
1635834
1635922
1636022
1636030
1636143
1636173
1636298
1636427
1636593
1636610
1636642
1636724
1636741
1636805
1636965
1637099
1637141
1637198
1637295
1637405
1637409
1637568
1637607
1637710
1638038
1638263
1638443
1638522
1638661
1638740
1638839
1638953
1639010
1639059
1639061
1639099
1639174
1639224
1639230
1639240
1639309
1639353
1639492
1639546
1639556
1639575
1639589
1639639
1639646
1639847
1639886
1639921
1639960
1639999
1640062
1640110
1640156
1640334
1640631
1640766
1640815
1640838
1640866
1641045
1641079
1641392
1641395
1641558
1641577
1641649
1641683
1641711
1641764
1641846
1641935
1642032
1642042
1642207
1642234
1642273
1642374
1642402
1642461
1642608
1642614
1642618
1642637
1642727
1642750
1642758
1642842
1643239
1643373
1643466
1643595
1643613
1643618
1643670
1643769
1643790
1643815
1643923
1644067
1644148
1644203
1644353
1644408
1644438
1644457
1644587
1644687
1644693
1644732
1644858
1645091
1645134
1645139
1645198
1645253
1645306
1645385
1645514
1645520
1646120
1646295
1646297
1646316
1646395
1646542
1646565
1646695
1646857
1646884
1647140
1647175
1647268
1647328
1647455
1647589
1647600
1647621
1647699
1647783
1647917
1647950
1648004
1648167
1648304
1648360
1648383
1648389
1648455
1648518
1648668
1648676
1648714
1648764
1648818
1648856
1648973
1649037
1649073
1649175
1649232
1649293
1649352
1649544
1649604
1649642
1649762
1649853
1650027
1650408
1650447
1650476
1650485
1650669
1650874
1651050
1651086
1651412
1651416
1651482
1651488
1651662
1651709
1651895
1651966
1652006
1652021
1652042
1652111
1652208
1652270
1652292
1652335
1652337
1652385
1652659
1652775
1652980
1653038
1653087
1653108
1653158
1653237
1653302
1653348
1653431
1653451
1653483
1653558
1653645
1654093
1654150
1654301
1654386
1654568
1655142
1655245
1655260
1655349
1655382
1655407
1655419
1655658
1655662
1655722
1655741
1655866
1656039
1656108
1656269
1656401
1656407
1656553
1656655
1656732
1656813
1656965
1656991
1657154
1657164
1657233
1657295
1657309
1657738
1657847
1657914
1658007
1658031
1658057
1658133
1658413
1658520
1658573
1658817
1658855
1659034
1659036
1659111
1659122
1659230
1659234
1659325
1659443
1659686
1659831
1659903
1659936
1660008
1660041
1660044
1660178
1660307
1660582
1660745
1660805
1660809
1660811
1660824
1660851
1660993
1661055
1661287
1661389
1661410
1661496
1661546
1661837
1661936
1662010
1662052
1662175
1662288
1662356
1662470
1662521
1662524
1662535
1662599
1662774
1662805
1662845
1662851
1663256
1663277
1663296
1663391
1663398
1663410
1663606
1663663
1663685
1663801
1663824
1663834
1663869
1663926
1664429
1664511
1664525
1664538
1664609
1664772
1664773
1664947
1665043
1665054
1665113
1665240
1665253
1665357
1665362
1665415
1665484
1665510
1665558
1665616
1665716
1665736
1666012
1666103
1666121
1666163
1666588
1666662
1666708
1666931
1667027
1667054
1667132
1667350
1667430
1667460
1667534
1667656
1667810
1667872
1667902
1667916
1667941
1668063
1668200
1668279
1668563
1668585
1668735
1668773
1668781
1668831
1668887
1668919
1669046
1669144
1669169
1669201
1669279
1669340
1669359
1669441
1669470
1669475
1669515
1669516
1669518
1669634
1669803
1669873
1669885
1669978
1670019
1670111
1670378
1670383
1670463
1670597
1670627
1670671
1670688
1670839
1670846
1670889
1670951
1671114
1671332
1671390
1671542
1671829
1672057
1672145
1672192
1672355
1672442
1672491
1672521
1672647
1672763
1672765
1672857
1672930
1672964
1673000
1673148
1673166
1673221
1673444
1673518
1673670
1673716
1673735
1673745
1673930
1673961
1673974
1674060
1674097
1674254
1674354
1674402
1674596
1674603
1674666
1674889
1674905
1674921
1675095
1675115
1675149
1675225
1675263
1675284
1675393
1675498
1675618
1675662
1675763
1676073
1676094
1676612
1676638
1676656
1676935
1676973
1677063
1677175
1677248
1677289
1677446
1677694
1677765
1677817
1677876
1677898
1677938
1678148
1678201
1678439
1678554
1678726
1678765
1678866
1678960
1679065
1679111
1679157
1679229
1679513
1679917
1679934
1680142
1680187
1680206
1680470
1680517
1680518
1680606
1680621
1680872
1680903
1680922
1681081
1681095
1681106
1681334
1681409
1681441
1681472
1681513
1681606
1681614
1681729
1681798
1681990
1682013
1682171
1682216
1682374
1682429
1682513
1682518
1682702
1682735
1682798
1682800
1682907
1683027
1683390
1683618
1683696
1683832
1683911
1684027
1684050
1684154
1684263
1684330
1684465
1684822
1684844
1685002
1685013
1685025
1685125
1685174
1685602
1685729
1685791
1685798
1685955
1686025
1686090
1686147
1686175
1686224
1686429
1686675
1686713
1686728
1686765
1686846
1686857
1686893
1687047
1687064
1687071
1687189
1687224
1687641
1687660
1687801
1687807
1687885
1687932
1688042
1688097
1688243
1688255
1688273
1688282
1688283
1688354
1688422
1688441
1688563
1688636
1688838
1688909
1689039
1689084
1689123
1689134
1689137
1689148
1689204
1689276
1689327
1689387
1689409
1689671
1689819
1689863
1689945
1689986
1690071
1690362
1690368
1690424
1690468
1690473
1690626
1690670
1690711
1690778
1690800
1690882
1690984
1690996
1691167
1691261
1691357
1691450
1691502
1691616
1691764
1691816
1691916
1691937
1691961
1692031
1692077
1692159
1692165
1692257
1692270
1692309
1692322
1692387
1692486
1692568
1692733
1692945
1692977
1693083
1693355
1693389
1693544
1693785
1693842
1693945
1693959
1693994
1694076
1694177
1694212
1694225
1694315
1694329
1694476
1694598
1694784
1694799
1695055
1695230
1695268
1695272
1695516
1695821
1695959
1696031
1696099
1696150
1696286
1696322
1696528
1696685
1696868
1696903
1696938
1697087
1697090
1697309
1697347
1697350
1697418
1697463
1697488
1697531
1697536
1697542
1697629
1697654
1697701
1697716
1697742
1697780
1698341
1698597
1698786
1698928
1698977
1698987
1698988
1699124
1699367
1699396
1699539
1699713
1699724
1699729
1699841
1699866
1699887
1699941
1700034
1700184
1700206
1700298
1700568
1700702
1700729
1700812
1700825
1700863
1700955
1701000
1701055
1701138
1701252
1701302
1701308
1701324
1701366
1701411
1701481
1701555
1701669
1701751
1701879
1701913
1701949
1702011
1702096
1702190
1702331
1702342
1702418
1702484
1702571
1702695
1702716
1703129
1703153
1703352
1703466
1703521
1703673
1703687
1704060
1704177
1704239
1704282
1704285
1704492
1704509
1704547
1704672
1704726
1705071
1705114
1705266
1705431
1705487
1705516
1705646
1705654
1705679
1705776
1705789
1705969
1705991
1705998
1706025
1706084
1706125
1706179
1706279
1706408
1706412
1706690
1706782
1706832
1706878
1707129
1707300
1707530
1707871
1707912
1708039
1708168
1708225
1708323
1708342
1708349
1708470
1708476
1708532
1708579
1708597
1708606
1708958
1709120
1709326
1709371
1709432
1709435
1709441
1709678
1709735
1709753
1709994
1710039
1710068
1710074
1710309
1710396
1710544
1710621
1710676
1710714
1711103
1711119
1711316
1711346
1711508
1711521
1711582
1711787
1711877
1711953
1712071
1712077
1712086
1712257
1712282
1712332
1712343
1712374
1712466
1712479
1712607
1712609
1712625
1712636
1712811
1712872
1712987
1712990
1713183
1713205
1713209
1713433
1713537
1713682
1713751
1713778
1713801
1713804
1713847
1713955
1713966
1714282
1714288
1714395
1714396
1714437
1714499
1714511
1714557
1714602
1714613
1714627
1714667
1714743
1714772
1714784
1714851
1714895
1714931
1714955
1715123
1715157
1715170
1715231
1715246
1715258
1715353
1715446
1715478
1715492
1715495
1715508
1715736
1715902
1715948
1716003
1716321
1716443
1716585
1716780
1716795
1716896
1716990
1717154
1717294
1717327
1717526
1717538
1717558
1717825
1717988
1718007
1718014
1718031
1718385
1718467
1718557
1718773
1718866
1718922
1719071
1719254
1719314
1719355
1719606
1719676
1719743
1719827
1719992
1720161
1720224
1720312
1720317
1720389
1720404
1720516
1720569
1720833
1720842
1721008
1721030
1721051
1721275
1721292
1721379
1721452
1721514
1721537
1721588
1721700
1721739
1721754
1721811
1721850
1721864
1721911
1721916
1721939
1721999
1722088
1722157
1722205
1722599
1722683
1722710
1722713
1722831
1722934
1722972
1723051
1723123
1723209
1723246
1723500
1723873
1723973
1724013
1724400
1724646
1724655
1724887
1724961
1725038
1725109
1725131
1725213
1725226
1725295
1725305
1725362
1725436
1725511
1725615
1725704
1726154
1726176
1726276
1726402
1726533
1726579
1726622
1726634
1726636
1726656
1726719
1726839
1726873
1727011
1727181
1727197
1727380
1727420
1727442
1727465
1727533
1727622
1727653
1727728
1727801
1727944
1728087
1728122
1728325
1728357
1728691
1728780
1728794
1728807
1728881
1729061
1729303
1729305
1729348
1729396
1729473
1729528
1729596
1729660
1729700
1729789
1729923
1729972
1730135
1730146
1730177
1730457
1730487
1730546
1730666
1730686
1730718
1730934
1730984
1731021
1731025
1731127
1731227
1731317
1731501
1731527
1731558
1731612
1731693
1731728
1731732
1731910
1731928
1731970
1732037
1732192
1732418
1732442
1732513
1732582
1732660
1732781
1732798
1732815
1732828
1732930
1732974
1733029
1733243
1733321
1733507
1733692
1733762
1733832
1733922
1734061
1734167
1734190
1734192
1734226
1734275
1734281
1734418
1734546
1734555
1734622
1734629
1734737
1734920
1734994
1734998
1735136
1735496
1735874
1735933
1735965
1736084
1736089
1736232
1736322
1736450
1736464
1736599
1736780
1736814
1736974
1737046
1737107
1737117
1737120
1737179
1737246
1737273
1737458
1737615
1738082
1738103
1738124
1738289
1738453
1738550
1738602
1738646
1738690
1738746
1738874
1739009
1739129
1739141
1739219
1739285
1739373
1739520
1739573
1739614
1739716
1739864
1740012
1740152
1740244
1740517
1740755
1740875
1740962
1741173
1741204
1741263
1741272
1741320
1741392
1741633
1741669
1741713
1741865
1741887
1741890
1742322
1742447
1742454
1742459
1742471
1742579
1742582
1742643
1742695
1743362
1743492
1743613
1743816
1743861
1743925
1743961
1744004
1744166
1744178
1744194
1744272
1744330
1744336
1744784
1744936
1744975
1744979
1745003
1745025
1745060
1745092
1745170
1745255
1745329
1745344
1745506
1745565
1745602
1745710
1746156
1746426
1746543
1746565
1746680
1746811
1746941
1746950
1747223
1747228
1747278
1747301
1747329
1747404
1747600
1747633
1747660
1747745
1747797
1747843
1747889
1747897
1748140
1748168
1748187
1748488
1748497
1748560
1748709
1748807
1748892
1749001
1749136
1749141
1749145
1749204
1749235
1749334
1749371
1749579
1749615
1750021
1750053
1750176
1750500
1750587
1750593
1750641
1750913
1751375
1751406
1751409
1751442
1751487
1751672
1751681
1751713
1751812
1751848
1752008
1752016
1752126
1752133
1752373
1752460
1752478
1752592
1752640
1752674
1752717
1752771
1752814
1752836
1752842
1752843
1752916
1752968
1752973
1753039
1753065
1753077
1753178
1753322
1753537
1753627
1753726
1753764
1753937
1753950
1754047
1754278
1754282
1754325
1754357
1754425
1754583
1754666
1754678
1754847
1754962
1755061
1755260
1755376
1755517
1755758
1755783
1755839
1755857
1755939
1755984
1756165
1756361
1756743
1756810
1756901
1756986
1757008
1757193
1757333
1757402
1757514
1757631
1757932
1757939
1758008
1758019
1758035
1758244
1758266
1758275
1758348
1758441
1758547
1758598
1758726
1758869
1758952
1758979
1759048
1759254
1759263
1759277
1759460
1759502
1759529
1759714
1759876
1759883
1760097
1760336
1760402
1760428
1760454
1760574
1760804
1760817
1761001
1761023
1761138
1761300
1761377
1761520
1761601
1761743
1761853
1761860
1761889
1761930
1762175
1762200
1762244
1762391
1762397
1762459
1762501
1762515
1762545
1762565
1762807
1762864
1762949
1763041
1763209
1763324
1763378
1763464
1763502
1763522
1763550
1763582
1763626
1763648
1763705
1763976
1763979
1763997
1764087
1764101
1764144
1764239
1764275
1764362
1764560
1764590
1764649
1764727
1765024
1765029
1765094
1765111
1765363
1765547
1765601
1765610
1765651
1765691
1765748
1766000
1766018
1766058
1766098
1766156
1766217
1766232
1766307
1766375
1766463
1766592
1766609
1766868
1767130
1767181
1767213
1767304
1767323
1767376
1767443
1767462
1767483
1767506
1767594
1767779
1767891
1767892
1767905
1767908
1768045
1768133
1768238
1768304
1768323
1768359
1768407
1768498
1768712
1768816
1768883
1768998
1769133
1769137
1769325
1769365
1769595
1769616
1769632
1769865
1769930
1769934
1769985
1770159
1770166
1770173
1770183
1770337
1770463
1770553
1770565
1770597
1770685
1770790
1770906
1771238
1771283
1771464
1771482
1771554
1771671
1771682
1772003
1772082
1772125
1772159
1772162
1772249
1772284
1772328
1772337
1772491
1772533
1772542
1772569
1772615
1772713
1772743
1773008
1773033
1773086
1773187
1773221
1773291
1773464
1773652
1773811
1773830
1773890
1774046
1774185
1774230
1774511
1774937
1774954
1774987
1775237
1775319
1775358
1775438
1775483
1775812
1775998
1776134
1776188
1776213
1776372
1776396
1776442
1776612
1776641
1776776
1776803
1776853
1776880
1776890
1776902
1777207
1777409
1777416
1777472
1777491
1777516
1777634
1777675
1777764
1777766
1777801
1778001
1778010
1778060
1778072
1778166
1778175
1778230
1778231
1778326
1778501
1778514
1778564
1778623
1778762
1778789
1778799
1778843
1779090
1779276
1779279
1779288
1779302
1779451
1779517
1779534
1779549
1779654
1779712
1779723
1779729
1779958
1779968
1780167
1780257
1780349
1780643
1780672
1780972
1780994
1781118
1781482
1781546
1781664
1781666
1781840
1781842
1781948
1781966
1781976
1782005
1782086
1782221
1782284
1782343
1782411
1782420
1782843
1782946
1783050
1783166
1783168
1783202
1783274
1783399
1783411
1783418
1783550
1783571
1783579
1783621
1783674
1783877
1784016
1784089
1784148
1784240
1784253
1784325
1784421
1784429
1784441
1784615
1784732
1784785
1784830
1784840
1785064
1785152
1785153
1785198
1785207
1785241
1785271
1785382
1785406
1785521
1785710
1785718
1785800
1785832
1785862
1786023
1786079
1786218
1786292
1786312
1786510
1786527
1786627
1786746
1786797
1786865
1787142
1787160
1787174
1787343
1787501
1787616
1787663
1787758
1787769
1787826
1787958
1788047
1788079
1788110
1788127
1788150
1788169
1788177
1788289
1788329
1788410
1788443
1788557
1788575
1788590
1788602
1788646
1788775
1789186
1789225
1789507
1789556
1789695
1789706
1789856
1790168
1790282
1790358
1790444
1790473
1790512
1790547
1790599
1790623
1790793
1790797
1791030
1791146
1791221
1791227
1791264
1791344
1791522
1792064
1792159
1792170
1792198
1792244
1792513
1792541
1792708
1792830
1792867
1792931
1792943
1793055
1793057
1793087
1793231
1793257
1793439
1793556
1793627
1793659
1793832
1793867
1793973
1794083
1794119
1794213
1794221
1794254
1794290
1794355
1794584
1794877
1794909
1794957
1795037
1795071
1795090
1795132
1795222
1795379
1795511
1795567
1795571
1795662
1795839
1795931
1796052
1796162
1796228
1796340
1796347
1796371
1796391
1796577
1796706
1796955
1796979
1797089
1797138
1797159
1797178
1797259
1797391
1797831
1797911
1797931
1797944
1798055
1798098
1798114
1798132
1798213
1798231
1798250
1798279
1798290
1798468
1798552
1798575
1798618
1798635
1798726
1798732
1798800
1799203
1799212
1799248
1799343
1799375
1799511
1799724
1799886
1800008
1800127
1800143
1800204
1800245
1800303
1800350
1800501
1800533
1800630
1800710
1800714
1800761
1800793
1800841
1800861
1800993
1801045
1801225
1801322
1801384
1801583
1801769
1801774
1801792
1801798
1801958
1802144
1802276
1802507
1802543
1802623
1802831
1802874
1803015
1803045
1803085
1803199
1803310
1803324
1803478
1803479
1803531
1803573
1803632
1803773
1803882
1803893
1804046
1804328
1804487
1804759
1804793
1804797
1804801
1805042
1805043
1805105
1805161
1805247
1805375
1805420
1805552
1805945
1805976
1806036
1806067
1806101
1806194
1806253
1806255
1806274
1806278
1806529
1806536
1806609
1806719
1806759
1806805
1806968
1806969
1806991
1807021
1807069
1807114
1807171
1807214
1807338
1807339
1807407
1807441
1807549
1807564
1807698
1807736
1807763
1807777
1807884
1808037
1808178
1808195
1808231
1808278
1808299
1808303
1808338
1808358
1808405
1808458
1808566
1808748
1808766
1808896
1808897
1809086
1809132
1809179
1809261
1809272
1809335
1809352
1809414
1809570
1809599
1809625
1809737
1809746
1809773
1809819
1809877
1809990
1810159
1810269
1810312
1810335
1810405
1810467
1810481
1810906
1810967
1811167
1811522
1812077
1812309
1812338
1812386
1812626
1812662
1812679
1812791
1812897
1813058
1813060
1813105
1813257
1813270
1813336
1813407
1813489
1813498
1813552
1813679
1813816
1813832
1813858
1813861
1813876
1813956
1814077
1814155
1814256
1814329
1814342
1814365
1814380
1814422
1814490
1814585
1814659
1814787
1814820
1814901
1815010
1815021
1815142
1815340
1815395
1815613
1815682
1815711
1815720
1815725
1815755
1815811
1815860
1816060
1816125
1816148
1816164
1816212
1816226
1816398
1816399
1816415
1816417
1816543
1816565
1816573
1816589
1816800
1816819
1816859
1816896
1816919
1816974
1817158
1817184
1817326
1817352
1817372
1817409
1817501
1817752
1817756
1817783
1817870
1817919
1818022
1818026
1818051
1818141
1818281
1818319
1818516
1818583
1819001
1819004
1819017
1819113
1819165
1819171
1819300
1819309
1819348
1819485
1819534
1819535
1819643
1819796
1819932
1820024
1820045
1820358
1820379
1820442
1820469
1820514
1820531
1820555
1820572
1820686
1820725
1820744
1820864
1820876
1820884
1820943
1821037
1821193
1821195
1821350
1821380
1821519
1821620
1821637
1821716
1822002
1822237
1822256
1822319
1822351
1822413
1822439
1822475
1822582
1822777
1822803
1822829
1822974
1823035
1823178
1823362
1823368
1823554
1823592
1823596
1823699
1823745
1823822
1824018
1824036
1824084
1824308
1824377
1824473
1824509
1824558
1824562
1824601
1824612
1824701
1824734
1824786
1824847
1824901
1824978
1824986
1825027
1825303
1825345
1825491
1825512
1825533
1825610
1825859
1826085
1826236
1826580
1826694
1826751
1826765
1826886
1827014
1827018
1827034
1827054
1827111
1827178
1827234
1827280
1827392
1827563
1827634
1827649
1827678
1827727
1827728
1827828
1827835
1827838
1828120
1828243
1828426
1828587
1828694
1828717
1828780
1828873
1828939
1828957
1829079
1829081
1829120
1829279
1829369
1829789
1829819
1830067
1830141
1830155
1830214
1830386
1830504
1830520
1830527
1830683
1830898
1831021
1831132
1831224
1831371
1831410
1831524
1831640
1831770
1831845
1832129
1832243
1832491
1832594
1832624
1832647
1832771
1832772
1832782
1832925
1832939
1833035
1833041
1833147
1833254
1833267
1833308
1833374
1833376
1833399
1833462
1833630
1833646
1833741
1833773
1833831
1833851
1833852
1833900
1833988
1834090
1834148
1834268
1834287
1834315
1834707
1834860
1834886
1834901
1834916
1834969
1835024
1835030
1835114
1835210
1835246
1835251
1835342
1835376
1835434
1835542
1835590
1835591
1835603
1835656
1835826
1835828
1835903
1835908
1835923
1836002
1836064
1836126
1836134
1836143
1836337
1836374
1836646
1836664
1836791
1836903
1836975
1837038
1837067
1837138
1837209
1837368
1837431
1837475
1837567
1837683
1837847
1837868
1837919
1837984
1838031
1838066
1838095
1838197
1838522
1838807
1838840
1838857
1838920
1839019
1839091
1839100
1839249
1839304
1839412
1839487
1839618
1839772
1839869
1839881
1840045
1840205
1840245
1840303
1840442
1840475
1840497
1840514
1840541
1840587
1840837
1840920
1840979
1841271
1841308
1841414
1841427
1841459
1841618
1841654
1841779
1841812
1841906
1841940
1842020
1842205
1842408
1842493
1842511
1842703
1842760
1842837
1843014
1843025
1843194
1843234
1843582
1843775
1843798
1843859
1843871
1844059
1844232
1844364
1844521
1844785
1844794
1844868
1844937
1845056
1845206
1845343
1845423
1845496
1845641
1845672
1845696
1845708
1845741
1845760
1845817
1845893
1845909
1845987
1846112
1846371
1846372
1846510
1846521
1846529
1846567
1846772
1846838
1846915
1847178
1847259
1847274
1847279
1847282
1847402
1847541
1847683
1847850
1847859
1847893
1848045
1848088
1848188
1848263
1848273
1848335
1848390
1848715
1848772
1848787
1848809
1848839
1848862
1848987
1849012
1849325
1849352
1849411
1849475
1849612
1849825
1849988
1850409
1850516
1850588
1850609
1850791
1851384
1851605
1851632
1851670
1851718
1851748
1851749
1851818
1852295
1852416
1852469
1852487
1852567
1852568
1852623
1852639
1852828
1852898
1852914
1852927
1853150
1853185
1853226
1853343
1853347
1853354
1853360
1853361
1853377
1853476
1853497
1853808
1853815
1853819
1853980
1853988
1854113
1854298
1854443
1854453
1854527
1854538
1854623
1854699
1854714
1855109
1855182
1855236
1855253
1855472
1855492
1855560
1855587
1855648
1855775
1855899
1856151
1856197
1856410
1856485
1856559
1856620
1856647
1856671
1856792
1856957
1857014
1857241
1857388
1857404
1857496
1857506
1857629
1857639
1857672
1857676
1857863
1857932
1858113
1858168
1858189
1858217
1858307
1858411
1858559
1858580
1858695
1858713
1858849
1858892
1859019
1859033
1859062
1859101
1859108
1859127
1859182
1859263
1859315
1859446
1859742
1859898
1859979
1860023
1860103
1860131
1860238
1860292
1860390
1860678
1860884
1860885
1861107
1861128
1861173
1861175
1861205
1861210
1861237
1861244
1861273
1861438
1861526
1861536
1861813
1861831
1861880
1861978
1862037
1862097
1862393
1862417
1862451
1862489
1862583
1862637
1862679
1862721
1862865
1862871
1863071
1863110
1863181
1863189
1863458
1863522
1863527
1863606
1863670
1863673
1863837
1863954
1863956
1863984
1864041
1864118
1864200
1864218
1864236
1864374
1864421
1864428
1864706
1864721
1864722
1864834
1864866
1864895
1865290
1865323
1865354
1865430
1865453
1865539
1865736
1865766
1865813
1865851
1865995
1866022
1866032
1866118
1866143
1866171
1866179
1866188
1866575
1866626
1866661
1866826
1866849
1866912
1867092
1867164
1867202
1867237
1867260
1867273
1867354
1867382
1867629
1867680
1867723
1867843
1867869
1867983
1867987
1868063
1868066
1868127
1868258
1868313
1868352
1868479
1868543
1868553
1868717
1869032
1869230
1869386
1869427
1869485
1869632
1869904
1869930
1870027
1870151
1870153
1870205
1870231
1870371
1870492
1870540
1870633
1870765
1871038
1871164
1871212
1871305
1871364
1871396
1871507
1871563
1871615
1871727
1871739
1871837
1871857
1871906
1872003
1872054
1872264
1872281
1872388
1872488
1872735
1872789
1873035
1873053
1873393
1873396
1873505
1873655
1873737
1873840
1873847
1873921
1874161
1874163
1874274
1874473
1874521
1874812
1874826
1874843
1875122
1875305
1875405
1875456
1875484
1875637
1875644
1875686
1875818
1875979
1876091
1876108
1876227
1876318
1876320
1876417
1876665
1876695
1876707
1876716
1876793
1876820
1876858
1876910
1876989
1877026
1877059
1877366
1877369
1877411
1877425
1877428
1877542
1877624
1878046
1878449
1878604
1878636
1878760
1878793
1878810
1878917
1879074
1879292
1879345
1879698
1879899
1880005
1880090
1880391
1880496
1880625
1880754
1880793
1880843
1880937
1881070
1881093
1881217
1881222
1881230
1881572
1881594
1881863
1881923
1881934
1882075
1882083
1882130
1882234
1882247
1882344
1882360
1882366
1882406
1882443
1882473
1882499
1882690
1882756
1882873
1882897
1883006
1883052
1883178
1883242
1883292
1883387
1883488
1883510
1883589
1883624
1883637
1883730
1884045
1884056
1884061
1884085
1884172
1884246
1884488
1884535
1884536
1884570
1884583
1884821
1884978
1885286
1885308
1885324
1885368
1885382
1885436
1885445
1885469
1885513
1885516
1885583
1885618
1885627
1885675
1885847
1886074
1886132
1886160
1886176
1886297
1886368
1886439
1886457
1886466
1886500
1886572
1886587
1886641
1886642
1886758
1887032
1887474
1887544
1887782
1887806
1887839
1887926
1887996
1888002
1888020
1888051
1888059
1888120
1888298
1888332
1888402
1888490
1888495
1888497
1888617
1888727
1888865
1888926
1888940
1889005
1889138
1889225
1889245
1889278
1889301
1889336
1889394
1889414
1889416
1889498
1889731
1889967
1890199
1890247
1890254
1890293
1890351
1890374
1890380
1890405
1890437
1890488
1890561
1890918
1890985
1891039
1891109
1891132
1891138
1891216
1891279
1891310
1891331
1891428
1891451
1891566
1891692
1891700
1891978
1892054
1892089
1892101
1892453
1892505
1892597
1892758
1892848
1892983
1892987
1893025
1893064
1893111
1893131
1893173
1893258
1893410
1893418
1893521
1893530
1893662
1893679
1893726
1893872
1893883
1893908
1894015
1894046
1894192
1894198
1894328
1894346
1894361
1894405
1894485
1894575
1894611
1894745
1894798
1894821
1894901
1894991
1895111
1895169
1895288
1895342
1895510
1895611
1895684
1895710
1895711
1895722
1895784
1896016
1896111
1896156
1896358
1896391
1896412
1896471
1896758
1896921
1897225
1897259
1897281
1897294
1897426
1897914
1897991
1898023
1898121
1898135
1898168
1898211
1898279
1898406
1898722
1898803
1898900
1899002
1899110
1899131
1899218
1899237
1899286
1899375
1899391
1899491
1899513
1899603
1899852
1899910
1899922
1899993
1900082
1900143
1900201
1900301
1900308
1900368
1900397
1900490
1900553
1900634
1900970
1901127
1901417
1901544
1901751
1901890
1901900
1901905
1901950
1902061
1902073
1902198
1902251
1902285
1902351
1902372
1902386
1902747
1902826
1902847
1902957
1903008
1903081
1903142
1903277
1903307
1903418
1903561
1903579
1903743
1903760
1903823
1903837
1903855
1903859
1903903
1903939
1904045
1904312
1904321
1904479
1904559
1904620
1904783
1904788
1904954
1905089
1905102
1905106
1905157
1905171
1905400
1905597
1905681
1905771
1906013
1906015
1906264
1906287
1906320
1906416
1906702
1906735
1906827
1906867
1906889
1906901
1906923
1906962
1906976
1907115
1907282
1907304
1907354
1907373
1907515
1907644
1907855
1908174
1908204
1908461
1908604
1908616
1908617
1908622
1908853
1908979
1909061
1909101
1909133
1909157
1909196
1909274
1909344
1909478
1909708
1909822
1909865
1909993
1910024
1910117
1910188
1910250
1910339
1910373
1910414
1910492
1910498
1910562
1910947
1911001
1911085
1911095
1911144
1911156
1911409
1911450
1911459
1911462
1911599
1911711
1911724
1911779
1911813
1912087
1912158
1912171
1912232
1912363
1912454
1912479
1912533
1912675
1912697
1912818
1912876
1912950
1912993
1913009
1913174
1913190
1913267
1913392
1913560
1913652
1913790
1913835
1913839
1913858
1913952
1914026
1914374
1914494
1914538
1914615
1914617
1914687
1914758
1914763
1914786
1915094
1915207
1915218
1915369
1915495
1915509
1915604
1915631
1915666
1915674
1915723
1915748
1915778
1916043
1916058
1916129
1916209
1916245
1916272
1916284
1916312
1916380
1916479
1916572
1916774
1916828
1916854
1917069
1917090
1917093
1917124
1917450
1917476
1917572
1917598
1917610
1917634
1917684
1917687
1917873
1917897
1917911
1917955
1918031
1918314
1918400
1918470
1918540
1918589
1918645
1918656
1918664
1918900
1918938
1919026
1919038
1919063
1919111
1919127
1919168
1919186
1919233
1919316
1919365
1919485
1919578
1919579
1919665
1919746
1919838
1919918
1919933
1920046
1920091
1920131
1920143
1920166
1920305
1920319
1920402
1920446
1920463
1920735
1920817
1920821
1920932
1921304
1921426
1921455
1921483
1921574
1921780
1921861
1922110
1922276
1922315
1922492
1922545
1922546
1922625
1922830
1923004
1923091
1923164
1923179
1923199
1923221
1923270
1923315
1923485
1923492
1923515
1923578
1923725
1923834
1923965
1924002
1924139
1924234
1924253
1924303
1924306
1924409
1924521
1924590
1924831
1924847
1924915
1924937
1925041
1925138
1925217
1925238
1925256
1925296
1925459
1925485
1925665
1925681
1925744
1925781
1925927
1925984
1926062
1926065
1926174
1926186
1926200
1926210
1926214
1926304
1926461
1926511
1926519
1926572
1926652
1926876
1927044
1927274
1927303
1927556
1927772
1927783
1928030
1928069
1928167
1928405
1928488
1928496
1928558
1928592
1928619
1928794
1928828
1928856
1928857
1928972
1929018
1929132
1929156
1929322
1929347
1929361
1929530
1929613
1929647
1929658
1929916
1929939
1929950
1930008
1930027
1930056
1930208
1930637
1930726
1930738
1930853
1930964
1931115
1931161
1931203
1931276
1931324
1931715
1931722
1932234
1932315
1932369
1932678
1932771
1932849
1932856
1932940
1933052
1933110
1933150
1933174
1933256
1933365
1933430
1933575
1933665
1933801
1933825
1933960
1934004
1934162
1934230
1934302
1934415
1934504
1934636
1934699
1934721
1934755
1934922
1934962
1934963
1935150
1935171
1935188
1935223
1935381
1935501
1935610
1935710
1935811
1935847
1936061
1936118
1936233
1936236
1936308
1936313
1936429
1936500
1936516
1936849
1936903
1937191
1937273
1937869
1937916
1938123
1938192
1938512
1938608
1938672
1938749
1938754
1938781
1938863
1938864
1938939
1938953
1938977
1939009
1939080
1939130
1939143
1939173
1939289
1939392
1939397
1939510
1939542
1939642
1939684
1939794
1939804
1939809
1939825
1940004
1940008
1940017
1940158
1940180
1940348
1940415
1940537
1940738
1940809
1940864
1940887
1940919
1940995
1941056
1941131
1941267
1941330
1941573
1941598
1941688
1941713
1941720
1941757
1941807
1941888
1941937
1941956
1942041
1942106
1942111
1942369
1942379
1942462
1942772
1942776
1942934
1943029
1943339
1943631
1943657
1943759
1943968
1944073
1944079
1944415
1944432
1944608
1944928
1945215
1945381
1945504
1945509
1945705
1945863
1945997
1946003
1946078
1946362
1946456
1946498
1946500
1946511
1946597
1946706
1946912
1946926
1946958
1946959
1947011
1947012
1947047
1947125
1947162
1947311
1947359
1947524
1947596
1947643
1947771
1947830
1947898
1947951
1948050
1948119
1948139
1948204
1948357
1948474
1948596
1948630
1948680
1948976
1949025
1949076
1949112
1949131
1949234
1949328
1949334
1949438
1949498
1949546
1949687
1949809
1949829
1949853
1949907
1949994
1950001
1950055
1950084
1950163
1950165
1950179
1950277
1950303
1950353
1950508
1950594
1950657
1950825
1950905
1951029
1951192
1951235
1951268
1951318
1951327
1951405
1951452
1951505
1951627
1951863
1951895
1951929
1952209
1952267
1952359
1952366
1952407
1952445
1952460
1952485
1952514
1952522
1952569
1952583
1952642
1952657
1953033
1953066
1953182
1953380
1953678
1953684
1953704
1953709
1953741
1953778
1953785
1953923
1953999
1954006
1954139
1954238
1954272
1954305
1954316
1954452
1954458
1954479
1954524
1954526
1954569
1954593
1954614
1954631
1954709
1954893
1954954
1954991
1955034
1955103
1955126
1955168
1955266
1955326
1955393
1955438
1955451
1955461
1955464
1955482
1955506
1955523
1955533
1955585
1955668
1955830
1955918
1955939
1955941
1956245
1956252
1956361
1956500
1956509
1956586
1956647
1956690
1956895
1956923
1957042
1957048
1957217
1957238
1957274
1957493
1957529
1957702
1957723
1957808
1957837
1958139
1958208
1958499
1958661
1958670
1958885
1958903
1959006
1959214
1959256
1959294
1959324
1959358
1959390
1959652
1959746
1959851
1960251
1960369
1960440
1960478
1960496
1960633
1960663
1960699
1960744
1960775
1961099
1961202
1961245
1961285
1961533
1961600
1961822
1961967
1962034
1962322
1962507
1962650
1962677
1962682
1962781
1962858
1962927
1962947
1963123
1963310
1963544
1963552
1963612
1963627
1963656
1963659
1963765
1963866
1963889
1963931
1964022
1964208
1964254
1964356
1964390
1964418
1964643
1964662
1964835
1964979
1965040
1965346
1965675
1965715
1965717
1965852
1965916
1965952
1966041
1966055
1966118
1966416
1966507
1966539
1966622
1966862
1966952
1966994
1967074
1967119
1967164
1967318
1967601
1967706
1967738
1967857
1967923
1968058
1968175
1968429
1968517
1968753
1968904
1968988
1969057
1969066
1969117
1969350
1969410
1969522
1969587
1969656
1969688
1969906
1969995
1970127
1970227
1970433
1970460
1970512
1970693
1970813
1970894
1970962
1970979
1971064
1971155
1971209
1971270
1971430
1971454
1971456
1971510
1971532
1971608
1971684
1971733
1971789
1971948
1972039
1972099
1972120
1972148
1972161
1972173
1972200
1972250
1972281
1972485
1972487
1972639
1972665
1972690
1972694
1972869
1973024
1973063
1973181
1973232
1973451
1973663
1973670
1974118
1974148
1974159
1974291
1974317
1974374
1974403
1974841
1974883
1975090
1975341
1975378
1975428
1975477
1975541
1975596
1975740
1975871
1976015
1976035
1976053
1976085
1976163
1976326
1976327
1976355
1976370
1976440
1976443
1976477
1976483
1976642
1976710
1976785
1976789
1976796
1977076
1977212
1977276
1977355
1977407
1977503
1977644
1977658
1977756
1977829
1977888
1977912
1978002
1978142
1978411
1978458
1978500
1978647
1978686
1978699
1978906
1979069
1979073
1979492
1979790
1979807
1979907
1979917
1979935
1980037
1980062
1980395
1980579
1980670
1980744
1980880
1981140
1981187
1981234
1981304
1981337
1981338
1981367
1981409
1981456
1981465
1981515
1981818
1981876
1981970
1981990
1982327
1982415
1982447
1982461
1982494
1982500
1982588
1982666
1982713
1982747
1982842
1982843
1982938
1983098
1983201
1983204
1983232
1983455
1983474
1983482
1983685
1983891
1983905
1984099
1984201
1984249
1984473
1984495
1984583
1984643
1984653
1984697
1984732
1985057
1985119
1985150
1985177
1985284
1985612
1985642
1985651
1985744
1985778
1985975
1986033
1986088
1986215
1986257
1986264
1986331
1986371
1986622
1986637
1986685
1986825
1987184
1987237
1987431
1987456
1987512
1987526
1987539
1987767
1987810
1987953
1987962
1988020
1988085
1988298
1988419
1988422
1988453
1988459
1988483
1988670
1988721
1988868
1988881
1989029
1989098
1989135
1989156
1989298
1989437
1989562
1989583
1989667
1989673
1989762
1989790
1989825
1989848
1990021
1990066
1990114
1990171
1990176
1990256
1990573
1990612
1990843
1990869
1991016
1991074
1991282
1991352
1991468
1991599
1991663
1991678
1991682
1991727
1991769
1991789
1992103
1992696
1992727
1992823
1992885
1992889
1992914
1993100
1993165
1993170
1993195
1993361
1993401
1993497
1993641
1993643
1993742
1993936
1994005
1994067
1994294
1994321
1994350
1994498
1994596
1994614
1994635
1994714
1995013
1995049
1995173
1995299
1995323
1995448
1995606
1995790
1995807
1995891
1995935
1996309
1996427
1996443
1996452
1996538
1996596
1996859
1997120
1997256
1997470
1997525
1997613
1997762
1997812
1998073
1998238
1998240
1998450
1998577
1998621
1998622
1998663
1998746
1998769
1998875
1998903
1998985
1998994
1999077
1999263
1999361
1999443
1999596
1999613
1999648
1999687
1999755
1999900
2000071
2000204
2000296
2000392
2000462
2000741
2000870
2000941
2001086
2001122
2001207
2001470
2001509
2001536
2001538
2001546
2001778
2001783
2001862
2001900
2001905
2001959
2001986
2002019
2002045
2002052
2002315
2002395
2002405
2002476
2002529
2002774
2002945
2003124
2003287
2003347
2003356
2003384
2003422
2003434
2003441
2003444
2003449
2003467
2003548
2003593
2003645
2003659
2003800
2003836
2003903
2004333
2004382
2004474
2004505
2004585
2004594
2004643
2004662
2004757
2004799
2004905
2005051
2005103
2005385
2005491
2005769
2005814
2006143
2006397
2006547
2006625
2006675
2006771
2006893
2007007
2007054
2007071
2007104
2007192
2007329
2007383
2007390
2007646
2007689
2007717
2007944
2007945
2007968
2008113
2008332
2008426
2008538
2008539
2008650
2008829
2009092
2009229
2009353
2009791
2009908
2009990
2010221
2010259
2010525
2010661
2010731
2010810
2010948
2010963
2011073
2011090
2011296
2011406
2011598
2011872
2011924
2012049
2012254
2012326
2012493
2012512
2012651
2012710
2012747
2012767
2012943
2013017
2013070
2013129
2013138
2013398
2013399
2013438
2013641
2013667
2013851
2013900
2013910
2013912
2014024
2014118
2014394
2014551
2014635
2014749
2014873
2014914
2014939
2015093
2015188
2015191
2015206
2015470
2015489
2015534
2016223
2016241
2016250
2016350
2016619
2016730
2016870
2016885
2017082
2017102
2017103
2017112
2017360
2017410
2017470
2017547
2017548
2017652
2017675
2017769
2017805
2018144
2018164
2018206
2018214
2018362
2018583
2018612
2018636
2018658
2018957
2019185
2019235
2019280
2019296
2019358
2019640
2019663
2019686
2019698
2019915
2019985
2019987
2020180
2020307
2020585
2020633
2020756
2020892
2021125
2021153
2021208
2021444
2021512
2021531
2021541
2021678
2021750
2021808
2021904
2021981
2022012
2022329
2022339
2022432
2022497
2022545
2022604
2022665
2022678
2022684
2022773
2022798
2022902
2022928
2022997
2023005
2023009
2023077
2023161
2023401
2023453
2023465
2023483
2023557
2023656
2023724
2023794
2023822
2023853
2024087
2024133
2024145
2024222
2024272
2024295
2024326
2024336
2024353
2024499
2024739
2024794
2025097
2025185
2025196
2025217
2025257
2025286
2025350
2025361
2025363
2025761
2025775
2025958
2026018
2026056
2026072
2026073
2026093
2026165
2026184
2026204
2026343
2026408
2026416
2026478
2026764
2026875
2026943
2027135
2027352
2027375
2027501
2027546
2027582
2027596
2027740
2027838
2028060
2028483
2028558
2028563
2028599
2028804
2028920
2028977
2029138
2029268
2029378
2029405
2029469
2029739
2029969
2030002
2030199
2030386
2030432
2030479
2030567
2030573
2030630
2030637
2030876
2031162
2031249
2031369
2031546
2031555
2031624
2031739
2031867
2032051
2032138
2032331
2032464
2032781
2032807
2032831
2032866
2032995
2033162
2033328
2033399
2033568
2033639
2033805
2033830
2033854
2033985
2034045
2034047
2034053
2034105
2034139
2034170
2034182
2034198
2034297
2034351
2034366
2034408
2034533
2034580
2034778
2034868
2035004
2035005
2035024
2035121
2035181
2035392
2035443
2035534
2035624
2035649
2035686
2035770
2035868
2035930
2036328
2036348
2036369
2036590
2036972
2037064
2037219
2037297
2037368
2037371
2037393
2037584
2037611
2037691
2037718
2037878
2037969
2038212
2038308
2038360
2038422
2038434
2038525
2038625
2038642
2038845
2038854
2038876
2038958
2038964
2038978
2039375
2039465
2039569
2039625
2039704
2039841
2039869
2040015
2040149
2040187
2040189
2040260
2040365
2040522
2040583
2040714
2040753
2040762
2040857
2041134
2041157
2041533
2041535
2041610
2041720
2041905
2041971
2042035
2042095
2042127
2042206
2042269
2042304
2042319
2042355
2042367
2042428
2042503
2042598
2042616
2042653
2042710
2042802
2042875
2042994
2043172
2043322
2043378
2043420
2043560
2043562
2043716
2043739
2043762
2043811
2043844
2043925
2044128
2044241
2044286
2044408
2044458
2044565
2044734
2044783
2044809
2045016
2045112
2045209
2045224
2045486
2045523
2045593
2045681
2045701
2045953
2046050
2046158
2046316
2046342
2046355
2046533
2046552
2046575
2046603
2046733
2046945
2047187
2047197
2047246
2047309
2047322
2047385
2047505
2047572
2047602
2047691
2047730
2047915
2047952
2048153
2048403
2048431
2048521
2048634
2048683
2048714
2048854
2048921
2048995
2049022
2049291
2049398
2049439
2049478
2049560
2049580
2049626
2049635
2049638
2049646
2049648
2049653
2049706
2049866
2049911
2049997
2050075
2050215
2050228
2050350
2050370
2050743
2050834
2051009
2051041
2051168
2051171
2051185
2051196
2051239
2051251
2051286
2051324
2051349
2051354
2051561
2051794
2051857
2051873
2051886
2051915
2051938
2052026
2052097
2052188
2052195
2052238
2052410
2052418
2052614
2052696
2052771
2052899
2052908
2052914
2053045
2053047
2053206
2053315
2053387
2053495
2053556
2053657
2053672
2053738
2053788
2053813
2053828
2053933
2054091
2054190
2054416
2054615
2054637
2054655
2054685
2054910
2054920
2055038
2055130
2055178
2055199
2055231
2055275
2055292
2055447
2055624
2055626
2055752
2055766
2055820
2055950
2056051
2056102
2056158
2056164
2056212
2056398
2056480
2056736
2056864
2057008
2057073
2057194
2057212
2057229
2057284
2057471
2057521
2057522
2057557
2057852
2058145
2058283
2058288
2058413
2058537
2058547
2058835
2058885
2059054
2059158
2059191
2059258
2059282
2059362
2059393
2059413
2059430
2059512
2059670
2059795
2059796
2059952
2060016
2060017
2060111
2060146
2060151
2060199
2060305
2060411
2060423
2060471
2060514
2060675
2060827
2061082
2061105
2061195
2061374
2061616
2061675
2061709
2061719
2061829
2062094
2062147
2062223
2062247
2062327
2062338
2062362
2062400
2062519
2062524
2062561
2062731
2062814
2062914
2062959
2063045
2063123
2063147
2063171
2063458
2063638
2064040
2064045
2064068
2064078
2064083
2064153
2064191
2064378
2064439
2064608
2064643
2064848
2064956
2064984
2064992
2065065
2065152
2065184
2065399
2065427
2065473
2065476
2065552
2065557
2065600
2065675
2065810
2065979
2066010
2066021
2066074
2066172
2066258
2066276
2066283
2066375
2066428
2066431
2066500
2066501
2066521
2066522
2066777
2066830
2066834
2067251
2067292
2067304
2067342
2067380
2067457
2067475
2067531
2067593
2067679
2067687
2067879
2067931
2067944
2068129
2068209
2068299
2068328
2068356
2068566
2068573
2068579
2068684
2068710
2068732
2068735
2068809
2068990
2069009
2069016
2069020
2069125
2069152
2069400
2069512
2069517
2069562
2069624
2069701
2070008
2070042
2070210
2070217
2070390
2070450
2070453
2070567
2070580
2070786
2070812
2070827
2070882
2070885
2070986
2071231
2071462
2071593
2071594
2071609
2071611
2071694
2071825
2071958
2072007
2072019
2072077
2072189
2072207
2072323
2072332
2072341
2072344
2072355
2072358
2072415
2072720
2072800
2072993
2072996
2073029
2073071
2073115
2073301
2073360
2073386
2073391
2073403
2073637
2073730
2073830
2073895
2073904
2074249
2074281
2074713
2074729
2074791
2075048
2075115
2075290
2075297
2075353
2075368
2075508
2075533
2075589
2075632
2075782
2075785
2075838
2075874
2075966
2076003
2076058
2076273
2076338
2076448
2076460
2076560
2076581
2076798
2076832
2077139
2077239
2077250
2077468
2077506
2077568
2077620
2077622
2077642
2077723
2077778
2077787
2077987
2078022
2078096
2078250
2078466
2078471
2078490
2078697
2078703
2078712
2078837
2078866
2078890
2078903
2078938
2079066
2079098
2079166
2079168
2079273
2079349
2079405
2079513
2079621
2079920
2079975
2080036
2080038
2080103
2080157
2080184
2080497
2080523
2080737
2080821
2080830
2080909
2081126
2081159
2081192
2081311
2081354
2081500
2081502
2081525
2081595
2081597
2081857
2081904
2081909
2081973
2082082
2082368
2082597
2082680
2082709
2082710
2082882
2082953
2083106
2083213
2083247
2083334
2083341
2083356
2083515
2083584
2083671
2083724
2083726
2083730
2083829
2083889
2083921
2084212
2084346
2084474
2084666
2084726
2084754
2084948
2084983
2085330
2085474
2085554
2085629
2085639
2085759
2085986
2086144
2086292
2086496
2086500
2086625
2086660
2086731
2087038
2087084
2087157
2087175
2087356
2087389
2087657
2087744
2087878
2087971
2088034
2088070
2088243
2088482
2088555
2088575
2088701
2088933
2088949
2088989
2089054
2089072
2089124
2089159
2089640
2089696
2089729
2089741
2089798
2090166
2090203
2090245
2090311
2090487
2090522
2090632
2090872
2090950
2091132
2091171
2091339
2091572
2091667
2091761
2091819
2091937
2091950
2091951
2092010
2092337
2092443
2092544
2092682
2092793
2093024
2093164
2093320
2093422
2093623
2093645
2093764
2093820
2093833
2093886
2093946
2094029
2094130
2094176
2094199
2094327
2094411
2094884
2094967
2095083
2095183
2095241
2095463
2095549
2095594
2095686
2095701
2095831
2096102
2096469
2096551
2096592
2096639
2096664
2096948
2097101
2097161
2097283
2097580
2097648
2097663
2097808
2097925
2097971
2098076
2098408
2098453
2098502
2098506
2098558
2098595
2098663
2098680
2098706
2098732
2098770
2098847
2098894
2098926
2099055
2099097
2099101
2099109
2099180
2099205
2099228
2099308
2099316
2099333
2099401
2099553
2099559
2099800
2099914
2100103
2100164
2100346
2100499
2100843
2100948
2101004
2101053
2101055
2101099
2101106
2101154
2101206
2101552
2101576
2101641
2101713
2101717
2101721
2101858
2102009
2102170
2102201
2102238
2102520
2102636
2102774
2102796
2102798
2102812
2102848
2102961
2103099
2103140
2103221
2103539
2103556
2103589
2103595
2103655
2103761
2103828
2103930
2103932
2104386
2104444
2104510
2104613
2104620
2104907
2105022
2105035
2105043
2105053
2105092
2105102
2105116
2105272
2105298
2105313
2105377
2105417
2105506
2105542
2105551
2105622
2105672
2105737
2105938
2106075
2106112
2106264
2106358
2106548
2106703
2106710
2106733
2106851
2107096
2107104
2107158
2107175
2107181
2107276
2107398
2107511
2107539
2107601
2107606
2107714
2107772
2107944
2107970
2108028
2108091
2108295
2108388
2108427
2108433
2108467
2108481
2108518
2108645
2108671
2108806
2108894
2109060
2109092
2109495
2109602
2109636
2109642
2109874
2109879
2109925
2109957
2110212
2110229
2110470
2110584
2110654
2110674
2110687
2110691
2110828
2110949
2111178
2111208
2111253
2111311
2111406
2111486
2111518
2111626
2111659
2111678
2111698
2111903
2112144
2112155
2112264
2112299
2112361
2112397
2112464
2112484
2112546
2112550
2112578
2112587
2112615
2112650
2112756
2112805
2112856
2112927
2112945
2112971
2113020
2113285
2113313
2113499
2113503
2113516
2113597
2113924
2113990
2113995
2114011
2114019
2114022
2114033
2114096
2114291
2114312
2114413
2114462
2114477
2114682
2114683
2114718
2114767
2114851
2114858
2114882
2114959
2115002
2115081
2115093
2115136
2115237
2115293
2115321
2115412
2115424
2115542
2115738
2115761
2115777
2115779
2115912
2115949
2115987
2116009
2116062
2116132
2116284
2116285
2116368
2116472
2116606
2116687
2116695
2116807
2116931
2116965
2116978
2117069
2117720
2117800
2118270
2118385
2118683
2118684
2118735
2118809
2118922
2119018
2119294
2119388
2119524
2119696
2119704
2119714
2119723
2119729
2119988
2120019
2120065
2120123
2120209
2120303
2120467
2120702
2120810
2120851
2120960
2121125
2121161
2121214
2121255
2121286
2121665
2121679
2121849
2121880
2122066
2123062
2123074
2123134
2123330
2123643
2123659
2124144
2124236
2124263
2124493
2124569
2124651
2124686
2124858
2124903
2124952
2125026
2125045
2125119
2125180
2125386
2125687
2125699
2125734
2125791
2125839
2125927
2125936
2126271
2126427
2126442
2126472
2126550
2126650
2126652
2126740
2126781
2126849
2126864
2127021
2127098
2127177
2127206
2127222
2127300
2127329
2127451
2127484
2127595
2127780
2127816
2127862
2127922
2128102
2128367
2128457
2128476
2128496
2128504
2128558
2128654
2128691
2128814
2128889
2129041
2129069
2129121
2129209
2129276
2129353
2129448
2129451
2129472
2129508
2129683
2129762
2129822
2130023
2130043
2130315
2130324
2130533
2130552
2130843
2130918
2131104
2131153
2131266
2131308
2131495
2131531
2131696
2131760
2131784
2131786
2131833
2131923
2132008
2132024
2132104
2132133
2132208
2132270
2132397
2132483
2132521
2132627
2132637
2132838
2132853
2132865
2132924
2132954
2132971
2133045
2133087
2133188
2133330
2133499
2133527
2133627
2133669
2133680
2133980
2134195
2134723
2134932
2135018
2135080
2135127
2135207
2135304
2135317
2135370
2135611
2135679
2135725
2135805
2135829
2136008
2136036
2136092
2136152
2136195
2136242
2136265
2136328
2136582
2136712
2136911
2136933
2136940
2136945
2137048
2137108
2137311
2137590
2137860
2138032
2138072
2138127
2138233
2138479
2138489
2138836
2138850
2139007
2139021
2139082
2139120
2139122
2139236
2139263
2139299
2139331
2139385
2139591
2139619
2139640
2139739
2139745
2139756
2139792
2139794
2139807
2139815
2139918
2140170
2140361
2140389
2140454
2140575
2140609
2140661
2140881
2140989
2141198
2141199
2141304
2141321
2141538
2141560
2141786
2141811
2141909
2142028
2142055
2142146
2142276
2142339
2142495
2142578
2142585
2142839
2142936
2142996
2143007
2143042
2143118
2143266
2143645
2143655
2143703
2143841
2143855
2143895
2143931
2144323
2144344
2144350
2144401
2144408
2144415
2144498
2144507
2144540
2144617
2144712
2144725
2144772
2144776
2144858
2144878
2144967
2145034
2145106
2145234
2145341
2145350
2145374
2145422
2145472
2145600
2145705
2145733
2145777
2145788
2146026
2146063
2146068
2146074
2146119
2146125
2146241
2146325
2146388
2146444
2146556
2146631
2146737
2146752
2146843
2146966
2146997
2147010
2147017
2147041
2147108
2147193
2147314
2147324
2147371
2147429
2147433
2147458
2147462
2147571
2147653
2147722
2147738
2147869
2147976
2148096
2148176
2148189
2148299
2148411
2148544
2148553
2148751
2148905
2149231
2149455
2149472
2149565
2149610
2149692
2150017
2150253
2150262
2150404
2150418
2150432
2150435
2150487
2150587
2150601
2150625
2150673
2150731
2150734
2150753
2150756
2150777
2150781
2151004
2151130
2151180
2151183
2151203
2151261
2151361
2151464
2151469
2151543
2151593
2151725
2151779
2151840
2151847
2151892
2152131
2152199
2152447
2152518
2152602
2152748
2152752
2152759
2152760
2152770
2152771
2152788
2152969
2153015
2153119
2153189
2153298
2153513
2153571
2153770
2154183
2154309
2154433
2154459
2154932
2154944
2155012
2155047
2155092
2155171
2155209
2155289
2155373
2155400
2155408
2155468
2155477
2155554
2155610
2155878
2156012
2156136
2156312
2156348
2156429
2156542
2156566
2156648
2156746
2156881
2157034
2157068
2157074
2157157
2157263
2157289
2157309
2157331
2157339
2157345
2157388
2157539
2157598
2157659
2157692
2157751
2157809
2157849
2157857
2157952
2158013
2158127
2158160
2158192
2158199
2158362
2158429
2158528
2158618
2158701
2158761
2158782
2158834
2158838
2158942
2159024
2159081
2159238
2159449
2159452
2159567
2159716
2159754
2159788
2159798
2159813
2159888
2159918
2160187
2160238
2160250
2160276
2160287
2160402
2160405
2160461
2160499
2160670
2160721
2160778
2160779
2160803
2160891
2160918
2160978
2161307
2161318
2161375
2161386
2161652
2161678
2161808
2161828
2162283
2162300
2162333
2162734
2162823
2162836
2162945
2162946
2162948
2163014
2163167
2163390
2163443
2163782
2163872
2164043
2164225
2164229
2164255
2164323
2164401
2164770
2164846
2164966
2165151
2165155
2165209
2165216
2165282
2165421
2165428
2165481
2165709
2165798
2165843
2166076
2166179
2166226
2166274
2166351
2166468
2166494
2166680
2166721
2166752
2166783
2166949
2167039
2167159
2167163
2167186
2167422
2167480
2167552
2167565
2167673
2167786
2167799
2168247
2168388
2168407
2168565
2168713
2168771
2168879
2169031
2169213
2169591
2170101
2170154
2170157
2170373
2170439
2170634
2170710
2170729
2170842
2171257
2171406
2171567
2171618
2171646
2171711
2171903
2172017
2172188
2172505
2172519
2172610
2172654
2172970
2172988
2173141
2173285
2173329
2173344
2173434
2173499
2173565
2173680
2173720
2173921
2173937
2174071
2174133
2174422
2174460
2174486
2174677
2174696
2174785
2174816
2174838
2174847
2174877
2175021
2175102
2175162
2175278
2175383
2175520
2175526
2175566
2175575
2175643
2175670
2175719
2175795
2175828
2175990
2176043
2176120
2176262
2176406
2176447
2176655
2176778
2176782
2176956
2176987
2177232
2177284
2177308
2177381
2177402
2177437
2177565
2177664
2177675
2177703
2177766
2177850
2177861
2177885
2177930
2177999
2178054
2178107
2178118
2178239
2178540
2178652
2178720
2178817
2178856
2178872
2178874
2178916
2178957
2178986
2178999
2179092
2179136
2179203
2179236
2179409
2179422
2179504
2179511
2179595
2179861
2179866
2180019
2180491
2180568
2180575
2180817
2180848
2180860
2181014
2181042
2181230
2181252
2181260
2181287
2181407
2181518
2181605
2181715
2182034
2182112
2182123
2182180
2182242
2182266
2182287
2182294
2182337
2182387
2182473
2182562
2182569
2182744
2182822
2182927
2182950
2182998
2183025
2183056
2183249
2183266
2183331
2183375
2183446
2183694
2183759
2183769
2183970
2184000
2184048
2184147
2184254
2184280
2184287
2184314
2184326
2184338
2184447
2184514
2184552
2184580
2184593
2184626
2184775
2184779
2184837
2185044
2185141
2185155
2185187
2185264
2185361
2185413
2185531
2185603
2185856
2185872
2186043
2186206
2186250
2186272
2186343
2186404
2186433
2186582
2186664
2186781
2186853
2186892
2187434
2187451
2187475
2187656
2187725
2187916
2187935
2187960
2188015
2188069
2188097
2188317
2188431
2188590
2188626
2188724
2188972
2189011
2189143
2189482
2189517
2189567
2189574
2189635
2189685
2189750
2189895
2189906
2189969
2190173
2190195
2190224
2190497
2190553
2190585
2190613
2191051
2191568
2191589
2191656
2191688
2191746
2191850
2191865
2191924
2192054
2192110
2192361
2192946
2193183
2193271
2193307
2193593
2193679
2193702
2193715
2194025
2194346
2194426
2194433
2194613
2194658
2194880
2194987
2195069
2195253
2195281
2195370
2195529
2195715
2195750
2195778
2195911
2195983
2196034
2196047
2196304
2196515
2196593
2196595
2196670
2196718
2196808
2196867
2196989
2196991
2197013
2197187
2197204
2197221
2197263
2197363
2197451
2197476
2197697
2197705
2197854
2197903
2197913
2198219
2198298
2198308
2198408
2198411
2198447
2198470
2198483
2198511
2198531
2198536
2198557
2198625
2198650
2198663
2198700
2198770
2199000
2199075
2199081
2199264
2199452
2199732
2199845
2199928
2199971
2199992
2200052
2200137
2200222
2200241
2200293
2200336
2200348
2200371
2200545
2200551
2200668
2200835
2200912
2200978
2201043
2201054
2201146
2201159
2201209
2201225
2201240
2201403
2201487
2201497
2201576
2201658
2201759
2201797
2201832
2202107
2202327
2202438
2202482
2202503
2202819
2202843
2203027
2203036
2203149
2203188
2203207
2203215
2203327
2203422
2203498
2203504
2203515
2203534
2203626
2203673
2203719
2203744
2203810
2203844
2203990
2204183
2204195
2204374
2204455
2204647
2204884
2204898
2204905
2205030
2205066
2205239
2205312
2205339
2205407
2205831
2205901
2205910
2205923
2206311
2206381
2206393
2206394
2206838
2206992
2207028
2207061
2207088
2207117
2207279
2207292
2207676
2207702
2207821
2207837
2207971
2207977
2207996
2208022
2208185
2208212
2208247
2208287
2208477
2208488
2208497
2208542
2208743
2208758
2208823
2209080
2209088
2209213
2209543
2209545
2209548
2209554
2209656
2209677
2209805
2209944
2210029
2210051
2210153
2210181
2210271
2210333
2210372
2210377
2210381
2210400
2210553
2210627
2210660
2210769
2210825
2210994
2211045
2211055
2211243
2211376
2211401
2211477
2211546
2211601
2211623
2211627
2211865
2211900
2211924
2211981
2212013
2212164
2212219
2212345
2212469
2212511
2212700
2212710
2212778
2212846
2213040
2213068
2213217
2213262
2213282
2213300
2213541
2213633
2213771
2213826
2213856
2214088
2214120
2214231
2214463
2214565
2214612
2214657
2214676
2214823
2214833
2214902
2214904
2214911
2214915
2214961
2215187
2215344
2215404
2215672
2215685
2215711
2215769
2215786
2215978
2216022
2216030
2216036
2216051
2216304
2216375
2216440
2216657
2216694
2216896
2216938
2217006
2217100
2217137
2217151
2217215
2217242
2217252
2217287
2217361
2217434
2217461
2217534
2217629
2217689
2217857
2218087
2218183
2218344
2218368
2218405
2218555
2218699
2218766
2218828
2218878
2218971
2218996
2219063
2219089
2219113
2219137
2219284
2219443
2219630
2219737
2219759
2219938
2220153
2220182
2220342
2220377
2220537
2220590
2220652
2220686
2220698
2220800
2220808
2220845
2220906
2220919
2220990
2221076
2221110
2221144
2221340
2221354
2221408
2221463
2221907
2221916
2221971
2222017
2222055
2222138
2222177
2222215
2222235
2222355
2222497
2222616
2222683
2222744
2222946
2222956
2223079
2223199
2223241
2223302
2223330
2223341
2223427
2223455
2223462
2223475
2223524
2223611
2223809
2223991
2224133
2224188
2224220
2224258
2224308
2224310
2224538
2224723
2224729
2224996
2225554
2225656
2225665
2225699
2225746
2225774
2225804
2225937
2226139
2226150
2226151
2226300
2226324
2226479
2226559
2226569
2226602
2226737
2227013
2227033
2227063
2227228
2227379
2227387
2227410
2227435
2227454
2227495
2227561
2227650
2227678
2227709
2227725
2227732
2227738
2227785
2227811
2227969
2228047
2228059
2228150
2228227
2228265
2228348
2228499
2228505
2228517
2228593
2228987
2229085
2229156
2229261
2229293
2229399
2229584
2229774
2229781
2229931
2230055
2230101
2230159
2230455
2230692
2230742
2230749
2230778
2231049
2231055
2231200
2231342
2231424
2231499
2231503
2231705
2231711
2231959
2232017
2232039
2232040
2232189
2232213
2232224
2232233
2232395
2232438
2232596
2232607
2232627
2232643
2232860
2233046
2233180
2233278
2233504
2233547
2233550
2233618
2233697
2233804
2233886
2233971
2234061
2234083
2234187
2234275
2234292
2234509
2234742
2234847
2234891
2234919
2234957
2235009
2235037
2235105
2235110
2235205
2235240
2235455
2235472
2235495
2235790
2235836
2235869
2235967
2236014
2236119
2236123
2236319
2236332
2236656
2236842
2236895
2236914
2237123
2237136
2237181
2237245
2237330
2237410
2237658
2237745
2237816
2237820
2237889
2238211
2238435
2238570
2238603
2238607
2238698
2239159
2239161
2239177
2239185
2239389
2239411
2239773
2239843
2239859
2239870
2239944
2240037
2240158
2240201
2240315
2240514
2240518
2240908
2240960
2241050
2241114
2241134
2241146
2241293
2241384
2241450
2241739
2241854
2242027
2242095
2242115
2242352
2242392
2242691
2242727
2242744
2243003
2243034
2243079
2243234
2243370
2243376
2243407
2243481
2243618
2243697
2243774
2244000
2244006
2244227
2244292
2244530
2244592
2244637
2244684
2244743
2244912
2245006
2245031
2245032
2245115
2245156
2245169
2245237
2245382
2245684
2245697
2245940
2245957
2246003
2246063
2246100
2246196
2246218
2246242
2246331
2246360
2246428
2246544
2246557
2246587
2246637
2246720
2246757
2246805
2246884
2246907
2246942
2246993
2247051
2247168
2247183
2247203
2247310
2247463
2247637
2247641
2247717
2247783
2247877
2248145
2248385
2248544
2248676
2248813
2248819
2249010
2249311
2249361
2249520
2249563
2249591
2249825
2249986
2250348
2250443
2250465
2250690
2250697
2250715
2250949
2251063
2251218
2251449
2251809
2251965
2251999
2252060
2252158
2252167
2252169
2252194
2252408
2252488
2252595
2252662
2252664
2252671
2252732
2252799
2252885
2252995
2253094
2253149
2253234
2253236
2253467
2253697
2253909
2254128
2254216
2254258
2254310
2254486
2254555
2254654
2254751
2254792
2254955
2254986
2255140
2255224
2255386
2255463
2255476
2255694
2255695
2255703
2255763
2255784
2255788
2255793
2255858
2255954
2256157
2256271
2256308
2256354
2256369
2256465
2256475
2256498
2256607
2256721
2256914
2256967
2257002
2257068
2257111
2257124
2257278
2257359
2257604
2257668
2257761
2257972
2257981
2258035
2258160
2258368
2258399
2258434
2258450
2258471
2258724
2258902
2258956
2259027
2259159
2259167
2259201
2259357
2259388
2259402
2259484
2259674
2259806
2260018
2260175
2260179
2260237
2260298
2260335
2260353
2260440
2260579
2260591
2260699
2260918
2260979
2261021
2261346
2261357
2261382
2261390
2261391
2261437
2261453
2261559
2261594
2261599
2261635
2261772
2261867
2261941
2261966
2261976
2262072
2262148
2262231
2262366
2262378
2262531
2262636
2262736
2262850
2262873
2263020
2263074
2263175
2263248
2263375
2263467
2263530
2263563
2263602
2263690
2263886
2263990
2264368
2264440
2264460
2264553
2264868
2264949
2264979
2264995
2265133
2265280
2265399
2265471
2265817
2266026
2266040
2266109
2266164
2266281
2266377
2266531
2266630
2266843
2266895
2267199
2267209
2267229
2267336
2267468
2267486
2267613
2267690
2267801
2267815
2267841
2268050
2268114
2268233
2268383
2268394
2268651
2268695
2268826
2268883
2268896
2268935
2268939
2269018
2269056
2269123
2269207
2269309
2269394
2269439
2269514
2269602
2269736
2269868
2269965
2269994
2270013
2270081
2270626
2270682
2270687
2270700
2270756
2270898
2270919
2270948
2270970
2271009
2271038
2271265
2271429
2271469
2271482
2271594
2271784
2271803
2272010
2272038
2272088
2272288
2272314
2272340
2272418
2272513
2272534
2272576
2272662
2272667
2272765
2272803
2272870
2272895
2272901
2272907
2273066
2273094
2273170
2273362
2273458
2273540
2273717
2273994
2273999
2274020
2274150
2274224
2274282
2274328
2274436
2274578
2274596
2274613
2274832
2274899
2274913
2274930
2274994
2275022
2275128
2275151
2275185
2275196
2275227
2275229
2275235
2275376
2275394
2275587
2275916
2276044
2276047
2276102
2276116
2276171
2276241
2276313
2276320
2276389
2276435
2276463
2276488
2276502
2276552
2276624
2276670
2276705
2276909
2277242
2277286
2277361
2277388
2277481
2277496
2277645
2277660
2277719
2277774
2277982
2278428
2278459
2278539
2278555
2278569
2278645
2278647
2278717
2278729
2278882
2278946
2279122
2279165
2279240
2279350
2279497
2279595
2279602
2279605
2279636
2279657
2279735
2279755
2279811
2279960
2279968
2279978
2280006
2280036
2280257
2280264
2280320
2280353
2280414
2280510
2280535
2280563
2280581
2280627
2280710
2280765
2280960
2281019
2281037
2281153
2281162
2281164
2281378
2281551
2281558
2281605
2281634
2281676
2282087
2282177
2282441
2282451
2282525
2282541
2282559
2282632
2282711
2282800
2283085
2283221
2283341
2283440
2283471
2283480
2283491
2283514
2283621
2284042
2284134
2284156
2284273
2284445
2284458
2284481
2284545
2284605
2284706
2284724
2284762
2284772
2284816
2284890
2285052
2285074
2285122
2285214
2285239
2285359
2285597
2285682
2285703
2285833
2285891
2286007
2286023
2286155
2286236
2286274
2286564
2286663
2286729
2286742
2286830
2286861
2286897
2286925
2287131
2287136
2287230
2287271
2287390
2287492
2287633
2287647
2287822
2287866
2287900
2287983
2287984
2288218
2288253
2288285
2288299
2288349
2288452
2288509
2288522
2288934
2289100
2289112
2289139
2289339
2289351
2289418
2289523
2289543
2289545
2289582
2289669
2289755
2289820
2289912
2289971
2289980
2290079
2290117
2290202
2290269
2290272
2290310
2290623
2290728
2290770
2290798
2290816
2290821
2290876
2290997
2291157
2291217
2291320
2291357
2291361
2291433
2291454
2291634
2291840
2291860
2291867
2291915
2292174
2292203
2292514
2292838
2293031
2293044
2293046
2293059
2293296
2293312
2293331
2293414
2293463
2293502
2293519
2293723
2293821
2293870
2294027
2294054
2294121
2294176
2294183
2294283
2294313
2294371
2294372
2294478
2294510
2294540
2294582
2294793
2294901
2295001
2295093
2295099
2295270
2295416
2295519
2295524
2295546
2295605
2295639
2295659
2295711
2295796
2295885
2296198
2296559
2296649
2296655
2296699
2296734
2296764
2296781
2296811
2296957
2296963
2297160
2297228
2297246
2297252
2297324
2297339
2297384
2297469
2297656
2297703
2297772
2297864
2297872
2297911
2297953
2298088
2298132
2298135
2298207
2298246
2298451
2298482
2298517
2298538
2298615
2298783
2298829
2298910
2298984
2299025
2299071
2299093
2299161
2299240
2299340
2299368
2299394
2299629
2299818
2300031
2300049
2300138
2300173
2300182
2300213
2300304
2300311
2300325
2300353
2300413
2300429
2300743
2300755
2300938
2301098
2301292
2301515
2301571
2301836
2301875
2302004
2302023
2302041
2302054
2302158
2302162
2302364
2302379
2302395
2302416
2302450
2302524
2302544
2302589
2302685
2302789
2302813
2302942
2302970
2303031
2303047
2303184
2303193
2303214
2303226
2303286
2303289
2303440
2303463
2303642
2303738
2303761
2303770
2303809
2303811
2303909
2303947
2303999
2304051
2304180
2304183
2304341
2304665
2304681
2304845
2304867
2304955
2305011
2305080
2305328
2305418
2305589
2305630
2305687
2305880
2306044
2306118
2306175
2306236
2306351
2306352
2306632
2306739
2307156
2307170
2307415
2307443
2307492
2307556
2307589
2307725
2307785
2307830
2307941
2307965
2307992
2308000
2308142
2308153
2308213
2308249
2308342
2308424
2308447
2308597
2308620
2308629
2308718
2308730
2308745
2309016
2309045
2309069
2309148
2309310
2309469
2309852
2309928
2309960
2309967
2310027
2310038
2310086
2310088
2310275
2310451
2310469
2311058
2311117
2311158
2311284
2311412
2311428
2311670
2311775
2311780
2311897
2311947
2311981
2312040
2312219
2312240
2312571
2312650
2312797
2312876
2312907
2312910
2313060
2313108
2313283
2313319
2313409
2313502
2313623
2313767
2313777
2313872
2314217
2314258
2314381
2314417
2314582
2314628
2314770
2314776
2314822
2314999
2315035
2315078
2315161
2315187
2315341
2315353
2315357
2315368
2315439
2315565
2315590
2315610
2315692
2315711
2315728
2315801
2315893
2315902
2315983
2315993
2316187
2316424
2316501
2316699
2316768
2317044
2317142
2317312
2317427
2317492
2317522
2317627
2317727
2317730
2317929
2317947
2317996
2318049
2318158
2318206
2318497
2318687
2318688
2318693
2318705
2318758
2318776
2318798
2318950
2318953
2319007
2319027
2319049
2319184
2319271
2319300
2319313
2319443
2319516
2319534
2319638
2319745
2319766
2319920
2319996
2320512
2320686
2320688
2320696
2320697
2320792
2320990
2321205
2321232
2321377
2321421
2321487
2321495
2321557
2321871
2321955
2322233
2322260
2322278
2322354
2322449
2322457
2322508
2322566
2322644
2322911
2322999
2323001
2323012
2323102
2323340
2323431
2323517
2323610
2323626
2323707
2323919
2323934
2324163
2324361
2324483
2324536
2324589
2324605
2324626
2324665
2324804
2325243
2325304
2325813
2325819
2325919
2325944
2326027
2326084
2326115
2326186
2326263
2326483
2326520
2326578
2326821
2326862
2326905
2326999
2327093
2327197
2327250
2327303
2327318
2327505
2327615
2327642
2327799
2327818
2327831
2327834
2327928
2327934
2327949
2328045
2328063
2328315
2328449
2328571
2328902
2328903
2329138
2329208
2329260
2329552
2329666
2329715
2329794
2329910
2329925
2330109
2330169
2330195
2330372
2330490
2330699
2330723
2330733
2330775
2330800
2330847
2330893
2330942
2331026
2331082
2331111
2331192
2331409
2331472
2331480
2331582
2331766
2331947
2332122
2332148
2332257
2332262
2332270
2332288
2332309
2332374
2332447
2332762
2332790
2332863
2332875
2332966
2333071
2333095
2333139
2333333
2333448
2333518
2333587
2333799
2333944
2333947
2334052
2334085
2334183
2334252
2334335
2334497
2334622
2334677
2334762
2334770
2335003
2335011
2335156
2335180
2335349
2335466
2335559
2335630
2335741
2335758
2335826
2335835
2335852
2336144
2336171
2336248
2336393
2336429
2336439
2336511
2336553
2336558
2336567
2336823
2336949
2336999
2337014
2337044
2337143
2337157
2337187
2337194
2337236
2337267
2337403
2337443
2337609
2337614
2337643
2337792
2337798
2337981
2338017
2338141
2338294
2338566
2338680
2338791
2338957
2339050
2339061
2339063
2339067
2339550
2339736
2339739
2339785
2339909
2339926
2339974
2340037
2340058
2340070
2340192
2340360
2340464
2340501
2340643
2340684
2340763
2340791
2340913
2340921
2340982
2340986
2341047
2341510
2341546
2341682
2341840
2341862
2341958
2342094
2342186
2342199
2342564
2342726
2342776
2342894
2342974
2343204
2343278
2343444
2343455
2343490
2343582
2343627
2343638
2343674
2343686
2343781
2343933
2344178
2344225
2344226
2344228
2344231
2344244
2344455
2344644
2344691
2344702
2344756
2344767
2344785
2344791
2344817
2344879
2344992
2345072
2345092
2345353
2345364
2345439
2345683
2345763
2345831
2345902
2345947
2346130
2346339
2346361
2346437
2346476
2346522
2346542
2346700
2346779
2346891
2346894
2347017
2347043
2347074
2347508
2347537
2347614
2347758
2347797
2348056
2348102
2348124
2348149
2348194
2348222
2348255
2348627
2348638
2348647
2348684
2348821
2348914
2348954
2349176
2349413
2349526
2349586
2349667
2349714
2349859
2349869
2350290
2350323
2350733
2350801
2350840
2350888
2350946
2350954
2351452
2351495
2351655
2351661
2351925
2351927
2352088
2352111
2352485
2352548
2352704
2352720
2352738
2352785
2352864
2352873
2352906
2353028
2353063
2353234
2353251
2353362
2353429
2353572
2353636
2353935
2353988
2354058
2354063
2354456
2354476
2354541
2354581
2354744
2354841
2354896
2354898
2355064
2355110
2355412
2355511
2355624
2355647
2355904
2355932
2355955
2355970
2355996
2356023
2356053
2356117
2356379
2356633
2356767
2356935
2356943
2356951
2356990
2357056
2357063
2357257
2357308
2357356
2357420
2357491
2357602
2357635
2357748
2357764
2357775
2357835
2357836
2357866
2357891
2357962
2358061
2358252
2358333
2358417
2358531
2358629
2358782
2359028
2359094
2359171
2359287
2359331
2359368
2359429
2359580
2359604
2359619
2359628
2359799
2359995
2360310
2360502
2360519
2360842
2360854
2360907
2360966
2360997
2361200
2361211
2361238
2361275
2361333
2361404
2361538
2361584
2361864
2361991
2362104
2362128
2362164
2362289
2362308
2362408
2362989
2363121
2363159
2363213
2363519
2363754
2363808
2363815
2363902
2364012
2364035
2364068
2364087
2364111
2364281
2364570
2364575
2364691
2364770
2364797
2364944
2365100
2365116
2365205
2365241
2365553
2365620
2365833
2366024
2366386
2366416
2366457
2366498
2366512
2366530
2366556
2366625
2366747
2366767
2366780
2366925
2366948
2367043
2367094
2367099
2367103
2367170
2367233
2367450
2367456
2367602
2367626
2367647
2367825
2368171
2368221
2368222
2368281
2368389
2368502
2368526
2368534
2368539
2368564
2368565
2368648
2368679
2368747
2368778
2368844
2368868
2368922
2369025
2369027
2369029
2369187
2369188
2369189
2369502
2369505
2369526
2369547
2369681
2369711
2369760
2369802
2369992
2370040
2370084
2370545
2370677
2370740
2370894
2370918
2371077
2371094
2371163
2371164
2371166
2371172
2371174
2371225
2371401
2371490
2371648
2371670
2372045
2372207
2372241
2372496
2372505
2372572
2372585
2372587
2372662
2372676
2373138
2373307
2373481
2373663
2373767
2373865
2373888
2374017
2374206
2374213
2374232
2374421
2374754
2374801
2374871
2374935
2375265
2375344
2375380
2375414
2375478
2375485
2375501
2375541
2375721
2375745
2375873
2376110
2376231
2376240
2376453
2376460
2376470
2376605
2376758
2376892
2377057
2377138
2377190
2377280
2377287
2377342
2377495
2377626
2378075
2378089
2378218
2378490
2378501
2378524
2378553
2378735
2378825
2378840
2378902
2379026
2379049
2379082
2379124
2379223
2379380
2379445
2379628
2379826
2379963
2379976
2380120
2380124
2380278
2380357
2380396
2380417
2380606
2380618
2380789
2380831
2380888
2380899
2381132
2381133
2381559
2381639
2381778
2381915
2382242
2382283
2382347
2382465
2382594
2382666
2382817
2383042
2383273
2383343
2383356
2383473
2383845
2384027
2384054
2384303
2384502
2384515
2384563
2384596
2384875
2384980
2385063
2385227
2385261
2385347
2385473
2385575
2385579
2385894
2386033
2386109
2386156
2386221
2386276
2386284
2386396
2386422
2386698
2386888
2387028
2387078
2387172
2387215
2387230
2387330
2387417
2387455
2387478
2387797
2387888
2388067
2388429
2388480
2388494
2388794
2388904
2388915
2388933
2388983
2389000
2389041
2389576
2389694
2389758
2389805
2389809
2389930
2390077
2390163
2390186
2390255
2390333
2390392
2390406
2390657
2390665
2390687
2390720
2390742
2390918
2391001
2391190
2391216
2391226
2391338
2391350
2391375
2391465
2391534
2391672
2391732
2391756
2391803
2391813
2391855
2391939
2392163
2392273
2392727
2392728
2392902
2393112
2393219
2393248
2393250
2393444
2393510
2393699
2393726
2393753
2393777
2393846
2394084
2394163
2394228
2394332
2394446
2394495
2394515
2394638
2394642
2394671
2394711
2395024
2395053
2395198
2395237
2395285
2395325
2395360
2395777
2395872
2396010
2396082
2396210
2396322
2396328
2396353
2396392
2396524
2396571
2396596
2396653
2396675
2396776
2396943
2396950
2396965
2396993
2397004
2397243
2397400
2397422
2397584
2397666
2397784
2397932
2398049
2398203
2398506
2398513
2398611
2398720
2398854
2399050
2399305
2399367
2399532
2399611
2399677
2399713
2399974
2400141
2400331
2400564
2400586
2400613
2400631
2400683
2400708
2400724
2400774
2400862
2400889
2400893
2401011
2401055
2401109
2401237
2401272
2401354
2401580
2401590
2401638
2401735
2401771
2401832
2401850
2402145
2402158
2402223
2402240
2402355
2402761
2402836
2402995
2402999
2403173
2403255
2403408
2403473
2403490
2403511
2403587
2403681
2403694
2403907
2403934
2404094
2404276
2404307
2404327
2404364
2404583
2404690
2404748
2404771
2404789
2404878
2404884
2404906
2404928
2404944
2405063
2405085
2405448
2405486
2405628
2405839
2405860
2405933
2405963
2406011
2406060
2406082
2406090
2406135
2406206
2406217
2406241
2406323
2406379
2406394
2406503
2406504
2406534
2406535
2406593
2406644
2406726
2406854
2406859
2406928
2406970
2406971
2407136
2407207
2407266
2407284
2407365
2407423
2407478
2407486
2407505
2407527
2407582
2407588
2407717
2407787
2407851
2408009
2408029
2408110
2408172
2408303
2408343
2408373
2408379
2408452
2408523
2408664
2408857
2409052
2409373
2409426
2409478
2409521
2409645
2409799
2409800
2409805
2410107
2410401
2410412
2410443
2410475
2410687
2410724
2410908
2410984
2410998
2411013
2411174
2411207
2411239
2411356
2411385
2411500
2411597
2411732
2411805
2412110
2412133
2412344
2412411
2412512
2412533
2412545
2412591
2412669
2412710
2412777
2412925
2413007
2413022
2413051
2413138
2413207
2413230
2413265
2413503
2413609
2413755
2413792
2413832
2413959
2413973
2414051
2414114
2414279
2414372
2414746
2414755
2414901
2414939
2415038
2415193
2415241
2415248
2415314
2415435
2415466
2415475
2415563
2415634
2415661
2415761
2415893
2415894
2416117
2416217
2416366
2416403
2416472
2416485
2416654
2416774
2416826
2416876
2416889
2417397
2417408
2417547
2417568
2417588
2417703
2417862
2417873
2417874
2417891
2417982
2418083
2418112
2418268
2418293
2418296
2418338
2418544
2418609
2418672
2418792
2418930
2418964
2419223
2419239
2419262
2419449
2419690
2419817
2419891
2419945
2420070
2420098
2420201
2420268
2420364
2420570
2420602
2420675
2420719
2420757
2420777
2421001
2421039
2421120
2421174
2421336
2421375
2421940
2422052
2422102
2422133
2422228
2422236
2422295
2422499
2422527
2422663
2422763
2422812
2422844
2422845
2423065
2423350
2423500
2423646
2423675
2423891
2423983
2424072
2424080
2424087
2424127
2424195
2424328
2424361
2424746
2424775
2424831
2425185
2425433
2425484
2425487
2425557
2425559
2425712
2425788
2425796
2425977
2426100
2426134
2426289
2426329
2426361
2426372
2426450
2426538
2426545
2426582
2426589
2426758
2426860
2426875
2426886
2426901
2426962
2426987
2427014
2427037
2427067
2427199
2427218
2427270
2427274
2427282
2427348
2427448
2427493
2427585
2427720
2427723
2427955
2428043
2428226
2428327
2428717
2428723
2428761
2428906
2428949
2428975
2429009
2429023
2429123
2429319
2429494
2429588
2429642
2429830
2429870
2430036
2430051
2430282
2430338
2430401
2430598
2431066
2431103
2431231
2431258
2431381
2431934
2431959
2432068
2432241
2432369
2432811
2432838
2432846
2432847
2432878
2432936
2432947
2432992
2433089
2433098
2433299
2433656
2433698
2433702
2433928
2434150
2434190
2434219
2434440
2434572
2434577
2434578
2434613
2434643
2434788
2434830
2434866
2434868
2434905
2435057
2435210
2435236
2435388
2435389
2435644
2435655
2435729
2435755
2435770
2435944
2435978
2436062
2436125
2436167
2436224
2436343
2436468
2436501
2436554
2436762
2436813
2436860
2436889
2436913
2437051
2437054
2437092
2437423
2437445
2437518
2437592
2437609
2437879
2437995
2438179
2438201
2438409
2438472
2438561
2438566
2438713
2438745
2438748
2438810
2438908
2439003
2439048
2439119
2439352
2439398
2439493
2439643
2439647
2439746
2439994
2440057
2440062
2440181
2440341
2440608
2440750
2440807
2440824
2441271
2441340
2441400
2441405
2441443
2441532
2441708
2441800
2441803
2441980
2442031
2442058
2442061
2442078
2442079
2442202
2442224
2442228
2442266
2442365
2442412
2442431
2442451
2442595
2443013
2443080
2443082
2443094
2443106
2443109
2443148
2443194
2443299
2443400
2443526
2443578
2443615
2443840
2443866
2443951
2443959
2443988
2444019
2444126
2444165
2444169
2444250
2444306
2444321
2444364
2444482
2444492
2444530
2444541
2444565
2444587
2444642
2444752
2444854
2444860
2444944
2445001
2445004
2445019
2445105
2445172
2445204
2445241
2445636
2445839
2445988
2446143
2446190
2446231
2446333
2446354
2446404
2446430
2446527
2446552
2446559
2446592
2446638
2446701
2446733
2446907
2447018
2447026
2447034
2447074
2447091
2447100
2447127
2447143
2447187
2447343
2447416
2447636
2447702
2447845
2447856
2447885
2448087
2448111
2448266
2448289
2448344
2448577
2448592
2448624
2448984
2449095
2449214
2449255
2449272
2449325
2449559
2449772
2449811
2450022
2450186
2450289
2450315
2450427
2450514
2450560
2450570
2450675
2450886
2450975
2451055
2451463
2451748
2451790
2451792
2451896
2451970
2451972
2452012
2452019
2452129
2452138
2452328
2452340
2452389
2452413
2452493
2452726
2452730
2452739
2452791
2452854
2452861
2452874
2452995
2453132
2453191
2453255
2453296
2453317
2453541
2453560
2453606
2453631
2453635
2453707
2453724
2453777
2454026
2454049
2454079
2454127
2454134
2454221
2454281
2454426
2454573
2454580
2454625
2454644
2454651
2454875
2454884
2455011
2455053
2455070
2455200
2455245
2455275
2455363
2455480
2455502
2455605
2455691
2455704
2455809
2455823
2455840
2456034
2456102
2456197
2456272
2456306
2456310
2456485
2456496
2456501
2456511
2456522
2456534
2456548
2456626
2456729
2457035
2457092
2457110
2457220
2457244
2457352
2457378
2457379
2457400
2457440
2457514
2457547
2457636
2457788
2457794
2457847
2457909
2458207
2458279
2458285
2458384
2458483
2458585
2458656
2458800
2458990
2459052
2459078
2459125
2459284
2459400
2459523
2459605
2459736
2459901
2460023
2460126
2460171
2460247
2460303
2460442
2460462
2460466
2460636
2460776
2460857
2460996
2461118
2461133
2461141
2461143
2461150
2461217
2461484
2461555
2461663
2461780
2462063
2462132
2462296
2462506
2462748
2462751
2462766
2462897
2463019
2463208
2463318
2463420
2463621
2463909
2464110
2464180
2464208
2464250
2464318
2464413
2464444
2464452
2464481
2464715
2464752
2464837
2464883
2464946
2465003
2465051
2465434
2465451
2465488
2465505
2465514
2465708
2465878
2465978
2465987
2465990
2466194
2466256
2466282
2466291
2466363
2466440
2466717
2466900
2467119
2467371
2467392
2467393
2467412
2467644
2467737
2468075
2468082
2468172
2468301
2468357
2468473
2468785
2468837
2469014
2469050
2469288
2469559
2469581
2469903
2470253
2470379
2470407
2470424
2470747
2470856
2470863
2470899
2471031
2471081
2471155
2471163
2471201
2471228
2471310
2471349
2471445
2471812
2471889
2472028
2472097
2472147
2472258
2472262
2472303
2472320
2472330
2472709
2472872
2472892
2472927
2472943
2472957
2472967
2473013
2473206
2473259
2473260
2473356
2473423
2473434
2473486
2473766
2473775
2473945
2473972
2474031
2474098
2474199
2474306
2474520
2474824
2474851
2474856
2474892
2475151
2475336
2475460
2475588
2475698
2475725
2475818
2475886
2475920
2475954
2476131
2476284
2476393
2476432
2476474
2476656
2476825
2476941
2477165
2477190
2477233
2477257
2477338
2477348
2477401
2477487
2477597
2477684
2477892
2477931
2478170
2478175
2478225
2478231
2478246
2478379
2478594
2478660
2478712
2478749
2478786
2478823
2478927
2478941
2478983
2479029
2479191
2479213
2479221
2479255
2479287
2479325
2479448
2479470
2479494
2479518
2479594
2479608
2479618
2479629
2479645
2479936
2480206
2480449
2480456
2480470
2480480
2480614
2480888
2480900
2480911
2480921
2481137
2481250
2481282
2481360
2481413
2481473
2481545
2481576
2481619
2481754
2481852
2481880
2481895
2481903
2482073
2482078
2482380
2482402
2482706
2482769
2483255
2483390
2483462
2483476
2483565
2483706
2483721
2483734
2483740
2483773
2483848
2483853
2483860
2483862
2483893
2484165
2484166
2484202
2484228
2484306
2484399
2484405
2484437
2484439
2484496
2484615
2484640
2484725
2484774
2484782
2484838
2484913
2484953
2485051
2485111
2485122
2485131
2485153
2485413
2485543
2485620
2485648
2486008
2486019
2486208
2486356
2486414
2486461
2486548
2486790
2486796
2486823
2486824
2486918
2486919
2486941
2486969
2486970
2486998
2487067
2487275
2487307
2487394
2487543
2487589
2487649
2487769
2487784
2487880
2488077
2488090
2488100
2488204
2488287
2488317
2488326
2488385
2488609
2488664
2488716
2488793
2488928
2489132
2489143
2489252
2489391
2489400
2489412
2489414
2489425
2489442
2489554
2489694
2489761
2489782
2489794
2489823
2489851
2490144
2490209
2490262
2490430
2490518
2490527
2490686
2490825
2490992
2491016
2491025
2491028
2491085
2491104
2491133
2491176
2491207
2491279
2491322
2491392
2491436
2491559
2491589
2491604
2491621
2491644
2491719
2491732
2491907
2492100
2492125
2492141
2492181
2492210
2492246
2492322
2492373
2492466
2492569
2492615
2492672
2492683
2492746
2492793
2492807
2492820
2492840
2492951
2492992
2493222
2493466
2493516
2493702
2493704
2493791
2494049
2494086
2494115
2494148
2494150
2494342
2494570
2494710
2494715
2494906
2495516
2495585
2495711
2495761
2495924
2496135
2496578
2496743
2496872
2496901
2496974
2496976
2497020
2497049
2497054
2497305
2497453
2497517
2497768
2497802
2498182
2498210
2498309
2498317
2498357
2498535
2498571
2498682
2498685
2498689
2498764
2498815
2498816
2498826
2498842
2498913
2499022
2499067
2499085
2499162
2499181
2499246
2499267
2499299
2499344
2499474
2499657
2499664
2499714
2499790
2499971
2500139
2500160
2500169
2500550
2500559
2500631
2500676
2500741
2500753
2500979
2501230
2501268
2501401
2501523
2501660
2501742
2501759
2501770
2501771
2501831
2501882
2502080
2502156
2502205
2502310
2502384
2502408
2502459
2502485
2502539
2502728
2502756
2502773
2502779
2502807
2502938
2503100
2503103
2503110
2503307
2503462
2503467
2503689
2503745
2503763
2503914
2504022
2504044
2504054
2504090
2504091
2504180
2504232
2504309
2504408
2504413
2504477
2504662
2504665
2504838
2504905
2504927
2504971
2504978
2505155
2505230
2505374
2505467
2505499
2505567
2505642
2505708
2505765
2505896
2505917
2505962
2506078
2506161
2506203
2506248
2506351
2506468
2506564
2506587
2506673
2506790
2506810
2506894
2506955
2507029
2507035
2507111
2507269
2507410
2507480
2507488
2507547
2507619
2507757
2507832
2507912
2508170
2508453
2508620
2508792
2509046
2509128
2509200
2509226
2509337
2509358
2509415
2509453
2509601
2509752
2509872
2509968
2510000
2510129
2510177
2510388
2510502
2510567
2510588
2510607
2510654
2510756
2510782
2510786
2510840
2510852
2510930
2511199
2511641
2511819
2511854
2511858
2511882
2511963
2512006
2512028
2512121
2512178
2512212
2512305
2512531
2512646
2513074
2513080
2513115
2513231
2513250
2513442
2513562
2513757
2513952
2513962
2513965
2514038
2514167
2514257
2514260
2514296
2514298
2514475
2514617
2514757
2514906
2515180
2515293
2515311
2515366
2515392
2515429
2515653
2515868
2516174
2516263
2516341
2516551
2516558
2516672
2516691
2516773
2516776
2516894
2517014
2517053
2517093
2517113
2517170
2517371
2517376
2517539
2517543
2517585
2517750
2517794
2517939
2517957
2518070
2518114
2518165
2518170
2518401
2518488
2518706
2518735
2518993
2519012
2519079
2519136
2519278
2519373
2519476
2519531
2519583
2519588
2519609
2519644
2519657
2519682
2519772
2519791
2519796
2519824
2519860
2519865
2519870
2519914
2519957
2520021
2520031
2520204
2520235
2520348
2520360
2520462
2520531
2520594
2520643
2520649
2520732
2520820
2520825
2520905
2520971
2521050
2521072
2521089
2521186
2521231
2521443
2521458
2521532
2521801
2521824
2521951
2522019
2522042
2522071
2522090
2522128
2522243
2522349
2522404
2522442
2522450
2522481
2522513
2522536
2522755
2522806
2522820
2522892
2522987
2522992
2523064
2523173
2523272
2523415
2523420
2523454
2523463
2523498
2523606
2523698
2523733
2523744
2523849
2523912
2523932
2523943
2524081
2524289
2524334
2524386
2524595
2524723
2524835
2525060
2525139
2525351
2525488
2525500
2525509
2525579
2525755
2525991
2526077
2526142
2526168
2526179
2526246
2526312
2526524
2526610
2526708
2526719
2526765
2526774
2526949
2527276
2527418
2527543
2527544
2527591
2527744
2527963
2528036
2528140
2528299
2528367
2528440
2528466
2528652
2528723
2528833
2528997
2529029
2529119
2529472
2529478
2529496
2529524
2529597
2529604
2529875
2529920
2529921
2529931
2529939
2530285
2530399
2530509
2530620
2530844
2530901
2530946
2531092
2531094
2531100
2531277
2531526
2531573
2531688
2531727
2531765
2531787
2531808
2531916
2531928
2532030
2532157
2532197
2532218
2532351
2532370
2532484
2532667
2532733
2532736
2532760
2532772
2532839
2533012
2533199
2533253
2533362
2533371
2533446
2533502
2533800
2533909
2534102
2534191
2534247
2534294
2534309
2534395
2534612
2534632
2534694
2534800
2534894
2535013
2535094
2535237
2535318
2535356
2535417
2535419
2535444
2535464
2535569
2535577
2535658
2535731
2535748
2535866
2535963
2536213
2536296
2536298
2536465
2536537
2536582
2536703
2536865
2536921
2536924
2536961
2537202
2537267
2537294
2537376
2537456
2537503
2537539
2537564
2537710
2537724
2537787
2537838
2537859
2537957
2537998
2538005
2538028
2538220
2538324
2538504
2538526
2538767
2538792
2538852
2538855
2538857
2538955
2538981
2538995
2539072
2539157
2539187
2539232
2539243
2539369
2539461
2539620
2539690
2539766
2539788
2539939
2539944
2539980
2540090
2540272
2540299
2540340
2540399
2540518
2540595
2540646
2540690
2540865
2540875
2540909
2540914
2540937
2541043
2541052
2541077
2541148
2541267
2541352
2541497
2541506
2541511
2541577
2541608
2541658
2541667
2541773
2541798
2541883
2541998
2542019
2542029
2542053
2542091
2542159
2542240
2542383
2542454
2542691
2542816
2542871
2542955
2543047
2543453
2543577
2543820
2543942
2543960
2544028
2544085
2544092
2544266
2544411
2544427
2544449
2544459
2544477
2544512
2544523
2544638
2544748
2544790
2544811
2544868
2544875
2544902
2544911
2545141
2545249
2545255
2545334
2545339
2545462
2545545
2545576
2545702
2545750
2545807
2545899
2545939
2546114
2546150
2546152
2546212
2546347
2546384
2546415
2546588
2546592
2546613
2546639
2546711
2546721
2546846
2547012
2547052
2547118
2547159
2547333
2547349
2547365
2547368
2547429
2547438
2547450
2547466
2547549
2547620
2547708
2547726
2547909
2547926
2548019
2548101
2548186
2548194
2548457
2548508
2548519
2548536
2548573
2548635
2548710
2548722
2548723
2548733
2548780
2548859
2548869
2548915
2548917
2548947
2548958
2549000
2549068
2549106
2549349
2549367
2549428
2549490
2549583
2549906
2549999
2550004
2550005
2550105
2550293
2550356
2550376
2550473
2550476
2550594
2550631
2550710
2550751
2550843
2550910
2550953
2550980
2551085
2551202
2551203
2551282
2551359
2551406
2551600
2551692
2551858
2551910
2552004
2552124
2552142
2552151
2552232
2552467
2552675
2552680
2552740
2552947
2553062
2553101
2553148
2553203
2553218
2553280
2553334
2553469
2553613
2553640
2553676
2553849
2553861
2553951
2554012
2554142
2554206
2554221
2554242
2554323
2554366
2554399
2554406
2554436
2554511
2554532
2554555
2554603
2554614
2554618
2554638
2554665
2554836
2554937
2554994
2555155
2555181
2555480
2555541
2555555
2555607
2555618
2555674
2555740
2555770
2555772
2555916
2555945
2556022
2556032
2556115
2556136
2556235
2556425
2556458
2556581
2556862
2556926
2556958
2556972
2556974
2557467
2557479
2557618
2557676
2557810
2557983
2558078
2558198
2558294
2558392
2558459
2558478
2558585
2558678
2558705
2558710
2558732
2558800
2558830
2559009
2559082
2559444
2559468
2559593
2559595
2559653
2559732
2559864
2559896
2560152
2560199
2560207
2560254
2560299
2560389
2560403
2560463
2560493
2560523
2560658
2560921
2560936
2560937
2560986
2561121
2561165
2561239
2561325
2561469
2561562
2561583
2561718
2561740
2561867
2561929
2561954
2561980
2562025
2562063
2562179
2562273
2562287
2562317
2562332
2562506
2562605
2562964
2562992
2563059
2563137
2563170
2563250
2563362
2563380
2563413
2563461
2563703
2564029
2564070
2564129
2564177
2564280
2564324
2564380
2564474
2564543
2564572
2564584
2564698
2564902
2565098
2565132
2565268
2565282
2565306
2565380
2565504
2565508
2565534
2565550
2565807
2565821
2565976
2566046
2566063
2566285
2566300
2566599
2566635
2566698
2566734
2566972
2567017
2567034
2567079
2567166
2567249
2567297
2567407
2567409
2567412
2567438
2567463
2567471
2567480
2567535
2567587
2567651
2567777
2567895
2567923
2568103
2568157
2568161
2568312
2568345
2568367
2568466
2568588
2568622
2568705
2568752
2568844
2568913
2569390
2569408
2569441
2569480
2569588
2569600
2569681
2569719
2569931
2570032
2570166
2570448
2570453
2570651
2570658
2570747
2570863
2570946
2571031
2571135
2571378
2571449
2571530
2571586
2571609
2571768
2572165
2572189
2572283
2572285
2572317
2572395
2572695
2572744
2572826
2572867
2572906
2572984
2573002
2573018
2573110
2573111
2573214
2573220
2573245
2573251
2573359
2573431
2573497
2573537
2573784
2573904
2573940
2574180
2574362
2574476
2574499
2574881
2574917
2574951
2574968
2574977
2575019
2575062
2575073
2575213
2575523
2575817
2575932
2576190
2576330
2576363
2576403
2576432
2576488
2576535
2576557
2576598
2576635
2576646
2576731
2577081
2577210
2577247
2577272
2577674
2577886
2578212
2578253
2578550
2578559
2578590
2578617
2578691
2578809
2578846
2578894
2578946
2578984
2579126
2579178
2579251
2579280
2579328
2579415
2579666
2579944
2580000
2580001
2580333
2580553
2580744
2580785
2580848
2580974
2581037
2581048
2581190
2581280
2581511
2581581
2581619
2581688
2581713
2581731
2581748
2582000
2582015
2582020
2582219
2582225
2582240
2582532
2582570
2582843
2582953
2582959
2583005
2583139
2583316
2583341
2583514
2583520
2583565
2583653
2583656
2583692
2583772
2583874
2583905
2584092
2584184
2584257
2584333
2584627
2584692
2584769
2584799
2585146
2585303
2585354
2585398
2585439
2585501
2585540
2585549
2585561
2585899
2586103
2586123
2586139
2586156
2586295
2586300
2586318
2586398
2586410
2586594
2586641
2586764
2586803
2586994
2587017
2587039
2587125
2587162
2587232
2587251
2587446
2587464
2587537
2587756
2587785
2587972
2588033
2588035
2588143
2588161
2588241
2588257
2588275
2588324
2588410
2588548
2588557
2588675
2588715
2588765
2588937
2589130
2589135
2589206
2589228
2589429
2589625
2589660
2589661
2589755
2589954
2590183
2590191
2590211
2590303
2590517
2590532
2590575
2590929
2590961
2590979
2591188
2591293
2591419
2591624
2591773
2591947
2592124
2592245
2592253
2592324
2592350
2592422
2592481
2592604
2592612
2592725
2592795
2592814
2592825
2592909
2592931
2592953
2593041
2593444
2593539
2593616
2593779
2593834
2593901
2593910
2593930
2593981
2594093
2594151
2594214
2594454
2594481
2594523
2594810
2594937
2594957
2594963
2595101
2595173
2595229
2595300
2595308
2595353
2595479
2595653
2595743
2595745
2595774
2595935
2596010
2596026
2596104
2596186
2596304
2596308
2596425
2596447
2596455
2596709
2596770
2596999
2597053
2597203
2597238
2597386
2597426
2597639
2597768
2597825
2597875
2597923
2597946
2598010
2598033
2598388
2598770
2598904
2598937
2598942
2598959
2599054
2599156
2599311
2599353
2599359
2599363
2599445
2599448
2599558
2599594
2599637
2599920
2599983
2600009
2600017
2600129
2600317
2600436
2600443
2600475
2600600
2600616
2600675
2600736
2600794
2600934
2601022
2601200
2601256
2601280
2601282
2601307
2601511
2601608
2601700
2601717
2601755
2601783
2602299
2602343
2602533
2602641
2602809
2602894
2602939
2603041
2603080
2603150
2603463
2603502
2603542
2603585
2603925
2604195
2604312
2604335
2604666
2604753
2604768
2604975
2605017
2605069
2605072
2605222
2605342
2605454
2605578
2605613
2605614
2605632
2605798
2605826
2605849
2606093
2606095
2606208
2606288
2606428
2606484
2606607
2606756
2606842
2606850
2606880
2606930
2606964
2606987
2607030
2607538
2607576
2607577
2607677
2607808
2607835
2607981
2608015
2608087
2608108
2608263
2608271
2608631
2608654
2608689
2608740
2608910
2609002
2609077
2609094
2609226
2609233
2609238
2609375
2609415
2609441
2609466
2609659
2609682
2609704
2609921
2610042
2610048
2610065
2610115
2610215
2610313
2610339
2610427
2610530
2610648
2610774
2610988
2611191
2611298
2611379
2611472
2611586
2611636
2611809
2611851
2611856
2611880
2611919
2611925
2612017
2612048
2612163
2612185
2612249
2612260
2612340
2612344
2612391
2612568
2612644
2612732
2612777
2612798
2612801
2612834
2612836
2612956
2613080
2613138
2613170
2613172
2613179
2613196
2613225
2613259
2613333
2613338
2613353
2613361
2613384
2613442
2613450
2613628
2613768
2613890
2613997
2614040
2614164
2614169
2614302
2614304
2614481
2614508
2614534
2614579
2614708
2614744
2614803
2615026
2615318
2615412
2615602
2615679
2615763
2615875
2615921
2615927
2615934
2616101
2616173
2616217
2616250
2616261
2616309
2616591
2616612
2616857
2616876
2616900
2617006
2617223
2617247
2617290
2617336
2617441
2617477
2617487
2617524
2617543
2617739
2617757
2617769
2617800
2617917
2617950
2618104
2618152
2618318
2618412
2618440
2618453
2618688
2618828
2618891
2619211
2619288
2619329
2619367
2619401
2619448
2619456
2619547
2619571
2619629
2619967
2619984
2620003
2620063
2620166
2620217
2620373
2620408
2620467
2620495
2620638
2620667
2620671
2620828
2620911
2620921
2620948
2620986
2620996
2621099
2621190
2621279
2621519
2621682
2621693
2621715
2621743
2621753
2621798
2621815
2621913
2621993
2622012
2622045
2622267
2622380
2622503
2622572
2622596
2622695
2622833
2623175
2623232
2623370
2623381
2623397
2623426
2623600
2624017
2624295
2624502
2624702
2624728
2624967
2624996
2625015
2625029
2625325
2625508
2625660
2625821
2625838
2625866
2625901
2625911
2625960
2626101
2626508
2626569
2626667
2626959
2627236
2627262
2627361
2627366
2627472
2627585
2627694
2627760
2628033
2628055
2628059
2628099
2628148
2628300
2628339
2628378
2628381
2628428
2628565
2628657
2628692
2628693
2628902
2628971
2629029
2629631
2629813
2629814
2629955
2629969
2629996
2630004
2630060
2630176
2630266
2630312
2630410
2630464
2630476
2630852
2630863
2630885
2630889
2631020
2631138
2631172
2631265
2631306
2631308
2631438
2631629
2631738
2631859
2631967
2631987
2632019
2632210
2632499
2632501
2632518
2632523
2632524
2632585
2632731
2632747
2633238
2633278
2633372
2633518
2633600
2633611
2633748
2633751
2633786
2633823
2633841
2633862
2633863
2633980
2634015
2634069
2634171
2634214
2634237
2634259
2634373
2634514
2634677
2634693
2634748
2634786
2634790
2634914
2634954
2634992
2635029
2635055
2635133
2635211
2635309
2635311
2635365
2635423
2635568
2635621
2635738
2635780
2635800
2635814
2636004
2636172
2636248
2636297
2636342
2636420
2636511
2636798
2636881
2636944
2636952
2637208
2637225
2637256
2637348
2637379
2637474
2637516
2637602
2637606
2637614
2637659
2637670
2637685
2637828
2637906
2637935
2638011
2638100
2638127
2638237
2638344
2638467
2638520
2638551
2638566
2638573
2638646
2638708
2638773
2639188
2639418
2639433
2639439
2639589
2639625
2639635
2639644
2639646
2639733
2639758
2639916
2639986
2640028
2640030
2640159
2640163
2640236
2640257
2640301
2640363
2640377
2640443
2640479
2640744
2640859
2640947
2641034
2641163
2641186
2641195
2641323
2641345
2641418
2641496
2641827
2642021
2642039
2642147
2642188
2642216
2642282
2642355
2642366
2642400
2642409
2642422
2642441
2642586
2642716
2642720
2642803
2642806
2643006
2643044
2643092
2643207
2643351
2643406
2643546
2643657
2643751
2643835
2643856
2644023
2644335
2644757
2644822
2644841
2644872
2644883
2644972
2645026
2645130
2645201
2645264
2645319
2645326
2645401
2645518
2645632
2645791
2646036
2646088
2646208
2646315
2646338
2646470
2646527
2646838
2646940
2647060
2647093
2647105
2647295
2647306
2647358
2647533
2647596
2647686
2647707
2647776
2647788
2647888
2648049
2648105
2648243
2648354
2648520
2648568
2648799
2649004
2649072
2649177
2649351
2649498
2649712
2649799
2649816
2649994
2650061
2650259
2650308
2650386
2650640
2650701
2650910
2651244
2651286
2651291
2651321
2651557
2651645
2651680
2651695
2651965
2652007
2652053
2652410
2652489
2652556
2652564
2652593
2652673
2652699
2652722
2652756
2652904
2652910
2653115
2653164
2653203
2653217
2653269
2653280
2653331
2653351
2653415
2653444
2653534
2653770
2653838
2653860
2654017
2654100
2654149
2654204
2654329
2654464
2654567
2654577
2654648
2654657
2654658
2654680
2654706
2654764
2654821
2654867
2654929
2654962
2655181
2655371
2655420
2655452
2655484
2655524
2655766
2655779
2655784
2655854
2655897
2655992
2655998
2656030
2656447
2656627
2656641
2656664
2656784
2656803
2656823
2656950
2656951
2657125
2657135
2657534
2657551
2657672
2657705
2657781
2657871
2657880
2658081
2658111
2658213
2658312
2658408
2658497
2658516
2658597
2658776
2658777
2658781
2658989
2659127
2659187
2659292
2659468
2659536
2659641
2659719
2659786
2659823
2659897
2660014
2660117
2660137
2660193
2660305
2660388
2660503
2660868
2660919
2660980
2660990
2661085
2661252
2661351
2661395
2661443
2661480
2661615
2661686
2661731
2661833
2662090
2662112
2662487
2662575
2662579
2662672
2662674
2662824
2662826
2662832
2662850
2662874
2662925
2663002
2663119
2663260
2663321
2663356
2663483
2663497
2663501
2663547
2663584
2663595
2663711
2663739
2663788
2663976
2664006
2664034
2664094
2664139
2664262
2664312
2664342
2664499
2664639
2664679
2664714
2664726
2664786
2664810
2664885
2664932
2665026
2665179
2665206
2665231
2665299
2665318
2665351
2665383
2665448
2665544
2665609
2665753
2665788
2665931
2666131
2666296
2666390
2666403
2666728
2666979
2666994
2667115
2667133
2667151
2667389
2667410
2667418
2667533
2667699
2667803
2667899
2667965
2668052
2668110
2668392
2668563
2668645
2668651
2668919
2668956
2669066
2669104
2669188
2669200
2669291
2669437
2669524
2669549
2669632
2669657
2669723
2669796
2669888
2669929
2669931
2670097
2670287
2670752
2670793
2670897
2671061
2671065
2671127
2671201
2671285
2671373
2671551
2671612
2671649
2671671
2671830
2671852
2671864
2671924
2671942
2672118
2672265
2672280
2672387
2672389
2672556
2672677
2672948
2673031
2673033
2673067
2673073
2673084
2673088
2673101
2673110
2673340
2673400
2674043
2674139
2674344
2674532
2674565
2674660
2674784
2674836
2674873
2674950
2675058
2675108
2675194
2675212
2675214
2675407
2675459
2675836
2675947
2675978
2676003
2676091
2676106
2676167
2676258
2676360
2676537
2676798
2676829
2676864
2677078
2677195
2677270
2677289
2677298
2677338
2677431
2677573
2677633
2677759
2677866
2677913
2678015
2678112
2678207
2678209
2678215
2678333
2678404
2678469
2678477
2678578
2678781
2678789
2678890
2678972
2678976
2679079
2679114
2679134
2679362
2679439
2679537
2679552
2679578
2679700
2679728
2679762
2679820
2679825
2679912
2680080
2680120
2680279
2680554
2680584
2680677
2680787
2680893
2680974
2681015
2681041
2681063
2681089
2681251
2681478
2681656
2681686
2681701
2681710
2681786
2681894
2681910
2681942
2681995
2682001
2682485
2682544
2682603
2682605
2682649
2682676
2683035
2683459
2683515
2683527
2683556
2683585
2683588
2683591
2683772
2683951
2684048
2684179
2684190
2684191
2684302
2684370
2684401
2684653
2684899
2684982
2685097
2685108
2685399
2685636
2685655
2685812
2685843
2685863
2685872
2685967
2686025
2686039
2686089
2686269
2686323
2686366
2686400
2686478
2686645
2686787
2686943
2687032
2687132
2687347
2687394
2687396
2687469
2687692
2687720
2687760
2687762
2688095
2688165
2688252
2688256
2688284
2688597
2688652
2688687
2688792
2688819
2688887
2689047
2689185
2689195
2689293
2689335
2689512
2689573
2689596
2689598
2689630
2689717
2689727
2689736
2689781
2689852
2689952
2690127
2690225
2690366
2690459
2690486
2690684
2690729
2690793
2690837
2690925
2691079
2691217
2691482
2691490
2691678
2691690
2691766
2692049
2692098
2692117
2692311
2692367
2692388
2692531
2692556
2692603
2692719
2692738
2692830
2692976
2693260
2693301
2693416
2693624
2693634
2693652
2693685
2693715
2693818
2693991
2694231
2694232
2694347
2694414
2694466
2694480
2694507
2694620
2694649
2694700
2694790
2694911
2694986
2695156
2695323
2695410
2695489
2695539
2695569
2695707
2695730
2696022
2696053
2696058
2696222
2696225
2696240
2696258
2696509
2696518
2696621
2696663
2696824
2696933
2697018
2697088
2697162
2697172
2697258
2697283
2697298
2697365
2697538
2697558
2697609
2697629
2697684
2698074
2698085
2698131
2698167
2698179
2698388
2698460
2698502
2698702
2698810
2698951
2698995
2699230
2699352
2699353
2699385
2699806
2699853
2699906
2699953
2700096
2700241
2700242
2700428
2700501
2700677
2700829
2700836
2700889
2700909
2700952
2701019
2701123
2701205
2701223
2701243
2701284
2701296
2701297
2701333
2701410
2701577
2701804
2701904
2701974
2702011
2702374
2702511
2702516
2702567
2702610
2702884
2702946
2702978
2702982
2702984
2703001
2703029
2703087
2703106
2703146
2703262
2703377
2703415
2703547
2703639
2703697
2703775
2703795
2703849
2703861
2703872
2703934
2703981
2704107
2704173
2704270
2704279
2704379
2704382
2704427
2704507
2704531
2704553
2704913
2705217
2705260
2705602
2705714
2705827
2705916
2705969
2706217
2706236
2706258
2706628
2706698
2706852
2706947
2707128
2707186
2707223
2707233
2707426
2707474
2707820
2707850
2707927
2708006
2708154
2708216
2708260
2708350
2708416
2708612
2708711
2708737
2708879
2709058
2709113
2709164
2709169
2709262
2709355
2709356
2709476
2709516
2709705
2709710
2709712
2709748
2709839
2709931
2709938
2710014
2710074
2710190
2710303
2710451
2710489
2710520
2710529
2710564
2710591
2710658
2710677
2710722
2710765
2710839
2710948
2711029
2711128
2711161
2711199
2711222
2711229
2711326
2711365
2711443
2711602
2711646
2711705
2711739
2712229
2712249
2712260
2712424
2712487
2712508
2712570
2712835
2712848
2712993
2713178
2713222
2713553
2713667
2713751
2713813
2714006
2714075
2714270
2714343
2714432
2714578
2714648
2714703
2714720
2714822
2714869
2714895
2714917
2714926
2714999
2715028
2715040
2715139
2715154
2715253
2715266
2715286
2715322
2715349
2715417
2715478
2715524
2715642
2715737
2715861
2716026
2716039
2716066
2716214
2716230
2716244
2716397
2716450
2716473
2716482
2716520
2716556
2716760
2716834
2716944
2716983
2716991
2717183
2717264
2717365
2717557
2717573
2717674
2717699
2717745
2717817
2717830
2717862
2717922
2717967
2718038
2718121
2718174
2718386
2718407
2718420
2718444
2718521
2718540
2718546
2718573
2718625
2718685
2718718
2718772
2718891
2718956
2718961
2719075
2719079
2719111
2719155
2719275
2719360
2719378
2719399
2719405
2719538
2719549
2719871
2719987
2720005
2720101
2720108
2720119
2720217
2720395
2720599
2720697
2720737
2720848
2720898
2720899
2720963
2721057
2721148
2721298
2721311
2721336
2721688
2721738
2721855
2721866
2721939
2721960
2722281
2722390
2722585
2722614
2722804
2722958
2723010
2723043
2723282
2723291
2723294
2723411
2723434
2723490
2723519
2723627
2723669
2723684
2723824
2723999
2724101
2724196
2724203
2724363
2724604
2724617
2724671
2724745
2724781
2724864
2724928
2724947
2725201
2725272
2725282
2725410
2725421
2725425
2725496
2725611
2725648
2725664
2725888
2725937
2725954
2725963
2726009
2726063
2726104
2726106
2726108
2726158
2726397
2726466
2726476
2726494
2726516
2726663
2726758
2726768
2726840
2726876
2727050
2727064
2727350
2727369
2727536
2727847
2727853
2727856
2727946
2728027
2728028
2728050
2728207
2728218
2728637
2728721
2728816
2728994
2729028
2729140
2729166
2729205
2729316
2730184
2730307
2730411
2730465
2730466
2730510
2730858
2731022
2731061
2731110
2731268
2731338
2731501
2731952
2731966
2732025
2732187
2732232
2732247
2732312
2732631
2732686
2732689
2732774
2732793
2732918
2732958
2732970
2733027
2733130
2733179
2733246
2733313
2733453
2733726
2733763
2733934
2734236
2734305
2734317
2734341
2734568
2734617
2734746
2734829
2734891
2735019
2735032
2735076
2735112
2735170
2735286
2735358
2735376
2735395
2735479
2735518
2735557
2735772
2735931
2736066
2736108
2736142
2736211
2736257
2736285
2736292
2736433
2736457
2736532
2736537
2736645
2736761
2736784
2736872
2737123
2737163
2737272
2737411
2737670
2737696
2737972
2737986
2738055
2738168
2738183
2738266
2738407
2738447
2738452
2738697
2738709
2738739
2738796
2738813
2738956
2738998
2739002
2739036
2739086
2739200
2739339
2739417
2739487
2739531
2739640
2739656
2739694
2739751
2739906
2740126
2740150
2740250
2740269
2740303
2740336
2740360
2740428
2740468
2740474
2740495
2740501
2740662
2740875
2741000
2741102
2741158
2741177
2741179
2741189
2741356
2741588
2741608
2741648
2741649
2741717
2741727
2741754
2741776
2741826
2742032
2742111
2742151
2742181
2742238
2742308
2742341
2742391
2742501
2742537
2742884
2742977
2743171
2743275
2743325
2743385
2743420
2743597
2743615
2743653
2743669
2743726
2743892
2743908
2743935
2743948
2743952
2744023
2744066
2744251
2744369
2744608
2744657
2744704
2744804
2744851
2744881
2744936
2744969
2745005
2745072
2745084
2745115
2745212
2745366
2745415
2745495
2745546
2745621
2745790
2745839
2745855
2745877
2745903
2745973
2746004
2746041
2746081
2746136
2746251
2746317
2746347
2746472
2746627
2746642
2746742
2746745
2746800
2747073
2747115
2747152
2747239
2747299
2747304
2747317
2747406
2747537
2747578
2747652
2747758
2748038
2748039
2748141
2748288
2748323
2748344
2748371
2748474
2748616
2748776
2748794
2748878
2748880
2748985
2749478
2749528
2749576
2749593
2749653
2749687
2749776
2749881
2749931
2750025
2750172
2750210
2750270
2750533
2750722
2750916
2751137
2751162
2751181
2751475
2751496
2751539
2751576
2751650
2751685
2751848
2751985
2752004
2752161
2752225
2752304
2752552
2752881
2752909
2753068
2753361
2753387
2753442
2753476
2753673
2753787
2753991
2754266
2754325
2754374
2754536
2754605
2754743
2754875
2754911
2754978
2755054
2755122
2755146
2755221
2755272
2755624
2755633
2755694
2755820
2755905
2755916
2755944
2756146
2756311
2756419
2756512
2756553
2756710
2756860
2756958
2756967
2756979
2757025
2757048
2757334
2757361
2757450
2757535
2757815
2757891
2757956
2758111
2758183
2758206
2758306
2758430
2758481
2758484
2758674
2758686
2758710
2758712
2758848
2759008
2759070
2759158
2759290
2759379
2759403
2759494
2759708
2759749
2759775
2759819
2759834
2759858
2759883
2759972
2760078
2760106
2760231
2760240
2760311
2760382
2760474
2760524
2760603
2760788
2760870
2761043
2761091
2761523
2761583
2761584
2761697
2761793
2761798
2761992
2762061
2762192
2762268
2762269
2762358
2762408
2762421
2762424
2762484
2762531
2762623
2762661
2762709
2762805
2762959
2762975
2763058
2763115
2763202
2763206
2763208
2763304
2763494
2763501
2763594
2763673
2763701
2763864
2763887
2763937
2764120
2764214
2764251
2764586
2764645
2764693
2764762
2764784
2764955
2765063
2765087
2765230
2765402
2765476
2765530
2765554
2765558
2765807
2766029
2766070
2766080
2766114
2766160
2766253
2766338
2766371
2766654
2766693
2766720
2766766
2766803
2767039
2767056
2767067
2767299
2767312
2767396
2767434
2767452
2767564
2767610
2767880
2768086
2768162
2768219
2768251
2768409
2768448
2768624
2768656
2768732
2769085
2769183
2769206
2769235
2769272
2769579
2769643
2769701
2769707
2769717
2769835
2769838
2769937
2770127
2770135
2770328
2770456
2770497
2770522
2770678
2770684
2770736
2770797
2770811
2770904
2771158
2771265
2771329
2771426
2771679
2771696
2771730
2771733
2771753
2771771
2771774
2771861
2772071
2772162
2772276
2772278
2772337
2772366
2772467
2772471
2772501
2772659
2772676
2772677
2772896
2772947
2773020
2773022
2773130
2773176
2773193
2773338
2773470
2773490
2773509
2773524
2773527
2773575
2773706
2773755
2773772
2773775
2774144
2774364
2774456
2774545
2774595
2774650
2774707
2774711
2774754
2774860
2774881
2774926
2775072
2775191
2775267
2775401
2775583
2775587
2775608
2775678
2775722
2775741
2775749
2775851
2775857
2775953
2776168
2776196
2776263
2776358
2776438
2776606
2776637
2776649
2776668
2776795
2776944
2776990
2777131
2777141
2777148
2777239
2777267
2777436
2777570
2777741
2777915
2777950
2778011
2778047
2778107
2778182
2778202
2778216
2778357
2778432
2778480
2778554
2778581
2778613
2778718
2778784
2779021
2779035
2779038
2779326
2779358
2779464
2779477
2779505
2779531
2779608
2779840
2779984
2780008
2780112
2780312
2780921
2780944
2781265
2781349
2781418
2781600
2781606
2781703
2781740
2781749
2781756
2781820
2781874
2782347
2782588
2782592
2782665
2783001
2783027
2783788
2784203
2784223
2784299
2784370
2784505
2784524
2784548
2784691
2784875
2784964
2785032
2785152
2785168
2785278
2785423
2785455
2785493
2785513
2785533
2785657
2785667
2785750
2785773
2785908
2786265
2786276
2786349
2786407
2786483
2786629
2786791
2786913
2787183
2787233
2787393
2787479
2787526
2787721
2787739
2787799
2787801
2787808
2787911
2788009
2788022
2788102
2788235
2788258
2788284
2788312
2788575
2788656
2788728
2788796
2789001
2789043
2789239
2789258
2789310
2789374
2789383
2789388
2789483
2789520
2789612
2789652
2789662
2789734
2789762
2789823
2789831
2790097
2790126
2790162
2790213
2790219
2790222
2790243
2790367
2790458
2790506
2790538
2790623
2790680
2790707
2790744
2790884
2790886
2790918
2790932
2790934
2790983
2791157
2791178
2791188
2791233
2791263
2791279
2791339
2791364
2791392
2791479
2791494
2791509
2791611
2791768
2791823
2792206
2792211
2792344
2792435
2792506
2792786
2792831
2792863
2793027
2793048
2793055
2793069
2793162
2793320
2793561
2793652
2793668
2793798
2793802
2793820
2793882
2793940
2793957
2794006
2794103
2794127
2794134
2794151
2794189
2794216
2794437
2794442
2794534
2794671
2794682
2794791
2794844
2795103
2795111
2795114
2795299
2795314
2795430
2795673
2795897
2795928
2796042
2796045
2796147
2796392
2796461
2796491
2797057
2797122
2797353
2797602
2797925
2798006
2798141
2798170
2798195
2798234
2798371
2798377
2798518
2798538
2798590
2798702
2798814
2798836
2798943
2798995
2799008
2799173
2799220
2799576
2799669
2799883
2799957
2800003
2800072
2800279
2800422
2800440
2800510
2800664
2800737
2800827
2800847
2800869
2800943
2801030
2801054
2801388
2801396
2801664
2801665
2801712
2801730
2801899
2801966
2802146
2802160
2802214
2802244
2802291
2802529
2802632
2802680
2802702
2802816
2802836
2803063
2803093
2803398
2803450
2803545
2803546
2803608
2803761
2803793
2803877
2803913
2803926
2803947
2804084
2804139
2804367
2804568
2804638
2804907
2804946
2804984
2805284
2805411
2805804
2805847
2805879
2805892
2806223
2806347
2806433
2806486
2806582
2806641
2806737
2806747
2806842
2806896
2806926
2807076
2807127
2807349
2807351
2807366
2807392
2807393
2807732
2807745
2807795
2807838
2807845
2807906
2807942
2807960
2808057
2808231
2808590
2808601
2808780
2808791
2808812
2808919
2809032
2809054
2809175
2809269
2809426
2809442
2809508
2809574
2809589
2809658
2809693
2809700
2809895
2809908
2809919
2809966
2810098
2810102
2810193
2810230
2810253
2810259
2810263
2810299
2810360
2810444
2810474
2810502
2810588
2810634
2810809
2810879
2810943
2810958
2810986
2811049
2811085
2811129
2811308
2811463
2811657
2811686
2811788
2811910
2811936
2811962
2812096
2812255
2812285
2812913
2812951
2813131
2813252
2813254
2813331
2813491
2813661
2813708
2813779
2813790
2813862
2813944
2813973
2814061
2814237
2814359
2814525
2814701
2814755
2814792
2814851
2814998
2815041
2815194
2815209
2815250
2815253
2815275
2815326
2815410
2815442
2815515
2815633
2815646
2815728
2815734
2815790
2816253
2816369
2816582
2816706
2816810
2816849
2816915
2817108
2817217
2817263
2817301
2817329
2817364
2817481
2817688
2817694
2817803
2817839
2817868
2817981
2818034
2818087
2818625
2818644
2818688
2818750
2818903
2818990
2819000
2819152
2819160
2819308
2819445
2819543
2819545
2820137
2820261
2820303
2820454
2820481
2820517
2820519
2820581
2820584
2820638
2820940
2820965
2820972
2821021
2821174
2821232
2821341
2821364
2821501
2821522
2821623
2821679
2821716
2821806
2821825
2821866
2821898
2821941
2822024
2822186
2822197
2822262
2822278
2822367
2822503
2822829
2823123
2823314
2823403
2823541
2823604
2823694
2823753
2823924
2824087
2824128
2824177
2824352
2824622
2824647
2824732
2824768
2824848
2824959
2825024
2825052
2825110
2825411
2825659
2825853
2825940
2825973
2826130
2826260
2826276
2826379
2826459
2826511
2826526
2826547
2826679
2826896
2826962
2826977
2827005
2827042
2827140
2827191
2827308
2827336
2827380
2827389
2827415
2827553
2827609
2827622
2827686
2827738
2827873
2828158
2828289
2828340
2828651
2828655
2828691
2828778
2828837
2828880
2828946
2829098
2829123
2829353
2829387
2829564
2829661
2829884
2829907
2829962
2830097
2830133
2830149
2830181
2830332
2830361
2830385
2830392
2830419
2830431
2830549
2830699
2830795
2831025
2831031
2831109
2831153
2831240
2831350
2831433
2831478
2831728
2831771
2831864
2831933
2832109
2832156
2832249
2832344
2832423
2832537
2832620
2832683
2832809
2832899
2832981
2833117
2833196
2833284
2833348
2833499
2833619
2833817
2833949
2833977
2834001
2834203
2834381
2834386
2834456
2834529
2834624
2834661
2834745
2834759
2834857
2834884
2834929
2835123
2835131
2835149
2835234
2835360
2835429
2835595
2835756
2836054
2836604
2836673
2836703
2836747
2836749
2836899
2836914
2836960
2836978
2836985
2837012
2837100
2837138
2837148
2837252
2837411
2837443
2837673
2837705
2837791
2837902
2838112
2838127
2838215
2838326
2838337
2838444
2838455
2838564
2838732
2838805
2838864
2838974
2839006
2839108
2839142
2839182
2839313
2839389
2839446
2839621
2839646
2839699
2839801
2839899
2839952
2839990
2840032
2840116
2840226
2840373
2840446
2840451
2840493
2840525
2840638
2840760
2840804
2840827
2840835
2841254
2841348
2841477
2841534
2841636
2841696
2841806
2841838
2841904
2841912
2842021
2842100
2842120
2842251
2842255
2842337
2842454
2842509
2842536
2842691
2842738
2842880
2842990
2843089
2843234
2843363
2843380
2843532
2843543
2843560
2843581
2843663
2843716
2843924
2843977
2843985
2844077
2844102
2844132
2844155
2844178
2844344
2844386
2844440
2844499
2844507
2844522
2844590
2844681
2844730
2844801
2844838
2845028
2845070
2845110
2845255
2845281
2845360
2845387
2845417
2845484
2845631
2845750
2845818
2845914
2846202
2846342
2846358
2846378
2846379
2846497
2846510
2846524
2846626
2846679
2846886
2846911
2846960
2847076
2847319
2847483
2847624
2847662
2847730
2847753
2847800
2847831
2847850
2847878
2848145
2848155
2848301
2848336
2848352
2848389
2848434
2848439
2848468
2848530
2848787
2848929
2849111
2849113
2849116
2849178
2849224
2849228
2849241
2849279
2849291
2849299
2849498
2849624
2849719
2849779
2849797
2849833
2849953
2850182
2850188
2850334
2850437
2850484
2850536
2850641
2850725
2850729
2850770
2850816
2850920
2850996
2851239
2851262
2851404
2851460
2851466
2851477
2851696
2851879
2851933
2851981
2851984
2851992
2852112
2852249
2852572
2852586
2852674
2852685
2852773
2852892
2852897
2852900
2852950
2852954
2853072
2853107
2853150
2853176
2853225
2853341
2853500
2853632
2853737
2853936
2854091
2854168
2854181
2854262
2854439
2854502
2854671
2854771
2854817
2854899
2855027
2855067
2855146
2855191
2855304
2855401
2855465
2855533
2855603
2855721
2856157
2856175
2856244
2856325
2856398
2856419
2856505
2856575
2856649
2856685
2856821
2856868
2856992
2857093
2857095
2857237
2857484
2857573
2857586
2857677
2857693
2857717
2857721
2857889
2858080
2858106
2858147
2858181
2858186
2858252
2858273
2858367
2858749
2858854
2858884
2858895
2858936
2859032
2859081
2859137
2859276
2859309
2859310
2859394
2859419
2859459
2859485
2859672
2859694
2859728
2859921
2859983
2860165
2860362
2860635
2860770
2860773
2860787
2860868
2860996
2861022
2861053
2861173
2861206
2861272
2861304
2861327
2861649
2861650
2861788
2862235
2862246
2862433
2862577
2862632
2862722
2862827
2862859
2862872
2863039
2863049
2863220
2863223
2863270
2863372
2863602
2863667
2863837
2864078
2864189
2864215
2864468
2864575
2864579
2864640
2864737
2864985
2865067
2865304
2865447
2865475
2865755
2865996
2866278
2866355
2866676
2866833
2867094
2867113
2867274
2867345
2867385
2867424
2867539
2867635
2867639
2867642
2867783
2867806
2867808
2867968
2867973
2868171
2868468
2868597
2868783
2868980
2869049
2869078
2869207
2869311
2869404
2869463
2869473
2869477
2869556
2869654
2869694
2869948
2869963
2870009
2870068
2870119
2870247
2870286
2870326
2870630
2870729
2870768
2870865
2870893
2870894
2870907
2870960
2871213
2871284
2871345
2871394
2871430
2871446
2871647
2871781
2871795
2871907
2872025
2872075
2872085
2872132
2872213
2872257
2872379
2872489
2872606
2872735
2873034
2873108
2873182
2873231
2873426
2873429
2873505
2873596
2873651
2873689
2873737
2873904
2874108
2874227
2874246
2874381
2874420
2874461
2874625
2874676
2874841
2874870
2875008
2875102
2875152
2875240
2875267
2875294
2875333
2875406
2875596
2875633
2875749
2875905
2876238
2876265
2876277
2876302
2876328
2876533
2876579
2876622
2876708
2876789
2876831
2876916
2877069
2877123
2877129
2877152
2877385
2877666
2877693
2877777
2877866
2877898
2878013
2878040
2878203
2878231
2878505
2878668
2878718
2878956
2879103
2879459
2879476
2879491
2879612
2879668
2879676
2879739
2879766
2879772
2879855
2879889
2880028
2880094
2880101
2880130
2880401
2880496
2880539
2880562
2880651
2880751
2880768
2880872
2880908
2880982
2881118
2881228
2881256
2881265
2881529
2881681
2881827
2881919
2881964
2881985
2882026
2882204
2882208
2882339
2882341
2882377
2882452
2882536
2882541
2882594
2882815
2883019
2883086
2883087
2883175
2883335
2883494
2883495
2883689
2883747
2883876
2883886
2883905
2883914
2883922
2884052
2884109
2884829
2885090
2885108
2885412
2885655
2885707
2885711
2885831
2885873
2885915
2886032
2886092
2886215
2886258
2886265
2886380
2886452
2886456
2886567
2886739
2886807
2886875
2886910
2886994
2887104
2887161
2887182
2887418
2887437
2887447
2887503
2887593
2887610
2887681
2888020
2888196
2888224
2888401
2888460
2888487
2888491
2888494
2888568
2888581
2888686
2888826
2888838
2888930
2888964
2889028
2889197
2889306
2889382
2889417
2889419
2889719
2889750
2889836
2890061
2890254
2890326
2890345
2890580
2890620
2890629
2890844
2890953
2890968
2890972
2891001
2891148
2891307
2891388
2891424
2891675
2891709
2891861
2891967
2892050
2892245
2892282
2892507
2892644
2892777
2892812
2892895
2892903
2892956
2892970
2892980
2893002
2893029
2893179
2893398
2893489
2893711
2893724
2893904
2893915
2893994
2894027
2894105
2894136
2894165
2894232
2894335
2894358
2894366
2894409
2894522
2894593
2894766
2894774
2894878
2894918
2894956
2894996
2895104
2895121
2895270
2895360
2895384
2895430
2895754
2895761
2895833
2895834
2896057
2896092
2896093
2896098
2896211
2896373
2896377
2896419
2896435
2896465
2896515
2896594
2896646
2896722
2896812
2896834
2897064
2897083
2897204
2897227
2897230
2897344
2897383
2897463
2897523
2897539
2897584
2897603
2897783
2897810
2897913
2897982
2898203
2898210
2898277
2898354
2898436
2898459
2898476
2898548
2898624
2898635
2898678
2898694
2898749
2898881
2898958
2899173
2899181
2899255
2899258
2899352
2899445
2899460
2899494
2899567
2899691
2899727
2899837
2899883
2899941
2900050
2900320
2900501
2900548
2900560
2900576
2900705
2900747
2900771
2900974
2901044
2901102
2901151
2901215
2901238
2901275
2901341
2901447
2901461
2901627
2901631
2901811
2901836
2901848
2901889
2901895
2902045
2902162
2902170
2902299
2902363
2902423
2902475
2902532
2902642
2902717
2902721
2902906
2903276
2903626
2903793
2903845
2904204
2904227
2904354
2904389
2904392
2904479
2904533
2904649
2904679
2904708
2904789
2904794
2904893
2905081
2905153
2905301
2905339
2905487
2905614
2905800
2906028
2906169
2906214
2906404
2906442
2906643
2906682
2906977
2907069
2907108
2907387
2907593
2907669
2907696
2907880
2907915
2907956
2908166
2908318
2908490
2908526
2908611
2908726
2908824
2908840
2908859
2908943
2909052
2909081
2909202
2909223
2909271
2909282
2909283
2909512
2909680
2909692
2909784
2910229
2910284
2910440
2910602
2910813
2910821
2910871
2910947
2911037
2911074
2911086
2911422
2911429
2911521
2911560
2911853
2911897
2911913
2911930
2911969
2912017
2912037
2912059
2912168
2912297
2912354
2912748
2912994
2913068
2913087
2913187
2913208
2913210
2913405
2913554
2913696
2913727
2913902
2914011
2914154
2914170
2914198
2914201
2914210
2914227
2914259
2914306
2914311
2914387
2914445
2914560
2914603
2914628
2914660
2914683
2914716
2914830
2914856
2915208
2915326
2915473
2915499
2915531
2915717
2915818
2915865
2915878
2915895
2916052
2916145
2916310
2916347
2916362
2916534
2916760
2916890
2916971
2917040
2917154
2917155
2917258
2917277
2917386
2917398
2917464
2917557
2917680
2917948
2918171
2918196
2918198
2918222
2918404
2918535
2918623
2918628
2918795
2918859
2919000
2919076
2919087
2919444
2919495
2919574
2919583
2919618
2919676
2919852
2919863
2919913
2919952
2919995
2920181
2920261
2920447
2920583
2920622
2920661
2920682
2920720
2920806
2920894
2921030
2921031
2921121
2921253
2921295
2921297
2921408
2921488
2921499
2921576
2922372
2922433
2922476
2922483
2922665
2922716
2922730
2922845
2923050
2923065
2923128
2923336
2923446
2923491
2923561
2923584
2923652
2923733
2923845
2923846
2923905
2924163
2924522
2924615
2924732
2925062
2925083
2925104
2925116
2925189
2925244
2925248
2925292
2925450
2925590
2925979
2926134
2926324
2926355
2926478
2926533
2926764
2926975
2926989
2927194
2927247
2927276
2927320
2927408
2927513
2927550
2927575
2927801
2927854
2928576
2928612
2928628
2928658
2928724
2928728
2929100
2929271
2929369
2929380
2929516
2929657
2929731
2929788
2929929
2929953
2929988
2930073
2930150
2930172
2930260
2930261
2930417
2930550
2930647
2930749
2930778
2930880
2931013
2931039
2931183
2931217
2931232
2931350
2931384
2931405
2931637
2931692
2931785
2931853
2931904
2931923
2932076
2932215
2932251
2932277
2932510
2932555
2932615
2932716
2932808
2932895
2933103
2933118
2933133
2933170
2933174
2933199
2933229
2933254
2933320
2933478
2933501
2933510
2933555
2933606
2933607
2933623
2933644
2933661
2933783
2933817
2933871
2934229
2934257
2934294
2934349
2934353
2934530
2934568
2934571
2934606
2934620
2934707
2934931
2934952
2934961
2935122
2935151
2935254
2935338
2935340
2935496
2935545
2935638
2935703
2935748
2935755
2935846
2935908
2935964
2935971
2936034
2936040
2936252
2936725
2936745
2936766
2936844
2936897
2936963
2937114
2937133
2937505
2937521
2937716
2937766
2937818
2937895
2938039
2938167
2938354
2938644
2938809
2938926
2939418
2939483
2939772
2939854
2939935
2939951
2940062
2940099
2940134
2940195
2940218
2940301
2940344
2940420
2940534
2940546
2940723
2941009
2941040
2941042
2941129
2941159
2941203
2941338
2941385
2941574
2941583
2941654
2941761
2941781
2941813
2941953
2942031
2942046
2942193
2942201
2942205
2942270
2942359
2942497
2942517
2942703
2942733
2942806
2943028
2943031
2943054
2943254
2943285
2943334
2943700
2943746
2943985
2944062
2944121
2944138
2944288
2944379
2944632
2944703
2944798
2944817
2944826
2944864
2944894
2945099
2945116
2945147
2945195
2945340
2945344
2945494
2945633
2945642
2945757
2945910
2945959
2946009
2946084
2946134
2946187
2946239
2946249
2946266
2946300
2946302
2946479
2946547
2946562
2946593
2946676
2946823
2946834
2946850
2946904
2947009
2947093
2947149
2947188
2947272
2947326
2947331
2947475
2947476
2947477
2947587
2947591
2947643
2947938
2947966
2948214
2948334
2948364
2948457
2948522
2948551
2948645
2948717
2948730
2948741
2948764
2948768
2948828
2948837
2948892
2948961
2949101
2949538
2950163
2950180
2950259
2950388
2950457
2950643
2950696
2950717
2950748
2950809
2950814
2950845
2950998
2951109
2951122
2951155
2951166
2951282
2951334
2951395
2951565
2951584
2951664
2951688
2951787
2952021
2952151
2952258
2952441
2952521
2952611
2952627
2952679
2952709
2952721
2952723
2952781
2952962
2953048
2953062
2953208
2953343
2953669
2953891
2954107
2954303
2954648
2954679
2954699
2954809
2954848
2954872
2955282
2955291
2955407
2955502
2955510
2955721
2955785
2955958
2956224
2956459
2956585
2956600
2956692
2956826
2956972
2957218
2957263
2957312
2957362
2957402
2957566
2957576
2957850
2958047
2958269
2958341
2958346
2958432
2958664
2958702
2958962
2959008
2959270
2959370
2959407
2959422
2959550
2959551
2959896
2960004
2960072
2960149
2960222
2960465
2960468
2960488
2960506
2960574
2960628
2960731
2960908
2960950
2961247
2961272
2961386
2961412
2961488
2961644
2961698
2961952
2961990
2962043
2962047
2962268
2962286
2962366
2962397
2962408
2962521
2962649
2962683
2962690
2962757
2962802
2962931
2963005
2963206
2963371
2963492
2963577
2963607
2963834
2963851
2963855
2964145
2964231
2964356
2964405
2964409
2964445
2964612
2964621
2964660
2964675
2964898
2964918
2965184
2965475
2965559
2965569
2965605
2965711
2965801
2965813
2965888
2965899
2965904
2965963
2965986
2966171
2966273
2966274
2966287
2966360
2966440
2966447
2966573
2966574
2966657
2967033
2967078
2967191
2967192
2967359
2967565
2967878
2967891
2968029
2968033
2968092
2968097
2968105
2968107
2968221
2968268
2968378
2968413
2968414
2968472
2968529
2968539
2968592
2968594
2968715
2968805
2968905
2968917
2968933
2969320
2969432
2969537
2969613
2969666
2969809
2969827
2969886
2969922
2970142
2970295
2970357
2970377
2970537
2970538
2970614
2970639
2970822
2971043
2971079
2971130
2971229
2971235
2971237
2971561
2971792
2971811
2971885
2971909
2972395
2972712
2972719
2972928
2972988
2973015
2973083
2973175
2973180
2973181
2973209
2973241
2973509
2973536
2973625
2973658
2973745
2973791
2973842
2973846
2973851
2973928
2974160
2974319
2974392
2974417
2974421
2974490
2974536
2974550
2974553
2974615
2974620
2974689
2974741
2974863
2975060
2975086
2975397
2975448
2975557
2975579
2975603
2975634
2975743
2975778
2975850
2975914
2975917
2975981
2976035
2976137
2976141
2976499
2976523
2976540
2976549
2976564
2976661
2976744
2976869
2976940
2977000
2977039
2977082
2977235
2977291
2977367
2977425
2977433
2977516
2977738
2977866
2977892
2977934
2978161
2978237
2978247
2978251
2978322
2978365
2978704
2978827
2978841
2978995
2979003
2979029
2979103
2979257
2979401
2979517
2979654
2979711
2979768
2979840
2979859
2980087
2980100
2980160
2980362
2980386
2980471
2980573
2980609
2980687
2980695
2980796
2980825
2980856
2980886
2980981
2981162
2981295
2981610
2981648
2981916
2981924
2981960
2982008
2982113
2982143
2982348
2982402
2982649
2982751
2982901
2983164
2983303
2983381
2983413
2983515
2983697
2983733
2983741
2983749
2983852
2984152
2984185
2984420
2984437
2984526
2984551
2984676
2984714
2984759
2984810
2984857
2984952
2985239
2985289
2985352
2985363
2985439
2985443
2985627
2985633
2985661
2985677
2985740
2985744
2985847
2985895
2985907
2986361
2986466
2986620
2986646
2986714
2986751
2986844
2986891
2987519
2987695
2987755
2987884
2987916
2987991
2988018
2988079
2988162
2988249
2988337
2988459
2988564
2988666
2988734
2988790
2988840
2988921
2989098
2989225
2989434
2989444
2989477
2989663
2989721
2989811
2989902
2989914
2989929
2990080
2990157
2990170
2990218
2990222
2990304
2990365
2990408
2990543
2990577
2990645
2990652
2990656
2990806
2990825
2990945
2991032
2991168
2991242
2991320
2991400
2991408
2991431
2991536
2991614
2991642
2991806
2992034
2992043
2992237
2992320
2992414
2992520
2992581
2992621
2992647
2992723
2992743
2992960
2993019
2993071
2993081
2993088
2993138
2993228
2993274
2993348
2993356
2993401
2993428
2993453
2993518
2993537
2993657
2993781
2993929
2994220
2994279
2994413
2994463
2994660
2994674
2994680
2994798
2994823
2994935
2995019
2995210
2995341
2995372
2995409
2995582
2995675
2995802
2995922
2996028
2996074
2996208
2996300
2996440
2996706
2996717
2996853
2997116
2997167
2997486
2997656
2997949
2997965
2998552
2998565
2998625
2998968
2999110
2999161
2999541
2999620
2999643
2999857
3000009
3000013
3000086
3000122
3000149
3000261
3000289
3000291
3000344
3000468
3000491
3000521
3000705
3000736
3000764
3000795
3000973
3001065
3001104
3001266
3001277
3001420
3001472
3001600
3001618
3001801
3002005
3002006
3002223
3002297
3002327
3002412
3002560
3002563
3002615
3002821
3002829
3002897
3002986
3003348
3003364
3003607
3003778
3003867
3003880
3003932
3004013
3004178
3004243
3004418
3004469
3004488
3004495
3004544
3004788
3004853
3004935
3004970
3005108
3005228
3005268
3005538
3005556
3005669
3005762
3005788
3005834
3005921
3005946
3006000
3006052
3006278
3006358
3006658
3006888
3006904
3006948
3007161
3007413
3007615
3007729
3007899
3008155
3008305
3008359
3008447
3008591
3008727
3008760
3008894
3008967
3009065
3009177
3009244
3009360
3009521
3009540
3009583
3009697
3009751
3010025
3010173
3010181
3010221
3010241
3010282
3010283
3010295
3010315
3010429
3010444
3010545
3010553
3010670
3010740
3010753
3010758
3010853
3011056
3011221
3011256
3011267
3011360
3011572
3011585
3011616
3011635
3011670
3011698
3011828
3011890
3011909
3012120
3012135
3012299
3012450
3012477
3012542
3012547
3012553
3012558
3012567
3012593
3012634
3012646
3012702
3012857
3013023
3013058
3013101
3013110
3013113
3013226
3013322
3013389
3013547
3013691
3013766
3013771
3013979
3014188
3014204
3014281
3014297
3014472
3014545
3014809
3014865
3014885
3014903
3015184
3015225
3015523
3015626
3015698
3015811
3015862
3015880
3016028
3016036
3016055
3016077
3016101
3016278
3016366
3016452
3016460
3016536
3016564
3016598
3016623
3016634
3016692
3016787
3016866
3016958
3016965
3017002
3017061
3017247
3017318
3017348
3017585
3017649
3017670
3017725
3017918
3017936
3017981
3017993
3018032
3018047
3018219
3018269
3018389
3018420
3018434
3018438
3018461
3018600
3018651
3018669
3018723
3018753
3018777
3018790
3018794
3018869
3018956
3019198
3019264
3019491
3019493
3019524
3019569
3019601
3019607
3019787
3019879
3019891
3019933
3020060
3020199
3020289
3020416
3020562
3020807
3020842
3020884
3021020
3021032
3021043
3021141
3021145
3021147
3021296
3021430
3021625
3021666
3021699
3021715
3021762
3021934
3021941
3021990
3022009
3022170
3022289
3022359
3022521
3022542
3022557
3022602
3022665
3022788
3022866
3022910
3023118
3023415
3023463
3023487
3023605
3023681
3023781
3024111
3024138
3024170
3024270
3024365
3024427
3024586
3024619
3024778
3024785
3024832
3024893
3025261
3025299
3025398
3025487
3025503
3025700
3025725
3025791
3025816
3025852
3026050
3026143
3026150
3026277
3026504
3026544
3026643
3026723
3026966
3026988
3026990
3027012
3027046
3027414
3027479
3027594
3027688
3027753
3027902
3027955
3028062
3028119
3028238
3028445
3028475
3028606
3028627
3028677
3028699
3028865
3028916
3028936
3028980
3029062
3029137
3029670
3030058
3030109
3030122
3030352
3030389
3030402
3030725
3030760
3030798
3030879
3031174
3031503
3031505
3031633
3031677
3031901
3031996
3032074
3032270
3032317
3032332
3032358
3032364
3032406
3032520
3032598
3032619
3032675
3032682
3032804
3032842
3032940
3032949
3032968
3033062
3033455
3033497
3033641
3033734
3033856
3033930
3034000
3034011
3034527
3034660
3034787
3034871
3035018
3035114
3035166
3035294
3035305
3035365
3035388
3035575
3035599
3035692
3035738
3035777
3035888
3035925
3035963
3036037
3036057
3036342
3036378
3036404
3036408
3036571
3036664
3036707
3036725
3036854
3036920
3037154
3037266
3037328
3037369
3037490
3037506
3037601
3037661
3037891
3037895
3037931
3037958
3037978
3038036
3038199
3038215
3038508
3038619
3038764
3038802
3038850
3038886
3038892
3039013
3039349
3039538
3039751
3039776
3039791
3039959
3039967
3040067
3040188
3040349
3040353
3040366
3040397
3040400
3040419
3040475
3040560
3040566
3040610
3040666
3040708
3040723
3040765
3040806
3040873
3040921
3041057
3041128
3041225
3041233
3041235
3041435
3041480
3041662
3041788
3041865
3042034
3042104
3042138
3042208
3042291
3042381
3042553
3042626
3042714
3042811
3042818
3042921
3042993
3043030
3043170
3043174
3043207
3043369
3043428
3043432
3043506
3043647
3043756
3043760
3043838
3043987
3044093
3044120
3044123
3044148
3044171
3044191
3044261
3044339
3044349
3044435
3044492
3044575
3044596
3044699
3044753
3044801
3044863
3044868
3044877
3044897
3044909
3045126
3045182
3045206
3045295
3045536
3045564
3045694
3045787
3045806
3045851
3045930
3045961
3046163
3046181
3046187
3046294
3046301
3046498
3046528
3046539
3046673
3046761
3046810
3047021
3047092
3047260
3047324
3047355
3047440
3047452
3047488
3047685
3047724
3047841
3047913
3048127
3048135
3048246
3048387
3048420
3048446
3048463
3048469
3048542
3048561
3048614
3048749
3048780
3048907
3049007
3049024
3049061
3049346
3049393
3049432
3049625
3049718
3049776
3049796
3049826
3049910
3049973
3050128
3050232
3050394
3050398
3050607
3050714
3050778
3050803
3050927
3050988
3051039
3051157
3051176
3051278
3051303
3051369
3051398
3051435
3051575
3051887
3051960
3052012
3052063
3052069
3052116
3052185
3052192
3052321
3052411
3052461
3052466
3052598
3052787
3052988
3053056
3053072
3053190
3053339
3053577
3053580
3053588
3053691
3053831
3053934
3054417
3054447
3054471
3054504
3054588
3054765
3054826
3054844
3054915
3054927
3055009
3055094
3055137
3055146
3055251
3055367
3055384
3055393
3055488
3055644
3055887
3055892
3056010
3056177
3056358
3056393
3056426
3056447
3056856
3056870
3056960
3057046
3057067
3057104
3057160
3057204
3057220
3057280
3057342
3057359
3057413
3057427
3057737
3057798
3058191
3058269
3058303
3058369
3058392
3058423
3058447
3058453
3058467
3058478
3058720
3058735
3059010
3059029
3059030
3059068
3059508
3059532
3059557
3059735
3059837
3059845
3059898
3060153
3060342
3060601
3060607
3060650
3060748
3060832
3060892
3060895
3060931
3060947
3060953
3061071
3061140
3061282
3061548
3061620
3061625
3061688
3061742
3061950
3061961
3061962
3062129
3062140
3062491
3062579
3062830
3062859
3062944
3063423
3063457
3063565
3063633
3063862
3063938
3064040
3064079
3064193
3064492
3064495
3064614
3064667
3064742
3064744
3064752
3064759
3064808
3064856
3064925
3064980
3065002
3065061
3065074
3065168
3065267
3065295
3065337
3065457
3065571
3065603
3065617
3065764
3065812
3065864
3065880
3065942
3065951
3066039
3066158
3066165
3066331
3066590
3066618
3066881
3066933
3067021
3067052
3067283
3067321
3067474
3067477
3067722
3067782
3067806
3067894
3068078
3068184
3068228
3068313
3068481
3068711
3068732
3068882
3068982
3069000
3069272
3069299
3069355
3069625
3069672
3069701
3069704
3070014
3070083
3070141
3070220
3070541
3070661
3070742
3071067
3071127
3071189
3071228
3071442
3071673
3071693
3071796
3072236
3072278
3072426
3072490
3072506
3072561
3072626
3072670
3072676
3072686
3072828
3072992
3073056
3073110
3073137
3073395
3073576
3073642
3073741
3073769
3073891
3073968
3074185
3074308
3074312
3074464
3074537
3074605
3074618
3074652
3074800
3074845
3074884
3075002
3075304
3075340
3075394
3075544
3075672
3075957
3076145
3076147
3076193
3076361
3076487
3076673
3076822
3076835
3077274
3077349
3077399
3077406
3077431
3077432
3077436
3077450
3077459
3077596
3077614
3077654
3077658
3077666
3077694
3077707
3077765
3078094
3078102
3078434
3078718
3078789
3078807
3078839
3078902
3078954
3078997
3079034
3079099
3079135
3079167
3079183
3079195
3079268
3079482
3079587
3079660
3079679
3079699
3079740
3079784
3079961
3080074
3080170
3080176
3080184
3080231
3080278
3080824
3080833
3080878
3080919
3080954
3081126
3081293
3081655
3081709
3081740
3081799
3081874
3082002
3082247
3082255
3082482
3082533
3082678
3082711
3082808
3082979
3082996
3083010
3083435
3083476
3083517
3083582
3083867
3083890
3084079
3084116
3084425
3084438
3084542
3084759
3084772
3084854
3085004
3085260
3085282
3085364
3085478
3085672
3085680
3085712
3085776
3085790
3085946
3086011
3086044
3086049
3086250
3086317
3086445
3086473
3086493
3086593
3086610
3086645
3086668
3086696
3086766
3086784
3087242
3087453
3087660
3087778
3087796
3087941
3087964
3088150
3088190
3088199
3088240
3088428
3088452
3088506
3088533
3088559
3088581
3088640
3088643
3088750
3088777
3088859
3088877
3089015
3089160
3089176
3089217
3089310
3089432
3089436
3089634
3089648
3089760
3089781
3089829
3089833
3089842
3090074
3090195
3090287
3090377
3090583
3090593
3090598
3090665
3090815
3090827
3090848
3091131
3091211
3091229
3091232
3091436
3091526
3091701
3091703
3091768
3091833
3092071
3092106
3092297
3092302
3092314
3092319
3092353
3092415
3092487
3092519
3092545
3092554
3092688
3092702
3092812
3092864
3092972
3093080
3093288
3093337
3093410
3093472
3093760
3093788
3093822
3093834
3093897
3093963
3094166
3094218
3094383
3094564
3094661
3094688
3094727
3094735
3094737
3094816
3094842
3095043
3095208
3095258
3095267
3095319
3095397
3095573
3095707
3095717
3095818
3095868
3095954
3095984
3095987
3096011
3096146
3096177
3096205
3096282
3096332
3096366
3096377
3096422
3096548
3096636
3096719
3096744
3096867
3096974
3097159
3097327
3097411
3097640
3097733
3097779
3097809
3098036
3098042
3098155
3098183
3098257
3098294
3098505
3098712
3098950
3099010
3099073
3099175
3099230
3099273
3099276
3099286
3099338
3099341
3099394
3099564
3099566
3099685
3099738
3099967
3099985
3100028
3100272
3100343
3100409
3100494
3100522
3100540
3100598
3100602
3100721
3100819
3100837
3100873
3100922
3100926
3101235
3101248
3101279
3101292
3101369
3101410
3101437
3101461
3101498
3101640
3101648
3101687
3101813
3101996
3102004
3102036
3102080
3102117
3102223
3102265
3102569
3102599
3102659
3102897
3102988
3103119
3103139
3103184
3103266
3103268
3103391
3103516
3103517
3103622
3103922
3103941
3104053
3104138
3104184
3104319
3104337
3104518
3104535
3104659
3104752
3104817
3104869
3104872
3105075
3105143
3105153
3105287
3105304
3105434
3105446
3105548
3105574
3105578
3105584
3105675
3105711
3105714
3105808
3105871
3105903
3105913
3106147
3106173
3106351
3106359
3106367
3106586
3106672
3106738
3106766
3106851
3106927
3107141
3107349
3107415
3107448
3107509
3107607
3107684
3107719
3107764
3107812
3107825
3107891
3108041
3108084
3108097
3108123
3108390
3108416
3108439
3108637
3108654
3108701
3108789
3108947
3108982
3109035
3109065
3109090
3109097
3109136
3109198
3109208
3109337
3109346
3109358
3109463
3109679
3109732
3109889
3109924
3109929
3109956
3110073
3110196
3110255
3110416
3110726
3110739
3110810
3110865
3110917
3110995
3111345
3111394
3111430
3111465
3111732
3111747
3111830
3111924
3111938
3111960
3112061
3112064
3112161
3112575
3112672
3112719
3112733
3112750
3112858
3112894
3112942
3113065
3113222
3113238
3113320
3113503
3113661
3113874
3113913
3114406
3114430
3114435
3114684
3114854
3115084
3115091
3115106
3115478
3115579
3115919
3115921
3116193
3116249
3116411
3116448
3116460
3116584
3116604
3116666
3116968
3116996
3117092
3117115
3117255
3117273
3117302
3117378
3117410
3117515
3117549
3117551
3117559
3117872
3118283
3118312
3118336
3118371
3118412
3118462
3118482
3118490
3118567
3118628
3119179
3119536
3119571
3119580
3119672
3119685
3119721
3119753
3119860
3119872
3120028
3120032
3120034
3120158
3120210
3120248
3120316
3120387
3120450
3120505
3120529
3120630
3120750
3121009
3121065
3121231
3121257
3121358
3121588
3121602
3121603
3121653
3121674
3121769
3121784
3121921
3121937
3121994
3122068
3122310
3122328
3122461
3122467
3122871
3122891
3122941
3123019
3123060
3123115
3123125
3123546
3123713
3123741
3123791
3123877
3123906
3123917
3123954
3124130
3124249
3124457
3124477
3124584
3124639
3124867
3124874
3124934
3124971
3125070
3125364
3125382
3125555
3125593
3125653
3125788
3125823
3125903
3126058
3126135
3126190
3126197
3126353
3126755
3126866
3126891
3127218
3127246
3127381
3127593
3127600
3127808
3127889
3128091
3128246
3128313
3128361
3128499
3128541
3128600
3128638
3128778
3128799
3128831
3128850
3128950
3128988
3129153
3129320
3129346
3129388
3129416
3129545
3129558
3129605
3129734
3129761
3129813
3129948
3129995
3130020
3130021
3130119
3130189
3130193
3130250
3130262
3130446
3130591
3130928
3131002
3131066
3131322
3131529
3131530
3131643
3131866
3131883
3132078
3132325
3132601
3132780
3132853
3132961
3133027
3133100
3133104
3133362
3133491
3133645
3133698
3133757
3133847
3133866
3133881
3133903
3134017
3134032
3134158
3134164
3134296
3134298
3134446
3134521
3134635
3134644
3134676
3134686
3134751
3134784
3134831
3134968
3134995
3135069
3135138
3135282
3135309
3135340
3135366
3135381
3135429
3135526
3135564
3135587
3135644
3135656
3135782
3135794
3135822
3135830
3135898
3136100
3136170
3136444
3136557
3136799
3136880
3136976
3137009
3137166
3137229
3137344
3137500
3137511
3137609
3137618
3137706
3137744
3137926
3137990
3138020
3138084
3138154
3138208
3138601
3138666
3138686
3138826
3138919
3138937
3138938
3139051
3139106
3139151
3139192
3139351
3139504
3139544
3139548
3139590
3139683
3139801
3139866
3139884
3139885
3139971
3140006
3140228
3140345
3140509
3140523
3140556
3140813
3140823
3140832
3140904
3140942
3140979
3141092
3141105
3141232
3141305
3141424
3141467
3141518
3141828
3141872
3142305
3142419
3142646
3142927
3143024
3143211
3143581
3144044
3144071
3144102
3144131
3144229
3144316
3144331
3144392
3144784
3144835
3144897
3145131
3145202
3145273
3145731
3145757
3145845
3145908
3145932
3146038
3146049
3146185
3146268
3146295
3146314
3146388
3146706
3146741
3146764
3146799
3146852
3147017
3147020
3147067
3147154
3147180
3147191
3147231
3147319
3147588
3147595
3147635
3147682
3147684
3147863
3147924
3147971
3148043
3148170
3148329
3148393
3148474
3148705
3148721
3148818
3148827
3148842
3148978
3149086
3149200
3149416
3149449
3149456
3149557
3149666
3149756
3149952
3150113
3150121
3150173
3150178
3150290
3150409
3150410
3150432
3150532
3150578
3150966
3150972
3151327
3151480
3151510
3151535
3151702
3151767
3151793
3151890
3151895
3151897
3152107
3152142
3152162
3152216
3152282
3152296
3152329
3152371
3152383
3152395
3152901
3153125
3153127
3153268
3153289
3153318
3153341
3153502
3153506
3153528
3153633
3153698
3153869
3153875
3153935
3154016
3154272
3154287
3154303
3154334
3154335
3154551
3154636
3154780
3154868
3154949
3154964
3155043
3155061
3155128
3155196
3155227
3155348
3155421
3155456
3155478
3155482
3155530
3155548
3155698
3155806
3156068
3156110
3156226
3156268
3156449
3156461
3156470
3156583
3156689
3156703
3156717
3156873
3156990
3157007
3157041
3157071
3157144
3157341
3157466
3157495
3157521
3157606
3157683
3157688
3157707
3157763
3157902
3157923
3158077
3158168
3158354
3158401
3158471
3158587
3158656
3158760
3158765
3158914
3158967
3159132
3159159
3159300
3159331
3159505
3159529
3159645
3159702
3159800
3159825
3160055
3160142
3160230
3160338
3160697
3160774
3160803
3160890
3160891
3161033
3161075
3161118
3161127
3161217
3161240
3161453
3161545
3161546
3161563
3161756
3162049
3162126
3162314
3162338
3162377
3162444
3162457
3162459
3162530
3162635
3162693
3162772
3162974
3163179
3163301
3163306
3163359
3163375
3163389
3163437
3163710
3163825
3163842
3163852
3163922
3163930
3164021
3164172
3164364
3164566
3164567
3164570
3164677
3164683
3164718
3164735
3164842
3164846
3165019
3165035
3165152
3165252
3165297
3165318
3165339
3165442
3165491
3165574
3165665
3165669
3165795
3165850
3165854
3166013
3166041
3166129
3166270
3166289
3166339
3166340
3166371
3166389
3166544
3166574
3166706
3166737
3166846
3166863
3166941
3167038
3167149
3167159
3167191
3167265
3167348
3167424
3167616
3167711
3167829
3167924
3167952
3168042
3168099
3168108
3168605
3168695
3168764
3168904
3168937
3168965
3169116
3169279
3169368
3169379
3169580
3169664
3169807
3169995
3170079
3170162
3170292
3170324
3170359
3170447
3170489
3170554
3170564
3170591
3170623
3170876
3170997
3171141
3171200
3171331
3171463
3171540
3171603
3171604
3171881
3171902
3171936
3171940
3172092
3172146
3172446
3172598
3172742
3172942
3172963
3172965
3173070
3173164
3173193
3173248
3173336
3173423
3173548
3173577
3173633
3174093
3174172
3174182
3174237
3174322
3174369
3174396
3174545
3174738
3174926
3174943
3174953
3175093
3175182
3175257
3175283
3175630
3175673
3175676
3175738
3175814
3175931
3175964
3176094
3176511
3176597
3176599
3177107
3177125
3177236
3177549
3177689
3177697
3177950
3178044
3178185
3178239
3178340
3178490
3178680
3178714
3178721
3178744
3178769
3178812
3178822
3178926
3179001
3179216
3179453
3179505
3179627
3179853
3179984
3180200
3180226
3180282
3180330
3180433
3180631
3180832
3180947
3180996
3181009
3181298
3181485
3181581
3181606
3181676
3181708
3181768
3181912
3181913
3182030
3182261
3182348
3182431
3182466
3182605
3182628
3182670
3182739
3182888
3182913
3182989
3183108
3183365
3183394
3183402
3183418
3183525
3183624
3183653
3183661
3183682
3183715
3183751
3183762
3183765
3183852
3183854
3183868
3183909
3183935
3183981
3184057
3184142
3184334
3184369
3184383
3184406
3184467
3184571
3184696
3184824
3184857
3184866
3185070
3185095
3185373
3185416
3185424
3185522
3185677
3186109
3186141
3186536
3186548
3186570
3186577
3186624
3186629
3186667
3186769
3187064
3187142
3187373
3187405
3187790
3187805
3187812
3188070
3188286
3188352
3188526
3188561
3188566
3188571
3188652
3188807
3188808
3188888
3188967
3189044
3189121
3189149
3189160
3189269
3189601
3189701
3189748
3189811
3189833
3189982
3190221
3190280
3190308
3190555
3190581
3190641
3190665
3190837
3190954
3190963
3190971
3191060
3191153
3191313
3191328
3191360
3191415
3191488
3191588
3191681
3191815
3191852
3191907
3191991
3192491
3192538
3192603
3192616
3192663
3192740
3192770
3192832
3192835
3192873
3192911
3193062
3193101
3193127
3193138
3193171
3193184
3193194
3193315
3193366
3193415
3193506
3193516
3193563
3193631
3193867
3193891
3193991
3194159
3194204
3194212
3194276
3194388
3194589
3194794
3194803
3194836
3194861
3194905
3195024
3195089
3195249
3195270
3195350
3195432
3195496
3195523
3195620
3195715
3195881
3195884
3195911
3195971
3196039
3196090
3196307
3196313
3196328
3196358
3196395
3196580
3196646
3196697
3196795
3196826
3196901
3196950
3197033
3197177
3197270
3197287
3197296
3197432
3197458
3197480
3197481
3197483
3197491
3197515
3197666
3197819
3197849
3198028
3198100
3198103
3198108
3198141
3198176
3198281
3198344
3198478
3198489
3198499
3198721
3198786
3198806
3198825
3198987
3199012
3199113
3199127
3199225
3199248
3199419
3199437
3199511
3199544
3199595
3199611
3199774
3199984
3200269
3200371
3200469
3200585
3200666
3200697
3200742
3201016
3201040
3201109
3201171
3201262
3201300
3201365
3201465
3201524
3201545
3201567
3201624
3201759
3201856
3201932
3202216
3202284
3202306
3202317
3202367
3202374
3202581
3202633
3202748
3202815
3202845
3203093
3203195
3203231
3203272
3203314
3203366
3203382
3203384
3203386
3203390
3203533
3203584
3203615
3203645
3203816
3203855
3204100
3204182
3204298
3204409
3204422
3204458
3204473
3204559
3204823
3204931
3205045
3205168
3205267
3205394
3205422
3205430
3205482
3205554
3205590
3205595
3205833
3206040
3206081
3206329
3206396
3206593
3206833
3206844
3206906
3206918
3206933
3207064
3207153
3207296
3207306
3207307
3207339
3207593
3207931
3207980
3207995
3208065
3208363
3208464
3208486
3208823
3208833
3208842
3208999
3209088
3209194
3209253
3209292
3209367
3209498
3209552
3209575
3209648
3209663
3209728
3209766
3209797
3209878
3209939
3210130
3210228
3210234
3210269
3210281
3210355
3210359
3210943
3211034
3211040
3211059
3211223
3211334
3211355
3211428
3211442
3211449
3211495
3211532
3211557
3211563
3211615
3211638
3211728
3211905
3211984
3212030
3212259
3212423
3212436
3212439
3212466
3212500
3212592
3212600
3212625
3212847
3212861
3212942
3212972
3213030
3213197
3213212
3213247
3213267
3213377
3213468
3213542
3213618
3213635
3213659
3213685
3213708
3213853
3213974
3214140
3214160
3214163
3214281
3214438
3214593
3214773
3214868
3215112
3215117
3215258
3215330
3215420
3215620
3215638
3215702
3215719
3215737
3216111
3216255
3216462
3216689
3216705
3216714
3216721
3216877
3216974
3217043
3217160
3217179
3217194
3217301
3217326
3217793
3217984
3217996
3218044
3218153
3218194
3218200
3218230
3218234
3218239
3218377
3218597
3218709
3218724
3218747
3218832
3218834
3218874
3218878
3219101
3219135
3219166
3219212
3219228
3219231
3219371
3219404
3219649
3219663
3219714
3219747
3219799
3219803
3219827
3219966
3219976
3220015
3220021
3220111
3220208
3220603
3220712
3220755
3220831
3220869
3221037
3221211
3221255
3221276
3221614
3221721
3222262
3222266
3222271
3222368
3222522
3222530
3222595
3222711
3222712
3222795
3222819
3222927
3222940
3223069
3223118
3223121
3223127
3223183
3223247
3223400
3223443
3223480
3223528
3223584
3223607
3223630
3223655
3223776
3223930
3223985
3224003
3224024
3224070
3224247
3224336
3224367
3224472
3224546
3224597
3224715
3224786
3224831
3224835
3224942
3224991
3225019
3225048
3225075
3225077
3225356
3225474
3225525
3225628
3225637
3225730
3225732
3225810
3225829
3226004
3226168
3226207
3226331
3226442
3226561
3226744
3226752
3226754
3226761
3226829
3226869
3226954
3227087
3227157
3227174
3227202
3227242
3227264
3227287
3227496
3227613
3227693
3227815
3227843
3227978
3227982
3228140
3228220
3228373
3228500
3228535
3228561
3228743
3228793
3228980
3229070
3229084
3229215
3229241
3229265
3229296
3229388
3229400
3229438
3229671
3229771
3229773
3229802
3230020
3230075
3230098
3230123
3230401
3230524
3230622
3230684
3230886
3230942
3231035
3231177
3231187
3231255
3231286
3231357
3231498
3231515
3231699
3231701
3231796
3231982
3232059
3232085
3232262
3232293
3232306
3232358
3232444
3232485
3232559
3232718
3232917
3233111
3233115
3233209
3233315
3233616
3233634
3233644
3233697
3233875
3233947
3234124
3234158
3234195
3234280
3234320
3234440
3234662
3234697
3234744
3234768
3234996
3235012
3235023
3235042
3235087
3235249
3235401
3235490
3235556
3235624
3235633
3235643
3235687
3235740
3235908
3236094
3236239
3236303
3236391
3236458
3236535
3236621
3236763
3236829
3236994
3237038
3237383
3237476
3237731
3237919
3238051
3238104
3238133
3238156
3238159
3238180
3238271
3238445
3238503
3238535
3238632
3238748
3238763
3238828
3238830
3238929
3239010
3239135
3239181
3239257
3239352
3239354
3239443
3239446
3239453
3239537
3239650
3239760
3239848
3239883
3239896
3239962
3240044
3240055
3240159
3240453
3240516
3240638
3240646
3240723
3240763
3240889
3241007
3241210
3241266
3241290
3241332
3241532
3241591
3241595
3241722
3241730
3241768
3241822
3241955
3242151
3242478
3242483
3242553
3242629
3242662
3242884
3242886
3242930
3243046
3243178
3243272
3243289
3243321
3243485
3243514
3243550
3243551
3243651
3243826
3243898
3243983
3244137
3244155
3244337
3244422
3244475
3244484
3244585
3244608
3244813
3244824
3244840
3245153
3245201
3245473
3245500
3245527
3245694
3245725
3245906
3246023
3246141
3246260
3246267
3246321
3246446
3246561
3246586
3246806
3246872
3246913
3246933
3246940
3247179
3247241
3247279
3247284
3247477
3247482
3247570
3247617
3247715
3247720
3247767
3248029
3248155
3248198
3248211
3248368
3248429
3248634
3248713
3248843
3248865
3249168
3249387
3249402
3249406
3249450
3249482
3249548
3249627
3249687
3249809
3249883
3249924
3250146
3250317
3250412
3250530
3250588
3250642
3250799
3250837
3250839
3250935
3251044
3251090
3251297
3251397
3251542
3251557
3251569
3251596
3251675
3251803
3251957
3252079
3252209
3252309
3252320
3252325
3252432
3252562
3252660
3252740
3252761
3252845
3252928
3252939
3252982
3253059
3253082
3253096
3253097
3253105
3253151
3253165
3253379
3253386
3253418
3253466
3253619
3253714
3253916
3253935
3254096
3254229
3254262
3254347
3254386
3254388
3254430
3254440
3254491
3254712
3254834
3255031
3255038
3255084
3255145
3255214
3255361
3255381
3255478
3255493
3255502
3255743
3255757
3255808
3255866
3255904
3255989
3256123
3256136
3256184
3256263
3256512
3256901
3257032
3257067
3257159
3257172
3257465
3257498
3257703
3257751
3257752
3257770
3258003
3258010
3258056
3258124
3258141
3258500
3258505
3258522
3258526
3258547
3258597
3258740
3259147
3259240
3259317
3259359
3259370
3259448
3259538
3259606
3259676
3259773
3259843
3259961
3260282
3260374
3260438
3260445
3260504
3260510
3260679
3260717
3260753
3260759
3260824
3260861
3260872
3260893
3261057
3261251
3261394
3261597
3261805
3261810
3261930
3261961
3261991
3262045
3262089
3262105
3262199
3262202
3262664
3262724
3262756
3262776
3262809
3262921
3263289
3263437
3263605
3263754
3263837
3263846
3264217
3264220
3264249
3264284
3264431
3264827
3264907
3264992
3265117
3265260
3265559
3265643
3265810
3265819
3265928
3266165
3266289
3266370
3266405
3266458
3266707
3266850
3266856
3266891
3266920
3267001
3267089
3267155
3267164
3267265
3267387
3267498
3267566
3267634
3267685
3267738
3267792
3267846
3267854
3267957
3268157
3268170
3268227
3268469
3268602
3268643
3268669
3268869
3268877
3268947
3268962
3268974
3268986
3269142
3269145
3269221
3269386
3269498
3269576
3269695
3269736
3269926
3269971
3269987
3270025
3270046
3270135
3270201
3270246
3270336
3270343
3270405
3270418
3270438
3270595
3270621
3270695
3270797
3270838
3270975
3271026
3271082
3271194
3271208
3271386
3271390
3271496
3271524
3271566
3271674
3271708
3272137
3272201
3272247
3272263
3272352
3272573
3272645
3272682
3272710
3272733
3272811
3272869
3272913
3272967
3273128
3273231
3273235
3273252
3273288
3273319
3273334
3273357
3273377
3273423
3273459
3273514
3273558
3273608
3273642
3273664
3273694
3273722
3273747
3273766
3273795
3273823
3274080
3274094
3274119
3274292
3274319
3274333
3274550
3274554
3274621
3274718
3274734
3274798
3274808
3274876
3274898
3274990
3274991
3275029
3275113
3275141
3275178
3275197
3275258
3275301
3275450
3275489
3275553
3275608
3275644
3275971
3275982
3276034
3276247
3276358
3276366
3276399
3276492
3276539
3276591
3276644
3276664
3276727
3276791
3276797
3276840
3276860
3276948
3277152
3277297
3277353
3277407
3277463
3277676
3277736
3277739
3277836
3277919
3277977
3278031
3278190
3278227
3278244
3278307
3278382
3278398
3278507
3278746
3278768
3278907
3278921
3278927
3278987
3279133
3279146
3279179
3279433
3279679
3279682
3279854
3280298
3280426
3280669
3280750
3280822
3280939
3281301
3281475
3281639
3281760
3281773
3281864
3282038
3282133
3282187
3282217
3282324
3282348
3282352
3282400
3282414
3282544
3282591
3282595
3282835
3283009
3283059
3283096
3283099
3283180
3283196
3283276
3283280
3283470
3283503
3283651
3283832
3283998
3284178
3284309
3284321
3284420
3284486
3284619
3284684
3284687
3284723
3284775
3284802
3284819
3285134
3285153
3285204
3285206
3285241
3285303
3285360
3285398
3285461
3285555
3285569
3285575
3285606
3285783
3285906
3286081
3286171
3286219
3286271
3286355
3286365
3286468
3286643
3286682
3286772
3286835
3286841
3286849
3286873
3286899
3286951
3286993
3287064
3287120
3287144
3287264
3287381
3287393
3287422
3287715
3287857
3287926
3287969
3288026
3288038
3288065
3288285
3288319
3288461
3288584
3288649
3288670
3288786
3288856
3288943
3289053
3289078
3289138
3289176
3289290
3289309
3289311
3289366
3289406
3289420
3289468
3289477
3289520
3289571
3289608
3289616
3289671
3289820
3289907
3289932
3290009
3290033
3290036
3290236
3290515
3290650
3290806
3290998
3291004
3291006
3291144
3291168
3291199
3291224
3291361
3291400
3291494
3291564
3291623
3291709
3291711
3291724
3291766
3292004
3292112
3292202
3292243
3292334
3292377
3292474
3292481
3292553
3292873
3293071
3293173
3293202
3293216
3293378
3293644
3293669
3293749
3293814
3293820
3293860
3293895
3294057
3294169
3294294
3294311
3294335
3294426
3294499
3294545
3294573
3294614
3294687
3294788
3294809
3294834
3294968
3295023
3295123
3295134
3295159
3295175
3295444
3295461
3295499
3295600
3295722
3295731
3295932
3296034
3296055
3296085
3296117
3296160
3296179
3296346
3296368
3296474
3296475
3296642
3296700
3296704
3296726
3296893
3297015
3297092
3297121
3297288
3297587
3297634
3297767
3297771
3298111
3298255
3298306
3298445
3298470
3298477
3298543
3298563
3298714
3298774
3298823
3298834
3298869
3299076
3299099
3299128
3299148
3299190
3299207
3299257
3299362
3299401
3299443
3299462
3299510
3299524
3299548
3299552
3299852
3299890
3299932
3300023
3300085
3300123
3300454
3300583
3300622
3300686
3300761
3300822
3300865
3301007
3301034
3301044
3301148
3301293
3301368
3301441
3301445
3301560
3301561
3301585
3301885
3301951
3302047
3302057
3302229
3302409
3302636
3302722
3302902
3302904
3302909
3303013
3303019
3303071
3303176
3303260
3303479
3303575
3303581
3303582
3303682
3303733
3303745
3303747
3303968
3304022
3304054
3304062
3304116
3304220
3304241
3304352
3304354
3304529
3304584
3304627
3304803
3305016
3305064
3305135
3305225
3305257
3305414
3305482
3305485
3305550
3305623
3305941
3305942
3306232
3306240
3306332
3306422
3306437
3306438
3306775
3306792
3306815
3306953
3307059
3307163
3307192
3307260
3307403
3307473
3307509
3307646
3307742
3307778
3307843
3307855
3307916
3307923
3307974
3308016
3308135
3308196
3308256
3308560
3308571
3308672
3308726
3308818
3308822
3309092
3309217
3309299
3309344
3309548
3309713
3309835
3309922
3310081
3310421
3310854
3310880
3310915
3311074
3311358
3311406
3311411
3311460
3311706
3311715
3311764
3311786
3311803
3311877
3311934
3312211
3312310
3312337
3312428
3312743
3312881
3312884
3313015
3313025
3313045
3313068
3313099
3313206
3313216
3313311
3313519
3313589
3313706
3313864
3313995
3314016
3314069
3314214
3314537
3314580
3314710
3314739
3314899
3315002
3315061
3315228
3315309
3315367
3315415
3315491
3315841
3315891
3315946
3316044
3316117
3316153
3316208
3316357
3316369
3316455
3316472
3316504
3316679
3316739
3316778
3316864
3316877
3316942
3317222
3317453
3317495
3317528
3317548
3317746
3317826
3317828
3317885
3318023
3318024
3318203
3318405
3318414
3318518
3318633
3318696
3318697
3318888
3319009
3319019
3319022
3319196
3319206
3319217
3319360
3319408
3319706
3319770
3319864
3319953
3319961
3319990
3320038
3320202
3320248
3320270
3320303
3320349
3320384
3320389
3320511
3320577
3320630
3320689
3320966
3320980
3320982
3321096
3321200
3321286
3321341
3321683
3321867
3321939
3321962
3321978
3321987
3322082
3322164
3322260
3322274
3322420
3322458
3322606
3322890
3322945
3322980
3323100
3323124
3323234
3323386
3323461
3323638
3323754
3323924
3323983
3324010
3324268
3324392
3324476
3324541
3324560
3324647
3324899
3325175
3325262
3325317
3325383
3325542
3325625
3325650
3325700
3325894
3326047
3326126
3326144
3326271
3326499
3326513
3326774
3326804
3326823
3326843
3326957
3327207
3327250
3327278
3327450
3327628
3328008
3328078
3328217
3328280
3328338
3328419
3328432
3328591
3328593
3328685
3328752
3328785
3328905
3329010
3329022
3329031
3329088
3329121
3329217
3329251
3329438
3329538
3329624
3329687
3329739
3329815
3329966
3330245
3330329
3330394
3330436
3330493
3330618
3330764
3330799
3330977
3331028
3331036
3331221
3331231
3331242
3331329
3331356
3331465
3331485
3331517
3331688
3331689
3331692
3331701
3331814
3331823
3331856
3331982
3332100
3332236
3332247
3332310
3332330
3332408
3332477
3332588
3332728
3332914
3333028
3333106
3333131
3333163
3333184
3333193
3333381
3333385
3333524
3333625
3333946
3334011
3334176
3334247
3334401
3334501
3334589
3334911
3334986
3335157
3335161
3335263
3335310
3335404
3335434
3335618
3335665
3335753
3335809
3335864
3335928
3336026
3336134
3336294
3336339
3336496
3336503
3336620
3336639
3336654
3336739
3336982
3337015
3337066
3337119
3337266
3337281
3337347
3337660
3337810
3338042
3338043
3338052
3338111
3338178
3338307
3338523
3338531
3338572
3338578
3338631
3338718
3338773
3338787
3338801
3338909
3338927
3338980
3339090
3339100
3339112
3339317
3339334
3339389
3339463
3339669
3339752
3339871
3339968
3340235
3340360
3340789
3340964
3341114
3341200
3341246
3341337
3341373
3341453
3341608
3341807
3341941
3342047
3342281
3342295
3342339
3342423
3342465
3342502
3342660
3343226
3343267
3343455
3343744
3343765
3343797
3343953
3343997
3344042
3344057
3344111
3344128
3344223
3344786
3344864
3344885
3345174
3345222
3345264
3345316
3345569
3345717
3346091
3346120
3346213
3346502
3346545
3346754
3346775
3346786
3346811
3347042
3347218
3347221
3347234
3347290
3347401
3347444
3347458
3347487
3347509
3347675
3347848
3348050
3348064
3348067
3348213
3348303
3348529
3348546
3348590
3348666
3348706
3348748
3348961
3349038
3349426
3349461
3349472
3349522
3349531
3349614
3349685
3350009
3350210
3350439
3350462
3350505
3350552
3350573
3350598
3350760
3350902
3350956
3351037
3351071
3351228
3351340
3351375
3351451
3351711
3351728
3351743
3351822
3351845
3351932
3352006
3352054
3352125
3352164
3352172
3352304
3352327
3352334
3352384
3352417
3352426
3352462
3352636
3352680
3352759
3352788
3352866
3352929
3352940
3352976
3353026
3353390
3353479
3353532
3353578
3353797
3353836
3353848
3353856
3353871
3353907
3353932
3354043
3354087
3354124
3354279
3354308
3354485
3354643
3354682
3354729
3354731
3354773
3355151
3355158
3355175
3355294
3355316
3355355
3355583
3355603
3355622
3355705
3355842
3355918
3355938
3356108
3356180
3356285
3356321
3356414
3356459
3356569
3356685
3356829
3356849
3356862
3356978
3357057
3357201
3357331
3357461
3357536
3357552
3357596
3357738
3357762
3357802
3357943
3357966
3358162
3358229
3358292
3358370
3358371
3358436
3358468
3358776
3358925
3358951
3359195
3359337
3359668
3359750
3359773
3359780
3359888
3359924
3359978
3359983
3360100
3360294
3360423
3360476
3360501
3360728
3360808
3360851
3361049
3361060
3361109
3361175
3361195
3361252
3361597
3361702
3361721
3361820
3361835
3362214
3362241
3362321
3362328
3362367
3362409
3362616
3362827
3362828
3362842
3362981
3363040
3363059
3363180
3363329
3363399
3363899
3363960
3364005
3364061
3364102
3364246
3364252
3364264
3364521
3364701
3364793
3364825
3365274
3365397
3365528
3365555
3365611
3365635
3365882
3366043
3366070
3366230
3366315
3366430
3366442
3366590
3366614
3366718
3366787
3366888
3366897
3366957
3366980
3367085
3367341
3367349
3367405
3367464
3367587
3367588
3367653
3367851
3367908
3367941
3368010
3368038
3368177
3368319
3368416
3368441
3368506
3368687
3368724
3368750
3368785
3368933
3369084
3369113
3369297
3369313
3369427
3369447
3369658
3369805
3369806
3369926
3369956
3369982
3370029
3370107
3370230
3370458
3370509
3370923
3371044
3371062
3371065
3371187
3371319
3371474
3371491
3371533
3371563
3371570
3371592
3371714
3371797
3371807
3371871
3371908
3371924
3372121
3372127
3372330
3372340
3372365
3372428
3372516
3372557
3372951
3372984
3373056
3373138
3373201
3373368
3373530
3373612
3373620
3373769
3373774
3373959
3373978
3374299
3374309
3374333
3374507
3374576
3374735
3374776
3375050
3375097
3375267
3375286
3375474
3375491
3375631
3375698
3375740
3375781
3375786
3375805
3375870
3375889
3375934
3376234
3376349
3376470
3376524
3376570
3376630
3376921
3376928
3376931
3377122
3377251
3377422
3377573
3377931
3377934
3377937
3378328
3378358
3378557
3378690
3378771
3378947
3379173
3379178
3379220
3379232
3379316
3379390
3379395
3379510
3379520
3379526
3379555
3379712
3379934
3379967
3380014
3380022
3380201
3380264
3380279
3380492
3380538
3380636
3380724
3380741
3380784
3380842
3380865
3380986
3381032
3381033
3381067
3381102
3381178
3381602
3381635
3381773
3381912
3382033
3382131
3382185
3382246
3382318
3382394
3382622
3382768
3383381
3383413
3383448
3383681
3383757
3383821
3383898
3383967
3384163
3384229
3384261
3384270
3384378
3384438
3384478
3384538
3384560
3384592
3384595
3384649
3384774
3385023
3385069
3385111
3385273
3385283
3385653
3385730
3385805
3386097
3386108
3386196
3386246
3386403
3386506
3386559
3386589
3386717
3386779
3386890
3386934
3387032
3387069
3387145
3387185
3387221
3387262
3387478
3387716
3387805
3387885
3387930
3388069
3388071
3388207
3388331
3388572
3388734
3388736
3388778
3388850
3388903
3389159
3389235
3389413
3389485
3389488
3389528
3389538
3389551
3389619
3389634
3389996
3390029
3390034
3390038
3390339
3390349
3390435
3390486
3390536
3390562
3390702
3390731
3390739
3390763
3390796
3390845
3390898
3391064
3391190
3391226
3391288
3391298
3391440
3391461
3391555
3391577
3391582
3391612
3391705
3391776
3391976
3392085
3392139
3392182
3392236
3392286
3392473
3392483
3392504
3392674
3392715
3392717
3392737
3392776
3392782
3392836
3392839
3392910
3392941
3392947
3393061
3393130
3393190
3393250
3393267
3393284
3393393
3393416
3393527
3393568
3393616
3393644
3393705
3393706
3393710
3393814
3393922
3394184
3394213
3394290
3394334
3394640
3394753
3394881
3395043
3395189
3395303
3395362
3395398
3395457
3395501
3395556
3395588
3395644
3395745
3395759
3395796
3395810
3395853
3395867
3395999
3396118
3396166
3396191
3396214
3396369
3396390
3396488
3396529
3396628
3396645
3396806
3396816
3397085
3397224
3397243
3397555
3398013
3398084
3398097
3398216
3398245
3398251
3398393
3398518
3398684
3398711
3398718
3398722
3398794
3399153
3399298
3399325
3399401
3399644
3399715
3399724
3399738
3399747
3399843
3399956
3400020
3400027
3400222
3400421
3400422
3400554
3400600
3400617
3400635
3400703
3400844
3401139
3401144
3401189
3401244
3401307
3401576
3401705
3401914
3402104
3402342
3402572
3402588
3402617
3402656
3402702
3402824
3402884
3403009
3403029
3403126
3403513
3403599
3403604
3403619
3403683
3403776
3404019
3404022
3404027
3404160
3404161
3404306
3404319
3404328
3404394
3404512
3404624
3405024
3405443
3405444
3405579
3405600
3405884
3405885
3405992
3406142
3406152
3406364
3406428
3406496
3406608
3406774
3406818
3406973
3407028
3407047
3407178
3407923
3407947
3408068
3408329
3408332
3408394
3408459
3408491
3408715
3408998
3409125
3409138
3409269
3409468
3409546
3409564
3409571
3409752
3409875
3410046
3410106
3410198
3410201
3410257
3410334
3410368
3410382
3410414
3410480
3410503
3410597
3410793
3410861
3410954
3411122
3411170
3411248
3411373
3411485
3411555
3411653
3411687
3411711
3411828
3411949
3412081
3412274
3412276
3412315
3412403
3412482
3412507
3412594
3412913
3412947
3412999
3413046
3413250
3413255
3413316
3413488
3413566
3413686
3413767
3413789
3413881
3413940
3414010
3414019
3414095
3414116
3414126
3414164
3414284
3414334
3414424
3414632
3414655
3414752
3414854
3414877
3414967
3415022
3415250
3415650
3415687
3415746
3415834
3415866
3416021
3416092
3416342
3416459
3416574
3416662
3416677
3416747
3416793
3416857
3416989
3417041
3417051
3417097
3417107
3417115
3417149
3417223
3417280
3417373
3417409
3417508
3417509
3417558
3417708
3417886
3417935
3418100
3418150
3418226
3418477
3418566
3418723
3418766
3419103
3419116
3419178
3419359
3419496
3419553
3419682
3419712
3419754
3420091
3420105
3420140
3420193
3420257
3420285
3420318
3420443
3420470
3420498
3420526
3420531
3420755
3420810
3421171
3421206
3421239
3421267
3421397
3421451
3421458
3421474
3421583
3421670
3421684
3421846
3421887
3421921
3421944
3421963
3422004
3422111
3422197
3422345
3422416
3422419
3422459
3422986
3423198
3423232
3423267
3423355
3423369
3423451
3423584
3423602
3423701
3423703
3423976
3424062
3424103
3424143
3424199
3424211
3424712
3424843
3424899
3425063
3425084
3425124
3425165
3425203
3425240
3425313
3425342
3425418
3425563
3425797
3425939
3425987
3426168
3426226
3426372
3426379
3426594
3426629
3426738
3426752
3426781
3426888
3427164
3427224
3427264
3427286
3427295
3427378
3427503
3427586
3427599
3427615
3427621
3427633
3427711
3427772
3427949
3427963
3427985
3428072
3428305
3428512
3428550
3428559
3428579
3428592
3428596
3428651
3428965
3429053
3429153
3429186
3429264
3429391
3429409
3429427
3429569
3429645
3429757
3429851
3429856
3429927
3429970
3430003
3430024
3430100
3430125
3430150
3430322
3430349
3430522
3430532
3430564
3430810
3430853
3430859
3430922
3431238
3431308
3431434
3431587
3431825
3431894
3431935
3432107
3432157
3432218
3432257
3432297
3432311
3432431
3432521
3432539
3432605
3432898
3433108
3433155
3433475
3433490
3433514
3433519
3433551
3433553
3433681
3433745
3433795
3433808
3434076
3434173
3434468
3434488
3434713
3435251
3435501
3435635
3435640
3435734
3435940
3435970
3436006
3436008
3436012
3436022
3436034
3436182
3436316
3436370
3436444
3436465
3436467
3436639
3436678
3436845
3436887
3437060
3437366
3437394
3437446
3437451
3437472
3437533
3437737
3437912
3437920
3438170
3438240
3438287
3438343
3438439
3438503
3438663
3438814
3438877
3438953
3439050
3439053
3439203
3439204
3439234
3439266
3439378
3439445
3439522
3439590
3439612
3439654
3440002
3440086
3440105
3440115
3440118
3440140
3440181
3440214
3440328
3440362
3440384
3440396
3440627
3440923
3441074
3441097
3441123
3441199
3441265
3441307
3441391
3441452
3442121
3442145
3442149
3442277
3442287
3442481
3442538
3442543
3442553
3442595
3442661
3442706
3442765
3442900
3442962
3443060
3443095
3443129
3443334
3443453
3443568
3443589
3443622
3443632
3443646
3443829
3443852
3444039
3444623
3444703
3444782
3444837
3444888
3444898
3444903
3444945
3444950
3445427
3445679
3445704
3445735
3445746
3445763
3445766
3445818
3445856
3445915
3446034
3446107
3446146
3446328
3446365
3446413
3446577
3446605
3446629
3446651
3446827
3446870
3446933
3447328
3447437
3447476
3447514
3447619
3447953
3448047
3448238
3448250
3448326
3448432
3448457
3448515
3448534
3448543
3448599
3448698
3448724
3448840
3448947
3448979
3449186
3449204
3449227
3449837
3449839
3449847
3449859
3449865
3449954
3449958
3450007
3450056
3450163
3450282
3450310
3450332
3450408
3450455
3450462
3450487
3450606
3450929
3451140
3451150
3451151
3451263
3451370
3451457
3451501
3451521
3451548
3451593
3451658
3451674
3451751
3452021
3452033
3452091
3452392
3452595
3452628
3452701
3452730
3452739
3453046
3453054
3453101
3453215
3453245
3453366
3453456
3453482
3453494
3453557
3453596
3453663
3453681
3453730
3453769
3453782
3453836
3453859
3453905
3454026
3454171
3454288
3454306
3454399
3454479
3454540
3454701
3454864
3454903
3455083
3455091
3455201
3455272
3455293
3455387
3455500
3455588
3455610
3455643
3455672
3455931
3455932
3455964
3455998
3456007
3456047
3456217
3456268
3456332
3456352
3456355
3456425
3456462
3456491
3456526
3456685
3456701
3456737
3456840
3456865
3456945
3457062
3457182
3457234
3457309
3457326
3457342
3457509
3457643
3457670
3457880
3457915
3457956
3457977
3457998
3458011
3458043
3458252
3458359
3458515
3458532
3458584
3458607
3458854
3458967
3459003
3459023
3459057
3459121
3459224
3459237
3459302
3459338
3459547
3459565
3459570
3459581
3459731
3459838
3459920
3459972
3460007
3460198
3460275
3460387
3460394
3460457
3460464
3460524
3460665
3461126
3461152
3461323
3461348
3461376
3461443
3461538
3461587
3461662
3461701
3461728
3461754
3461808
3461919
3461935
3462093
3462116
3462428
3462459
3462468
3462472
3462495
3462498
3462582
3462707
3462755
3462771
3462852
3462891
3462930
3462974
3462982
3462997
3463003
3463022
3463098
3463241
3463248
3463306
3463368
3463444
3463445
3463449
3463533
3463630
3463645
3463682
3463690
3463888
3463918
3464007
3464243
3464309
3464332
3464425
3464453
3464455
3464482
3464667
3464690
3464708
3464733
3464947
3464994
3465039
3465057
3465223
3465247
3465327
3465393
3465520
3465591
3465695
3465783
3465804
3465814
3465886
3466057
3466102
3466107
3466202
3466335
3466351
3466367
3466649
3466738
3466746
3466829
3467002
3467085
3467206
3467212
3467361
3467455
3467476
3467517
3467712
3467941
3467963
3467967
3468053
3468057
3468184
3468222
3468224
3468266
3468286
3468325
3468366
3468452
3468469
3468671
3468683
3468732
3468755
3468933
3469077
3469085
3469159
3469178
3469212
3469256
3469283
3469360
3469559
3469565
3469682
3469872
3469922
3470020
3470222
3470272
3470339
3470342
3470443
3470554
3470563
3470602
3470638
3470664
3470800
3470817
3470906
3470956
3471011
3471014
3471125
3471145
3471332
3471522
3471630
3471654
3471658
3471781
3471793
3471827
3471943
3471971
3472078
3472271
3472296
3472619
3472710
3472884
3472995
3473023
3473109
3473135
3473663
3473714
3473786
3473800
3473806
3474072
3474096
3474353
3474506
3474676
3474682
3474810
3474841
3474944
3475063
3475310
3475332
3475515
3475563
3475604
3475702
3475768
3475808
3475856
3475942
3476095
3476131
3476396
3476468
3476487
3476545
3476645
3476651
3476658
3476672
3476779
3476852
3476892
3476939
3476967
3477010
3477051
3477112
3477246
3477269
3477432
3477456
3477517
3477551
3477582
3477677
3477751
3477768
3477778
3477850
3477881
3478068
3478233
3478245
3478353
3478375
3478507
3478556
3478723
3478982
3479035
3479106
3479111
3479117
3479208
3479342
3479618
3479730
3479750
3479902
3479951
3480033
3480237
3480245
3480284
3480604
3480641
3480681
3480751
3480760
3480793
3480814
3480824
3480831
3480847
3480960
3481178
3481260
3481427
3481558
3481642
3481920
3482045
3482055
3482193
3482377
3482501
3482604
3482664
3482718
3482746
3482869
3482877
3482957
3483130
3483173
3483267
3483300
3483497
3483752
3483824
3484203
3484454
3484556
3484659
3484690
3484704
3484708
3484849
3485005
3485110
3485155
3485169
3485273
3485434
3485658
3486063
3486166
3486172
3486498
3486779
3487029
3487175
3487257
3487288
3487323
3487490
3487512
3487618
3487697
3487740
3487787
3487794
3487812
3487914
3487988
3487992
3488098
3488259
3488349
3488510
3488656
3488667
3488673
3488754
3488803
3488810
3488844
3488943
3489117
3489160
3489164
3489207
3489211
3489240
3489490
3489521
3489527
3489536
3489598
3489621
3489850
3489865
3489946
3490210
3490428
3490495
3490511
3490532
3490601
3490745
3490849
3490934
3490938
3490971
3490992
3491043
3491171
3491182
3491355
3491505
3491515
3491518
3491554
3491699
3491813
3491856
3491866
3492032
3492033
3492120
3492230
3492249
3492442
3492486
3492506
3492572
3492675
3492851
3492982
3493005
3493013
3493048
3493176
3493258
3493315
3493331
3493338
3493390
3493519
3493529
3493532
3493680
3493758
3493813
3494072
3494166
3494232
3494258
3494397
3494463
3494541
3494545
3494556
3494697
3494715
3494838
3494879
3495032
3495381
3495438
3495461
3495462
3495598
3495614
3495840
3495844
3495848
3495979
3495984
3496293
3496343
3496471
3496576
3496592
3496650
3496800
3496828
3496881
3496897
3496963
3497216
3497220
3497250
3497447
3497512
3497608
3497718
3497871
3497987
3498000
3498034
3498194
3498307
3498368
3498440
3498637
3498705
3498712
3498784
3498800
3498817
3498959
3498999
3499112
3499139
3499148
3499373
3499392
3499472
3499498
3499560
3499767
3499771
3499780
3499796
3499853
3499922
3499959
3499975
3499986
3500009
3500042
3500072
3500271
3500301
3500338
3500457
3500501
3500631
3500801
3500820
3500842
3500876
3500898
3500941
3500974
3501227
3501272
3501343
3501355
3501461
3501544
3501577
3501666
3501702
3501961
3502329
3502330
3502334
3502345
3502458
3502528
3502627
3502878
3502956
3502977
3503019
3503080
3503109
3503174
3503480
3503482
3503533
3503551
3503711
3503772
3503810
3503830
3503855
3503874
3504096
3504118
3504616
3504813
3504890
3504937
3505005
3505389
3505391
3505508
3505552
3505717
3505754
3505780
3505983
3506093
3506175
3506441
3506540
3506581
3506591
3506629
3506641
3506654
3506744
3506807
3506982
3507018
3507091
3507108
3507192
3507219
3507279
3507530
3507560
3507631
3507770
3507808
3507894
3507977
3508015
3508041
3508137
3508229
3508341
3508356
3508377
3508417
3508514
3508604
3508701
3508802
3508929
3508945
3509015
3509050
3509072
3509124
3509280
3509327
3509607
3509637
3509761
3509777
3509791
3509806
3509934
3510421
3510444
3510541
3510549
3510589
3510616
3510689
3510709
3510944
3510964
3510987
3511011
3511096
3511276
3511301
3511312
3511317
3511453
3511525
3511604
3511691
3511709
3511806
3511892
3511925
3511992
3512091
3512213
3512301
3512324
3512368
3512517
3512685
3512743
3512854
3512856
3513012
3513458
3513607
3513655
3513662
3513669
3513695
3513990
3514012
3514047
3514073
3514095
3514126
3514192
3514205
3514217
3514295
3514407
3514633
3514721
3514752
3514762
3514784
3514876
3514935
3514978
3515122
3515132
3515142
3515194
3515203
3515320
3515395
3515772
3515811
3515822
3515823
3515863
3515890
3516118
3516149
3516187
3516248
3516646
3516772
3516920
3517280
3517307
3517420
3517579
3517600
3517654
3517996
3518073
3518207
3518211
3518339
3518341
3518387
3518390
3518403
3518547
3518849
3519012
3519209
3519220
3519271
3519295
3519319
3519361
3519497
3519556
3519624
3519832
3520022
3520292
3520426
3520750
3520886
3521043
3521116
3521266
3521302
3521419
3521452
3521548
3521580
3521638
3521764
3521919
3522122
3522214
3522373
3522517
3522636
3522703
3522751
3523005
3523110
3523199
3523233
3523391
3523596
3523764
3523852
3523889
3524083
3524128
3524154
3524234
3524305
3524314
3524346
3524377
3524578
3524595
3524653
3524670
3524847
3525007
3525038
3525059
3525124
3525158
3525230
3525233
3525255
3525302
3525318
3525457
3525572
3525579
3525642
3526130
3526160
3526266
3526353
3526517
3526592
3526646
3526724
3526769
3526882
3526883
3527168
3527282
3527404
3527609
3527715
3527729
3527742
3528113
3528118
3528183
3528334
3528540
3528711
3528947
3529054
3529150
3529229
3529471
3529742
3529867
3529944
3529964
3529979
3530012
3530055
3530132
3530666
3530722
3530739
3530844
3530912
3531014
3531210
3531251
3531267
3531301
3531322
3531389
3531418
3531703
3531707
3531716
3531835
3531899
3532054
3532199
3532222
3532384
3532392
3532393
3532410
3532442
3532538
3532558
3532585
3532731
3532793
3533049
3533134
3533162
3533214
3533232
3533423
3533558
3533577
3533658
3533725
3533743
3533962
3534007
3534036
3534046
3534188
3534243
3534249
3534251
3534443
3534484
3534491
3534653
3534809
3534931
3534951
3534985
3535016
3535153
3535227
3535269
3535418
3535424
3535582
3535676
3535738
3535855
3535915
3535964
3536256
3536304
3536336
3536484
3536495
3536582
3536762
3537046
3537141
3537198
3537425
3537587
3537628
3537688
3537693
3537730
3537831
3537853
3537902
3538039
3538129
3538196
3538222
3538469
3538523
3538541
3538542
3538599
3538620
3538680
3538774
3539149
3539162
3539269
3539358
3539393
3539481
3539562
3539585
3539855
3540175
3540286
3540298
3540423
3540462
3540545
3540852
3540879
3540955
3541075
3541165
3541219
3541647
3541795
3541818
3541861
3541969
3541972
3541973
3542004
3542014
3542062
3542149
3542194
3542203
3542375
3542396
3542404
3542579
3542778
3542948
3542984
3543002
3543143
3543233
3543331
3543418
3543453
3543496
3543596
3543669
3543781
3543792
3543950
3544067
3544250
3544306
3544407
3544435
3544500
3544588
3544621
3544694
3544774
3544893
3544948
3545038
3545077
3545081
3545087
3545252
3545286
3545354
3545377
3545400
3545421
3545608
3545635
3545682
3545765
3545936
3546017
3546102
3546112
3546236
3546294
3546595
3546744
3546803
3546824
3546937
3547050
3547139
3547249
3547270
3547284
3547315
3547370
3547380
3547383
3547431
3547510
3547623
3547625
3547672
3547766
3547801
3547807
3547841
3547874
3547876
3547962
3547999
3548229
3548249
3548250
3548428
3548563
3548617
3548817
3548823
3548853
3548889
3548924
3548969
3549053
3549085
3549204
3549304
3549370
3549373
3549553
3549836
3550124
3550150
3550193
3550251
3550470
3550686
3550752
3550784
3550847
3550984
3551005
3551073
3551102
3551188
3551206
3551279
3551389
3551568
3551693
3551766
3551997
3552082
3552097
3552392
3552414
3552516
3552591
3552638
3552784
3552940
3553143
3553339
3553393
3553476
3553484
3553499
3553516
3553603
3553623
3553639
3553666
3553687
3553745
3554120
3554158
3554309
3554428
3554531
3554537
3554664
3554706
3554720
3554759
3554783
3554805
3555381
3555438
3555688
3555746
3555779
3555853
3555856
3556026
3556056
3556379
3556443
3556455
3556507
3556597
3556614
3556629
3556829
3556834
3556905
3556933
3556957
3557176
3557251
3557295
3557363
3557579
3557662
3557689
3557745
3557929
3558184
3558243
3558269
3558293
3558408
3558433
3558529
3559277
3559495
3559508
3559662
3559712
3559837
3559958
3559966
3560027
3560031
3560093
3560099
3560315
3560517
3560657
3560917
3560944
3561017
3561108
3561237
3561252
3561254
3561295
3561375
3561411
3561413
3561464
3561584
3561628
3561640
3561730
3561938
3562020
3562222
3562255
3562321
3562356
3562436
3562486
3562860
3562908
3562958
3563057
3563127
3563142
3563214
3563234
3563471
3563519
3563555
3563582
3563595
3563633
3563777
3564043
3564063
3564375
3564630
3564728
3564930
3565019
3565024
3565047
3565127
3565401
3565415
3565482
3565571
3565579
3565617
3565655
3565870
3566084
3566249
3566266
3566278
3566282
3566566
3566585
3566821
3567024
3567153
3567240
3567474
3567516
3567569
3567752
3567920
3567974
3568015
3568059
3568123
3568134
3568224
3568373
3568538
3568564
3568697
3568748
3568778
3568925
3568978
3569039
3569140
3569327
3569365
3569379
3569404
3569581
3569687
3569710
3569765
3569892
3569989
3570051
3570101
3570107
3570120
3570181
3570201
3570216
3570255
3570287
3570672
3570679
3570686
3570693
3570813
3570834
3570869
3570882
3570917
3570950
3571272
3571297
3571316
3571324
3571470
3571553
3571675
3571737
3571793
3571858
3571868
3571899
3572070
3572179
3572192
3572288
3572417
3572481
3572564
3572665
3572788
3572803
3572871
3572991
3573033
3573102
3573290
3573344
3573345
3573477
3573622
3573786
3573997
3574137
3574242
3574474
3574503
3574540
3574553
3574601
3574897
3574922
3575056
3575169
3575205
3575386
3575437
3575534
3575588
3575631
3575688
3576023
3576108
3576275
3576310
3576357
3576543
3576612
3576666
3576767
3576892
3577426
3577452
3577592
3577616
3577625
3577641
3577678
3577688
3577763
3577896
3577906
3577929
3578037
3578139
3578143
3578150
3578156
3578281
3578410
3578458
3578578
3578771
3578896
3579242
3579263
3579274
3579326
3579366
3579490
3579540
3579543
3579715
3579788
3579852
3579959
3580329
3580481
3580556
3580661
3580976
3581143
3581164
3581224
3581252
3581491
3581783
3581949
3582008
3582105
3582145
3582268
3582287
3582393
3582657
3582700
3582729
3582788
3582887
3582933
3582954
3582971
3583087
3583221
3583360
3583376
3583426
3583568
3583622
3583726
3583755
3583919
3583922
3583947
3583991
3584161
3584204
3584231
3584242
3584273
3584357
3584431
3584549
3584567
3584640
3584853
3584934
3585088
3585215
3585436
3585445
3585499
3585619
3585745
3585832
3585872
3585929
3585962
3586060
3586200
3586275
3586621
3586778
3586884
3586923
3586939
3586955
3587155
3587159
3587164
3587255
3587320
3587438
3587502
3587555
3587608
3587676
3587812
3587834
3587976
3588070
3588077
3588135
3588155
3588160
3588215
3588256
3588280
3588342
3588352
3588409
3588431
3588467
3588549
3588714
3588789
3588925
3589000
3589045
3589101
3589226
3589293
3589400
3589412
3589556
3589613
3589852
3589988
3590033
3590056
3590197
3590210
3590227
3590402
3590432
3590487
3590517
3590770
3590891
3590950
3591021
3591065
3591305
3591514
3591617
3591668
3591706
3591745
3591782
3591885
3592042
3592119
3592203
3592373
3592400
3592584
3592655
3592745
3592758
3592943
3592997
3593007
3593041
3593054
3593101
3593426
3593431
3593446
3593517
3593555
3593582
3593693
3593769
3593881
3594028
3594292
3594382
3594390
3594423
3594475
3594556
3594624
3594815
3594831
3594902
3594956
3595003
3595234
3595294
3595303
3595328
3595368
3595454
3595567
3595702
3595734
3595746
3595765
3596044
3596161
3596167
3596473
3596505
3596705
3596750
3596923
3597013
3597181
3597190
3597191
3597265
3597307
3597422
3597497
3597564
3597622
3597656
3597671
3597679
3597699
3597714
3597873
3597927
3598027
3598043
3598195
3598331
3598384
3598839
3598962
3598999
3599024
3599088
3599446
3599465
3599471
3599493
3599519
3599769
3599770
3599824
3599903
3599925
3599964
3599971
3599983
3600035
3600145
3600250
3600301
3600535
3600555
3600632
3600638
3600681
3600722
3600930
3601031
3601051
3601090
3601354
3601357
3601434
3601438
3601531
3601665
3601673
3601746
3601759
3601825
3601886
3601918
3601986
3602033
3602038
3602109
3602174
3602191
3602204
3602227
3602285
3602418
3602429
3602610
3602638
3602780
3602804
3602913
3602978
3603108
3603178
3603214
3603266
3603298
3603447
3603649
3603652
3603676
3603682
3603760
3603870
3603924
3604032
3604072
3604080
3604088
3604255
3604258
3604360
3604495
3604532
3604754
3604772
3604776
3604807
3604936
3605508
3605599
3605961
3606064
3606095
3606117
3606118
3606150
3606191
3606201
3606223
3606276
3606296
3606307
3606308
3606315
3606320
3606336
3606338
3606364
3606586
3606615
3606765
3606933
3606959
3606993
3607101
3607173
3607186
3607266
3607291
3607339
3607402
3607458
3607561
3607583
3607662
3607676
3607741
3607753
3607754
3607807
3607890
3607907
3607954
3608168
3608198
3608286
3608311
3608344
3608444
3608622
3608722
3608731
3608779
3608867
3608988
3609120
3609247
3609276
3609342
3609476
3609589
3609605
3609626
3609962
3610108
3610117
3610174
3610437
3610648
3610656
3610787
3610803
3610804
3610818
3610871
3611075
3611381
3611392
3611413
3611681
3611700
3611715
3611756
3611896
3611974
3611996
3612014
3612135
3612136
3612247
3612419
3612500
3612505
3612527
3612671
3612884
3612889
3613024
3613089
3613136
3613428
3613663
3613800
3613827
3613892
3614019
3614064
3614163
3614246
3614488
3614548
3614799
3614805
3614920
3615079
3615193
3615251
3615437
3615555
3615819
3615868
3615881
3615946
3615998
3616288
3616302
3616553
3616673
3616689
3616714
3616936
3617038
3617173
3617251
3617466
3617516
3617550
3617641
3617725
3617763
3617780
3617936
3618000
3618076
3618144
3618175
3618263
3618335
3618406
3618556
3618655
3618708
3618857
3618912
3619226
3619238
3619393
3619476
3619520
3619562
3619643
3619650
3619851
3619936
3620181
3620230
3620361
3620910
3620989
3621085
3621095
3621173
3621332
3621465
3621470
3621477
3621595
3621611
3621675
3621750
3621883
3621925
3621930
3622040
3622160
3622261
3622328
3622396
3622493
3622516
3622857
3623011
3623055
3623091
3623674
3623703
3623751
3623845
3623884
3624128
3624154
3624181
3624400
3624514
3624579
3624599
3624731
3624906
3624999
3625036
3625193
3625226
3625349
3625416
3625615
3625718
3625770
3625799
3625809
3625843
3625915
3626096
3626145
3626179
3626240
3626255
3626326
3626357
3626367
3626417
3626444
3626466
3626526
3626828
3626861
3626927
3626978
3627157
3627294
3627316
3627637
3627692
3627770
3627849
3627895
3627910
3627945
3627957
3628011
3628209
3628273
3628612
3628628
3628708
3628790
3628803
3628905
3628964
3629052
3629066
3629104
3629140
3629311
3629415
3629868
3629880
3629959
3630029
3630046
3630100
3630210
3630282
3630375
3630661
3630728
3630905
3630995
3631014
3631025
3631245
3631248
3631259
3631318
3631582
3631592
3631620
3631892
3631955
3631998
3632101
3632182
3632260
3632429
3632589
3632590
3632626
3632655
3632708
3632750
3632839
3632929
3633113
3633128
3633331
3633477
3633545
3633617
3633694
3633782
3633947
3633982
3634145
3634160
3634218
3634372
3634520
3634564
3634620
3634630
3634718
3634757
3635347
3635463
3635597
3635612
3635786
3635793
3635975
3636204
3636268
3636321
3636503
3636534
3636564
3636629
3636673
3636796
3636940
3636981
3636987
3637528
3637654
3637747
3637770
3637845
3638010
3638043
3638198
3638295
3638367
3638460
3638520
3638631
3638661
3638664
3638697
3638698
3638794
3639053
3639056
3639219
3639393
3639654
3639727
3639844
3639929
3640265
3640453
3640500
3640664
3640685
3640751
3640768
3640850
3640921
3640931
3640959
3641071
3641110
3641271
3641305
3641312
3641424
3641434
3641499
3641608
3641705
3641829
3641855
3642101
3642212
3642287
3642382
3642492
3642501
3642537
3642553
3642570
3642635
3642707
3642708
3642721
3642882
3642907
3642946
3642979
3642984
3643086
3643107
3643110
3643457
3643514
3643947
3643993
3644003
3644082
3644103
3644107
3644217
3644265
3644382
3644524
3644539
3644585
3644711
3644751
3644783
3644859
3644964
3645098
3645288
3645344
3645365
3645406
3645582
3645884
3645971
3645995
3646170
3646187
3646190
3646206
3646294
3646475
3646564
3646598
3646634
3646724
3646728
3646855
3646866
3646913
3646932
3646958
3647106
3647112
3647113
3647130
3647183
3647349
3647480
3647541
3647696
3647818
3647837
3648112
3648116
3648179
3648251
3648256
3648455
3648492
3648569
3648631
3648657
3648729
3648833
3648835
3648905
3649049
3649124
3649265
3649385
3649790
3650012
3650053
3650137
3650245
3650381
3650439
3650440
3650706
3650734
3650848
3650855
3650919
3651068
3651156
3651255
3651396
3651478
3651536
3651582
3651775
3651823
3651944
3652021
3652154
3652221
3652370
3652649
3652708
3652718
3652742
3652856
3652893
3652908
3652916
3652917
3653002
3653034
3653046
3653074
3653128
3653191
3653224
3653460
3653505
3653525
3653681
3653692
3653825
3653940
3654083
3654192
3654227
3654238
3654346
3654505
3654549
3654560
3654754
3654782
3654897
3654992
3655017
3655029
3655378
3655433
3655496
3655572
3655692
3655760
3655906
3655913
3655936
3655980
3655987
3656290
3656338
3656354
3656522
3656605
3656620
3656657
3656668
3656684
3656689
3656767
3656778
3657080
3657130
3657310
3657312
3657332
3657340
3657374
3657401
3657414
3657439
3657441
3657487
3657548
3657653
3657678
3657821
3657973
3657979
3658033
3658109
3658180
3658182
3658237
3658292
3658399
3658435
3658474
3658605
3658744
3658759
3659211
3659267
3659535
3659671
3659751
3659779
3659790
3659869
3659926
3659993
3660013
3660101
3660181
3660221
3660376
3660504
3660528
3660712
3660720
3660938
3661338
3661454
3661594
3661615
3661727
3661748
3662043
3662064
3662143
3662220
3662266
3662403
3662435
3662468
3662540
3662543
3662819
3662830
3663172
3663228
3663289
3663306
3663357
3663569
3663658
3663690
3663766
3664048
3664178
3664234
3664236
3664370
3664392
3664441
3664584
3664679
3664690
3664739
3664746
3664749
3664803
3664816
3664937
3665053
3665064
3665199
3665393
3665403
3665419
3665586
3665634
3665719
3665862
3666015
3666071
3666094
3666099
3666403
3666562
3666567
3666828
3667036
3667139
3667228
3667302
3667322
3667380
3667385
3667399
3667437
3667675
3667885
3667886
3667972
3668086
3668129
3668165
3668195
3668257
3668458
3668657
3668854
3669075
3669167
3669318
3669411
3669445
3669596
3669599
3669654
3669795
3669919
3669956
3670130
3670159
3670187
3670238
3670348
3670355
3670368
3670386
3670395
3670528
3670534
3670547
3670557
3670608
3670829
3670876
3670885
3670923
3671041
3671130
3671212
3671230
3671231
3671364
3671381
3671528
3671658
3671701
3671750
3671897
3672111
3672239
3672616
3672678
3672943
3672946
3672949
3673010
3673016
3673060
3673117
3673156
3673287
3673296
3673391
3673522
3673599
3673651
3673682
3673936
3673955
3674182
3674188
3674231
3674279
3674342
3674473
3674601
3674724
3674927
3674980
3675082
3675093
3675234
3675352
3675409
3675585
3675610
3675870
3676000
3676091
3676170
3676312
3676393
3676403
3676424
3676447
3676520
3676574
3676732
3676846
3676902
3676909
3677011
3677201
3677385
3677411
3677413
3677422
3677539
3677552
3677555
3677638
3677756
3677929
3678361
3678588
3678708
3678715
3678737
3678742
3678748
3678768
3678943
3678947
3679105
3679213
3679343
3679350
3679383
3679393
3679425
3679495
3679687
3679727
3680000
3680093
3680138
3680278
3680443
3680602
3680944
3681082
3681084
3681108
3681223
3681439
3681721
3681742
3681770
3681850
3681860
3681886
3681895
3681908
3682068
3682094
3682152
3682219
3682359
3682533
3682584
3682828
3682979
3683015
3683018
3683021
3683060
3683084
3683100
3683269
3683272
3683293
3683352
3683389
3683459
3683495
3683774
3683815
3683880
3683907
3684067
3684085
3684086
3684120
3684167
3684364
3684436
3684460
3684493
3684503
3684555
3684564
3684596
3684749
3684773
3684776
3684781
3685042
3685059
3685100
3685149
3685203
3685292
3685520
3685739
3685780
3685828
3685944
3686004
3686024
3686273
3686589
3686634
3686647
3686679
3686731
3687134
3687146
3687159
3687236
3687363
3687377
3687431
3687500
3687554
3687578
3687762
3687855
3687860
3687931
3688032
3688100
3688113
3688146
3688166
3688247
3688251
3688447
3688456
3688469
3688489
3688493
3688681
3688743
3688925
3688996
3689205
3689223
3689260
3689316
3689462
3689553
3689592
3689619
3689731
3689734
3689750
3689877
3689895
3689909
3689922
3689997
3690167
3690403
3690445
3690460
3690504
3690507
3690674
3690756
3690790
3690809
3690817
3690929
3690956
3691007
3691085
3691131
3691160
3691233
3691330
3691547
3691603
3691702
3691752
3691865
3691883
3691938
3691948
3692021
3692102
3692308
3692334
3692404
3692414
3692494
3692502
3692616
3692699
3692715
3692729
3692750
3692869
3692967
3693033
3693123
3693137
3693342
3693351
3693737
3693834
3694219
3694283
3694361
3694400
3694422
3694436
3695113
3695168
3695223
3695274
3695485
3695879
3695894
3695992
3695996
3696042
3696081
3696173
3696220
3696276
3696304
3696485
3696497
3696550
3696665
3696733
3696815
3696879
3696881
3696913
3697081
3697258
3697328
3697412
3697416
3697588
3697592
3697593
3697609
3697611
3697700
3697777
3697818
3697852
3698014
3698111
3698216
3698358
3698379
3698402
3698733
3698875
3699082
3699166
3699168
3699222
3699240
3699565
3699592
3699671
3699891
3700024
3700030
3700122
3700314
3700320
3700420
3700472
3700670
3700684
3700712
3700729
3700786
3700842
3700906
3701168
3701442
3701538
3701577
3701814
3701861
3701941
3701972
3702549
3702606
3702619
3702719
3702726
3702741
3702855
3703029
3703123
3703230
3703266
3703455
3703724
3703789
3704057
3704065
3704110
3704443
3704480
3704493
3704588
3704676
3704745
3704826
3704841
3704956
3705070
3705095
3705115
3705142
3705301
3705306
3705408
3705499
3705782
3705951
3705956
3706021
3706407
3706435
3706464
3706570
3706643
3706730
3706771
3706787
3706965
3706997
3707205
3707318
3707382
3707385
3707471
3707809
3707824
3707872
3707924
3707993
3708105
3708177
3708227
3708241
3708267
3708290
3708307
3708313
3708519
3708609
3708683
3708696
3708736
3708758
3708813
3708830
3708911
3708944
3708963
3708994
3709318
3709322
3709406
3709417
3709475
3709563
3709583
3709650
3709678
3709737
3709750
3709777
3709877
3710310
3710388
3710392
3710529
3710548
3710798
3710964
3710968
3711082
3711157
3711177
3711278
3711289
3711561
3711573
3711877
3711888
3711953
3712009
3712213
3712312
3712319
3712363
3712386
3712403
3712608
3712632
3712674
3712685
3712784
3712901
3712943
3713038
3713277
3713415
3713421
3713483
3713488
3713525
3713540
3713562
3713578
3713603
3713676
3713715
3713760
3713876
3714025
3714062
3714084
3714089
3714218
3714275
3714313
3714421
3714679
3714727
3714879
3714980
3715130
3715166
3715460
3715673
3715703
3715763
3715765
3715848
3716083
3716161
3716353
3716491
3716756
3716821
3716996
3717397
3717426
3717443
3717461
3717498
3717499
3717642
3717960
3718163
3718167
3718253
3718396
3718405
3718445
3718524
3718535
3718767
3718783
3718822
3718962
3719076
3719164
3719181
3719370
3719504
3719544
3719553
3719754
3719758
3719784
3719820
3719874
3719942
3719951
3719953
3720040
3720307
3720471
3720666
3720729
3720745
3720758
3720823
3720834
3721037
3721052
3721101
3721144
3721204
3721248
3721651
3721769
3721773
3721817
3721945
3721985
3722025
3722237
3722375
3722381
3722385
3722441
3722537
3722563
3722680
3722696
3722718
3722728
3722755
3722819
3722859
3722865
3723075
3723104
3723153
3723335
3723373
3723432
3723546
3723647
3723855
3723989
3724076
3724140
3724378
3724412
3724442
3724574
3724745
3724966
3725037
3725125
3725241
3725314
3725341
3725420
3725491
3725672
3725710
3725888
3725912
3725921
3725994
3726064
3726270
3726292
3726304
3726354
3726400
3726523
3726563
3726617
3726646
3726688
3726709
3726714
3726778
3726796
3726855
3726863
3726908
3726983
3727136
3727142
3727494
3727656
3727663
3727697
3727917
3727968
3728050
3728157
3728188
3728317
3728402
3728458
3728562
3728691
3728711
3728885
3728887
3729009
3729343
3729383
3729432
3729715
3729727
3729853
3729859
3729942
3730062
3730073
3730090
3730176
3730177
3730189
3730315
3730361
3730370
3730519
3730662
3730673
3730774
3730821
3730997
3731247
3731257
3731375
3731380
3731397
3731474
3731628
3731633
3731698
3731706
3731770
3731873
3731905
3732073
3732129
3732201
3732214
3732603
3732742
3732968
3732990
3733028
3733173
3733493
3733539
3733580
3733631
3733875
3733878
3734060
3734295
3734418
3734523
3734581
3734877
3734915
3734925
3734931
3734946
3735080
3735145
3735384
3735396
3735405
3735586
3735603
3735912
3736073
3736136
3736182
3736281
3736324
3736500
3736502
3736526
3736540
3736689
3736727
3736730
3736777
3737090
3737115
3737181
3737220
3737479
3737498
3737518
3737603
3737715
3737822
3737902
3737941
3738135
3738285
3738418
3738464
3738559
3738618
3738808
3738856
3738910
3738917
3738930
3739020
3739214
3739286
3739469
3739502
3739506
3739740
3739790
3739984
3740064
3740138
3740227
3740242
3740396
3740410
3740439
3740485
3740499
3740513
3740587
3740641
3740690
3740716
3740737
3740799
3740875
3740937
3741384
3741521
3741644
3741730
3741968
3741992
3742033
3742068
3742217
3742307
3742330
3742493
3742560
3742619
3742632
3742674
3742872
3742889
3743129
3743130
3743212
3743329
3743633
3743809
3743904
3743950
3744065
3744163
3744182
3744190
3744229
3744497
3744628
3744710
3744744
3744751
3744804
3744808
3744899
3744940
3744980
3745030
3745063
3745080
3745227
3745329
3745478
3745563
3745593
3745650
3745651
3745661
3745790
3745960
3745972
3745985
3746157
3746198
3746272
3746317
3746514
3746543
3746583
3746638
3746649
3746662
3746692
3746693
3746738
3746806
3746861
3746866
3747142
3747194
3747199
3747201
3747305
3747431
3747470
3747504
3747685
3747787
3747885
3748013
3748018
3748120
3748184
3748198
3748243
3748462
3748560
3748658
3748729
3748748
3749230
3749284
3749442
3749450
3749505
3749552
3749555
3749700
3749915
3750013
3750017
3750036
3750110
3750240
3750272
3750296
3750367
3750512
3750564
3750567
3750611
3750646
3750852
3750905
3750916
3750935
3750993
3751290
3751312
3751428
3751467
3751498
3751514
3751596
3751692
3751801
3751878
3751915
3752015
3752171
3752360
3752475
3752536
3752554
3752609
3753052
3753065
3753092
3753228
3753288
3753360
3753844
3754025
3754216
3754306
3754392
3754395
3754561
3754918
3755048
3755057
3755377
3755427
3755469
3755483
3755504
3755538
3755546
3755731
3755747
3755910
3756102
3756169
3756310
3756380
3756676
3756679
3756694
3756734
3756745
3756806
3756838
3756921
3757344
3757383
3757429
3757515
3757615
3757751
3757841
3757933
3757960
3757976
3758067
3758069
3758221
3758329
3758338
3758353
3758382
3758422
3758536
3758542
3758753
3758805
3758858
3758867
3758979
3759127
3759230
3759233
3759273
3759519
3759621
3759785
3759793
3759841
3759867
3760256
3760275
3760304
3760446
3760596
3760841
3760944
3760993
3761004
3761058
3761140
3761198
3761204
3761265
3761295
3761363
3761413
3761827
3761855
3762021
3762306
3762371
3762614
3762618
3762687
3762782
3762793
3762884
3763132
3763250
3763317
3763414
3763544
3763573
3763637
3763764
3763834
3763956
3764050
3764056
3764230
3764342
3764456
3764481
3764542
3764559
3764574
3764641
3764708
3764758
3764826
3765109
3765266
3765308
3765346
3765347
3765363
3765425
3765695
3765759
3765953
3765983
3765987
3766038
3766068
3766198
3766550
3766663
3766666
3766798
3767031
3767217
3767461
3767475
3767551
3767568
3767654
3767725
3767726
3767752
3767775
3767799
3767944
3768031
3768128
3768179
3768184
3768377
3768465
3768666
3768673
3768754
3768903
3769005
3769029
3769045
3769057
3769078
3769117
3769214
3769281
3769300
3769371
3769422
3769461
3769590
3769724
3769744
3769792
3769865
3769869
3769874
3769962
3769964
3769984
3770044
3770047
3770092
3770113
3770139
3770210
3770296
3770340
3770360
3770699
3770731
3770865
3770984
3771021
3771418
3771515
3771536
3771560
3771615
3771768
3771821
3771912
3771966
3772047
3772049
3772323
3772417
3772614
3772651
3772701
3772705
3772770
3772893
3772981
3773106
3773152
3773255
3773274
3773315
3773368
3773428
3773454
3773460
3773584
3773585
3773620
3773728
3773943
3773949
3773969
3773975
3773993
3774018
3774093
3774096
3774151
3774215
3774260
3774279
3774348
3774518
3774531
3774578
3774814
3774874
3774875
3775032
3775113
3775139
3775401
3775441
3775475
3775605
3775721
3775839
3775908
3776122
3776149
3776152
3776185
3776207
3776224
3776316
3776325
3776332
3776369
3776765
3776781
3776814
3776827
3776854
3777003
3777016
3777018
3777103
3777114
3777428
3777536
3777651
3777742
3777745
3777896
3777914
3777995
3778251
3778266
3778356
3778410
3778457
3778666
3778882
3779135
3779181
3779567
3779612
3779636
3779674
3779715
3779747
3779849
3779875
3779914
3780007
3780075
3780094
3780156
3780317
3780366
3780372
3780374
3780472
3780473
3780666
3780668
3780733
3780753
3780797
3780912
3780925
3780956
3781018
3781050
3781157
3781283
3781538
3781615
3781746
3781791
3781803
3781888
3781923
3781958
3781982
3782226
3782286
3782420
3782511
3782560
3782704
3782753
3782807
3782848
3782947
3782951
3782972
3783309
3783340
3783603
3783636
3783752
3783811
3783843
3783899
3784038
3784054
3784178
3784186
3784404
3784581
3784780
3784909
3785020
3785042
3785379
3785419
3785601
3785676
3785864
3785927
3785976
3786255
3786261
3786298
3786326
3786382
3786395
3786436
3786497
3786591
3786663
3786876
3786909
3787085
3787137
3787156
3787396
3787429
3787460
3787462
3787488
3787605
3787653
3787876
3787898
3787981
3788007
3788019
3788039
3788040
3788131
3788156
3788216
3788246
3788329
3788433
3788458
3788471
3788482
3788491
3788793
3788842
3788867
3788881
3788952
3788978
3789102
3789123
3789280
3789469
3789475
3789485
3789581
3789626
3789648
3789740
3789817
3789825
3789955
3789973
3790075
3790149
3790233
3790262
3790416
3790466
3790690
3790698
3790785
3790992
3791177
3791423
3791545
3791614
3791628
3791827
3791851
3791906
3791926
3791957
3792115
3792126
3792235
3792251
3792376
3792380
3792397
3792450
3792469
3792661
3792664
3793005
3793061
3793071
3793427
3793440
3793554
3793697
3793709
3793716
3793739
3793759
3794016
3794176
3794229
3794262
3794350
3794409
3794435
3794525
3794934
3795281
3795370
3795484
3795512
3795518
3795717
3795766
3795879
3795920
3795974
3796017
3796118
3796155
3796160
3796381
3796452
3796537
3796598
3796634
3796693
3796728
3796838
3796876
3796970
3797248
3797453
3797469
3797517
3797540
3797673
3797685
3797802
3798033
3798179
3798308
3798328
3798443
3798504
3798569
3798603
3798637
3798916
3798968
3798976
3798978
3799050
3799053
3799154
3799758
3799809
3799880
3799970
3800000
3800248
3800287
3800314
3800327
3800549
3800570
3800656
3800711
3801389
3801528
3801651
3801794
3801910
3801956
3801980
3802205
3802267
3802396
3802400
3802727
3803020
3803074
3803127
3803134
3803178
3803179
3803211
3803287
3803300
3803303
3803617
3803662
3803679
3803751
3803820
3803840
3804026
3804269
3804271
3804353
3804483
3804526
3804716
3805092
3805117
3805130
3805164
3805341
3805445
3805454
3805505
3805683
3805821
3805926
3805938
3805994
3806003
3806024
3806116
3806196
3806323
3806603
3806687
3806738
3806854
3806881
3806887
3806899
3807038
3807043
3807065
3807117
3807150
3807198
3807249
3807297
3807480
3807537
3807723
3807743
3807787
3807847
3807849
3807865
3807919
3807991
3808125
3808160
3808276
3808298
3808328
3808483
3808627
3808873
3808990
3809033
3809148
3809208
3809304
3809323
3809359
3809472
3809655
3809716
3809762
3809801
3810154
3810339
3810383
3810405
3810518
3810532
3810597
3810641
3810669
3810760
3810857
3810864
3810888
3811023
3811352
3811380
3811441
3811510
3811633
3811915
3811932
3811983
3812086
3812097
3812158
3812193
3812345
3812367
3812368
3812585
3812780
3812840
3812850
3812910
3812960
3812968
3813022
3813103
3813276
3813515
3813523
3813675
3813701
3813778
3813784
3813826
3813906
3813909
3814073
3814092
3814673
3814688
3814752
3814884
3814962
3814995
3815095
3815154
3815165
3815277
3815383
3815591
3815596
3815611
3815619
3815721
3815787
3815884
3815954
3816017
3816193
3816244
3816270
3816416
3816456
3816466
3816597
3816791
3816978
3817013
3817029
3817038
3817086
3817118
3817166
3817212
3817312
3817332
3817509
3817547
3817833
3817860
3817906
3817985
3818094
3818119
3818122
3818275
3818305
3818323
3818550
3818715
3818783
3818855
3819090
3819180
3819263
3819265
3819290
3819528
3819539
3819712
3819720
3819823
3819976
3820133
3820212
3820263
3820270
3820331
3820425
3820457
3820696
3820714
3820765
3820807
3820887
3820955
3820972
3821028
3821119
3821131
3821369
3821398
3821446
3821447
3821607
3821619
3821621
3821638
3821693
3821734
3821837
3821872
3821999
3822027
3822075
3822399
3822467
3822477
3822635
3822686
3822876
3822940
3823093
3823116
3823169
3823173
3823208
3823290
3823474
3823520
3823589
3823781
3823945
3824066
3824151
3824328
3824390
3824652
3824660
3824788
3824809
3824812
3824960
3824988
3825060
3825070
3825105
3825435
3825663
3825799
3825831
3825902
3825954
3825957
3826094
3826103
3826268
3826325
3826380
3826401
3826403
3826441
3826451
3826633
3826686
3826755
3826850
3827034
3827074
3827114
3827149
3827489
3827590
3827604
3827642
3827699
3827786
3827806
3827921
3827985
3828122
3828167
3828234
3828317
3828319
3828339
3828746
3828752
3828782
3828955
3828967
3829019
3829032
3829033
3829275
3829376
3829455
3829742
3829763
3829897
3829945
3829995
3830090
3830095
3830142
3830211
3830267
3830320
3830362
3830683
3830792
3830965
3831025
3831029
3831065
3831169
3831180
3831196
3831208
3831343
3831390
3831471
3831491
3831559
3831588
3831773
3831845
3831852
3831875
3831918
3831924
3832271
3832294
3832352
3832399
3832535
3832600
3832677
3832769
3832801
3832900
3832901
3832938
3833078
3833105
3833229
3833274
3833457
3833710
3833814
3833844
3833942
3834029
3834159
3834290
3834453
3834545
3834572
3834684
3834861
3834899
3834963
3835020
3835044
3835052
3835062
3835064
3835066
3835492
3835596
3835600
3835620
3835699
3836016
3836033
3836075
3836217
3836512
3836529
3836566
3836569
3836711
3836760
3836771
3836773
3836797
3836812
3836827
3836940
3837001
3837063
3837153
3837249
3837250
3837319
3837395
3837418
3837522
3837528
3837633
3837676
3837742
3837986
3838000
3838005
3838058
3838214
3838327
3838410
3838456
3838498
3838564
3838566
3838619
3838774
3838932
3838967
3839163
3839224
3839444
3839487
3839767
3839779
3839864
3839927
3839958
3840035
3840141
3840217
3840287
3840475
3840526
3840554
3840579
3840699
3840760
3840828
3840897
3840910
3840971
3840981
3841009
3841024
3841041
3841045
3841118
3841178
3841223
3841269
3841300
3841510
3841552
3841589
3841755
3841811
3841814
3841941
3841963
3842183
3842290
3842402
3842414
3842488
3842532
3842886
3843053
3843187
3843457
3843486
3843560
3843632
3843754
3843782
3843847
3844089
3844205
3844218
3844226
3844317
3844863
3845018
3845179
3845184
3845249
3845255
3845268
3845273
3845313
3845537
3845587
3845656
3845662
3845711
3845747
3845907
3846055
3846065
3846087
3846103
3846250
3846404
3846448
3846469
3846541
3846662
3846700
3846733
3846803
3846811
3847083
3847155
3847319
3847347
3847356
3847363
3847468
3847609
3847910
3847925
3848179
3848196
3848238
3848314
3848321
3848348
3848366
3848481
3848546
3848547
3848568
3848626
3848643
3848671
3848777
3848814
3848847
3848885
3848942
3849004
3849016
3849048
3849054
3849062
3849371
3849717
3849726
3849770
3849809
3849818
3850051
3850126
3850128
3850306
3850362
3850365
3850394
3850525
3850530
3850576
3850657
3850728
3850989
3851071
3851155
3851181
3851443
3851474
3851565
3851592
3851842
3851858
3852003
3852090
3852256
3852335
3852413
3852427
3852428
3852464
3852498
3852548
3852829
3852834
3852992
3853235
3853248
3853268
3853354
3853436
3853457
3853604
3853686
3853699
3853813
3854024
3854309
3854323
3854417
3854435
3854544
3854729
3854757
3854795
3854896
3854992
3855028
3855112
3855493
3855539
3855626
3855707
3855721
3855871
3855971
3855997
3856142
3856161
3856221
3856283
3856362
3856375
3856464
3856661
3856712
3856734
3857134
3857237
3857597
3857704
3857708
3857727
3857886
3857893
3857915
3857993
3858167
3858211
3858284
3858761
3858809
3858884
3858887
3858935
3859004
3859264
3859370
3859417
3859460
3859730
3859771
3859881
3859936
3859995
3860179
3860226
3860378
3860505
3860541
3860749
3860769
3860792
3860862
3860870
3860885
3860981
3860992
3861123
3861168
3861329
3861418
3861516
3861568
3861616
3861630
3861632
3861779
3862000
3862032
3862144
3862211
3862227
3862267
3862353
3862434
3862478
3862481
3862491
3862531
3862784
3862818
3862924
3863005
3863122
3863251
3863330
3863445
3863615
3863721
3863791
3863848
3863856
3864240
3864298
3864310
3864349
3864645
3864727
3864745
3865025
3865059
3865176
3865252
3865311
3865427
3865494
3865507
3865630
3865713
3865792
3865813
3865829
3865842
3865976
3866037
3866472
3866486
3866547
3866715
3866905
3867164
3867170
3867453
3867636
3867649
3867838
3868354
3868531
3868599
3868803
3868830
3869011
3869152
3869198
3869250
3869341
3869363
3869375
3869417
3869431
3869433
3869701
3869728
3869732
3869776
3870185
3870280
3870326
3870333
3870362
3870440
3870487
3870522
3870542
3870782
3870827
3870844
3871022
3871120
3871206
3871259
3871395
3871477
3871541
3871635
3871669
3871714
3871795
3871839
3871874
3872024
3872036
3872061
3872241
3872391
3872492
3872539
3872611
3872614
3872741
3872754
3872841
3872849
3872850
3872881
3872961
3873028
3873106
3873129
3873599
3873609
3873749
3873767
3873796
3873823
3873963
3874064
3874083
3874159
3874183
3874311
3874703
3874762
3874958
3875163
3875173
3875194
3875210
3875216
3875250
3875332
3875410
3875427
3875461
3875488
3875560
3875645
3875704
3875801
3876020
3876045
3876060
3876162
3876163
3876320
3876766
3876920
3876932
3877011
3877077
3877089
3877176
3877274
3877430
3877559
3877835
3878076
3878107
3878115
3878146
3878280
3878302
3878375
3878505
3878566
3878573
3878625
3878635
3878765
3879011
3879033
3879399
3879520
3879688
3879865
3880028
3880072
3880087
3880163
3880295
3880359
3880518
3880530
3880584
3880616
3880648
3880670
3880839
3880856
3880899
3880929
3881007
3881018
3881087
3881154
3881190
3881452
3881565
3881772
3881776
3881793
3881889
3881960
3881977
3882129
3882420
3882437
3882461
3882791
3882853
3882913
3882971
3883159
3883187
3883231
3883233
3883321
3883425
3883472
3883531
3883538
3883688
3883743
3883882
3884083
3884086
3884098
3884104
3884126
3884155
3884197
3884223
3884307
3884334
3884386
3884523
3884539
3884611
3884613
3884644
3884660
3884704
3884853
3884875
3884909
3884966
3885213
3885250
3885260
3885287
3885300
3885339
3885429
3885479
3885543
3885545
3885557
3885566
3885664
3885808
3885865
3885950
3886215
3886217
3886230
3886284
3886315
3886387
3886436
3886530
3886679
3886778
3887088
3887239
3887241
3887247
3887275
3887465
3887979
3887986
3888104
3888159
3888279
3888465
3888474
3888536
3888623
3888865
3888939
3888947
3889018
3889075
3889228
3889263
3889295
3889349
3889462
3890034
3890056
3890100
3890101
3890209
3890221
3890555
3890763
3890989
3891188
3891242
3891262
3891481
3891784
3891886
3891961
3891988
3892009
3892019
3892310
3892356
3892477
3892516
3892527
3892559
3892594
3892707
3892777
3892809
3892840
3892997
3893033
3893059
3893148
3893157
3893315
3893568
3893671
3893743
3893854
3893861
3893920
3894202
3894208
3894543
3894602
3894656
3894672
3894679
3894805
3895088
3895213
3895467
3895609
3895679
3895731
3895987
3896104
3896139
3896237
3896479
3896488
3896501
3896508
3896648
3896650
3896743
3896763
3896816
3896892
3896928
3896983
3896998
3897157
3897506
3897523
3897621
3897884
3897890
3898119
3898173
3898235
3898427
3898531
3898564
3898711
3898778
3898903
3899006
3899170
3899228
3899280
3899309
3899321
3899328
3899339
3899440
3899464
3899616
3899936
3900110
3900127
3900196
3900481
3900488
3900575
3900606
3900627
3900722
3900842
3900875
3900936
3900997
3901043
3901194
3901255
3901382
3901408
3901501
3901533
3901564
3901705
3901940
3902013
3902020
3902239
3902240
3902307
3902620
3902742
3903003
3903098
3903130
3903132
3903814
3903837
3903847
3903862
3903868
3904235
3904253
3904414
3904592
3904674
3904702
3905098
3905137
3905266
3905611
3905810
3905992
3906294
3906421
3906447
3906460
3906597
3906600
3906681
3906701
3906765
3906813
3906860
3907450
3907464
3907476
3907487
3907660
3907688
3907784
3907787
3907861
3907886
3907952
3907967
3908231
3908251
3908514
3908560
3908655
3908657
3908775
3908788
3908827
3909006
3909072
3909081
3909178
3909198
3909419
3909507
3909554
3909663
3909693
3909738
3909773
3909857
3910067
3910079
3910128
3910148
3910232
3910296
3910381
3910422
3910538
3910584
3910675
3910701
3910859
3910880
3910947
3910992
3911329
3911435
3911455
3911597
3911647
3911686
3911765
3911856
3911967
3912199
3912283
3912519
3912535
3912572
3912735
3913290
3913454
3913562
3913673
3913729
3913740
3913953
3913998
3914055
3914135
3914203
3914227
3914228
3914319
3914518
3914590
3914738
3914778
3914912
3914939
3914950
3914961
3915011
3915017
3915080
3915208
3915211
3915255
3915440
3915549
3915649
3915653
3915771
3915840
3915959
3916049
3916375
3916674
3916714
3916718
3916790
3916863
3916869
3916960
3917233
3917390
3917469
3917472
3917506
3917756
3917778
3918033
3918120
3918310
3918329
3918379
3918443
3918479
3918482
3918689
3918844
3918861
3918954
3919045
3919047
3919063
3919122
3919160
3919177
3919255
3919301
3919501
3919583
3919767
3919836
3919865
3919885
3919921
3920380
3920408
3920545
3920582
3920615
3920830
3920846
3920942
3921107
3921120
3921211
3921219
3921649
3921696
3921708
3921789
3921984
3922117
3922356
3922400
3922419
3922624
3922727
3922767
3922830
3922838
3922933
3923008
3923104
3923242
3923306
3923370
3923721
3923730
3923794
3923805
3923872
3924243
3924315
3924472
3924516
3924722
3924778
3925077
3925087
3925091
3925139
3925165
3925206
3925228
3925255
3925259
3925342
3925774
3925900
3926024
3926054
3926061
3926089
3926146
3926155
3926196
3926322
3926664
3926763
3926982
3927020
3927087
3927297
3927303
3927369
3927429
3927485
3927492
3927508
3927563
3927583
3927597
3927605
3927935
3927961
3927982
3928088
3928092
3928102
3928207
3928232
3928242
3928253
3928327
3928388
3928397
3928507
3928638
3928759
3929083
3929178
3929351
3929658
3929745
3929776
3929787
3929875
3929953
3929980
3930019
3930143
3930189
3930226
3930277
3930324
3930409
3930752
3930799
3930891
3931040
3931156
3931289
3931367
3931446
3931538
3931540
3931726
3931843
3931913
3932080
3932094
3932156
3932212
3932241
3932359
3932360
3932411
3932595
3932615
3932659
3932682
3932833
3932849
3932864
3932947
3933040
3933084
3933095
3933175
3933268
3933277
3933327
3933514
3933540
3933783
3933838
3933849
3934055
3934186
3934286
3934313
3934362
3934432
3934550
3934675
3934735
3934753
3935050
3935085
3935270
3935400
3935432
3935529
3935557
3935729
3935824
3935861
3935942
3935967
3936310
3936404
3936438
3936515
3936662
3936695
3936704
3936814
3936948
3937033
3937149
3937162
3937261
3937318
3937419
3937553
3937658
3937684
3937860
3938079
3938081
3938093
3938207
3938220
3938289
3938348
3938456
3938520
3938538
3938577
3939297
3939477
3939512
3939613
3939828
3940067
3940091
3940134
3940228
3940279
3940322
3940485
3940561
3940610
3940671
3940793
3940924
3940968
3941019
3941041
3941057
3941070
3941237
3941262
3941287
3941298
3941311
3941394
3941690
3941927
3942029
3942092
3942108
3942157
3942440
3942541
3942606
3942719
3942739
3942789
3942925
3942959
3943089
3943634
3944090
3944115
3944257
3944618
3944712
3944911
3944985
3945191
3945254
3945458
3945601
3945663
3945890
3945939
3945976
3946049
3946072
3946078
3946137
3946141
3946146
3946186
3946197
3946475
3946707
3946769
3946790
3946868
3946918
3946924
3946951
3946976
3947122
3947199
3947291
3947318
3947438
3947683
3947705
3947788
3947917
3947935
3948004
3948046
3948100
3948134
3948165
3948270
3948304
3948324
3948508
3948552
3948735
3948861
3948926
3949217
3949259
3949276
3949657
3949781
3949850
3949885
3949959
3949996
3950114
3950127
3950237
3950268
3950325
3950512
3950592
3950647
3950922
3951013
3951051
3951070
3951171
3951234
3951609
3951634
3951656
3951680
3951708
3951812
3952078
3952110
3952132
3952240
3952248
3952281
3952309
3952310
3952357
3952370
3952399
3952557
3952661
3952707
3952927
3953132
3953164
3953235
3953282
3953330
3953337
3953358
3953448
3953454
3953537
3953746
3954119
3954246
3954288
3954334
3954355
3954418
3954420
3954457
3954589
3954651
3954704
3954749
3954953
3955178
3955536
3955584
3955588
3955681
3955698
3955838
3955906
3955928
3956263
3956312
3956493
3956588
3956733
3956832
3956951
3957113
3957243
3957357
3957416
3957465
3957529
3957692
3957758
3957792
3957806
3957920
3957923
3957990
3958123
3958392
3958404
3958584
3958653
3958705
3958728
3958840
3958865
3958872
3958946
3959036
3959125
3959139
3959204
3959305
3959339
3959528
3959564
3959621
3959662
3959723
3959783
3959819
3959957
3959989
3960408
3960427
3960466
3960634
3960670
3960760
3960867
3960928
3960929
3961013
3961075
3961085
3961288
3961343
3961354
3961403
3961408
3961441
3961656
3961768
3961807
3961839
3961891
3961904
3962018
3962244
3962305
3962366
3962419
3962565
3962599
3962670
3962672
3962892
3963200
3963293
3963309
3963363
3963421
3963442
3963635
3963708
3963865
3963951
3964096
3964199
3964360
3964373
3964429
3964469
3964512
3964519
3964582
3964597
3964619
3964656
3965057
3965150
3965319
3965502
3965517
3965534
3965681
3965792
3965811
3965828
3965846
3965910
3966302
3966371
3966448
3966459
3966491
3966530
3966601
3966632
3966639
3966744
3966880
3967035
3967036
3967060
3967255
3967450
3967837
3967851
3967855
3967920
3967951
3967996
3968012
3968108
3968187
3968418
3968645
3968658
3968698
3968758
3968874
3969030
3969093
3969121
3969174
3969186
3969260
3969280
3969611
3969856
3969958
3969964
3970224
3970231
3970247
3970252
3970308
3970430
3970448
3970504
3970576
3970618
3970778
3971022
3971036
3971131
3971157
3971188
3971372
3971676
3971711
3971775
3971833
3971979
3972345
3972372
3972422
3972474
3972722
3972758
3972928
3973117
3973320
3973531
3973568
3973687
3973885
3973980
3973998
3974101
3974113
3974221
3974591
3974610
3974621
3974641
3974800
3974835
3975121
3975125
3975283
3975380
3975504
3975639
3975716
3975723
3975766
3975786
3975937
3976001
3976073
3976217
3976233
3976271
3976379
3976461
3976699
3976715
3976749
3976985
3977072
3977106
3977227
3977251
3977504
3977646
3977923
3978107
3978312
3978411
3978563
3978565
3978652
3978693
3978696
3978849
3978859
3978956
3978981
3979060
3979125
3979175
3979260
3979330
3979438
3979718
3979798
3979860
3980050
3980171
3980720
3980811
3980926
3980952
3981001
3981089
3981167
3981179
3981214
3981524
3981595
3981624
3981660
3981810
3981852
3982078
3982111
3982143
3982235
3982236
3982334
3982340
3982472
3982643
3982682
3982724
3982745
3982755
3982773
3982782
3983125
3983151
3983482
3983568
3983575
3983675
3983700
3983949
3983995
3984006
3984025
3984046
3984064
3984194
3984277
3984524
3984588
3984623
3984647
3984947
3985049
3985282
3985320
3985333
3985379
3985416
3985446
3985483
3985519
3985724
3985763
3986150
3986405
3986529
3986532
3986539
3986670
3986719
3986730
3986752
3986825
3986961
3986983
3987172
3987201
3987319
3987335
3987496
3987667
3987721
3987771
3987871
3988018
3988038
3988240
3988295
3988390
3988395
3988592
3988618
3988695
3988846
3989067
3989092
3989134
3989179
3989229
3989283
3989325
3989326
3989508
3989779
3989808
3989929
3989953
3989975
3989998
3990235
3990293
3990358
3990369
3990376
3990393
3990436
3990527
3990680
3990900
3990931
3990953
3990956
3991039
3991161
3991238
3991377
3991424
3991512
3991736
3991791
3991804
3991806
3991818
3991829
3991869
3991970
3992169
3992264
3992483
3992560
3992575
3992777
3992840
3992872
3992879
3992930
3993085
3993125
3993307
3993338
3993384
3993389
3993768
3993812
3993888
3993925
3993937
3993983
3994162
3994300
3994323
3994394
3994433
3994473
3994480
3994539
3994629
3994810
3994829
3995137
3995168
3995198
3995413
3995509
3995599
3995696
3995717
3995867
3995968
3996031
3996209
3996311
3996344
3996379
3996414
3996437
3996494
3996538
3996602
3996618
3996676
3996712
3996865
3997048
3997065
3997166
3997223
3997328
3997393
3997549
3997660
3997708
3998067
3998161
3998186
3998196
3998378
3998457
3998557
3998576
3998715
3999182
3999327
3999535
3999641
3999667
3999824
3999845
3999857
4000223
4000256
4000297
4000349
4000408
4000472
4000506
4000604
4000612
4000654
4000756
4000806
4000876
4000908
4001014
4001089
4001095
4001142
4001158
4001374
4001564
4001689
4001728
4001737
4001970
4002132
4002339
4002416
4002439
4002513
4002770
4002923
4002965
4002976
4003013
4003216
4003433
4003473
4003802
4003894
4003943
4004164
4004168
4004229
4004238
4004270
4004323
4004366
4004392
4004450
4004676
4004707
4004792
4005100
4005115
4005141
4005152
4005191
4005231
4005590
4005696
4005704
4005722
4005919
4006015
4006059
4006187
4006340
4006376
4006445
4006489
4006649
4006745
4006768
4006845
4006883
4006906
4007026
4007082
4007089
4007141
4007146
4007392
4007447
4007497
4007517
4007522
4007661
4007691
4007695
4007990
4008242
4008282
4008311
4008367
4008377
4008498
4008544
4008689
4008715
4008746
4008776
4008786
4008990
4009019
4009101
4009155
4009203
4009317
4009468
4009519
4009581
4009727
4009785
4009851
4009907
4009967
4010031
4010138
4010245
4010270
4010333
4010376
4010445
4010492
4010562
4010677
4010792
4010807
4010942
4010965
4011036
4011082
4011139
4011180
4011224
4011425
4011702
4011849
4011926
4012003
4012009
4012049
4012086
4012119
4012135
4012261
4012423
4012459
4012578
4012633
4012655
4012723
4012870
4012894
4012993
4013171
4013377
4013441
4013460
4013483
4013632
4013907
4013967
4014008
4014016
4014244
4014261
4014330
4014439
4014524
4014761
4015054
4015108
4015271
4015341
4015403
4015405
4015426
4015543
4015562
4015629
4015714
4015820
4015855
4016213
4016232
4016250
4016297
4016325
4016335
4016374
4016638
4016696
4016809
4017048
4017346
4017390
4017484
4017493
4017584
4017688
4017935
4018212
4018215
4018280
4018320
4018334
4018400
4018654
4018662
4018690
4018693
4018709
4018807
4018822
4018857
4019083
4019104
4019137
4019197
4019286
4019290
4019671
4019672
4019682
4019987
4020173
4020267
4020318
4020348
4020668
4020675
4020966
4021237
4021271
4021495
4021537
4021580
4021660
4021916
4021948
4021976
4022000
4022203
4022233
4022280
4022329
4022341
4022374
4022424
4022501
4022516
4022617
4022751
4022825
4022881
4022887
4023071
4023095
4023097
4023414
4023428
4023552
4023573
4023618
4023810
4024072
4024309
4024318
4024340
4024402
4024466
4024471
4024516
4024637
4024699
4024811
4025038
4025162
4025246
4025314
4025433
4025489
4025582
4025585
4025756
4025911
4026137
4026344
4026407
4026503
4026625
4026678
4026805
4026942
4027004
4027128
4027209
4027211
4027335
4027425
4027448
4027476
4027529
4027537
4027644
4027855
4027909
4028004
4028225
4028242
4028247
4028287
4028402
4028496
4028608
4028656
4028710
4028738
4028937
4029000
4029272
4029307
4029384
4029394
4029430
4029478
4029481
4029767
4029824
4030068
4030120
4030156
4030171
4030488
4030601
4030631
4030665
4030878
4031119
4031342
4031357
4031385
4031457
4031615
4031671
4031702
4031813
4031815
4031945
4031992
4032004
4032037
4032385
4032396
4032404
4032405
4032408
4032561
4032715
4032784
4032825
4032866
4032900
4032901
4032917
4033050
4033179
4033239
4033347
4033443
4033471
4033511
4033562
4033661
4033716
4033810
4034025
4034034
4034162
4034199
4034218
4034258
4034282
4034376
4034392
4034400
4034477
4034510
4034539
4034584
4034614
4034629
4034739
4034775
4034840
4034964
4035006
4035017
4035220
4035459
4035574
4035581
4035601
4035608
4035686
4035688
4035715
4035880
4035888
4035911
4036312
4036321
4036355
4036473
4036586
4036997
4037023
4037137
4037178
4037290
4037418
4037553
4037641
4037646
4037669
4037980
4038207
4038242
4038448
4038705
4038761
4038957
4039088
4039289
4039297
4039624
4039643
4039737
4039787
4039813
4039927
4040048
4040052
4040089
4040189
4040406
4040457
4040574
4040633
4040659
4040882
4040911
4040929
4040961
4041007
4041017
4041028
4041248
4041332
4041477
4041555
4041650
4041748
4041777
4041863
4042193
4042288
4042329
4042331
4042345
4042360
4042381
4042431
4042456
4042503
4042589
4042953
4043091
4043118
4043150
4043231
4043910
4044182
4044326
4044503
4044574
4044692
4044767
4044889
4044945
4045138
4045229
4045277
4045306
4045373
4045602
4045871
4045926
4045976
4046015
4046020
4046035
4046130
4046146
4046229
4046243
4046306
4046358
4046372
4046433
4046463
4046565
4046570
4046789
4047264
4047316
4047453
4047513
4047516
4048092
4048200
4048231
4048271
4048299
4048322
4048469
4048591
4048624
4048700
4048722
4048812
4048888
4048984
4049029
4049311
4049318
4049624
4049646
4049788
4049886
4049906
4049931
4049936
4049981
4050121
4050384
4050390
4050406
4050511
4050642
4050790
4050843
4051059
4051302
4051340
4051373
4051447
4051450
4051634
4052184
4052217
4052221
4052277
4052369
4052595
4052773
4052924
4053104
4053124
4053186
4053394
4053449
4053649
4053759
4053826
4053914
4053940
4054593
4054632
4054764
4054847
4054925
4055104
4055210
4055300
4055362
4055381
4055496
4055506
4055618
4055720
4055802
4055936
4056193
4056442
4056458
4056469
4056493
4056546
4056557
4056578
4056599
4056602
4056741
4056918
4057072
4057184
4057207
4057335
4057415
4057489
4057537
4057625
4057694
4057699
4057994
4058029
4058116
4058168
4058175
4058552
4058737
4058758
4058900
4058933
4058990
4059109
4059446
4059463
4059504
4059639
4059736
4059738
4059906
4059985
4060009
4060129
4060321
4060358
4060378
4060385
4060460
4060480
4060877
4060925
4060983
4061097
4061118
4061144
4061392
4061509
4061582
4061690
4061697
4061846
4061850
4062171
4062190
4062350
4062545
4062591
4063048
4063119
4063241
4063273
4063854
4064116
4064127
4064199
4064283
4064317
4064439
4064494
4064528
4064586
4064604
4064634
4064712
4064859
4064899
4064971
4065001
4065049
4065102
4065145
4065157
4065160
4065559
4065650
4065673
4065684
4065772
4065806
4065915
4066030
4066042
4066188
4066241
4066298
4066462
4066519
4066554
4066576
4066829
4066868
4066885
4066900
4066977
4066985
4067367
4067432
4067521
4067600
4067749
4067806
4067807
4067863
4067874
4067964
4068024
4068178
4068291
4068355
4068362
4068441
4068480
4068581
4068685
4068696
4068727
4068801
4068833
4068929
4069080
4069085
4069328
4069388
4069442
4069469
4069604
4069795
4069852
4069927
4070133
4070228
4070271
4070305
4070422
4070717
4070719
4070850
4070920
4071104
4071166
4071299
4071309
4071392
4071476
4071814
4071849
4071891
4071983
4072060
4072208
4072215
4072308
4072319
4072415
4072455
4072544
4072780
4072888
4073005
4073055
4073249
4073320
4073338
4073428
4073480
4073577
4073958
4073982
4074242
4074392
4074534
4074552
4074596
4074629
4074669
4074876
4074920
4075182
4075219
4075264
4075429
4075474
4075966
4075973
4076006
4076073
4076160
4076218
4076283
4076391
4076402
4076506
4076605
4076786
4076794
4076927
4076929
4077114
4077146
4077209
4077258
4077267
4077561
4077646
4077648
4077919
4077961
4078254
4078260
4078303
4078389
4078418
4078445
4078592
4078689
4078707
4078849
4078999
4079021
4079038
4079051
4079213
4079708
4079871
4079992
4080091
4080142
4080186
4080345
4080529
4080553
4080674
4080681
4080710
4080843
4080845
4080941
4080954
4080978
4081160
4081228
4081346
4081446
4081500
4081512
4081528
4081604
4081652
4081943
4082097
4082316
4082538
4082565
4082912
4082972
4083041
4083052
4083058
4083250
4083332
4083350
4083405
4083435
4083441
4083506
4083547
4083563
4083676
4084050
4084075
4084318
4084508
4084535
4084643
4085097
4085194
4085229
4085260
4085838
4085930
4086033
4086043
4086045
4086107
4086381
4086408
4086675
4086680
4086795
4086857
4086917
4087181
4087193
4087230
4087324
4087341
4087394
4087421
4087592
4087676
4087679
4087687
4087838
4088022
4088217
4088231
4088480
4088631
4088873
4089035
4089087
4089269
4089281
4089300
4089415
4089448
4089507
4089590
4089706
4089853
4089863
4089886
4089893
4089943
4089957
4090126
4090182
4090524
4090592
4090716
4090831
4090917
4090989
4091151
4091217
4091333
4091352
4091497
4091559
4091663
4091716
4091891
4092011
4092264
4092312
4092511
4092539
4092597
4092614
4092668
4092810
4092831
4092903
4093204
4093294
4093374
4093557
4093966
4094012
4094036
4094059
4094145
4094157
4094271
4094298
4094311
4094423
4094518
4094535
4094685
4094702
4094954
4094983
4094998
4095072
4095269
4095309
4095482
4095544
4095582
4095620
4095621
4095668
4095697
4095745
4095884
4095953
4095972
4096175
4096211
4096293
4096551
4096616
4096739
4096897
4097164
4097277
4097380
4097505
4097724
4097838
4097914
4098000
4098045
4098054
4098067
4098090
4098099
4098137
4098161
4098167
4098493
4098651
4098699
4098749
4098790
4098878
4099049
4099168
4099228
4099245
4099260
4099287
4099302
4099328
4099589
4099610
4099677
4099726
4099803
4099823
4099884
4099899
4099984
4100015
4100271
4100387
4100418
4100483
4100525
4100566
4100597
4100916
4100921
4101004
4101032
4101114
4101246
4101321
4101581
4101600
4101734
4101857
4101885
4101981
4102060
4102175
4102231
4102269
4102488
4102561
4102661
4102800
4102850
4102881
4102979
4102981
4103100
4103115
4103172
4103203
4103284
4103290
4103642
4103661
4104206
4104214
4104215
4104258
4104550
4104562
4104582
4104813
4105035
4105054
4105074
4105081
4105085
4105258
4105306
4105435
4105621
4105628
4105695
4105700
4105735
4105881
4106089
4106158
4106169
4106326
4106482
4106623
4106625
4106638
4106793
4106826
4106934
4107020
4107069
4107075
4107102
4107352
4107415
4107740
4107742
4107764
4108161
4108213
4108438
4108685
4108788
4109027
4109144
4109247
4109357
4109409
4109446
4109566
4109658
4109774
4109797
4109949
4110024
4110075
4110410
4110460
4110552
4110560
4110714
4110762
4110790
4110803
4110866
4110929
4110961
4111198
4111358
4111362
4111417
4111543
4111636
4111663
4111690
4111830
4111882
4112130
4112163
4112235
4112351
4112361
4112392
4112715
4112820
4112843
4112891
4112930
4112949
4113197
4113227
4113288
4113507
4113551
4113565
4113625
4113831
4113841
4114082
4114134
4114241
4114374
4114451
4114473
4114553
4114635
4114724
4114780
4114816
4114898
4115031
4115054
4115129
4115313
4115318
4115396
4115479
4115709
4115869
4115893
4115962
4115970
4115998
4116176
4116245
4116323
4116385
4116595
4116628
4116700
4116769
4116823
4116889
4116902
4117077
4117135
4117196
4117199
4117473
4117551
4117581
4117633
4117715
4117788
4117917
4117926
4117988
4117994
4118058
4118243
4118258
4118268
4118377
4118386
4118471
4118652
4118705
4118867
4118895
4118937
4118994
4119060
4119313
4119317
4119390
4119462
4119582
4119829
4119845
4119971
4119978
4120051
4120142
4120209
4120217
4120280
4120380
4120615
4120702
4120710
4120732
4120772
4120875
4121051
4121111
4121376
4121411
4121480
4121578
4121642
4121817
4121997
4122451
4122566
4122630
4122820
4122883
4122931
4122939
4123049
4123448
4123499
4123700
4123717
4124037
4124131
4124165
4124178
4124203
4124372
4124451
4124500
4124551
4124595
4124600
4124616
4124633
4124641
4124657
4124826
4125255
4125402
4125418
4125439
4125562
4125757
4125809
4125833
4125868
4125954
4126024
4126027
4126170
4126249
4126335
4126372
4126446
4126624
4126640
4126713
4126806
4126862
4126880
4127088
4127107
4127479
4127518
4127529
4127624
4127627
4127742
4128110
4128206
4128293
4128455
4128509
4128701
4128761
4128767
4128788
4128822
4129119
4129361
4129476
4129506
4129508
4129766
4129992
4130083
4130184
4130197
4130248
4130651
4130818
4130877
4130906
4130968
4131085
4131110
4131199
4131264
4131368
4131496
4131603
4131727
4131740
4131756
4131789
4131841
4131923
4132049
4132153
4132288
4132393
4132822
4132907
4133029
4133047
4133052
4133102
4133238
4133376
4133512
4133722
4133846
4133929
4134125
4134230
4134241
4134317
4134396
4134455
4134551
4134556
4134621
4134707
4134709
4134763
4134800
4134836
4134877
4134921
4134937
4135144
4135147
4135281
4135315
4135484
4135684
4135739
4135755
4135761
4135902
4135908
4135934
4136152
4136453
4136624
4136641
4136652
4136822
4136916
4136924
4137109
4137204
4137214
4137286
4137289
4137437
4137444
4137595
4137609
4137785
4137945
4138447
4138449
4138769
4138773
4138785
4138809
4138938
4139027
4139248
4139335
4139419
4139490
4139677
4139741
4139794
4139848
4140197
4140210
4140280
4140422
4140462
4140469
4140518
4140584
4140717
4140838
4140873
4140912
4141046
4141181
4141192
4141349
4141399
4141411
4141539
4141551
4141648
4141810
4141890
4141994
4142103
4142167
4142237
4142324
4142336
4142377
4142443
4142484
4142544
4142611
4142621
4142769
4142808
4142906
4142950
4143298
4143341
4143445
4143825
4143835
4143969
4144075
4144093
4144102
4144145
4144284
4144333
4144336
4144537
4144695
4144716
4144862
4145077
4145200
4145380
4145475
4145630
4145724
4145760
4145797
4145883
4146013
4146057
4146093
4146157
4146244
4146459
4146506
4146556
4146612
4146677
4146787
4146963
4146995
4147137
4147144
4147166
4147408
4147412
4147420
4147713
4147755
4147777
4147969
4148032
4148043
4148066
4148398
4148403
4148453
4148514
4148821
4148851
4148870
4148964
4149063
4149165
4149210
4149251
4149281
4149389
4149575
4149623
4149899
4149939
4149964
4150120
4150260
4150268
4150278
4150335
4150423
4150430
4150468
4150746
4150790
4150844
4150913
4151047
4151244
4151315
4151677
4151759
4151786
4151863
4151982
4152150
4152228
4152273
4152629
4152711
4152726
4152822
4153229
4153320
4153386
4153512
4153527
4153555
4153690
4153769
4153880
4153950
4153982
4154175
4154183
4154254
4154662
4154749
4154756
4154779
4154802
4155093
4155118
4155132
4155202
4155205
4155320
4155528
4155601
4155658
4155662
4155696
4155741
4155862
4155920
4155930
4156044
4156121
4156334
4156335
4156360
4156466
4156526
4156736
4156773
4156846
4156872
4156897
4157167
4157179
4157329
4157337
4157552
4157581
4157841
4157962
4158046
4158064
4158077
4158079
4158106
4158322
4158328
4158351
4158474
4158634
4158638
4158840
4158911
4159073
4159083
4159406
4159444
4159471
4159631
4159635
4159637
4159720
4159782
4159837
4159864
4159910
4160034
4160118
4160151
4160183
4160354
4160401
4160409
4160494
4160538
4160560
4160648
4160702
4160852
4161356
4161378
4161423
4161491
4161631
4161701
4161717
4161734
4161976
4162305
4162321
4162342
4162425
4162508
4162512
4162612
4162776
4162826
4162908
4163007
4163094
4163122
4163160
4163256
4163335
4163361
4163494
4163518
4163559
4163575
4163633
4163642
4163792
4164100
4164124
4164322
4164325
4164390
4164402
4164490
4164498
4164671
4164880
4165079
4165149
4165272
4165403
4165420
4165708
4165782
4165794
4165862
4165867
4165924
4165934
4165977
4166044
4166253
4166294
4166321
4166372
4166508
4166530
4166581
4166636
4166874
4167125
4167156
4167279
4167292
4167391
4167514
4167531
4167898
4167940
4167964
4167968
4168139
4168140
4168272
4168286
4168387
4168388
4168477
4168493
4168615
4168637
4168728
4168841
4168902
4169001
4169249
4169453
4169590
4169838
4169887
4169921
4169925
4169959
4170234
4170394
4170412
4170667
4170714
4170763
4170796
4170881
4170902
4170947
4171034
4171087
4171168
4171221
4171485
4171528
4171529
4171572
4171732
4172061
4172089
4172125
4172312
4172529
4172572
4172736
4172792
4172900
4172972
4173018
4173056
4173070
4173085
4173210
4173271
4173367
4173494
4173584
4173632
4173755
4173778
4173823
4173896
4173962
4173996
4174391
4174417
4174459
4174480
4174508
4174535
4174609
4174712
4174760
4174825
4175057
4175262
4175273
4175276
4175362
4175381
4175555
4175843
4175945
4176189
4176365
4176655
4176674
4176744
4176856
4176934
4176972
4177231
4177289
4177365
4177398
4177426
4177471
4177478
4177644
4177650
4177670
4177705
4178000
4178076
4178081
4178187
4178281
4178419
4178506
4178673
4178790
4178873
4178922
4178982
4179189
4179210
4179237
4179258
4179275
4179422
4179429
4179481
4179582
4179610
4179939
4179985
4180087
4180212
4180223
4180240
4180263
4180369
4180780
4180823
4180850
4180890
4181092
4181339
4181354
4181652
4181665
4181670
4181746
4181769
4181867
4181954
4182149
4182172
4182219
4182236
4182257
4182293
4182349
4182864
4182925
4182985
4183027
4183102
4183196
4183219
4183287
4183315
4183474
4183542
4183563
4183646
4183733
4183895
4183977
4184010
4184128
4184199
4184547
4184583
4184779
4184819
4185245
4185357
4185380
4185461
4185565
4185675
4185688
4185758
4185770
4185922
4186076
4186126
4186527
4186538
4186589
4186632
4186851
4186861
4186908
4187023
4187104
4187114
4187139
4187194
4187215
4187550
4187640
4187777
4187972
4187997
4188057
4188174
4188192
4188317
4188599
4188649
4188872
4189300
4189383
4189552
4189638
4189659
4189686
4189750
4190001
4190043
4190069
4190077
4190093
4190135
4190162
4190187
4190258
4190373
4190585
4190676
4190777
4190923
4190997
4191019
4191255
4191306
4191338
4191452
4191645
4191687
4191847
4191867
4192363
4192384
4192403
4192449
4192575
4192598
4192614
4192637
4192666
4192695
4192765
4192888
4192933
4192977
4193059
4193292
4193544
4193684
4193789
4193890
4193899
4193920
4194026
4194276
4194294
4194332
4194560
4194572
4194609
4194706
4194714
4194759
4194905
4195180
4195238
4195529
4195711
4195821
4195993
4196063
4196093
4196283
4196349
4196398
4196463
4196530
4196618
4196642
4196853
4196927
4196966
4196988
4197058
4197158
4197177
4197186
4197301
4197407
4197491
4197608
4197669
4197673
4198038
4198183
4198218
4198247
4198316
4198438
4198447
4198520
4198549
4198602
4198641
4198668
4198880
4198952
4199000
4199044
4199171
4199195
4199212
4199256
4199324
4199374
4199680
4199732
4199940
4199958
4200075
4200246
4200305
4200381
4200560
4200839
4200873
4201024
4201280
4201410
4201611
4201634
4201656
4201892
4201924
4202020
4202162
4202258
4202264
4202289
4202350
4202355
4202549
4202584
4202700
4202879
4202971
4202981
4202997
4203043
4203054
4203104
4203176
4203277
4203332
4203407
4203426
4203444
4203623
4203631
4203851
4203870
4204040
4204041
4204167
4204191
4204234
4204292
4204370
4204443
4204445
4204470
4204532
4204824
4204826
4204844
4205066
4205260
4205327
4205480
4205515
4205610
4205627
4205724
4205729
4205786
4205856
4206099
4206141
4206548
4206689
4206802
4206905
4207087
4207472
4207496
4207513
4207749
4207827
4207859
4207868
4207911
4208070
4208101
4208173
4208419
4208754
4208801
4208900
4208944
4209208
4209260
4209361
4209447
4209480
4209558
4209576
4209578
4209721
4209811
4210237
4210276
4210754
4210784
4210944
4211054
4211125
4211177
4211189
4211270
4211310
4211367
4211406
4211623
4211631
4211652
4211694
4211970
4212303
4212317
4212500
4212501
4212629
4212707
4212990
4213011
4213286
4213363
4213584
4213593
4213831
4213850
4213930
4213941
4214067
4214084
4214202
4214299
4214580
4214824
4214954
4215242
4215268
4215327
4215435
4215467
4215653
4215691
4215882
4216090
4216440
4216515
4216540
4216748
4216895
4216966
4216998
4217144
4217223
4217260
4217405
4217460
4217598
4217620
4217667
4217690
4218076
4218155
4218298
4218342
4218358
4218379
4218566
4218641
4218696
4218788
4218800
4218840
4218845
4218900
4219135
4219174
4219228
4219293
4219458
4219680
4219932
4220103
4220273
4220303
4220437
4220553
4220602
4220614
4220751
4220777
4220800
4220946
4221253
4221306
4221373
4221439
4221618
4221631
4221723
4221785
4221788
4221871
4222353
4222458
4222470
4223159
4223230
4223237
4223339
4223456
4223548
4223617
4223665
4223669
4223725
4223797
4223852
4224005
4224334
4224800
4225062
4225397
4225426
4225541
4225588
4225702
4225711
4225956
4226222
4226259
4226275
4226278
4226531
4226570
4226727
4226815
4226842
4226884
4227134
4227224
4227262
4227293
4227319
4227370
4227400
4227463
4227561
4227564
4227598
4227599
4227647
4227790
4227877
4227906
4227909
4227931
4227936
4228082
4228089
4228270
4228314
4228491
4228504
4228516
4228517
4228557
4228565
4228598
4228804
4228812
4228839
4228843
4228908
4229029
4229229
4229263
4229649
4229683
4229710
4229739
4229805
4229935
4230190
4230257
4230298
4230346
4230568
4230635
4230758
4230805
4231081
4231122
4231144
4231169
4231206
4231605
4231719
4231724
4231766
4231774
4231787
4231823
4231850
4231853
4231906
4231987
4232051
4232162
4232177
4232180
4232333
4232529
4232698
4232842
4232956
4232998
4233066
4233078
4233294
4233532
4233572
4233635
4233865
4233955
4234084
4234122
4234151
4234181
4234237
4234314
4234405
4234644
4234674
4234696
4234704
4234778
4234857
4234910
4234997
4235147
4235235
4235240
4235279
4235292
4235374
4235542
4235710
4235774
4235803
4235957
4236242
4236303
4236321
4236417
4236601
4236668
4236976
4237047
4237081
4237107
4237219
4237283
4237359
4237486
4237573
4237619
4237682
4237779
4237819
4237840
4237905
4237942
4238161
4238228
4238784
4238803
4238837
4238874
4239074
4239120
4239164
4239174
4239183
4239228
4239261
4239302
4239402
4239470
4239580
4239657
4239676
4240306
4240398
4240944
4240976
4241060
4241136
4241159
4241185
4241217
4241365
4241377
4241397
4241415
4241555
4241651
4241659
4241675
4241720
4241878
4241907
4242204
4242489
4242905
4242924
4242967
4242982
4243031
4243210
4243579
4243639
4243702
4243826
4243880
4243908
4243988
4244076
4244125
4244131
4244186
4244195
4244206
4244393
4244434
4244584
4244746
4244846
4245003
4245143
4245177
4245222
4245237
4245254
4245472
4245523
4245555
4245680
4245698
4245881
4245901
4246011
4246094
4246317
4246328
4246334
4246354
4246527
4246594
4246772
4246935
4246987
4247133
4247278
4247302
4247421
4247484
4247488
4247637
4247662
4247790
4247887
4247909
4247935
4248075
4248179
4248378
4248505
4248586
4248598
4248610
4248703
4248713
4248815
4248833
4248851
4248893
4249027
4249056
4249156
4249276
4249293
4249443
4249444
4249470
4249663
4249737
4249901
4250315
4250350
4250424
4250463
4250471
4250496
4250535
4250595
4250596
4250725
4250731
4250793
4250894
4250933
4251000
4251055
4251056
4251205
4251279
4251648
4251864
4251904
4251928
4251952
4251956
4252130
4252281
4252317
4252552
4252967
4253091
4253124
4253246
4253289
4253395
4253586
4253611
4253797
4253881
4254019
4254211
4254397
4254554
4254670
4254717
4254782
4254857
4254889
4254914
4254955
4254976
4255050
4255085
4255124
4255319
4255437
4255438
4255638
4255699
4255932
4255935
4255985
4256049
4256151
4256588
4256606
4256622
4256679
4256773
4256959
4257048
4257050
4257070
4257119
4257192
4257239
4257248
4257398
4257429
4257525
4257531
4257621
4257662
4257686
4257902
4258196
4258212
4258299
4258350
4258690
4258709
4258853
4259124
4259175
4259494
4259510
4259625
4259691
4259713
4259774
4259875
4259934
4260070
4260188
4260387
4260393
4260425
4260493
4260516
4260536
4260778
4260846
4260917
4261075
4261206
4261301
4261308
4261324
4261338
4261384
4261483
4261650
4261848
4261877
4261887
4261975
4261979
4262104
4262130
4262356
4262637
4262813
4262892
4263217
4263317
4263339
4263445
4263503
4263690
4263738
4263756
4263856
4263897
4264184
4264207
4264221
4264256
4264318
4264395
4264488
4264655
4264671
4264700
4264827
4264838
4264913
4264992
4265049
4265050
4265160
4265266
4265350
4265493
4265525
4265794
4265830
4265858
4265904
4265924
4266065
4266104
4266177
4266201
4266423
4266500
4266859
4267210
4267218
4267247
4267338
4267448
4267630
4267646
4267693
4267780
4267916
4267973
4268062
4268074
4268113
4268302
4268429
4268635
4268706
4268882
4268961
4269228
4269421
4269634
4269690
4269871
4269984
4270249
4270390
4270447
4270738
4270750
4270785
4270848
4270888
4270998
4271049
4271127
4271460
4271472
4271605
4271625
4271902
4272004
4272046
4272086
4272090
4272129
4272238
4272292
4272341
4272584
4272765
4272788
4272826
4272860
4272996
4273016
4273170
4273175
4273198
4273201
4273269
4273436
4273458
4273885
4274017
4274080
4274160
4274204
4274397
4274451
4274497
4274979
4274985
4275210
4275321
4275499
4275606
4275676
4275699
4275949
4276196
4276256
4276341
4276445
4276474
4276632
4276635
4276662
4276847
4276869
4276893
4276921
4277171
4277456
4277495
4277509
4277621
4277637
4277662
4277745
4277956
4278300
4278333
4278364
4278372
4278407
4278451
4278560
4278574
4278591
4278688
4278784
4278815
4278825
4278940
4278953
4278962
4279072
4279120
4279592
4279628
4279689
4280055
4280404
4280618
4280642
4280675
4280697
4280932
4281066
4281213
4281344
4281430
4281475
4281549
4281640
4281709
4281768
4281828
4281866
4281868
4281892
4281977
4282015
4282054
4282124
4282157
4282167
4282497
4282541
4282554
4282737
4282757
4282792
4282885
4282916
4282981
4283008
4283010
4283284
4283299
4283314
4283327
4283541
4283546
4283621
4283692
4283697
4283721
4283727
4283728
4283741
4283760
4283861
4283886
4283901
4283902
4283905
4284012
4284230
4284246
4284294
4284326
4284416
4284883
4284900
4284997
4285057
4285117
4285357
4285491
4285735
4285750
4285891
4285899
4286013
4286088
4286249
4286270
4286274
4286275
4286359
4286397
4286444
4286704
4286812
4286868
4286901
4287069
4287150
4287346
4287381
4287509
4287589
4287650
4287965
4288161
4288172
4288239
4288435
4288552
4288661
4288690
4288948
4289031
4289054
4289476
4289481
4289738
4289754
4289809
4289916
4290103
4290204
4290205
4290214
4290306
4290423
4290439
4290464
4290565
4290842
4290881
4290931
4291007
4291035
4291103
4291142
4291267
4291526
4291655
4291697
4291755
4291820
4291829
4291859
4291967
4292164
4292284
4292380
4292523
4292634
4292646
4292662
4292768
4292778
4292811
4292819
4292872
4292986
4293001
4293035
4293403
4293413
4293600
4293603
4293627
4293801
4293892
4293929
4294107
4294143
4294155
4294188
4294245
4294302
4294303
4294361
4294369
4294383
4294390
4294412
4294498
4294556
4294573
4294700
4294828
4294873
4294904
4294909
4294938
4294950
4294964
4294996
4295005
4295073
4295283
4295557
4295743
4295822
4296127
4296141
4296340
4296387
4296422
4296546
4296602
4296727
4296843
4296901
4296967
4297103
4297290
4297311
4297320
4297337
4297599
4297726
4297802
4297849
4297950
4298040
4298178
4298267
4298284
4298446
4298489
4298587
4298831
4298921
4298929
4298980
4299296
4299353
4299493
4299534
4299574
4299662
4300139
4300361
4300375
4300411
4300484
4300523
4300561
4300678
4300753
4300949
4301061
4301118
4301163
4301239
4301265
4301276
4301496
4301570
4301575
4301635
4301807
4301816
4301827
4301885
4301978
4302053
4302237
4302370
4302381
4302391
4302459
4302502
4302790
4303020
4303112
4303160
4303257
4303443
4303501
4303531
4303550
4303661
4303770
4303858
4303889
4304027
4304081
4304200
4304219
4304390
4304421
4304449
4304825
4304843
4305134
4305149
4305162
4305504
4305570
4305581
4305662
4305708
4305883
4305995
4306140
4306227
4306305
4306453
4306500
4306507
4306543
4306569
4306669
4306768
4306797
4306854
4306883
4306993
4307085
4307269
4307374
4307498
4307507
4307611
4307796
4307836
4307858
4307867
4307888
4307972
4308123
4308259
4308298
4308347
4308602
4308721
4308876
4308898
4308901
4308933
4308963
4308986
4308994
4309052
4309499
4309519
4309804
4309863
4310080
4310087
4310142
4310284
4310394
4310419
4310503
4310564
4310755
4310874
4310917
4310954
4311001
4311044
4311077
4311283
4311313
4311339
4311378
4311393
4311460
4311530
4311721
4311764
4311932
4312025
4312083
4312100
4312203
4312340
4312371
4312629
4312679
4312709
4312821
4312856
4312858
4313073
4313114
4313165
4313178
4313250
4313258
4313352
4313378
4313615
4313658
4313694
4313805
4313843
4313941
4313985
4314064
4314079
4314106
4314150
4314216
4314287
4314368
4314413
4314425
4314641
4314948
4314958
4315146
4315431
4315496
4315498
4315596
4315748
4315796
4315906
4316064
4316090
4316182
4316240
4316289
4316321
4316338
4316380
4316754
4316760
4316856
4316863
4316881
4317295
4317333
4317338
4317411
4317513
4317934
4318119
4318241
4318325
4318393
4318506
4318551
4318580
4318629
4318789
4318961
4319264
4319283
4319320
4319453
4319556
4319751
4319762
4319826
4319887
4319905
4320154
4320240
4320363
4320485
4320569
4320576
4320607
4320699
4320774
4320783
4320795
4320959
4320996
4321021
4321063
4321292
4321371
4321409
4321439
4321455
4321470
4321849
4322111
4322266
4322276
4322279
4322523
4322546
4322591
4322730
4322761
4322780
4322874
4322880
4323031
4323046
4323183
4323213
4323234
4323442
4323444
4323578
4323581
4323587
4323644
4323720
4323744
4323758
4323920
4323932
4324152
4324550
4324710
4324792
4324860
4324912
4325026
4325063
4325191
4325394
4325458
4325495
4325546
4325625
4325698
4326109
4326144
4326196
4326262
4326307
4326492
4326502
4326705
4326738
4327136
4327138
4327151
4327185
4327319
4327635
4327685
4327702
4327712
4327745
4327869
4327888
4328044
4328109
4328149
4328156
4328210
4328279
4328340
4328596
4328756
4328759
4328827
4328929
4328935
4328986
4329088
4329187
4329319
4329324
4329500
4329694
4329698
4329781
4329797
4329827
4329837
4329884
4330132
4330311
4330321
4330336
4330361
4330462
4330604
4330653
4330731
4330978
4331195
4331218
4331267
4331303
4331318
4331354
4331751
4331898
4332032
4332042
4332063
4332068
4332175
4332354
4332498
4332534
4332720
4332725
4332867
4332877
4332895
4332922
4332925
4333059
4333347
4333475
4333672
4333714
4333800
4333898
4333944
4333954
4333986
4334056
4334063
4334195
4334247
4334762
4334944
4334949
4334992
4335011
4335052
4335133
4335328
4335408
4335466
4335625
4335641
4335647
4335672
4335700
4335860
4335867
4335873
4336035
4336128
4336170
4336272
4336533
4336541
4336578
4336579
4337069
4337115
4337169
4337192
4337227
4337542
4337630
4337728
4337768
4337801
4337882
4338094
4338119
4338185
4338324
4338333
4338373
4338379
4338569
4338760
4338992
4339107
4339108
4339155
4339280
4339367
4339388
4339620
4339888
4340043
4340074
4340192
4340246
4340339
4340363
4340470
4340751
4340802
4340942
4341081
4341301
4341344
4341454
4341623
4341677
4342043
4342151
4342164
4342303
4342416
4342478
4342491
4342613
4342708
4342714
4342745
4343073
4343157
4343343
4343573
4343587
4343626
4343669
4343689
4343707
4343725
4343799
4343883
4343955
4344071
4344120
4344271
4344440
4344716
4344743
4344834
4344933
4345002
4345099
4345175
4345313
4345430
4345473
4345492
4345636
4345670
4345730
4345733
4346011
4346045
4346090
4346095
4346107
4346201
4346234
4346334
4346350
4346459
4346662
4346719
4346760
4346935
4346949
4347011
4347041
4347110
4347130
4347170
4347557
4347605
4347663
4347679
4347688
4347736
4347788
4347819
4347880
4347959
4348232
4348358
4348636
4348659
4348661
4349128
4349240
4349272
4349274
4349312
4349314
4349394
4349406
4349494
4349540
4349840
4350041
4350139
4350159
4350336
4350457
4350504
4350709
4350721
4350824
4350879
4350973
4351075
4351116
4351203
4351283
4351312
4351375
4351385
4351412
4351724
4351819
4351825
4351869
4351874
4352015
4352161
4352219
4352229
4352329
4352383
4352553
4352915
4352977
4353000
4353253
4353356
4353360
4353376
4354040
4354163
4354166
4354448
4354547
4354641
4354812
4354841
4355024
4355079
4355088
4355187
4355362
4355439
4355511
4355526
4355564
4355567
4355687
4355813
4355983
4356048
4356068
4356117
4356121
4356314
4356357
4356427
4356471
4356575
4356633
4356714
4356742
4357077
4357136
4357274
4357328
4357579
4357667
4357684
4357704
4357824
4357883
4357929
4358289
4358324
4358418
4358508
4358608
4358631
4359067
4359116
4359154
4359189
4359192
4359245
4359277
4359344
4359557
4359569
4359584
4359660
4359698
4359847
4359848
4360014
4360119
4360188
4360388
4360414
4360545
4360577
4360693
4360837
4360878
4360983
4361018
4361096
4361379
4361443
4361468
4361480
4361486
4361715
4361820
4361824
4361828
4361976
4362134
4362314
4362459
4362511
4362535
4362777
4363023
4363080
4363146
4363301
4363304
4363443
4363543
4363750
4364048
4364054
4364088
4364202
4364208
4364383
4364541
4364671
4364672
4364680
4364702
4364834
4364962
4365113
4365232
4365460
4365506
4365624
4365745
4365773
4365792
4365953
4365999
4366081
4366134
4366183
4366229
4366379
4366399
4366519
4366578
4366619
4366638
4366691
4366861
4366903
4367020
4367051
4367090
4367281
4367386
4367472
4367505
4367598
4367658
4367659
4367733
4367860
4368019
4368188
4368221
4368323
4368699
4368714
4368888
4368904
4368970
4369014
4369089
4369224
4369256
4369308
4369334
4369391
4369432
4369475
4369574
4369590
4369797
4369819
4369936
4369950
4370110
4370172
4370207
4370339
4370347
4370385
4370441
4370501
4370594
4370676
4370700
4370776
4370894
4370909
4370933
4371094
4371183
4371208
4371278
4371314
4371409
4371572
4371702
4371764
4371814
4371870
4371936
4372067
4372099
4372307
4372338
4372436
4372495
4373037
4373170
4373281
4373284
4373444
4373459
4373481
4373584
4373585
4373732
4373780
4373784
4374075
4374287
4374297
4374307
4374358
4374384
4374614
4374672
4374843
4374905
4374945
4375028
4375033
4375052
4375172
4375409
4375442
4375487
4375525
4375598
4375629
4375774
4375795
4375908
4375911
4375939
4376197
4376364
4376426
4376789
4376790
4376797
4376806
4376888
4377028
4377108
4377115
4377163
4377173
4377239
4377270
4377283
4377442
4377501
4377620
4377629
4377730
4377742
4377795
4377802
4377957
4378154
4378174
4378529
4378543
4378656
4378762
4378810
4378839
4378852
4378957
4379025
4379225
4379245
4379328
4379485
4379655
4379727
4379813
4379932
4379983
4380096
4380158
4380212
4380559
4380600
4380635
4380761
4380918
4380972
4381001
4381128
4381179
4381443
4381475
4381574
4381587
4381632
4381852
4381978
4381995
4382164
4382168
4382174
4382262
4382439
4382527
4382552
4382616
4382637
4382664
4382727
4382775
4382779
4382870
4382875
4382936
4382956
4383092
4383152
4383485
4383488
4383564
4383909
4384109
4384155
4384373
4384414
4384787
4384842
4384949
4385035
4385138
4385171
4385312
4385390
4385704
4385733
4385753
4385879
4385985
4386021
4386058
4386175
4386297
4386447
4386466
4386493
4386862
4386961
4387054
4387423
4387474
4387893
4387930
4387937
4388052
4388118
4388157
4388229
4388497
4388747
4388749
4388843
4388948
4389112
4389144
4389195
4389206
4389488
4389661
4390134
4390149
4390409
4390420
4390692
4390717
4390736
4390784
4390825
4390851
4390906
4390912
4390967
4390994
4391057
4391065
4391119
4391235
4391299
4391743
4391799
4391898
4392142
4392256
4392434
4392467
4392558
4392776
4392798
4392800
4392831
4392938
4392980
4392981
4393037
4393527
4393638
4393642
4393776
4393957
4394118
4394275
4394515
4394520
4394548
4394675
4394780
4394787
4395079
4395090
4395124
4395173
4395237
4395413
4395698
4395924
4396100
4396126
4396281
4396283
4396353
4396491
4396628
4396645
4396674
4396850
4396945
4397021
4397042
4397143
4397361
4397563
4397683
4397785
4397832
4397850
4397888
4398022
4398304
4398312
4398521
4398603
4398617
4398621
4398756
4398806
4398998
4399082
4399142
4399311
4399504
4399580
4399741
4399753
4399975
4400076
4400148
4400163
4400200
4400281
4400487
4400574
4400613
4400868
4400874
4400885
4400893
4400946
4400947
4401000
4401004
4401117
4401175
4401302
4401431
4401500
4401772
4401779
4402213
4402225
4402426
4402431
4402449
4402541
4402566
4402676
4402681
4402773
4402972
4403063
4403089
4403185
4403189
4403258
4403261
4403420
4403438
4403489
4403546
4403646
4403686
4403732
4403767
4403795
4403841
4403867
4404180
4404278
4404336
4404495
4404616
4404645
4404674
4404736
4404744
4404766
4404776
4404978
4405025
4405035
4405179
4405284
4405440
4405510
4405759
4405961
4406037
4406078
4406433
4406501
4406587
4406649
4406890
4406955
4406987
4407089
4407117
4407245
4407345
4407369
4407381
4407455
4407514
4407583
4407597
4407654
4407688
4407746
4407788
4407858
4407898
4407948
4408301
4408333
4408518
4408528
4408538
4408634
4408788
4408790
4408917
4409120
4409126
4409226
4409251
4409259
4409271
4409473
4409507
4409572
4409821
4409904
4409948
4410124
4410162
4410256
4410300
4410317
4410437
4410476
4410479
4410667
4410697
4410727
4410887
4410976
4410993
4411004
4411024
4411055
4411086
4411184
4411210
4411219
4411514
4411771
4411798
4411852
4411893
4411932
4411966
4412151
4412196
4412306
4412322
4412526
4412579
4412757
4412766
4412792
4412933
4412974
4413249
4413330
4413372
4413381
4413501
4413565
4413658
4413931
4413954
4414208
4414311
4414398
4414420
4414568
4414718
4414836
4414883
4414946
4415045
4415050
4415094
4415107
4415367
4415463
4415741
4415849
4415878
4416066
4416086
4416103
4416330
4416384
4416546
4416658
4416792
4416933
4416944
4417080
4417121
4417199
4417219
4417304
4417448
4417678
4417745
4417819
4417871
4417960
4417963
4418241
4418288
4418349
4418440
4418461
4418657
4419351
4419458
4419549
4419618
4419783
4419784
4419852
4420088
4420166
4420305
4420432
4420487
4420626
4420730
4420744
4420790
4420997
4421010
4421030
4421050
4421089
4421402
4421441
4421452
4421673
4421760
4421766
4421827
4421882
4421902
4421921
4422025
4422120
4422320
4422409
4422418
4422528
4422554
4422577
4422614
4422660
4422701
4422718
4422791
4422923
4423016
4423132
4423293
4423305
4423412
4423448
4423485
4423578
4423788
4423834
4423838
4423881
4423943
4423985
4424100
4424137
4424161
4424248
4424338
4424510
4424809
4424817
4424881
4424913
4424982
4424991
4425000
4425002
4425078
4425116
4425428
4425545
4425674
4425745
4425758
4425901
4425917
4425950
4426051
4426218
4426235
4426330
4426435
4426610
4426664
4426667
4426742
4426851
4426922
4427207
4427298
4427437
4427618
4427728
4427814
4427825
4427838
4427862
4428037
4428163
4428232
4428335
4428361
4428370
4428538
4428569
4428708
4428769
4428795
4428943
4428983
4429085
4429138
4429214
4429387
4429390
4429499
4429549
4429600
4429604
4429868
4429966
4430052
4430194
4430395
4430519
4430594
4430633
4430918
4431001
4431017
4431053
4431097
4431142
4431147
4431170
4431178
4431189
4431419
4431439
4431504
4431627
4431643
4431729
4431769
4431860
4431863
4431981
4432003
4432021
4432057
4432096
4432121
4432130
4432344
4432477
4432510
4432596
4432757
4432868
4432897
4433057
4433137
4433178
4433255
4433448
4433601
4433746
4433769
4433797
4433806
4433854
4433909
4434110
4434283
4434585
4434592
4434697
4434725
4434851
4434978
4435080
4435153
4435302
4435390
4435670
4435674
4435836
4435897
4435939
4435982
4436243
4436273
4436286
4436503
4436517
4436522
4436744
4437019
4437215
4437294
4437295
4437320
4437452
4437813
4437898
4437937
4438021
4438034
4438088
4438142
4438150
4438240
4438319
4438382
4438396
4438418
4438475
4438508
4438895
4438955
4439048
4439314
4439324
4439361
4439415
4439490
4439535
4439713
4439750
4439794
4440049
4440413
4440575
4440722
4440770
4440801
4440834
4440841
4440912
4441004
4441119
4441152
4441214
4441218
4441280
4441457
4441605
4441667
4441749
4441785
4441912
4441949
4441979
4441990
4442080
4442300
4442358
4442514
4442583
4442713
4442806
4443024
4443045
4443067
4443075
4443121
4443135
4443313
4443449
4443567
4443661
4443685
4443741
4443763
4443852
4443868
4443973
4444020
4444119
4444137
4444258
4444261
4444297
4444338
4444356
4444498
4444548
4444566
4444628
4444656
4444715
4444720
4444885
4444914
4444915
4445102
4445144
4445158
4445197
4445238
4445302
4445324
4445404
4445578
4445622
4446003
4446146
4446270
4446448
4446466
4446544
4446595
4446675
4446708
4446742
4446892
4446919
4447045
4447256
4447322
4447358
4447373
4447473
4447641
4447661
4447861
4447936
4447938
4447965
4447966
4448007
4448073
4448534
4448539
4448545
4448588
4448732
4448823
4448957
4449007
4449031
4449206
4449322
4449338
4449396
4449439
4449455
4449460
4449461
4449573
4449630
4449782
4449934
4450035
4450172
4450239
4450437
4450464
4450482
4450692
4450703
4450809
4451002
4451061
4451358
4451497
4451513
4451578
4451883
4452337
4452353
4452804
4452817
4452828
4452941
4453032
4453114
4453245
4453252
4453293
4453310
4453382
4453394
4453708
4453762
4453949
4454010
4454027
4454085
4454153
4454341
4454482
4454958
4454981
4455053
4455086
4455188
4455531
4455672
4455674
4455805
4455872
4456005
4456231
4456264
4456273
4456525
4456591
4456735
4456830
4456883
4456893
4456903
4457090
4457204
4457239
4457284
4457300
4457407
4457503
4457540
4457584
4457666
4457692
4457785
4457811
4457886
4457977
4458190
4458223
4458315
4458565
4458581
4458683
4458717
4458726
4458799
4458830
4459105
4459257
4459359
4459361
4459375
4459426
4459427
4459569
4459729
4459774
4459802
4459840
4459975
4459993
4460013
4460056
4460115
4460536
4460741
4460827
4460922
4461038
4461053
4461123
4461260
4461305
4461530
4461704
4461735
4461815
4461870
4461915
4461917
4462049
4462158
4462296
4462362
4462406
4462435
4462441
4462479
4462508
4462747
4462875
4462879
4462910
4463104
4463203
4463288
4463334
4463410
4463656
4463674
4463718
4463736
4463899
4464020
4464024
4464030
4464081
4464130
4464175
4464253
4464352
4464362
4464521
4464536
4464617
4464679
4464709
4464754
4464803
4464995
4464999
4465008
4465087
4465113
4465163
4465225
4465280
4465398
4465416
4465480
4465543
4465578
4465585
4465710
4465859
4465936
4465970
4466186
4466208
4466278
4466412
4466439
4466450
4466793
4466891
4466898
4467018
4467144
4467356
4467424
4467435
4467814
4467831
4467851
4467909
4467933
4467948
4467961
4468014
4468352
4468369
4468419
4468438
4468454
4468519
4468586
4468931
4468932
4468961
4469057
4469292
4469357
4469399
4469403
4469784
4469825
4469863
4469889
4469929
4470035
4470099
4470269
4470311
4470362
4470475
4470664
4470828
4470942
4470948
4471014
4471020
4471041
4471083
4471247
4471304
4471520
4471536
4471575
4471607
4471687
4471708
4471768
4471770
4471826
4471831
4471882
4471976
4471993
4472167
4472284
4472286
4472302
4472452
4472476
4472538
4472656
4472783
4472874
4472962
4473067
4473381
4473568
4473643
4473730
4473752
4473774
4473937
4474050
4474074
4474087
4474092
4474190
4474299
4474325
4474349
4474410
4474437
4474768
4474884
4474921
4474977
4475048
4475095
4475208
4475559
4475615
4475668
4475714
4475721
4475727
4475773
4475793
4476094
4476212
4476292
4476321
4476409
4476456
4476537
4476549
4476585
4476685
4476800
4476808
4476850
4476998
4477001
4477027
4477300
4477345
4477387
4477397
4477432
4477436
4477540
4477702
4477739
4477864
4478012
4478048
4478242
4478418
4478424
4478449
4478607
4478893
4478904
4479012
4479015
4479039
4479080
4479099
4479215
4479513
4479560
4479576
4479594
4479601
4479642
4479806
4479817
4480193
4480202
4480203
4480214
4480457
4480818
4480858
4480888
4481069
4481081
4481349
4481363
4481398
4481437
4481641
4481673
4481682
4481736
4481764
4481832
4481945
4482017
4482029
4482096
4482119
4482670
4483094
4483130
4483184
4483274
4483326
4483457
4483458
4483530
4483695
4483736
4483785
4483790
4483903
4483948
4483963
4484041
4484341
4484370
4484392
4484456
4484512
4484524
4484545
4484842
4484850
4484858
4484860
4484909
4484921
4484982
4485131
4485248
4485270
4485319
4485333
4485389
4485571
4485589
4485666
4485805
4485853
4485998
4486115
4486159
4486249
4486257
4486309
4486471
4486556
4486672
4486739
4486762
4486829
4486906
4486916
4486921
4486975
4486986
4487089
4487189
4487374
4487388
4487397
4487557
4487871
4487876
4487959
4488014
4488022
4488102
4488163
4488420
4488589
4488603
4488846
4489001
4489160
4489429
4489493
4489631
4489680
4489717
4490128
4490149
4490221
4490388
4490488
4490619
4490647
4490661
4490995
4491367
4491423
4491491
4491527
4491787
4491896
4492001
4492043
4492119
4492186
4492248
4492401
4492432
4492463
4492651
4492829
4492925
4492932
4492987
4493065
4493146
4493148
4493194
4493215
4493240
4493260
4493448
4493538
4493557
4493590
4493681
4493687
4493936
4494027
4494104
4494252
4494253
4494263
4494425
4494443
4494532
4494613
4494690
4494698
4494878
4495023
4495118
4495125
4495145
4495189
4495388
4495406
4495488
4495492
4495542
4495568
4495657
4495695
4495711
4495720
4495862
4495881
4495898
4495957
4495963
4496001
4496048
4496188
4496517
4496530
4496747
4496795
4496839
4496882
4496957
4496970
4497044
4497068
4497082
4497139
4497265
4497411
4497429
4497950
4498102
4498198
4498202
4498240
4498356
4498403
4498459
4498509
4498576
4498742
4498883
4498966
4499307
4499442
4499779
4499875
4499958
4500130
4500197
4500205
4500210
4500222
4500256
4500494
4500517
4500583
4500634
4500855
4501038
4501130
4501353
4501376
4501477
4501593
4501744
4501855
4501860
4501867
4501890
4501933
4502005
4502108
4502212
4502383
4502517
4502579
4502656
4502722
4502906
4502951
4503135
4503381
4503391
4503422
4503513
4503615
4503635
4503654
4503691
4503874
4504097
4504244
4504254
4504272
4504294
4504372
4504418
4504544
4504628
4504631
4504784
4504841
4504876
4505039
4505133
4505383
4505447
4505472
4505487
4505542
4505773
4505800
4505920
4506299
4506350
4506375
4506385
4506465
4506557
4506783
4506888
4507002
4507033
4507087
4507109
4507111
4507346
4507379
4507447
4507530
4507584
4507618
4507816
4507950
4508093
4508126
4508207
4508284
4508292
4508386
4508478
4508608
4508620
4508640
4508781
4508796
4508900
4508921
4508955
4509059
4509199
4509437
4509689
4509766
4509883
4510040
4510066
4510073
4510157
4510262
4510535
4510557
4510632
4510805
4510813
4510940
4511059
4511104
4511125
4511210
4511271
4511294
4511399
4511621
4511707
4511872
4511934
4512035
4512105
4512193
4512350
4512448
4512479
4512487
4512791
4512820
4512866
4513315
4513369
4513438
4513457
4513554
4513569
4513576
4513634
4513781
4513996
4514002
4514011
4514044
4514120
4514201
4514214
4514385
4514499
4514650
4514713
4514916
4514969
4515032
4515038
4515120
4515142
4515227
4515233
4515253
4515319
4515418
4515525
4515576
4515597
4515704
4515744
4515785
4515871
4515985
4516157
4516249
4516360
4516489
4516584
4516596
4516749
4516751
4516774
4516847
4516969
4516973
4516987
4517100
4517152
4517175
4517182
4517293
4517315
4517334
4517358
4517363
4517456
4517482
4517595
4517614
4517877
4517922
4517999
4518173
4518200
4518374
4518490
4518672
4518793
4518962
4518998
4519227
4519440
4519495
4519530
4519536
4519614
4519621
4520006
4520037
4520106
4520157
4520202
4520487
4520602
4520664
4520872
4520875
4520945
4521043
4521131
4521157
4521220
4521500
4521582
4521790
4521828
4521835
4521842
4522103
4522128
4522145
4522291
4522543
4522562
4522578
4522592
4523034
4523098
4523208
4523488
4523993
4524207
4524218
4524251
4524389
4524507
4524604
4524609
4524679
4524685
4524689
4524861
4524889
4524932
4524933
4524959
4525443
4525465
4525489
4525594
4525643
4525791
4525813
4525836
4525846
4525918
4526203
4526221
4526426
4526457
4526509
4526529
4526531
4526761
4526763
4526986
4527039
4527134
4527155
4527353
4527450
4527540
4527542
4527847
4528047
4528104
4528154
4528185
4528225
4528345
4528347
4528383
4528436
4528807
4528998
4529006
4529184
4529207
4529238
4529275
4529308
4529385
4529493
4529552
4529574
4529678
4529800
4529810
4529893
4530063
4530098
4530118
4530162
4530217
4530322
4530353
4530379
4530498
4530591
4530706
4530875
4530914
4530941
4530978
4531055
4531068
4531176
4531179
4531271
4531397
4531514
4531792
4531865
4531901
4531995
4532074
4532215
4532240
4532508
4532533
4532560
4532798
4532822
4532860
4532890
4532951
4532976
4532985
4533065
4533101
4533184
4533220
4533240
4533557
4533606
4533680
4533885
4533936
4534147
4534207
4534467
4534809
4534832
4534929
4535023
4535113
4535204
4535209
4535274
4535280
4535361
4535743
4536245
4536289
4536362
4536433
4536493
4536545
4536554
4536746
4536749
4536765
4536949
4537159
4537311
4537697
4537956
4538118
4538177
4538278
4538318
4538351
4538360
4538391
4538438
4538485
4538507
4538628
4538837
4538876
4538879
4538971
4538974
4538982
4539029
4539068
4539336
4539353
4539642
4539655
4539817
4539867
4539893
4539934
4540071
4540091
4540313
4540344
4540580
4540591
4540784
4540801
4540853
4540855
4540908
4541235
4541247
4541352
4541444
4541527
4541549
4541617
4541687
4541848
4541979
4542001
4542054
4542155
4542604
4542653
4542671
4542724
4542766
4542798
4542821
4542987
4543090
4543125
4543230
4543346
4543460
4543585
4543641
4543818
4543857
4543867
4543875
4543964
4544078
4544216
4544332
4544483
4544515
4544588
4544724
4544764
4544791
4544989
4545082
4545213
4545230
4545286
4545393
4545435
4545444
4545458
4545468
4545504
4545595
4545604
4545712
4546175
4546399
4546403
4546405
4546453
4546553
4546554
4546594
4546959
4547112
4547241
4547286
4547373
4547474
4547493
4547685
4547697
4547893
4548280
4548283
4548311
4548327
4548475
4548838
4548899
4549062
4549239
4549483
4549583
4549834
4549873
4549888
4550010
4550139
4550290
4550322
4550388
4550392
4550581
4550844
4550891
4550926
4550951
4551081
4551083
4551106
4551123
4551197
4551222
4551280
4551325
4551422
4551502
4551621
4551658
4551741
4551872
4551873
4552044
4552274
4552345
4552351
4552379
4552577
4552634
4552881
4552884
4552905
4553002
4553207
4553264
4553370
4553384
4553531
4553556
4553562
4553902
4553992
4554113
4554246
4554300
4554324
4554410
4554529
4554563
4554706
4554778
4554945
4554974
4555012
4555220
4555417
4555596
4555868
4556054
4556055
4556259
4556303
4556492
4556499
4556669
4556833
4556878
4556908
4556921
4557032
4557241
4557262
4557300
4557468
4557535
4557673
4558198
4558434
4558476
4558559
4558614
4558625
4558713
4558803
4558866
4559078
4559091
4559152
4559226
4559323
4559357
4559365
4559382
4559442
4559518
4559554
4559578
4559590
4559608
4559668
4559707
4559713
4559812
4559954
4560034
4560364
4560437
4560451
4560452
4560579
4560703
4560864
4560884
4560895
4561027
4561112
4561123
4561316
4561366
4561554
4561563
4561666
4561703
4561757
4561817
4561929
4561985
4562006
4562051
4562099
4562248
4562262
4562320
4562333
4562490
4562539
4562556
4562787
4562788
4562854
4562886
4562891
4562907
4563113
4563238
4563279
4563350
4563521
4563525
4563541
4563558
4563647
4563668
4563730
4563797
4563810
4563815
4563887
4563920
4564032
4564035
4564079
4564106
4564165
4564238
4564270
4564507
4564593
4564664
4564677
4564680
4564762
4564864
4564927
4564979
4565226
4565330
4565347
4565447
4565478
4565592
4565694
4565712
4565777
4565857
4566139
4566175
4566220
4566268
4566326
4566415
4566428
4566532
4566572
4566685
4566740
4566912
4567013
4567037
4567064
4567155
4567274
4567276
4567384
4567489
4567498
4567514
4567549
4567577
4567607
4567630
4568080
4568090
4568277
4568355
4568375
4568412
4568454
4568639
4568665
4568719
4568777
4568840
4569002
4569032
4569038
4569050
4569251
4569294
4569342
4569368
4569513
4569682
4569715
4569804
4569818
4569861
4569885
4569900
4569919
4570171
4570188
4570198
4570234
4570346
4570424
4570529
4570648
4570689
4570815
4571262
4571292
4571301
4571417
4571482
4571592
4571901
4571956
4572024
4572061
4572070
4572222
4572242
4572330
4572424
4572493
4572628
4572720
4572738
4572791
4572869
4572901
4572925
4573074
4573085
4573233
4573247
4573312
4573322
4573406
4573450
4573511
4573695
4573793
4573832
4574038
4574056
4574131
4574252
4574290
4574327
4574452
4574723
4574772
4574802
4574874
4574923
4575011
4575192
4575286
4575444
4575651
4575703
4575781
4575809
4575820
4575910
4575949
4576125
4576147
4576199
4576217
4576508
4576725
4576862
4576892
4576985
4577057
4577060
4577114
4577202
4577208
4577223
4577306
4577506
4578045
4578200
4578314
4578470
4578587
4578765
4578830
4578840
4578855
4579117
4579194
4579382
4579544
4579633
4579691
4579754
4579818
4580062
4580064
4580203
4580230
4580309
4580371
4580411
4580414
4580424
4580461
4580496
4580528
4580542
4580599
4580618
4580631
4580945
4580991
4581000
4581180
4581194
4581242
4581345
4581417
4581544
4581550
4581585
4581726
4581843
4581939
4581957
4582078
4582120
4582264
4582318
4582341
4582408
4582495
4582555
4582915
4582999
4583077
4583175
4583196
4583245
4583429
4583540
4583541
4583581
4583666
4583678
4583738
4583807
4583899
4584086
4584192
4584443
4584555
4584563
4584663
4584706
4584787
4584827
4584845
4584874
4584911
4585080
4585179
4585228
4585231
4585239
4585240
4585659
4585770
4585772
4585833
4585842
4585871
4586040
4586227
4586235
4586269
4586311
4586312
4586366
4586375
4586494
4586581
4586773
4586785
4587093
4587102
4587190
4587248
4587274
4587465
4587497
4587510
4587515
4587519
4587661
4587680
4587739
4587795
4588242
4588311
4588454
4588509
4588577
4588591
4588686
4588870
4588909
4588963
4589215
4589414
4589438
4589558
4589606
4589734
4589868
4589899
4589973
4590247
4590308
4590377
4590397
4590481
4590510
4590601
4590615
4590624
4590693
4590741
4590914
4590984
4591190
4591482
4591562
4591647
4591725
4591726
4591839
4591850
4591912
4592030
4592037
4592106
4592316
4592349
4592414
4592515
4592531
4592574
4592708
4592806
4592852
4593044
4593065
4593077
4593238
4593377
4593439
4593626
4593640
4593742
4593887
4594152
4594229
4594244
4594322
4594325
4594328
4594373
4594431
4594503
4594622
4594734
4594826
4594833
4595057
4595090
4595132
4595243
4595316
4595331
4595357
4595370
4595456
4595533
4595672
4595711
4595767
4595780
4595823
4595894
4595901
4595981
4596051
4596061
4596126
4596299
4596572
4596603
4596683
4596714
4596873
4596920
4596927
4596988
4597106
4597119
4597176
4597199
4597276
4597394
4597498
4597503
4597566
4597628
4597896
4597949
4598003
4598017
4598144
4598239
4598510
4598589
4598622
4598651
4598810
4599012
4599045
4599075
4599260
4599274
4599384
4599495
4599498
4599509
4599544
4599732
4599981
4600094
4600119
4600224
4600254
4600295
4600334
4600377
4600404
4600435
4600779
4600781
4600819
4600865
4600907
4601109
4601189
4601205
4601238
4601243
4601247
4601273
4601343
4601358
4601372
4601407
4601709
4601746
4601860
4601891
4601995
4602007
4602135
4602238
4602372
4602434
4602465
4602542
4602588
4602614
4602621
4602689
4602774
4602860
4602930
4603042
4603148
4603202
4603226
4603303
4603351
4603371
4603386
4603410
4603544
4603615
4603691
4603840
4603875
4603891
4604006
4604029
4604081
4604092
4604142
4604170
4604203
4604211
4604320
4604321
4604479
4604588
4604918
4604959
4604972
4605033
4605048
4605058
4605076
4605377
4605399
4605442
4605567
4605600
4605914
4605993
4606083
4606182
4606230
4606266
4606269
4606442
4606467
4606509
4606937
4607329
4607357
4607507
4607536
4607551
4607618
4607675
4607743
4607785
4607831
4607895
4607976
4607990
4607994
4608123
4608182
4608229
4608231
4608355
4608395
4608556
4608655
4608679
4608721
4608835
4608923
4609087
4609131
4609143
4609162
4609246
4609294
4609408
4609412
4609453
4609531
4609653
4609763
4609835
4609870
4609881
4610143
4610222
4610438
4610475
4610590
4610702
4610862
4610923
4610983
4610993
4611212
4611235
4611342
4611374
4611399
4611448
4611456
4611494
4611665
4611719
4611778
4611855
4611920
4611977
4612062
4612134
4612297
4612328
4612477
4612508
4612847
4612912
4613047
4613161
4613246
4613286
4613403
4613500
4613589
4613605
4613618
4613657
4613664
4613671
4613750
4613881
4613909
4613913
4614022
4614114
4614164
4614212
4614318
4614467
4614572
4614601
4614610
4614638
4614750
4614772
4614791
4614957
4615041
4615184
4615390
4615612
4615724
4615940
4616152
4616441
4616800
4616825
4616921
4617333
4617387
4617419
4617561
4617648
4617717
4617720
4617747
4617763
4617814
4617867
4617880
4618002
4618069
4618113
4618129
4618199
4618269
4618272
4618349
4618422
4618513
4618577
4618677
4618710
4618717
4618852
4618858
4618880
4618899
4618927
4619006
4619035
4619121
4619274
4619316
4619368
4619472
4619618
4619691
4619692
4619749
4619883
4619977
4620030
4620090
4620100
4620144
4620334
4620382
4620392
4620690
4620741
4620829
4620884
4620913
4621018
4621261
4621274
4621341
4621463
4621693
4621727
4621889
4622026
4622088
4622132
4622572
4622575
4622808
4622867
4622894
4623015
4623103
4623177
4623236
4623283
4623326
4623355
4623357
4623448
4623456
4623463
4623558
4623663
4623725
4623767
4623897
4623908
4623948
4624004
4624050
4624057
4624093
4624426
4624467
4624472
4624489
4624491
4624529
4624671
4624700
4625129
4625157
4625240
4625434
4625493
4625747
4625778
4625791
4625937
4626077
4626096
4626297
4626389
4626434
4626459
4626547
4626754
4626775
4626805
4626963
4627024
4627086
4627104
4627115
4627196
4627422
4627633
4627729
4627896
4628009
4628071
4628165
4628319
4628321
4628368
4628390
4628423
4628524
4628550
4628694
4628701
4628744
4628773
4628826
4628897
4629038
4629147
4629208
4629260
4629279
4629459
4629526
4629686
4629729
4629945
4630032
4630139
4630362
4630423
4630557
4630579
4630688
4630694
4630705
4630845
4630861
4630874
4630920
4631013
4631037
4631090
4631349
4631452
4631528
4631598
4631605
4631695
4631799
4631814
4632110
4632123
4632153
4632201
4632209
4632316
4632366
4632397
4632895
4632980
4633024
4633074
4633148
4633233
4633300
4633334
4633509
4633606
4634145
4634158
4634175
4634323
4634409
4634435
4634704
4634773
4634813
4634890
4634898
4635028
4635033
4635054
4635100
4635139
4635148
4635369
4635383
4635410
4635439
4635504
4635570
4635571
4635709
4635763
4635881
4635928
4635977
4636044
4636065
4636080
4636118
4636157
4636215
4636332
4636508
4636519
4636696
4636719
4637216
4637287
4637305
4637441
4637461
4637513
4637541
4637649
4637689
4637740
4637824
4637854
4637952
4637991
4638017
4638105
4638214
4638273
4638297
4638479
4638482
4638761
4638979
4639020
4639043
4639048
4639053
4639191
4639199
4639229
4639322
4639357
4639404
4639555
4639608
4639739
4639812
4639878
4639882
4639943
4639955
4639964
4639978
4640136
4640398
4640514
4640583
4640836
4641020
4641058
4641156
4641307
4641321
4641382
4641568
4641589
4641718
4641782
4641998
4642014
4642210
4642211
4642315
4642555
4642717
4643004
4643006
4643051
4643309
4643339
4643462
4643631
4643636
4643646
4643650
4643652
4643660
4643781
4643816
4643949
4643996
4644007
4644198
4644278
4644415
4644542
4644635
4644704
4644780
4644874
4645115
4645149
4645211
4645287
4645559
4645578
4645607
4645778
4645896
4645986
4646023
4646037
4646172
4646313
4646355
4646370
4646473
4646488
4646688
4646777
4646885
4646891
4646953
4646999
4647340
4647416
4647460
4647465
4647556
4647621
4647741
4647744
4648014
4648097
4648118
4648185
4648273
4648385
4648399
4648494
4648800
4648807
4648856
4648881
4649149
4649253
4649373
4649389
4649443
4649475
4649484
4649487
4649504
4649512
4649686
4649711
4649723
4649725
4649793
4649819
4649946
4650034
4650427
4650708
4650793
4650826
4650914
4651075
4651224
4651604
4651665
4651683
4651714
4651890
4651964
4652105
4652158
4652176
4652234
4652246
4652378
4652403
4652451
4652513
4652902
4652969
4652990
4653040
4653057
4653198
4653248
4653302
4653550
4653586
4653679
4653879
4653999
4654005
4654012
4654147
4654153
4654205
4654230
4654284
4654317
4654329
4654485
4654488
4654512
4654554
4654684
4654715
4654739
4655068
4655296
4655349
4655587
4655784
4655880
4655911
4655933
4655943
4656076
4656144
4656146
4656320
4656684
4656760
4656815
4656881
4656962
4657159
4657166
4657225
4657244
4657427
4657598
4657615
4657727
4657770
4657775
4658026
4658042
4658220
4658289
4658412
4658572
4658593
4658790
4658864
4658947
4658951
4659003
4659015
4659154
4659325
4659343
4659413
4659426
4659448
4659450
4659588
4659801
4659892
4659961
4660060
4660088
4660134
4660490
4660493
4660499
4660630
4660905
4660923
4660974
4660997
4661000
4661089
4661295
4661414
4661458
4661536
4661643
4661775
4661780
4661932
4661977
4662058
4662236
4662369
4662502
4662582
4662669
4662767
4662804
4662809
4663002
4663045
4663200
4663207
4663403
4663584
4663705
4663793
4663911
4663932
4664038
4664116
4664172
4664180
4664240
4664260
4664289
4664376
4664385
4664402
4664490
4664784
4664880
4664957
4665051
4665100
4665121
4665169
4665232
4665357
4665376
4665551
4665582
4665914
4665921
4665943
4666025
4666037
4666060
4666061
4666191
4666220
4666233
4666341
4666362
4666394
4666551
4666645
4666649
4666679
4666922
4666968
4667096
4667212
4667260
4667385
4667602
4667605
4668299
4668367
4668458
4668478
4668520
4668574
4668593
4668885
4668977
4669206
4669402
4669565
4669691
4669729
4669766
4669788
4669853
4669885
4669975
4670041
4670143
4670162
4670342
4670525
4670601
4670759
4670875
4670906
4670914
4670943
4670972
4671129
4671197
4671225
4671447
4671539
4671649
4671687
4671852
4671871
4671928
4671962
4672016
4672106
4672153
4672241
4672288
4672528
4672729
4672751
4672756
4672878
4672974
4672994
4673046
4673129
4673202
4673259
4673428
4673709
4673735
4673847
4673928
4674410
4674521
4674527
4674646
4674712
4674972
4674994
4675051
4675132
4675231
4675274
4675477
4675533
4675645
4675660
4675710
4675905
4675954
4676008
4676072
4676318
4676362
4676546
4676585
4676654
4676729
4676792
4676880
4676995
4677012
4677084
4677097
4677125
4677155
4677381
4677424
4677469
4677557
4677660
4677733
4677900
4677905
4677914
4678033
4678119
4678123
4678212
4678244
4678401
4678700
4678773
4678859
4678894
4678933
4678983
4679011
4679120
4679337
4679416
4679627
4679734
4679754
4679976
4680007
4680037
4680049
4680182
4680193
4680235
4680242
4680352
4680589
4680732
4680860
4681001
4681190
4681546
4681554
4681569
4681590
4681750
4681833
4681911
4681969
4681973
4682130
4682218
4682354
4682687
4682729
4682954
4683133
4683180
4683303
4683400
4683555
4683581
4683609
4683771
4683848
4683953
4683989
4684019
4684440
4684450
4684524
4684549
4684584
4685114
4685183
4685255
4685355
4685379
4685479
4686133
4686158
4686194
4686418
4686434
4686663
4686713
4686724
4686831
4687183
4687184
4687319
4687336
4687420
4687542
4687557
4687563
4687671
4687717
4687878
4688246
4688308
4688497
4688598
4688654
4688757
4688844
4688893
4688896
4688943
4689019
4689036
4689092
4689101
4689107
4689130
4689174
4689225
4689312
4689374
4689447
4689502
4689543
4689713
4689970
4690006
4690263
4690382
4690418
4690696
4690711
4690860
4690986
4690998
4691158
4691393
4691428
4691582
4691710
4691800
4691919
4691975
4692065
4692123
4692152
4692303
4692306
4692512
4692554
4692626
4692756
4692798
4692946
4692954
4693047
4693161
4693192
4693218
4693261
4693431
4693488
4693584
4693722
4693755
4693776
4693938
4693961
4694089
4694224
4694277
4694281
4694395
4694487
4694536
4694581
4694604
4694677
4694779
4694867
4694925
4695291
4695299
4695353
4695388
4695405
4695448
4695606
4695689
4696203
4696233
4696255
4696306
4696328
4696406
4696579
4696599
4696824
4696842
4696938
4696983
4697007
4697037
4697209
4697305
4697314
4697337
4697436
4697529
4697594
4697601
4697611
4697644
4698093
4698189
4698216
4698330
4698340
4698351
4698538
4698749
4698804
4699023
4699031
4699139
4699172
4699216
4699258
4699334
4699458
4699540
4699618
4699635
4699852
4699854
4699894
4700233
4700309
4700363
4700367
4700431
4700737
4700765
4700853
4700870
4700906
4700981
4701043
4701215
4701272
4701404
4701493
4701561
4701684
4701692
4701786
4701871
4701915
4702008
4702400
4702575
4702634
4702690
4702766
4702927
4702975
4703124
4703247
4703297
4703305
4703412
4703725
4703762
4704000
4704028
4704044
4704102
4704349
4704591
4704777
4704818
4704826
4704851
4704855
4704916
4704918
4705086
4705152
4705177
4705203
4705271
4705319
4705371
4705416
4705475
4705499
4705592
4705650
4705680
4705726
4705769
4705879
4705978
4706174
4706277
4706462
4706470
4706515
4706725
4707185
4707199
4707312
4707323
4707390
4707400
4707558
4707812
4707839
4707971
4707987
4708052
4708098
4708122
4708163
4708263
4708299
4708314
4708320
4708521
4708750
4708756
4708812
4708920
4709223
4709238
4709423
4709497
4709503
4709513
4709757
4709760
4709781
4709794
4709935
4709936
4710070
4710136
4710256
4710290
4710328
4710539
4710632
4711096
4711232
4711264
4711519
4711619
4711668
4711682
4712056
4712200
4712281
4712286
4712396
4712435
4712498
4712523
4712583
4712600
4712700
4712758
4712803
4712827
4712846
4712850
4712904
4713060
4713131
4713209
4713298
4713366
4713374
4713423
4713456
4713653
4713914
4713997
4714056
4714174
4714175
4714193
4714202
4714215
4714228
4714244
4714294
4714391
4714652
4714684
4714708
4714793
4714811
4714838
4714887
4714938
4714961
4715106
4715194
4715216
4715249
4715331
4715623
4715627
4715771
4715882
4715977
4716039
4716084
4716247
4716327
4716427
4716438
4716798
4716862
4716882
4717139
4717624
4717782
4717791
4717806
4717908
4718032
4718115
4718130
4718185
4718225
4718273
4718282
4718358
4718396
4718397
4718403
4718422
4718423
4718437
4718468
4718664
4718710
4718783
4718825
4718828
4718880
4719009
4719160
4719457
4719669
4719672
4719769
4719843
4720466
4720743
4720787
4720842
4720905
4720914
4720935
4720968
4720996
4721095
4721162
4721187
4721222
4721413
4721445
4721450
4721563
4721567
4721575
4721780
4721829
4721937
4721998
4722047
4722054
4722067
4722133
4722236
4722460
4722543
4722554
4722772
4722889
4722894
4722909
4722959
4723022
4723125
4723140
4723268
4723354
4723759
4723771
4724014
4724057
4724212
4724525
4724660
4724875
4724972
4724985
4725032
4725182
4725270
4725521
4725661
4725749
4725791
4725847
4725979
4725982
4726329
4726378
4726492
4726555
4726566
4726722
4726729
4726864
4726916
4727026
4727054
4727056
4727167
4727275
4727603
4727726
4727769
4727859
4727882
4727899
4727951
4728152
4728199
4728267
4728355
4728508
4728565
4728644
4728780
4728782
4728941
4729287
4729377
4729794
4729859
4729910
4730033
4730061
4730263
4730393
4730591
4730660
4730741
4730840
4731070
4731106
4731301
4731304
4731353
4731592
4731633
4731695
4731794
4732191
4732210
4732249
4732255
4732262
4732275
4732373
4732440
4732607
4732741
4732997
4733081
4733250
4733280
4733446
4733456
4733522
4733590
4733835
4733965
4733977
4733991
4733999
4734165
4734253
4734283
4734374
4734384
4734535
4734725
4734972
4735061
4735122
4735153
4735207
4735237
4735240
4735698
4735720
4735730
4735737
4735800
4735817
4735821
4735924
4736158
4736297
4736487
4736772
4736837
4736891
4737170
4737370
4737373
4737488
4737542
4737714
4737727
4737766
4737920
4738036
4738323
4738416
4738429
4738532
4738641
4738651
4738660
4738688
4738702
4738780
4738826
4738918
4738928
4738941
4739236
4739238
4739410
4739444
4739631
4739693
4739798
4739838
4739960
4740065
4740243
4740487
4740515
4740793
4740986
4741104
4741118
4741148
4741156
4741238
4741389
4741394
4741458
4741501
4741555
4741605
4741652
4741672
4741896
4741971
4741995
4742192
4742384
4742497
4742510
4742512
4742591
4742608
4742756
4742769
4743135
4743553
4743685
4743702
4743934
4744127
4744212
4744268
4744303
4744340
4744668
4744673
4744683
4744731
4744834
4744960
4745209
4745321
4745509
4745633
4745854
4746068
4746094
4746183
4746276
4746307
4746363
4746434
4746633
4746664
4746725
4746822
4746952
4747064
4747327
4747466
4747531
4747541
4747641
4747915
4747937
4748008
4748018
4748070
4748089
4748091
4748116
4748173
4748196
4748290
4748373
4748431
4748464
4748631
4748635
4748643
4748656
4748734
4748833
4748896
4749109
4749396
4749543
4749599
4749939
4750032
4750143
4750388
4750414
4750458
4750529
4750542
4750566
4750615
4750788
4750830
4750848
4750854
4750948
4751228
4751275
4751552
4751577
4751622
4751780
4751888
4751948
4752047
4752193
4752297
4752381
4752481
4752666
4752685
4752924
4753107
4753206
4753221
4753325
4753526
4753652
4753950
4754027
4754037
4754159
4754162
4754209
4754389
4754454
4754467
4754546
4754552
4754708
4754852
4754881
4754963
4754994
4755308
4755418
4755552
4755699
4755735
4755809
4755969
4755972
4756215
4756273
4756337
4756364
4756835
4756985
4757046
4757083
4757374
4757399
4757423
4757527
4757534
4757796
4757850
4757886
4758094
4758114
4758230
4758332
4758495
4758685
4758864
4758929
4758964
4759037
4759076
4759122
4759145
4759282
4759294
4759304
4759599
4759627
4759691
4759812
4759909
4759964
4760042
4760095
4760407
4760519
4760618
4760736
4760772
4760794
4760832
4760972
4761120
4761131
4761289
4761331
4761337
4761402
4761462
4761484
4761613
4761639
4761666
4761700
4761733
4761757
4762141
4762268
4762292
4762324
4762423
4762475
4762534
4762565
4762675
4762689
4763410
4763431
4763641
4763676
4763714
4763790
4763816
4763863
4763980
4764090
4764142
4764184
4764227
4764365
4764450
4764499
4764631
4764659
4764661
4764840
4764848
4764898
4764984
4764994
4765057
4765361
4765563
4765658
4765900
4765990
4766198
4766488
4766700
4766868
4767215
4767496
4767576
4767851
4767870
4767885
4768003
4768159
4768247
4768321
4768380
4768395
4768623
4768751
4768759
4768827
4768941
4768963
4769323
4769500
4769523
4769635
4769857
4769919
4770092
4770213
4770231
4770273
4770278
4770644
4770653
4770745
4770779
4770798
4770855
4770888
4770902
4771130
4771152
4771245
4771365
4771540
4771582
4771642
4771745
4771877
4772061
4772090
4772290
4772324
4772343
4772360
4772376
4772781
4772788
4772878
4772880
4772882
4773136
4773227
4773397
4773505
4773641
4773947
4773996
4774025
4774029
4774104
4774150
4774166
4774242
4774443
4774467
4774502
4774534
4774643
4774688
4774714
4774756
4774764
4774781
4775225
4775249
4775438
4775467
4775588
4775701
4775855
4775979
4776122
4776208
4776400
4776416
4776488
4776517
4776660
4776777
4776780
4776929
4777040
4777107
4777131
4777489
4777584
4777604
4777644
4777707
4777749
4777755
4777924
4778023
4778125
4778128
4778176
4778246
4778369
4778374
4778791
4778851
4778938
4779110
4779158
4779397
4779419
4779425
4779506
4780016
4780381
4780423
4780545
4780561
4780609
4780807
4780850
4780888
4780958
4780959
4781045
4781137
4781615
4781693
4781714
4781911
4782002
4782030
4782061
4782085
4782104
4782132
4782162
4782262
4782371
4782385
4782397
4782511
4782652
4782740
4782819
4782859
4782929
4782995
4783129
4783231
4783257
4783618
4783678
4783745
4783841
4784025
4784102
4784623
4784749
4784798
4785020
4785118
4785155
4785191
4785199
4785209
4785219
4785423
4785498
4785550
4785655
4785689
4785966
4786038
4786040
4786460
4786582
4786617
4786767
4786798
4786868
4787017
4787038
4787085
4787104
4787147
4787181
4787702
4787974
4788021
4788253
4788316
4788365
4788483
4788506
4788524
4788651
4788675
4788724
4788924
4789026
4789094
4789120
4789400
4789407
4789409
4789412
4789443
4789553
4789591
4789691
4789721
4789737
4789814
4789862
4789946
4789987
4790022
4790078
4790317
4790323
4790418
4790543
4790607
4790623
4790744
4791010
4791014
4791319
4791354
4791389
4791488
4791492
4791562
4791564
4791576
4791888
4791951
4791972
4792053
4792129
4792130
4792204
4792205
4792243
4792295
4792364
4792621
4792657
4792705
4792779
4792792
4792852
4792891
4792905
4792999
4793057
4793078
4793188
4793329
4793336
4793443
4793533
4793541
4793764
4793766
4793770
4793900
4794077
4794107
4794146
4794166
4794262
4794315
4794318
4794321
4794375
4794596
4794780
4794809
4794949
4794953
4795080
4795094
4795315
4795318
4795328
4795363
4795414
4795424
4795560
4795712
4795757
4795878
4796006
4796012
4796230
4796461
4796493
4796627
4796629
4796861
4796890
4797156
4797161
4797282
4797320
4797323
4797352
4797461
4797549
4797699
4797778
4798138
4798360
4798595
4798838
4798928
4798947
4799352
4799382
4799566
4799583
4799743
4799768
4799889
4799946
4800098
4800100
4800117
4800224
4800346
4800398
4800629
4800749
4800802
4800811
4800939
4801138
4801357
4801485
4801681
4801704
4801785
4802069
4802195
4802216
4802427
4802568
4802583
4802624
4802670
4802842
4802907
4803037
4803089
4803095
4803141
4803154
4803233
4803239
4803462
4803609
4803669
4803689
4803823
4803855
4803898
4803957
4803983
4804084
4804218
4804243
4804516
4804538
4804548
4804627
4804732
4804764
4804806
4804984
4804999
4805149
4805273
4805555
4805632
4805838
4805973
4806114
4806122
4806158
4806165
4806449
4806490
4806561
4806598
4806636
4806924
4807176
4807199
4807394
4807398
4807520
4807588
4807605
4807652
4807817
4807901
4808079
4808113
4808181
4808361
4808372
4808590
4808796
4808841
4808932
4809160
4809162
4809246
4809285
4809342
4809452
4809671
4809717
4809737
4810196
4810274
4810347
4810435
4810645
4810928
4810958
4811022
4811128
4811198
4811305
4811597
4811609
4811657
4811690
4811691
4811715
4811716
4811763
4811802
4811831
4811871
4811927
4812249
4812270
4812348
4812664
4812665
4812820
4812916
4813222
4813318
4813319
4813335
4813579
4813600
4813603
4813714
4813786
4813922
4814172
4814244
4814273
4814336
4814645
4814647
4814749
4814905
4815203
4815422
4815466
4815478
4815515
4815583
4816136
4816226
4816328
4816345
4816515
4816605
4816650
4816655
4816755
4816789
4816995
4817189
4817301
4817455
4817492
4817522
4817540
4817657
4817736
4817785
4817904
4818022
4818260
4818321
4818371
4818478
4818510
4818517
4818690
4818728
4818826
4818993
4819065
4819149
4819401
4819412
4819445
4819600
4819638
4819654
4819886
4820105
4820128
4820312
4820424
4820520
4820529
4820656
4820867
4820915
4820993
4821095
4821213
4821428
4821463
4821482
4821564
4821693
4821765
4821820
4821910
4822093
4822133
4822167
4822225
4822304
4822322
4822348
4822412
4822441
4822576
4822735
4822886
4822937
4823052
4823239
4823383
4823575
4823852
4823925
4824023
4824092
4824171
4824377
4824563
4824634
4824761
4824863
4825006
4825144
4825216
4825242
4825278
4825286
4825328
4825344
4825367
4825443
4825521
4825670
4825757
4825779
4825941
4826057
4826178
4826214
4826294
4826453
4826582
4826633
4826729
4826980
4827185
4827592
4827722
4827809
4828017
4828021
4828192
4828218
4828281
4828286
4828296
4828387
4828429
4828440
4828510
4828705
4828891
4828902
4828982
4829088
4829149
4829400
4829485
4829487
4829500
4829504
4829567
4830055
4830070
4830090
4830099
4830131
4830209
4830261
4830348
4830385
4830450
4830575
4830657
4830745
4830760
4830829
4830833
4830846
4830865
4830949
4831262
4831281
4831334
4831423
4831484
4831516
4831541
4831672
4831834
4831918
4832075
4832177
4832274
4832378
4832631
4832685
4832753
4832969
4833261
4833287
4833463
4833550
4833587
4833853
4833999
4834037
4834088
4834150
4834353
4834366
4834713
4834795
4834913
4834922
4835158
4835171
4835176
4835229
4835235
4835360
4835654
4835752
4835822
4835869
4835884
4835987
4836204
4836291
4836363
4836385
4836585
4836807
4836880
4837012
4837031
4837033
4837135
4837460
4837490
4837649
4837817
4837949
4838123
4838338
4838570
4838650
4838716
4838986
4839035
4839135
4839244
4839253
4839360
4839527
4839539
4839553
4839565
4839577
4839652
4839684
4839688
4839778
4839891
4839906
4839972
4840022
4840234
4840275
4840293
4840597
4840614
4840674
4840732
4840752
4840847
4840884
4840910
4841055
4841124
4841132
4841175
4841290
4841500
4841681
4841729
4841882
4841999
4842113
4842181
4842199
4842224
4842381
4842395
4842412
4842520
4842540
4842590
4842601
4842629
4842722
4842820
4842898
4842957
4842991
4843003
4843104
4843148
4843407
4843448
4843726
4843762
4843865
4843959
4843966
4844052
4844169
4844183
4844541
4844592
4844618
4844683
4845056
4845127
4845208
4845225
4845273
4845369
4845382
4845398
4845413
4845455
4845471
4845584
4845925
4845935
4845941
4845992
4846007
4846018
4846022
4846033
4846060
4846084
4846223
4846386
4846539
4846926
4847010
4847058
4847234
4847339
4847449
4847639
4847734
4848063
4848269
4848394
4848453
4848497
4848609
4848654
4848917
4848997
4849045
4849063
4849182
4849544
4849546
4849683
4849698
4849772
4849834
4850009
4850033
4850072
4850372
4850482
4850532
4850574
4850708
4850722
4850941
4850977
4851190
4851389
4851419
4851479
4851649
4851686
4851792
4851995
4852194
4852231
4852331
4852446
4852638
4852733
4852749
4852857
4852883
4853011
4853096
4853530
4853666
4853679
4853768
4853778
4853973
4854093
4854339
4854387
4854436
4854491
4854511
4854625
4854718
4854750
4854913
4854970
4854979
4855000
4855050
4855235
4855326
4855376
4855397
4855453
4855506
4855518
4855539
4855600
4855629
4855645
4855706
4855751
4855841
4855858
4856140
4856219
4856373
4856402
4856446
4856605
4856736
4856928
4857006
4857097
4857120
4857225
4857474
4857481
4857614
4857661
4857688
4857727
4857780
4857782
4857857
4857892
4857947
4857963
4858238
4858304
4858319
4858412
4858441
4858460
4858528
4858556
4858591
4858773
4858817
4858916
4858957
4858998
4859201
4859311
4859403
4859455
4859592
4859791
4859840
4859894
4859898
4860095
4860135
4860309
4860416
4860531
4860581
4860605
4860632
4860853
4860858
4861053
4861148
4861355
4861410
4861442
4861516
4861759
4861907
4861944
4861990
4862040
4862079
4862134
4862219
4862318
4862357
4862531
4862534
4862994
4863021
4863173
4863191
4863260
4863803
4863846
4863904
4863906
4864143
4864433
4864491
4864683
4864791
4864794
4864843
4865124
4865131
4865148
4865314
4865378
4865422
4865480
4865552
4865636
4865647
4865758
4865827
4865912
4865943
4866021
4866108
4866312
4866362
4866486
4866562
4866843
4866845
4866852
4866886
4866961
4867088
4867201
4867688
4867703
4867739
4867801
4868050
4868148
4868184
4868201
4868295
4868822
4868874
4868894
4869245
4869380
4869429
4869633
4869764
4869871
4869889
4870044
4870257
4870281
4870326
4870453
4870528
4870534
4870573
4870808
4870885
4871014
4871159
4871164
4871486
4871643
4871646
4871656
4871662
4871914
4872045
4872050
4872180
4872234
4872373
4872381
4872396
4872460
4872467
4872474
4872505
4872576
4872591
4872629
4872950
4873162
4873258
4873269
4873281
4873416
4873478
4873568
4873605
4873642
4873715
4873898
4873945
4874018
4874128
4874334
4874422
4874679
4874685
4874734
4874795
4874895
4874934
4875174
4875216
4875228
4875494
4875586
4875598
4875611
4875664
4875668
4875746
4875870
4875879
4875928
4876050
4876109
4876208
4876209
4876247
4876319
4876625
4876640
4876642
4876743
4876803
4876860
4876884
4877143
4877231
4877355
4877469
4877520
4877643
4877760
4877804
4878161
4878162
4878224
4878323
4878558
4878804
4878921
4878945
4878956
4879405
4879794
4880126
4880170
4880185
4880341
4880561
4880602
4880696
4880836
4880943
4881024
4881050
4881063
4881109
4881317
4881462
4881480
4881586
4881645
4881874
4882074
4882268
4882302
4882319
4882418
4882598
4882608
4882619
4882848
4882953
4883047
4883110
4883302
4883373
4883427
4883512
4883787
4883967
4884059
4884277
4884396
4884802
4884965
4884998
4885013
4885048
4885152
4885485
4885509
4885589
4885654
4885771
4885984
4886041
4886152
4886527
4886567
4886570
4886730
4886774
4886786
4886820
4886904
4886946
4886954
4886974
4887172
4887470
4887523
4887540
4887574
4887716
4887756
4887830
4887874
4888010
4888357
4888415
4888516
4888519
4888785
4889057
4889073
4889149
4889162
4889193
4889217
4889287
4889455
4889458
4889641
4889691
4889721
4889773
4889858
4889893
4889948
4889969
4890007
4890066
4890165
4890167
4890544
4890568
4890860
4890945
4890966
4891019
4891063
4891144
4891193
4891259
4891360
4891412
4891541
4891598
4891601
4891766
4892066
4892068
4892094
4892272
4892561
4892677
4892758
4892876
4892904
4893052
4893176
4893275
4893284
4893287
4893391
4893469
4893505
4893609
4893848
4894111
4894308
4894355
4894584
4894596
4894762
4894774
4894958
4894970
4895131
4895259
4895323
4895677
4895747
4895790
4895995
4896055
4896101
4896129
4896212
4896305
4896346
4896369
4896665
4896793
4896823
4896920
4896959
4897115
4897193
4897336
4897362
4897629
4897649
4897790
4897866
4898021
4898049
4898116
4898343
4898620
4898645
4898662
4898791
4898831
4898878
4898925
4898953
4899065
4899109
4899199
4899219
4899336
4899368
4899385
4899523
4899620
4899648
4899761
4899790
4899912
4899933
4900008
4900046
4900105
4900109
4900212
4900220
4900294
4900419
4900565
4900724
4900800
4900825
4900872
4900963
4901193
4901231
4901561
4901601
4901705
4901789
4901830
4901912
4902098
4902122
4902416
4902443
4902809
4903194
4903212
4903317
4903349
4903359
4903403
4903748
4903847
4903887
4904008
4904072
4904236
4904343
4904520
4904651
4904685
4904817
4904977
4905003
4905014
4905150
4905178
4905230
4905235
4905267
4905425
4905571
4905681
4905690
4905775
4905815
4905914
4905984
4906035
4906170
4906206
4906222
4906289
4906415
4906511
4906635
4906700
4906898
4906971
4907077
4907130
4907131
4907179
4907375
4907414
4907495
4907659
4907735
4908038
4908064
4908075
4908139
4908187
4908271
4908345
4908355
4908379
4908425
4908528
4908597
4908620
4908736
4908757
4908849
4908874
4909181
4909186
4909414
4909477
4909564
4909722
4909767
4909835
4909863
4909964
4910065
4910109
4910152
4910237
4910301
4910402
4910637
4910710
4910746
4910798
4910927
4910994
4911049
4911325
4911387
4911396
4911454
4911520
4911618
4911681
4911815
4911847
4911996
4912046
4912165
4912212
4912512
4912588
4912827
4912834
4913050
4913058
4913096
4913101
4913200
4913248
4913329
4913493
4913527
4913691
4913718
4913988
4914018
4914035
4914258
4914282
4914453
4914637
4914645
4914666
4914776
4914847
4914867
4914991
4915037
4915304
4915412
4915445
4915467
4915551
4915580
4915624
4915655
4915876
4915958
4916000
4916044
4916101
4916186
4916294
4916319
4916426
4916463
4916752
4916758
4916832
4916863
4917028
4917078
4917222
4917235
4917263
4917456
4917554
4917658
4917914
4918282
4918285
4918300
4918326
4918333
4918502
4918516
4918553
4918773
4919172
4919315
4919386
4919407
4919408
4919527
4919548
4919563
4919792
4919799
4920184
4920238
4920293
4920448
4920510
4920541
4920576
4920767
4920877
4920928
4920931
4920963
4921296
4921395
4921542
4921656
4921795
4921881
4921901
4921923
4922073
4922100
4922173
4922347
4922576
4922674
4922706
4922715
4922998
4923133
4923242
4923335
4923505
4923828
4923878
4924020
4924175
4924288
4924334
4924477
4924534
4924620
4924769
4924805
4924894
4924901
4924937
4924945
4924954
4925042
4925178
4925235
4925272
4925381
4925428
4925441
4925470
4925668
4925684
4925760
4926012
4926099
4926101
4926173
4926339
4926597
4926634
4926725
4926738
4926771
4926994
4927183
4927238
4927286
4927493
4927539
4927592
4927600
4927713
4927764
4927808
4927824
4927865
4927959
4928020
4928159
4928213
4928223
4928354
4928450
4928694
4928711
4928828
4928860
4929033
4929083
4929220
4929328
4929343
4929408
4929446
4929521
4929559
4929603
4929615
4929803
4929846
4930019
4930084
4930128
4930142
4930294
4930378
4930412
4930541
4930542
4930667
4930946
4931206
4931261
4931350
4931369
4931454
4931471
4931477
4931640
4931668
4931697
4931701
4931975
4932148
4932159
4932432
4932547
4932557
4932776
4932828
4932864
4932938
4933024
4933132
4933210
4933238
4933249
4933256
4933322
4933331
4933332
4933338
4933445
4933483
4933616
4933629
4933900
4933965
4934010
4934144
4934258
4934310
4934381
4934683
4934771
4934911
4935048
4935089
4935190
4935316
4935741
4935867
4935959
4936147
4936281
4936323
4936575
4936723
4936916
4937006
4937007
4937091
4937106
4937118
4937120
4937183
4937191
4937197
4937219
4937284
4937359
4937445
4937605
4937632
4937685
4937691
4937744
4937939
4937958
4938010
4938064
4938111
4938132
4938188
4938328
4938332
4938580
4938623
4938738
4938942
4939140
4939436
4939554
4939842
4939906
4940026
4940109
4940165
4940255
4940518
4940762
4940775
4940804
4940814
4940884
4940889
4940937
4941126
4941199
4941210
4941306
4941385
4941476
4941535
4941619
4941758
4941899
4941941
4941992
4942293
4942351
4942377
4942425
4942436
4942548
4942624
4942703
4942885
4942891
4942928
4943163
4943280
4943300
4943331
4943571
4943620
4943643
4943669
4943749
4943762
4943921
4943966
4944105
4944186
4944207
4944221
4944610
4944779
4944852
4944951
4945399
4945585
4945977
4946106
4946162
4946211
4946231
4946527
4946554
4946590
4946597
4946696
4946705
4946726
4946737
4946897
4947143
4947146
4947152
4947175
4947184
4947189
4947350
4947408
4947428
4947434
4947669
4947886
4947964
4948098
4948150
4948168
4948286
4948344
4948538
4948606
4948732
4948938
4948994
4949100
4949220
4949228
4949258
4949325
4949600
4949688
4949775
4949814
4949897
4949955
4950031
4950277
4950284
4950425
4950725
4950799
4950981
4951300
4951307
4951415
4951426
4951644
4951772
4951919
4951932
4951937
4951939
4952049
4952087
4952194
4952268
4952272
4952585
4952715
4952726
4952780
4952808
4953040
4953045
4953142
4953286
4953379
4953610
4953770
4953860
4953956
4954084
4954320
4954349
4954463
4954479
4954673
4954818
4954823
4954832
4954918
4954930
4955119
4955195
4955199
4955224
4955239
4955306
4955316
4955331
4955352
4955498
4955518
4955558
4955800
4956100
4956119
4956368
4956425
4956433
4956553
4956777
4956807
4956853
4956855
4957046
4957064
4957092
4957141
4957180
4957258
4957533
4957599
4957688
4957695
4957839
4957849
4957876
4957883
4957910
4958064
4958188
4958196
4958223
4958371
4958494
4958634
4958794
4958912
4959017
4959065
4959201
4959271
4959275
4959346
4959373
4959379
4959464
4959497
4959573
4959579
4959595
4959617
4959660
4959681
4959876
4960048
4960140
4960267
4960327
4960489
4960694
4960818
4960850
4960887
4960892
4960921
4960976
4960984
4960987
4961001
4961331
4961455
4961563
4961787
4961907
4962017
4962120
4962133
4962195
4962302
4962439
4962487
4962509
4962521
4962588
4962807
4963067
4963237
4963266
4963278
4963404
4963422
4963483
4963547
4963655
4963764
4964008
4964047
4964178
4964193
4964202
4964290
4964381
4964385
4964624
4964643
4965079
4965118
4965298
4965397
4965524
4965538
4965694
4965757
4965887
4965974
4966089
4966305
4966540
4966574
4966716
4966728
4966755
4966766
4966810
4966833
4966873
4966899
4966922
4966986
4967015
4967191
4967242
4967283
4967464
4967499
4967543
4967605
4967638
4967651
4967772
4967857
4967912
4968036
4968110
4968210
4968214
4968284
4968307
4968385
4968478
4968509
4968563
4968769
4968801
4968874
4968950
4969032
4969130
4969273
4969370
4969435
4969633
4969697
4969781
4969882
4969924
4969978
4970195
4970272
4970291
4970628
4970712
4970771
4970849
4970932
4970992
4971232
4971309
4971317
4971356
4971618
4971710
4971730
4971937
4972107
4972197
4972449
4972461
4972646
4972811
4972845
4972888
4972923
4972955
4972992
4973314
4973474
4973513
4973564
4973612
4973745
4973839
4973961
4974093
4974209
4974289
4974290
4974378
4974486
4974539
4974559
4974695
4974718
4974809
4974911
4975047
4975089
4975139
4975288
4975605
4975671
4975686
4975712
4975871
4975912
4976078
4976352
4976354
4976413
4976461
4976543
4976674
4976779
4976790
4976827
4976860
4976879
4976912
4977084
4977180
4977358
4977360
4977522
4977535
4977888
4978030
4978437
4978499
4978594
4978616
4978862
4978971
4979067
4979079
4979117
4979127
4979197
4979536
4979542
4979605
4979619
4979654
4979771
4979786
4979823
4979835
4979879
4979980
4980074
4980255
4980278
4980324
4980368
4980954
4981055
4981066
4981236
4981268
4981281
4981395
4981502
4981687
4981703
4981806
4981889
4981993
4982029
4982241
4982367
4982706
4982727
4982806
4982820
4982999
4983464
4983643
4983678
4983767
4983797
4983847
4983873
4983893
4983947
4984159
4984165
4984387
4984405
4984508
4984559
4984602
4984673
4984745
4984812
4984872
4985028
4985069
4985072
4985125
4985192
4985430
4985506
4985580
4985659
4985720
4985910
4985975
4986031
4986064
4986075
4986106
4986216
4986333
4986419
4986455
4986600
4987061
4987062
4987166
4987208
4987269
4987373
4987388
4987582
4987640
4987662
4987854
4987886
4988098
4988118
4988128
4988263
4988355
4988363
4988375
4988380
4988538
4988548
4988732
4988866
4989041
4989154
4989230
4989299
4989415
4989474
4989603
4989684
4989737
4989781
4989802
4989803
4989902
4989930
4990079
4990221
4990245
4990253
4990263
4990310
4990537
4990592
4990609
4990716
4990932
4990986
4990993
4991331
4991359
4991385
4991396
4991631
4991708
4991866
4991933
4992128
4992307
4992331
4992414
4992706
4992754
4992784
4992902
4993101
4993173
4993311
4993326
4993343
4993540
4993776
4993875
4993886
4994079
4994168
4994296
4994368
4994374
4994413
4994461
4994507
4994511
4994541
4994552
4994605
4994857
4994944
4995110
4995128
4995146
4995320
4995405
4995539
4995589
4995708
4995732
4995751
4995895
4995913
4995915
4996265
4996470
4996601
4996904
4996924
4996995
4997107
4997161
4997272
4997325
4997354
4997686
4997939
4998042
4998064
4998248
4998303
4998329
4998333
4998358
4998601
4998608
4998671
4998843
4999047
4999053
4999087
4999092
4999170
4999214
4999283
4999376
4999513
4999589
4999691
4999794
4999910
4999913
5000078
5000093
5000104
5000148
5000308
5000315
5000321
5000355
5000459
5000597
5000605
5000700
5000769
5000953
5001000
5001116
5001242
5001252
5001650
5001652
5001832
5001863
5001987
5002037
5002082
5002088
5002258
5002290
5002434
5002444
5002537
5002539
5002736
5002787
5002924
5002952
5002994
5003124
5003126
5003253
5003283
5003441
5003458
5003479
5003508
5003644
5003867
5003948
5004029
5004100
5004257
5004357
5004550
5004577
5004602
5004649
5004673
5004733
5004798
5004812
5004923
5005032
5005087
5005129
5005415
5005505
5005594
5005656
5005687
5005729
5005813
5005912
5006079
5006231
5006239
5006405
5006442
5006483
5006500
5006660
5006671
5006702
5006726
5006753
5006883
5006909
5006975
5007015
5007025
5007142
5007188
5007222
5007312
5007325
5007335
5007337
5007387
5007646
5007722
5007733
5007803
5007812
5007834
5007884
5007915
5008009
5008126
5008181
5008273
5008412
5008434
5008468
5008524
5008649
5008671
5008736
5009055
5009238
5009401
5009548
5009717
5009951
5010028
5010083
5010108
5010266
5010310
5010346
5010372
5010468
5010503
5010518
5010543
5010775
5010879
5011155
5011193
5011213
5011467
5011531
5011752
5011761
5011900
5011992
5012017
5012254
5012368
5012604
5012718
5012897
5013008
5013095
5013146
5013157
5013189
5013393
5013499
5013500
5013534
5013587
5013622
5013723
5013793
5013911
5014012
5014078
5014092
5014175
5014221
5014270
5014447
5014609
5014712
5014733
5014834
5015055
5015105
5015323
5015325
5015340
5015382
5015410
5015456
5015630
5015920
5016023
5016168
5016288
5016328
5016334
5016367
5016488
5016641
5016694
5016946
5016997
5017065
5017132
5017134
5017295
5017397
5017408
5017413
5017587
5017621
5017659
5017695
5017753
5018007
5018214
5018292
5018349
5018559
5018906
5019087
5019299
5019322
5019396
5019477
5019568
5019795
5019957
5019973
5020000
5020038
5020116
5020120
5020158
5020307
5020358
5020408
5020413
5020508
5020602
5020672
5020754
5020903
5020996
5021190
5021287
5021316
5021342
5021396
5021763
5021787
5021808
5021850
5021860
5021910
5021964
5021998
5022048
5022134
5022214
5022282
5022296
5022329
5022339
5022381
5022487
5022534
5022714
5022945
5023284
5023320
5023329
5023442
5023512
5023604
5023655
5023669
5023696
5023699
5023790
5023934
5024194
5024195
5024260
5024284
5024396
5024459
5024551
5024607
5024716
5024724
5024826
5025274
5025350
5025476
5025662
5025697
5025700
5025811
5025929
5025953
5026237
5026386
5026430
5026460
5026463
5026470
5026486
5026509
5026772
5026801
5026816
5026919
5027017
5027179
5027246
5027261
5027262
5027338
5027670
5027757
5027829
5027855
5028079
5028323
5028725
5028745
5028962
5028963
5028966
5029037
5029144
5029158
5029174
5029189
5029202
5029240
5029268
5029364
5029377
5029379
5029479
5029484
5029799
5029811
5029819
5029996
5030014
5030185
5030188
5030310
5030559
5030571
5030578
5030641
5030662
5030665
5030699
5030738
5030874
5031078
5031287
5031297
5031387
5031509
5031643
5031790
5031932
5031950
5031975
5031991
5032094
5032213
5032281
5032343
5032356
5032439
5032657
5032741
5032858
5032954
5033018
5033020
5033023
5033071
5033113
5033233
5033292
5033354
5033423
5033555
5033642
5033895
5034002
5034037
5034183
5034287
5034501
5034503
5034635
5035151
5035239
5035453
5035783
5035942
5035967
5036029
5036067
5036175
5036206
5036286
5036369
5036639
5036942
5037130
5037437
5037446
5037455
5037508
5037527
5037754
5037914
5037934
5038189
5038276
5038378
5039146
5039238
5039289
5039335
5039344
5039406
5039437
5039551
5039596
5039652
5039792
5039803
5039871
5039898
5039922
5039926
5040438
5040528
5040573
5040790
5040797
5040815
5040826
5040944
5040998
5041176
5041438
5041451
5041525
5041535
5041563
5041727
5041783
5041791
5041990
5042047
5042086
5042117
5042174
5042300
5042379
5042547
5042744
5042959
5043124
5043160
5043356
5043428
5043490
5043708
5044212
5044336
5044650
5044690
5044828
5044944
5044965
5044966
5045108
5045149
5045168
5045405
5045607
5045831
5045840
5045937
5046262
5046444
5046543
5046556
5046571
5046639
5046778
5046931
5047091
5047092
5047123
5047144
5047164
5047257
5047287
5047326
5047449
5047475
5047489
5047564
5047582
5047590
5047663
5047743
5047761
5047788
5047936
5047960
5047971
5048049
5048107
5048178
5048416
5048418
5048471
5048487
5048500
5048754
5048854
5048897
5048918
5048973
5048980
5049031
5049046
5049073
5049136
5049214
5049218
5049376
5049394
5049656
5049686
5049866
5049960
5050142
5050451
5050572
5050755
5050777
5050856
5050902
5050939
5050976
5051066
5051075
5051154
5051162
5051255
5051294
5051334
5051385
5051388
5051405
5051831
5051943
5052042
5052054
5052160
5052223
5052427
5052443
5052483
5052485
5052490
5052668
5052701
5052749
5052776
5052810
5052925
5052985
5052990
5053033
5053064
5053105
5053170
5053185
5053255
5053427
5053641
5053653
5053657
5053670
5053738
5053760
5053998
5054022
5054030
5054112
5054151
5054191
5054216
5054254
5054308
5054329
5054427
5054542
5054689
5054694
5054710
5054797
5054878
5054953
5055011
5055040
5055170
5055217
5055279
5055308
5055332
5055770
5055948
5055973
5056007
5056029
5056169
5056226
5056330
5056331
5056411
5056450
5056518
5056532
5056548
5056911
5057064
5057232
5057438
5057546
5057853
5057913
5057921
5058186
5058289
5058303
5058572
5058738
5058743
5058800
5058884
5059013
5059311
5059352
5059365
5059418
5059526
5059684
5059777
5059779
5059996
5060015
5060016
5060198
5060493
5060875
5060916
5060988
5061170
5061242
5061426
5061467
5061517
5061659
5061892
5061903
5062108
5062185
5062205
5062319
5062413
5062440
5062534
5062593
5062629
5062651
5062804
5062846
5062859
5062930
5062953
5062962
5063031
5063043
5063171
5063323
5063358
5063425
5063520
5063521
5063586
5063662
5063692
5063693
5063744
5064020
5064028
5064124
5064233
5064297
5064384
5064651
5064675
5064679
5064851
5064860
5065148
5065282
5065327
5065725
5065737
5065854
5065858
5066020
5066508
5066563
5066566
5066577
5066858
5066952
5067034
5067070
5067220
5067329
5067355
5067421
5067508
5067706
5067736
5067762
5067838
5067841
5067916
5067933
5068126
5068241
5068333
5068344
5068495
5068518
5068562
5068675
5068683
5068752
5068784
5069016
5069034
5069069
5069072
5069172
5069273
5069337
5069482
5069487
5069496
5069532
5069674
5069780
5069799
5069839
5069891
5069963
5070002
5070087
5070562
5070774
5070857
5070966
5071119
5071357
5071652
5071797
5071879
5071958
5071995
5072061
5072141
5072224
5072282
5072355
5072531
5072663
5072805
5072885
5072961
5072962
5073066
5073252
5073407
5073443
5073514
5073534
5073559
5073667
5073795
5074168
5074295
5074426
5074516
5074532
5074561
5074630
5074796
5074936
5075011
5075110
5075111
5075293
5075299
5075397
5075643
5075801
5075819
5075928
5075971
5075980
5076128
5076184
5076265
5076281
5076321
5076471
5076492
5076614
5076673
5076786
5076805
5076826
5076953
5077184
5077269
5077337
5077345
5077517
5077558
5077627
5077674
5077804
5078065
5078114
5078140
5078266
5078345
5078370
5078433
5078453
5078460
5078551
5078722
5078907
5078996
5079146
5079207
5079229
5079279
5079410
5079524
5079599
5079624
5079697
5079715
5079766
5079879
5079920
5079939
5080368
5080637
5080642
5080653
5080979
5081073
5081098
5081877
5082101
5082233
5082478
5082616
5082663
5082701
5082903
5082992
5083076
5083174
5083315
5083317
5083341
5083362
5083373
5083483
5083496
5083514
5083683
5083823
5083928
5083975
5084036
5084183
5084266
5084292
5084351
5084528
5084544
5084866
5084946
5084959
5085166
5085167
5085258
5085309
5085336
5085350
5085403
5085510
5085522
5085769
5085825
5085876
5085888
5086218
5086252
5086272
5086327
5086390
5086427
5086476
5086550
5086570
5086654
5086702
5087340
5087858
5088117
5088187
5088283
5088538
5088703
5088721
5088783
5088883
5088909
5089044
5089135
5089182
5089285
5089386
5089436
5090050
5090266
5090359
5090375
5090391
5090520
5090753
5090821
5090853
5090861
5090993
5091090
5091118
5091132
5091134
5091172
5091466
5091542
5091575
5091592
5091677
5091714
5091767
5091915
5091989
5092002
5092011
5092026
5092041
5092185
5092321
5092323
5092521
5092659
5092750
5092781
5092947
5093013
5093014
5093028
5093162
5093174
5093227
5093296
5093336
5093359
5093649
5093674
5093687
5093705
5093924
5094196
5094338
5094380
5094483
5094558
5094652
5094745
5095004
5095008
5095059
5095125
5095145
5095156
5095228
5095249
5095339
5095476
5095757
5096036
5096109
5096253
5096338
5096419
5096512
5096627
5096794
5096887
5096963
5096967
5096976
5097005
5097086
5097193
5097217
5097219
5097265
5097277
5097443
5097513
5097590
5097746
5097834
5097837
5097838
5097850
5097877
5098076
5098099
5098118
5098376
5098409
5098442
5098550
5098567
5098573
5098658
5098675
5098783
5098807
5098854
5098857
5099012
5099047
5099146
5099220
5099223
5099229
5099277
5099495
5099496
5099570
5099597
5099641
5099779
5099811
5099875
5099901
5100024
5100036
5100108
5100233
5100301
5100581
5100651
5100668
5100685
5100741
5100827
5101084
5101115
5101151
5101217
5101260
5101375
5101491
5101637
5101643
5101718
5101760
5101777
5101819
5101900
5101926
5102083
5102124
5102167
5102228
5102264
5102277
5102479
5102524
5102566
5102649
5102826
5102851
5102869
5102960
5102996
5103264
5103294
5103370
5103491
5103711
5104096
5104389
5104445
5104459
5104560
5104648
5104697
5104889
5105106
5105139
5105392
5105502
5105575
5105716
5105818
5105910
5105913
5105951
5105960
5106166
5106177
5106180
5106305
5106513
5106530
5106664
5106799
5106850
5107108
5107114
5107159
5107257
5107278
5107310
5107329
5107440
5107496
5107775
5107861
5108039
5108053
5108105
5108195
5108228
5108350
5108421
5108434
5108437
5108483
5108689
5108817
5108922
5108978
5109134
5109199
5109256
5109404
5109428
5109483
5109584
5109598
5109665
5109695
5109730
5109964
5109977
5110027
5110086
5110179
5110184
5110392
5110475
5110699
5110717
5110729
5110872
5110940
5111361
5111626
5111697
5111715
5111726
5111993
5112163
5112170
5112292
5112450
5112456
5112592
5112753
5112806
5112853
5112912
5112919
5112928
5112933
5112950
5112992
5113005
5113007
5113138
5113147
5113198
5113584
5113661
5113747
5113787
5113865
5113879
5113944
5114034
5114072
5114219
5114260
5114263
5114301
5114398
5114474
5114544
5114654
5114739
5114794
5114840
5114844
5114989
5115006
5115244
5115283
5115323
5115326
5115355
5115723
5115780
5115870
5116141
5116147
5116170
5116180
5116261
5116414
5116479
5116727
5116922
5116939
5116969
5116991
5117002
5117042
5117078
5117122
5117188
5117474
5117486
5117500
5117629
5117853
5117870
5117980
5118172
5118274
5118312
5118346
5118431
5118666
5118782
5118797
5118981
5119146
5119220
5119279
5119506
5119548
5119591
5119895
5119975
5120040
5120088
5120163
5120178
5120413
5120451
5120573
5120859
5120979
5121083
5121085
5121154
5121222
5121331
5121382
5121406
5121528
5121642
5121745
5122116
5122189
5122190
5122288
5122302
5122327
5122331
5122469
5122590
5122683
5122932
5122948
5123000
5123003
5123114
5123164
5123360
5123496
5123706
5123864
5123956
5123991
5124212
5124379
5124381
5124581
5124626
5124727
5124778
5124813
5124950
5125085
5125155
5125318
5125478
5125558
5125886
5125894
5126016
5126056
5126193
5126292
5126325
5126588
5126674
5126680
5126867
5126871
5126924
5127399
5127617
5127619
5127698
5127708
5127917
5128021
5128117
5128136
5128142
5128450
5128459
5128477
5128679
5128696
5128743
5128898
5129019
5129093
5129176
5129208
5129262
5129424
5129449
5129538
5129633
5129706
5129721
5129734
5129830
5129898
5130017
5130180
5130310
5130344
5130373
5130409
5130489
5130603
5130682
5130781
5130862
5130940
5131169
5131312
5131353
5131608
5131897
5131971
5132072
5132102
5132412
5132466
5132475
5132595
5132719
5132809
5132975
5133112
5133137
5133369
5133456
5133485
5133690
5133765
5133887
5133909
5134006
5134308
5134364
5134366
5134398
5134676
5134754
5134788
5134898
5134911
5135075
5135314
5135392
5135534
5135538
5135643
5135658
5135760
5135860
5135894
5136036
5136043
5136300
5136319
5136485
5136665
5136700
5136765
5136871
5136947
5137116
5137214
5137401
5137505
5137795
5137965
5138149
5138338
5138453
5138512
5138521
5138606
5138624
5138666
5138691
5138722
5138745
5138762
5138787
5138878
5138883
5138933
5139011
5139035
5139097
5139137
5139263
5139365
5139372
5139498
5139520
5139718
5139749
5139765
5139792
5139824
5139882
5139911
5139918
5139995
5140040
5140052
5140231
5140507
5140545
5140575
5140583
5140619
5140972
5141086
5141144
5141282
5141412
5141413
5141419
5141464
5141573
5141589
5141626
5141640
5141657
5141706
5141827
5141828
5141850
5142214
5142259
5142295
5142335
5142374
5142401
5142403
5142616
5142940
5143014
5143030
5143116
5143166
5143182
5143310
5143402
5143413
5143477
5143910
5143947
5143975
5144278
5144338
5144485
5144721
5144779
5144894
5144946
5144948
5144982
5144985
5145002
5145021
5145057
5145080
5145127
5145225
5145235
5145356
5145452
5145501
5145840
5145947
5145954
5146035
5146177
5146397
5146573
5146670
5146761
5146818
5146950
5147136
5147264
5147341
5147516
5147525
5147637
5147680
5147932
5148013
5148014
5148026
5148072
5148076
5148185
5148215
5148460
5148539
5148705
5148938
5149075
5149224
5149238
5149426
5149604
5149627
5149845
5149955
5150066
5150108
5150178
5150255
5150350
5150496
5150549
5150625
5150692
5150733
5150816
5151142
5151273
5151281
5151294
5151311
5151329
5151422
5151506
5151598
5151787
5151843
5152041
5152160
5152173
5152331
5152352
5152358
5152490
5152517
5152757
5152861
5152929
5152934
5152950
5152967
5152968
5152990
5152998
5153020
5153042
5153071
5153077
5153190
5153195
5153355
5153381
5153460
5153462
5153496
5153700
5153856
5153912
5153942
5153990
5154009
5154039
5154129
5154152
5154170
5154221
5154256
5154355
5154428
5154432
5154478
5154508
5154530
5155109
5155113
5155230
5155397
5155519
5155521
5155681
5155692
5155704
5155879
5155885
5156330
5156456
5156741
5156750
5156788
5156834
5156887
5156942
5157045
5157172
5157304
5157312
5157525
5157684
5157755
5157756
5157814
5157827
5157868
5157893
5158145
5158221
5158228
5158235
5158356
5158387
5158420
5158424
5158550
5158860
5158876
5158994
5159026
5159043
5159069
5159085
5159142
5159244
5159256
5159272
5159338
5159456
5159535
5160023
5160271
5160383
5160426
5160813
5160879
5160898
5160977
5161026
5161134
5161434
5161493
5161708
5161897
5161959
5162103
5162275
5162326
5162377
5162495
5162621
5162962
5162997
5163033
5163078
5163114
5163162
5163178
5163305
5163377
5163423
5163552
5163580
5163605
5163664
5163699
5163700
5163705
5163737
5163746
5163950
5164047
5164193
5164445
5164653
5164702
5165038
5165111
5165158
5165257
5165532
5165551
5165616
5165668
5165702
5165787
5165961
5165964
5165979
5165990
5166029
5166194
5166553
5166774
5167051
5167094
5167095
5167097
5167135
5167190
5167245
5167288
5167391
5167399
5167426
5167444
5167624
5167810
5168032
5168037
5168048
5168125
5168235
5168256
5168380
5168797
5168808
5168863
5168937
5169005
5169136
5169192
5169246
5169362
5169447
5169776
5169878
5169969
5170040
5170225
5170248
5170331
5170408
5170976
5171020
5171114
5171167
5171207
5171434
5171524
5171535
5171589
5171946
5171999
5172026
5172207
5172257
5172392
5172410
5172449
5172513
5172592
5172932
5172986
5173070
5173147
5173254
5173429
5173647
5173762
5173781
5173848
5173896
5174038
5174111
5174143
5174178
5174293
5174443
5174510
5174558
5174754
5174902
5174942
5174962
5174991
5175076
5175154
5175381
5176140
5176331
5176379
5176421
5176677
5176817
5176848
5176858
5176867
5176924
5176978
5177208
5177285
5177342
5177462
5177520
5177874
5178221
5178253
5178438
5178444
5178597
5178746
5178854
5178925
5179101
5179227
5179315
5179366
5179394
5179440
5179481
5179553
5179575
5179585
5179589
5179597
5179613
5179896
5179927
5180095
5180241
5180261
5180375
5180412
5180441
5180934
5181071
5181298
5181332
5181358
5181375
5181396
5181493
5181498
5181611
5181709
5182083
5182196
5182225
5182377
5182413
5182688
5182727
5182789
5182862
5182906
5182922
5182942
5183027
5183090
5183160
5183192
5183387
5183393
5183502
5183566
5183657
5183723
5183818
5183841
5183854
5183987
5184017
5184032
5184111
5184219
5184246
5184249
5184370
5184456
5184630
5184732
5184790
5185082
5185103
5185142
5185155
5185176
5185178
5185402
5185405
5185427
5185458
5185510
5185539
5185823
5185833
5186042
5186095
5186128
5186134
5186211
5186216
5186228
5186299
5186324
5186327
5186331
5186449
5186469
5186543
5186639
5186732
5186985
5187156
5187200
5187461
5187558
5187621
5187694
5187758
5187979
5188044
5188524
5188812
5188896
5188908
5189184
5189316
5189531
5189573
5189612
5189628
5189632
5189889
5189905
5189972
5190020
5190035
5190148
5190419
5190580
5190631
5190658
5190822
5190902
5191029
5191051
5191523
5191794
5191874
5192302
5192564
5192664
5192958
5193123
5193233
5193309
5193316
5193426
5193525
5193647
5193648
5193757
5193869
5193901
5193993
5194126
5194201
5194235
5194355
5194377
5194386
5194403
5194493
5194542
5194609
5194660
5194697
5194863
5194892
5194945
5194976
5195094
5195280
5195387
5195482
5195548
5195552
5195788
5195896
5196025
5196044
5196118
5196150
5196307
5196327
5196518
5196601
5196741
5196772
5197023
5197054
5197104
5197192
5197250
5197409
5197510
5197660
5197784
5197842
5197909
5198009
5198028
5198248
5198284
5198288
5198328
5198393
5198443
5198509
5198514
5198523
5198528
5198750
5198786
5199005
5199050
5199108
5199174
5199259
5199588
5199657
5199901
5200028
5200086
5200158
5200172
5200173
5200285
5200294
5200376
5200508
5200534
5200561
5200568
5200660
5200747
5200801
5201093
5201156
5201301
5201549
5201776
5201841
5202038
5202123
5202243
5202275
5202393
5202502
5202544
5202567
5202625
5202640
5202708
5202818
5203021
5203057
5203074
5203147
5203181
5203258
5203282
5203352
5203465
5203503
5203528
5203553
5203809
5203869
5203882
5204013
5204023
5204199
5204243
5204296
5204297
5204328
5204354
5204431
5204614
5204629
5204653
5204756
5204798
5205192
5205198
5205207
5205436
5205514
5205629
5205678
5206086
5206220
5206444
5206462
5206642
5206707
5206793
5206811
5207029
5207054
5207072
5207174
5207291
5207400
5207494
5207520
5207539
5207605
5207639
5207748
5207816
5208039
5208106
5208124
5208201
5208324
5208373
5208451
5208501
5208519
5208637
5208925
5208950
5209279
5209444
5209581
5209623
5209691
5209734
5209786
5209949
5210096
5210155
5210157
5210185
5210218
5210432
5210460
5210467
5210468
5210576
5210698
5210731
5210890
5210905
5211129
5211132
5211159
5211296
5211337
5211356
5211380
5211381
5211483
5211485
5211492
5211557
5211660
5211762
5211942
5211997
5212032
5212075
5212132
5212299
5212311
5212395
5212516
5212603
5212630
5212668
5212766
5212817
5213155
5213311
5213360
5213407
5213743
5213758
5213775
5214060
5214205
5214221
5214342
5214360
5214746
5214774
5214832
5214959
5214984
5215095
5215156
5215240
5215334
5215456
5215728
5215853
5215914
5215997
5216025
5216172
5216274
5216335
5216348
5216362
5216423
5216473
5216520
5216758
5216768
5216910
5216980
5216987
5216988
5217009
5217080
5217251
5217413
5217422
5217495
5217516
5217600
5217796
5217829
5217924
5217927
5217976
5218073
5218089
5218113
5218229
5218315
5218391
5218421
5218439
5218448
5218563
5218566
5218632
5218789
5219076
5219395
5219694
5220213
5220336
5220356
5220441
5220447
5220472
5220531
5220741
5221048
5221091
5221097
5221605
5221628
5221719
5221919
5221944
5222100
5222167
5222381
5222395
5222458
5222515
5222575
5222589
5222621
5222687
5222817
5223031
5223199
5223328
5223409
5223431
5223529
5223542
5223598
5223620
5223632
5223691
5223827
5223982
5224044
5224091
5224109
5224256
5224283
5224329
5224349
5224598
5224605
5224748
5224902
5225218
5225261
5225296
5225461
5225476
5225561
5225607
5226007
5226342
5226462
5226567
5226829
5227023
5227084
5227181
5227296
5227328
5227461
5227561
5227592
5227711
5227843
5227862
5228004
5228015
5228040
5228418
5228735
5228746
5228767
5228778
5228827
5228883
5229042
5229104
5229108
5229213
5229284
5229360
5229386
5229494
5229567
5229614
5229673
5229877
5229997
5230094
5230126
5230192
5230193
5230587
5230667
5230832
5230895
5231064
5231084
5231214
5231306
5231374
5231545
5231586
5231699
5231707
5231731
5231893
5231935
5231942
5232315
5232378
5232396
5232469
5232517
5232609
5232764
5232976
5232982
5233043
5233073
5233101
5233124
5233180
5233370
5233385
5233547
5233742
5233791
5233813
5233963
5234097
5234128
5234134
5234368
5234389
5234406
5234473
5234577
5234603
5234651
5234876
5234882
5234899
5234906
5234926
5234970
5234980
5234983
5235052
5235215
5235312
5235438
5235699
5235743
5235886
5235954
5235965
5236061
5236189
5236299
5236411
5236443
5236530
5236557
5236676
5236711
5236732
5236784
5236845
5237170
5237220
5237576
5237723
5237934
5238121
5238282
5238438
5238522
5238724
5238782
5238833
5238927
5239135
5239603
5239875
5240002
5240021
5240040
5240204
5240474
5240539
5240793
5240857
5240910
5240923
5241133
5241261
5241314
5241355
5241571
5241650
5241655
5241674
5241712
5241840
5241857
5241880
5241901
5242112
5242238
5242303
5242329
5242495
5242505
5242617
5242675
5242805
5242882
5243091
5243240
5243310
5243445
5243528
5243548
5243562
5243668
5243773
5243861
5244038
5244216
5244389
5244404
5244422
5244447
5244452
5244486
5244725
5244728
5244759
5244795
5244800
5244855
5244914
5245046
5245069
5245219
5245480
5245494
5245627
5245989
5246025
5246075
5246134
5246202
5246230
5246529
5246599
5246701
5246735
5246816
5247139
5247212
5247302
5247503
5247516
5247559
5247627
5247635
5247703
5247771
5247781
5247828
5247961
5247972
5248031
5248051
5248052
5248155
5248156
5248167
5248349
5248385
5248451
5248495
5248783
5249002
5249084
5249301
5249492
5249837
5249868
5249921
5249941
5249957
5250011
5250163
5250284
5250308
5250613
5250627
5250670
5250681
5250700
5250784
5250813
5250835
5250844
5251358
5251565
5251590
5251706
5251851
5251883
5252018
5252174
5252262
5252362
5252456
5252470
5252490
5252669
5252724
5252978
5253304
5253398
5253629
5253656
5253798
5253836
5254064
5254170
5254242
5254397
5254473
5254483
5254671
5254754
5254826
5254835
5254905
5254963
5255067
5255114
5255371
5255620
5255847
5255928
5255939
5255968
5255992
5256643
5256722
5256761
5256820
5256826
5256874
5256906
5256939
5257082
5257393
5257643
5257676
5257733
5258093
5258096
5258111
5258127
5258164
5258371
5258850
5258913
5258923
5258956
5259191
5259249
5259291
5259314
5259335
5259416
5259489
5259839
5259845
5259903
5260179
5260196
5260246
5260288
5260333
5260371
5260430
5260485
5260506
5260579
5260797
5260895
5260919
5261177
5261252
5261342
5261384
5261409
5261508
5261533
5261546
5261635
5261723
5261896
5261927
5262047
5262322
5262419
5262445
5262450
5262527
5262731
5262841
5262911
5263041
5263052
5263172
5263380
5263384
5263391
5263397
5263453
5263463
5263468
5263552
5263582
5263589
5263607
5263740
5263765
5263840
5263873
5264020
5264116
5264161
5264230
5264258
5264291
5264335
5264398
5264421
5264521
5264528
5264573
5264588
5264632
5264639
5264729
5264808
5264811
5264851
5264971
5265025
5265075
5265248
5265384
5265571
5265624
5265628
5265711
5265773
5265898
5266058
5266130
5266162
5266178
5266186
5266208
5266406
5266419
5266525
5266596
5266780
5266819
5266986
5267019
5267038
5267224
5267238
5267300
5267366
5267463
5267479
5267608
5267632
5267673
5268018
5268025
5268029
5268509
5268685
5268723
5268840
5268916
5268929
5268937
5269080
5269358
5269492
5269516
5270002
5270007
5270033
5270073
5270273
5270444
5270608
5270639
5270687
5270839
5270861
5270978
5270982
5271009
5271091
5271141
5271168
5271506
5271563
5271632
5271774
5271831
5271878
5272056
5272348
5272475
5272546
5272975
5273014
5273093
5273118
5273147
5273212
5273475
5273515
5273543
5273641
5273692
5273748
5273893
5274059
5274064
5274107
5274171
5274223
5274527
5274723
5274786
5275061
5275736
5275746
5275840
5275898
5275962
5276012
5276053
5276074
5276101
5276135
5276168
5276218
5276329
5276349
5276383
5276590
5277047
5277166
5277230
5277573
5277606
5277716
5277778
5277925
5278001
5278002
5278238
5278398
5278467
5278671
5278716
5278937
5278947
5279043
5279497
5279522
5279556
5279648
5279738
5279817
5280082
5280137
5280396
5280446
5280571
5280573
5280641
5280855
5280908
5281093
5281214
5281217
5281285
5281321
5281390
5281417
5281473
5281480
5281556
5281623
5281664
5281687
5281860
5282001
5282036
5282071
5282115
5282261
5282345
5282523
5282894
5282981
5283143
5283173
5283422
5283717
5283730
5283767
5283982
5284272
5284444
5284555
5284808
5285152
5285160
5285184
5285277
5285292
5285329
5285348
5285414
5285466
5285574
5285761
5285780
5285823
5285894
5285905
5285930
5286020
5286221
5286300
5286307
5286386
5286495
5286514
5286572
5286703
5286705
5286762
5286825
5286837
5286860
5286924
5286996
5287068
5287073
5287086
5287426
5287812
5287954
5288018
5288167
5288288
5288380
5288463
5288747
5288765
5288909
5288945
5288969
5288991
5289103
5289166
5289263
5289305
5289421
5289431
5289531
5289719
5289759
5289857
5289934
5289949
5290042
5290140
5290187
5290249
5290267
5290365
5290395
5290445
5290479
5290490
5290498
5290500
5290639
5290643
5290689
5290729
5290774
5290807
5290994
5291022
5291034
5291100
5291103
5291165
5291425
5291480
5291483
5291496
5291710
5291718
5291727
5291739
5291878
5291932
5292118
5292124
5292326
5292583
5292660
5292717
5292942
5292955
5293334
5293585
5293646
5293691
5293769
5293881
5293956
5294046
5294147
5294152
5294171
5294281
5294659
5294748
5294759
5294770
5294787
5294811
5294987
5295026
5295054
5295058
5295069
5295090
5295155
5295156
5295159
5295394
5295429
5295519
5295570
5295641
5295787
5295866
5295915
5295927
5296101
5296531
5296544
5296867
5296876
5297132
5297160
5297281
5297316
5297367
5297543
5297581
5297776
5298526
5298677
5298760
5298768
5298789
5298845
5299033
5299081
5299119
5299123
5299251
5299316
5299453
5299630
5299935
5300006
5300213
5300288
5300316
5300495
5300629
5300652
5300781
5300805
5300832
5301089
5301095
5301096
5301121
5301275
5301334
5301365
5301395
5301476
5301598
5301636
5302053
5302112
5302244
5302276
5302279
5302288
5302324
5302377
5302410
5302429
5302448
5302675
5302762
5302914
5302939
5303020
5303155
5303477
5303510
5303553
5303640
5303844
5303917
5303988
5303994
5304180
5304207
5304218
5304278
5304288
5304439
5304490
5304520
5304626
5304633
5304636
5304658
5304764
5304838
5304893
5305061
5305150
5305153
5305183
5305328
5305555
5305610
5305623
5305893
5305903
5306107
5306216
5306267
5306424
5306426
5306456
5306700
5306768
5306814
5306827
5307029
5307122
5307131
5307231
5307329
5307336
5307605
5307622
5307716
5307725
5308308
5308497
5308504
5308557
5308680
5309079
5309140
5309152
5309345
5309409
5309491
5309528
5309541
5309608
5309631
5309637
5309800
5309840
5310268
5310336
5310413
5310464
5310510
5310560
5310749
5310771
5310778
5310815
5310856
5310862
5311006
5311034
5311036
5311169
5311188
5311264
5311284
5311308
5311347
5311377
5311382
5311409
5311546
5311607
5311633
5311734
5312234
5312247
5312386
5312595
5312636
5312759
5313000
5313363
5313418
5313918
5314007
5314078
5314104
5314240
5314253
5314293
5314331
5314341
5314446
5314606
5314687
5314809
5315173
5315237
5315320
5315602
5315655
5315671
5315768
5315770
5315947
5316050
5316086
5316147
5316333
5316408
5316577
5316578
5316705
5316954
5316957
5317109
5317163
5317193
5317257
5317261
5317338
5317420
5317448
5317692
5317903
5318129
5318168
5318271
5318609
5318613
5318725
5318782
5319075
5319254
5319272
5319296
5319519
5319523
5319531
5319597
5319738
5319750
5319859
5319911
5319944
5320051
5320077
5320387
5320407
5320416
5320421
5320437
5320492
5320531
5320570
5320617
5320674
5320762
5320782
5320824
5320873
5321053
5321088
5321190
5321610
5321670
5321690
5322001
5322007
5322064
5322299
5322302
5322438
5322502
5322554
5322565
5322570
5322612
5322746
5322760
5322990
5323103
5323205
5323211
5323243
5323352
5323517
5323784
5323785
5323828
5324153
5324318
5324344
5324394
5324552
5324606
5324772
5324831
5324965
5324974
5325004
5325037
5325071
5325097
5325290
5325299
5325338
5325471
5325526
5325541
5325546
5325550
5325659
5325740
5325780
5325782
5325888
5325896
5325995
5326068
5326161
5326367
5326374
5326387
5326520
5326524
5326542
5326545
5326666
5326724
5327413
5327662
5327688
5327856
5327865
5327969
5328290
5328306
5328308
5328370
5328453
5328655
5328658
5328739
5329143
5329219
5329415
5329681
5329685
5329807
5330000
5330039
5330135
5330181
5330271
5330362
5330650
5330651
5330730
5330733
5330828
5330940
5331166
5331179
5331335
5331712
5331734
5331741
5331775
5331832
5331843
5331989
5332022
5332199
5332247
5332254
5332312
5332330
5332358
5332375
5332538
5332541
5332749
5332843
5333111
5333318
5333500
5333560
5333561
5333586
5333602
5333613
5333702
5333750
5333850
5333868
5334138
5334177
5334266
5334341
5334383
5334566
5334656
5334935
5335006
5335050
5335130
5335460
5335507
5335545
5335670
5335739
5335795
5335828
5335952
5335976
5336078
5336170
5336307
5336350
5336405
5336526
5336833
5336898
5336941
5336988
5337049
5337094
5337152
5337177
5337195
5337280
5337351
5337352
5337550
5337582
5337753
5337766
5337774
5337776
5337959
5338185
5338359
5338381
5338599
5338622
5338886
5338903
5339013
5339368
5339477
5339888
5339890
5339941
5339960
5340000
5340097
5340216
5340233
5340297
5340367
5340630
5340640
5340663
5340670
5340704
5340725
5340845
5340866
5340879
5340920
5341154
5341225
5341384
5341388
5341414
5341443
5341546
5341627
5341660
5341742
5341788
5341828
5341867
5341975
5341976
5342156
5342240
5342355
5342506
5342526
5342578
5342583
5342665
5342667
5342718
5342953
5343034
5343114
5343387
5343443
5343498
5343719
5343792
5344105
5344115
5344201
5344292
5344301
5344349
5344406
5344407
5344504
5344612
5344867
5345119
5345142
5345231
5345291
5345334
5345423
5345618
5346272
5346293
5346448
5346476
5346493
5346517
5346600
5346627
5346671
5346939
5347080
5347123
5347132
5347164
5347191
5347213
5347215
5347273
5347322
5347586
5347906
5347926
5348040
5348140
5348267
5348306
5348321
5348413
5348488
5348628
5348650
5348671
5348728
5348801
5348864
5348953
5349034
5349119
5349215
5349328
5349530
5349797
5350044
5350212
5350238
5350321
5350688
5350697
5350940
5350995
5351079
5351098
5351178
5351386
5351404
5351445
5351465
5351502
5351542
5351590
5351632
5351736
5351751
5351876
5351881
5351974
5351976
5352000
5352002
5352012
5352154
5352334
5352337
5352376
5352604
5352743
5352806
5352908
5353032
5353128
5353230
5353253
5353366
5353497
5353595
5353614
5353747
5353779
5353917
5354006
5354030
5354081
5354248
5354409
5354413
5354458
5354514
5354681
5354898
5354950
5354962
5354964
5354980
5355062
5355234
5355356
5355385
5355409
5355622
5355944
5355952
5356072
5356093
5356287
5356318
5356373
5356393
5356403
5356432
5356530
5356582
5356680
5356769
5358066
5358223
5358318
5358329
5358411
5358476
5358563
5358759
5358762
5358835
5358855
5359021
5359292
5359356
5359542
5359594
5359626
5359860
5359905
5360676
5360835
5360871
5361031
5361189
5361216
5361298
5361390
5361471
5361619
5361745
5361765
5362061
5362192
5362198
5362253
5362276
5362631
5362680
5362786
5362842
5362853
5362910
5362994
5363017
5363107
5363179
5363526
5363596
5363598
5363684
5363987
5364049
5364366
5364394
5364557
5364717
5364830
5364948
5365088
5365111
5365113
5365148
5365286
5365395
5365739
5365767
5365796
5366025
5366378
5366395
5366469
5366606
5366640
5366730
5366787
5366999
5367233
5367285
5367287
5367293
5367329
5367469
5367568
5367602
5367694
5367721
5367798
5367831
5367956
5368135
5368159
5368322
5368330
5368374
5368477
5368499
5368626
5368769
5368791
5368907
5369023
5369029
5369030
5369087
5369149
5369155
5369353
5369382
5369519
5369543
5369578
5369686
5369823
5370284
5370343
5370534
5370542
5370579
5370625
5370695
5370993
5371096
5371140
5371200
5371222
5371307
5371531
5371736
5371992
5372028
5372173
5372272
5372282
5372289
5372302
5372324
5372364
5372412
5372455
5372540
5372591
5372628
5372679
5372726
5372827
5372954
5373059
5373176
5373296
5373424
5373517
5373524
5373526
5373701
5373923
5373938
5374068
5374103
5374272
5374317
5374385
5374637
5374738
5374792
5374964
5375019
5375095
5375112
5375432
5375486
5375728
5375804
5375931
5375935
5376077
5376147
5376206
5376692
5376720
5376779
5376822
5377059
5377260
5377298
5377364
5377412
5377597
5377848
5378025
5378299
5378474
5378549
5378564
5378578
5378666
5378715
5378793
5378815
5378896
5378927
5378955
5379007
5379205
5379531
5379685
5379699
5379789
5379960
5380022
5380046
5380283
5380318
5380377
5380392
5380469
5380580
5380706
5381067
5381164
5381456
5381547
5381666
5381831
5381924
5382062
5382114
5382137
5382212
5382349
5382547
5382566
5382991
5383171
5383243
5383336
5383467
5383476
5383767
5383783
5383789
5383922
5383924
5384052
5384095
5384151
5384179
5384315
5384319
5384382
5384489
5384516
5384650
5384660
5384849
5384919
5384973
5384982
5385013
5385144
5385159
5385257
5385311
5385322
5385538
5385553
5385581
5385627
5385832
5385870
5385905
5386119
5386163
5386177
5386296
5386383
5386399
5386409
5386550
5386879
5386923
5386959
5387306
5387415
5387464
5387566
5387593
5387650
5387693
5387746
5387884
5388087
5388107
5388176
5388222
5388283
5388477
5388655
5388786
5388805
5388833
5389037
5389058
5389260
5389605
5389833
5389924
5389967
5390061
5390585
5390684
5390833
5390853
5390865
5390867
5390947
5390991
5391000
5391089
5391115
5391130
5391354
5391391
5391412
5391414
5391530
5391551
5391756
5391961
5391985
5392081
5392220
5392230
5392421
5392477
5392484
5392526
5392558
5392572
5392753
5392967
5393031
5393163
5393313
5393412
5393413
5393466
5393498
5393504
5393571
5393574
5393749
5393758
5394245
5394282
5394486
5394575
5394962
5395116
5395131
5395141
5395210
5395300
5395339
5395548
5395560
5395614
5395621
5395725
5396048
5396148
5396273
5396470
5396656
5396729
5396844
5396915
5397026
5397033
5397143
5397176
5397270
5397392
5397440
5397511
5397711
5397723
5397775
5397952
5397991
5398012
5398136
5398241
5398245
5398282
5398438
5398535
5398885
5398952
5399075
5399205
5399299
5399367
5399427
5399429
5399522
5399553
5399717
5399765
5399781
5399847
5399848
5400029
5400050
5400071
5400094
5400110
5400151
5400204
5400341
5400396
5400437
5400498
5400499
5400678
5400736
5400845
5400891
5401219
5401370
5401448
5401477
5401527
5401651
5401721
5401808
5401839
5401854
5402055
5402178
5402208
5402226
5402350
5402384
5402439
5402506
5402868
5402930
5402994
5403089
5403324
5403333
5403367
5403423
5403460
5403578
5403677
5403700
5403781
5404126
5404233
5404283
5404577
5404758
5404770
5405217
5405270
5405316
5405563
5405707
5405709
5405731
5405767
5405919
5406107
5406272
5406293
5406324
5406445
5406469
5406575
5406626
5406841
5406891
5407087
5407127
5407128
5407220
5407226
5407426
5407622
5407746
5407760
5407765
5407947
5407983
5408000
5408054
5408215
5408272
5408440
5408528
5408662
5408716
5408749
5408759
5408970
5409023
5409214
5409366
5409411
5409566
5409607
5409766
5409855
5409927
5410012
5410100
5410383
5410389
5410747
5410811
5410963
5411070
5411178
5411182
5411223
5411273
5411349
5411425
5411455
5411486
5411508
5411644
5411714
5411832
5411907
5411940
5412135
5412197
5412315
5412407
5412557
5412581
5412781
5412794
5412798
5412989
5413169
5413284
5413322
5413368
5413419
5413503
5413836
5413854
5414079
5414126
5414138
5414139
5414156
5414164
5414175
5414363
5414487
5414606
5414653
5414697
5414705
5414923
5414940
5415461
5415556
5415579
5415732
5415751
5415850
5415875
5415921
5415994
5416048
5416234
5416258
5416290
5416372
5416408
5416460
5416470
5416692
5416713
5416798
5416813
5416905
5416971
5416987
5417049
5417112
5417246
5417302
5417325
5417378
5417433
5417463
5417735
5417756
5417924
5417966
5417987
5418017
5418098
5418275
5418305
5418350
5418469
5418477
5418563
5418605
5418666
5418787
5418794
5418823
5418973
5419032
5419282
5419321
5419442
5419633
5419783
5419828
5420015
5420076
5420110
5420363
5420416
5420441
5420446
5420631
5420747
5420837
5420940
5421081
5421379
5421470
5421487
5421809
5421815
5421819
5421854
5422307
5422354
5422393
5422774
5422842
5422930
5422937
5423111
5423250
5423318
5423661
5423761
5423942
5424073
5424100
5424123
5424137
5424153
5424276
5424345
5424847
5424883
5424886
5424931
5425073
5425123
5425182
5425206
5425275
5425295
5425328
5425329
5425654
5425660
5425686
5426231
5426359
5426377
5426473
5426540
5426593
5426615
5426753
5426766
5426792
5426837
5426844
5426946
5426982
5426983
5427130
5427197
5427328
5427668
5427850
5427879
5427975
5427988
5428046
5428090
5428472
5428552
5428604
5428618
5428664
5428787
5428884
5429076
5429077
5429086
5429191
5429288
5429300
5429321
5429322
5429362
5429370
5429636
5429931
5430272
5430307
5430462
5430477
5430487
5430637
5430850
5430922
5430977
5430988
5431078
5431128
5431376
5431522
5431590
5431858
5431888
5432190
5432349
5432395
5432669
5432737
5432845
5432898
5432966
5433059
5433199
5433286
5433309
5433380
5433725
5433730
5433786
5433860
5433971
5434054
5434108
5434114
5434247
5434410
5434497
5434606
5434625
5434659
5434688
5434734
5434950
5435046
5435142
5435278
5435314
5435467
5435795
5436052
5436110
5436250
5436285
5436328
5436491
5436581
5436711
5436737
5436784
5436969
5436989
5437078
5437128
5437158
5437244
5437270
5437310
5437319
5437351
5437395
5437451
5437749
5438104
5438123
5438279
5438484
5438709
5438819
5439146
5439151
5439477
5439719
5439724
5439772
5439783
5439906
5439924
5439977
5440004
5440205
5440395
5440445
5440522
5440526
5440562
5440633
5440744
5440772
5440811
5440920
5440958
5440983
5441014
5441151
5441206
5441221
5441407
5441581
5441626
5441758
5441804
5441805
5441956
5441964
5442067
5442325
5442488
5442544
5442652
5442726
5442856
5442944
5443034
5443041
5443063
5443188
5443335
5443458
5443501
5443550
5443679
5443721
5443725
5443842
5444226
5444256
5444268
5444289
5444496
5444694
5444711
5444714
5444731
5444885
5444939
5444947
5444956
5445061
5445503
5445668
5445737
5445851
5445863
5445974
5446019
5446158
5446436
5446615
5446626
5446705
5446824
5446949
5447054
5447192
5447212
5447512
5447541
5447756
5447844
5447857
5447893
5447979
5448005
5448098
5448358
5448437
5448492
5448498
5448534
5448648
5448677
5448696
5448857
5448983
5449171
5449200
5449258
5449273
5449312
5449558
5449634
5449639
5449680
5449738
5449847
5449853
5450096
5450161
5450263
5450272
5450666
5450718
5450761
5450765
5450875
5450922
5450971
5451216
5451478
5451495
5451515
5451623
5451754
5451938
5451952
5452030
5452075
5452175
5452267
5452422
5452529
5452552
5452607
5452651
5452696
5452700
5452875
5453027
5453137
5453172
5453232
5453425
5453469
5453657
5453793
5453844
5453852
5453871
5453872
5453954
5454116
5454370
5454399
5454598
5454617
5454738
5454770
5455044
5455069
5455073
5455093
5455133
5455188
5455563
5455881
5455926
5455953
5456150
5456389
5456492
5456507
5456551
5456753
5456849
5456918
5456950
5457046
5457083
5457189
5457221
5457683
5457713
5457769
5457797
5457923
5457948
5458030
5458052
5458131
5458166
5458219
5458369
5458507
5458568
5458620
5458663
5458675
5458978
5459016
5459190
5459290
5459328
5459443
5459575
5459629
5459730
5459737
5459895
5459905
5460104
5460361
5460362
5460407
5460627
5460652
5460845
5461050
5461066
5461068
5461163
5461335
5461420
5461480
5461509
5461520
5461627
5461710
5461725
5461776
5461934
5461957
5461990
5462012
5462133
5462378
5462413
5462506
5462735
5462795
5462910
5462934
5462954
5462984
5463023
5463075
5463116
5463172
5463198
5463228
5463305
5463326
5463520
5463562
5463598
5463742
5463743
5463745
5463864
5464182
5464231
5464341
5464379
5464492
5464516
5464703
5464790
5465063
5465106
5465210
5465364
5465406
5465554
5465562
5465940
5465957
5465958
5466058
5466105
5466328
5466480
5466667
5466670
5466688
5466813
5467236
5467274
5467289
5467326
5467346
5467418
5467575
5467579
5467593
5467602
5467621
5467648
5467790
5467983
5468020
5468359
5468381
5468507
5468806
5468849
5469098
5469109
5469114
5469195
5469306
5469318
5469442
5469459
5469505
5469528
5469721
5469777
5469951
5469991
5470050
5470336
5470353
5470393
5470528
5470645
5470676
5470679
5470774
5470955
5470958
5471009
5471019
5471048
5471249
5471316
5471524
5471540
5471613
5471658
5471683
5471848
5471978
5472000
5472501
5472516
5472527
5472530
5472755
5473215
5473486
5473647
5473690
5473903
5473983
5474001
5474088
5474092
5474108
5474539
5474578
5474916
5475025
5475043
5475044
5475097
5475260
5475391
5475486
5475559
5475729
5475961
5475967
5476020
5476040
5476098
5476243
5476289
5476406
5476459
5476584
5476592
5476630
5476660
5476670
5476752
5476862
5476883
5476888
5476961
5477034
5477151
5477171
5477253
5477288
5477554
5477655
5477731
5477832
5477970
5478112
5478113
5478188
5478256
5478263
5478371
5478545
5478597
5478752
5478791
5478889
5478979
5479069
5479072
5479147
5479210
5479262
5479286
5479436
5479456
5479477
5479568
5479876
5479889
5480041
5480044
5480162
5480198
5480433
5480481
5480544
5480581
5480618
5480955
5481127
5481134
5481219
5481248
5481256
5481308
5481335
5481414
5481633
5481719
5481750
5481780
5481806
5481835
5481847
5481905
5481977
5482255
5482291
5482406
5482506
5482520
5482550
5482801
5482805
5482873
5482876
5482912
5482926
5482957
5483009
5483120
5483168
5483172
5483434
5483438
5483450
5483465
5483633
5483643
5483661
5484063
5484075
5484093
5484204
5484252
5484258
5484309
5484319
5484489
5484630
5484865
5484963
5484969
5484989
5485046
5485187
5485288
5485383
5485452
5485495
5485644
5485646
5485653
5485707
5485723
5485926
5485990
5486027
5486248
5486268
5486402
5486415
5486547
5486677
5486899
5487152
5487168
5487174
5487175
5487291
5487480
5487499
5487502
5487543
5487570
5487787
5487791
5487836
5487911
5488013
5488021
5488123
5488263
5488369
5488422
5488452
5488466
5488577
5488743
5488746
5488837
5488905
5488925
5488953
5489053
5489173
5489184
5489245
5489279
5489438
5489687
5489716
5489802
5489956
5490089
5490177
5490314
5490406
5490560
5490634
5490715
5490923
5491028
5491089
5491099
5491148
5491355
5491551
5491607
5491721
5491905
5491932
5491957
5491981
5492037
5492188
5492195
5492278
5492333
5492451
5492555
5492734
5492875
5493003
5493045
5493113
5493119
5493131
5493172
5493303
5493325
5493391
5493475
5493502
5493569
5493574
5493625
5493674
5493719
5493733
5494073
5494406
5494438
5494499
5494507
5494618
5494678
5494782
5494797
5495043
5495048
5495136
5495222
5495476
5495481
5495756
5495768
5495809
5495829
5495940
5495988
5496033
5496171
5496305
5496547
5496684
5496756
5496777
5496945
5496950
5496991
5497058
5497097
5497100
5497262
5497298
5497325
5497362
5497418
5497581
5497636
5497747
5497918
5498174
5498270
5498407
5498429
5498594
5498685
5498740
5498906
5498970
5498977
5499095
5499133
5499167
5499190
5499213
5499274
5499444
5499475
5499522
5499968
5500036
5500061
5500084
5500136
5500154
5500516
5500531
5500592
5500765
5500799
5500915
5500931
5501007
5501098
5501240
5501435
5501440
5501473
5501717
5501775
5501817
5502341
5502443
5502549
5502725
5502729
5502744
5502928
5502984
5503348
5503685
5503690
5503725
5503922
5503986
5504001
5504127
5504148
5504263
5504312
5504364
5504414
5504474
5504501
5504587
5504668
5504702
5504779
5504900
5504910
5504933
5505231
5505329
5505495
5505506
5505796
5505803
5505880
5505918
5506013
5506095
5506097
5506245
5506283
5506358
5506503
5506505
5506524
5506727
5506837
5506843
5507030
5507079
5507121
5507226
5507246
5507290
5507321
5507365
5507408
5507432
5507595
5507702
5507788
5507795
5507841
5507905
5507956
5508108
5508174
5508623
5508652
5508759
5508849
5509145
5509238
5509267
5509402
5509496
5509682
5509765
5509779
5509834
5509946
5510132
5510158
5510269
5510319
5510377
5510464
5510869
5510912
5511148
5511216
5511268
5511366
5511397
5511431
5511438
5511454
5511550
5511580
5511639
5511688
5511772
5512050
5512121
5512154
5512171
5512226
5512228
5512390
5512666
5512732
5512937
5512940
5513062
5513322
5513520
5513541
5513714
5513754
5513912
5513946
5513987
5514080
5514197
5514237
5514273
5514373
5514399
5514521
5514741
5514824
5514829
5514947
5515202
5515247
5515260
5515358
5515441
5515454
5515513
5515528
5515583
5515599
5515742
5515795
5515932
5515934
5516033
5516109
5516113
5516236
5516240
5516376
5516448
5516631
5516787
5516869
5516883
5517376
5517381
5517495
5517648
5517689
5517704
5517936
5518140
5518332
5518682
5518710
5518731
5518808
5518814
5518827
5518935
5519085
5519116
5519216
5519246
5519652
5519946
5520304
5520401
5520402
5520554
5520661
5520689
5520806
5521182
5521231
5521261
5521371
5521388
5521457
5521746
5521778
5521789
5521806
5521811
5521894
5521992
5522009
5522130
5522195
5522212
5522258
5522382
5522480
5522554
5522602
5522781
5522798
5522924
5522930
5523121
5523229
5523275
5523476
5523730
5523741
5523807
5523830
5523915
5523934
5523962
5524045
5524059
5524134
5524141
5524193
5524195
5524244
5524461
5524664
5524834
5524954
5525151
5525204
5525208
5525245
5525320
5525410
5525516
5525647
5525652
5525847
5525944
5526077
5526115
5526607
5526683
5526688
5526713
5526834
5526927
5527048
5527479
5527649
5527785
5527819
5527907
5528140
5528609
5528882
5528926
5529052
5529293
5529335
5529376
5529405
5529422
5529429
5529482
5529653
5529705
5529766
5529876
5530148
5530161
5530237
5530263
5530391
5530874
5530940
5530990
5531115
5531158
5531213
5531305
5531347
5531350
5531374
5531395
5531593
5531609
5531653
5531655
5531794
5531819
5532066
5532096
5532254
5532262
5532395
5532397
5532477
5532643
5532654
5532670
5532708
5532804
5533031
5533170
5533640
5533656
5533675
5533879
5534217
5534261
5534403
5534520
5534670
5534971
5535117
5535192
5535593
5535704
5535865
5535951
5535954
5536039
5536179
5536401
5536460
5536529
5536604
5536704
5536730
5536761
5536778
5537154
5537371
5537407
5537462
5537465
5537568
5537587
5537736
5537738
5537748
5537805
5537808
5537902
5538044
5538286
5538321
5538357
5538450
5538456
5538458
5538463
5538599
5538662
5538691
5538778
5538955
5538970
5538997
5539095
5539101
5539138
5539159
5539232
5539430
5539537
5539804
5539844
5539927
5539931
5540058
5540071
5540244
5540390
5540423
5540488
5540561
5540758
5540897
5541009
5541060
5541106
5541108
5541268
5541333
5541482
5541497
5541506
5541587
5541608
5541680
5541685
5541771
5541796
5541816
5541859
5541879
5542204
5542262
5542265
5542287
5542460
5542592
5542652
5542708
5542823
5542927
5543274
5543319
5543369
5543592
5543691
5543816
5543984
5544012
5544028
5544209
5544331
5544332
5544355
5544653
5544702
5544771
5544904
5545132
5545276
5545323
5545433
5545463
5545471
5545689
5545844
5546023
5546044
5546290
5546322
5546334
5546413
5546618
5546640
5546776
5546991
5547092
5547193
5547241
5547317
5547327
5547393
5547403
5547410
5547574
5547609
5547910
5547969
5547981
5548068
5548124
5548154
5548166
5548270
5548343
5548361
5548482
5548510
5548512
5548977
5549156
5549201
5549291
5549433
5549440
5549608
5549790
5549868
5549957
5549982
5550106
5550257
5550396
5550434
5550534
5550612
5550700
5550825
5550851
5550879
5550892
5550949
5551161
5551170
5551218
5551366
5551482
5551568
5551574
5551841
5551886
5551925
5552013
5552141
5552146
5552158
5552256
5552304
5552398
5552425
5552516
5552699
5552732
5552806
5552814
5552828
5552836
5552975
5553368
5553396
5553423
5553533
5553626
5553690
5553878
5553881
5554009
5554099
5554166
5554279
5554285
5554534
5554538
5554846
5554955
5554977
5555141
5555380
5555424
5555498
5555584
5555609
5555616
5555667
5555756
5555818
5556331
5556404
5556412
5556522
5556903
5556970
5557003
5557020
5557076
5557141
5557206
5557236
5557251
5557627
5557742
5557819
5557939
5558221
5558226
5558309
5558365
5558589
5558823
5558868
5558978
5559121
5559196
5559226
5559241
5559407
5559658
5559674
5559763
5559780
5559785
5559934
5560110
5560166
5560251
5560331
5560361
5560367
5560472
5560716
5560903
5561004
5561200
5561269
5561350
5561637
5561860
5561865
5561933
5561939
5562115
5562117
5562172
5562356
5562403
5562505
5562573
5562739
5562880
5562893
5562936
5562956
5563176
5563221
5563366
5563398
5563442
5563492
5563518
5563609
5563638
5563782
5564065
5564088
5564195
5564297
5564321
5564390
5564549
5564550
5564846
5564965
5565000
5565205
5565341
5565374
5565535
5565584
5565649
5565667
5565716
5565832
5565995
5566016
5566064
5566275
5566324
5566368
5566376
5566384
5566552
5566855
5566884
5566988
5567098
5567115
5567228
5567459
5567996
5568035
5568095
5568274
5568351
5568488
5568703
5568715
5568731
5568796
5569009
5569012
5569036
5569196
5569345
5569379
5569440
5569701
5569918
5569965
5570353
5570402
5570439
5570509
5570532
5570575
5570644
5570747
5570994
5571023
5571068
5571116
5571130
5571145
5571409
5571411
5571441
5571477
5571549
5571848
5571887
5571979
5572152
5572174
5572220
5572270
5572517
5572665
5572762
5572968
5573003
5573544
5573654
5573655
5573688
5573786
5573960
5574083
5574124
5574434
5574443
5574690
5574705
5574901
5574920
5575151
5575282
5575365
5575417
5575578
5575939
5575976
5576192
5576227
5576292
5576350
5576394
5576417
5576459
5576561
5576586
5576610
5576648
5576696
5576890
5576914
5577198
5577355
5577389
5577643
5577738
5577788
5577792
5577838
5578028
5578034
5578048
5578094
5578149
5578243
5578301
5578434
5578509
5578678
5578797
5578798
5578856
5578946
5578980
5579006
5579111
5579242
5579323
5579326
5579399
5579552
5579704
5579749
5579856
5579882
5579924
5579935
5580150
5580204
5580346
5580666
5580781
5580853
5580923
5580988
5581008
5581072
5581307
5581707
5581817
5581824
5581864
5582122
5582467
5582520
5582599
5582716
5582722
5582792
5583141
5583163
5583278
5583480
5583508
5583509
5583510
5583712
5583839
5583910
5584043
5584064
5584075
5584341
5584391
5584540
5584588
5584629
5584659
5584687
5584870
5584887
5584987
5585091
5585113
5585153
5585165
5585436
5585468
5585600
5585671
5585752
5586240
5586311
5586490
5586626
5586639
5586765
5586816
5586841
5586900
5586950
5587009
5587059
5587244
5587359
5587361
5587853
5587925
5587967
5588288
5588333
5588346
5588398
5588527
5588609
5588692
5588853
5588896
5588997
5589127
5589248
5589292
5589308
5589431
5589537
5589944
5590127
5590143
5590199
5590355
5590426
5590561
5590584
5590647
5590751
5590814
5591010
5591201
5591263
5591389
5591491
5591904
5592029
5592156
5592161
5592191
5592329
5592560
5592771
5592776
5592821
5592915
5592916
5593070
5593236
5593260
5593392
5593439
5593478
5593572
5593604
5593761
5593807
5593853
5594146
5594149
5594168
5594170
5594222
5594234
5594262
5594328
5594508
5594542
5594602
5594626
5594765
5594900
5595051
5595190
5595257
5595294
5595343
5595394
5595469
5595523
5595753
5595795
5595907
5595943
5596032
5596384
5596389
5596435
5596456
5596514
5596527
5596553
5596576
5596636
5596665
5596670
5596692
5596857
5596891
5597019
5597024
5597236
5597402
5597652
5597695
5597710
5597730
5597743
5597937
5597939
5598028
5598051
5598082
5598366
5598375
5598519
5598577
5598595
5598650
5598659
5598815
5598850
5598866
5599278
5599517
5599582
5599646
5599690
5599714
5599740
5599753
5600071
5600257
5600399
5600454
5600466
5600481
5600723
5600809
5600968
5601623
5601672
5601813
5602017
5602112
5602290
5602400
5602639
5602864
5602916
5602946
5603038
5603133
5603161
5603172
5603264
5603295
5603682
5603690
5603886
5604206
5604292
5604329
5604354
5604391
5604426
5604427
5604441
5604525
5604818
5604854
5604862
5605006
5605035
5605077
5605201
5605207
5605355
5605359
5605367
5605458
5605924
5605942
5606119
5606125
5606280
5606413
5606423
5606458
5606484
5606737
5606837
5606966
5606982
5607036
5607041
5607087
5607170
5607209
5607231
5607269
5607310
5607345
5607485
5607486
5607509
5607625
5607873
5608208
5608332
5608472
5608574
5608900
5608944
5609073
5609118
5609449
5609518
5609676
5609837
5609884
5609917
5610028
5610038
5610049
5610267
5610309
5610443
5610518
5610614
5610687
5610742
5610800
5610818
5610861
5611197
5611208
5611338
5611414
5611546
5611581
5611692
5611751
5611894
5612072
5612116
5612138
5612192
5612197
5612303
5612328
5612401
5612445
5612509
5612521
5612572
5612654
5612743
5612746
5612772
5613031
5613263
5613540
5613600
5613810
5613838
5613847
5613900
5614044
5614207
5614353
5614379
5614478
5614487
5614664
5614809
5614828
5614841
5614933
5614981
5614983
5615098
5615108
5615214
5615393
5615457
5615480
5615750
5615777
5615874
5615980
5615987
5616015
5616017
5616187
5616299
5616404
5616436
5616537
5616575
5616925
5616971
5617063
5617116
5617314
5617424
5617431
5617479
5617480
5617827
5617920
5618290
5618513
5618521
5618541
5618852
5619068
5619083
5619098
5619154
5619252
5619526
5619573
5619692
5619834
5619857
5619869
5619944
5620005
5620129
5620276
5620390
5620391
5620550
5621035
5621078
5621081
5621111
5621344
5621386
5621495
5621942
5622040
5622069
5622273
5622282
5622556
5622851
5622909
5622990
5622994
5622995
5623026
5623463
5623523
5623834
5623845
5623905
5623952
5624114
5624220
5624357
5624414
5624530
5624600
5624743
5624772
5624952
5625458
5625513
5625615
5625705
5625882
5625959
5626544
5626857
5626951
5627005
5627083
5627254
5627395
5627590
5627600
5627778
5627781
5627893
5627958
5628122
5628229
5628265
5628438
5628474
5628518
5628544
5628574
5628756
5628780
5628854
5628885
5628953
5628978
5628991
5629059
5629068
5629098
5629139
5629145
5629188
5629235
5629355
5629558
5629577
5629837
5630000
5630107
5630111
5630400
5630473
5630756
5630942
5630957
5631369
5631414
5631437
5631491
5631532
5631608
5631723
5631733
5631741
5631817
5631972
5632148
5632205
5632299
5632316
5632372
5632596
5632602
5633094
5633339
5633686
5633850
5634069
5634197
5634362
5634398
5634467
5634534
5634779
5635029
5635111
5635120
5635128
5635175
5635284
5635330
5635385
5635528
5635534
5635587
5635724
5635870
5636047
5636057
5636157
5636182
5636236
5636308
5636310
5636353
5636385
5636507
5636574
5636753
5636947
5636964
5636985
5637078
5637303
5637506
5637751
5637757
5637814
5637838
5637840
5637914
5638068
5638132
5638321
5638429
5638537
5638687
5638704
5638858
5638906
5639209
5639227
5639322
5639342
5639525
5639614
5640107
5640158
5640170
5640186
5640200
5640741
5640780
5640785
5640816
5640822
5640846
5640889
5640949
5641059
5641185
5641190
5641235
5641497
5641760
5641867
5641899
5641914
5642039
5642066
5642189
5642227
5642239
5642280
5642474
5642680
5642829
5642920
5643092
5643106
5643123
5643187
5643318
5643329
5643346
5643493
5643569
5643593
5643651
5643668
5643928
5644043
5644214
5644304
5644334
5644540
5644547
5644565
5644621
5644653
5644682
5644723
5644753
5644756
5644833
5644840
5644930
5644936
5644967
5644986
5645095
5645127
5645153
5645182
5645199
5645334
5645867
5645968
5646221
5646369
5646620
5646668
5646780
5646823
5646894
5646953
5647076
5647172
5647184
5647388
5647495
5647742
5647785
5647894
5648000
5648026
5648051
5648204
5648323
5648417
5648602
5648611
5648648
5648753
5648901
5648905
5649032
5649106
5649108
5649173
5649359
5649411
5649425
5649561
5649624
5649656
5649831
5650094
5650144
5650365
5650491
5650551
5650561
5650859
5650893
5651037
5651342
5651418
5651430
5651460
5651525
5651671
5651819
5651874
5651890
5652027
5652077
5652162
5652170
5652196
5652246
5652280
5652291
5652293
5652534
5652629
5652645
5652878
5652994
5653003
5653223
5653233
5653368
5653540
5653597
5653634
5653650
5653671
5653841
5653953
5653988
5654034
5654062
5654177
5654311
5654432
5654635
5654697
5654707
5654759
5654796
5654797
5654892
5654909
5655026
5655131
5655269
5655306
5655314
5655426
5655572
5655576
5655644
5655707
5655839
5655847
5655900
5656136
5656181
5656259
5656264
5656324
5656377
5656381
5656554
5656605
5656654
5656716
5656810
5656828
5656875
5657002
5657018
5657057
5657198
5657242
5657409
5657414
5657465
5657494
5657499
5658170
5658310
5658323
5658360
5658438
5658620
5658637
5658849
5658874
5659000
5659118
5659287
5659337
5659375
5659515
5659588
5659595
5659739
5660091
5660106
5660320
5660473
5660502
5660923
5660960
5661095
5661202
5661265
5661268
5661433
5661493
5661522
5661611
5661731
5661735
5661758
5661765
5661808
5661889
5661992
5662064
5662145
5662245
5662440
5662580
5662721
5662774
5662795
5662829
5662870
5663165
5663299
5663362
5663449
5663457
5663495
5663677
5663681
5663697
5664014
5664049
5664134
5664142
5664202
5664248
5664278
5664444
5664462
5664518
5664583
5664709
5665007
5665021
5665331
5665482
5665558
5665603
5665828
5666033
5666039
5666108
5666222
5666230
5666287
5666320
5666417
5666454
5666543
5666707
5666994
5667294
5667402
5667406
5667495
5667496
5667520
5667636
5667883
5668176
5668318
5668634
5668716
5668908
5668953
5669012
5669052
5669074
5669256
5669313
5669399
5669477
5669499
5669649
5669669
5669701
5670308
5670315
5670319
5670422
5670505
5670570
5670611
5670711
5670884
5671032
5671091
5671143
5671357
5671364
5671431
5671518
5671564
5671650
5671780
5671851
5671904
5672074
5672381
5672391
5672514
5672555
5672583
5672585
5672821
5672940
5672994
5672995
5673418
5673633
5673853
5674046
5674047
5674176
5674262
5674299
5674414
5674468
5674590
5674710
5675189
5675319
5675364
5675684
5675917
5675952
5675993
5676041
5676082
5676147
5676318
5676381
5676505
5676605
5676613
5676681
5676696
5677051
5677098
5677119
5677123
5677176
5677200
5677514
5677622
5677661
5677680
5677726
5677813
5677825
5677848
5677916
5677969
5677983
5678043
5678145
5678178
5678201
5678711
5678795
5678829
5678979
5679072
5679223
5679258
5679377
5679449
5679561
5679691
5679830
5679915
5679972
5680032
5680130
5680173
5680205
5680323
5680380
5680409
5680619
5680977
5680984
5681212
5681366
5681558
5681565
5681590
5681789
5681859
5681875
5681894
5681906
5682021
5682056
5682145
5682158
5682264
5682620
5682735
5682753
5682844
5682854
5683006
5683051
5683100
5683171
5683303
5683481
5683589
5683642
5683645
5683730
5683742
5683915
5684002
5684140
5684412
5684447
5684451
5684555
5684577
5684618
5684658
5684719
5684733
5684773
5684879
5685143
5685379
5685437
5685444
5685483
5685698
5685761
5685858
5685924
5686164
5686332
5686368
5686528
5686545
5686628
5686653
5686666
5686736
5686755
5686819
5686901
5686905
5686912
5687225
5687385
5687592
5687827
5687873
5687877
5688046
5688107
5688255
5688263
5688322
5688443
5688492
5688576
5688721
5688787
5688951
5689042
5689265
5689293
5689363
5689485
5689534
5689597
5689678
5689728
5689755
5690175
5690193
5690343
5690350
5690602
5690741
5690805
5690823
5690857
5690976
5690992
5691038
5691058
5691297
5691581
5691691
5691737
5691812
5691829
5691836
5691899
5691914
5691919
5691954
5691956
5692027
5692056
5692155
5692204
5692218
5692247
5692255
5692279
5692467
5692486
5692529
5692532
5692606
5692623
5692646
5692870
5692888
5692925
5692954
5693186
5693294
5693451
5693606
5693650
5693716
5693949
5694066
5694099
5694229
5694263
5694316
5694401
5694619
5694704
5694714
5694740
5694747
5695022
5695135
5695185
5695385
5695403
5695405
5695463
5695650
5695667
5695713
5695719
5696091
5696200
5696427
5696459
5696492
5696494
5696551
5696610
5696806
5696934
5697064
5697102
5697304
5697679
5698068
5698154
5698491
5698791
5698836
5698966
5698970
5698995
5698997
5699005
5699111
5699366
5699392
5699547
5699611
5699983
5700010
5700018
5700067
5700199
5700245
5700308
5700540
5700561
5700580
5700942
5700990
5701047
5701062
5701108
5701205
5701766
5701831
5701833
5701903
5702011
5702032
5702087
5702244
5702384
5702403
5702479
5702530
5702666
5702690
5702796
5702817
5702839
5702865
5702945
5703002
5703106
5703225
5703226
5703301
5703338
5703405
5703409
5703425
5703431
5703463
5703562
5703675
5704066
5704281
5704370
5704429
5704525
5704540
5704589
5704616
5704663
5704707
5704771
5704876
5704914
5704957
5704995
5705138
5705251
5705480
5705618
5705635
5705656
5705722
5705906
5705924
5705972
5706136
5706196
5706265
5706290
5706390
5706439
5706597
5706698
5706720
5706773
5706970
5706995
5707060
5707234
5707291
5707486
5707511
5707553
5707596
5707673
5707918
5708069
5708131
5708372
5708488
5708615
5708737
5708856
5708867
5708891
5708899
5709026
5709054
5709160
5709203
5709284
5709396
5709421
5709622
5709697
5709707
5709804
5709914
5710018
5710193
5710295
5710479
5710665
5710925
5711052
5711250
5711360
5711362
5711380
5711534
5711859
5711976
5712068
5712217
5712288
5712295
5712472
5712568
5712592
5712617
5712664
5712720
5712789
5712848
5712922
5712991
5713020
5713161
5713272
5713283
5713423
5713428
5713437
5713566
5713679
5714140
5714280
5714440
5714535
5714587
5714704
5714737
5714923
5715103
5715432
5715601
5715653
5715718
5715726
5715785
5715828
5715897
5716029
5716093
5716280
5716283
5716634
5716817
5716845
5716851
5716891
5717019
5717196
5717241
5717259
5717308
5717316
5717332
5717460
5717494
5717867
5717993
5718034
5718077
5718132
5718373
5718445
5718452
5718459
5718480
5718557
5718573
5718585
5718765
5718836
5718857
5718870
5718922
5719039
5719120
5719250
5719535
5719553
5719621
5719657
5719691
5719796
5720078
5720230
5720344
5720422
5720457
5720784
5720843
5720991
5721123
5721124
5721297
5721345
5721475
5721489
5721542
5721872
5721875
5722208
5722367
5722439
5722450
5722610
5722719
5722761
5722856
5722922
5722944
5723007
5723062
5723080
5723210
5723248
5723297
5723313
5723512
5723643
5723944
5723978
5724063
5724077
5724201
5724203
5724241
5724275
5724340
5724619
5724664
5724749
5724758
5725051
5725397
5725431
5725585
5725711
5725755
5725920
5726145
5726330
5726349
5726399
5726620
5726706
5726891
5726982
5726992
5727168
5727259
5727422
5727451
5727560
5727836
5727887
5727945
5728101
5728374
5728450
5728576
5728585
5728587
5728676
5728710
5728836
5729032
5729112
5729130
5729294
5729382
5729400
5729610
5729624
5729656
5729923
5729974
5730412
5730436
5730575
5730629
5730652
5730663
5730906
5731012
5731210
5731221
5731290
5731352
5731440
5731471
5731541
5731783
5731972
5732066
5732306
5732397
5732520
5732631
5732703
5732838
5732860
5732965
5733018
5733108
5733175
5733231
5733264
5733361
5733610
5733614
5733644
5733672
5733729
5733797
5733854
5733864
5733867
5734000
5734008
5734010
5734148
5734168
5734214
5734260
5734380
5734553
5734779
5734798
5734838
5734922
5735006
5735019
5735198
5735266
5735314
5735416
5735569
5735796
5735805
5735877
5735894
5735983
5736293
5736355
5736447
5736883
5736956
5737085
5737117
5737153
5737184
5737256
5737416
5737515
5737600
5737747
5737804
5738011
5738032
5738426
5738440
5738491
5738492
5738521
5738581
5738622
5738676
5738963
5738972
5738996
5739011
5739098
5739110
5739122
5739163
5739263
5739276
5739328
5739742
5739835
5739926
5739927
5740028
5740109
5740301
5740390
5740558
5740675
5740870
5740920
5741108
5741169
5741221
5741319
5741415
5741433
5741554
5741564
5741608
5741645
5741848
5742050
5742431
5742506
5742643
5742752
5742861
5743113
5743226
5743244
5743417
5743466
5743618
5743659
5743663
5743762
5743844
5743947
5744036
5744044
5744304
5744469
5744673
5744697
5744701
5744795
5744967
5744994
5745037
5745324
5745456
5745854
5745883
5746141
5746329
5746401
5746426
5746454
5746469
5746721
5746728
5746756
5746760
5746799
5746963
5746981
5747167
5747313
5747349
5747379
5747391
5747449
5747451
5747856
5747864
5747935
5747977
5748008
5748049
5748220
5748258
5748382
5748389
5748583
5748660
5748754
5748899
5749000
5749002
5749034
5749073
5749095
5749159
5749185
5749313
5749478
5749488
5749545
5749742
5749884
5750110
5750114
5750154
5750174
5750202
5750331
5750497
5750507
5750676
5750723
5750904
5750910
5750926
5750928
5750974
5751048
5751417
5751438
5751443
5751540
5751657
5751667
5751740
5751742
5751902
5752155
5752201
5752231
5752313
5752444
5752498
5752509
5752624
5752767
5752868
5752932
5752938
5752965
5752970
5753015
5753121
5753215
5753461
5753510
5753688
5753707
5753711
5753760
5754061
5754082
5754083
5754185
5754211
5754441
5754629
5754705
5754762
5754981
5754991
5755046
5755132
5755200
5755337
5755362
5755417
5755443
5755450
5755521
5755566
5755574
5755679
5755689
5755873
5755918
5755966
5755975
5756010
5756048
5756057
5756086
5756329
5756597
5756606
5756680
5756840
5756933
5757074
5757110
5757146
5757168
5757221
5757250
5757259
5757370
5757486
5757525
5757611
5757629
5757896
5758067
5758395
5758428
5758491
5758555
5758574
5758749
5758794
5758892
5758947
5758953
5759020
5759273
5759352
5759573
5759645
5759671
5759741
5759792
5759877
5759891
5760302
5760372
5760554
5760562
5760572
5760745
5760838
5760899
5761061
5761167
5761403
5761636
5761840
5761868
5762137
5762165
5762274
5762705
5762855
5763234
5763365
5763421
5763580
5763599
5763754
5763757
5763848
5763868
5763899
5763936
5763965
5764394
5764581
5764752
5764800
5764806
5764855
5764920
5765190
5765224
5765309
5765368
5765506
5765548
5765620
5765652
5765787
5765789
5765844
5765941
5765979
5766057
5766135
5766317
5766339
5766365
5766462
5766838
5767028
5767075
5767111
5767312
5767345
5767439
5767507
5767617
5767705
5767828
5767849
5767887
5768094
5768158
5768269
5768321
5768490
5768532
5768651
5768707
5768749
5768764
5768806
5768924
5768959
5769036
5769121
5769263
5769329
5769480
5769693
5769694
5769698
5769700
5769808
5769823
5769991
5769994
5769996
5770035
5770133
5770186
5770319
5770368
5770392
5770491
5770686
5770699
5770840
5770881
5771111
5771161
5771170
5771283
5771322
5771483
5771511
5771589
5771641
5771646
5771694
5771744
5771777
5772050
5772158
5772246
5772347
5772542
5772548
5772686
5772912
5772964
5772980
5773026
5773057
5773128
5773337
5773364
5773487
5773533
5773546
5773605
5773608
5773666
5773667
5773991
5774183
5774368
5774726
5774758
5774823
5774861
5774903
5774929
5774977
5775002
5775023
5775379
5775415
5775615
5775825
5775947
5775955
5775971
5776150
5776283
5776403
5776434
5776482
5776496
5776530
5776586
5776601
5776714
5776765
5776768
5776863
5776924
5776940
5777019
5777028
5777037
5777454
5777563
5777579
5777587
5777734
5777762
5777939
5778062
5778063
5778085
5778114
5778211
5778346
5778419
5778596
5778848
5778929
5779009
5779089
5779110
5779281
5779466
5779467
5779469
5779636
5779718
5779724
5779845
5779951
5780026
5780131
5780231
5780427
5780443
5780457
5780566
5780596
5780813
5780908
5781000
5781003
5781023
5781063
5781133
5781224
5781515
5781575
5781757
5781983
5782002
5782047
5782135
5782140
5782166
5782237
5782248
5782355
5782402
5782410
5782614
5782698
5783146
5783166
5783179
5783194
5783232
5783269
5783274
5783385
5783468
5783526
5783587
5783613
5783802
5783871
5784033
5784116
5784333
5784369
5784838
5784851
5785021
5785028
5785059
5785218
5785321
5785326
5785360
5785502
5785557
5785724
5785789
5785812
5785971
5786082
5786103
5786130
5786283
5786433
5786463
5786487
5786564
5786621
5786696
5786904
5787112
5787159
5787263
5787467
5787764
5787929
5788024
5788107
5788140
5788190
5788216
5788477
5788593
5788611
5788681
5788826
5788941
5788944
5788966
5789019
5789103
5789150
5789299
5789300
5789514
5789606
5789612
5789649
5789706
5789730
5789775
5789831
5790215
5790226
5790369
5790407
5790432
5790477
5790478
5790485
5790554
5790647
5790674
5790785
5790873
5790884
5791121
5791256
5791517
5791636
5791654
5791954
5792004
5792052
5792222
5792275
5792346
5792409
5792459
5792563
5792607
5792973
5793095
5793185
5793187
5793216
5793371
5793427
5793537
5793625
5793747
5793930
5794313
5794408
5794447
5794866
5794932
5794999
5795241
5795320
5795436
5795534
5795896
5795960
5795990
5796056
5796163
5796284
5796343
5796381
5796492
5796494
5796570
5797056
5797271
5797305
5797485
5797622
5797626
5797725
5797746
5797775
5797841
5797890
5797983
5798016
5798578
5798849
5798936
5799075
5799080
5799447
5799449
5799499
5799551
5799739
5799824
5799891
5799973
5800258
5800281
5800319
5800599
5800693
5800936
5800964
5800973
5801028
5801105
5801145
5801343
5801402
5801555
5801661
5801720
5801741
5801750
5801780
5801896
5802255
5802286
5802623
5803088
5803492
5803549
5804034
5804041
5804077
5804078
5804086
5804159
5804274
5804427
5804530
5804664
5804840
5804851
5804941
5804992
5805013
5805044
5805058
5805151
5805295
5805322
5805323
5805602
5805619
5805651
5805709
5805925
5806042
5806130
5806246
5806439
5806444
5806456
5806525
5806691
5806789
5806943
5806959
5807023
5807183
5807344
5807386
5807468
5807473
5807528
5807814
5808014
5808019
5808150
5808213
5808223
5808473
5808591
5808865
5808895
5808942
5808954
5809064
5809271
5809321
5809375
5809597
5809795
5809860
5809882
5809926
5809937
5810044
5810216
5810260
5810326
5810428
5810553
5810600
5810896
5811004
5811054
5811161
5811287
5811352
5811364
5811468
5811483
5811615
5811736
5811968
5811970
5811994
5812229
5812375
5812467
5812468
5812834
5813170
5813525
5813547
5813557
5813558
5813679
5813810
5813915
5813961
5813973
5814045
5814112
5814242
5814256
5814299
5814408
5814685
5814712
5814713
5814861
5815034
5815060
5815208
5815324
5815637
5815657
5816028
5816036
5816144
5816225
5816226
5816250
5816448
5816450
5816525
5816532
5816793
5816803
5816816
5816879
5816932
5817018
5817024
5817197
5817601
5817796
5817951
5818189
5818279
5818581
5818698
5818702
5818856
5818954
5819067
5819339
5819344
5819386
5819632
5819871
5819896
5820002
5820028
5820098
5820103
5820141
5820224
5820319
5820337
5820432
5820637
5820658
5820794
5820904
5820957
5821068
5821115
5821137
5821232
5821364
5821618
5821625
5822054
5822119
5822171
5822227
5822259
5822294
5822423
5822519
5822589
5822723
5822867
5822893
5823055
5823146
5823187
5823225
5823229
5823261
5823370
5823399
5823568
5823617
5823637
5823684
5823758
5823776
5823988
5824261
5824342
5824432
5824574
5824639
5824818
5824821
5824885
5824916
5824920
5825090
5825237
5825380
5825494
5825572
5825618
5825654
5825685
5825819
5825959
5825999
5826049
5826125
5826148
5826183
5826352
5826358
5826420
5826551
5826557
5826584
5826609
5826723
5826855
5826943
5827175
5827264
5827324
5827358
5827374
5827554
5827555
5827715
5827811
5828115
5828242
5828342
5828357
5828372
5828437
5828504
5828519
5828671
5828729
5828782
5828829
5829093
5829105
5829143
5829280
5829304
5829585
5829715
5829792
5829822
5829874
5829987
5830176
5830221
5830251
5830298
5830414
5830431
5830442
5830443
5830495
5830608
5830687
5830891
5830903
5831076
5831210
5831343
5831589
5831611
5831710
5831954
5831984
5832020
5832093
5832173
5832403
5832599
5832614
5832626
5832731
5832755
5832899
5833005
5833041
5833140
5833149
5833220
5833281
5833376
5833779
5833820
5833892
5833941
5834041
5834159
5834474
5834616
5834734
5834792
5834813
5834854
5834999
5835060
5835104
5835114
5835150
5835461
5835509
5835586
5835653
5835744
5835792
5835830
5835892
5835927
5835987
5835991
5836100
5836210
5836332
5836481
5836535
5836598
5836607
5836666
5836789
5836858
5836870
5837065
5837484
5837537
5837704
5837790
5837806
5837811
5838312
5838341
5838416
5838517
5838538
5838596
5838708
5838724
5838725
5838854
5838886
5838895
5838897
5838905
5839128
5839138
5839153
5839190
5839416
5839422
5839463
5839499
5839562
5839566
5839628
5839673
5839696
5839743
5839842
5839879
5840054
5840283
5840365
5840398
5840413
5840490
5840532
5840642
5840665
5840761
5840808
5840882
5840934
5840960
5841025
5841104
5841123
5841336
5842010
5842145
5842149
5842154
5842185
5842196
5842235
5842296
5842332
5842476
5842519
5842559
5842663
5842687
5842957
5843162
5843216
5843364
5843388
5843460
5843610
5843962
5843971
5843991
5844010
5844030
5844090
5844240
5844371
5844383
5844652
5844714
5845061
5845063
5845068
5845080
5845257
5845265
5845269
5845387
5845484
5845576
5845621
5845694
5845715
5845731
5845967
5846025
5846112
5846114
5846139
5846240
5846378
5846482
5846505
5846540
5846556
5846620
5846634
5846698
5846813
5846846
5846849
5846880
5847019
5847031
5847372
5847519
5847536
5847772
5847854
5847870
5847937
5847941
5847957
5848012
5848063
5848271
5848324
5848435
5848451
5848855
5848979
5849009
5849080
5849384
5849434
5849536
5849538
5849566
5849676
5849683
5849717
5849817
5849995
5850055
5850151
5850167
5850204
5850210
5850244
5850330
5850406
5850407
5850433
5850445
5850490
5850601
5850673
5850698
5850770
5850851
5850918
5850921
5851538
5851622
5851628
5851661
5851709
5851824
5852008
5852047
5852188
5852406
5852490
5852529
5852531
5852811
5852825
5852902
5853149
5853162
5853262
5853465
5853723
5853727
5853843
5853856
5854005
5854137
5854172
5854330
5854382
5854420
5854422
5854487
5854502
5854661
5854810
5854831
5854932
5855190
5855356
5855614
5855798
5855851
5856108
5856348
5856376
5856451
5856485
5856737
5856889
5856921
5856925
5856955
5857032
5857037
5857323
5857467
5857500
5857567
5857617
5857637
5857651
5857681
5857828
5857873
5857929
5858007
5858303
5858326
5858375
5858382
5858402
5859040
5859124
5859225
5859430
5859516
5859532
5859731
5859781
5859831
5860001
5860054
5860092
5860314
5860395
5860513
5860766
5860812
5860826
5861324
5861494
5861523
5861554
5861599
5861616
5861711
5861761
5861930
5862014
5862092
5862235
5862422
5862476
5862547
5862553
5862597
5862619
5862998
5863033
5863076
5863083
5863099
5863169
5863200
5863498
5863667
5863896
5864025
5864314
5864549
5864612
5864663
5864839
5865285
5865291
5865422
5865435
5865576
5865588
5865731
5865736
5865790
5865831
5865858
5865930
5866023
5866052
5866125
5866278
5866315
5866320
5866327
5866400
5866470
5866581
5866770
5866873
5866884
5866933
5866940
5867294
5867302
5867358
5867388
5867450
5867651
5868013
5868120
5868286
5868291
5868354
5868412
5868501
5868544
5868552
5868840
5868899
5868943
5868987
5869006
5869187
5869353
5869520
5869635
5869719
5870109
5870164
5870177
5870381
5870396
5870713
5870801
5870813
5870856
5870858
5870887
5870920
5871105
5871130
5871265
5871309
5871321
5871375
5871376
5871560
5871585
5871593
5871722
5871856
5871949
5871980
5872040
5872085
5872105
5872207
5872214
5872265
5872303
5872345
5872551
5872607
5872724
5872743
5872760
5872800
5872827
5872934
5873006
5873020
5873465
5873564
5873690
5873715
5873770
5873986
5874027
5874052
5874168
5874216
5874360
5874505
5874516
5874550
5874612
5874753
5874762
5875016
5875049
5875125
5875146
5875332
5875459
5875638
5875669
5875845
5875893
5875980
5876172
5876212
5876302
5876343
5876750
5876890
5876893
5876901
5876915
5876982
5877107
5877157
5877309
5877312
5877313
5877408
5877437
5877608
5877784
5877786
5877940
5877975
5878077
5878151
5878284
5878324
5878395
5878448
5878506
5878737
5879001
5879048
5879143
5879176
5879317
5879325
5879328
5879455
5879520
5879571
5879704
5879750
5879846
5880060
5880091
5880125
5880286
5880292
5880360
5880388
5880770
5880854
5880934
5881215
5881249
5881476
5881537
5881648
5881650
5881747
5881831
5881992
5882035
5882057
5882111
5882217
5882448
5882555
5882560
5882821
5882823
5882897
5882941
5883002
5883118
5883234
5883246
5883269
5883600
5883658
5883766
5883907
5884044
5884181
5884226
5884339
5884341
5884385
5884429
5884449
5884559
5884565
5884684
5884685
5884693
5884854
5885173
5885374
5885483
5885519
5885534
5885642
5885715
5885780
5886027
5886047
5886148
5886185
5886195
5886272
5886391
5886655
5886753
5886779
5886794
5886851
5887022
5887509
5887538
5887624
5887705
5887769
5887887
5888066
5888071
5888160
5888168
5888185
5888244
5888421
5888566
5888574
5888683
5888727
5888758
5888766
5888902
5888933
5889006
5889019
5889038
5889109
5889204
5889249
5889332
5889412
5889541
5889572
5889660
5889696
5889745
5889825
5889886
5889935
5889968
5889984
5889994
5890218
5890243
5890267
5890326
5890496
5890550
5890559
5890629
5890769
5890795
5890907
5890918
5890967
5890973
5891047
5891049
5891070
5891219
5891258
5891327
5891612
5891718
5891736
5891747
5891773
5891831
5891959
5891990
5892304
5892704
5892728
5892771
5892885
5892923
5892971
5892985
5893032
5893199
5893227
5893307
5893323
5893516
5893555
5893581
5893585
5893592
5893595
5893720
5893883
5893896
5894094
5894229
5894412
5894476
5894537
5894557
5894607
5894749
5894775
5895139
5895345
5895426
5895465
5895847
5896036
5896393
5896483
5896609
5896707
5896743
5896791
5897030
5897262
5897272
5897305
5897384
5897450
5897477
5897498
5897545
5897599
5897814
5897939
5897958
5898114
5898138
5898188
5898286
5898440
5898460
5898724
5898775
5898827
5898979
5899038
5899118
5899217
5899235
5899334
5899414
5899513
5899592
5899615
5899733
5899794
5899880
5900065
5900145
5900164
5900290
5900405
5900489
5900535
5900547
5900791
5900930
5901015
5901060
5901181
5901236
5901500
5901507
5901860
5901892
5901976
5902007
5902176
5902252
5902272
5902442
5902534
5902588
5902669
5902919
5902932
5903084
5903122
5903135
5903170
5903183
5903286
5903358
5903516
5903635
5903727
5903755
5903768
5903775
5903948
5903949
5904019
5904201
5904220
5904256
5904395
5904427
5904583
5904639
5904802
5904814
5904842
5904874
5904894
5904961
5905093
5905159
5905214
5905296
5905316
5905331
5905563
5905639
5905670
5905981
5906028
5906071
5906160
5906397
5906457
5906489
5906633
5906889
5907056
5907252
5907369
5907381
5907383
5907489
5907504
5907545
5907549
5907648
5907756
5907779
5907833
5907966
5908061
5908062
5908087
5908204
5908264
5908376
5908449
5908504
5908683
5908871
5908909
5908943
5909019
5909066
5909191
5909192
5909244
5909308
5909431
5909504
5909623
5909681
5909704
5909718
5909830
5909855
5909895
5909900
5910120
5910151
5910250
5910553
5910621
5910639
5910751
5910819
5910888
5910895
5910984
5911580
5911589
5911679
5911754
5911791
5912015
5912055
5912075
5912173
5912283
5912300
5912459
5912559
5912732
5912775
5912882
5912966
5913097
5913295
5913666
5913951
5914028
5914167
5914195
5914231
5914530
5914619
5914642
5914781
5915034
5915061
5915093
5915107
5915199
5915354
5915361
5915627
5915777
5915797
5916025
5916051
5916186
5916314
5916320
5916605
5916710
5916783
5917074
5917082
5917089
5917091
5917264
5917346
5917485
5917492
5917535
5917826
5917846
5917911
5917934
5918140
5918359
5918366
5918580
5918692
5918751
5918784
5918787
5918864
5918900
5919376
5919383
5919455
5919732
5919767
5919805
5919813
5919973
5920027
5920086
5920160
5920223
5920305
5920444
5920488
5920510
5920560
5920733
5920946
5921140
5921162
5921213
5921361
5921377
5921383
5921619
5921633
5921730
5921737
5921742
5921750
5921755
5922005
5922166
5922219
5922352
5922443
5922604
5922837
5922981
5923110
5923117
5923542
5923555
5923607
5923738
5923752
5923804
5923828
5923844
5924146
5924318
5924362
5924370
5924517
5924573
5924595
5924691
5925083
5925236
5925305
5925541
5925554
5925652
5925960
5926003
5926098
5926206
5926279
5926317
5926464
5926511
5926555
5926613
5926676
5926687
5926695
5926773
5926961
5927017
5927386
5927763
5927839
5927944
5927970
5927984
5928162
5928201
5928298
5928311
5928362
5928493
5928557
5928609
5928848
5928890
5928921
5928927
5928928
5928942
5929159
5929201
5929468
5929589
5929698
5929709
5929850
5929876
5930014
5930152
5930195
5930334
5930430
5930513
5930595
5930716
5930807
5930918
5930970
5930995
5931145
5931259
5931306
5931445
5931501
5931561
5931576
5931593
5931731
5931825
5932002
5932105
5932216
5932367
5932463
5932529
5932789
5932962
5933040
5933068
5933075
5933219
5933390
5933422
5933502
5933728
5933757
5934199
5934271
5934303
5934323
5934345
5934398
5934602
5934693
5934696
5934769
5934772
5935053
5935267
5935480
5935504
5935619
5935629
5935852
5935892
5935959
5936093
5936099
5936186
5936191
5936192
5936211
5936258
5936333
5936421
5936452
5936463
5936467
5936495
5936519
5936809
5936818
5936917
5936941
5937012
5937037
5937116
5937132
5937263
5937335
5937427
5937569
5937618
5937625
5937652
5937692
5937696
5937721
5937846
5937858
5937960
5937969
5938091
5938742
5938909
5938919
5939017
5939262
5939346
5939359
5939499
5939706
5939793
5939865
5939867
5940116
5940121
5940139
5940210
5940339
5940591
5940894
5940921
5941043
5941061
5941221
5941223
5941422
5941519
5941543
5941832
5942128
5942144
5942155
5942171
5942215
5942283
5942330
5942398
5942471
5942590
5942626
5942657
5942886
5943033
5943092
5943207
5943394
5943407
5943442
5943488
5943509
5943595
5943603
5943643
5943669
5943756
5943782
5943784
5944039
5944127
5944343
5944411
5944423
5944495
5944608
5944849
5944876
5945032
5945328
5945433
5945493
5945605
5945624
5945627
5945769
5945788
5945924
5946011
5946018
5946022
5946036
5946101
5946146
5946288
5946329
5946376
5946418
5946517
5946567
5946847
5946962
5947210
5947462
5947482
5947681
5947723
5947724
5947726
5947896
5947914
5947929
5948043
5948166
5948267
5948341
5948365
5948424
5948615
5948656
5948829
5949107
5949198
5949271
5949459
5949533
5949536
5949610
5949656
5949786
5949808
5949984
5950047
5950110
5950132
5950330
5950360
5950431
5950562
5950608
5950718
5950826
5950870
5950893
5951081
5951155
5951355
5951405
5951522
5951578
5951815
5951829
5951836
5952002
5952133
5952337
5952359
5952447
5952549
5952571
5952744
5952991
5953004
5953258
5953268
5953409
5953467
5953581
5953637
5953691
5953734
5953755
5953851
5953866
5953882
5953891
5954393
5954408
5954708
5954816
5954830
5954838
5954851
5955131
5955170
5955211
5955289
5955308
5955325
5955447
5955452
5955531
5955651
5955697
5955856
5955869
5956135
5956246
5956368
5956588
5956756
5956780
5956797
5956865
5956974
5957016
5957113
5957166
5957172
5957222
5957270
5957333
5957334
5957420
5957428
5957508
5957656
5957709
5957750
5957925
5957935
5958172
5958343
5958351
5958384
5958489
5958522
5958600
5958655
5958970
5958973
5959001
5959057
5959234
5959368
5959427
5959437
5959585
5959765
5959844
5960060
5960075
5960166
5960230
5960574
5960615
5960980
5961039
5961042
5961247
5961339
5961357
5961540
5961906
5961973
5962387
5962501
5962522
5962607
5962628
5962649
5962755
5962795
5962888
5963410
5963511
5963608
5963681
5963887
5963917
5964089
5964112
5964233
5964241
5964338
5964488
5964621
5964717
5964727
5964792
5964860
5964956
5964961
5965058
5965101
5965142
5965216
5965223
5965393
5965607
5965699
5965913
5965973
5966055
5966302
5966455
5966528
5966640
5966785
5966864
5966875
5966912
5966922
5967020
5967163
5967170
5967402
5967465
5967554
5967684
5967763
5967806
5967828
5967997
5968025
5968093
5968258
5968385
5968388
5968594
5968773
5968925
5969101
5969418
5969551
5969611
5969753
5969816
5969833
5969840
5970300
5970312
5970326
5970550
5970561
5970616
5970653
5970723
5970751
5970852
5970962
5971121
5971197
5971273
5971290
5971334
5971656
5971722
5971741
5971765
5971776
5971932
5972055
5972138
5972147
5972301
5972634
5972692
5972927
5972943
5973004
5973188
5973367
5973418
5973622
5973757
5973804
5973929
5973963
5973966
5974020
5974080
5974226
5974584
5974697
5974944
5975055
5975078
5975130
5975412
5975474
5975538
5975611
5975799
5976221
5976349
5976358
5976557
5976593
5976780
5976968
5977054
5977143
5977331
5977416
5977434
5977717
5978102
5978142
5978168
5978187
5978402
5978891
5979066
5979102
5979137
5979156
5979191
5979455
5979663
5979711
5979992
5980023
5980055
5980085
5980314
5980349
5980440
5980453
5980529
5980534
5980598
5980908
5980942
5980993
5981146
5981255
5981332
5981347
5981682
5981714
5981815
5981863
5981964
5981991
5982035
5982169
5982242
5982342
5982407
5982562
5982750
5982776
5982816
5982851
5982911
5983010
5983019
5983361
5983421
5983431
5983437
5983677
5984001
5984027
5984087
5984097
5984219
5984342
5984421
5984482
5984497
5984507
5984517
5984649
5984696
5984779
5984929
5984941
5984987
5985074
5985143
5985243
5985248
5985357
5985381
5985519
5985521
5985564
5985612
5985784
5985800
5985866
5985869
5985916
5985955
5986056
5986058
5986110
5986176
5986222
5986229
5986369
5986401
5986599
5986638
5986678
5986731
5986750
5986904
5987107
5987110
5987310
5987315
5987499
5987899
5987990
5988032
5988083
5988252
5988310
5988376
5988436
5988506
5988716
5988772
5988788
5989353
5989406
5989506
5989781
5989899
5989966
5990149
5990191
5990193
5990263
5990351
5990456
5990523
5990792
5990816
5990843
5990927
5990937
5990975
5991166
5991427
5991443
5991512
5991598
5991764
5991782
5991862
5991878
5992008
5992141
5992243
5992261
5992502
5992505
5992584
5992664
5992678
5992686
5992796
5992801
5992823
5992874
5992882
5992886
5992912
5993140
5993327
5993608
5993710
5993735
5993915
5994000
5994105
5994156
5994166
5994206
5994395
5994579
5994681
5994847
5994856
5995020
5995467
5995876
5995881
5996271
5996441
5996498
5996534
5996592
5996594
5996718
5996769
5996781
5996807
5996960
5996979
5996983
5997000
5997051
5997062
5997259
5997310
5997357
5997494
5997725
5997983
5998078
5998124
5998134
5998161
5998320
5998672
5998876
5998988
5999130
5999174
5999226
5999260
5999411
5999504
5999573
5999646
5999687
5999696
5999741
5999802
5999889
6000303
6000328
6000448
6000450
6000515
6000595
6000671
6000890
6001091
6001163
6001207
6001608
6001615
6001634
6001742
6001875
6002059
6002182
6002199
6002324
6002325
6002458
6002724
6003493
6003673
6004162
6004245
6004248
6004367
6004392
6004480
6004612
6004659
6004799
6004837
6004874
6005012
6005177
6005202
6005330
6005337
6005343
6005352
6005358
6005587
6005603
6005678
6005688
6005991
6005999
6006512
6006542
6006639
6006688
6006754
6006822
6006846
6006952
6007118
6007148
6007166
6007220
6007384
6007478
6007485
6007706
6007740
6007985
6008119
6008203
6008230
6008314
6008361
6008456
6008488
6008571
6008683
6008699
6008748
6008812
6009105
6009169
6009184
6009223
6009231
6009243
6009251
6009268
6009536
6009625
6009668
6009738
6009915
6010026
6010181
6010266
6010313
6010459
6010656
6010678
6010798
6010831
6010952
6010994
6011056
6011080
6011173
6011201
6011302
6011372
6012293
6012420
6012471
6012538
6012549
6012633
6012640
6012806
6012855
6012921
6012929
6013089
6013090
6013121
6013330
6013369
6013541
6013591
6013624
6013640
6013722
6013751
6013906
6013908
6014092
6014099
6014138
6014184
6014214
6014328
6014516
6014591
6014658
6014984
6015115
6015147
6015352
6015678
6015731
6015775
6015860
6016024
6016212
6016231
6016343
6016533
6016569
6016605
6016974
6016999
6017089
6017205
6017323
6017611
6017613
6017633
6017751
6017778
6017833
6017939
6018097
6018429
6018470
6018504
6018520
6018575
6018835
6019003
6019153
6019167
6019180
6019311
6019328
6019343
6019464
6019541
6019554
6020157
6020288
6020307
6020338
6020391
6020418
6020426
6020574
6020680
6020682
6020723
6020743
6020744
6021049
6021065
6021118
6021240
6021269
6021312
6021439
6021547
6021556
6021560
6021601
6021947
6022150
6022168
6022307
6022372
6022507
6022559
6022563
6022663
6022788
6022862
6023177
6023199
6023237
6023275
6023424
6023443
6023452
6023467
6023525
6023889
6024219
6024285
6024386
6024410
6024432
6024456
6024463
6024620
6024642
6024910
6024933
6024973
6025009
6025087
6025255
6025335
6025414
6025475
6025491
6025958
6026139
6026232
6026237
6026742
6026762
6026780
6026830
6026861
6026872
6026999
6027032
6027292
6027368
6027386
6027469
6027622
6027807
6027810
6027936
6028074
6028491
6028515
6028729
6028735
6028861
6028907
6028913
6028943
6029019
6029103
6029128
6029234
6029406
6029496
6029553
6029617
6029718
6029745
6029876
6029879
6029977
6030259
6030545
6030594
6030714
6030720
6030808
6030878
6030913
6030956
6031135
6031143
6031175
6031308
6031384
6031423
6031712
6031780
6031818
6031840
6031974
6032265
6032449
6032618
6032631
6032637
6032766
6032838
6032862
6032929
6032945
6032954
6033145
6033414
6033426
6033475
6033531
6033565
6033566
6033569
6033820
6034070
6034280
6034296
6034315
6034329
6034347
6034375
6034469
6034481
6034739
6034787
6034843
6034908
6034915
6035010
6035077
6035171
6035251
6035377
6035576
6035657
6036057
6036125
6036199
6036332
6036456
6036558
6036643
6036732
6036869
6037063
6037203
6037302
6037455
6037495
6037548
6037558
6037573
6037592
6037666
6037727
6037967
6038279
6038343
6038389
6038395
6038481
6039050
6039098
6039157
6039384
6039440
6039467
6039500
6039572
6039640
6039696
6039701
6039704
6039826
6039876
6039948
6039979
6040028
6040044
6040051
6040150
6040194
6040334
6040386
6040459
6040522
6040718
6040755
6040821
6040929
6040982
6041082
6041157
6041235
6041274
6041362
6041364
6041510
6041743
6041817
6041962
6041964
6042221
6042245
6042361
6042392
6042396
6042528
6042650
6042796
6042839
6042863
6043021
6043060
6043066
6043246
6043392
6043582
6043780
6043845
6043924
6044011
6044019
6044032
6044040
6044126
6044322
6044438
6044464
6044486
6044672
6044803
6044907
6045129
6045305
6045545
6045547
6045562
6045970
6046300
6046331
6046478
6046709
6046958
6046970
6047338
6047381
6047472
6047638
6047662
6048014
6048015
6048085
6048147
6048393
6048455
6048535
6048689
6048796
6049152
6049206
6049305
6049439
6049553
6049605
6049664
6049815
6049944
6049958
6050158
6050188
6050296
6050387
6050393
6050489
6050510
6050530
6050545
6050576
6050601
6050623
6050646
6050730
6050745
6050862
6051189
6051225
6051688
6051758
6051791
6051888
6052011
6052123
6052147
6052197
6052383
6052507
6052806
6052931
6053085
6053165
6053430
6053458
6053542
6053599
6053723
6053873
6053901
6053982
6054027
6054080
6054129
6054345
6054350
6054399
6054407
6054540
6054629
6054737
6054759
6054792
6054864
6054880
6054884
6054963
6055004
6055023
6055085
6055121
6055232
6055353
6055561
6055632
6055665
6055717
6055960
6056123
6056148
6056264
6056443
6056465
6056592
6056687
6056894
6056905
6057002
6057035
6057144
6057237
6057241
6057288
6057574
6057824
6057856
6057964
6058001
6058125
6058185
6058234
6058455
6058550
6058570
6058591
6058633
6058685
6058992
6059339
6059378
6059399
6059700
6059811
6059829
6059852
6060172
6060347
6060488
6060526
6060531
6060560
6060601
6060797
6061038
6061378
6061505
6061511
6061641
6061788
6061924
6062059
6062114
6062120
6062262
6062417
6062543
6062699
6063210
6063412
6063814
6063864
6063879
6064018
6064120
6064190
6064220
6064403
6064439
6064612
6064634
6064883
6064993
6065007
6065011
6065070
6065154
6065354
6065357
6065524
6065544
6065560
6065572
6065809
6065811
6065907
6065930
6066023
6066175
6066300
6066393
6066427
6066559
6066609
6066620
6066697
6066737
6066815
6066842
6066987
6067365
6067405
6067485
6067556
6067566
6067635
6067743
6067958
6068079
6068113
6068189
6068279
6068395
6068456
6068464
6068474
6068482
6068552
6068901
6068903
6068940
6069064
6069191
6069371
6069408
6069442
6069885
6069967
6070165
6070221
6070379
6070590
6070614
6070668
6070673
6070912
6070952
6071031
6071069
6071071
6071204
6071266
6071464
6071585
6071620
6071713
6071775
6071806
6071964
6072109
6072113
6072116
6072381
6072385
6072703
6072730
6072896
6072912
6072955
6073206
6073412
6073552
6073665
6073685
6073732
6073872
6073881
6074096
6074367
6074477
6074596
6074600
6074775
6074806
6074856
6074919
6075078
6075157
6075209
6075235
6075266
6075279
6075495
6075722
6075774
6075833
6075896
6076032
6076101
6076117
6076233
6076265
6076311
6076324
6076368
6076438
6076495
6076554
6076810
6076937
6077383
6077393
6077447
6077521
6077616
6077748
6077827
6077856
6078002
6078030
6078218
6078333
6078339
6078377
6078422
6078629
6078782
6078787
6078891
6079252
6079459
6079707
6079859
6079992
6079996
6080032
6080049
6080104
6080177
6080520
6080696
6080938
6081076
6081194
6081294
6081330
6081360
6081413
6081619
6081710
6081867
6081882
6081952
6082040
6082153
6082199
6082276
6082340
6082475
6082568
6082575
6082581
6082815
6082842
6082869
6082932
6083135
6083157
6083181
6083350
6083365
6083591
6083690
6083710
6083772
6083945
6084088
6084190
6084285
6084362
6084459
6084514
6084532
6084574
6084580
6084756
6084836
6084977
6085020
6085141
6085198
6085263
6085321
6085330
6085660
6085672
6085740
6085829
6085856
6085961
6086077
6086177
6086292
6086664
6086705
6086722
6087024
6087079
6087170
6087286
6087353
6087560
6087659
6087671
6087819
6087891
6088016
6088192
6088329
6088510
6088882
6088997
6089013
6089119
6089304
6089327
6089336
6089377
6089422
6089432
6089651
6089661
6089674
6089679
6089816
6089849
6089965
6090126
6090236
6090243
6090650
6090714
6090808
6090879
6090935
6090957
6090979
6090990
6091061
6091145
6091265
6091363
6091384
6091414
6091664
6091841
6091849
6092213
6092314
6092482
6092522
6092589
6092592
6092672
6092849
6092902
6093011
6093190
6093210
6093301
6093336
6093378
6093428
6093555
6093643
6093805
6093977
6094032
6094128
6094156
6094328
6094381
6094449
6094550
6094681
6094780
6094915
6095006
6095015
6095370
6095386
6095436
6095453
6095549
6095625
6095715
6095736
6095794
6095798
6095858
6095989
6096066
6096307
6096404
6096410
6096648
6096685
6096708
6096754
6096822
6096874
6096914
6096939
6096957
6096998
6097019
6097341
6097393
6097413
6097516
6097592
6097636
6097670
6097838
6097898
6097998
6098359
6098422
6098562
6098604
6099065
6099094
6099362
6099397
6099505
6099655
6099869
6099914
6099991
6100011
6100225
6100453
6100454
6100513
6100566
6100985
6101039
6101059
6101242
6101410
6101668
6101792
6101819
6101911
6102005
6102261
6102352
6102364
6102647
6102753
6102835
6103127
6103217
6103246
6103263
6103561
6103573
6103584
6103839
6103908
6103948
6103960
6104237
6104254
6104437
6104490
6104565
6104603
6104836
6104859
6104866
6104870
6104938
6105005
6105016
6105101
6105111
6105118
6105434
6105475
6105557
6105658
6105683
6105695
6105737
6105910
6105925
6106007
6106073
6106164
6106215
6106296
6106436
6106552
6106653
6106847
6106935
6106938
6107128
6107228
6107331
6107495
6107574
6107728
6107777
6107875
6107924
6108015
6108052
6108058
6108119
6108317
6108393
6108470
6108940
6108970
6109030
6109107
6109457
6109580
6109799
6109806
6110149
6110216
6110261
6110286
6110428
6110512
6110747
6110772
6110964
6111214
6111313
6111342
6111343
6111468
6111474
6111610
6111632
6111817
6111824
6111926
6111953
6112201
6112291
6112618
6112785
6112810
6112844
6113229
6113274
6113278
6113474
6113483
6113592
6113628
6113797
6113869
6113990
6113999
6114144
6114235
6114370
6114416
6114437
6114467
6114675
6114840
6114883
6115060
6115224
6115286
6115324
6115356
6115406
6115424
6115446
6115540
6115641
6115668
6115682
6115741
6115776
6115818
6115828
6115845
6115855
6115873
6115933
6115941
6115968
6116028
6116126
6116440
6116552
6116586
6116949
6116988
6117033
6117035
6117071
6117072
6117103
6117118
6117312
6117313
6117428
6117487
6117541
6117603
6117653
6117694
6117703
6117765
6117992
6118113
6118204
6118370
6118493
6118718
6118767
6118914
6119140
6119206
6119224
6119294
6119310
6119470
6119646
6119674
6119814
6119874
6119908
6119989
6120006
6120048
6120121
6120124
6120270
6120410
6120665
6120692
6120955
6121030
6121035
6121124
6121246
6121252
6121560
6121732
6121934
6121995
6122005
6122022
6122542
6122555
6122575
6122577
6122609
6122691
6122700
6122816
6122875
6123008
6123009
6123205
6123212
6123233
6123347
6123485
6123519
6123586
6123630
6123735
6123854
6123920
6124224
6124321
6124457
6124696
6124815
6124878
6124884
6125000
6125006
6125288
6125330
6125347
6125651
6125781
6126119
6126286
6126359
6126390
6126396
6126420
6126514
6126616
6126759
6126784
6126919
6127079
6127210
6127297
6127341
6127343
6127632
6127643
6127762
6127769
6127840
6127868
6127973
6127992
6128112
6128226
6128285
6128430
6128459
6128582
6128729
6128747
6128785
6129046
6129052
6129204
6129313
6129329
6129366
6129494
6129549
6129718
6129725
6129778
6130006
6130013
6130343
6130375
6130429
6130543
6130548
6130622
6130726
6130734
6130747
6130894
6131033
6131229
6131325
6131470
6131592
6131653
6131825
6131898
6132020
6132140
6132211
6132325
6132720
6132854
6133055
6133156
6133267
6133338
6133401
6133760
6133923
6134059
6134102
6134190
6134284
6134314
6134516
6134529
6134617
6134675
6134927
6135081
6135123
6135167
6135310
6135363
6135500
6135650
6135698
6135750
6135860
6135896
6135997
6136066
6136102
6136292
6136308
6136342
6136392
6136412
6136439
6136585
6136632
6136655
6136699
6136750
6136794
6136820
6136862
6136921
6137024
6137068
6137152
6137333
6137469
6137523
6137528
6137550
6137570
6137745
6137905
6138041
6138062
6138095
6138160
6138247
6138348
6138373
6138470
6138694
6138750
6138806
6138893
6139026
6139319
6139341
6139384
6139498
6139521
6139551
6139571
6139821
6140089
6140134
6140169
6140216
6140432
6140499
6140694
6140732
6140787
6141061
6141266
6141428
6141507
6141606
6141660
6141667
6141675
6141724
6141818
6141914
6141939
6141991
6142044
6142253
6142310
6142325
6142332
6142381
6142432
6142448
6142472
6142492
6142674
6142748
6142926
6142983
6142992
6143045
6143086
6143091
6143158
6143305
6143357
6143377
6143442
6143556
6143710
6143761
6143794
6143916
6143973
6143984
6144017
6144424
6144463
6144489
6144508
6144786
6144794
6144819
6144997
6145130
6145207
6145654
6145691
6146062
6146088
6146101
6146193
6146233
6146401
6146425
6146480
6146536
6146541
6146601
6146683
6146774
6147086
6147134
6147187
6147260
6147294
6147344
6147491
6147623
6147657
6147736
6147843
6147879
6147882
6147916
6147975
6148044
6148050
6148076
6148141
6148270
6148309
6148782
6148821
6148875
6149083
6149166
6149375
6149545
6149700
6149759
6149826
6149967
6150156
6150256
6150314
6150406
6150480
6150484
6150508
6150737
6151060
6151070
6151415
6151437
6151480
6151521
6151637
6151719
6151864
6151885
6152035
6152057
6152090
6152234
6152412
6152476
6152843
6152894
6152935
6153019
6153109
6153129
6153135
6153141
6153245
6153246
6153258
6153543
6153756
6153871
6153953
6154012
6154017
6154284
6154306
6154422
6154523
6154602
6154634
6154684
6154716
6154824
6154841
6154850
6155163
6155274
6155282
6155391
6155677
6155700
6155743
6155842
6155843
6155927
6155967
6156119
6156198
6156210
6156586
6156622
6156743
6156793
6156848
6156939
6157097
6157112
6157172
6157243
6157298
6157444
6157913
6158038
6158091
6158201
6158404
6158465
6158882
6158893
6158945
6158958
6159119
6159299
6159342
6159516
6159625
6159646
6159761
6159907
6159925
6159962
6160006
6160107
6160134
6160279
6160392
6160576
6160744
6160850
6161231
6161249
6161275
6161362
6161459
6161462
6161485
6161570
6161681
6161754
6161884
6161886
6161920
6161929
6162006
6162024
6162094
6162307
6162317
6162646
6162721
6162742
6162758
6162876
6162877
6162934
6162958
6163260
6163539
6163660
6163690
6163726
6163747
6163849
6164212
6164288
6164321
6164473
6164480
6164551
6164562
6164592
6164697
6164729
6164757
6164800
6164888
6164954
6164995
6165215
6165265
6165290
6165435
6165443
6165466
6165670
6165686
6165687
6165695
6165927
6166087
6166097
6166233
6166244
6166255
6166320
6166407
6166611
6166758
6166775
6166956
6166987
6166988
6167098
6167125
6167191
6167196
6167592
6167694
6167812
6167829
6167888
6167975
6168014
6168094
6168131
6168192
6168347
6168455
6168494
6168514
6168595
6168670
6168706
6168757
6168809
6168821
6168880
6169011
6169089
6169188
6169358
6169420
6169487
6169508
6169569
6169570
6169609
6169625
6169822
6169984
6170126
6170268
6170285
6170388
6170470
6170742
6170758
6170968
6170975
6171008
6171024
6171199
6171218
6171292
6171344
6171587
6171677
6171749
6171782
6171790
6171797
6171822
6171922
6171949
6172063
6172279
6172287
6172451
6172510
6172674
6172682
6172788
6172807
6172836
6172891
6172903
6173092
6173219
6173456
6173462
6173586
6173732
6173769
6173914
6173957
6174015
6174049
6174096
6174191
6174192
6174358
6174366
6174527
6174777
6174782
6174851
6174868
6175040
6175044
6175046
6175067
6175073
6175251
6175537
6175579
6175644
6175672
6175717
6175729
6175843
6175929
6175953
6176124
6176202
6176208
6176383
6176465
6176695
6176904
6177016
6177028
6177111
6177128
6177285
6177309
6177462
6177513
6177554
6177588
6178087
6178109
6178175
6178339
6178432
6178487
6178896
6179195
6179307
6179405
6179634
6179669
6179822
6180024
6180173
6180290
6180395
6180752
6180821
6180978
6181037
6181278
6181389
6181401
6181545
6181628
6181667
6181709
6181721
6182198
6182353
6182416
6182553
6182561
6182570
6182781
6182909
6182919
6182999
6183029
6183100
6183206
6183347
6183354
6183355
6183422
6183423
6183515
6183573
6183721
6183736
6183798
6183815
6184065
6184174
6184235
6184398
6184575
6184741
6184790
6184794
6184813
6184852
6184854
6184905
6185253
6185274
6185606
6185650
6185781
6185817
6185818
6185993
6186005
6186029
6186034
6186149
6186217
6186249
6186365
6186510
6186562
6186761
6186806
6186956
6187111
6187210
6187214
6187263
6187281
6187354
6187476
6187522
6187560
6187789
6187987
6188169
6188288
6188316
6188337
6188398
6188510
6188608
6188672
6188698
6188727
6188863
6188920
6188968
6188989
6189137
6189268
6189275
6189293
6189428
6189536
6189592
6189616
6189676
6189699
6189749
6189809
6190055
6190088
6190187
6190303
6190468
6190591
6190667
6190768
6190805
6190810
6191058
6191063
6191217
6191240
6191352
6191494
6191517
6191556
6191706
6191725
6191751
6192014
6192054
6192379
6192549
6192596
6192704
6192715
6192913
6193036
6193040
6193137
6193145
6193689
6193690
6193866
6194237
6194495
6194564
6194565
6194578
6194683
6194724
6194846
6195200
6195227
6195278
6195577
6195719
6195733
6195778
6195785
6195846
6195967
6196036
6196254
6196269
6196696
6196749
6196855
6196895
6196909
6196933
6196949
6197123
6197209
6197240
6197282
6197700
6197786
6197904
6197967
6198004
6198009
6198053
6198093
6198192
6198231
6198309
6198380
6198433
6198527
6198538
6198621
6198640
6198700
6198822
6198872
6199013
6199137
6199337
6199477
6199537
6199562
6199953
6199957
6199963
6200215
6200287
6200377
6200379
6200400
6200627
6200645
6200672
6200953
6201008
6201018
6201127
6201135
6201356
6201381
6201417
6201494
6201542
6201591
6201696
6201854
6202033
6202091
6202198
6202220
6202394
6202699
6202703
6202707
6202890
6202898
6202918
6202932
6203067
6203228
6203576
6203663
6204015
6204176
6204207
6204230
6204271
6204469
6204641
6204682
6204772
6205011
6205099
6205313
6205396
6205402
6205500
6205590
6205662
6205759
6205862
6205898
6206001
6206005
6206036
6206055
6206072
6206570
6206592
6206641
6206681
6206699
6206700
6206766
6206781
6207029
6207086
6207169
6207321
6207340
6207481
6207818
6207911
6207968
6207971
6208294
6208358
6208457
6208491
6208518
6208539
6208652
6208681
6208737
6208856
6209111
6209196
6209334
6209356
6209453
6209464
6209476
6209498
6209559
6209606
6209658
6209709
6209730
6209893
6209895
6209932
6209939
6209949
6209971
6209972
6210007
6210195
6210393
6210483
6210499
6210517
6210822
6210895
6211068
6211208
6211213
6211508
6211552
6211683
6212335
6212472
6212496
6212548
6212618
6212741
6213129
6213380
6213381
6213394
6213472
6213701
6213734
6213755
6213860
6213909
6214295
6214640
6214837
6214881
6215052
6215073
6215088
6215116
6215129
6215239
6215442
6215550
6215587
6215632
6215747
6215811
6215853
6216417
6216463
6216556
6216719
6216774
6216788
6216886
6217040
6217174
6217277
6217508
6217517
6217565
6217609
6217665
6217873
6218103
6218354
6218458
6218611
6218640
6218787
6219046
6219298
6219384
6219687
6219688
6219744
6219854
6219898
6219951
6220056
6220194
6220292
6220317
6220632
6220920
6220974
6221027
6221070
6221279
6221360
6221396
6221441
6221615
6221695
6221709
6221779
6221881
6221890
6222102
6222156
6222179
6222234
6222245
6222359
6222365
6222387
6222429
6222660
6222667
6222741
6222772
6222777
6222791
6222847
6223024
6223191
6223493
6223531
6223567
6223648
6223810
6224043
6224060
6224125
6224189
6224677
6224839
6224850
6224873
6225074
6225120
6225249
6225317
6225430
6225550
6225602
6225803
6225831
6225881
6225948
6226047
6226224
6226388
6226523
6226537
6226552
6226668
6226669
6226772
6226813
6226834
6226861
6226932
6226984
6226995
6227128
6227194
6227277
6227387
6227460
6227537
6227593
6227742
6227752
6227839
6227986
6228157
6228440
6228545
6228630
6228641
6228647
6228656
6228823
6228850
6229256
6229263
6229391
6229421
6229554
6229599
6229720
6229727
6229817
6229818
6229862
6230018
6230067
6230114
6230131
6230249
6230488
6230527
6230546
6230672
6230914
6230978
6230983
6230987
6231091
6231122
6231157
6231180
6231194
6231274
6231382
6231415
6231519
6231537
6231584
6231712
6231895
6231971
6232053
6232054
6232164
6232259
6232305
6232311
6232317
6232319
6232393
6232415
6232695
6232771
6232790
6233126
6233160
6233254
6233289
6233383
6233420
6233452
6233753
6233761
6233848
6234140
6234172
6234293
6234393
6234431
6234524
6234592
6234612
6234667
6234682
6234768
6234851
6234862
6234871
6234994
6235037
6235040
6235045
6235266
6235459
6235539
6235641
6235772
6236027
6236042
6236044
6236056
6236078
6236246
6236416
6236532
6236630
6236731
6236786
6236817
6237084
6237148
6237180
6237354
6237413
6237610
6237611
6237629
6237677
6237804
6237831
6238112
6238185
6238198
6238213
6238219
6238221
6238261
6238408
6238732
6238815
6239109
6239147
6239250
6239575
6239736
6239885
6239956
6240009
6240096
6240462
6240537
6240713
6240853
6241127
6241151
6241170
6241246
6241315
6241343
6241359
6241483
6241499
6241571
6241706
6241727
6241751
6242128
6242312
6242358
6242516
6242596
6242847
6242886
6242906
6243115
6243250
6243438
6243584
6243621
6243661
6243762
6243795
6243850
6243882
6243891
6243974
6244039
6244077
6244095
6244379
6244484
6244628
6244657
6244847
6244871
6244915
6245213
6245237
6245314
6245356
6245451
6245509
6245521
6245676
6245706
6245735
6245760
6245828
6245852
6245943
6246161
6246222
6246290
6246530
6246597
6246658
6246669
6246688
6246750
6246766
6246844
6246846
6246905
6247141
6247313
6247466
6247535
6247537
6247574
6247594
6247625
6247681
6247752
6247956
6248010
6248171
6248201
6248273
6248281
6248594
6248626
6248649
6248940
6248986
6249223
6249241
6249266
6249317
6249372
6249412
6249469
6249471
6249502
6249635
6249647
6249649
6249684
6249700
6249941
6250036
6250083
6250129
6250148
6250407
6250468
6250494
6250525
6250617
6250734
6250787
6250854
6250916
6250954
6251148
6251189
6251276
6251328
6251420
6251421
6251472
6251534
6251539
6251543
6251558
6251709
6251763
6252021
6252205
6252226
6252428
6252518
6252526
6252527
6252686
6253328
6253402
6253482
6253511
6253628
6253741
6253781
6253811
6253934
6254131
6254601
6254674
6254677
6254758
6254769
6254961
6255124
6255164
6255285
6255347
6255420
6255563
6255607
6255725
6255840
6256000
6256022
6256166
6256175
6256213
6256276
6256335
6256337
6256341
6256388
6256656
6256672
6256795
6256810
6256815
6256901
6257091
6257155
6257170
6257179
6257601
6257615
6257732
6257850
6257950
6258023
6258370
6258410
6258820
6258834
6258904
6259002
6259136
6259273
6259282
6259308
6259310
6259489
6259492
6259553
6259577
6259737
6259885
6259920
6259922
6259956
6259981
6260035
6260084
6260516
6260525
6260704
6260706
6260837
6260852
6261035
6261073
6261133
6261161
6261170
6261220
6261307
6261456
6261503
6261568
6262039
6262055
6262168
6262295
6262297
6262305
6262316
6262518
6262614
6262676
6262757
6263005
6263019
6263025
6263133
6263413
6263421
6263463
6263552
6263681
6263788
6263856
6263977
6264009
6264033
6264046
6264093
6264200
6264214
6264241
6264344
6264429
6264536
6264676
6264708
6264904
6265012
6265014
6265141
6265244
6265299
6265369
6265465
6265501
6265602
6265709
6266110
6266143
6266310
6266368
6266434
6266464
6266508
6266616
6266929
6267117
6267234
6267279
6267327
6267330
6267440
6267473
6267824
6267833
6267945
6267983
6268158
6268235
6268343
6268375
6268430
6268624
6268780
6268897
6269021
6269085
6269096
6269245
6269357
6269499
6269500
6269527
6269587
6269591
6269758
6269788
6269903
6270234
6270244
6270265
6270272
6270308
6270685
6271024
6271361
6271418
6271430
6271844
6271967
6272351
6272493
6272521
6272601
6272675
6272746
6272908
6272948
6272970
6273150
6273247
6273454
6273533
6273683
6273774
6273834
6273887
6273897
6273905
6273923
6273929
6274102
6274317
6274485
6274496
6274522
6274532
6274549
6274596
6274900
6274919
6275067
6275101
6275130
6275142
6275182
6275261
6275282
6275302
6275416
6275566
6275704
6275717
6275736
6276109
6276191
6276221
6276225
6276238
6276243
6276496
6276590
6276663
6276738
6277026
6277229
6277254
6277535
6277591
6277666
6277882
6277885
6277993
6277998
6278146
6278178
6278339
6278403
6278478
6278612
6278659
6278816
6278899
6278980
6278984
6278997
6279090
6279326
6279365
6279496
6279866
6279921
6279997
6280067
6280180
6280332
6280367
6280449
6280466
6280472
6280578
6280594
6280880
6280929
6281416
6281477
6281629
6281757
6281761
6281938
6281943
6281982
6282083
6282089
6282105
6282371
6282379
6282430
6282795
6282906
6282972
6283072
6283138
6283169
6283245
6283292
6283693
6283728
6283917
6284177
6284254
6284594
6284726
6284751
6284773
6284864
6285113
6285188
6285290
6285410
6285458
6285558
6285616
6285703
6285766
6285768
6285809
6285875
6286006
6286043
6286129
6286235
6286262
6286277
6286310
6286336
6286337
6286380
6286461
6286468
6286539
6286666
6286790
6286791
6286969
6287073
6287254
6287286
6287309
6287346
6287396
6287413
6287439
6287609
6287689
6287767
6287890
6287978
6288082
6288212
6288424
6288676
6288912
6288929
6288933
6289090
6289113
6289285
6289316
6289542
6289606
6289639
6289776
6289798
6289949
6289995
6290064
6290099
6290150
6290403
6290504
6290534
6290645
6290841
6290863
6290895
6290976
6291002
6291138
6291381
6291481
6291709
6291772
6291798
6291823
6291850
6291869
6291937
6291946
6292030
6292126
6292134
6292254
6292305
6292600
6292729
6292738
6292762
6292769
6292789
6292802
6292968
6293134
6293182
6293280
6293295
6293426
6293539
6293738
6293865
6293882
6294010
6294191
6294241
6294403
6294426
6294453
6294534
6294809
6294920
6295018
6295031
6295089
6295203
6295437
6295442
6295474
6295607
6295620
6295764
6296115
6296158
6296210
6296616
6296740
6296768
6296952
6297092
6297138
6297230
6297329
6297339
6297343
6297554
6297650
6297688
6297690
6297749
6297933
6297943
6297945
6297948
6297970
6298056
6298165
6298263
6298411
6298432
6298495
6298507
6298518
6298549
6298555
6299046
6299076
6299122
6299237
6299260
6299277
6299284
6299341
6299514
6299521
6299617
6299636
6299652
6299701
6299773
6299861
6299912
6299955
6300321
6300374
6300725
6300840
6300922
6300981
6301048
6301101
6301104
6301289
6301311
6301373
6302038
6302480
6302508
6302863
6303004
6303015
6303019
6303063
6303186
6303263
6303405
6303458
6303607
6303616
6303629
6303657
6303691
6303739
6303741
6303903
6304026
6304219
6304229
6304308
6304376
6304460
6304594
6304728
6304776
6305099
6305118
6305144
6305190
6305227
6305272
6305566
6305584
6305699
6305708
6305798
6305856
6305904
6306157
6306212
6306244
6306420
6306596
6306721
6306752
6306927
6306996
6307155
6307157
6307176
6307263
6307650
6307762
6307879
6308037
6308230
6308403
6309170
6309242
6309400
6309487
6309513
6309592
6309623
6309779
6309868
6309895
6309910
6309945
6310085
6310104
6310123
6310185
6310197
6310419
6310590
6310702
6310829
6310831
6310854
6310864
6310887
6310912
6310969
6310979
6311143
6311212
6311262
6311540
6311716
6311779
6311967
6312003
6312223
6312292
6312304
6312309
6312364
6312462
6312735
6313164
6313519
6313639
6313703
6314133
6314199
6314344
6314561
6314731
6314733
6314737
6314955
6314961
6315005
6315071
6315161
6315436
6315492
6315511
6315772
6315890
6315920
6315934
6316118
6316192
6316201
6316497
6316654
6316859
6316910
6316974
6317295
6317323
6317596
6317779
6317786
6317835
6317943
6318268
6318269
6318322
6318586
6318744
6318760
6318838
6318893
6318956
6318999
6319108
6319369
6319498
6319892
6320042
6320197
6320257
6320258
6320401
6320537
6320653
6320717
6321118
6321146
6321277
6321371
6321483
6321568
6321618
6321711
6322024
6322141
6322164
6322234
6322250
6322474
6322571
6322578
6322592
6322653
6322834
6323099
6323115
6323307
6323380
6323419
6323511
6323630
6323685
6323691
6323779
6323792
6323806
6323809
6323861
6323881
6323899
6323934
6324240
6324572
6324692
6324831
6324850
6324985
6325074
6325109
6325151
6325294
6325713
6325902
6326196
6326296
6326333
6326352
6326364
6326527
6326704
6326729
6326750
6326825
6326863
6326890
6327255
6327370
6327372
6327401
6327561
6327734
6327744
6327967
6328050
6328053
6328127
6328219
6328275
6328401
6328542
6328608
6328735
6328810
6328922
6329023
6329033
6329162
6329401
6329631
6329913
6329958
6330043
6330072
6330257
6330319
6330411
6330577
6330796
6330812
6330834
6330892
6330959
6331008
6331044
6331143
6331144
6331208
6331275
6331377
6331395
6331461
6331510
6331528
6331582
6331711
6331763
6331795
6331802
6331930
6332060
6332094
6332099
6332188
6332532
6332557
6332785
6332826
6332896
6333068
6333176
6333195
6333271
6333334
6333385
6333404
6333454
6333455
6333699
6333792
6333820
6333925
6333976
6334099
6334121
6334381
6334483
6334615
6334723
6334826
6334892
6335203
6335273
6335347
6335485
6335626
6335687
6335694
6335722
6335761
6335834
6335854
6336226
6336361
6336381
6336450
6336537
6336742
6336824
6336843
6336867
6336888
6337044
6337058
6337479
6337605
6337690
6337719
6337897
6337952
6338172
6338229
6338294
6338372
6338380
6338458
6338571
6338581
6338664
6338910
6338977
6339042
6339102
6339140
6339221
6339302
6339385
6339520
6339624
6339638
6339647
6339660
6339666
6339750
6339806
6339838
6339997
6340024
6340116
6340420
6340454
6340544
6340566
6340589
6340963
6340983
6341132
6341175
6341233
6341447
6341468
6341622
6341689
6341818
6342002
6342132
6342196
6342391
6342513
6342522
6342567
6342571
6342603
6342803
6343027
6343294
6343382
6343503
6343628
6343824
6343849
6343866
6343880
6343889
6343953
6344034
6344147
6344225
6344235
6344238
6344465
6344669
6344757
6344809
6344844
6344994
6345023
6345038
6345065
6345091
6345220
6345491
6345943
6346019
6346108
6346326
6346514
6346570
6346766
6346868
6346966
6347166
6347277
6347336
6347358
6347439
6347463
6347482
6347548
6347593
6347695
6347759
6347826
6347850
6348093
6348219
6348529
6348681
6348730
6348761
6348765
6348847
6348898
6348904
6348929
6349155
6349276
6349284
6349461
6349491
6349762
6349923
6350186
6350461
6350542
6350626
6350801
6350918
6351018
6351034
6351463
6351503
6351517
6351525
6351584
6351862
6352001
6352029
6352107
6352184
6352221
6352225
6352245
6352348
6352438
6352500
6352755
6352758
6352783
6352838
6352861
6353373
6353417
6353561
6353613
6353979
6354105
6354157
6354208
6354218
6354260
6354402
6354433
6354442
6354464
6354539
6354553
6354603
6354860
6355047
6355249
6355370
6355460
6355517
6355561
6355811
6356041
6356190
6356216
6356333
6356350
6356357
6356434
6356615
6356804
6356807
6356822
6356847
6356905
6356944
6356984
6356990
6357210
6357329
6357337
6357449
6357469
6357477
6357535
6357551
6357836
6357994
6357995
6358121
6358263
6358266
6358601
6358668
6358780
6358787
6358849
6359083
6359156
6359283
6359434
6359443
6359477
6359605
6359659
6359823
6359867
6359977
6360078
6360084
6360101
6360193
6360462
6360485
6360632
6360765
6360826
6360829
6360920
6360958
6361054
6361348
6361533
6361657
6361742
6361953
6362016
6362074
6362145
6362201
6362369
6362433
6362441
6362468
6362547
6362653
6362801
6362824
6362832
6362844
6362891
6362916
6362966
6363396
6363856
6363980
6364069
6364101
6364291
6364409
6364422
6364636
6364668
6364673
6365247
6365426
6365523
6365682
6366515
6366582
6366588
6366619
6366647
6366695
6366775
6366952
6367133
6367143
6367159
6367310
6367574
6367691
6367704
6367731
6367818
6367866
6367901
6367949
6367997
6368190
6368284
6368322
6368439
6368448
6368573
6368581
6368609
6368713
6368831
6369534
6369561
6369850
6370059
6370235
6370434
6370570
6370671
6370686
6370721
6370750
6371051
6371056
6371083
6371124
6371134
6371310
6371682
6371705
6371833
6371900
6372130
6372246
6372369
6372623
6372668
6372845
6372919
6372927
6372941
6373126
6373148
6373166
6373209
6373320
6373375
6373414
6373435
6373502
6373526
6373610
6373631
6373651
6373686
6373930
6373943
6374008
6374063
6374161
6374180
6374342
6374640
6374729
6374894
6375016
6375132
6375284
6375362
6375496
6375862
6375970
6375995
6376030
6376395
6376493
6376604
6376771
6376812
6376866
6377451
6377496
6377538
6377626
6377973
6378015
6378050
6378093
6378130
6378145
6378275
6378285
6378311
6378362
6378412
6378529
6378549
6378712
6378749
6379090
6379105
6379143
6379592
6379802
6379831
6380007
6380012
6380213
6380388
6380406
6380482
6380500
6380519
6380627
6380669
6380714
6380881
6381189
6381385
6381469
6381498
6381507
6381626
6381675
6381810
6381849
6382093
6382235
6382303
6382379
6382597
6382671
6382758
6382814
6382885
6382978
6382998
6383098
6383313
6383400
6383408
6383527
6383532
6383782
6383872
6383959
6384003
6384030
6384240
6384374
6384437
6384461
6384517
6384660
6384729
6384754
6384870
6384927
6384939
6385030
6385103
6385114
6385186
6385203
6385434
6385484
6385553
6385558
6385735
6385796
6385819
6385913
6386296
6386425
6386496
6386573
6387000
6387045
6387214
6387323
6387390
6387487
6387546
6387602
6387654
6387681
6387739
6388008
6388009
6388091
6388137
6388251
6388314
6388366
6388376
6388382
6388442
6388591
6388654
6388671
6388707
6388898
6389157
6389178
6389418
6389680
6389720
6389873
6390017
6390060
6390399
6390432
6390615
6391036
6391105
6391141
6391233
6391276
6391277
6391303
6391313
6391364
6391549
6391810
6392054
6392125
6392224
6392252
6392344
6392589
6392602
6392640
6392731
6392797
6392862
6392934
6392975
6393086
6393201
6393246
6393288
6393463
6393503
6393581
6393722
6393823
6394023
6394136
6394150
6394200
6394218
6394246
6394340
6394443
6394519
6394566
6394614
6394735
6394792
6394919
6395026
6395048
6395132
6395337
6395408
6395426
6395486
6395522
6395563
6395681
6395718
6395822
6395832
6395896
6396011
6396045
6396138
6396191
6396206
6396222
6396257
6396606
6396714
6396789
6396819
6396926
6396948
6397004
6397029
6397343
6397344
6397493
6397760
6397811
6398107
6398362
6398455
6398471
6398540
6398597
6398727
6398920
6398980
6398998
6399095
6399164
6399183
6399237
6399522
6399534
6399595
6399713
6399728
6399742
6399896
6400030
6400077
6400162
6400268
6400401
6400537
6400538
6400647
6400661
6400820
6400871
6400923
6400963
6401055
6401137
6401171
6401309
6401330
6401463
6401464
6401480
6401664
6401676
6401764
6401786
6402439
6402651
6402709
6402761
6402840
6402851
6402901
6403310
6403564
6403693
6403949
6404061
6404099
6404116
6404175
6404262
6404329
6404418
6404646
6404812
6404848
6404998
6405226
6405283
6405294
6405320
6405347
6405374
6405470
6405475
6405633
6405812
6405872
6405982
6405995
6406249
6406431
6406447
6406487
6406603
6406811
6406983
6407025
6407034
6407293
6407482
6407534
6407595
6407615
6407642
6407933
6407950
6408017
6408076
6408100
6408522
6408617
6408793
6408942
6409032
6409041
6409091
6409120
6409151
6409278
6409310
6409409
6409463
6409484
6409548
6409607
6409614
6409735
6409775
6409781
6409855
6409935
6410047
6410048
6410057
6410200
6410302
6410317
6410514
6410595
6410757
6410805
6411008
6411387
6411596
6411627
6411941
6412154
6412194
6412417
6412437
6412636
6412752
6412922
6412997
6413003
6413015
6413228
6413309
6413415
6413492
6413760
6413949
6414157
6414350
6414386
6414435
6414452
6414457
6414509
6414570
6414853
6415108
6415145
6415204
6415287
6415522
6415560
6415600
6415646
6415780
6415792
6415901
6415930
6416077
6416156
6416266
6416591
6416738
6416890
6417024
6417265
6417370
6417486
6417493
6417526
6417785
6417848
6417926
6417935
6418024
6418082
6418104
6418116
6418124
6418180
6418207
6418209
6418306
6418501
6418505
6418643
6418786
6418835
6419014
6419127
6419249
6419357
6419375
6419494
6419739
6420000
6420158
6420587
6420754
6420777
6420793
6420874
6420962
6421020
6421079
6421156
6421183
6421227
6421334
6421423
6421463
6421517
6421621
6421626
6421673
6421736
6421951
6422080
6422228
6422264
6422291
6422353
6422380
6422398
6422417
6422660
6422737
6423093
6423240
6423278
6423287
6423289
6423390
6423481
6423569
6423659
6423820
6423860
6423902
6424008
6424073
6424173
6424368
6424857
6424868
6424977
6425007
6425012
6425424
6425560
6425679
6425820
6425874
6425915
6425956
6426057
6426236
6426276
6426287
6426297
6426307
6426361
6426394
6426417
6426454
6426607
6426652
6426794
6427060
6427074
6427152
6427188
6427354
6427409
6427449
6427497
6427570
6427796
6428078
6428219
6428221
6428226
6428258
6428329
6428430
6428468
6428489
6428543
6428550
6428691
6428838
6428888
6428950
6428976
6428986
6429239
6429249
6429381
6429442
6429505
6429631
6429657
6429707
6429799
6429936
6430030
6430032
6430081
6430242
6430282
6430325
6430453
6430486
6430596
6430934
6430989
6431027
6431322
6431373
6431421
6431637
6431670
6431672
6431703
6431726
6431954
6431975
6432252
6432288
6432340
6432583
6432605
6432671
6432836
6432862
6433039
6433349
6433440
6433475
6433481
6433559
6433593
6433758
6433791
6433806
6433829
6433938
6434198
6434348
6434354
6434409
6434494
6434545
6434603
6434806
6435027
6435098
6435521
6435532
6435566
6435572
6435810
6435811
6435827
6435922
6435925
6435937
6436043
6436161
6436272
6436372
6436602
6436801
6436910
6437038
6437260
6437363
6437387
6437527
6437692
6437705
6437831
6437863
6437912
6438122
6438334
6438374
6438401
6438427
6438556
6438744
6438757
6438787
6438792
6438831
6438888
6439069
6439083
6439206
6439265
6439274
6439313
6439642
6439749
6440015
6440207
6440268
6440347
6440412
6440456
6440625
6440746
6440762
6440820
6440833
6440887
6440910
6440914
6441035
6441189
6441252
6441313
6441392
6441394
6441435
6441538
6441562
6441709
6441821
6441879
6442100
6442138
6442163
6442240
6442242
6442283
6442532
6442761
6442835
6442874
6442951
6443018
6443059
6443137
6443249
6443321
6443397
6443539
6443559
6443571
6443721
6443864
6443879
6443892
6443998
6444006
6444203
6444206
6444416
6444779
6444781
6444828
6444885
6444893
6445044
6445103
6445152
6445155
6445160
6445210
6445260
6445288
6445454
6445455
6445715
6445850
6445859
6446157
6446216
6446244
6446298
6446582
6446674
6446685
6446739
6446798
6447009
6447116
6447149
6447317
6447470
6447622
6447935
6448014
6448103
6448113
6448223
6448229
6448238
6448296
6448479
6448633
6448643
6449002
6449033
6449059
6449091
6449128
6449201
6449249
6449298
6449356
6449436
6449530
6449648
6449976
6450189
6450329
6450342
6450408
6450623
6450630
6450634
6450770
6450803
6450890
6450988
6450991
6451024
6451067
6451163
6451261
6451378
6451424
6451427
6451665
6451728
6451778
6451856
6451891
6452033
6452071
6452135
6452204
6452213
6452402
6452483
6452526
6452582
6452653
6452813
6452950
6453008
6453100
6453131
6453338
6453450
6453474
6453576
6453733
6453787
6453803
6453880
6453895
6453978
6454011
6454265
6454390
6454493
6454573
6454577
6454709
6454828
6454966
6454995
6455039
6455051
6455097
6455126
6455165
6455208
6455378
6455406
6455411
6455483
6455535
6455565
6455644
6455662
6455722
6455726
6455760
6455761
6455818
6455856
6456112
6456324
6456425
6456509
6456577
6456629
6456678
6456779
6456781
6456857
6456890
6457043
6457131
6457141
6457316
6457362
6457453
6457741
6457998
6458143
6458217
6458231
6458434
6458781
6458856
6458890
6458904
6458907
6458935
6459026
6459041
6459128
6459256
6459284
6459375
6459476
6459519
6459541
6459555
6459576
6459762
6459912
6460078
6460162
6460167
6460270
6460304
6460680
6460720
6460729
6460844
6460922
6461088
6461116
6461257
6461320
6461333
6461362
6461627
6461890
6462052
6462106
6462320
6462514
6462573
6462580
6462887
6462941
6463057
6463238
6463490
6463685
6463781
6463815
6463968
6464320
6464525
6464881
6465002
6465048
6465233
6465242
6465677
6465772
6465880
6465928
6465930
6466239
6466494
6466789
6466918
6467022
6467059
6467081
6467089
6467288
6467477
6467492
6467601
6467672
6467697
6467828
6467889
6468280
6468419
6468631
6468826
6468852
6468993
6469092
6469393
6469484
6469749
6469931
6469968
6470090
6470096
6470119
6470125
6470188
6470217
6470232
6470297
6470734
6470800
6470876
6471181
6471215
6471365
6471460
6471554
6471756
6471768
6471813
6471948
6471985
6472053
6472241
6472349
6472380
6472468
6472496
6472515
6472654
6472718
6472866
6472921
6472947
6472977
6473070
6473153
6473158
6473264
6473465
6473601
6473840
6473894
6473986
6474203
6474288
6474304
6474350
6474684
6474717
6474978
6475039
6475067
6475072
6475080
6475163
6475231
6475279
6475301
6475427
6475694
6475732
6475874
6476054
6476240
6476602
6476830
6476880
6476910
6477096
6477099
6477215
6477258
6477304
6477435
6477478
6477524
6477556
6477615
6477675
6477817
6477849
6477869
6478010
6478035
6478262
6478274
6478328
6478428
6478516
6478764
6478951
6479125
6479290
6479332
6479460
6479729
6479842
6479881
6479971
6479986
6480025
6480104
6480208
6480236
6480409
6480412
6480691
6480787
6480795
6480850
6481227
6481359
6481382
6481411
6481721
6481722
6481782
6481870
6482108
6482215
6482240
6482290
6482372
6482404
6482474
6482564
6482587
6482590
6482747
6482810
6482823
6482954
6482966
6483355
6483446
6483461
6483519
6483579
6483624
6483682
6483744
6483770
6483816
6483826
6483860
6483892
6483970
6483999
6484013
6484119
6484176
6484282
6484454
6484572
6484643
6484654
6484856
6484905
6485026
6485067
6485136
6485401
6485412
6485638
6485654
6485683
6485854
6485939
6485986
6486004
6486024
6486173
6486197
6486429
6486491
6486611
6486715
6487054
6487474
6487848
6487922
6487976
6487981
6488005
6488080
6488141
6488309
6488365
6488507
6488566
6488978
6489067
6489234
6489275
6489329
6489441
6489610
6489686
6489726
6489823
6489958
6490061
6490175
6490225
6490522
6490601
6490646
6490704
6490747
6490851
6490862
6491140
6491224
6491452
6491632
6491748
6491832
6491927
6492009
6492035
6492173
6492174
6492190
6492580
6492626
6492661
6492702
6492720
6492931
6493072
6493096
6493135
6493163
6493183
6493207
6493316
6493375
6493481
6493508
6493592
6493595
6493757
6493831
6493850
6493864
6493898
6493916
6493919
6493928
6493952
6493961
6494009
6494045
6494247
6494328
6494336
6494343
6494356
6494634
6494785
6494886
6494899
6494909
6494979
6494995
6495070
6495078
6495089
6495136
6495207
6495449
6495488
6495547
6495586
6495732
6495857
6496044
6496060
6496093
6496170
6496240
6496283
6496285
6496320
6496369
6496470
6496650
6496691
6496750
6496772
6496883
6496888
6496987
6497060
6497251
6497348
6497490
6497501
6497509
6497510
6497639
6497758
6498139
6498192
6498365
6498519
6498640
6498669
6498674
6498693
6498711
6498763
6498791
6498881
6499028
6499118
6499185
6499295
6499451
6499572
6499721
6499812
6499875
6499894
6500103
6500172
6500378
6500547
6500623
6500740
6500900
6500903
6500965
6500974
6501043
6501061
6501146
6501180
6501378
6501477
6501487
6501703
6501843
6501939
6501984
6502309
6502355
6502657
6502684
6502760
6502903
6502921
6502947
6502952
6503008
6503240
6503354
6503416
6503432
6503577
6503578
6503734
6503816
6503944
6504048
6504157
6504252
6504600
6504646
6504783
6504822
6504842
6504963
6504975
6504976
6505134
6505256
6505353
6505358
6505359
6505506
6505554
6505560
6505610
6505636
6506217
6506262
6506416
6506490
6506663
6506733
6506746
6506804
6506818
6506908
6506912
6507106
6507251
6507327
6507549
6507682
6507740
6507802
6507932
6507963
6507973
6508066
6508068
6508158
6508253
6508262
6508485
6508620
6508825
6508859
6509024
6509038
6509107
6509182
6509566
6509682
6509724
6509885
6509945
6509947
6510099
6510277
6510639
6510779
6510831
6511009
6511022
6511081
6511223
6511252
6511257
6511366
6511368
6511627
6511738
6511881
6511886
6511887
6511947
6512027
6512190
6512354
6512873
6512914
6512982
6512983
6513025
6513109
6513300
6513512
6513589
6513959
6513979
6513983
6514017
6514022
6514246
6514365
6514384
6514470
6514528
6514815
6514838
6514949
6514958
6515008
6515168
6515234
6515271
6515487
6515524
6515593
6515642
6515823
6515852
6516058
6516124
6516213
6516232
6516239
6516395
6516398
6516632
6516836
6517135
6517161
6517175
6517197
6517511
6517702
6517715
6517799
6517896
6517920
6518120
6518388
6518439
6518522
6518640
6518673
6518713
6518938
6519218
6519303
6519349
6519361
6519374
6519666
6519814
6519888
6520255
6520797
6520823
6520939
6521038
6521041
6521083
6521184
6521626
6521994
6522169
6522218
6522232
6522425
6522543
6522585
6522949
6523009
6523011
6523401
6523509
6523557
6523570
6523672
6523795
6523807
6523937
6524108
6524110
6524133
6524347
6524567
6524693
6524700
6524831
6524838
6524846
6524885
6524954
6525057
6525222
6525433
6525457
6525567
6525572
6525592
6525881
6526026
6526227
6526399
6526826
6526883
6526975
6526985
6527413
6527488
6527489
6527529
6527747
6527823
6527959
6528192
6528209
6528356
6528357
6528418
6528442
6528662
6528697
6528703
6528723
6528758
6528851
6528868
6528936
6528944
6529091
6529276
6529342
6529440
6529724
6529731
6529832
6529854
6530008
6530026
6530187
6530465
6530574
6530667
6530673
6530801
6531037
6531054
6531062
6531364
6531396
6531408
6531480
6531521
6531539
6531705
6531875
6531890
6531942
6531948
6532193
6532269
6532364
6532413
6532552
6532650
6532762
6532800
6532860
6532976
6533049
6533091
6533158
6533366
6533405
6533429
6533436
6533478
6533580
6533618
6533759
6533772
6533802
6533811
6534007
6534141
6534171
6534275
6534282
6534330
6534390
6534509
6534580
6534778
6535099
6535151
6535193
6535314
6535389
6535859
6535988
6536015
6536375
6536549
6536618
6536641
6536788
6537111
6537165
6537231
6537238
6537260
6537277
6537416
6537565
6537760
6537805
6538032
6538145
6538371
6538518
6538583
6538654
6538660
6538728
6538762
6538784
6538795
6538814
6538865
6538897
6538941
6538979
6539155
6539246
6539312
6539581
6539607
6539647
6539796
6539870
6540256
6540335
6540395
6540539
6540571
6540961
6541252
6541367
6541533
6541546
6541844
6541944
6542137
6542275
6542276
6542323
6542366
6542448
6542508
6542636
6542721
6542765
6543384
6543478
6543756
6543796
6544119
6544352
6544474
6544510
6544541
6544558
6544564
6544568
6544689
6544751
6544827
6545074
6545226
6545591
6545719
6545767
6545833
6545841
6546048
6546118
6546189
6546251
6546253
6546301
6546323
6546643
6546694
6546717
6546805
6546807
6546890
6547158
6547187
6547202
6547327
6547357
6547512
6547534
6547566
6547568
6547635
6547639
6547713
6547740
6548107
6548181
6548206
6548305
6548459
6548657
6549185
6549366
6549688
6549722
6549797
6549819
6549988
6550122
6550234
6550252
6550288
6550336
6550425
6550452
6550845
6550855
6551109
6551156
6551383
6551432
6551454
6551592
6551647
6551680
6551739
6551846
6551946
6552114
6552164
6552189
6552280
6552311
6552567
6552630
6552732
6552886
6552887
6552912
6552917
6553092
6553099
6553100
6553123
6553136
6553180
6553681
6553721
6553791
6554074
6554095
6554284
6554467
6554495
6554515
6554665
6554681
6554713
6554764
6554834
6554849
6554895
6554931
6555087
6555196
6555288
6555318
6555374
6555416
6555893
6555930
6555960
6555980
6556170
6556204
6556297
6556383
6556516
6556722
6556723
6556759
6556798
6556818
6556903
6557034
6557081
6557112
6557174
6557276
6557290
6557498
6557499
6557616
6557660
6557715
6557727
6557914
6557980
6558046
6558268
6558324
6558408
6558480
6558546
6558788
6559004
6559049
6559504
6559562
6559581
6559611
6559627
6559746
6559911
6559960
6560107
6560294
6560304
6560546
6560698
6560758
6560849
6560960
6561052
6561090
6561225
6561289
6561581
6561742
6561810
6561836
6561844
6561861
6561940
6561966
6562202
6562342
6562584
6562796
6562880
6562957
6563060
6563084
6563143
6563301
6563540
6563700
6563703
6563723
6563747
6564288
6564294
6564335
6564352
6564364
6564446
6564601
6564950
6564987
6565008
6565046
6565053
6565061
6565080
6565119
6565164
6565283
6565434
6565495
6565519
6566142
6566267
6566304
6566517
6566590
6566828
6566840
6566858
6566868
6566915
6566998
6567046
6567048
6567135
6567197
6567223
6567241
6567379
6567587
6567598
6567602
6567725
6567902
6567912
6568040
6568098
6568467
6568477
6568610
6568628
6568948
6569160
6569449
6569643
6569841
6570431
6570459
6570473
6570475
6570703
6570788
6571016
6571149
6571345
6571368
6571502
6571512
6571678
6571757
6571849
6571914
6572044
6572066
6572304
6572330
6572524
6572608
6572737
6572776
6572793
6572891
6572922
6572943
6572977
6573090
6573210
6573370
6573532
6574134
6574362
6574374
6574492
6574828
6574862
6574928
6575076
6575113
6575139
6575141
6575633
6575650
6575665
6575667
6575824
6575880
6575934
6575944
6576118
6576315
6576422
6576453
6576504
6576570
6576630
6576689
6576756
6576859
6576869
6576891
6576902
6577275
6577301
6577336
6577525
6577625
6577708
6577839
6577940
6578045
6578233
6578272
6578305
6578511
6578686
6578724
6578766
6578777
6578837
6579038
6579079
6579194
6579375
6579498
6579557
6579648
6579911
6579935
6580151
6580273
6580329
6580405
6580447
6580500
6580522
6580534
6580586
6580724
6581328
6581538
6581564
6581652
6581655
6581755
6581840
6581858
6581925
6581936
6582145
6582164
6582209
6582240
6582354
6582478
6582532
6582618
6582703
6582723
6582763
6582826
6582844
6582875
6582998
6583190
6583261
6583393
6583408
6583469
6583483
6583489
6583490
6583656
6583828
6583916
6584102
6584325
6584403
6584452
6584475
6584628
6584672
6584726
6584979
6584984
6585024
6585154
6585202
6585659
6585791
6585832
6585878
6585896
6585960
6586185
6586277
6586295
6586361
6586381
6586432
6586625
6586686
6586694
6586712
6586786
6586791
6586915
6586918
6586934
6587078
6587358
6587489
6587526
6587628
6587647
6587783
6587787
6588133
6588178
6588249
6588348
6588525
6588863
6588896
6589161
6589267
6589308
6589426
6589468
6589493
6589631
6589678
6589890
6590002
6590066
6590106
6590123
6590157
6590163
6590339
6590482
6590539
6590543
6590559
6590571
6590678
6590948
6590955
6591477
6591630
6591689
6591836
6592012
6592127
6592165
6592385
6592465
6592474
6592799
6592809
6592898
6593239
6593326
6593389
6593424
6593540
6593553
6593583
6593606
6593759
6593867
6593947
6594013
6594161
6594380
6594473
6594480
6594553
6594563
6594726
6595016
6595061
6595156
6595232
6595305
6595319
6595437
6595641
6595701
6595975
6596014
6596015
6596078
6596319
6596984
6596992
6597196
6597252
6597412
6597498
6597771
6598085
6598243
6598323
6598577
6598661
6598753
6598785
6599110
6599194
6599432
6599512
6599514
6599603
6599611
6599719
6599876
6599967
6599981
6600119
6600374
6600543
6600612
6600911
6601192
6601401
6601452
6601491
6601747
6601880
6601973
6602054
6602060
6602096
6602135
6602213
6602356
6602401
6602438
6602463
6602540
6602564
6602716
6602729
6602813
6602838
6602892
6602904
6602988
6602992
6603010
6603050
6603182
6603264
6603607
6603746
6603872
6603917
6604011
6604039
6604056
6604073
6604221
6604595
6604668
6604775
6604788
6604904
6604986
6604987
6605102
6605699
6605753
6605763
6605830
6605887
6605952
6605960
6605969
6606121
6606136
6606327
6606376
6606434
6606672
6606735
6606799
6606826
6606883
6607089
6607173
6607238
6607270
6607384
6607599
6607879
6607979
6608004
6608402
6608508
6608567
6608607
6608608
6608654
6608789
6608890
6608891
6609044
6609377
6609489
6609860
6609970
6609973
6610009
6610127
6610192
6610226
6610245
6610319
6610358
6610365
6610414
6610537
6610573
6610579
6610749
6610766
6610922
6611085
6611321
6611351
6611394
6611547
6611677
6611741
6611793
6611818
6611934
6612004
6612148
6612166
6612257
6612371
6612423
6612704
6612738
6613059
6613157
6613197
6613379
6613540
6613601
6613609
6613750
6613756
6613764
6613942
6614008
6614111
6614245
6614460
6614627
6614707
6614851
6614858
6614910
6615342
6615428
6615798
6615814
6615967
6616104
6616110
6616150
6616153
6616357
6616388
6616451
6616711
6616735
6616758
6616949
6616980
6617008
6617164
6617270
6617528
6617581
6617788
6617939
6618048
6618160
6618190
6618267
6618338
6618353
6618364
6618484
6618543
6618665
6618958
6618959
6619015
6619032
6619154
6619466
6619611
6619697
6619701
6619705
6619737
6619778
6619784
6619836
6620222
6620230
6620487
6620522
6620668
6620692
6620714
6620852
6620857
6620896
6621059
6621077
6621221
6621249
6621472
6621550
6621581
6621639
6621766
6621835
6621881
6621930
6621976
6622027
6622107
6622138
6622318
6622337
6622449
6622606
6622668
6622750
6622756
6622856
6622858
6622862
6622993
6623079
6623302
6623469
6623732
6623926
6624052
6624148
6624423
6624450
6624511
6624527
6624586
6624850
6624958
6625074
6625144
6625223
6625544
6625593
6625605
6625769
6625895
6625922
6625938
6626143
6626147
6626389
6626404
6626448
6626552
6626720
6626723
6626786
6626819
6626831
6626862
6626959
6626962
6626986
6627026
6627127
6627373
6627422
6627448
6627604
6627615
6627802
6627828
6627895
6627956
6627998
6628109
6628318
6628329
6628386
6628453
6628595
6628674
6628759
6628854
6628936
6628984
6628988
6629004
6629020
6629216
6629390
6629431
6629433
6629480
6629482
6629516
6629867
6629978
6629999
6630135
6630332
6630499
6630726
6631011
6631140
6631270
6631291
6631614
6631639
6631642
6631669
6631792
6631914
6632000
6632140
6632218
6632243
6632568
6632603
6632675
6632698
6632881
6632972
6633105
6633107
6633150
6633211
6633361
6633438
6633456
6633649
6633763
6633836
6633865
6633909
6633910
6633985
6634023
6634059
6634093
6634122
6634172
6634209
6634214
6634335
6634370
6634487
6634550
6634939
6635009
6635061
6635065
6635132
6635380
6635663
6635875
6635903
6635916
6635941
6636001
6636024
6636088
6636215
6636356
6636402
6636559
6636663
6636785
6636828
6636918
6636954
6636986
6637033
6637279
6637371
6637740
6637802
6637818
6637969
6637990
6638131
6638166
6638245
6638297
6638518
6638556
6638697
6638864
6638967
6639130
6639169
6639296
6639402
6639480
6639485
6639531
6639850
6639854
6639876
6639930
6640100
6640122
6640125
6640283
6640413
6640522
6640546
6641406
6641648
6641727
6641746
6641762
6641953
6642001
6642083
6642131
6642504
6642544
6642571
6642577
6642873
6642896
6643048
6643057
6643124
6643160
6643202
6643251
6643268
6643292
6643390
6643396
6643412
6643441
6643450
6643453
6643579
6643617
6644101
6644117
6644207
6644268
6644489
6644590
6644603
6644640
6644824
6644849
6645130
6645175
6645260
6645270
6645386
6645391
6645413
6645731
6645733
6645813
6645919
6645962
6646003
6646030
6646175
6646276
6646350
6646551
6646694
6646756
6647085
6647117
6647322
6647401
6647472
6647566
6647870
6647948
6648016
6648139
6648262
6648330
6648473
6648592
6648619
6648645
6648680
6648715
6648726
6648906
6648935
6649164
6649200
6649728
6649735
6649853
6649956
6650089
6650129
6650390
6650435
6650437
6650776
6650808
6650827
6650949
6651007
6651179
6651291
6651412
6651435
6651445
6651463
6651597
6651738
6651806
6651928
6651943
6651946
6652123
6652154
6652180
6652236
6652250
6652311
6652319
6652726
6652727
6652749
6652785
6652786
6652964
6653176
6653295
6653326
6653456
6653497
6653552
6653609
6653672
6653708
6653762
6653874
6654053
6654079
6654121
6654379
6654393
6654483
6654570
6654615
6654638
6654705
6654885
6654955
6654963
6654989
6655219
6655365
6655403
6655472
6655954
6655982
6656150
6656304
6656307
6656398
6656400
6656542
6656569
6656622
6656693
6656705
6656736
6656753
6656845
6656850
6656908
6656931
6657132
6657186
6657221
6657269
6657289
6657474
6657508
6657567
6657644
6657858
6658157
6658301
6658627
6658750
6658841
6658963
6659110
6659182
6659666
6659680
6659681
6659787
6659824
6660261
6660549
6660755
6660847
6660933
6661022
6661138
6661328
6661337
6661475
6661511
6661649
6661817
6661961
6662075
6662250
6662341
6662365
6662533
6663310
6663409
6663631
6663636
6663639
6663748
6663812
6663837
6663857
6663902
6663927
6664252
6664281
6664297
6664310
6664443
6664470
6664474
6664485
6664774
6664883
6664905
6664916
6664982
6665000
6665085
6665113
6665149
6665173
6665250
6665426
6665458
6665461
6665480
6665828
6665944
6666068
6666074
6666081
6666135
6666141
6666224
6666430
6666495
6666497
6666622
6666760
6666929
6666968
6666974
6667134
6667185
6667238
6667382
6667413
6667493
6667676
6667717
6667817
6667966
6668373
6668424
6668493
6668551
6668656
6668751
6668758
6668875
6668962
6669013
6669186
6669197
6669198
6669287
6669411
6669637
6669782
6669949
6670023
6670166
6670290
6670333
6670369
6670449
6670451
6670518
6670524
6670599
6670639
6670763
6671109
6671117
6671333
6671365
6671396
6671521
6671683
6671763
6671784
6671829
6671843
6671973
6672015
6672116
6672181
6672299
6672411
6672468
6672486
6672494
6672690
6672703
6672754
6672856
6672861
6672921
6672923
6672931
6672984
6673030
6673304
6673569
6673933
6674536
6674806
6674913
6675206
6675267
6675327
6675470
6675559
6675614
6675650
6675754
6675927
6675946
6675998
6676107
6676128
6676310
6676382
6676388
6676636
6676805
6676896
6676917
6677155
6677270
6677280
6677394
6677406
6677478
6677606
6677631
6677828
6677896
6677928
6678145
6678186
6678195
6678253
6678416
6678636
6678700
6678736
6678765
6678800
6678974
6679019
6679100
6679284
6679449
6679729
6679803
6679838
6679865
6679959
6679992
6680090
6680325
6680358
6680664
6680797
6680851
6680881
6680984
6681046
6681206
6681210
6681259
6681429
6681555
6681672
6681746
6681809
6681955
6682347
6682452
6682489
6682495
6682739
6682993
6683037
6683064
6683364
6683478
6683587
6683616
6683666
6683672
6683700
6683752
6683875
6683877
6683901
6683953
6684149
6684203
6684258
6684277
6684383
6684408
6684446
6684453
6685192
6685493
6685542
6685594
6685679
6685685
6685781
6686072
6686197
6686313
6686343
6686639
6686694
6686802
6686894
6686906
6687030
6687154
6687199
6687266
6687323
6687345
6687354
6687450
6687541
6687742
6688045
6688081
6688345
6688631
6688661
6688701
6688706
6688887
6689199
6689368
6689391
6689421
6689696
6689739
6689842
6689908
6690060
6690270
6690855
6690859
6690872
6690916
6690939
6691020
6691035
6691142
6691202
6691380
6691451
6691532
6691611
6691666
6691810
6691911
6691940
6692003
6692079
6692340
6692556
6692598
6692656
6692774
6692865
6692900
6692946
6692953
6693008
6693140
6693314
6693523
6693678
6693700
6693722
6693748
6693785
6693975
6694033
6694242
6694330
6694357
6694710
6694748
6694758
6694883
6695011
6695046
6695180
6695229
6695484
6695896
6695949
6695976
6696067
6696088
6696148
6696175
6696217
6696221
6696229
6696427
6696441
6696510
6696535
6696900
6696932
6697139
6697359
6697399
6697405
6697470
6697550
6697638
6697661
6697787
6697808
6698149
6698464
6698486
6698736
6698838
6699049
6699136
6699158
6699512
6699700
6700114
6700223
6700224
6700395
6700407
6700423
6700447
6700460
6700518
6700586
6700731
6700799
6700896
6700920
6701097
6701139
6701172
6701416
6701553
6701687
6702033
6702104
6702186
6702201
6702217
6702348
6702477
6702530
6702534
6702571
6702605
6702649
6702738
6702944
6702962
6702971
6703004
6703054
6703086
6703090
6703104
6703189
6703419
6703590
6703602
6703619
6703832
6703908
6704142
6704172
6704189
6704205
6704283
6704388
6704445
6704794
6704974
6705075
6705259
6705350
6705363
6705514
6705693
6705825
6706136
6706260
6706323
6706344
6706387
6706484
6706494
6706507
6706536
6706626
6706644
6706656
6706834
6706836
6706843
6707093
6707103
6707108
6707159
6707184
6707344
6707394
6707698
6707726
6707773
6707804
6707826
6707861
6708088
6708713
6708768
6709225
6709349
6709453
6709694
6709758
6709984
6710149
6710204
6710255
6710442
6710453
6710780
6710797
6710823
6710989
6711015
6711093
6711330
6711407
6711603
6711653
6711727
6711749
6711797
6711936
6712117
6712120
6712218
6712232
6712381
6712421
6712443
6712535
6712769
6712786
6712955
6713042
6713167
6713235
6713236
6713294
6713451
6713931
6714309
6714354
6714392
6714427
6714482
6714520
6714671
6714698
6714774
6714789
6714790
6714885
6715008
6715067
6715072
6715193
6715235
6715622
6715751
6715846
6716098
6716167
6716625
6716721
6716753
6716854
6716978
6717033
6717046
6717056
6717192
6717451
6717633
6717709
6717734
6717833
6717868
6717923
6717933
6718005
6718073
6718146
6718200
6718263
6718487
6718640
6718857
6718882
6718922
6718931
6718934
6719068
6719159
6719184
6719272
6719302
6719527
6719830
6719939
6720039
6720268
6720327
6721230
6721360
6721523
6721558
6721677
6721695
6721988
6721999
6722138
6722158
6722160
6722348
6722361
6722431
6722438
6722533
6722629
6722709
6722881
6723030
6723068
6723140
6723178
6723345
6723472
6723532
6723667
6723676
6723741
6723763
6723847
6723954
6723964
6724148
6724192
6724328
6724399
6724412
6724422
6724425
6724447
6724468
6724668
6725052
6725058
6725251
6725341
6725342
6725387
6725499
6725556
6725565
6725710
6725884
6726319
6726322
6726394
6726588
6726593
6726619
6726679
6726886
6727152
6727170
6727202
6727445
6727474
6727608
6727632
6727738
6727794
6727851
6727946
6727969
6727975
6728263
6728319
6728320
6728463
6728540
6728636
6728644
6728746
6729112
6729228
6729681
6729692
6729810
6730070
6730156
6730200
6730221
6730238
6730375
6730883
6730884
6731048
6731380
6731649
6731754
6731771
6731783
6732063
6732076
6732153
6732234
6732337
6732475
6732608
6732628
6732661
6732723
6732936
6733051
6733121
6733213
6733270
6733328
6733511
6733571
6733701
6733758
6733881
6733891
6733924
6734269
6734360
6734386
6734389
6734596
6734723
6734968
6735073
6735124
6735570
6735795
6735823
6735893
6736045
6736060
6736337
6736399
6736596
6736691
6736693
6736717
6736754
6736847
6737158
6737174
6737243
6737288
6737661
6737790
6738101
6738117
6738197
6738331
6738458
6738511
6738568
6738593
6738613
6738625
6738674
6738683
6738982
6739026
6739031
6739085
6739152
6739259
6739371
6739479
6739632
6739682
6739920
6739936
6739961
6740039
6740247
6740313
6740394
6740512
6740548
6740780
6740893
6741122
6741164
6741249
6741355
6741428
6741455
6741475
6741587
6741616
6741692
6741751
6741753
6741774
6741826
6741829
6741927
6741992
6742101
6742146
6742194
6742298
6742548
6742651
6742781
6742816
6742955
6743039
6743102
6743138
6743329
6743353
6743398
6743466
6743526
6743601
6743617
6743919
6744051
6744227
6744357
6744510
6744545
6744604
6744861
6744977
6745005
6745090
6745338
6745675
6745753
6745944
6745947
6745948
6745990
6746241
6746388
6746481
6746489
6746574
6746756
6746780
6746831
6746887
6746940
6746943
6747056
6747079
6747179
6747317
6747530
6747590
6747750
6747836
6747886
6747915
6747989
6748297
6748482
6748531
6748580
6748628
6748668
6748974
6748998
6748999
6749299
6749417
6749529
6749605
6749629
6749674
6749735
6749765
6749823
6750147
6750184
6750194
6750229
6750423
6750480
6750763
6750793
6750868
6750893
6750908
6750976
6751012
6751213
6751290
6751291
6751359
6751633
6751636
6751683
6751700
6751812
6751940
6752183
6752317
6752347
6752581
6752613
6752630
6752912
6753002
6753257
6753364
6753608
6753763
6753895
6753917
6753941
6753999
6754002
6754107
6754171
6754282
6754350
6754611
6754914
6755026
6755092
6755226
6755278
6755286
6755609
6755617
6755748
6756014
6756062
6756088
6756260
6756299
6756316
6756342
6756523
6756625
6756641
6756651
6756727
6756925
6757009
6757077
6757115
6757137
6757171
6757275
6757276
6757277
6757302
6757437
6757448
6757452
6757516
6757785
6758007
6758057
6758166
6758232
6758348
6758440
6758676
6758732
6758805
6758848
6758861
6759016
6759136
6759146
6759279
6759335
6759337
6759435
6759460
6759544
6759594
6759795
6759841
6759907
6759926
6759970
6760124
6760136
6760278
6760356
6760523
6760530
6760553
6760596
6760891
6760919
6760928
6760931
6761020
6761044
6761152
6761223
6761465
6761686
6761714
6761829
6761837
6761865
6761996
6762081
6762240
6762336
6762447
6762576
6762637
6762816
6763294
6763483
6763586
6763662
6763680
6763748
6763750
6763765
6763933
6764108
6764125
6764177
6764195
6764237
6764281
6764372
6764513
6764526
6764677
6764784
6764929
6764935
6764979
6765037
6765285
6765295
6765427
6765606
6765613
6765620
6765624
6765739
6765852
6766044
6766096
6766140
6766155
6766193
6766369
6767300
6767396
6767746
6767860
6767946
6768119
6768268
6768520
6768648
6768654
6768723
6768730
6768768
6768856
6769010
6769233
6769381
6769572
6769649
6769655
6769776
6770005
6770014
6770260
6770302
6770424
6770513
6770527
6770672
6770833
6770971
6771050
6771150
6771206
6771240
6771294
6771404
6771417
6771512
6771520
6771539
6771564
6771878
6771888
6772056
6772138
6772352
6772501
6772519
6772782
6772788
6772804
6772985
6772995
6773162
6773229
6773252
6773305
6773324
6773437
6773453
6773455
6773665
6773769
6773855
6774063
6774192
6774206
6774242
6774246
6774274
6774422
6774456
6774563
6774580
6774618
6774734
6774929
6775001
6775044
6775178
6775521
6775610
6775860
6776018
6776051
6776135
6776235
6776264
6776314
6776437
6776471
6776602
6776630
6776825
6776844
6776877
6776919
6776936
6777018
6777270
6777325
6777415
6777430
6777554
6778000
6778027
6778061
6778280
6778412
6778535
6778573
6778877
6778989
6779014
6779152
6779332
6779367
6779399
6779410
6779498
6779559
6779565
6779661
6779789
6779795
6779823
6779837
6780017
6780038
6780186
6780335
6780353
6780764
6780871
6780874
6781168
6781249
6781370
6781456
6781458
6781479
6781484
6781695
6781699
6781886
6781901
6782052
6782151
6782547
6782712
6782755
6782847
6782860
6783071
6783164
6783201
6783413
6783541
6783606
6783620
6783631
6783696
6783740
6783931
6783935
6784034
6784088
6784158
6784189
6784247
6784326
6784398
6784414
6784683
6784751
6784759
6784772
6784850
6784885
6785214
6785690
6785793
6785798
6786119
6786154
6786220
6786377
6786510
6786521
6786605
6786618
6786896
6786928
6787243
6787347
6787389
6787474
6787581
6787608
6787863
6787895
6787934
6788298
6788469
6788696
6788737
6788761
6788801
6788811
6788919
6788933
6789016
6789119
6789138
6789221
6789348
6789349
6789482
6789613
6789623
6789629
6789914
6790054
6790131
6790159
6790168
6790214
6790229
6790283
6790301
6790382
6790424
6790581
6790661
6790667
6790761
6790803
6790836
6791226
6791248
6791261
6791267
6791268
6791287
6791305
6791375
6791403
6791945
6792006
6792203
6792225
6792259
6792291
6792587
6792671
6792699
6792769
6792906
6793018
6793078
6793420
6793443
6793482
6793541
6793603
6793894
6793963
6794045
6794190
6794209
6794264
6794359
6794378
6794438
6794494
6794544
6794550
6794668
6794703
6795120
6795156
6795217
6795258
6795503
6795531
6795554
6795627
6795979
6796038
6796057
6796221
6796307
6796446
6796558
6796605
6796764
6796965
6797116
6797191
6797274
6797331
6797398
6797545
6797561
6797708
6797774
6798067
6798215
6798390
6798399
6798531
6798790
6798794
6798860
6798951
6798978
6798988
6799422
6799528
6799723
6799844
6800156
6800498
6800602
6800627
6801272
6801367
6801371
6801579
6801627
6801747
6801900
6802071
6802324
6802363
6802467
6802497
6802552
6802673
6802680
6802863
6802874
6802917
6803062
6803157
6803225
6803262
6803303
6803370
6803541
6803643
6803772
6803942
6803952
6803983
6804131
6804221
6804286
6804293
6804376
6804539
6804543
6804564
6804695
6804842
6804862
6805027
6805031
6805118
6805221
6805254
6805426
6805445
6805521
6805616
6805869
6806141
6806270
6806364
6806526
6806612
6806622
6806651
6806748
6806769
6806778
6806846
6807045
6807049
6807052
6807182
6807231
6807253
6807354
6807447
6807863
6808016
6808050
6808082
6808293
6808379
6808405
6808423
6808430
6808556
6808570
6808572
6808766
6808964
6808992
6809093
6809273
6809300
6809301
6809324
6809397
6809420
6809510
6809548
6809943
6810139
6810244
6810249
6810636
6810704
6810922
6811192
6811342
6811633
6811790
6811838
6811869
6812033
6812067
6812108
6812125
6812139
6812244
6812437
6812541
6812559
6812687
6812863
6812888
6813057
6813077
6813552
6813647
6813905
6813931
6813997
6814035
6814157
6814163
6814258
6814277
6814423
6814455
6814627
6814668
6814722
6814756
6814821
6814843
6814949
6815053
6815087
6815251
6815296
6815299
6815304
6815357
6815380
6815601
6815829
6815915
6815932
6815947
6816052
6816055
6816212
6816311
6816370
6816535
6816618
6816683
6816769
6816889
6816946
6817190
6817234
6817488
6817644
6817710
6817754
6817979
6818367
6818433
6818445
6818476
6818503
6818606
6818709
6818785
6818829
6818846
6818914
6819143
6819389
6819484
6819746
6819863
6819943
6820041
6820083
6820261
6820530
6820787
6820913
6820936
6820939
6821078
6821206
6821471
6821839
6821969
6822005
6822347
6822406
6822425
6822478
6822546
6822844
6822847
6822913
6822988
6823478
6823547
6823841
6823906
6823967
6824030
6824100
6824213
6824229
6824259
6824264
6824647
6824653
6824670
6824953
6824987
6825031
6825195
6825301
6825322
6825568
6825578
6825875
6826070
6826200
6826457
6826514
6826661
6826662
6826739
6826966
6827131
6827194
6827241
6827284
6827406
6827677
6827741
6827823
6827831
6827848
6827859
6827934
6827944
6827988
6828125
6828163
6828294
6828449
6828680
6828843
6828877
6828942
6828954
6828956
6828982
6829216
6829466
6829474
6829578
6829698
6829772
6829806
6829839
6829973
6830010
6830100
6830126
6830236
6830321
6830344
6830411
6830485
6830708
6830821
6830890
6830896
6830953
6831022
6831141
6831283
6831305
6831324
6831337
6831358
6831372
6831668
6831719
6831849
6831851
6832026
6832080
6832333
6832578
6832602
6832743
6832775
6832806
6832823
6832952
6833288
6833320
6833323
6833359
6833393
6833568
6833958
6834115
6834172
6834228
6834399
6834456
6834462
6834496
6834560
6834591
6834661
6835222
6835561
6835867
6835960
6836913
6836943
6836978
6837148
6837161
6837235
6837307
6837308
6837394
6837455
6837477
6837545
6837601
6837669
6837965
6838056
6838248
6838482
6838653
6838760
6838821
6839164
6839276
6839970
6839985
6839995
6840621
6841124
6841176
6841272
6841274
6841318
6841436
6841454
6841535
6841691
6841726
6841756
6841901
6841915
6841959
6842036
6842090
6842153
6842355
6842427
6842643
6842645
6842657
6842660
6842712
6842934
6843292
6843397
6843440
6843564
6843737
6843755
6843777
6843801
6843883
6843940
6843945
6843957
6844190
6844352
6844512
6844547
6844854
6844897
6844975
6844998
6845092
6845322
6845572
6845643
6845722
6845893
6846002
6846024
6846190
6846265
6846312
6846495
6846532
6846552
6846813
6847041
6847059
6847077
6847086
6847324
6847524
6848072
6848151
6848178
6848202
6848222
6848231
6848490
6848545
6848729
6848881
6848989
6849124
6849160
6849299
6849379
6849506
6849756
6849891
6850138
6850201
6850324
6850399
6850416
6850631
6850648
6850701
6850867
6850893
6851036
6851124
6851152
6851162
6851181
6851286
6851369
6851382
6851628
6851656
6851691
6851704
6851833
6851854
6851924
6852022
6852148
6852189
6852190
6852202
6852223
6852262
6852465
6852491
6852494
6852623
6852744
6852809
6852873
6852970
6853243
6853353
6853382
6853405
6853426
6853453
6853560
6853705
6854060
6854075
6854087
6854091
6854108
6854111
6854137
6854192
6854290
6854357
6854404
6854423
6854773
6854790
6854840
6854852
6854870
6855219
6855230
6855494
6855513
6855524
6855664
6855676
6856171
6856417
6856423
6856427
6856619
6856673
6856845
6856869
6856870
6856967
6856996
6857036
6857078
6857167
6857252
6857470
6857516
6857708
6857805
6858018
6858078
6858139
6858150
6858213
6858296
6858326
6858532
6858599
6858618
6858677
6858703
6858712
6858978
6859052
6859250
6859421
6859431
6859556
6859626
6859961
6860007
6860589
6860686
6860698
6860709
6860861
6861330
6861422
6861438
6861478
6861553
6862125
6862292
6862341
6862772
6862841
6863055
6863147
6863371
6863462
6863489
6863568
6863708
6863722
6863734
6863735
6863746
6863768
6863856
6863890
6864246
6864306
6864414
6864483
6864564
6864609
6864840
6864958
6865091
6865223
6865333
6865389
6865432
6865487
6865506
6865803
6866011
6866175
6866269
6866397
6866438
6866553
6866605
6866683
6866708
6866762
6866806
6866814
6867103
6867283
6867501
6867559
6867718
6867723
6867771
6867836
6868091
6868110
6868239
6868301
6868465
6868519
6868831
6868937
6868959
6868972
6868992
6869076
6869165
6869257
6869308
6869335
6869365
6869421
6869478
6869570
6869693
6869810
6869849
6869854
6869871
6869909
6870024
6870085
6870120
6870182
6870237
6870273
6870330
6870541
6870753
6870853
6870857
6870955
6871178
6871208
6871227
6871479
6871555
6871559
6871566
6871568
6871610
6872100
6872251
6872283
6872285
6872359
6872476
6872513
6872638
6872709
6872853
6872988
6873071
6873099
6873136
6873204
6873205
6873260
6873277
6873329
6873377
6873493
6873512
6873535
6873582
6873674
6873828
6874006
6874074
6874081
6874143
6874241
6874349
6874440
6874593
6874652
6874946
6875084
6875098
6875109
6875228
6875448
6875470
6875480
6875493
6875495
6875533
6875613
6875659
6875776
6875788
6875821
6875852
6875881
6875891
6876044
6876087
6876095
6876229
6876238
6876243
6876416
6876499
6876664
6876753
6876871
6876970
6877130
6877166
6877243
6877285
6877363
6877439
6877485
6877542
6877645
6877674
6877763
6877888
6878023
6878103
6878196
6878265
6878710
6878729
6878969
6879104
6879535
6879602
6879608
6879696
6879760
6879936
6879948
6880122
6880152
6880214
6880273
6880276
6880492
6880848
6880918
6880926
6881058
6881059
6881084
6881385
6881475
6881556
6881769
6881823
6881896
6881936
6882035
6882213
6882283
6882293
6882296
6882493
6882534
6882710
6882770
6882961
6882962
6883089
6883143
6883145
6883176
6883238
6883483
6883640
6883783
6884058
6884062
6884222
6884269
6884325
6884427
6884526
6884759
6884921
6885092
6885226
6885449
6885685
6885709
6885735
6885926
6885939
6886047
6886128
6886135
6886170
6886264
6886298
6886551
6886567
6886618
6886697
6886700
6886803
6887059
6887175
6887246
6887249
6887520
6887604
6887695
6887872
6888044
6888188
6888286
6888342
6888388
6888450
6888605
6888634
6888891
6889015
6889088
6889249
6889628
6889768
6889909
6890031
6890047
6890092
6890317
6890336
6890375
6890431
6890618
6890800
6890857
6890865
6890876
6890902
6890905
6890980
6891066
6891127
6891248
6891254
6891257
6891403
6891405
6891482
6891610
6892106
6892174
6892231
6892293
6892344
6892783
6892902
6893025
6893134
6893170
6893175
6893250
6893262
6893423
6893476
6893517
6893584
6893641
6893721
6893793
6893836
6893903
6894057
6894080
6894236
6894363
6894383
6894396
6894490
6894562
6894667
6894944
6895075
6895115
6895148
6895198
6895350
6895492
6895502
6895519
6895531
6895558
6895923
6895987
6896073
6896216
6896228
6896286
6896287
6896629
6896813
6896886
6896906
6896973
6897050
6897102
6897215
6897342
6897368
6897430
6897758
6897841
6898088
6898197
6898202
6898214
6898264
6898274
6898563
6898690
6898700
6898828
6898832
6898911
6898933
6899211
6899398
6899407
6899434
6899537
6899544
6899628
6899838
6899889
6899896
6900002
6900155
6900332
6900441
6900473
6900525
6900533
6900537
6900611
6900642
6900725
6900951
6901032
6901174
6901234
6901389
6901400
6901465
6901562
6901565
6901609
6901705
6901799
6901829
6902114
6902126
6902129
6902173
6902327
6902453
6902643
6902651
6902685
6902707
6902726
6902828
6902860
6902895
6902919
6902988
6903024
6903104
6903107
6903241
6903412
6903523
6903567
6903584
6903691
6903724
6903729
6903861
6903895
6903991
6904021
6904107
6904128
6904258
6904525
6904535
6904676
6904749
6904886
6904912
6905158
6905366
6905578
6905628
6905643
6905724
6905957
6905978
6906030
6906032
6906307
6906371
6906513
6906558
6906590
6906629
6906708
6906712
6906767
6906798
6906815
6907270
6907297
6907345
6907418
6907436
6907736
6907987
6908000
6908081
6908347
6908397
6908494
6908550
6908828
6908857
6908910
6909045
6909068
6909149
6909211
6909229
6909493
6909545
6909561
6909798
6909898
6909946
6909986
6910125
6910285
6910326
6910332
6910547
6910636
6910673
6910880
6910892
6910946
6911010
6911021
6911095
6911151
6911230
6911363
6911420
6911616
6911680
6911749
6911858
6912365
6912452
6912540
6912649
6912721
6912888
6913209
6913505
6913556
6913681
6913792
6913861
6913881
6913888
6913941
6913990
6914040
6914056
6914459
6914517
6914607
6914619
6914648
6914660
6914884
6914887
6915070
6915077
6915112
6915208
6915214
6915216
6915294
6915386
6915392
6915553
6915558
6915658
6915662
6915748
6915801
6915879
6915955
6915961
6916002
6916109
6916130
6916193
6916248
6916477
6916585
6916741
6916802
6916852
6916894
6916901
6916951
6917051
6917277
6917773
6917788
6917810
6918117
6918151
6918327
6918830
6918850
6918912
6918923
6918991
6919001
6919181
6919235
6919318
6919361
6919383
6919524
6919700
6919797
6920053
6920054
6920102
6920508
6920533
6920602
6920707
6920771
6920945
6921011
6921080
6921254
6921301
6921418
6921652
6921713
6921812
6921961
6922103
6922191
6922223
6922225
6922331
6922350
6922600
6922885
6922946
6922954
6923064
6923074
6923370
6923418
6923458
6923599
6923728
6923738
6923776
6924062
6924507
6924620
6924662
6924711
6924743
6924831
6924961
6924984
6925062
6925201
6925223
6925341
6925494
6925766
6925930
6925987
6926164
6926234
6926342
6926402
6926430
6926481
6926572
6926717
6926743
6926820
6926821
6926922
6927058
6927325
6927379
6927388
6927572
6927591
6927648
6927735
6927754
6927913
6927917
6927926
6928044
6928465
6928667
6928691
6928901
6929051
6929076
6929206
6929235
6929368
6929454
6929542
6929623
6929666
6929755
6929886
6929929
6929948
6929952
6929970
6930054
6930253
6930370
6930430
6930951
6931149
6931465
6931567
6931874
6932157
6932204
6932358
6932404
6932513
6932714
6932853
6933002
6933052
6933321
6933563
6933669
6933795
6933818
6933877
6934105
6934144
6934175
6934236
6934357
6934403
6934555
6934643
6934659
6934723
6934728
6934737
6935093
6935402
6935493
6935618
6935627
6935654
6935739
6935743
6935784
6936051
6936097
6936147
6936250
6936253
6936268
6936367
6936480
6936571
6936739
6936812
6937055
6937328
6937439
6937510
6937587
6937664
6937790
6937875
6937921
6937976
6938005
6938148
6938268
6938315
6938319
6938348
6938391
6938394
6938412
6938450
6938454
6938613
6938895
6938954
6939065
6939126
6939520
6939635
6939679
6939714
6940044
6940099
6940315
6940409
6940461
6940518
6940558
6940957
6941043
6941142
6941146
6941154
6941616
6941964
6942018
6942162
6942350
6942739
6942859
6943035
6943109
6943191
6943242
6943500
6943568
6943572
6943876
6943879
6943931
6944244
6944254
6944312
6944316
6944367
6944436
6944691
6944779
6944796
6944895
6944933
6945013
6945036
6945083
6945196
6945209
6945483
6945626
6945733
6945778
6945893
6945932
6946272
6946464
6946572
6946678
6946780
6946843
6946972
6947028
6947267
6947280
6947380
6947433
6947480
6947497
6947636
6947834
6947921
6948050
6948157
6948305
6948391
6948463
6948805
6948806
6948913
6949006
6949131
6949398
6949411
6949613
6949621
6949639
6949711
6949776
6949821
6950052
6950109
6950253
6950276
6950466
6950624
6950631
6950640
6950699
6950920
6951151
6951316
6951487
6951639
6951824
6951830
6951870
6952018
6952081
6952107
6952109
6952250
6952306
6952465
6952563
6952649
6952710
6953091
6953191
6953516
6953596
6953633
6953744
6953881
6953954
6953965
6954101
6954219
6954260
6954329
6954368
6954370
6954513
6954515
6954634
6954915
6954976
6955186
6955225
6955272
6955383
6955402
6955450
6955487
6955996
6956123
6956267
6956584
6956593
6956721
6956784
6956943
6957253
6957396
6957411
6957453
6957633
6957736
6957826
6957853
6957931
6958057
6958327
6958361
6958429
6958447
6958450
6958482
6958781
6958790
6958884
6958899
6959011
6959084
6959090
6959138
6959160
6959259
6959271
6959593
6959631
6959758
6959807
6959848
6960034
6960074
6960160
6960265
6960400
6960417
6960445
6960522
6960736
6960828
6960864
6960876
6960989
6961004
6961091
6961180
6961250
6961381
6961391
6961567
6961676
6961776
6961957
6962556
6962968
6963007
6963080
6963104
6963116
6963227
6963307
6963399
6963519
6963636
6963749
6963766
6963927
6964080
6964110
6964201
6964345
6964355
6964458
6964470
6964558
6964656
6964679
6964680
6964783
6964793
6964872
6964980
6965065
6965188
6965232
6965443
6965669
6965945
6965956
6966019
6966052
6966093
6966140
6966176
6966183
6966201
6966885
6967045
6967143
6967144
6967458
6967563
6967608
6967822
6967888
6967909
6968089
6968159
6968168
6968257
6968353
6968457
6968514
6968829
6968907
6968954
6969066
6969142
6969192
6969484
6969486
6969518
6969666
6969684
6969848
6969920
6970080
6970245
6970274
6970356
6970359
6970530
6970633
6970713
6970783
6970831
6970912
6971261
6971423
6971479
6971487
6971600
6971661
6971812
6971870
6971942
6971996
6972126
6972134
6972183
6972236
6972317
6972463
6972675
6973211
6973377
6973539
6973600
6973619
6973638
6973648
6973659
6973702
6973707
6973745
6973775
6973819
6973856
6973878
6973925
6974013
6974379
6974439
6974441
6974481
6974606
6974853
6975092
6975151
6975299
6975329
6975477
6975737
6975798
6975823
6975830
6975839
6976010
6976067
6976105
6976325
6976798
6976811
6976817
6976843
6976925
6976974
6977170
6977190
6977551
6977553
6977569
6977647
6977740
6978119
6978151
6978319
6978344
6978983
6979132
6979140
6979186
6979275
6979354
6979384
6979463
6979480
6979605
6979779
6979927
6979944
6979971
6980022
6980026
6980078
6980086
6980110
6980365
6980378
6980426
6980549
6980554
6980802
6980824
6980844
6981010
6981283
6981370
6981392
6981518
6981606
6981803
6981945
6981950
6982041
6982090
6982461
6982663
6982670
6982792
6982867
6982933
6983023
6983156
6983258
6983308
6983575
6983629
6984038
6984134
6984260
6984293
6984337
6984426
6984644
6984680
6984849
6984965
6985530
6985661
6985995
6986509
6986528
6986529
6986718
6986853
6986907
6987047
6987077
6987194
6987541
6987628
6987679
6987701
6987732
6987792
6987806
6987946
6987963
6987971
6988185
6988401
6988442
6988500
6988517
6988521
6988978
6989015
6989022
6989123
6989356
6989464
6989506
6989710
6989730
6989814
6990052
6990102
6990371
6990468
6990534
6990594
6990677
6990743
6990751
6990904
6991165
6991255
6991410
6991504
6991564
6991686
6991731
6991956
6991966
6991988
6992046
6992160
6992248
6992366
6992674
6992745
6992767
6992953
6992969
6992984
6993217
6993266
6993354
6993385
6993400
6993838
6993864
6993915
6993972
6994020
6994211
6994622
6994895
6994991
6995015
6995082
6995129
6995508
6995708
6995927
6995935
6996011
6996160
6996182
6996196
6996265
6996380
6996461
6996467
6996484
6997026
6997039
6997046
6997148
6997247
6997342
6997405
6997421
6997610
6997829
6997987
6998216
6998223
6998232
6998341
6998474
6998554
6998737
6998799
6998823
6998898
6998974
6999143
6999178
6999293
6999545
6999564
6999574
6999701
6999705
6999747
6999798
6999827
6999911
7000045
7000075
7000181
7000552
7000664
7000796
7000828
7000904
7000931
7001038
7001043
7001067
7001142
7001186
7001258
7001281
7001300
7001349
7001546
7001729
7001788
7002212
7002237
7002442
7002628
7002668
7002824
7002896
7003218
7003237
7003263
7003267
7003452
7003496
7003543
7003595
7003784
7003828
7003916
7004176
7004192
7004247
7004353
7004513
7004776
7004803
7004814
7004932
7004974
7005256
7005263
7005515
7005569
7005765
7005766
7005796
7005808
7005827
7006203
7006310
7006374
7006446
7006458
7006766
7006775
7006822
7006834
7007290
7007297
7007332
7007437
7007440
7007479
7007533
7007761
7007800
7007851
7008243
7008292
7008346
7008364
7008592
7008693
7008707
7008749
7008779
7008819
7008833
7008856
7008878
7008991
7009355
7009556
7009811
7009835
7009846
7009876
7010181
7010215
7010277
7010365
7010418
7010567
7010574
7010617
7010679
7010719
7010725
7010832
7010869
7010916
7010927
7011075
7011097
7011165
7011237
7011238
7011351
7011359
7011777
7011812
7012037
7012100
7012220
7012248
7012270
7012275
7012630
7012655
7012800
7012849
7012986
7013074
7013250
7013265
7013401
7013413
7013465
7013531
7013545
7013623
7013838
7013851
7013894
7014191
7014313
7014437
7014441
7014512
7014513
7014523
7014737
7014739
7014796
7014976
7015122
7015198
7015202
7015210
7015230
7015262
7015349
7015650
7016045
7016166
7016305
7016359
7016439
7016543
7016563
7016601
7016697
7016750
7016855
7016856
7017029
7017185
7017197
7017200
7017409
7017565
7017724
7017828
7017917
7017961
7018220
7018271
7018277
7018340
7018360
7018499
7018534
7018576
7018684
7018721
7018753
7018780
7018851
7018870
7019500
7019610
7019680
7019743
7019864
7019967
7020154
7020175
7020285
7020307
7020320
7020340
7020605
7020673
7020745
7020828
7020986
7021120
7021251
7021312
7021574
7021665
7021771
7021809
7021849
7021895
7021945
7021946
7022132
7022331
7022359
7022718
7022729
7022765
7022828
7022849
7023143
7023272
7023342
7023597
7023715
7023947
7024036
7024052
7024137
7024320
7024701
7024872
7025017
7025115
7025162
7025168
7025265
7025356
7025699
7025836
7025879
7025949
7025972
7026006
7026071
7026268
7026351
7026511
7026539
7026756
7026894
7026932
7027086
7027136
7027147
7027244
7027301
7027351
7027358
7027364
7027414
7027424
7027479
7027800
7027909
7028071
7028217
7028265
7028469
7028713
7028761
7028773
7028786
7028795
7028941
7028952
7029080
7029103
7029134
7029179
7029208
7029216
7029346
7029366
7029406
7029426
7029490
7029680
7029709
7029922
7029940
7029992
7030060
7030130
7030174
7030429
7030539
7030598
7030709
7030715
7030744
7030810
7030870
7031043
7031418
7031606
7031653
7031701
7031786
7031793
7031813
7031956
7032072
7032173
7032180
7032199
7032212
7032288
7032452
7032503
7032566
7032575
7032740
7032787
7032997
7033018
7033145
7033286
7033334
7033391
7033423
7033511
7033513
7033562
7033719
7033808
7034420
7034489
7034836
7034841
7034854
7034866
7034985
7035139
7035168
7035232
7035556
7035963
7035995
7036196
7036544
7036558
7036580
7036638
7036653
7036826
7036923
7036998
7037110
7037194
7037218
7037269
7037312
7037485
7037516
7037528
7037612
7037686
7037740
7037925
7038181
7038290
7038328
7038466
7038494
7038692
7038730
7038743
7038796
7038884
7039240
7039253
7039262
7039418
7039443
7039470
7039679
7039859
7039937
7040273
7040282
7040428
7040556
7040740
7040822
7040838
7040984
7041031
7041151
7041215
7041335
7041479
7041540
7041589
7041708
7042079
7042101
7042344
7042418
7042442
7042517
7042617
7042747
7042793
7043254
7043347
7043423
7043427
7043459
7043782
7043977
7044103
7044245
7044309
7044330
7044337
7044388
7044422
7044616
7044661
7044715
7044744
7044918
7044920
7044977
7044985
7045017
7045126
7045130
7045197
7045309
7045353
7045423
7045438
7045523
7045641
7045670
7045742
7045881
7045973
7046023
7046080
7046152
7046163
7046220
7046234
7046249
7046366
7046446
7046643
7046663
7046725
7047109
7047187
7047271
7047323
7047460
7047502
7047517
7047661
7047703
7047731
7047737
7047912
7048021
7048108
7048162
7048165
7048166
7048224
7048344
7048372
7048395
7048428
7048646
7048700
7048719
7048755
7048866
7048871
7048912
7049080
7049205
7049222
7049235
7049317
7049451
7049486
7049530
7049972
7050387
7050502
7050509
7050624
7050646
7050758
7050816
7050838
7050877
7050897
7050947
7051241
7051413
7051429
7051615
7051748
7051831
7051840
7051874
7051913
7052072
7052192
7052230
7052289
7052361
7052362
7052372
7052515
7052613
7052650
7052700
7052767
7052821
7053237
7053304
7053379
7053782
7054052
7054114
7054158
7054174
7054298
7054375
7054385
7054570
7054583
7054693
7054898
7054918
7054955
7055063
7055085
7055087
7055125
7055146
7055149
7055201
7055234
7055334
7055580
7055693
7055872
7055876
7056224
7056303
7056395
7056484
7056641
7056673
7056677
7056718
7056922
7057010
7057054
7057126
7057206
7057308
7057759
7057846
7058167
7058290
7058335
7058588
7058590
7058638
7058692
7058841
7058849
7058900
7059177
7059286
7059315
7059350
7059439
7059639
7059673
7059680
7059782
7060131
7060292
7060457
7060487
7060719
7060782
7060806
7060839
7060953
7060954
7061092
7061142
7061165
7061244
7061276
7061351
7061629
7061670
7061735
7061763
7061807
7061944
7062256
7062351
7062407
7062489
7062546
7062574
7062770
7062813
7063113
7063281
7063322
7063358
7063419
7063545
7063787
7063899
7063936
7064198
7064253
7064264
7064629
7064862
7064950
7064981
7065258
7065360
7065392
7065478
7065700
7065718
7065757
7065990
7066075
7066166
7066255
7066260
7066343
7066376
7066455
7066524
7066675
7066772
7066803
7066819
7066829
7066845
7067081
7067108
7067137
7067314
7067469
7067482
7067565
7067599
7067744
7067820
7068376
7068409
7068622
7068757
7068884
7069033
7069052
7069084
7069109
7069188
7069209
7069218
7069225
7069330
7069457
7069492
7069741
7069916
7069955
7070053
7070503
7070515
7070665
7070679
7070804
7070805
7070842
7070995
7071068
7071358
7071389
7071393
7071453
7072098
7072347
7072690
7072889
7072926
7073137
7073156
7073230
7073343
7073442
7073586
7073733
7073869
7073939
7074028
7074141
7074251
7074334
7074364
7074414
7074458
7074677
7074691
7074692
7074779
7074804
7075367
7075518
7075660
7075711
7075736
7075797
7075964
7076068
7076108
7076186
7076297
7076374
7076399
7076425
7076504
7076856
7076977
7077045
7077155
7077206
7077556
7077799
7077872
7077890
7077891
7078086
7078354
7078365
7078568
7078580
7078644
7078781
7078788
7078846
7078921
7079261
7079304
7079444
7079583
7079616
7079623
7079711
7079809
7079813
7079873
7080380
7080383
7080413
7080434
7080710
7081318
7081650
7081676
7081683
7081685
7081738
7081792
7081931
7082031
7082498
7082606
7082810
7082853
7082937
7082982
7083023
7083071
7083293
7083738
7083900
7084092
7084512
7084585
7084661
7084692
7084703
7084735
7084753
7084966
7085048
7085187
7085256
7085286
7085305
7085398
7085439
7085508
7085530
7085667
7085706
7085851
7086035
7086186
7086222
7086288
7086346
7086429
7086447
7086453
7086534
7086732
7086777
7086838
7087000
7087148
7087310
7087456
7087808
7087871
7087880
7088087
7088286
7088293
7088333
7088443
7088461
7088510
7088629
7088887
7089138
7089557
7089619
7089792
7089942
7089962
7090080
7090230
7090565
7090687
7090862
7090987
7091061
7091093
7091123
7091238
7091338
7091355
7091406
7091477
7091580
7091629
7091630
7091863
7092028
7092042
7092343
7092514
7092612
7092629
7092787
7092816
7092845
7092887
7093115
7093144
7093154
7093252
7093589
7093665
7093727
7093951
7093977
7094077
7094101
7094120
7094224
7094439
7094526
7094658
7094919
7095102
7095185
7095263
7095361
7095590
7095601
7095667
7096061
7096088
7096542
7096839
7096978
7097162
7097256
7097358
7097389
7097707
7097731
7097743
7097780
7097831
7097846
7097931
7097945
7098096
7098110
7098290
7098311
7098330
7098540
7098598
7098900
7098951
7099016
7099333
7099485
7099508
7099559
7099589
7099667
7099794
7099847
7100273
7100530
7100621
7100653
7100722
7100765
7100773
7100793
7100819
7101004
7101121
7101127
7101198
7101282
7101305
7101533
7101568
7101573
7101650
7101835
7101932
7102009
7102051
7102112
7102171
7102180
7102220
7102465
7102549
7102718
7103078
7103188
7103392
7103800
7103888
7104011
7104014
7104033
7104099
7104328
7104432
7104459
7104514
7104828
7104919
7104945
7105122
7105128
7105314
7105320
7105689
7105711
7105756
7105788
7105790
7105861
7106033
7106281
7106355
7106405
7106448
7106496
7106596
7106967
7106981
7107140
7107470
7107532
7107682
7107777
7107865
7108246
7108352
7108434
7108546
7108590
7108603
7108649
7108721
7108839
7108951
7108966
7109057
7109085
7109132
7109159
7109258
7109316
7109467
7109582
7109787
7109791
7109896
7109962
7110171
7110219
7110259
7110378
7110753
7110755
7110773
7110792
7110862
7110952
7111084
7111093
7111172
7111344
7111716
7111864
7111992
7112165
7112217
7112381
7112691
7112724
7112744
7112770
7112959
7113151
7113418
7113485
7113642
7113653
7113683
7113748
7113951
7113967
7113979
7113989
7114023
7114047
7114095
7114381
7114548
7114557
7114805
7114911
7115256
7115274
7115296
7115377
7115586
7115720
7115825
7115898
7116084
7116110
7116191
7116364
7116566
7116579
7116640
7116649
7116711
7116742
7116774
7116808
7116930
7117235
7117291
7117374
7117463
7117486
7117550
7117684
7117871
7118279
7118329
7118342
7118346
7118483
7118801
7118835
7118895
7119057
7119090
7119123
7119228
7119232
7119240
7119258
7119354
7119532
7119566
7119613
7119746
7119811
7119981
7120005
7120326
7120337
7120377
7120482
7120649
7120892
7120934
7120939
7121020
7121084
7121089
7121113
7121122
7121135
7121159
7121272
7121715
7121829
7121922
7122027
7122058
7122074
7122263
7122270
7122349
7122546
7122595
7122600
7122776
7122840
7123022
7123024
7123036
7123614
7123622
7123656
7123762
7123779
7123796
7123946
7124075
7124111
7124306
7124398
7124418
7124533
7124792
7124869
7124883
7125059
7125130
7125159
7125304
7125322
7125417
7125531
7125727
7125741
7125776
7125945
7125990
7126000
7126018
7126246
7126297
7126320
7126406
7126622
7126697
7126834
7126978
7127095
7127160
7127215
7127238
7127263
7127362
7127387
7127547
7127620
7127735
7127749
7127777
7128217
7128302
7128621
7128723
7129033
7129034
7129114
7129255
7129453
7129486
7129600
7129707
7129715
7129817
7130041
7130057
7130103
7130167
7130353
7130354
7130357
7130483
7130515
7130586
7130588
7130655
7130754
7130814
7130906
7131078
7131114
7131163
7131166
7131198
7131316
7131366
7131462
7131554
7131590
7131642
7131717
7131741
7131920
7132070
7132155
7132239
7132289
7132514
7132532
7132533
7132582
7132739
7132770
7132789
7132814
7132920
7133064
7133270
7133343
7133386
7133437
7133473
7133481
7133542
7133603
7133721
7133768
7133850
7133888
7133982
7134045
7134074
7134085
7134230
7134352
7134398
7134463
7134732
7134805
7135027
7135083
7135175
7135267
7135413
7135473
7135535
7135572
7135956
7136261
7136351
7136575
7136615
7136676
7136844
7136930
7137068
7137113
7137201
7137302
7137309
7137517
7137604
7137717
7137870
7137888
7137924
7138134
7138170
7138205
7138257
7138362
7138437
7138637
7138754
7138868
7139185
7139265
7139285
7139478
7139581
7139598
7139652
7139844
7139921
7140048
7140278
7140312
7140327
7140529
7140693
7140733
7140753
7140857
7140912
7141075
7141109
7141419
7141439
7141530
7141635
7141703
7141802
7142002
7142066
7142082
7142142
7142235
7142322
7142347
7142432
7142461
7142549
7142732
7142784
7142968
7143194
7143487
7143624
7144009
7144540
7144603
7144611
7144659
7144752
7144790
7144791
7144819
7144825
7144875
7144966
7145033
7145191
7145259
7145369
7145532
7145608
7145623
7145788
7145850
7145891
7146018
7146134
7146135
7146220
7146251
7146317
7146388
7146460
7146514
7147004
7147019
7147082
7147217
7147352
7147434
7147444
7147559
7147769
7147983
7148075
7148120
7148361
7148707
7148778
7148784
7148800
7148933
7149111
7149149
7149275
7149277
7149346
7149370
7149399
7149485
7149570
7149652
7149661
7149795
7150086
7150331
7150385
7150465
7150533
7150557
7150675
7151175
7151243
7151328
7151331
7151451
7151514
7151598
7151656
7151670
7151717
7151726
7151861
7152255
7152354
7152597
7152656
7152774
7152796
7152823
7152892
7152961
7152973
7153069
7153072
7153161
7153207
7153208
7153211
7153215
7153498
7153563
7153704
7153921
7153945
7153994
7154130
7154131
7154444
7154495
7154623
7154661
7154670
7154865
7155142
7155233
7155249
7155316
7155415
7155535
7155617
7155729
7155855
7155876
7155961
7156063
7156121
7156211
7156237
7156361
7156383
7156543
7156622
7156691
7156911
7156920
7156959
7157348
7157422
7157525
7157780
7157955
7157976
7157987
7158286
7158317
7158637
7158663
7158821
7158868
7158908
7158914
7159208
7159316
7159347
7159417
7159506
7159688
7159768
7159840
7159875
7159878
7160185
7160187
7160221
7160254
7160318
7160562
7160584
7160613
7160652
7160782
7160805
7160900
7160947
7161217
7161253
7161264
7161285
7161326
7161406
7161427
7161432
7161464
7161470
7161529
7161543
7161569
7161635
7161740
7161855
7161898
7162339
7162410
7162428
7162532
7162617
7162618
7162755
7162878
7162979
7162987
7163069
7163147
7163297
7163383
7163640
7163755
7163998
7164103
7164159
7164299
7164312
7164437
7164439
7164475
7164519
7164655
7164712
7164789
7164831
7164848
7164881
7165195
7165198
7165236
7165250
7165402
7165440
7165519
7165544
7165585
7165609
7165632
7165717
7165849
7165953
7166059
7166135
7166211
7166225
7166382
7166447
7166575
7166579
7166837
7167053
7167353
7167578
7167624
7167664
7167883
7168036
7168198
7168243
7168246
7168296
7168375
7168461
7168890
7169000
7169140
7169190
7169237
7169402
7169472
7169526
7169593
7169819
7170036
7170193
7170250
7170255
7170285
7170299
7170397
7170510
7170626
7170710
7170727
7170762
7171045
7171215
7171263
7171286
7171442
7171521
7171569
7171591
7172226
7172316
7172479
7172575
7172617
7172728
7172850
7172932
7173012
7173200
7173212
7173325
7173373
7173536
7173664
7173797
7173852
7173853
7174019
7174201
7174252
7174424
7174512
7174633
7174713
7174806
7174816
7174889
7175092
7175261
7175424
7175525
7175604
7175632
7175694
7175696
7175883
7175942
7176045
7176415
7176650
7176749
7176758
7176873
7177065
7177361
7177379
7177399
7177531
7177537
7177643
7177763
7177842
7178126
7178256
7178312
7178472
7178532
7178565
7178650
7178657
7178669
7178749
7178802
7178876
7178928
7178980
7179017
7179067
7179090
7179185
7179193
7179308
7179354
7179475
7179920
7180105
7180163
7180390
7180519
7180615
7180698
7180762
7180780
7180782
7180815
7181013
7181120
7181211
7181346
7181435
7181567
7181730
7181785
7181929
7181996
7182094
7182229
7182291
7182403
7182500
7182543
7182552
7182642
7182783
7182806
7182825
7182902
7182911
7183453
7183623
7183630
7183688
7183805
7183828
7183830
7183920
7184025
7184028
7184454
7184545
7184553
7184558
7184570
7184582
7184632
7184695
7184824
7184869
7185062
7185081
7185123
7185125
7185306
7185507
7185593
7185692
7185836
7185940
7186017
7186141
7186325
7186725
7186766
7186798
7186825
7186828
7187065
7187077
7187133
7187222
7187256
7187367
7187456
7187505
7187758
7187781
7187814
7188190
7188211
7188232
7188285
7188681
7188742
7188753
7188933
7189000
7189168
7189517
7189524
7189570
7189606
7189681
7189745
7189878
7189996
7190188
7190222
7190274
7190440
7190451
7190568
7190639
7190855
7191019
7191149
7191203
7191513
7191680
7191714
7191833
7191849
7191898
7192187
7192217
7192601
7192606
7192678
7192689
7192691
7192970
7193021
7193025
7193029
7193081
7193217
7193670
7193745
7193809
7193886
7193947
7193997
7194109
7194116
7194278
7194611
7194697
7194741
7194844
7194906
7194983
7195047
7195179
7195228
7195229
7195293
7195349
7195464
7195486
7195751
7195766
7195839
7196025
7196178
7196185
7196474
7196510
7196615
7196690
7196697
7197005
7197063
7197077
7197168
7197283
7197320
7197481
7197553
7197604
7197676
7197755
7198138
7198301
7198667
7198695
7198860
7199189
7199368
7199702
7199703
7199873
7199890
7199904
7200219
7200237
7200290
7200465
7200541
7200583
7200666
7200735
7200748
7200771
7200790
7201135
7201155
7201308
7201414
7201500
7201580
7201620
7201646
7202078
7202226
7202268
7202285
7202385
7202501
7202563
7202810
7202843
7203043
7203138
7203222
7203682
7203701
7203866
7203878
7203915
7204024
7204077
7204122
7204175
7204227
7204261
7204430
7204480
7204584
7204633
7204684
7204696
7204710
7204755
7205017
7205086
7205160
7205176
7205241
7205436
7205490
7205523
7205667
7205681
7205847
7205945
7206138
7206282
7206284
7206557
7206632
7206702
7206770
7206947
7207148
7207535
7207574
7207663
7207680
7207684
7207722
7207735
7207792
7207866
7207922
7208163
7208299
7208361
7208567
7208808
7208878
7208902
7208945
7209122
7209393
7209417
7209559
7209813
7209825
7209840
7209879
7209946
7210102
7210146
7210209
7210247
7210299
7210408
7210490
7210501
7210555
7210572
7210574
7210603
7210634
7211012
7211022
7211148
7211271
7211297
7211333
7211574
7211882
7212060
7212151
7212241
7212302
7212451
7212477
7212509
7212593
7212699
7212864
7212907
7212909
7212917
7213374
7213543
7213544
7213712
7213899
7213961
7213975
7214073
7214120
7214183
7214459
7214552
7214719
7214771
7214974
7215031
7215040
7215044
7215075
7215149
7215327
7215494
7215713
7215767
7215959
7216047
7216098
7216130
7216145
7216161
7216177
7216271
7216298
7216376
7216502
7216623
7216668
7217045
7217153
7217158
7217161
7217178
7217186
7217299
7217457
7217487
7217811
7218114
7218256
7218593
7218677
7218760
7218884
7219012
7219058
7219106
7219257
7219401
7219435
7219444
7219471
7219587
7219656
7219982
7220012
7220059
7220070
7220079
7220418
7220569
7220620
7220831
7220921
7221171
7221214
7221731
7221821
7221931
7222257
7222292
7222319
7222396
7222399
7222591
7222729
7223049
7223099
7223114
7223206
7223246
7223266
7223470
7223573
7223588
7223673
7223709
7223739
7223961
7224030
7224040
7224083
7224161
7224295
7224305
7224352
7224389
7224496
7224618
7224629
7224631
7224923
7225047
7225054
7225298
7225345
7225432
7225527
7225691
7226058
7226066
7226120
7226127
7226189
7226208
7226543
7226666
7226816
7226836
7226959
7226960
7227032
7227502
7227518
7227536
7227573
7227702
7227764
7227913
7227922
7227977
7228045
7228073
7228345
7228416
7228428
7228510
7228557
7228571
7228790
7228795
7228840
7228890
7229246
7229449
7229471
7229480
7229622
7229746
7229787
7230372
7230382
7230431
7230516
7230571
7230633
7230723
7230726
7230742
7230792
7231128
7231300
7231447
7231536
7231659
7231991
7231998
7232113
7232170
7232220
7232262
7232337
7232339
7232588
7232614
7232616
7232684
7232709
7232739
7232741
7233130
7233349
7233366
7233527
7233650
7233659
7233666
7233775
7233859
7233943
7234432
7234492
7234504
7234517
7234554
7234640
7234664
7234688
7234729
7234803
7234810
7234849
7234855
7234882
7234934
7234942
7234990
7235273
7235281
7235335
7235398
7235404
7235570
7235647
7235701
7235757
7235779
7236003
7236022
7236130
7236310
7236378
7236466
7236622
7236758
7236762
7237439
7237727
7237826
7237844
7237909
7237945
7237987
7238175
7238251
7238564
7238646
7238742
7238761
7238835
7238847
7239079
7239123
7239296
7239357
7239531
7239900
7240064
7240250
7240802
7240804
7240976
7241004
7241026
7241149
7241394
7241415
7241433
7241550
7241607
7241652
7241706
7241937
7241983
7242134
7242154
7242157
7242259
7242600
7242971
7243072
7243079
7243184
7243255
7243382
7243487
7243497
7243633
7243637
7243681
7243702
7243796
7243806
7243941
7244114
7244156
7244233
7244268
7244279
7244604
7244820
7244860
7244875
7244969
7245073
7245082
7245130
7245161
7245193
7245269
7245404
7245432
7245634
7245654
7245739
7245839
7245917
7246023
7246054
7246207
7246334
7246375
7246413
7246490
7246527
7246669
7246837
7246935
7247169
7247194
7247381
7247434
7247454
7247464
7247529
7247631
7247712
7247781
7247831
7248268
7248284
7248329
7248344
7248437
7248586
7248992
7249044
7249147
7249228
7249272
7249315
7249410
7249518
7249599
7249939
7250006
7250099
7250484
7250588
7250705
7250719
7251038
7251121
7251431
7251659
7251902
7251978
7252118
7252220
7252486
7252492
7252673
7252683
7252689
7252703
7252959
7253212
7253341
7253522
7253577
7253684
7253711
7253745
7253787
7253998
7254110
7254180
7254381
7254389
7254530
7254943
7255010
7255039
7255270
7255275
7255292
7255388
7255571
7255574
7255605
7255836
7255908
7255974
7255995
7256148
7256149
7256224
7256300
7256384
7256467
7256506
7256727
7256790
7257116
7257173
7257345
7257668
7257706
7257886
7257930
7258033
7258101
7258289
7258318
7258331
7258344
7258388
7258520
7258577
7258584
7258983
7259599
7259751
7259757
7259934
7260086
7260154
7260185
7260345
7260365
7260423
7260528
7260753
7260868
7260987
7261025
7261157
7261248
7261267
7261610
7261677
7261737
7261786
7261802
7261862
7261893
7262212
7262267
7262368
7262443
7262690
7262933
7262944
7263150
7263157
7263227
7263470
7263596
7263685
7263891
7263892
7263950
7264251
7264388
7264548
7264724
7264739
7264920
7264968
7264985
7265063
7265231
7265423
7265594
7265638
7265660
7265801
7265831
7265855
7265857
7265959
7265999
7266042
7266307
7266493
7266496
7266564
7266572
7266573
7266770
7266860
7267099
7267476
7267581
7267588
7267631
7267647
7267693
7267743
7267801
7267869
7268064
7268599
7268638
7268748
7268804
7268924
7268963
7269187
7269254
7269275
7269310
7269355
7269442
7269478
7269594
7269616
7269794
7269803
7269823
7269886
7269960
7269990
7270140
7270151
7270187
7270396
7270414
7270623
7270809
7270835
7270915
7271015
7271141
7271151
7271283
7271389
7271473
7271474
7271999
7272022
7272222
7272289
7272676
7272813
7272829
7273032
7273068
7273078
7273155
7273283
7273584
7273651
7273652
7273660
7273712
7273730
7273802
7273814
7274006
7274169
7274176
7274265
7274370
7274382
7274425
7274534
7274759
7275063
7275072
7275213
7275278
7275292
7275441
7275494
7275622
7275673
7275761
7275792
7275861
7276001
7276011
7276144
7276611
7276807
7276900
7276979
7276999
7277489
7277558
7277633
7277664
7277691
7277773
7277912
7277943
7277993
7278054
7278085
7278212
7278285
7278295
7278322
7278397
7278413
7278439
7278486
7278503
7278564
7278652
7278777
7278994
7279106
7279217
7279329
7279606
7279608
7279638
7279642
7279739
7280177
7280315
7280396
7280600
7280736
7280779
7280884
7281297
7281459
7281494
7281497
7281548
7281597
7281651
7281735
7281742
7281813
7282012
7282284
7282306
7282413
7283001
7283150
7283244
7283373
7283567
7283602
7283620
7283657
7283691
7283711
7283723
7283979
7284383
7284448
7284525
7285165
7285167
7285506
7285674
7285843
7286079
7286107
7286138
7286435
7286557
7286596
7286624
7286665
7286707
7286864
7286952
7286998
7287020
7287110
7287352
7287356
7287409
7287582
7287750
7287839
7287865
7287925
7287926
7287964
7288063
7288280
7288300
7288314
7288386
7288483
7288700
7288731
7288829
7288834
7289080
7289163
7289452
7289576
7289886
7290118
7290157
7290270
7290334
7290362
7290545
7290641
7290884
7290903
7291013
7291026
7291029
7291156
7291263
7291289
7291389
7291419
7291540
7291880
7292603
7292722
7292903
7293001
7293142
7293226
7293309
7293377
7293677
7293761
7293802
7293899
7293947
7293970
7293992
7294176
7294190
7294288
7294439
7294681
7294928
7294958
7295138
7295381
7295523
7295758
7295784
7295792
7295921
7295979
7295981
7296137
7296184
7296205
7296242
7296276
7296424
7296440
7296626
7296655
7296721
7296870
7297018
7297102
7297177
7297430
7297441
7297477
7297532
7297558
7297585
7297801
7297805
7297837
7297912
7298069
7298142
7298254
7298268
7298336
7298398
7298677
7298857
7299016
7299214
7299306
7299332
7299575
7299611
7299707
7299743
7299870
7300143
7300310
7300360
7300430
7300502
7300576
7300736
7300846
7300868
7301023
7301302
7301480
7301503
7301519
7301568
7301629
7301643
7301789
7302093
7302169
7302226
7302372
7302419
7302703
7302839
7302844
7303378
7303394
7303493
7303618
7303664
7303731
7303749
7303797
7304077
7304100
7304146
7304147
7304199
7304266
7304354
7304467
7304547
7304616
7304745
7304759
7304845
7304894
7304903
7304965
7305031
7305228
7305506
7305520
7305583
7305729
7306150
7306677
7307074
7307084
7307211
7307377
7307507
7307790
7307819
7307887
7307904
7308017
7308085
7308122
7308168
7308271
7308273
7308356
7308426
7308439
7308471
7308718
7308754
7308757
7308805
7308808
7308873
7308894
7309179
7309260
7309384
7309442
7309578
7309606
7309623
7309776
7309860
7310019
7310030
7310492
7310553
7310615
7310694
7310762
7310896
7311183
7311261
7311271
7311604
7311699
7311765
7311923
7312073
7312133
7312152
7312374
7312412
7312558
7312654
7312839
7312911
7312962
7313023
7313251
7313298
7313313
7313316
7313408
7313412
7313434
7313573
7313614
7313712
7314032
7314184
7314495
7314760
7314916
7314959
7315077
7315196
7315269
7315311
7315471
7315555
7315690
7315691
7315694
7315775
7315799
7315834
7315988
7315998
7316017
7316055
7316095
7316190
7316221
7316257
7316302
7316453
7316473
7316613
7316625
7316786
7316839
7316844
7316972
7317005
7317059
7317274
7317328
7317363
7317374
7317410
7317679
7317725
7317734
7317790
7317817
7317848
7317914
7318219
7318354
7318508
7318660
7318728
7318914
7319175
7319255
7319283
7319312
7319473
7319563
7319611
7319723
7319782
7319971
7319979
7320198
7320231
7320393
7320471
7320523
7320601
7320618
7320642
7320660
7320716
7320940
7320983
7321020
7321036
7321194
7321221
7321428
7321492
7321528
7321530
7321770
7321968
7322110
7322151
7322262
7322348
7322444
7322703
7322761
7322824
7322843
7322848
7322992
7323058
7323537
7323651
7324089
7324354
7324654
7324670
7324797
7324847
7325061
7325132
7325153
7325174
7325395
7325448
7325591
7325648
7325649
7326216
7326233
7326293
7326355
7326425
7326436
7326459
7326509
7326560
7326676
7326768
7326873
7327015
7327122
7327130
7327299
7327389
7327621
7327676
7327716
7327719
7327768
7327794
7327945
7327978
7328190
7328255
7328285
7328288
7328430
7328526
7328635
7329004
7329095
7329101
7329122
7329331
7329604
7329622
7329646
7329783
7329832
7329912
7330016
7330020
7330418
7330560
7330609
7330688
7330738
7330791
7331004
7331100
7331389
7331402
7331413
7331518
7331535
7331542
7331679
7332125
7332404
7332447
7332467
7332708
7332712
7332743
7332883
7332919
7333061
7333131
7333190
7333230
7333678
7333714
7333753
7333836
7333880
7333901
7333917
7333967
7334061
7334140
7334236
7334403
7334415
7334456
7334673
7334715
7334722
7334774
7334860
7334887
7334957
7335327
7335465
7335747
7335888
7335986
7336101
7336173
7336214
7336361
7336380
7336425
7336432
7336466
7336521
7336598
7336659
7336767
7336773
7336975
7336983
7337001
7337078
7337130
7337170
7337224
7337331
7337339
7337348
7337360
7337397
7337429
7337436
7337626
7337883
7337995
7338184
7338274
7338479
7338648
7338693
7338765
7338818
7339062
7339184
7339333
7339448
7339497
7339505
7339669
7339921
7340023
7340061
7340160
7340164
7340208
7340335
7340468
7340510
7340583
7340607
7340631
7340640
7340938
7340963
7341326
7341348
7341414
7341512
7341848
7341875
7342098
7342121
7342541
7342665
7342857
7342875
7342940
7342976
7343104
7344006
7344045
7344060
7345121
7345152
7345231
7345287
7345301
7345352
7345393
7345448
7345572
7345606
7345608
7345861
7345882
7345908
7345928
7345984
7346166
7346184
7346240
7346545
7346570
7346761
7346884
7346938
7347174
7347239
7347252
7347262
7347275
7347312
7347360
7347578
7347786
7347869
7347873
7347876
7348037
7348349
7348442
7348733
7348784
7348786
7348848
7349098
7349153
7349358
7349382
7349399
7349460
7349514
7349529
7349562
7349655
7349693
7349711
7349713
7349759
7349775
7349814
7349933
7350188
7350392
7350405
7350441
7350454
7350694
7350779
7350789
7350801
7350810
7351007
7351105
7351204
7351277
7351283
7351546
7351675
7351748
7351845
7351876
7351977
7351988
7352246
7352275
7352470
7352574
7352736
7352753
7352944
7353028
7353097
7353161
7353292
7353445
7353557
7353563
7353626
7353690
7353801
7353821
7354092
7354143
7354144
7354178
7354219
7354229
7354230
7354307
7354596
7354716
7354855
7354918
7354933
7354943
7354977
7355082
7355163
7355481
7355713
7356058
7356084
7356630
7356637
7356680
7356855
7357262
7357309
7357564
7357709
7357800
7357887
7357954
7358010
7358278
7358286
7358289
7358311
7358451
7358474
7358558
7358650
7358712
7358733
7358873
7358879
7359076
7359113
7359594
7359852
7359926
7359992
7360087
7360248
7360257
7360324
7360417
7360476
7360629
7360677
7360753
7360801
7360920
7360957
7361101
7361308
7361351
7361353
7361354
7361416
7361445
7361488
7361491
7361601
7361674
7361737
7361791
7361800
7362025
7362164
7362188
7362297
7362355
7362477
7362527
7362549
7362707
7362775
7362963
7362976
7362987
7363049
7363061
7363180
7363212
7363322
7363331
7363374
7363519
7363592
7363791
7363845
7363918
7364152
7364293
7364310
7364389
7364533
7364692
7364714
7364740
7364826
7364849
7364926
7364944
7365108
7365260
7365579
7365612
7365681
7365683
7366015
7366328
7366331
7366373
7366403
7366436
7366509
7366554
7366599
7366679
7366774
7366983
7367292
7367420
7367483
7368190
7368269
7368308
7368345
7368414
7368441
7368596
7368727
7368815
7368952
7368969
7369130
7369133
7369150
7369494
7369505
7369545
7369676
7369843
7369937
7369961
7370108
7370309
7370310
7370402
7370471
7370681
7370899
7370972
7371001
7371079
7371113
7371167
7371180
7371443
7371537
7371593
7371777
7371948
7372046
7372078
7372090
7372121
7372208
7372218
7372337
7372342
7372369
7372389
7372440
7372501
7372559
7372561
7372632
7372665
7372862
7372952
7372955
7373021
7373542
7373795
7373804
7373857
7373939
7373953
7374243
7374281
7374382
7374600
7374654
7374817
7375004
7375029
7375314
7375399
7375513
7375530
7375588
7375687
7375798
7376013
7376061
7376064
7376338
7376375
7376484
7376505
7376507
7376540
7376570
7376602
7376856
7376909
7377062
7377321
7377362
7377548
7377729
7377858
7377888
7378050
7378102
7378120
7378156
7378271
7378531
7378752
7378781
7378820
7378974
7379237
7379319
7379354
7379547
7379577
7379675
7379933
7380215
7380399
7380415
7380429
7380566
7380574
7380768
7380801
7380859
7380904
7380924
7380944
7381094
7381095
7381246
7381633
7381635
7381671
7381762
7381998
7382080
7382227
7382362
7382600
7382705
7382749
7382821
7382828
7382847
7383054
7383099
7383219
7383228
7383428
7383474
7383601
7383634
7383648
7383730
7383792
7383867
7383871
7383997
7384013
7384172
7384287
7384347
7384487
7384488
7384509
7384694
7384903
7385098
7385235
7385305
7385439
7385440
7385483
7385772
7385782
7385889
7385920
7386346
7386391
7386515
7386543
7386562
7386647
7386812
7386817
7386941
7386966
7386969
7387022
7387041
7387116
7387301
7387333
7387463
7387731
7387857
7387879
7387956
7387985
7388010
7388205
7388235
7388369
7388554
7388574
7388682
7388970
7389448
7389463
7389486
7389549
7389676
7389780
7389789
7389880
7389913
7389929
7390264
7390289
7390399
7390416
7390571
7390572
7390616
7390650
7390764
7390773
7390803
7390957
7391038
7391042
7391144
7391177
7391216
7391247
7391311
7391430
7391604
7391771
7391899
7391946
7392043
7392069
7392223
7392257
7392437
7392446
7392518
7392936
7393007
7393050
7393189
7393196
7393463
7393483
7393486
7393491
7393653
7393663
7393797
7393798
7393834
7394194
7394221
7394268
7394290
7394671
7394742
7394806
7394880
7395143
7395292
7395433
7395516
7395536
7395563
7396018
7396105
7396172
7396323
7396548
7396615
7396788
7396998
7397111
7397138
7397477
7397503
7397704
7397706
7398110
7398216
7398290
7398339
7398433
7398577
7398589
7398636
7398830
7398888
7398944
7399075
7399129
7399184
7399195
7399232
7399324
7399384
7399437
7399553
7399689
7399814
7399902
7399965
7400029
7400054
7400094
7400168
7400195
7400201
7400211
7400238
7400282
7400294
7400588
7400672
7400989
7401161
7401259
7401300
7401379
7401812
7402015
7402263
7402477
7402628
7402909
7403027
7403254
7403323
7403420
7403535
7403603
7403652
7403782
7403784
7403916
7403935
7404106
7404174
7404395
7404399
7404469
7404479
7404541
7404658
7404769
7404785
7404917
7404981
7405104
7405263
7405413
7405651
7405724
7405744
7405817
7405824
7405862
7405974
7406024
7406111
7406151
7406168
7406273
7406357
7406409
7406434
7406487
7406489
7406606
7407210
7407256
7407265
7407269
7407449
7407606
7407657
7407986
7408056
7408110
7408349
7408380
7408383
7408491
7408524
7408535
7408560
7408886
7409208
7409302
7409670
7409671
7410029
7410149
7410168
7410315
7410384
7410580
7410734
7410743
7410871
7410920
7411112
7411195
7411236
7411251
7411356
7411364
7411417
7411442
7411445
7411455
7411498
7411612
7411671
7411755
7411963
7412051
7412117
7412325
7412650
7412660
7412742
7412851
7412855
7412900
7413002
7413031
7413051
7413218
7413771
7413784
7413790
7413852
7413919
7414006
7414377
7414593
7414705
7414859
7414930
7415101
7415134
7415197
7415235
7415374
7415492
7415552
7415689
7415897
7416023
7416091
7416294
7416374
7416632
7416677
7416804
7417094
7417283
7417314
7417400
7417420
7417448
7417546
7417634
7417679
7417680
7417834
7417978
7417994
7418064
7418187
7418192
7418280
7418294
7418823
7418984
7419022
7419295
7419376
7419419
7419475
7419483
7419540
7419621
7419706
7419738
7419987
7420104
7420111
7420283
7420518
7420624
7420643
7420714
7420723
7420821
7420999
7421099
7421259
7421310
7421343
7421541
7421580
7421727
7421849
7421853
7421866
7422006
7422117
7422245
7422287
7422383
7422404
7422560
7422811
7423163
7423264
7423334
7423343
7423357
7423701
7423738
7423849
7423961
7424012
7424099
7424349
7424460
7424618
7424648
7424680
7424683
7424708
7424779
7424806
7424817
7424842
7425007
7425105
7425132
7425133
7425213
7425244
7425326
7425398
7425399
7425624
7425895
7425998
7426036
7426096
7426130
7426175
7426327
7426522
7426578
7426600
7426621
7426637
7426815
7427010
7427012
7427013
7427223
7427225
7427386
7427552
7427566
7427654
7427770
7428109
7428194
7428226
7428511
7428533
7428595
7428909
7429021
7429104
7429230
7429916
7429923
7430029
7430079
7430274
7430357
7430418
7430472
7430782
7430821
7430873
7431001
7431221
7431257
7431333
7431478
7431501
7431706
7431735
7431825
7431830
7431850
7431889
7431901
7431928
7431965
7432062
7432119
7432127
7432137
7432404
7432528
7432582
7432602
7432680
7432756
7432797
7433244
7433572
7433600
7433819
7434066
7434278
7434298
7434444
7434523
7434628
7434633
7434637
7434691
7434744
7434763
7434901
7434953
7435043
7435112
7435151
7435308
7435436
7435524
7435568
7435613
7435862
7435883
7436103
7436203
7436209
7436272
7436384
7436477
7436594
7436617
7436664
7436745
7436959
7437013
7437306
7437583
7437621
7437653
7437743
7437806
7437809
7437908
7438085
7438146
7438190
7438297
7438305
7438488
7438634
7438670
7438815
7439133
7439186
7439279
7439310
7439418
7439715
7439825
7439868
7439914
7440042
7440085
7440172
7440228
7440367
7440399
7440407
7440685
7440772
7440884
7440895
7441026
7441101
7441408
7441514
7441572
7441585
7441724
7441772
7441919
7442159
7442186
7442190
7442493
7442529
7442607
7442663
7442748
7442756
7442804
7442850
7442903
7442949
7443070
7443192
7443204
7443416
7443429
7443438
7443458
7443464
7443498
7443642
7443735
7443892
7443936
7444252
7444451
7444503
7444561
7444583
7444584
7444731
7444742
7444753
7444889
7445048
7445140
7445283
7445329
7445447
7445576
7445662
7446158
7446205
7446214
7446351
7446470
7446726
7446831
7446880
7446986
7447038
7447159
7447161
7447417
7447436
7447526
7447688
7447716
7447727
7447785
7448053
7448076
7448199
7448325
7448333
7448336
7448379
7448502
7448623
7448706
7448974
7449181
7449264
7449364
7449712
7449807
7450253
7450375
7450518
7450553
7450751
7450819
7450829
7450848
7451080
7451331
7451468
7451506
7451519
7451545
7451816
7451928
7451948
7452042
7452125
7452149
7452666
7452672
7452815
7453016
7453101
7453156
7453562
7453740
7453875
7453987
7454030
7454059
7454068
7454084
7454094
7454208
7454289
7454605
7454949
7454981
7455007
7455030
7455060
7455374
7455511
7455630
7455833
7455878
7456045
7456061
7456064
7456109
7456111
7456159
7456342
7456502
7456560
7456573
7456626
7456803
7456905
7456946
7457152
7457278
7457340
7457648
7457688
7457801
7458040
7458081
7458113
7458148
7458173
7458334
7458378
7458386
7458405
7458552
7458655
7458894
7459072
7459089
7459143
7459276
7459399
7459451
7459589
7459634
7459661
7459778
7460217
7460357
7460364
7460429
7460440
7460623
7460714
7460844
7460865
7460944
7460956
7460988
7461150
7461152
7461182
7461378
7461388
7461391
7461431
7461821
7461982
7462150
7462187
7462283
7462458
7462462
7462516
7462539
7462571
7462593
7462676
7462753
7462916
7462917
7462952
7463103
7463168
7463179
7463217
7463598
7463918
7463957
7464020
7464083
7464299
7464377
7464379
7464487
7464613
7464892
7465037
7465062
7465121
7465309
7465354
7465402
7465467
7465778
7465798
7465829
7465939
7465964
7465998
7466291
7466355
7466514
7466554
7466740
7466785
7467112
7467203
7467368
7467401
7467447
7467528
7467637
7468124
7468175
7468379
7468441
7468531
7468543
7468664
7468832
7468851
7468882
7469035
7469058
7469153
7469207
7469275
7469320
7469322
7469392
7469396
7469438
7469579
7469584
7470086
7470147
7470182
7470396
7470509
7470518
7470672
7470715
7470891
7470954
7471160
7471226
7471265
7471277
7471300
7471524
7471582
7471811
7471860
7472034
7472120
7472233
7472247
7472412
7472414
7472520
7472540
7472771
7472795
7472797
7472892
7472922
7472958
7473066
7473102
7473126
7473407
7473562
7473793
7473820
7473827
7474185
7474310
7474327
7474366
7474400
7474428
7474650
7474991
7475133
7475252
7475287
7475323
7475402
7475472
7475706
7475763
7475984
7476079
7476226
7476453
7476571
7476647
7476729
7476804
7476877
7476956
7477114
7477379
7477462
7477553
7477562
7477664
7477930
7478269
7478377
7478387
7478517
7478667
7478800
7478857
7478977
7479163
7479449
7479794
7479829
7479917
7479964
7479974
7479990
7480174
7480270
7480272
7480580
7480602
7480771
7480776
7480828
7480946
7481080
7481092
7481221
7481237
7481240
7481293
7481358
7481364
7481384
7481484
7481505
7481776
7481798
7481986
7481992
7482147
7482177
7482206
7482223
7482644
7482687
7482735
7482882
7482918
7482951
7483055
7483138
7483225
7483322
7483457
7483493
7483600
7483633
7483727
7484065
7484077
7484554
7484709
7484943
7485051
7485154
7485303
7485306
7485419
7485791
7485915
7486212
7486227
7486385
7486486
7486707
7486793
7486857
7486937
7487128
7487308
7487683
7488224
7488337
7488442
7488799
7489083
7489657
7489759
7489782
7489797
7489837
7489843
7489863
7489886
7489908
7489936
7490087
7490358
7490556
7490648
7490793
7490825
7490867
7491077
7491252
7491572
7491605
7491769
7491864
7492056
7492079
7492124
7492177
7492204
7492205
7492229
7492400
7492576
7492609
7492683
7492726
7492871
7492898
7493107
7493760
7493844
7494020
7494021
7494061
7494113
7494134
7494161
7494180
7494373
7494519
7494532
7494665
7494699
7494702
7494771
7494801
7495036
7495125
7495234
7495242
7495267
7495421
7495499
7495502
7495596
7495624
7495782
7496006
7496013
7496034
7496039
7496102
7496107
7496183
7496484
7496575
7496771
7496930
7496981
7497207
7497277
7497678
7497691
7497946
7498071
7498106
7498179
7498214
7498222
7498480
7498606
7498879
7498908
7498995
7499017
7499031
7499091
7499359
7499365
7499475
7499660
7499755
7499815
7499877
7499973
7499975
7500077
7500152
7500216
7500312
7500344
7500346
7500365
7500459
7500745
7500747
7500781
7500808
7500930
7501039
7501412
7501553
7501591
7501618
7501781
7501826
7501902
7502026
7502320
7502507
7502594
7502653
7502666
7502821
7502951
7503387
7503406
7503427
7503552
7503634
7503717
7503733
7503789
7503938
7504118
7504607
7504665
7504671
7504674
7504768
7504794
7504852
7504979
7505044
7505380
7505394
7505517
7505523
7505625
7505756
7505808
7505819
7505931
7505978
7506006
7506027
7506098
7506330
7506403
7506518
7506593
7506617
7506918
7507137
7507458
7507527
7508039
7508110
7508157
7508300
7508320
7508578
7508637
7508641
7508858
7509049
7509162
7509165
7509773
7509875
7509992
7510145
7510423
7510447
7510475
7510520
7510586
7510598
7510788
7510896
7510920
7511005
7511353
7511445
7511465
7511704
7511808
7511959
7512058
7512123
7512225
7512269
7512346
7512415
7512574
7512624
7512735
7512742
7512799
7512804
7512830
7512836
7512862
7512875
7513004
7513223
7513246
7513397
7513411
7513473
7513475
7513494
7513596
7513726
7513762
7513880
7513889
7513991
7514171
7514254
7514361
7514368
7514443
7514450
7514479
7514540
7514730
7514827
7514934
7514996
7515297
7515313
7515420
7515448
7515475
7515786
7515883
7515985
7516060
7516103
7516200
7516401
7516494
7516799
7517106
7517165
7517208
7517235
7517240
7517392
7517502
7517507
7517821
7517930
7518245
7518395
7518468
7518498
7518535
7518618
7518629
7518746
7518793
7519003
7519076
7519134
7519231
7519262
7519699
7519800
7519873
7519918
7520060
7520087
7520108
7520270
7520545
7520567
7520575
7520777
7520811
7521068
7521262
7521264
7521278
7521354
7521363
7521381
7521446
7521513
7521522
7521539
7521564
7521786
7521807
7521862
7521873
7521919
7521947
7521971
7522054
7522227
7522285
7522299
7522457
7522555
7522972
7523067
7523074
7523236
7523243
7523626
7523627
7523635
7523905
7523911
7524385
7524496
7524686
7524775
7524953
7525170
7525227
7525241
7525459
7525524
7525583
7525648
7525715
7525781
7525946
7526070
7526140
7526267
7526283
7526297
7526988
7527138
7527198
7527313
7527343
7527389
7527409
7527487
7527556
7528189
7528515
7528618
7528780
7529064
7529151
7529571
7529613
7529622
7529819
7529868
7530054
7530168
7530261
7530388
7530632
7530715
7530895
7531026
7531177
7531222
7531245
7531395
7531404
7531593
7531595
7531617
7531628
7531664
7531681
7531976
7532123
7532201
7532295
7532500
7532512
7532756
7532799
7532843
7532867
7532902
7532913
7533199
7533337
7533356
7533450
7533523
7533626
7533670
7533765
7533815
7534245
7534253
7534522
7534708
7534844
7534849
7534917
7535225
7535248
7535367
7535595
7535822
7536022
7536099
7536179
7536245
7536380
7536464
7536570
7536742
7536831
7536851
7536859
7536936
7537047
7537449
7537473
7537509
7537568
7537828
7537929
7538068
7538113
7538436
7538522
7538541
7538778
7538993
7539099
7539117
7539266
7539277
7539357
7539360
7539471
7539525
7539530
7539753
7539902
7540016
7540410
7540483
7540706
7541158
7541160
7541322
7541356
7541408
7541704
7541727
7541772
7541855
7541866
7542162
7542711
7542722
7542845
7542923
7542945
7543246
7543294
7543423
7543430
7543489
7543527
7543596
7543713
7543977
7544014
7544023
7544098
7544291
7544293
7544318
7544420
7544528
7544592
7544603
7544641
7544691
7544861
7544961
7545127
7545162
7545254
7545344
7545479
7545487
7545503
7545578
7545604
7545623
7545694
7545721
7545811
7546055
7546099
7546142
7546305
7546563
7546589
7546716
7546815
7546873
7546896
7546970
7547159
7547218
7547250
7547280
7547314
7547441
7547591
7547733
7547897
7548041
7548413
7548414
7548434
7548566
7548790
7548809
7549239
7549272
7549299
7549324
7549338
7549402
7549550
7549956
7550023
7550175
7550316
7550407
7550414
7550420
7550617
7550726
7551240
7551261
7551273
7551376
7551464
7551517
7551569
7551572
7551631
7551726
7551948
7552013
7552089
7552117
7552181
7552187
7552238
7552282
7552312
7552513
7552621
7552851
7552869
7552941
7553029
7553135
7553152
7553169
7553376
7553399
7553434
7553613
7553737
7553783
7553865
7553872
7554058
7554099
7554203
7554366
7554510
7554516
7554716
7554831
7554868
7554897
7554950
7555179
7555367
7555536
7555618
7555643
7555711
7555739
7555804
7555835
7555870
7555910
7555994
7556091
7556202
7556302
7556593
7556678
7556713
7556901
7556938
7557029
7557081
7557104
7557123
7557304
7557510
7557623
7557762
7558017
7558368
7558672
7558750
7558776
7559120
7559144
7559171
7559444
7559686
7559874
7559913
7559926
7559954
7560066
7560069
7560124
7560261
7560341
7560437
7560501
7560533
7560607
7560685
7560867
7560950
7561005
7561101
7561360
7561378
7561537
7561591
7561932
7562057
7562162
7562170
7562232
7562241
7562264
7562328
7562367
7562395
7562514
7562768
7562771
7562840
7563063
7563230
7563334
7563355
7563357
7563475
7563486
7563554
7563686
7563805
7563864
7564035
7564193
7564252
7564304
7564313
7564418
7564426
7564532
7564879
7564913
7565035
7565113
7565306
7565401
7565418
7565736
7566055
7566103
7566243
7566285
7566637
7567124
7567233
7567290
7567373
7567406
7567545
7567617
7567885
7568549
7568647
7568735
7568772
7569107
7569115
7569668
7569699
7569815
7569837
7570388
7570693
7570983
7571004
7571263
7571409
7571599
7571833
7571872
7571935
7572054
7572061
7572265
7572370
7572405
7572458
7572909
7573198
7573392
7573529
7573638
7573805
7573832
7573834
7573965
7573990
7573996
7574287
7574310
7574488
7574582
7574629
7574655
7574832
7574847
7575012
7575200
7575255
7575339
7575500
7575526
7575641
7575666
7575809
7575875
7576208
7576261
7576264
7576516
7576717
7576757
7576835
7576842
7576875
7576998
7577026
7577217
7577305
7577633
7577781
7578022
7578069
7578239
7578314
7578366
7578396
7578452
7578467
7578591
7578601
7578751
7578829
7579073
7579207
7579619
7579680
7579681
7579709
7579785
7579875
7579884
7580287
7580338
7580439
7580448
7580596
7580643
7580668
7580768
7580799
7580817
7580874
7580888
7580899
7580948
7581169
7581358
7581364
7581510
7581511
7581794
7581798
7581844
7582056
7582136
7582417
7582500
7582541
7582623
7582751
7582947
7583009
7583180
7583374
7583382
7583479
7583532
7583584
7583639
7583702
7583709
7583912
7583922
7583966
7584175
7584317
7584394
7584474
7584705
7584779
7584789
7584932
7585468
7585569
7585827
7585883
7586012
7586122
7586260
7586351
7586453
7586557
7586678
7586711
7586730
7586784
7586820
7586863
7587012
7587049
7587052
7587426
7587500
7587545
7587705
7587929
7587949
7588000
7588096
7588205
7588239
7588362
7588420
7588508
7588524
7588782
7589079
7589109
7589673
7589721
7589725
7589774
7589909
7590010
7590325
7590353
7590504
7590580
7590603
7590625
7590819
7590901
7591188
7591328
7591395
7591509
7591831
7591879
7591976
7592028
7592101
7592361
7592419
7592480
7592574
7592646
7592661
7592666
7592720
7592826
7592888
7592930
7593054
7593132
7593319
7593636
7593723
7593741
7593871
7593878
7593902
7594099
7594144
7594187
7594440
7594559
7594583
7595260
7595354
7595372
7595385
7595387
7595478
7595483
7595874
7595997
7596022
7596157
7596185
7596297
7596392
7596470
7596630
7596668
7596800
7596911
7596982
7597096
7597120
7597138
7597267
7597391
7597570
7597722
7597825
7597932
7598057
7598132
7598142
7598296
7598394
7598831
7598882
7598967
7598971
7598979
7599172
7599280
7599338
7599503
7599538
7599769
7600023
7600036
7600177
7600495
7600497
7600577
7600638
7600836
7600844
7600932
7600941
7600987
7601108
7601445
7601694
7601803
7601954
7602148
7602203
7602257
7602412
7602414
7602446
7602491
7602504
7602508
7602610
7602632
7602815
7602948
7603031
7603078
7603111
7603241
7603385
7603403
7603419
7603476
7603924
7603931
7604153
7604309
7604517
7604675
7604751
7604854
7604855
7604877
7605177
7605190
7605199
7605305
7605643
7605712
7605892
7606128
7606219
7606314
7606538
7606807
7606815
7606837
7606952
7607012
7607133
7607158
7607205
7607211
7607228
7607363
7607436
7607611
7607647
7607931
7608163
7608522
7608539
7608565
7608731
7608863
7609044
7609102
7609353
7609393
7609412
7609590
7609675
7609719
7609765
7609947
7609983
7610097
7610111
7610143
7610585
7610626
7610647
7610798
7610815
7610826
7610948
7611068
7611087
7611198
7611256
7611364
7611365
7611376
7611423
7611562
7611629
7611856
7611892
7611971
7612108
7612125
7612370
7612547
7612574
7612647
7612735
7612770
7613136
7613271
7613286
7613337
7613534
7613585
7613754
7613775
7613791
7614017
7614556
7614773
7614790
7614937
7615123
7615147
7615197
7615252
7615253
7615578
7615595
7615868
7615872
7615874
7615906
7615937
7616144
7616209
7616702
7616764
7616930
7617110
7617307
7617341
7617342
7617412
7617530
7617598
7617666
7617701
7617754
7617772
7617784
7617921
7618152
7618261
7618323
7618366
7618711
7618785
7618982
7618989
7619110
7619160
7619290
7619333
7619357
7619362
7619542
7619633
7619724
7619729
7620006
7620232
7620381
7620409
7620430
7620506
7620510
7620536
7620602
7620692
7620740
7620749
7620779
7620806
7620823
7621027
7621032
7621095
7621303
7621365
7621573
7621737
7622082
7622121
7622391
7622503
7622530
7622544
7622568
7622749
7622999
7623050
7623263
7623275
7623854
7623996
7624575
7624630
7624932
7624954
7624978
7625265
7625292
7625397
7625517
7626600
7626706
7626772
7626822
7626902
7626967
7627023
7627030
7627346
7627739
7627796
7627807
7627863
7628025
7628038
7628060
7628444
7628549
7628896
7629082
7629168
7629196
7629312
7629449
7629642
7629893
7630150
7630230
7630818
7631010
7631020
7631416
7631446
7631604
7631735
7631766
7631832
7631833
7631848
7631921
7631924
7631950
7631985
7632148
7632229
7632234
7632235
7632856
7633056
7633087
7633154
7633182
7633272
7633469
7633508
7633573
7633632
7633796
7633827
7633857
7633901
7633966
7633990
7634064
7634187
7634248
7634321
7634653
7634757
7634825
7634911
7634929
7634955
7635133
7635325
7635588
7635671
7635991
7636071
7636250
7636318
7636324
7636354
7636610
7636617
7636680
7636714
7636808
7637038
7637064
7637067
7637140
7637173
7637241
7637287
7637582
7637634
7637660
7637712
7637733
7637738
7637926
7638022
7638047
7638055
7638185
7638299
7638351
7638469
7638489
7638562
7638610
7638855
7639063
7639106
7639141
7639264
7639305
7639404
7639649
7639836
7639849
7640000
7640164
7640209
7640380
7640495
7640498
7640509
7640538
7640583
7640696
7641325
7641581
7641656
7642130
7642272
7642287
7642290
7642300
7642475
7642511
7642559
7642640
7642861
7642863
7642912
7642919
7642931
7643022
7643111
7643123
7643303
7643451
7643491
7643651
7643715
7643867
7643919
7643949
7644378
7644385
7644799
7644830
7644959
7645025
7645069
7645073
7645237
7645283
7645327
7645332
7645409
7645504
7645538
7645591
7645639
7645710
7645776
7645864
7645917
7645981
7646246
7646260
7646360
7646404
7646450
7646479
7646520
7646565
7646570
7646602
7646632
7646724
7646774
7646806
7646860
7646928
7647080
7647110
7647461
7647574
7647760
7647784
7647790
7647824
7647861
7648414
7648443
7648450
7648757
7648899
7648920
7649046
7649261
7649294
7649538
7649542
7649596
7649650
7649823
7649935
7649945
7649979
7650100
7650124
7650317
7650703
7650704
7650949
7651104
7651130
7651202
7651224
7651307
7651339
7651423
7651552
7651553
7651655
7651686
7651741
7651766
7651869
7652016
7652041
7652053
7652196
7652311
7652318
7652379
7652602
7652882
7652915
7652969
7652988
7653207
7653229
7653329
7653399
7653492
7653973
7654017
7654240
7654295
7654310
7654468
7654612
7654653
7654690
7654737
7654767
7654871
7655099
7655297
7655374
7655385
7655558
7655637
7656047
7656049
7656189
7656221
7656247
7656251
7656292
7656402
7656613
7656762
7657070
7657120
7657207
7657302
7657585
7657647
7657744
7657818
7657859
7657894
7657959
7658024
7658103
7658135
7658583
7658633
7658688
7658723
7658734
7658767
7658794
7658817
7658935
7658948
7658996
7659066
7659152
7659295
7659375
7659396
7659572
7659782
7659812
7659819
7659916
7660125
7660197
7660306
7660456
7660504
7660582
7660658
7660705
7660763
7660828
7660852
7661186
7661301
7661376
7661472
7661549
7661561
7661565
7661590
7661663
7661758
7662534
7662609
7662716
7662724
7662793
7662927
7663082
7663373
7663412
7663490
7663584
7663592
7663900
7663957
7663965
7664048
7664050
7664072
7664314
7664408
7664482
7664981
7665034
7665216
7665281
7665290
7665440
7665652
7665972
7665983
7666005
7666188
7666719
7666792
7666955
7666963
7667092
7667481
7667492
7667675
7667808
7667820
7668079
7668316
7668462
7668854
7668892
7668894
7668965
7669134
7669232
7669367
7669479
7669575
7669709
7669813
7670051
7670117
7670139
7670238
7670500
7670646
7670798
7670915
7670945
7670997
7671117
7671209
7671210
7671427
7671513
7671544
7671894
7671990
7672036
7672121
7672229
7672242
7672319
7672423
7672490
7672651
7672730
7673006
7673620
7673681
7673889
7674035
7674086
7674130
7674206
7674392
7674562
7674928
7675248
7675399
7675436
7675577
7675652
7675666
7675924
7676022
7676364
7676454
7676585
7676714
7676790
7676952
7677176
7677215
7677242
7677262
7677324
7677472
7677621
7677756
7677874
7677889
7677967
7678091
7678383
7678422
7678455
7678650
7678718
7679282
7679425
7679442
7679482
7679600
7679718
7679863
7680014
7680327
7680624
7680665
7680720
7680854
7681490
7681509
7681524
7681659
7681717
7681776
7681888
7682219
7682665
7682675
7682703
7682711
7682858
7682877
7683020
7683220
7683230
7683306
7683409
7683515
7684046
7684555
7684560
7684658
7684693
7684756
7684897
7684972
7685013
7685143
7685220
7685242
7685282
7685341
7685344
7685661
7685666
7685700
7685826
7686025
7686042
7686210
7686315
7686350
7686364
7686390
7686605
7686629
7686668
7686775
7686809
7687098
7687194
7687416
7687542
7687709
7687727
7687773
7688237
7688491
7688647
7688670
7688750
7688788
7688810
7689014
7689104
7689132
7689167
7689180
7689247
7689281
7689403
7689635
7689662
7689804
7690047
7690386
7690422
7690494
7690497
7690617
7690630
7690743
7690847
7690960
7690970
7690981
7691032
7691127
7691229
7691303
7691319
7691649
7691655
7691718
7691820
7691827
7691878
7691918
7691923
7692119
7692172
7692224
7692398
7692710
7692732
7692789
7692812
7692831
7692897
7692917
7693064
7693071
7693114
7693123
7693144
7693257
7693521
7693575
7693629
7693996
7694030
7694174
7694801
7695087
7695092
7695201
7695297
7695313
7695546
7695864
7696017
7696123
7696347
7696380
7696405
7696554
7696668
7696680
7696862
7696911
7696917
7697008
7697161
7697241
7697331
7697341
7697705
7697708
7697717
7697732
7697757
7697878
7697964
7697988
7698066
7698127
7698148
7698155
7698190
7698193
7698211
7698353
7698389
7699243
7699399
7699670
7699780
7699816
7700081
7700212
7700229
7700238
7700329
7700558
7700559
7700588
7700620
7700719
7700772
7700944
7700970
7701047
7701125
7701228
7701246
7701264
7701469
7701717
7701742
7701882
7701959
7701970
7702134
7702286
7702368
7702371
7702409
7702432
7702486
7702545
7702597
7702685
7702686
7702699
7702841
7702863
7703406
7703458
7703516
7703602
7703812
7703814
7704016
7704019
7704052
7704264
7704389
7704445
7704581
7704758
7705096
7705149
7705170
7705202
7705293
7705323
7705375
7705445
7705514
7705602
7705621
7705641
7705670
7705720
7705778
7705969
7706050
7706084
7706533
7706688
7706807
7706940
7707174
7707233
7707358
7707790
7708019
7708069
7708199
7708298
7708553
7708558
7708627
7708655
7708678
7708838
7708851
7709042
7709110
7709134
7709334
7709384
7709491
7709925
7710105
7710108
7710147
7710151
7710211
7710298
7710448
7710479
7710892
7711211
7711218
7711357
7711491
7711534
7711688
7711847
7711869
7711913
7711939
7712076
7712090
7712190
7712194
7712216
7712222
7712282
7712430
7712655
7712691
7712742
7712951
7713142
7713226
7713249
7713504
7713583
7713819
7714064
7714095
7714164
7714401
7714683
7715059
7715121
7715208
7715388
7715403
7715507
7715520
7715611
7715662
7715890
7715919
7716052
7716166
7716216
7716243
7716292
7716564
7716672
7716708
7716849
7716925
7717025
7717029
7717135
7717147
7717364
7717417
7717641
7717706
7717922
7718091
7718114
7718170
7718247
7718267
7718393
7718608
7718624
7718685
7718705
7718728
7718757
7719053
7719365
7719472
7719528
7719594
7719782
7719870
7720033
7720082
7720133
7720145
7720166
7720300
7720393
7720437
7720653
7720688
7720930
7720985
7721177
7721319
7721503
7721602
7721757
7721760
7722264
7722289
7722299
7722307
7722348
7722434
7722446
7722453
7722485
7722570
7722692
7722785
7722891
7722964
7723195
7723427
7723476
7723900
7724068
7724108
7724288
7724303
7724376
7724400
7724528
7724818
7724863
7724902
7725153
7725160
7725336
7725382
7725460
7725628
7725747
7725811
7725982
7726092
7726170
7726205
7726229
7726252
7726487
7726630
7726710
7726931
7727004
7727247
7727256
7727270
7727301
7727335
7727341
7727368
7727515
7727521
7727791
7728003
7728005
7728371
7728387
7728579
7728626
7728637
7729076
7729090
7729240
7729281
7729325
7729361
7729387
7729421
7729599
7729607
7729869
7729913
7730152
7730184
7730206
7730297
7730422
7730507
7730604
7730625
7730627
7730629
7730630
7730728
7730812
7730816
7730849
7731052
7731276
7731334
7731393
7731545
7731555
7731597
7731623
7731677
7731679
7731686
7731784
7731909
7732134
7732261
7732364
7732389
7732521
7732599
7732637
7732748
7732837
7733099
7733119
7733123
7733164
7733197
7733224
7733280
7733376
7733394
7733420
7733511
7733551
7733860
7733952
7734051
7734481
7734483
7734852
7734909
7734914
7734946
7734983
7735020
7735373
7735432
7735447
7735824
7735880
7736023
7736055
7736173
7736300
7736433
7736565
7736744
7736858
7736863
7736883
7737056
7737373
7737616
7737717
7737920
7737994
7738363
7738365
7738379
7738472
7738514
7738569
7738622
7738639
7738813
7738822
7738972
7739112
7739288
7739291
7739301
7739433
7739456
7739591
7739598
7739674
7739710
7739748
7739874
7740154
7740195
7740239
7740387
7740388
7740423
7740437
7740548
7740658
7740781
7740812
7740903
7740974
7740979
7740992
7741219
7741318
7741433
7741518
7741857
7741953
7742141
7742322
7742425
7742652
7742817
7742825
7742982
7743094
7743250
7743364
7743435
7743619
7743648
7743698
7743917
7744036
7744057
7744335
7744387
7744459
7744475
7744544
7744685
7744701
7744919
7744976
7745104
7745128
7745266
7745311
7745350
7745555
7745559
7745610
7746140
7746164
7746378
7746397
7746483
7746583
7746664
7746726
7747062
7747150
7747219
7747400
7747430
7747445
7747464
7747637
7747668
7747881
7747895
7747914
7748082
7748119
7748145
7748303
7748438
7748902
7749084
7749172
7749266
7749380
7749415
7749483
7749498
7749513
7749932
7749991
7750125
7750330
7750375
7750501
7750519
7750540
7750551
7750554
7750737
7750952
7751134
7751162
7751267
7751473
7751712
7751738
7751755
7751793
7751828
7751843
7751918
7752254
7752414
7752465
7752533
7752818
7752937
7752980
7753243
7753272
7753472
7753501
7753593
7753635
7753710
7753833
7754015
7754394
7754670
7754715
7754840
7754953
7755079
7755100
7755218
7755228
7755248
7755340
7755489
7755547
7755759
7755772
7755780
7755939
7755947
7755960
7756227
7756430
7756602
7756721
7756865
7756984
7757065
7757088
7757298
7757346
7757399
7757469
7757518
7757827
7757865
7757970
7758004
7758109
7758222
7758247
7758298
7758338
7758384
7758510
7758648
7758717
7758775
7758874
7758912
7758939
7758964
7759047
7759364
7759410
7759492
7759511
7759522
7759687
7760400
7760429
7760511
7760678
7760747
7760776
7760922
7760980
7761157
7761289
7761328
7761833
7761893
7761910
7761956
7761962
7761991
7762077
7762156
7762161
7762283
7762290
7762439
7762451
7762866
7762961
7763010
7763039
7763095
7763155
7763200
7763334
7763599
7763880
7763981
7764094
7764130
7764154
7764270
7764399
7764451
7764622
7764758
7765017
7765681
7765713
7765767
7765791
7765872
7766007
7766142
7766299
7766416
7766483
7766543
7766704
7766816
7766841
7766913
7766954
7766970
7767076
7767155
7767187
7767402
7767431
7767496
7767713
7767871
7767923
7768081
7768292
7768413
7768463
7768482
7768548
7768608
7768611
7768827
7768839
7768840
7768906
7769165
7769175
7769264
7769316
7769423
7769498
7769621
7769677
7769972
7770007
7770028
7770077
7770133
7770141
7770142
7770503
7770544
7770545
7770577
7770612
7770654
7770758
7771171
7771396
7771761
7771943
7771949
7772052
7772159
7772182
7772589
7772718
7772752
7772907
7772957
7772958
7772970
7772997
7773489
7773750
7773827
7773834
7773855
7773906
7773928
7774057
7774130
7774240
7774365
7774446
7774447
7774525
7774570
7774886
7774890
7774948
7774971
7775097
7775166
7775418
7775584
7775740
7775783
7775822
7776010
7776181
7776216
7776398
7776417
7776640
7776664
7776673
7776732
7776751
7776787
7776832
7776986
7777081
7777122
7777365
7777374
7777379
7777396
7777540
7777649
7777737
7777754
7777831
7777860
7777920
7778027
7778088
7778392
7778525
7778646
7778686
7778760
7778929
7779055
7779358
7779494
7779541
7779761
7780093
7780183
7780203
7780213
7780415
7780425
7780768
7781031
7781221
7781229
7781326
7781491
7781549
7782131
7782284
7782332
7782649
7782844
7782991
7783006
7783412
7783494
7783551
7783590
7783968
7784229
7784399
7784542
7784626
7784719
7784910
7784996
7785064
7785102
7785133
7785339
7785465
7785481
7785588
7785688
7785856
7786023
7786057
7786081
7786125
7786305
7786322
7786641
7786783
7786860
7786982
7787149
7787388
7787620
7787626
7787704
7787724
7787732
7787788
7788040
7788067
7788157
7788167
7788387
7788487
7788623
7788650
7788692
7788754
7788786
7789015
7789139
7789222
7789288
7789326
7789331
7789396
7789514
7789522
7789720
7789762
7789925
7790131
7790178
7790203
7790285
7790416
7790442
7790482
7790554
7790634
7790744
7790958
7790970
7790995
7791273
7791515
7791577
7791641
7791753
7791769
7791956
7792151
7792163
7792363
7792448
7792549
7792596
7792685
7792692
7792728
7792748
7792798
7792804
7792812
7792844
7792858
7793072
7793213
7793485
7793567
7794039
7794081
7794092
7794107
7794122
7794132
7794214
7794226
7794331
7794440
7794541
7794575
7794682
7794968
7794999
7795023
7795088
7795218
7795579
7795638
7795739
7795906
7795981
7795998
7796012
7796030
7796102
7796225
7796690
7796717
7796751
7796905
7796935
7797234
7797281
7797342
7797373
7797600
7797610
7797612
7797628
7797680
7797781
7797913
7797925
7798181
7798588
7798700
7798731
7798970
7799020
7799026
7799095
7799114
7799245
7799261
7799466
7799492
7799505
7799565
7799916
7800058
7800123
7800170
7800324
7800356
7800480
7800627
7800651
7800799
7800855
7801018
7801083
7801193
7801371
7801373
7801569
7801636
7801732
7801825
7801972
7802152
7802189
7802201
7802312
7802529
7802553
7802584
7802599
7802624
7802640
7802715
7802783
7802791
7803062
7803117
7803258
7803303
7803377
7803565
7803723
7803935
7803945
7804023
7804122
7804232
7804252
7804269
7804358
7804518
7804597
7804766
7804909
7804923
7805033
7805059
7805183
7805211
7805256
7805263
7805480
7805498
7805587
7805657
7805728
7805848
7805878
7806081
7806112
7806220
7806227
7806243
7806251
7806500
7806560
7806700
7806719
7806790
7806884
7806892
7806954
7807128
7807141
7807143
7807169
7807179
7807272
7807274
7807284
7807442
7807467
7807502
7807555
7807730
7807822
7808146
7808214
7808461
7808628
7808673
7808702
7808875
7808919
7809042
7809068
7809093
7809250
7809493
7809498
7810170
7810260
7810489
7810509
7810557
7810592
7810765
7810813
7811041
7811062
7811117
7811144
7811274
7811395
7811574
7811899
7811969
7811999
7812061
7812100
7812105
7812152
7812255
7812433
7812849
7813086
7813226
7813276
7813345
7813428
7813470
7813527
7813593
7813700
7813712
7813717
7813724
7813879
7813887
7814113
7814191
7814208
7814250
7814297
7814306
7814375
7814550
7814603
7814943
7814979
7815109
7815367
7815390
7815415
7815653
7815724
7815810
7815907
7816184
7816479
7816500
7816513
7816677
7816687
7816810
7816893
7817017
7817175
7817304
7817364
7817400
7817410
7817430
7817586
7817643
7817732
7817761
7817920
7818017
7818191
7818202
7818246
7818333
7818381
7818389
7818411
7818481
7818531
7818706
7818793
7818811
7818823
7818831
7818843
7818854
7818868
7818870
7819002
7819028
7819129
7819160
7819241
7819333
7819497
7819632
7819692
7819730
7819796
7819991
7820041
7820053
7820128
7820158
7820464
7820480
7820542
7820734
7820769
7820850
7820986
7821125
7821138
7821227
7821385
7821453
7821525
7821609
7821616
7821629
7821643
7821772
7822109
7822137
7822241
7822296
7822350
7822523
7822552
7822607
7822707
7822721
7822804
7822924
7822944
7823117
7823193
7823245
7823453
7823613
7823658
7823985
7824070
7824220
7824380
7824419
7824582
7824605
7824629
7824666
7824746
7824749
7824750
7824886
7824922
7825016
7825081
7825207
7825439
7825516
7825608
7825853
7825953
7825998
7826051
7826082
7826206
7826380
7826437
7826650
7826745
7826772
7826831
7827009
7827293
7827304
7827382
7827399
7827526
7827584
7827777
7828131
7828178
7828385
7828441
7828529
7828629
7828658
7828718
7828867
7828906
7829106
7829316
7829594
7829715
7829972
7830056
7830126
7830232
7830243
7830418
7830509
7830532
7830677
7830695
7830753
7830841
7831116
7831206
7831267
7831268
7831311
7831457
7831551
7831565
7831601
7831644
7831688
7832091
7832115
7832129
7832325
7832339
7832394
7832546
7832637
7832666
7832732
7832804
7832808
7832849
7833024
7833081
7833092
7833146
7833305
7833347
7833491
7833705
7833723
7833740
7833776
7833867
7833877
7833987
7834438
7834587
7834631
7834655
7834834
7835091
7835419
7835435
7835459
7835545
7835561
7835708
7835735
7835752
7835846
7835950
7836017
7836048
7836051
7836057
7836306
7836307
7836369
7836387
7836540
7836626
7836664
7836702
7836712
7837178
7837330
7837508
7837518
7837528
7837551
7837589
7838033
7838204
7838267
7838279
7838323
7838816
7838829
7838837
7838883
7838975
7839061
7839067
7839517
7839702
7839813
7839893
7840097
7840178
7840207
7840375
7840464
7840781
7840821
7840962
7841098
7841135
7841283
7841908
7841995
7842153
7842170
7842278
7842531
7842537
7842623
7842685
7842756
7842764
7842780
7842847
7843158
7843369
7843435
7843557
7843558
7843678
7843757
7843832
7844022
7844033
7844288
7844299
7844381
7844536
7844612
7844739
7844826
7844888
7844954
7845157
7845171
7845198
7845372
7845463
7845536
7846186
7846213
7846247
7846624
7846633
7846725
7846903
7847136
7847173
7847240
7847458
7847530
7848127
7848203
7848327
7848338
7848368
7848452
7848956
7848966
7849080
7849340
7849362
7849463
7849569
7849594
7849625
7849662
7849691
7849723
7849823
7849852
7849917
7849919
7849983
7850089
7850195
7850205
7850362
7850397
7850560
7850765
7850811
7850812
7850827
7850837
7851053
7851111
7851135
7851196
7851283
7851462
7851529
7851786
7851814
7851952
7852032
7852054
7852201
7852253
7852360
7852526
7852674
7852913
7852943
7853036
7853091
7853176
7853209
7853458
7853721
7853787
7854005
7854056
7854223
7854497
7854657
7854708
7855043
7855061
7855219
7855231
7855236
7855589
7855698
7855827
7855857
7855859
7856004
7856289
7856333
7856429
7856546
7856608
7856686
7857029
7857052
7857178
7857221
7857351
7857787
7857917
7857921
7857962
7857996
7858048
7858125
7858269
7858289
7858336
7858386
7858406
7858471
7858612
7858714
7858721
7858843
7858987
7859218
7859291
7859293
7859311
7859375
7859888
7859890
7859992
7860275
7860533
7860598
7860789
7860873
7860888
7861027
7861065
7861096
7861103
7861340
7861355
7861380
7861420
7861520
7861608
7861769
7861814
7862045
7862181
7862303
7862695
7862987
7863016
7863157
7863340
7863342
7863557
7863681
7863723
7863762
7863808
7863810
7863835
7863959
7864013
7864151
7864223
7864354
7864481
7864543
7864643
7864863
7864902
7864977
7864991
7864996
7865010
7865180
7865328
7865434
7865435
7865635
7865688
7865735
7865770
7865932
7866026
7866197
7866218
7866275
7866305
7866325
7866328
7866405
7866730
7866744
7866753
7866851
7866978
7866988
7867141
7867306
7867403
7867407
7867680
7867949
7868150
7869031
7869044
7869081
7869099
7869122
7869220
7869487
7869567
7869731
7869782
7869809
7870059
7870136
7870348
7870480
7870681
7871006
7871060
7871091
7871266
7871301
7871401
7871433
7871771
7871899
7871929
7872014
7872064
7872102
7872227
7872241
7872288
7872385
7872590
7872722
7872733
7872735
7872933
7872959
7873117
7873152
7873213
7873255
7873453
7873568
7873706
7873767
7873921
7874102
7874122
7874395
7874501
7874603
7874939
7874963
7874974
7875071
7875312
7875551
7875579
7875734
7875789
7875809
7875876
7876120
7876196
7876313
7876410
7876628
7876799
7876840
7876857
7876925
7876928
7877030
7877085
7877149
7877229
7877441
7877554
7877836
7877962
7878051
7878201
7878265
7878267
7878780
7878902
7879044
7879165
7879384
7879499
7879678
7879819
7879989
7880020
7880025
7880039
7880156
7880233
7880327
7880487
7880548
7880611
7880627
7880663
7880871
7880875
7880896
7881013
7881135
7881170
7881249
7881377
7881465
7881554
7881698
7881847
7881929
7881973
7882066
7882585
7882598
7882633
7882754
7882979
7883203
7883334
7883355
7883630
7883819
7883906
7884052
7884326
7884505
7884543
7884782
7884798
7884802
7884935
7884991
7885130
7885135
7885207
7885264
7885404
7885478
7885558
7885763
7885806
7886035
7886292
7886344
7886388
7886406
7886481
7886554
7886567
7886638
7886691
7886715
7886766
7886808
7886896
7887289
7887632
7887686
7887952
7888008
7888075
7888174
7888222
7888242
7888431
7888566
7888800
7888801
7888823
7888861
7888872
7888880
7888926
7889022
7889436
7889514
7889563
7889831
7889845
7889882
7889923
7890070
7890208
7890463
7890514
7890528
7890728
7890732
7890872
7891090
7891190
7891214
7891463
7891532
7891578
7892042
7892170
7892212
7892361
7892370
7892382
7892407
7892456
7892565
7892579
7892609
7892626
7892795
7892798
7892881
7892927
7893023
7893034
7893086
7893133
7893134
7893229
7893302
7893378
7893752
7893875
7894054
7894226
7894283
7894319
7894333
7894482
7894702
7894851
7895142
7895231
7895353
7895384
7895543
7896152
7896248
7896283
7896358
7896483
7896562
7896612
7897019
7897038
7897119
7897126
7897291
7897353
7897559
7897823
7897860
7897876
7897889
7897943
7898090
7898418
7898510
7898585
7898761
7898766
7898830
7898993
7899053
7899132
7899155
7899327
7899620
7899736
7899760
7899808
7899901
7900011
7900263
7900353
7900379
7900410
7900513
7900590
7900737
7900738
7900817
7900879
7901504
7901514
7901612
7901798
7902006
7902417
7902460
7902707
7902713
7902893
7902920
7903018
7903179
7903400
7903423
7903464
7903579
7903627
7903653
7903699
7903762
7903899
7904021
7904255
7904276
7904557
7904623
7904842
7904932
7904972
7905393
7905506
7905536
7905717
7906080
7906451
7906715
7906763
7906796
7906803
7907022
7907220
7907222
7907234
7907374
7907501
7907517
7907548
7907632
7907705
7907906
7907930
7908098
7908112
7908174
7908189
7908295
7908357
7908510
7908686
7908749
7908803
7908818
7908822
7908877
7908899
7908904
7908918
7909048
7909065
7909316
7909470
7909644
7909787
7909797
7909886
7909952
7909953
7910165
7910370
7910740
7910847
7910849
7911020
7911267
7911282
7911369
7911527
7911767
7912007
7912039
7912074
7912115
7912163
7912202
7912332
7912412
7912448
7912701
7912714
7912732
7912823
7912888
7912924
7912925
7912928
7913110
7913207
7913277
7913508
7913719
7913925
7914030
7914606
7914844
7914856
7915035
7915040
7915174
7915344
7915682
7915794
7915902
7916025
7916146
7916239
7916493
7916608
7916685
7916751
7916864
7916896
7916910
7917050
7917103
7917129
7917258
7917267
7917271
7917323
7917376
7917390
7917507
7917547
7917551
7917667
7917720
7917732
7917797
7917818
7917995
7918043
7918101
7918219
7918685
7918801
7918956
7919062
7919105
7919208
7919238
7919408
7919466
7919663
7919773
7919845
7919858
7919867
7919870
7919905
7919941
7919960
7920201
7920390
7920443
7920708
7921035
7921331
7921357
7921557
7921934
7921977
7922009
7922192
7922197
7922260
7922281
7922296
7922396
7922752
7922763
7922766
7922972
7923048
7923161
7923185
7923202
7923302
7923674
7923676
7923735
7923839
7924212
7924218
7924390
7924403
7924451
7924463
7924558
7924563
7925049
7925276
7925281
7925367
7925372
7925382
7925437
7925465
7925520
7925673
7925921
7925926
7925970
7926108
7926125
7926305
7926417
7926446
7926523
7926706
7926803
7926916
7927353
7927411
7927438
7927607
7927671
7927760
7927952
7928044
7928077
7928121
7928212
7928274
7928322
7928350
7928358
7928364
7928487
7928493
7928550
7928587
7928597
7928647
7928697
7928798
7928875
7928943
7928961
7929076
7929244
7929329
7929446
7929612
7929638
7929745
7929829
7929950
7930272
7930298
7930349
7930571
7930580
7930722
7931219
7931236
7931281
7931327
7931430
7931443
7931473
7931512
7931582
7931661
7931718
7931930
7931970
7932036
7932054
7932087
7932099
7932203
7932349
7932420
7932483
7932534
7932580
7932666
7932702
7932772
7932863
7933005
7933175
7933210
7933220
7933484
7933596
7933628
7933690
7933972
7933986
7934124
7934135
7934296
7934352
7934658
7934761
7934870
7934907
7935302
7935579
7935683
7935760
7935826
7936243
7936253
7936347
7936447
7936655
7936676
7936716
7936771
7936848
7936939
7937141
7937170
7937207
7937329
7937646
7937715
7937724
7937781
7937803
7938440
7938442
7938845
7938909
7939099
7939143
7939313
7939346
7939497
7939672
7939831
7939861
7939939
7939986
7939992
7940018
7940132
7940175
7940425
7940506
7940619
7940650
7940782
7940785
7940945
7941061
7941329
7941370
7941413
7941536
7941559
7941581
7941594
7941646
7942040
7942062
7942110
7942179
7942227
7942348
7942406
7942463
7942473
7942481
7942507
7942611
7942718
7942719
7943004
7943041
7943059
7943167
7943555
7944112
7944290
7944412
7944649
7944673
7944841
7945014
7945166
7945374
7945388
7945403
7945437
7945484
7945554
7945560
7945634
7945940
7945991
7946066
7946287
7946481
7946531
7946572
7946652
7946721
7946767
7946884
7947073
7947115
7947211
7947247
7947278
7947429
7947589
7947687
7948008
7948061
7948138
7948301
7948564
7948604
7948642
7948779
7948811
7948826
7948900
7949043
7949072
7949133
7949219
7949517
7949535
7949589
7949730
7949997
7950053
7950066
7950224
7950232
7950365
7950428
7950436
7950490
7950594
7950695
7950900
7951145
7951249
7951308
7951400
7951418
7951461
7951470
7951586
7951589
7951654
7951733
7952057
7952131
7952140
7952148
7952730
7952840
7952853
7952854
7952910
7953058
7953212
7953285
7953558
7953699
7953730
7953869
7954162
7954254
7954263
7954338
7954378
7954379
7954532
7954539
7954567
7954709
7954834
7954922
7955241
7955306
7955331
7955353
7955454
7955462
7955815
7956043
7956236
7956250
7956321
7956331
7956493
7956818
7956945
7956982
7957003
7957043
7957088
7957119
7957603
7957626
7957670
7957679
7957711
7957715
7957801
7957887
7957980
7958201
7958415
7958482
7958676
7958699
7958706
7958737
7958804
7958869
7958910
7959150
7959402
7959543
7959835
7959946
7960029
7960065
7960203
7960487
7960690
7960716
7960743
7960810
7960868
7960932
7961021
7961287
7961303
7961382
7961478
7961626
7961751
7962159
7962237
7962285
7962311
7962336
7962355
7962405
7962588
7962745
7962855
7962910
7963106
7963115
7963125
7963169
7963254
7963318
7963485
7963702
7963749
7963770
7963826
7963867
7963999
7964045
7964073
7964120
7964285
7964297
7964355
7964593
7964611
7964693
7964867
7964868
7964918
7965109
7965438
7965480
7965506
7965599
7965677
7965691
7965705
7965707
7965848
7965924
7966092
7966235
7966238
7966266
7966328
7966382
7966567
7966933
7966978
7967014
7967040
7967051
7967143
7967357
7967391
7967447
7967525
7967557
7967814
7967941
7968005
7968056
7968081
7968271
7968335
7968448
7968710
7968728
7968816
7968825
7968977
7968987
7968995
7969142
7969205
7969256
7969315
7969368
7969652
7969713
7969835
7970300
7970322
7970346
7970576
7970729
7970804
7970867
7970960
7971015
7971099
7971109
7971159
7971231
7971317
7971580
7971604
7971752
7971851
7972078
7972282
7972431
7972556
7972644
7972805
7972866
7973145
7973245
7973277
7973421
7973642
7973715
7974434
7974774
7974798
7975029
7975220
7975398
7975503
7975540
7975616
7975641
7975730
7975789
7975790
7975864
7975933
7976227
7976337
7976613
7976724
7976742
7976753
7976791
7976833
7977122
7977156
7977239
7977276
7977356
7977412
7977480
7977673
7977695
7977703
7977748
7977755
7977960
7978150
7978235
7978291
7978335
7978426
7978500
7978605
7978717
7978911
7979092
7979182
7979247
7979252
7979410
7979422
7979609
7979643
7979647
7979712
7979728
7979755
7979825
7980012
7980028
7980186
7980193
7980345
7980485
7980583
7980729
7980810
7981022
7981117
7981140
7981180
7981250
7981259
7981266
7981287
7981438
7981710
7981717
7981896
7981918
7982015
7982095
7982484
7982502
7982550
7982599
7982661
7983278
7983283
7983335
7983350
7983388
7983820
7983947
7984081
7984255
7984576
7984719
7984802
7984841
7984910
7985049
7985270
7985279
7985353
7985510
7986364
7986428
7986705
7986879
7986930
7987016
7987251
7987630
7987656
7987888
7988016
7988082
7988085
7988086
7988151
7988220
7988455
7988586
7988669
7988680
7988751
7988861
7988968
7989001
7989063
7989138
7989291
7989334
7989569
7989607
7989778
7989884
7990118
7990125
7990293
7990636
7990720
7990865
7990994
7991224
7991251
7991329
7991458
7991540
7991636
7991817
7992070
7992236
7992378
7992494
7992566
7992623
7992775
7993105
7993109
7993111
7993492
7993528
7993601
7993696
7993738
7993971
7993994
7994006
7994057
7994194
7994244
7994460
7994476
7994486
7994588
7994613
7994637
7994823
7994908
7994953
7995044
7995068
7995143
7995308
7995425
7995522
7995763
7995822
7995882
7995931
7996135
7996246
7996274
7996279
7996284
7996502
7996815
7997031
7997245
7997530
7997766
7997936
7997954
7998131
7998157
7998322
7998371
7998400
7998643
7998648
7998839
7998942
7999023
7999189
7999270
7999328
7999454
7999545
7999565
7999669
7999790
7999898
7999917
8000194
8000328
8000361
8000497
8000828
8000966
8000969
8000993
8001053
8001106
8001528
8001706
8001761
8001768
8001835
8001849
8001868
8001949
8002127
8002389
8002479
8002700
8002767
8002804
8002862
8002893
8003179
8003498
8003667
8003678
8004083
8004128
8004380
8004418
8004686
8004689
8004794
8004907
8004927
8005058
8005068
8005366
8005388
8005492
8005502
8005592
8005729
8005807
8005884
8006002
8006004
8006077
8006116
8006140
8006152
8006164
8006442
8006563
8006671
8006803
8007025
8007089
8007110
8007132
8007162
8007184
8007431
8007490
8007531
8007591
8007610
8007640
8007668
8007679
8007737
8007754
8007755
8008289
8008334
8008496
8008692
8008752
8008766
8008812
8008930
8008950
8009032
8009348
8009365
8009460
8009571
8009590
8009595
8009648
8009748
8009750
8009800
8009856
8009995
8010172
8010177
8010249
8010431
8010514
8010579
8010726
8010886
8010897
8010942
8011011
8011082
8011085
8011094
8011129
8011334
8011338
8011449
8011505
8011576
8011727
8011863
8011866
8011903
8011971
8011979
8012014
8012060
8012125
8012134
8012369
8012381
8012491
8013178
8013421
8013436
8013680
8013711
8013783
8013789
8013913
8014090
8014226
8014237
8014258
8014570
8014732
8014850
8014924
8014979
8015089
8015156
8015276
8015547
8015591
8015656
8015730
8015822
8015853
8015906
8016037
8016044
8016072
8016328
8016437
8016519
8016725
8016819
8016952
8017089
8017197
8017246
8017351
8017466
8017594
8017600
8017753
8017792
8017897
8017912
8017933
8018039
8018114
8018117
8018122
8018241
8018468
8018672
8018827
8018956
8018972
8019228
8019231
8019349
8019474
8019599
8019666
8019714
8020397
8020452
8020466
8020471
8020518
8020772
8020788
8020938
8021095
8021273
8021320
8021328
8021612
8021799
8021878
8021967
8021997
8022304
8022578
8022693
8022793
8022882
8022939
8023198
8023241
8023280
8023405
8023463
8023523
8023602
8023649
8023681
8023856
8023997
8024091
8024200
8024285
8024326
8024437
8024504
8024512
8024559
8024572
8024893
8024942
8025027
8025578
8025780
8025809
8025917
8026290
8026632
8027019
8027034
8027116
8027152
8027350
8027509
8027514
8027537
8027657
8027720
8027784
8027905
8028027
8028167
8028583
8028906
8028964
8029114
8029168
8029224
8029257
8029284
8029457
8029627
8029784
8029925
8029943
8030415
8030453
8030518
8030656
8030729
8031091
8031188
8031224
8031276
8031290
8031311
8031414
8031443
8031472
8031513
8031574
8031614
8031628
8031907
8031953
8032103
8032205
8032300
8032310
8032364
8032408
8032412
8032605
8032680
8032809
8033100
8033349
8033488
8033536
8033559
8033596
8033863
8033880
8034238
8034330
8034445
8034586
8034618
8034624
8034660
8034683
8034971
8035151
8035201
8035233
8035385
8035408
8035543
8035610
8035709
8035760
8035774
8035856
8035958
8036172
8036395
8036475
8036603
8036670
8036727
8036992
8037058
8037488
8037504
8037602
8037813
8038247
8038414
8038439
8038782
8038841
8038864
8039319
8039700
8039829
8040206
8040459
8040549
8040646
8040720
8040777
8040923
8041036
8041186
8041212
8041467
8041491
8041707
8041748
8041856
8041969
8042083
8042265
8042503
8042504
8042541
8042582
8042632
8042651
8043133
8043307
8043510
8043580
8043902
8044027
8044150
8044235
8044341
8044401
8044430
8044438
8044592
8044693
8044801
8044942
8045052
8045075
8045101
8045250
8045262
8045267
8045441
8045469
8045681
8045838
8045897
8045952
8045959
8046112
8046228
8046439
8046569
8046600
8046679
8046939
8047098
8047219
8047296
8047486
8047593
8047760
8047842
8047859
8047884
8048029
8048140
8048489
8048606
8048645
8049059
8049120
8049351
8049458
8049536
8049685
8049753
8049763
8049887
8049890
8049901
8049917
8049923
8049925
8050286
8050611
8050666
8050698
8050708
8050731
8050760
8050928
8051286
8051460
8051565
8051897
8052181
8052185
8052204
8052222
8052295
8052351
8052705
8052745
8052814
8052857
8053020
8053076
8053413
8053521
8053630
8053650
8053652
8053790
8053910
8054167
8054206
8054224
8054475
8054604
8054732
8054738
8054744
8054822
8055145
8055387
8055432
8055463
8055525
8055728
8055826
8055848
8055905
8056027
8056074
8056102
8056154
8056364
8056486
8056496
8056604
8056726
8056730
8056773
8056861
8057172
8057380
8057571
8057596
8057657
8057668
8057941
8057984
8058021
8058510
8058525
8058784
8059432
8059457
8059606
8059769
8059999
8060009
8060204
8060621
8060717
8060722
8060782
8060887
8061046
8061059
8061166
8061180
8061291
8061292
8061485
8061507
8061613
8061758
8061950
8062015
8062060
8062120
8062405
8062455
8062749
8062762
8062946
8063080
8063200
8063375
8063410
8063427
8063493
8063495
8063561
8063663
8063697
8063851
8064016
8064066
8064412
8064654
8064840
8065104
8065146
8065209
8065421
8065465
8065557
8065571
8065613
8065745
8065772
8065879
8065956
8066041
8066287
8066501
8066847
8066907
8066997
8067088
8067239
8067953
8068079
8068085
8068094
8068258
8068840
8068844
8068926
8068930
8069017
8069032
8069046
8069057
8069441
8069478
8069557
8069607
8069685
8069725
8069975
8070134
8070160
8070207
8070221
8070227
8070239
8070371
8070402
8070528
8070791
8070974
8071151
8071225
8071231
8071301
8071381
8071453
8071490
8071538
8071785
8071850
8071872
8071981
8072067
8072209
8072371
8072563
8072658
8072771
8073056
8073107
8073174
8073208
8073276
8073465
8073481
8073776
8073851
8073985
8074069
8074076
8074093
8074094
8074119
8074158
8074235
8074384
8074445
8074491
8074735
8074756
8074848
8074976
8074993
8075028
8075081
8075084
8075178
8075316
8076068
8076156
8076223
8076266
8076290
8076297
8076469
8076531
8076708
8076862
8076907
8076947
8077007
8077054
8077157
8077412
8077462
8077471
8077529
8077601
8077671
8077677
8077794
8077812
8077876
8077895
8077900
8077928
8078045
8078059
8078134
8078398
8078444
8078521
8078820
8078835
8079021
8079248
8079340
8079420
8079448
8079484
8079657
8079715
8079731
8079910
8079965
8080101
8080119
8080135
8080347
8080351
8080363
8080648
8080928
8080975
8081002
8081029
8081141
8081155
8081271
8081331
8081401
8081683
8081846
8082003
8082004
8082076
8082109
8082240
8082279
8082308
8082405
8082471
8082586
8082612
8082713
8082991
8083458
8083526
8083654
8083724
8083820
8083909
8083926
8084135
8084658
8084711
8084994
8085135
8085347
8085354
8085505
8085787
8085961
8086040
8086080
8086194
8086425
8086506
8086717
8086873
8087183
8087221
8087475
8087515
8087895
8088011
8088135
8088159
8088187
8088274
8088291
8088427
8088569
8088602
8088686
8088747
8088788
8088958
8089074
8089106
8089119
8089272
8089352
8089635
8089768
8089770
8089886
8089893
8089943
8090023
8090271
8090404
8090433
8090693
8090723
8090912
8091188
8091230
8091296
8091452
8091654
8091750
8092017
8092048
8092224
8092316
8092344
8092607
8092648
8092659
8092912
8093261
8093386
8093464
8093523
8093528
8093809
8093917
8094029
8094569
8094590
8094700
8094728
8095187
8095204
8095280
8095282
8095296
8095394
8095421
8095487
8095588
8095628
8095842
8095926
8095967
8096065
8096113
8096420
8096517
8096710
8096765
8096820
8096888
8096899
8096950
8096985
8097351
8097396
8097428
8097545
8097590
8097625
8097680
8097870
8097931
8098116
8098141
8098155
8098300
8098575
8098726
8098737
8098795
8098926
8098957
8099019
8099021
8099156
8099160
8099407
8099735
8099741
8099896
8100056
8100067
8100249
8100331
8100407
8100612
8100692
8100769
8100774
8100797
8100875
8100900
8100927
8100953
8101228
8101301
8101381
8101511
8101718
8101745
8101866
8101941
8101943
8101987
8102010
8102451
8102609
8102808
8102834
8102923
8102939
8103054
8103080
8103514
8103560
8103580
8103712
8104069
8104247
8104259
8104682
8104800
8104978
8105058
8105091
8105184
8105325
8105390
8105425
8105479
8105487
8105509
8105703
8105789
8105807
8105919
8106012
8106032
8106103
8106154
8106157
8106414
8106498
8106643
8106661
8106675
8106987
8107004
8107280
8107380
8107389
8107755
8107761
8107830
8108057
8108184
8108740
8108808
8108824
8108943
8108983
8109129
8109455
8109580
8109601
8109608
8109638
8109830
8109960
8110115
8110193
8110267
8110365
8110389
8110399
8110447
8110568
8110852
8110883
8110975
8111016
8111150
8111181
8111273
8111290
8111359
8111583
8111616
8111734
8111753
8111809
8111910
8111944
8112191
8112275
8112407
8112432
8112675
8112781
8112883
8112918
8113157
8113215
8113280
8113286
8113523
8113755
8113772
8113861
8114287
8114504
8114505
8114666
8114788
8114814
8114989
8115281
8115317
8115365
8115522
8115638
8115665
8115684
8115770
8115783
8115824
8116034
8116242
8116457
8116469
8116586
8116669
8116671
8116681
8116913
8116930
8116932
8117120
8117351
8117440
8117448
8117529
8117878
8117994
8118134
8118135
8118257
8118291
8118518
8118536
8118600
8118661
8118933
8119032
8119143
8119191
8119540
8119557
8119981
8120109
8120134
8120209
8120446
8120531
8120604
8120616
8120785
8120959
8120965
8120968
8121166
8121184
8121376
8121419
8121679
8121752
8122171
8122205
8122217
8122269
8122295
8122395
8122500
8122751
8122823
8122877
8123033
8123080
8123094
8123131
8123187
8123204
8123249
8123675
8123677
8123887
8123952
8123972
8124018
8124057
8124151
8124168
8124266
8124498
8124556
8124589
8124999
8125018
8125061
8125186
8125189
8125403
8125617
8125752
8125998
8126059
8126165
8126389
8126398
8126604
8126630
8126822
8126824
8126834
8126888
8126936
8127068
8127141
8127177
8127308
8127518
8127597
8127618
8127778
8127871
8127887
8127968
8127969
8128034
8128070
8128090
8128137
8128344
8128364
8128831
8128859
8128953
8129029
8129068
8129155
8129503
8129613
8129619
8129957
8130132
8130512
8130564
8130734
8130740
8130786
8130945
8131210
8131329
8131374
8131596
8131634
8131672
8132035
8132044
8132151
8132172
8132258
8132366
8132607
8132708
8132750
8132794
8132994
8133239
8133492
8133531
8133683
8133916
8134038
8134040
8134482
8134487
8134564
8134794
8134929
8135117
8135161
8135253
8135354
8135365
8135407
8135480
8135489
8135791
8135798
8135842
8136407
8136692
8136734
8136863
8136925
8137251
8137439
8137524
8137682
8137834
8137868
8138059
8138062
8138071
8138081
8138116
8138229
8138282
8138311
8138355
8138457
8138740
8138745
8138791
8138808
8138911
8139034
8139237
8139253
8139480
8139559
8139597
8139657
8139733
8139762
8139856
8139880
8140039
8140045
8140049
8140162
8140335
8140437
8140451
8140489
8140777
8140855
8140966
8141024
8141101
8141285
8141310
8141322
8141430
8141463
8141749
8141756
8141979
8142266
8142371
8142473
8142610
8142693
8142718
8143057
8143396
8143412
8143644
8143648
8143671
8143748
8143914
8143947
8143965
8144172
8144442
8144448
8144489
8144567
8144787
8144897
8144973
8145111
8145151
8145246
8145486
8145583
8145594
8145713
8145865
8145937
8145971
8146038
8146190
8146233
8146244
8146335
8146454
8146505
8146526
8146572
8146662
8146743
8146850
8146862
8147052
8147123
8147332
8147549
8147706
8147743
8147764
8147834
8147871
8147886
8147959
8148011
8148044
8148180
8148298
8148314
8148485
8148526
8148535
8148588
8148656
8148756
8148957
8149228
8149236
8149325
8149369
8149499
8149598
8149895
8149929
8149971
8150032
8150208
8150289
8150351
8150425
8150553
8150834
8150847
8150955
8150973
8151151
8151180
8151355
8151413
8151480
8151492
8151584
8151679
8151965
8152034
8152229
8152239
8152379
8152407
8152585
8152650
8152689
8152723
8152745
8152794
8152826
8152927
8152934
8153089
8153093
8153224
8153254
8153389
8153908
8154001
8154121
8154173
8154299
8154506
8154580
8154789
8154816
8154911
8155167
8155430
8155528
8155774
8155808
8155865
8155893
8156052
8156222
8156346
8156381
8156447
8156488
8156698
8156805
8156861
8157204
8157264
8157516
8157549
8157685
8157764
8157803
8158094
8158208
8158244
8158316
8158555
8158648
8158683
8158708
8158709
8158725
8158848
8159242
8159248
8159251
8159271
8159367
8159411
8159548
8159581
8159802
8160093
8160125
8160215
8160304
8160355
8160460
8160610
8160930
8161189
8161447
8161805
8161807
8161890
8162003
8162120
8162220
8162505
8162543
8162801
8162843
8163023
8163033
8163111
8163206
8163388
8163694
8163891
8163996
8164101
8164158
8164195
8164223
8164380
8164747
8164818
8165040
8165239
8165334
8165415
8165420
8165509
8165516
8165540
8166010
8166057
8166292
8166466
8166676
8166733
8166943
8166994
8167026
8167034
8167185
8167320
8167428
8167637
8167751
8167847
8167935
8168207
8168557
8168596
8168958
8169006
8169022
8169023
8169068
8169217
8169368
8169389
8169452
8169523
8169569
8169759
8169833
8169858
8169859
8169898
8170093
8170166
8170184
8170371
8170376
8170620
8170775
8170783
8171039
8171097
8171383
8171410
8171421
8171744
8171757
8172164
8172379
8172420
8172442
8172560
8172669
8172825
8172836
8172846
8172888
8173220
8173252
8173274
8173491
8173540
8173888
8174025
8174157
8174230
8174404
8174491
8174520
8174627
8174663
8174795
8174832
8174848
8174864
8174878
8174917
8174957
8175024
8175148
8175348
8175554
8175690
8175724
8175829
8175834
8175878
8175965
8176113
8176186
8176227
8176241
8176380
8176421
8176545
8176642
8176688
8176700
8176778
8176855
8176912
8176914
8177020
8177045
8177189
8177317
8177351
8177431
8177818
8178063
8178482
8178726
8178764
8178843
8179523
8179627
8179761
8180031
8180177
8180495
8180556
8180895
8181068
8181228
8181409
8181430
8181526
8181565
8181879
8181887
8182007
8182272
8182412
8182477
8182669
8182904
8182988
8183096
8183279
8183287
8183479
8183596
8183607
8183779
8184029
8184129
8184174
8184217
8184388
8184605
8184814
8184870
8184897
8184944
8185036
8185039
8185056
8185061
8185081
8185238
8185572
8185625
8185799
8185963
8186168
8186198
8186281
8186291
8186791
8187127
8187204
8187265
8187632
8187891
8187934
8188024
8188053
8188065
8188304
8188315
8188336
8188647
8188709
8188870
8188893
8188896
8189083
8189184
8189212
8189214
8189287
8189325
8189345
8189680
8189798
8189887
8189964
8190223
8190410
8190525
8190600
8190849
8190873
8191132
8191172
8191328
8191356
8191403
8191603
8191659
8191665
8191745
8191853
8191943
8191961
8191969
8191989
8192132
8192230
8192241
8192532
8192883
8192894
8192908
8192921
8192974
8193250
8193281
8193351
8193424
8193543
8193632
8193948
8194000
8194166
8194180
8194244
8194251
8194366
8194681
8194928
8194932
8194941
8195129
8195243
8195335
8195363
8195530
8195580
8195597
8195688
8195734
8195912
8196104
8196173
8196212
8196269
8196573
8196596
8196652
8196966
8197130
8197228
8197356
8197376
8197407
8197429
8197452
8197472
8197506
8197616
8197621
8197655
8197680
8197682
8198073
8198089
8198170
8198253
8198377
8198478
8198683
8198719
8198941
8198952
8199026
8199103
8199138
8199247
8199258
8199314
8199399
8199409
8199711
8199720
8199916
8200005
8200142
8200149
8200251
8200300
8200326
8201044
8201178
8201446
8201795
8201859
8202038
8202108
8202168
8202233
8202348
8202365
8202415
8202518
8202562
8202830
8203162
8203182
8203385
8203581
8203583
8203760
8203833
8203850
8203857
8204095
8204124
8204179
8204180
8204182
8204190
8204318
8204404
8204443
8204557
8204699
8204817
8204822
8204856
8204929
8205111
8205234
8205299
8205338
8205555
8205628
8205702
8205752
8205765
8205804
8206076
8206356
8206432
8206571
8206627
8206761
8206814
8206839
8206945
8207078
8207086
8207102
8207252
8207256
8207328
8207400
8207532
8207561
8207604
8207770
8207983
8208229
8208323
8208477
8208525
8208640
8208645
8208664
8208703
8208757
8208927
8208952
8209002
8209086
8209234
8209413
8209446
8209453
8209458
8209632
8209662
8209701
8209843
8209898
8210030
8210186
8210647
8210675
8210994
8211156
8211257
8211315
8211587
8211712
8211742
8211776
8211811
8211926
8211954
8211967
8212025
8212101
8212195
8212264
8212275
8212318
8212621
8213053
8213081
8213138
8213210
8213250
8213448
8213542
8213619
8213621
8213706
8213757
8214035
8214107
8214276
8214354
8214450
8214567
8214577
8214619
8214665
8214711
8215001
8215020
8215306
8215424
8215463
8215481
8215483
8215490
8215895
8215927
8215968
8216043
8216081
8216130
8216336
8216341
8216392
8216421
8216731
8216765
8217020
8217024
8217158
8217222
8217484
8217494
8217543
8217649
8217748
8217822
8217834
8218327
8218855
8218931
8219006
8219083
8219222
8219273
8219381
8219475
8219709
8219757
8219894
8220031
8220303
8220391
8220549
8220660
8220668
8220727
8220789
8220827
8220875
8221130
8221679
8221693
8221700
8222097
8222240
8222248
8222297
8222463
8222476
8222759
8222882
8223055
8223113
8223115
8223224
8223259
8223395
8223463
8223488
8223541
8223651
8223926
8223973
8224010
8224018
8224631
8224763
8224774
8224845
8224849
8224882
8225007
8225169
8225343
8225467
8225487
8225511
8225602
8225738
8225791
8226144
8226151
8226240
8226482
8226710
8226784
8226902
8227021
8227185
8227226
8227283
8227493
8227801
8227973
8228042
8228305
8228345
8228417
8228443
8228528
8228572
8228646
8228849
8228882
8229092
8229546
8229553
8229871
8230036
8230042
8230186
8230233
8230275
8230372
8230415
8230419
8230665
8230805
8230903
8230944
8230945
8231013
8231489
8231502
8231580
8231600
8231820
8231888
8231920
8231953
8232031
8232051
8232064
8232189
8232659
8232760
8232930
8233116
8233243
8233277
8233282
8233355
8233475
8233552
8233625
8233828
8233987
8234081
8234276
8234406
8234420
8234606
8234918
8235008
8235192
8235216
8235310
8235434
8235484
8235537
8235797
8235919
8235994
8236007
8236088
8236172
8236211
8236273
8236739
8236850
8236856
8236861
8236987
8237211
8237335
8237415
8237425
8237432
8237649
8238093
8238205
8238297
8238603
8238717
8238791
8238891
8239019
8239131
8239206
8239208
8239293
8239396
8239464
8239696
8239725
8239750
8239813
8239947
8240017
8240367
8240925
8240998
8241042
8241127
8241473
8241479
8241578
8242201
8242214
8242347
8242391
8242544
8242563
8242895
8242936
8242997
8243109
8243295
8243654
8243803
8244159
8244180
8244293
8244328
8244590
8244733
8244850
8244931
8244945
8244984
8245032
8245042
8245162
8245370
8245409
8245521
8245579
8245647
8245659
8245677
8245725
8245760
8245766
8246242
8246337
8246353
8246360
8246368
8246552
8246861
8247266
8247305
8247327
8247354
8247384
8247660
8247697
8247830
8247956
8248103
8248217
8248405
8248452
8248650
8248823
8248995
8249051
8249068
8249074
8249219
8249303
8249345
8249434
8249587
8249608
8249803
8250206
8250325
8250584
8250617
8250635
8250795
8250845
8250857
8250977
8251136
8251262
8251291
8251293
8251917
8251987
8252012
8252096
8252246
8252350
8252489
8252583
8252735
8252738
8252826
8252828
8252855
8252888
8253148
8253193
8253217
8253244
8253600
8253679
8254005
8254284
8254316
8254333
8254469
8254532
8254533
8254547
8254859
8254892
8255084
8255112
8255237
8255554
8255858
8256371
8256376
8256596
8256821
8257211
8257317
8257319
8257407
8257711
8257813
8257943
8258141
8258192
8258203
8258231
8258386
8258623
8259032
8259296
8259532
8259623
8259775
8260087
8260091
8260119
8260176
8260292
8260331
8260506
8260828
8261012
8261196
8261481
8261533
8261672
8261711
8261761
8261902
8262080
8262167
8262193
8262322
8262331
8262612
8262709
8263086
8263506
8263660
8263662
8263685
8263686
8263966
8264098
8264137
8264207
8264235
8264315
8264368
8264376
8264484
8264521
8264699
8264771
8264801
8265005
8265009
8265039
8265172
8265186
8265317
8265338
8265372
8265689
8265715
8265786
8265995
8266019
8266033
8266107
8266402
8266463
8266535
8266592
8266617
8266728
8266865
8266866
8266890
8266947
8267019
8267028
8267033
8267244
8267298
8267520
8267521
8267582
8267623
8267696
8267826
8267985
8268110
8268142
8268270
8268292
8268319
8268332
8268416
8268554
8268818
8268891
8269012
8269102
8269139
8269248
8269280
8269751
8269788
8269859
8270152
8270241
8270756
8270824
8270874
8270890
8271090
8271234
8271283
8271609
8271637
8271674
8271793
8271875
8271927
8271936
8272024
8272146
8272250
8272349
8272388
8272533
8272701
8272856
8272880
8273166
8273192
8273445
8273570
8273643
8273847
8274121
8274211
8274399
8274407
8274590
8274800
8274990
8275036
8275466
8275565
8275667
8275723
8275794
8275857
8275973
8276033
8276266
8276309
8276317
8276411
8276499
8276547
8276693
8276822
8276860
8276940
8276997
8277146
8277176
8277185
8277225
8277238
8277255
8277266
8277275
8277424
8277441
8277450
8277498
8277512
8277570
8277735
8277772
8277982
8278061
8278067
8278279
8278402
8278531
8278560
8278593
8278626
8278756
8278760
8278764
8278849
8279047
8279110
8279374
8279476
8279508
8279692
8279772
8279895
8279980
8280036
8280053
8280082
8280134
8280232
8280822
8280972
8281085
8281090
8281160
8281224
8281231
8281292
8281342
8281435
8281451
8281464
8281474
8281482
8281547
8281670
8281861
8281880
8281910
8282055
8282154
8282222
8282223
8282334
8282439
8282502
8282767
8282922
8282965
8283025
8283147
8283149
8283210
8283345
8283476
8283541
8283564
8283574
8283576
8283798
8283829
8284120
8284219
8284381
8284404
8284595
8284600
8284718
8284764
8284911
8284926
8284978
8285065
8285114
8285254
8285444
8285590
8285599
8285651
8285742
8285858
8286057
8286212
8286359
8286476
8286494
8286721
8286760
8287036
8287156
8287188
8287288
8287327
8287560
8287591
8287610
8287692
8287702
8287784
8287861
8287876
8287988
8288069
8288533
8288611
8288793
8288996
8289025
8289192
8289407
8289462
8289549
8289600
8289623
8289762
8289938
8289952
8289994
8290054
8290123
8290208
8290313
8290391
8290401
8290408
8290452
8290536
8290734
8290752
8290919
8290933
8290938
8291020
8291040
8291318
8291572
8291694
8291729
8291843
8292065
8292482
8292520
8292854
8292934
8293050
8293058
8293068
8293230
8293361
8293419
8293700
8293738
8293841
8293937
8294046
8294079
8294253
8294357
8294510
8294533
8294858
8294866
8294952
8294955
8294980
8294993
8295109
8295125
8295472
8295548
8295595
8295633
8295701
8295834
8296016
8296087
8296181
8296262
8296331
8296404
8296497
8296573
8296632
8296708
8296798
8296856
8297303
8297506
8297633
8297674
8297689
8297715
8297831
8297871
8298051
8298085
8298146
8298318
8298454
8298575
8298628
8298640
8298739
8298883
8299026
8299067
8299203
8299272
8299468
8299558
8299598
8299654
8299685
8299914
8299933
8299953
8300098
8300124
8300169
8300198
8300238
8300856
8300888
8300985
8301071
8301138
8301220
8301233
8301378
8301604
8301674
8301941
8302282
8302396
8302421
8302458
8302539
8302656
8302871
8302895
8302925
8303025
8303035
8303064
8303112
8303147
8303212
8303321
8303488
8303499
8304000
8304020
8304325
8304346
8304591
8304612
8304772
8304784
8304793
8304799
8304817
8304988
8305144
8305200
8305336
8305350
8305524
8305617
8305987
8306057
8306072
8306112
8306133
8306148
8306339
8306484
8306780
8306795
8306812
8306868
8306880
8307127
8307167
8307348
8307417
8307426
8307452
8307559
8307682
8307703
8307735
8307737
8307962
8308000
8308177
8308311
8308330
8308365
8308450
8308466
8308494
8308509
8308526
8308771
8308795
8308945
8309031
8309036
8309291
8309318
8309582
8309654
8309709
8309853
8309919
8309945
8310129
8310158
8310206
8310207
8310301
8310349
8310621
8310700
8310928
8311033
8311238
8311367
8311418
8311950
8311964
8311989
8312148
8312159
8312202
8312417
8312520
8312669
8313094
8313403
8313551
8313597
8313661
8313688
8313771
8313840
8313935
8313957
8314032
8314308
8314315
8314433
8314444
8314469
8314534
8314597
8314634
8314765
8314775
8314926
8314990
8315493
8315587
8315714
8315802
8315896
8315956
8315967
8316009
8316044
8316286
8316737
8316889
8317266
8317474
8317610
8317653
8317791
8317983
8318061
8318101
8318158
8318174
8318193
8318329
8318579
8318877
8318890
8319009
8319125
8319303
8319383
8319543
8319622
8319638
8319672
8320036
8320058
8320158
8320357
8320374
8320575
8320626
8320655
8320752
8320815
8320826
8320858
8320883
8320899
8320965
8321005
8321076
8321192
8321208
8321387
8321425
8321625
8321677
8321738
8321750
8321819
8322203
8322437
8322566
8322589
8322701
8322754
8323043
8323339
8323499
8323584
8323752
8323777
8323979
8324035
8324195
8324345
8324641
8324853
8325012
8325328
8325338
8325513
8325681
8325767
8325886
8326238
8326337
8326386
8326397
8326573
8326598
8326682
8326689
8327042
8327059
8327077
8327184
8327232
8327270
8327449
8327452
8327476
8327665
8327699
8327780
8327788
8327915
8328420
8328455
8328583
8328623
8328625
8328966
8329016
8329187
8329261
8329779
8329795
8329852
8330006
8330069
8330515
8330659
8330744
8330876
8331230
8331297
8331357
8331391
8331400
8331698
8331702
8331816
8331855
8331886
8331909
8332058
8332101
8332194
8332386
8332401
8332495
8332696
8332719
8332943
8333378
8333536
8333596
8333611
8333687
8333741
8333804
8333842
8333846
8333847
8333987
8334013
8334122
8334238
8334296
8334481
8334599
8334681
8334875
8334935
8335161
8335516
8335523
8335566
8335672
8335727
8335856
8335864
8335957
8336123
8336168
8336203
8336696
8336720
8336910
8336916
8336970
8337144
8337168
8337394
8337478
8337546
8337988
8337996
8338006
8338044
8338093
8338272
8338295
8338380
8338393
8338430
8338462
8338551
8338755
8338817
8338874
8339002
8339050
8339121
8339140
8339206
8339210
8339388
8339592
8339720
8339808
8340268
8340281
8340536
8340634
8340732
8340766
8340870
8340953
8341029
8341058
8341065
8341133
8341393
8341539
8341859
8342176
8342188
8342196
8342357
8342365
8342390
8342626
8342702
8343182
8343573
8343716
8343717
8343834
8343837
8343847
8344289
8344293
8344458
8344988
8345151
8345201
8345416
8345740
8345779
8345851
8345921
8345962
8346193
8346297
8346461
8346468
8346481
8346651
8346893
8346894
8346968
8346996
8347042
8347363
8347391
8347462
8347485
8347680
8347720
8347837
8347891
8348054
8348281
8348325
8348378
8348480
8348564
8348693
8348754
8348832
8349264
8349270
8349273
8349284
8349308
8349365
8349687
8349898
8350102
8350174
8350304
8350463
8350586
8350882
8351043
8351058
8351066
8351085
8351089
8351132
8351145
8351183
8351193
8351418
8351570
8351804
8351805
8352275
8352326
8352364
8352760
8353097
8353488
8353582
8353609
8353714
8353927
8353929
8353958
8354007
8354020
8354036
8354098
8354164
8354165
8354235
8354283
8354334
8354366
8354398
8354426
8354785
8354789
8354798
8354898
8354900
8354908
8354950
8355151
8355156
8355614
8355643
8356117
8356259
8356434
8356541
8356628
8356737
8356791
8356793
8356889
8356943
8356968
8357036
8357141
8357248
8357251
8357444
8357639
8357663
8357769
8357933
8357987
8358009
8358056
8358065
8358507
8358536
8358633
8358642
8358647
8358686
8358911
8359040
8359073
8359134
8359320
8359427
8359444
8359525
8359729
8359844
8359976
8360002
8360168
8360445
8360500
8360516
8360561
8360687
8360710
8360787
8360815
8360969
8361017
8361179
8361290
8361350
8361378
8361388
8361409
8361562
8361592
8361913
8362066
8362097
8362213
8362299
8362334
8362398
8362526
8362709
8362915
8362976
8363045
8363088
8363578
8363614
8363916
8363960
8363994
8363995
8364137
8364219
8364240
8364327
8364463
8364538
8364880
8364941
8364994
8365046
8365078
8365086
8365222
8365259
8365339
8365425
8365528
8365559
8365683
8365706
8365743
8365783
8365934
8366014
8366016
8366019
8366455
8366550
8366641
8366650
8366757
8366829
8366855
8366924
8367000
8367461
8367506
8367537
8367566
8367762
8367819
8367868
8368577
8368588
8368627
8368804
8368820
8369118
8369224
8369340
8369362
8369468
8369714
8369753
8369855
8369885
8370028
8370114
8370147
8370201
8370466
8370620
8370720
8370929
8371236
8371316
8371763
8372273
8372419
8372624
8372758
8372767
8372779
8372932
8372934
8373357
8373499
8373509
8373765
8373938
8374077
8374139
8374152
8374181
8374183
8374198
8374260
8374264
8374449
8374562
8374677
8374856
8375042
8375430
8375544
8375685
8375879
8375944
8375982
8376073
8376082
8376094
8376108
8376122
8376244
8376297
8376365
8376393
8376485
8376562
8376575
8376667
8376777
8377065
8377152
8377285
8377329
8377540
8377658
8377730
8377809
8377862
8377882
8377894
8378030
8378287
8378343
8378353
8378406
8378471
8378491
8378669
8378757
8378842
8378914
8378957
8378966
8379025
8379047
8379147
8379374
8379414
8379555
8379766
8379913
8379918
8380167
8380170
8380213
8380230
8380273
8380280
8380894
8380935
8381135
8381340
8381353
8381658
8381676
8381779
8381839
8381912
8381929
8382175
8382244
8382290
8382302
8382347
8382351
8382384
8382387
8382422
8382441
8382555
8382779
8382844
8382961
8383263
8383344
8383363
8383550
8383769
8383789
8383831
8383954
8384009
8384197
8384224
8384250
8384489
8384531
8384553
8384571
8384630
8384793
8384915
8384951
8384972
8385021
8385041
8385135
8385216
8385255
8385325
8385355
8385487
8385591
8385636
8385645
8385886
8386136
8386160
8386165
8386488
8386894
8386975
8387037
8387162
8387240
8387317
8387431
8387539
8387759
8387790
8387843
8387905
8387997
8388027
8388254
8388306
8388588
8388596
8388758
8388923
8389029
8389244
8389329
8389390
8389712
8389771
8389934
8389957
8390055
8390390
8390439
8390661
8390730
8390818
8390837
8390902
8390945
8391182
8391291
8391296
8391464
8391467
8391521
8391570
8391607
8391676
8391727
8391894
8392041
8392159
8392184
8392195
8392255
8392257
8392406
8392812
8392833
8392916
8393001
8393102
8393181
8393237
8393267
8393287
8393730
8393838
8393851
8394071
8394268
8394319
8394377
8394446
8394554
8394853
8394862
8394866
8395072
8395169
8395170
8396024
8396164
8396239
8396256
8396420
8396434
8396532
8396608
8396618
8396671
8397084
8397095
8397115
8397310
8397311
8397314
8397478
8397622
8397632
8397669
8398535
8398694
8398836
8398991
8399093
8399337
8399373
8399532
8399609
8399622
8399843
8399900
8400066
8400080
8400361
8400391
8400616
8400619
8400884
8400953
8401092
8401115
8401392
8401395
8401781
8401797
8401933
8401956
8402018
8402223
8402406
8402419
8402535
8402695
8402708
8402816
8403050
8403361
8403438
8403459
8403940
8404113
8404447
8404508
8404516
8404808
8404931
8404978
8404996
8405191
8405558
8405577
8405799
8405816
8405846
8406210
8406285
8406309
8406433
8406514
8407242
8407402
8407458
8407476
8407515
8407647
8407737
8407769
8407784
8408006
8408209
8408291
8408337
8408369
8408383
8408425
8408531
8408561
8408756
8408843
8408850
8408883
8408910
8409043
8409159
8409222
8409289
8409403
8409475
8409483
8409594
8409679
8409721
8410266
8410315
8410381
8410404
8410576
8410727
8411076
8411134
8411251
8411380
8411609
8411655
8411708
8411737
8411868
8412015
8412034
8412173
8412444
8412659
8412708
8412767
8412832
8412926
8412949
8413041
8413120
8413207
8413243
8413321
8413343
8413468
8413522
8413593
8413735
8413843
8413858
8414097
8414226
8414437
8414543
8414628
8414663
8414819
8415003
8415032
8415241
8415243
8415312
8415328
8415505
8415547
8415741
8415760
8416083
8416090
8416096
8416111
8416118
8416192
8416242
8416332
8416461
8416488
8416495
8416519
8416541
8416692
8416695
8416894
8416979
8417123
8417169
8417246
8417278
8417305
8417866
8417937
8418230
8418360
8418431
8418477
8418743
8418902
8418924
8418958
8418970
8419499
8419964
8419996
8420109
8420209
8420225
8420319
8420465
8420564
8421153
8421162
8421176
8421193
8421258
8421368
8421462
8421474
8421580
8421722
8421769
8421793
8421960
8421965
8421984
8422056
8422061
8422066
8422114
8422287
8422381
8422446
8422460
8422732
8423145
8423219
8423247
8423303
8423516
8423569
8424300
8424393
8424500
8424521
8424599
8424627
8424797
8424889
8425110
8425233
8425246
8425458
8425582
8425840
8425866
8425889
8425928
8426011
8426154
8426228
8426550
8426589
8426786
8426823
8426845
8427084
8427437
8427504
8427522
8427598
8427762
8427813
8427874
8428087
8428528
8428767
8428871
8429018
8429086
8429259
8429692
8429836
8430021
8430078
8430091
8430322
8430626
8430722
8430728
8431082
8431099
8431105
8431416
8431602
8431625
8431669
8431827
8431852
8432025
8432165
8432342
8432368
8432482
8432573
8432583
8433015
8433050
8433093
8433255
8433511
8433520
8433582
8433726
8433873
8433920
8434071
8434088
8434215
8434252
8434334
8434349
8434392
8434463
8434511
8434532
8434612
8434732
8434876
8434954
8435084
8435104
8435126
8435145
8435160
8435191
8435745
8435951
8435955
8436025
8436099
8436197
8436510
8436530
8436706
8436751
8436771
8437037
8437048
8437193
8437482
8437613
8437826
8437866
8437902
8437948
8438048
8438087
8438323
8438363
8438392
8438816
8438980
8439023
8439334
8439406
8439581
8439642
8439679
8439865
8439876
8439931
8439972
8440123
8440124
8440126
8440156
8440163
8440385
8440423
8440477
8440514
8440599
8440703
8440746
8441220
8441230
8441324
8441390
8441405
8441466
8441670
8441697
8442166
8442329
8442700
8442708
8443438
8443443
8443518
8443556
8443569
8443638
8443784
8443808
8443816
8443828
8444407
8444516
8444587
8444631
8444641
8444836
8444849
8444863
8444970
8445153
8445286
8445367
8445400
8445440
8445504
8445575
8445608
8445677
8445684
8445890
8445916
8446024
8446110
8446127
8446231
8446318
8446485
8446596
8446660
8446768
8446938
8447151
8447352
8447583
8447595
8447746
8448250
8448284
8448370
8448468
8448666
8448694
8448993
8449043
8449104
8449133
8449187
8449219
8449528
8449747
8449863
8450247
8450302
8450358
8450456
8450496
8450500
8450596
8450669
8450677
8450887
8450915
8451117
8451128
8451281
8451310
8451346
8451347
8451362
8451388
8451574
8451579
8451644
8451723
8451744
8451787
8451800
8451895
8452081
8452127
8452169
8452182
8452205
8452331
8452494
8452540
8452822
8452891
8452897
8452899
8452921
8452933
8452935
8453147
8453594
8453629
8453664
8453755
8453822
8453883
8453939
8453941
8453943
8454069
8454070
8454193
8454413
8454418
8454435
8454654
8454810
8454956
8455066
8455073
8455093
8455184
8455198
8455231
8455343
8455404
8455869
8455922
8456020
8456283
8456436
8456545
8456551
8456629
8456638
8456689
8456767
8456804
8456818
8456900
8456934
8457064
8457089
8457162
8457270
8457301
8457430
8457653
8457771
8457958
8458277
8458289
8458326
8458355
8458559
8458603
8458621
8458678
8458737
8458756
8458776
8458981
8459027
8459308
8459364
8459482
8459490
8459596
8459722
8460135
8460146
8460188
8460318
8460373
8460479
8460704
8460758
8460800
8461122
8461345
8461396
8461417
8461510
8461519
8461539
8461623
8461708
8461757
8461905
8462024
8462103
8462210
8462310
8462396
8462414
8462450
8462718
8462751
8462768
8462901
8463063
8463079
8463115
8463128
8463138
8463331
8463417
8463467
8463762
8463825
8463885
8464385
8464391
8464600
8464633
8464664
8464795
8464796
8464798
8464829
8464870
8464881
8464982
8465034
8465064
8465168
8465238
8465282
8465356
8465386
8465434
8465566
8465684
8465708
8465805
8466142
8466150
8466272
8466349
8466498
8466780
8466800
8466829
8466863
8467396
8467620
8467736
8467803
8467990
8468067
8468256
8468323
8468662
8468665
8468959
8468970
8469461
8469492
8469656
8469686
8469795
8469883
8469962
8469996
8470608
8470640
8470677
8470690
8470776
8470976
8471116
8471311
8471485
8471563
8471736
8471791
8471969
8472108
8472149
8472154
8472258
8472282
8472463
8472474
8472574
8472599
8473031
8473216
8473278
8473287
8473317
8473484
8473588
8473607
8473707
8473864
8474022
8474080
8474283
8474354
8474438
8474503
8474507
8474579
8474748
8474770
8474897
8475037
8475174
8475355
8475483
8475602
8475644
8475730
8475755
8475876
8475885
8475952
8476003
8476186
8476280
8476403
8476434
8476462
8476530
8476549
8476580
8476776
8476976
8477183
8477219
8477308
8477607
8477667
8477704
8477735
8477742
8477834
8477861
8477953
8477974
8478032
8478099
8478112
8478202
8478298
8478303
8478366
8478424
8478472
8478595
8478600
8478619
8478622
8478661
8478713
8479006
8479085
8479090
8479112
8479133
8479236
8479405
8479467
8479505
8479554
8479609
8479707
8479956
8480004
8480016
8480073
8480360
8480401
8480418
8480464
8480741
8481028
8481181
8481325
8481401
8481414
8481427
8481475
8481578
8481635
8481775
8481844
8481963
8481973
8481996
8482242
8482270
8482591
8482624
8482978
8483042
8483096
8483202
8483207
8483367
8483392
8483427
8483477
8483540
8483650
8483987
8483995
8484022
8484350
8484535
8484630
8484673
8484721
8484740
8484858
8485076
8485316
8485675
8485704
8485709
8485777
8485830
8485942
8486358
8486391
8486549
8486561
8486616
8486716
8486929
8487170
8487277
8487421
8487625
8487665
8487703
8487784
8487912
8487990
8488040
8488085
8488119
8488162
8488177
8488578
8488883
8489009
8489061
8489177
8489222
8489262
8489277
8489307
8489606
8489635
8489702
8490137
8490164
8490180
8490183
8490269
8490328
8490463
8490469
8490524
8490802
8490808
8491025
8491049
8491063
8491300
8491396
8491587
8491625
8491745
8491760
8491820
8491966
8492132
8492150
8492273
8492300
8492438
8492563
8492777
8493070
8493119
8493160
8493385
8493561
8493889
8494118
8494206
8494332
8494531
8494543
8494592
8494732
8494785
8494854
8494978
8495106
8495197
8495262
8495329
8495379
8495505
8495525
8495707
8495854
8495942
8496098
8496227
8496292
8496346
8496888
8497078
8497086
8497381
8497447
8497542
8497545
8497553
8497662
8497763
8497777
8497780
8497821
8498105
8498650
8498765
8498881
8498898
8498942
8499085
8499190
8499265
8499412
8499439
8499506
8499539
8499651
8499695
8499803
8499809
8499818
8499819
8500189
8500309
8500317
8500483
8500673
8500703
8500888
8501119
8501457
8501464
8501504
8501582
8501712
8501881
8501888
8502027
8502038
8502085
8502109
8502141
8502159
8502200
8502283
8502356
8502374
8502411
8502475
8502510
8502706
8502804
8502902
8503175
8503433
8503469
8503496
8503664
8503940
8504030
8504237
8504343
8504386
8504406
8504449
8504465
8504704
8504705
8504720
8504757
8504789
8504844
8504992
8505380
8505508
8505524
8505769
8506044
8506108
8506232
8506311
8506486
8506728
8506803
8506845
8506969
8507279
8507299
8507347
8507372
8507418
8507429
8507437
8507548
8507813
8507917
8507991
8508129
8508281
8508300
8508397
8508455
8508864
8508942
8508961
8509006
8509021
8509439
8509455
8509534
8509565
8509741
8509763
8509773
8509903
8509973
8510051
8510118
8510281
8510456
8510592
8510642
8510668
8510669
8510677
8510701
8510733
8510736
8510862
8510981
8511013
8511073
8511109
8511148
8511273
8511385
8511532
8511559
8511617
8511678
8511697
8511934
8511979
8512139
8512257
8512359
8512568
8512593
8512611
8512711
8512747
8512784
8513077
8513237
8513355
8513399
8513442
8513540
8513568
8513595
8513638
8513655
8513744
8513831
8513834
8513974
8513998
8514145
8514200
8514309
8514347
8514438
8514484
8514526
8514647
8514685
8514762
8514790
8515127
8515409
8515492
8515590
8515657
8515805
8516000
8516134
8516549
8516817
8516839
8516930
8516935
8517130
8517224
8517262
8517627
8517674
8517675
8517923
8517943
8517990
8518006
8518026
8518101
8518547
8518616
8518639
8518669
8518763
8518827
8518845
8518898
8518958
8519176
8519177
8519180
8519217
8519254
8519342
8519448
8519749
8519846
8519895
8520006
8520320
8520361
8520390
8520464
8520523
8520633
8520814
8521022
8521058
8521380
8521416
8521507
8521770
8521950
8521953
8521972
8521993
8521994
8521999
8522107
8522130
8522194
8522352
8522387
8522389
8522411
8522580
8522604
8522630
8522843
8523113
8523147
8523301
8523449
8523588
8523678
8523709
8523769
8523805
8523984
8524022
8524187
8524436
8524656
8524714
8525150
8525440
8525447
8525565
8525641
8525895
8526138
8526298
8526303
8526544
8526591
8526853
8526905
8527080
8527245
8527297
8527370
8527473
8527534
8527872
8527904
8528115
8528316
8528365
8528372
8528519
8528721
8528948
8529473
8529529
8529554
8529568
8529633
8529669
8529747
8529771
8529846
8530273
8530391
8530538
8530746
8530817
8530825
8530976
8531006
8531256
8531395
8531479
8531494
8531556
8531564
8531648
8531793
8532315
8532492
8532531
8532793
8532843
8532855
8532904
8533064
8533201
8533351
8533411
8533492
8533514
8533754
8533821
8533835
8534009
8534252
8534304
8534388
8534410
8534443
8534457
8534732
8535115
8535221
8535265
8535324
8535362
8535518
8535554
8535605
8535723
8535751
8535768
8535912
8535917
8535968
8536048
8536080
8536303
8536385
8536531
8536726
8536928
8536955
8537093
8537114
8537127
8537206
8537367
8537548
8537703
8537736
8537788
8537829
8538201
8538232
8538693
8538773
8538824
8538861
8538869
8538916
8538919
8539141
8539200
8539226
8539401
8539712
8539808
8539868
8539885
8539954
8540038
8540116
8540161
8540208
8540225
8540424
8540572
8540597
8540700
8540706
8540973
8541521
8541821
8541904
8541985
8542040
8542082
8542178
8542209
8542236
8542388
8542587
8542600
8542605
8542946
8542956
8543050
8543103
8543766
8543786
8544046
8544067
8544096
8544123
8544133
8544171
8544174
8544419
8544546
8544593
8544653
8544670
8544887
8545105
8545113
8545168
8545194
8545222
8545239
8545384
8545441
8545607
8546080
8546193
8546287
8546359
8546552
8546741
8546874
8547234
8547244
8547327
8547475
8547508
8547851
8547872
8547950
8548131
8548158
8548219
8548394
8548443
8548462
8548543
8548584
8548675
8548822
8549010
8549102
8549111
8549514
8549685
8549780
8550046
8550110
8550154
8550249
8550354
8550496
8550520
8550605
8550635
8550765
8550856
8551004
8551041
8551087
8551256
8551287
8551330
8551369
8551424
8551458
8551539
8551565
8551599
8551717
8552011
8552027
8552131
8552378
8552401
8552463
8552550
8552599
8552608
8552657
8552692
8552715
8552772
8553060
8553067
8553245
8553350
8553365
8553427
8553464
8553511
8553724
8553890
8554061
8554098
8554144
8554212
8554242
8554778
8554784
8554789
8554812
8554848
8555108
8555719
8555808
8555879
8555960
8556053
8556060
8556281
8556301
8556439
8556607
8556646
8556699
8556766
8556823
8556824
8556830
8556978
8557333
8557343
8557454
8557632
8557778
8557859
8557877
8558003
8558233
8558292
8558573
8558710
8558719
8558825
8559084
8559103
8559110
8559172
8559347
8559729
8559738
8559815
8559894
8559975
8560167
8560251
8560399
8560463
8560536
8560678
8560876
8560882
8560928
8561069
8561309
8561421
8561497
8561753
8561951
8562080
8562087
8562141
8562204
8562451
8562565
8562671
8562752
8563039
8563237
8563281
8563287
8563629
8563712
8563774
8563782
8564112
8564169
8564330
8564417
8564431
8564609
8564654
8564745
8564831
8564898
8565058
8565245
8565334
8565410
8565444
8565482
8565945
8566129
8566379
8566396
8566411
8566424
8566524
8566632
8566671
8567098
8567174
8567205
8567271
8567301
8567523
8567604
8567754
8567756
8567774
8567982
8568154
8568155
8568214
8568741
8568854
8568947
8568976
8569008
8569121
8569259
8569308
8569477
8569601
8569653
8569927
8570283
8570496
8570546
8571302
8571313
8571365
8571380
8571461
8571518
8571613
8571661
8571803
8571827
8572041
8572339
8572773
8572976
8573033
8573354
8573371
8573388
8573470
8573478
8573735
8573758
8573781
8573816
8574180
8574246
8574332
8574507
8574660
8574933
8575099
8575105
8575108
8575229
8575235
8575238
8575575
8575729
8575765
8576133
8576294
8576707
8576816
8576849
8576965
8577167
8577207
8577235
8577296
8577384
8577532
8577673
8577685
8577711
8577759
8577787
8577886
8578103
8578133
8578283
8578324
8578459
8578509
8578562
8578631
8579021
8579126
8579713
8580210
8580324
8580365
8580426
8580574
8580673
8580750
8580790
8580860
8580988
8581071
8581173
8581252
8581416
8581430
8581553
8581830
8581957
8582100
8582156
8582165
8582330
8582467
8582604
8582621
8582731
8582766
8582768
8582792
8582811
8582890
8582978
8583041
8583213
8583222
8583411
8583438
8583456
8583572
8583710
8583817
8583907
8584216
8584330
8584361
8584436
8584438
8584575
8584599
8585066
8585355
8585450
8585455
8585961
8586111
8586254
8586270
8586300
8586365
8586457
8587197
8587322
8587398
8587431
8587842
8587855
8588011
8588084
8588157
8588387
8588426
8588489
8588766
8588981
8589289
8589508
8589654
8589716
8589815
8590000
8590084
8590475
8590528
8590600
8590781
8591597
8591714
8591724
8591768
8591901
8591911
8592158
8592251
8592344
8592347
8592583
8592754
8592874
8592903
8593008
8593078
8593100
8593276
8593595
8593625
8593663
8593776
8593814
8594009
8594041
8594202
8594748
8595109
8595439
8595520
8595529
8595601
8595940
8596424
8596477
8596668
8596669
8596902
8596971
8597081
8597180
8597209
8597290
8597740
8597783
8597933
8597998
8598058
8598226
8598304
8598381
8598421
8598596
8598621
8598624
8598716
8598796
8598834
8598911
8598956
8599326
8599442
8599448
8599496
8599533
8599573
8599605
8599900
8600194
8600489
8600625
8600628
8600670
8600828
8600871
8600951
8601141
8601243
8601487
8601662
8601779
8601815
8601892
8601894
8601902
8602001
8602189
8602200
8602257
8602291
8602346
8602522
8602527
8602594
8602686
8602739
8602973
8603007
8603141
8603734
8603739
8603741
8603743
8603895
8603939
8604227
8604274
8604432
8604511
8604710
8604779
8604799
8604889
8604987
8605085
8605092
8605124
8605197
8605321
8605497
8605577
8605609
8605726
8605792
8605997
8606033
8606179
8606298
8606332
8606464
8606554
8606707
8606948
8607008
8607328
8607334
8607401
8607573
8607576
8607589
8607810
8607854
8607890
8608074
8608196
8608297
8608645
8608876
8608888
8608932
8609390
8609393
8609448
8609527
8609619
8609662
8609718
8609867
8610038
8610045
8610399
8610573
8610700
8610870
8610878
8610892
8610991
8611065
8611399
8611485
8611489
8611515
8611629
8611763
8611787
8612003
8612030
8612079
8612515
8612784
8613040
8613087
8613338
8613356
8613435
8613471
8613480
8613486
8613567
8613658
8613690
8613719
8613816
8613933
8614102
8614143
8614267
8614298
8614465
8614501
8614599
8614673
8614827
8614881
8614964
8614999
8615031
8615040
8615361
8615541
8615715
8616147
8616164
8616247
8616344
8616390
8616423
8616529
8616634
8616667
8617091
8617208
8617309
8617520
8617605
8617679
8617693
8617860
8618230
8618404
8618428
8618432
8618450
8618463
8618542
8618762
8619107
8619430
8619471
8619597
8619640
8619774
8619812
8619815
8619987
8620010
8620111
8620174
8620279
8620301
8620335
8620422
8620528
8620586
8620789
8620833
8621016
8621160
8621167
8621282
8621363
8621602
8622048
8622298
8622916
8622990
8623000
8623103
8623131
8623391
8623459
8623606
8623656
8623917
8624058
8624102
8624111
8624112
8624453
8624542
8624561
8624614
8624863
8624931
8624978
8625036
8625241
8625476
8625512
8625598
8625663
8625677
8625702
8625765
8625923
8625951
8626088
8626127
8626143
8626334
8626494
8626511
8626563
8626828
8626988
8627008
8627111
8627262
8627303
8627561
8627594
8627848
8628161
8628235
8628491
8628498
8628593
8628652
8628660
8628836
8628955
8629106
8629207
8629276
8629287
8629366
8629565
8629762
8629903
8630053
8630100
8630310
8630366
8630421
8630727
8630804
8630901
8630939
8631086
8631127
8631328
8631397
8631653
8631760
8631785
8631858
8631907
8631935
8632011
8632081
8632112
8632223
8632241
8632414
8632501
8632507
8632625
8632660
8632681
8632692
8632703
8632816
8633007
8633089
8633302
8633490
8633523
8633556
8633853
8633870
8633938
8634192
8634240
8634297
8634370
8634413
8634479
8634565
8634755
8634803
8634839
8634870
8635019
8635189
8635230
8635342
8635436
8635464
8635747
8635766
8635916
8635938
8635952
8636011
8636079
8636296
8636419
8636649
8636763
8636922
8637209
8637262
8637290
8637334
8637342
8637526
8637569
8637620
8637886
8637900
8637978
8638003
8638077
8638145
8638222
8638331
8638600
8638664
8638719
8638733
8638876
8639033
8639221
8639314
8639325
8639400
8639407
8639495
8639777
8639875
8640677
8640803
8640843
8640990
8641082
8641145
8641238
8641418
8641516
8641582
8641597
8641603
8641779
8641827
8641871
8642109
8642291
8642345
8642359
8642413
8642633
8642708
8642725
8643090
8643183
8643258
8643300
8643416
8643652
8643662
8643927
8644024
8644103
8644160
8644189
8644344
8644501
8644667
8644766
8644996
8645005
8645070
8645082
8645269
8645445
8645736
8645802
8645978
8646155
8646387
8646410
8646421
8646489
8646631
8646718
8646854
8646864
8646996
8647180
8647239
8647823
8647845
8647855
8647948
8648033
8648147
8648334
8648918
8648982
8649169
8649229
8649432
8649437
8649485
8649673
8650007
8650442
8650516
8650662
8650894
8650966
8651287
8651297
8651341
8651459
8651591
8651602
8651735
8651809
8651826
8651954
8652081
8652103
8652429
8652832
8652847
8652870
8652912
8653027
8653103
8653309
8653313
8653412
8653457
8653463
8653488
8653652
8653994
8654125
8654212
8654499
8654537
8654667
8654734
8654740
8654938
8655030
8655040
8655123
8655223
8655843
8655971
8655988
8656012
8656054
8656207
8656271
8656335
8656371
8656492
8656517
8656696
8656758
8656829
8656856
8657001
8657009
8657021
8657454
8657753
8657957
8658251
8658320
8658474
8658523
8658669
8658853
8658934
8658944
8659287
8659629
8659968
8659978
8660022
8660062
8660215
8660370
8660439
8661009
8661099
8661195
8661421
8661598
8661657
8661910
8662192
8662300
8662362
8662447
8662526
8662576
8662587
8662721
8662911
8662940
8663159
8663369
8663718
8663733
8664004
8664238
8664256
8664318
8664358
8664383
8664447
8664656
8664697
8664859
8664871
8665041
8665132
8665187
8665327
8665384
8665597
8665878
8665990
8666016
8666064
8666145
8666233
8666237
8666367
8666729
8666961
8667052
8667251
8667286
8667302
8667311
8667345
8667511
8667777
8667793
8668063
8668114
8668220
8668227
8668667
8668767
8668818
8668907
8669290
8669534
8669566
8669649
8669778
8669799
8669908
8670236
8670430
8670456
8670467
8670498
8670617
8670845
8670917
8671017
8671071
8671095
8671233
8671252
8671273
8671652
8671667
8671837
8671846
8671904
8671918
8672003
8672185
8672195
8672395
8672553
8672687
8672692
8672873
8673265
8673440
8673464
8673540
8673627
8673693
8673928
8673933
8674103
8674297
8674409
8674579
8674592
8674939
8675001
8675639
8675687
8675783
8675793
8675968
8676015
8676158
8676374
8676472
8676591
8676741
8676851
8677306
8677334
8677356
8677391
8677404
8677469
8677509
8677700
8677891
8677893
8677907
8677989
8678251
8678254
8678334
8678723
8678841
8678926
8679068
8679087
8679238
8679337
8679378
8679381
8679427
8679484
8679942
8680056
8680115
8680273
8680298
8680409
8681058
8681189
8681206
8681271
8681451
8681504
8681563
8681591
8681700
8681835
8681912
8682132
8682152
8682242
8682420
8682746
8682887
8682929
8682941
8682972
8682992
8683248
8683289
8683368
8683497
8683687
8683842
8684038
8684058
8684191
8684210
8684237
8684670
8684677
8685073
8685451
8685463
8685640
8685721
8686061
8686087
8686215
8686410
8686576
8686635
8686750
8686786
8686966
8686993
8687004
8687040
8687128
8687184
8687242
8687430
8687752
8687783
8687856
8687901
8688059
8688137
8688211
8688364
8688537
8688781
8688888
8688895
8688896
8689128
8689197
8689263
8689267
8689337
8689549
8689786
8690286
8690661
8690710
8691145
8691217
8691395
8691406
8691589
8691774
8691825
8692168
8692271
8692346
8692440
8692485
8692530
8692585
8692624
8692778
8692900
8693057
8693146
8693159
8693578
8693644
8693881
8693931
8694052
8694137
8694143
8694179
8694324
8694587
8694707
8694838
8694855
8694938
8695103
8695106
8695362
8695394
8695429
8695462
8695589
8695643
8695655
8695698
8695799
8695926
8696114
8696122
8696140
8696141
8696221
8696472
8696498
8696578
8696998
8697191
8697203
8697659
8697748
8698208
8698280
8698360
8698470
8698567
8698708
8698732
8698839
8699047
8699729
8699829
8699887
8699967
8700098
8700349
8700400
8700419
8700515
8700535
8700555
8700796
8701298
8701464
8701582
8701650
8701910
8702293
8702320
8702349
8702376
8702510
8702633
8702674
8702734
8702789
8702794
8702825
8702832
8702858
8702949
8703027
8703063
8703131
8703290
8703394
8703508
8704171
8704340
8704401
8704453
8704707
8704822
8704887
8705315
8705947
8706236
8706517
8706656
8706863
8706894
8707065
8707093
8707098
8707181
8707322
8707332
8707417
8707433
8707496
8707521
8707637
8707690
8708581
8708821
8708873
8709178
8709273
8709301
8709595
8709596
8709682
8709743
8709883
8710062
8710138
8710194
8710247
8710278
8710324
8710384
8710519
8710936
8711073
8711145
8711168
8711200
8711318
8711371
8711409
8711562
8711675
8711733
8711906
8712001
8712111
8712179
8712197
8712286
8712306
8712627
8712672
8712753
8712886
8712939
8712942
8713103
8713264
8713342
8713392
8713501
8713579
8713626
8713638
8713786
8713793
8713893
8713947
8714085
8714102
8714154
8714395
8714424
8714432
8714599
8714650
8714667
8714692
8714788
8714990
8715029
8715213
8715550
8715815
8715899
8716057
8716114
8716380
8716407
8716417
8716431
8716522
8716548
8716572
8716651
8716700
8716788
8716867
8716874
8717005
8717102
8717259
8717305
8717337
8717444
8717567
8717817
8717880
8717979
8718139
8718209
8718391
8718646
8718991
8719141
8719188
8719248
8719335
8719352
8719453
8719668
8719688
8719723
8720207
8720318
8720450
8720485
8720547
8720693
8720769
8720894
8720960
8720967
8721013
8721082
8721289
8721293
8721495
8721671
8721709
8721726
8721772
8721839
8721853
8722071
8722104
8722247
8722333
8722367
8722425
8722435
8722514
8722708
8722727
8722758
8722787
8723053
8723282
8723334
8723341
8723988
8724076
8724103
8724328
8724332
8724474
8724601
8724746
8724868
8724903
8725051
8725504
8725511
8725514
8725557
8725564
8725701
8725726
8725770
8725914
8726000
8726277
8726298
8726386
8726392
8727182
8727284
8727331
8727575
8728036
8728266
8728543
8728695
8728723
8728924
8729016
8729136
8729163
8729560
8729595
8729730
8729759
8730195
8730238
8730240
8730322
8730489
8730520
8730726
8730939
8731037
8731129
8731219
8731256
8731517
8731567
8731699
8731727
8731852
8731927
8731954
8732055
8732061
8732116
8732285
8732306
8732339
8732341
8732352
8732449
8732486
8732580
8732589
8732626
8732700
8733005
8733015
8733089
8733179
8733217
8733398
8733482
8733586
8733746
8733769
8733900
8733972
8733989
8733997
8734002
8734177
8734198
8734267
8734270
8734296
8734467
8734896
8735283
8735386
8735387
8735498
8735523
8735593
8735626
8735852
8735884
8735990
8736024
8736223
8736292
8736393
8736513
8736539
8736571
8736613
8736672
8736911
8736915
8737054
8737096
8737137
8737201
8737259
8737383
8737418
8737454
8737603
8737695
8737698
8737796
8737907
8737943
8738007
8738110
8738253
8738295
8738423
8738455
8738533
8738536
8738715
8738887
8738894
8738955
8739273
8739438
8739519
8739616
8739637
8739652
8739724
8739730
8739803
8739937
8740163
8740480
8740498
8740597
8740771
8740929
8741510
8741666
8741689
8741834
8741960
8742049
8742076
8742161
8742324
8742630
8742637
8742672
8742768
8742780
8742807
8743186
8743411
8743442
8743520
8743682
8743738
8743751
8743858
8743868
8743983
8744073
8744217
8744231
8744460
8744628
8744796
8744843
8744912
8744934
8745368
8745630
8745640
8745762
8745775
8745824
8745917
8745932
8746023
8746165
8746406
8746467
8746495
8746533
8746598
8746644
8746652
8746969
8747071
8747095
8747217
8747390
8747548
8747751
8747756
8748520
8748870
8748891
8748917
8749180
8749415
8749725
8749957
8749999
8750001
8750159
8750262
8750299
8750319
8750414
8750458
8750482
8750543
8750812
8751073
8751277
8751307
8751379
8751401
8751532
8751762
8751883
8752028
8752179
8752180
8752390
8752459
8752579
8752710
8752745
8752842
8752891
8752908
8753097
8753217
8753229
8753287
8753292
8753317
8753346
8753588
8753634
8753722
8753782
8754059
8754074
8754163
8754568
8754611
8754802
8754826
8755024
8755039
8755195
8755306
8755350
8755428
8755457
8755530
8755587
8756264
8756463
8756527
8756576
8756603
8756641
8756747
8756768
8756804
8756826
8757125
8757308
8757335
8757376
8757408
8757697
8757772
8757806
8758170
8758176
8758204
8758394
8758574
8758613
8758733
8758853
8758879
8758953
8758965
8759308
8759324
8759480
8759548
8759617
8759669
8759974
8760004
8760114
8760181
8760192
8760424
8760765
8761004
8761062
8761088
8761172
8761356
8761366
8761514
8761598
8761600
8761747
8762167
8762311
8762349
8762579
8762638
8762655
8762687
8762703
8762823
8762911
8763038
8763063
8763128
8763405
8763556
8763733
8763834
8763984
8764201
8764220
8764310
8764952
8765047
8765153
8765200
8765385
8765443
8765573
8765733
8765785
8765803
8766079
8766226
8766286
8766416
8766522
8766690
8766714
8766733
8766910
8767004
8767009
8767119
8767301
8767353
8767520
8767570
8767780
8767995
8768116
8768211
8768626
8768699
8768719
8768831
8768843
8769131
8769195
8769691
8769915
8769947
8770051
8770062
8770115
8770202
8770336
8770464
8770595
8770607
8770679
8770704
8770788
8771194
8771446
8771448
8771603
8771680
8771732
8771795
8771854
8772010
8772156
8772199
8772414
8772645
8772725
8772775
8772924
8772931
8772982
8773127
8773165
8773186
8773427
8773568
8773698
8773918
8773946
8774068
8774184
8774196
8774291
8774336
8774397
8774522
8774532
8774548
8774617
8774991
8775133
8775239
8775485
8775725
8775918
8776095
8776155
8776174
8776246
8776362
8776406
8776627
8777109
8777256
8777293
8777830
8777934
8777963
8778071
8778083
8778121
8778240
8778372
8778517
8778592
8778664
8778720
8778727
8778862
8778938
8779150
8779196
8779285
8779376
8779520
8779521
8779550
8779603
8779641
8779751
8779812
8779948
8780115
8780185
8780260
8780282
8780465
8780532
8780658
8780681
8780827
8781010
8781113
8781154
8781180
8781313
8781360
8781503
8781530
8781679
8781825
8781852
8782069
8782268
8782306
8782495
8782699
8782889
8783001
8783183
8783294
8783349
8783639
8783736
8784096
8784168
8784380
8784608
8784647
8784699
8784701
8784762
8785032
8785279
8785354
8785539
8785547
8785740
8785783
8785821
8785836
8785838
8785873
8786131
8786359
8786370
8786400
8786516
8786729
8786746
8786750
8786820
8786992
8787054
8787383
8787463
8787465
8787542
8787675
8787689
8787726
8788056
8788211
8788430
8788487
8788557
8788594
8788687
8788856
8788876
8788983
8788991
8789031
8789324
8789460
8789501
8789506
8789549
8789566
8789599
8789623
8789772
8789848
8790416
8790525
8790559
8790672
8791183
8791211
8791272
8791403
8791491
8791566
8791599
8791756
8791766
8791810
8791890
8792048
8792096
8792123
8792296
8792456
8792476
8792743
8792745
8792762
8792837
8792847
8792906
8792982
8793040
8793174
8793288
8793487
8793511
8793554
8793727
8793740
8793751
8793785
8794145
8794319
8794730
8794989
8795010
8795299
8795684
8795929
8796025
8796118
8796141
8796160
8796227
8796510
8796636
8796724
8796897
8797020
8797367
8797456
8797548
8797554
8797859
8797872
8798221
8798425
8798547
8798550
8798571
8798634
8798727
8798761
8798764
8798837
8798852
8798942
8799022
8799379
8799434
8799536
8799557
8799820
8799882
8799965
8799975
8800015
8800056
8800072
8800096
8800122
8800174
8800517
8800631
8800863
8800866
8801006
8801097
8801138
8801166
8801537
8801810
8801820
8801821
8802043
8802190
8802199
8802370
8802474
8802490
8802618
8802736
8802762
8802810
8802879
8802904
8803185
8803270
8803342
8803385
8803390
8803433
8803454
8803456
8803889
8803905
8804021
8804045
8804067
8804263
8804415
8804496
8804506
8804650
8804733
8804799
8804940
8804980
8805019
8805154
8805176
8805430
8805441
8805638
8805667
8805680
8805705
8805716
8805776
8805904
8806160
8806633
8806827
8807152
8807368
8807459
8807601
8807929
8807990
8808144
8808468
8808818
8808918
8809276
8809305
8809413
8809580
8809791
8809814
8809823
8809963
8809992
8810145
8810415
8810821
8810828
8811303
8811312
8811389
8811532
8811626
8811736
8811778
8811979
8812038
8812153
8812174
8812261
8812381
8812489
8812504
8812540
8812545
8812567
8812848
8812932
8813021
8813068
8813093
8813098
8813100
8813367
8813604
8813787
8813945
8814141
8814419
8814606
8814715
8814725
8814806
8814824
8814984
8815150
8815210
8815436
8815448
8815485
8815675
8815768
8815791
8816085
8816280
8816389
8816457
8816500
8816547
8816616
8816770
8816957
8816992
8817083
8817097
8817154
8817220
8817315
8817519
8817942
8818099
8818165
8818264
8818272
8818408
8818442
8818598
8818696
8818699
8818765
8819012
8819061
8819346
8819476
8819512
8819516
8819565
8819973
8820051
8820080
8820107
8820386
8820545
8820640
8820767
8820877
8821036
8821130
8821344
8821576
8821619
8821757
8821908
8821948
8821959
8822423
8822616
8822620
8822823
8823114
8823146
8823238
8823707
8823714
8823914
8823980
8824133
8824278
8824466
8824496
8824624
8824628
8824855
8824860
8825065
8825323
8825392
8825477
8825498
8825619
8825643
8825671
8825838
8825856
8826021
8826382
8826493
8826542
8827135
8827241
8827256
8827371
8827421
8827471
8827568
8827594
8827749
8827877
8827935
8827967
8828104
8828152
8828178
8828310
8828383
8828545
8828628
8829056
8829224
8829408
8829455
8829643
8829723
8829794
8830029
8830405
8830575
8830670
8830686
8830845
8830907
8831014
8831138
8831311
8831322
8831427
8831895
8831954
8832003
8832043
8832100
8832102
8832103
8832181
8832391
8832545
8832698
8832978
8833161
8833444
8833608
8833640
8833645
8833718
8833979
8834006
8834212
8834272
8834289
8834598
8834634
8834723
8834779
8834819
8834889
8834932
8835122
8835158
8835490
8835559
8835804
8835911
8835985
8836022
8836054
8836113
8836130
8836159
8836273
8836292
8836303
8836429
8836503
8836972
8837082
8837084
8837181
8837232
8837248
8837412
8837809
8837839
8837985
8838036
8838056
8838112
8838157
8838162
8838198
8838204
8838380
8838424
8838522
8838538
8838613
8838621
8838627
8838758
8838777
8838973
8839041
8839181
8839232
8839459
8839493
8839507
8839612
8839659
8840136
8840186
8840310
8840346
8840449
8840510
8840598
8840600
8841025
8841160
8841351
8841450
8841502
8841508
8841662
8841711
8841840
8842038
8842257
8842360
8842647
8842737
8842754
8842776
8842823
8842853
8842907
8843052
8843060
8843195
8843364
8843422
8843596
8843723
8843727
8843817
8844034
8844166
8844219
8844339
8844450
8844460
8844485
8844505
8844651
8844950
8845183
8845204
8845285
8845387
8845602
8845707
8846106
8846311
8846319
8846770
8846821
8847015
8847083
8847089
8847106
8847365
8847521
8847571
8847798
8848100
8848124
8848281
8848301
8848449
8848547
8848605
8848708
8848884
8849178
8849292
8849418
8849466
8849643
8849713
8849819
8849840
8849884
8850013
8850136
8850465
8850598
8850843
8850885
8850900
8851077
8851105
8851141
8851177
8851273
8851324
8851386
8851400
8851473
8851597
8851644
8851794
8852072
8852237
8852267
8852316
8852372
8852783
8852833
8852834
8852860
8853008
8853282
8853410
8853564
8853570
8853679
8853759
8853803
8853806
8853809
8853967
8854138
8854151
8854438
8854541
8854879
8855726
8855750
8855915
8856189
8856247
8856282
8856285
8856383
8856473
8856641
8856730
8856787
8856994
8857017
8857019
8857115
8857171
8857432
8857521
8857779
8857924
8858061
8858134
8858529
8858562
8858636
8858750
8858817
8858900
8858910
8858911
8859068
8859202
8859380
8859439
8859453
8859529
8859611
8859629
8859691
8859731
8859735
8859739
8859742
8859745
8859799
8859903
8859914
8859960
8860060
8860089
8860297
8860441
8860769
8860778
8860796
8861029
8861068
8861752
8861829
8861975
8862055
8862447
8862530
8862564
8862572
8862602
8862611
8862614
8862697
8862831
8862875
8862921
8863023
8863346
8863370
8863578
8863601
8863863
8864067
8864205
8864255
8864316
8864325
8864363
8864547
8864737
8865107
8865197
8865375
8865607
8865932
8865995
8866018
8866113
8866448
8866506
8866517
8866559
8866598
8866631
8866732
8866790
8866808
8866860
8866924
8866975
8867031
8867048
8867113
8867295
8867381
8867390
8867402
8867810
8867830
8867944
8867961
8868295
8868328
8868441
8868677
8868719
8868824
8868840
8868999
8869132
8869277
8869312
8869369
8869415
8869425
8869458
8869492
8869558
8869718
8870380
8870384
8870690
8870767
8870889
8870968
8871097
8871147
8871327
8871352
8871443
8871557
8872030
8872187
8872335
8872421
8872768
8872772
8873054
8873182
8873250
8873299
8873301
8873390
8873462
8873507
8873656
8873732
8873837
8873849
8874070
8874085
8874188
8874235
8874325
8874461
8874556
8874730
8875041
8875113
8875279
8875322
8875335
8875366
8875467
8875474
8875573
8875673
8875703
8875814
8875940
8875969
8876068
8876192
8876298
8876555
8876596
8876654
8876704
8876770
8877238
8877265
8877393
8877541
8877679
8877831
8877912
8878316
8878422
8878703
8878856
8879117
8879206
8879396
8879409
8879431
8879435
8879461
8879564
8879709
8879713
8879815
8879932
8879960
8880290
8880569
8880920
8881008
8881289
8881298
8881332
8881353
8881509
8881801
8881824
8881864
8881977
8882212
8882277
8882292
8882330
8882434
8882501
8882543
8882876
8882908
8882930
8882998
8883054
8883117
8883241
8883440
8883700
8883772
8883871
8883927
8883931
8884043
8884128
8884132
8884488
8884504
8884848
8884962
8885173
8885285
8885379
8885413
8885500
8885652
8885800
8885828
8885842
8885855
8885902
8886028
8886179
8886337
8886343
8886370
8886479
8886608
8886684
8887005
8887010
8887035
8887057
8887069
8887092
8887134
8887139
8887175
8887222
8887263
8887376
8887464
8887480
8887484
8887768
8887846
8887960
8888020
8888059
8888072
8888164
8888170
8888176
8888313
8888328
8888493
8888664
8888679
8888748
8888781
8888844
8888952
8889378
8889394
8889730
8889795
8889851
8889955
8890209
8890301
8890545
8890571
8891014
8891102
8891191
8891254
8891436
8891546
8891600
8891654
8892125
8892196
8892270
8892423
8892610
8892618
8892628
8892655
8892667
8892805
8892823
8892902
8893022
8893042
8893235
8893320
8893363
8893681
8893828
8893874
8894138
8894213
8894386
8894445
8894815
8894976
8894980
8895009
8895012
8895043
8895193
8895288
8895371
8895414
8895667
8895674
8895854
8896047
8896068
8896085
8896157
8896319
8896369
8896543
8896611
8896808
8896927
8897051
8897307
8897433
8897478
8897644
8897674
8897695
8897871
8897958
8898113
8898158
8898344
8898423
8898480
8898514
8898544
8898716
8899479
8899790
8899795
8899967
8900063
8900138
8900276
8900353
8900736
8901040
8901125
8901151
8901307
8901574
8901583
8901602
8901604
8901824
8901940
8901961
8902006
8902029
8902031
8902072
8902202
8902250
8902337
8902352
8902379
8902792
8903114
8903133
8903160
8903184
8903257
8903353
8903669
8903743
8903762
8904187
8904197
8904632
8904749
8904756
8904762
8904770
8904868
8904904
8904978
8905093
8905216
8905274
8905315
8905394
8905425
8905726
8905854
8905906
8906253
8906459
8906641
8906858
8906901
8906904
8906992
8907419
8907623
8907651
8907694
8907853
8907930
8907972
8908095
8908256
8908657
8908854
8909132
8909138
8909197
8909686
8909757
8909838
8909855
8910251
8910424
8910676
8910841
8910880
8910902
8911095
8911220
8911577
8911990
8912493
8912645
8912844
8913060
8913219
8913227
8913341
8913348
8913419
8913755
8913787
8913918
8914005
8914048
8914094
8914122
8914180
8914199
8914276
8914315
8914330
8915113
8915343
8915345
8915436
8915662
8915917
8915939
8915979
8916303
8916321
8916502
8916548
8916579
8916580
8916671
8917043
8917054
8917314
8917434
8917471
8917502
8917514
8917643
8917660
8917748
8917794
8917907
8917971
8918010
8918018
8918118
8918297
8918443
8918464
8918471
8918535
8918852
8919008
8919069
8919088
8919289
8919310
8919319
8919421
8919563
8919686
8919755
8919759
8919771
8919835
8919874
8919912
8919921
8919923
8919974
8920019
8920119
8920284
8920308
8920562
8920765
8920788
8920794
8920896
8921209
8921526
8921591
8921780
8921958
8922205
8922434
8922593
8922599
8922621
8922728
8922750
8922819
8923025
8923121
8923249
8923301
8923477
8923542
8923560
8923584
8923592
8923606
8924083
8924716
8924757
8924883
8924953
8925130
8925230
8925233
8925247
8925336
8925409
8925492
8925582
8925783
8926285
8926374
8926453
8926482
8926508
8926571
8926592
8926813
8927037
8927078
8927104
8927354
8927819
8928113
8928142
8928551
8928570
8928611
8928744
8928769
8928925
8928944
8929143
8929206
8929542
8929682
8929683
8929793
8929861
8929880
8929894
8929939
8930001
8930046
8930169
8930205
8930369
8930414
8930645
8930758
8930985
8931111
8931115
8931176
8931181
8931514
8931548
8931791
8931881
8931930
8931953
8931962
8932178
8932322
8932478
8932556
8932593
8932965
8933075
8933149
8933228
8933237
8933256
8933375
8933412
8933597
8934246
8934310
8934471
8934641
8934734
8934748
8935030
8935440
8935485
8935537
8935619
8936274
8936284
8936414
8936421
8936606
8936646
8936668
8936726
8936832
8936844
8936854
8936879
8937091
8937338
8937772
8938067
8938140
8938143
8938265
8938305
8938500
8938551
8938632
8938722
8938738
8938769
8939142
8939316
8939317
8939371
8939379
8939539
8939643
8939685
8939718
8939896
8939949
8939974
8940005
8940023
8940309
8940340
8940349
8940454
8940471
8940514
8940520
8940564
8940620
8940689
8940696
8940697
8940850
8940890
8940954
8941112
8941190
8941399
8941696
8942061
8942257
8942319
8942421
8942559
8942598
8942943
8942974
8942980
8943005
8943126
8943494
8943539
8943730
8943739
8943833
8943968
8944013
8944201
8944275
8944310
8944596
8944746
8944867
8945002
8945005
8945282
8945558
8945607
8945626
8945652
8945790
8945832
8945840
8946087
8946254
8946298
8946331
8946426
8946652
8946773
8946864
8947082
8947246
8947615
8947689
8947757
8947802
8947901
8948195
8948352
8948398
8948419
8948420
8948445
8948489
8948581
8948673
8948764
8948871
8949035
8949050
8949074
8949231
8949254
8949288
8949472
8949591
8949601
8949649
8949670
8949750
8949859
8950132
8950206
8950244
8950256
8950391
8950569
8950591
8950616
8950737
8950772
8950811
8950965
8951001
8951083
8951131
8951132
8951426
8951520
8951534
8951661
8951731
8951820
8951920
8951935
8952187
8952191
8952209
8952276
8952285
8952433
8952505
8952548
8952599
8952709
8952732
8952747
8952802
8953010
8953508
8953834
8953841
8953861
8953964
8953966
8954009
8954125
8954267
8954392
8954402
8954433
8954610
8954640
8954689
8954866
8954989
8955019
8955029
8955040
8955123
8955225
8955389
8955404
8955644
8955667
8956133
8956217
8956390
8956400
8956532
8956651
8956682
8956710
8956773
8956866
8956892
8956941
8957016
8957089
8957229
8957279
8957391
8957504
8957869
8957907
8958052
8958107
8958150
8958444
8958915
8958961
8959109
8959160
8959381
8959449
8959558
8959808
8959867
8959915
8960103
8960129
8960207
8960236
8960312
8960479
8960762
8960993
8961029
8961061
8961114
8961123
8961209
8961237
8961270
8961310
8961401
8961610
8961713
8961788
8962022
8962023
8962047
8962050
8962220
8962362
8962368
8962561
8962597
8962665
8962752
8962871
8962883
8963022
8963260
8963283
8963287
8963627
8963667
8963720
8963870
8963911
8963940
8963953
8963974
8964137
8964291
8964465
8964520
8964679
8964696
8964794
8964881
8965076
8965194
8965489
8965518
8965679
8965700
8965723
8965751
8965872
8965944
8966416
8966829
8966842
8967098
8967110
8967394
8967409
8967569
8967622
8967726
8967743
8967830
8967931
8967951
8968027
8968227
8968535
8968632
8968633
8968652
8969031
8969070
8969136
8969328
8969524
8969612
8969659
8969688
8969832
8970040
8970059
8970061
8970139
8970212
8970333
8970336
8970357
8970400
8970558
8970677
8970780
8970816
8970840
8970985
8971013
8971135
8971138
8971172
8971266
8971414
8971446
8971536
8971788
8971791
8971848
8971917
8971983
8971998
8972182
8972457
8972458
8972662
8972674
8972744
8972767
8972853
8973020
8973054
8973060
8973100
8973237
8973339
8973412
8973633
8973680
8973803
8973844
8973931
8973969
8974011
8974127
8974141
8974241
8974266
8974314
8974344
8974675
8974944
8975118
8975215
8975239
8975264
8975423
8975812
8976050
8976095
8976259
8976479
8976644
8976876
8977028
8977140
8977318
8977506
8977524
8977693
8977785
8978035
8978244
8978261
8978427
8978814
8978848
8978918
8979009
8979118
8979207
8979574
8979619
8979722
8979802
8980510
8980610
8980749
8980849
8980912
8980940
8981059
8981223
8981535
8981711
8982156
8982235
8982350
8982353
8982368
8982833
8982890
8982919
8982994
8983035
8983126
8983147
8983250
8983467
8983512
8983744
8983808
8984029
8984087
8984138
8984269
8984388
8984540
8984541
8984634
8984893
8985199
8985257
8985294
8985331
8985373
8985668
8985800
8986116
8986178
8986509
8986573
8986694
8986814
8986876
8986910
8986943
8986996
8987034
8987053
8987066
8987301
8987317
8987366
8987465
8987531
8987563
8987639
8987727
8987738
8987861
8988258
8988308
8988338
8988620
8988787
8988902
8988946
8989026
8989521
8989589
8989658
8989711
8989725
8989792
8989880
8989896
8990085
8990092
8990110
8990118
8990214
8990389
8990428
8990446
8990483
8990517
8990695
8990791
8990992
8991072
8991087
8991144
8991160
8991172
8991254
8991378
8991587
8991590
8991837
8991876
8991895
8991899
8992155
8992322
8992481
8992579
8992722
8992819
8993128
8993184
8993205
8993357
8993395
8993417
8993424
8993819
8993914
8994186
8994195
8994203
8994224
8994255
8994296
8994489
8994515
8994534
8994594
8994870
8995149
8995150
8995239
8995454
8995812
8996231
8996353
8996487
8996523
8996549
8996612
8996657
8996739
8996743
8996863
8996936
8997088
8997239
8997508
8997541
8997733
8997790
8997943
8998069
8998247
8998291
8998423
8998569
8998819
8998825
8998870
8998972
8999029
8999112
8999325
8999498
8999838
9000073
9000102
9000120
9000323
9000331
9000361
9000661
9000721
9000756
9000882
9000996
9001617
9002283
9002412
9002573
9002629
9002682
9002710
9002721
9002935
9003031
9003058
9003319
9003450
9003496
9003605
9003637
9003944
9004134
9004173
9004602
9004689
9004714
9004725
9004735
9004823
9004825
9004870
9004882
9005092
9005127
9005182
9005239
9005328
9005332
9005670
9005875
9005979
9006134
9006148
9006416
9006539
9006570
9006665
9006713
9006879
9007333
9007541
9007548
9007619
9007653
9007822
9007968
9008041
9008218
9008234
9008265
9008333
9008487
9008491
9008502
9008616
9008703
9008794
9008814
9008984
9009159
9009281
9009303
9009305
9009332
9009473
9009798
9009839
9010185
9010381
9010728
9010831
9010918
9010956
9011057
9011098
9011174
9011210
9011239
9011493
9011661
9011786
9012047
9012055
9012131
9012238
9012282
9012373
9012461
9012874
9012964
9012992
9013081
9013380
9013736
9013747
9013976
9014092
9014154
9014170
9014215
9014320
9014385
9014390
9014406
9014685
9014840
9014992
9015491
9015524
9015541
9015729
9015752
9015946
9016031
9016081
9016463
9016507
9016625
9016737
9016748
9017132
9017164
9017269
9017628
9017880
9017916
9017918
9018019
9018094
9018156
9018226
9018235
9018279
9018540
9018649
9018685
9018834
9018862
9018935
9019070
9019374
9019639
9019699
9019732
9019912
9019921
9019946
9020031
9020096
9020363
9020488
9020490
9020621
9020728
9020824
9021097
9021152
9021417
9021479
9021520
9021574
9021722
9021818
9021959
9022029
9022064
9022230
9022277
9022396
9022409
9022444
9022616
9022860
9022883
9023055
9023226
9023251
9023361
9023401
9023594
9023796
9023941
9023956
9023984
9024080
9024167
9024206
9024472
9024485
9024526
9024690
9025119
9025347
9026101
9026117
9026313
9026410
9026557
9026620
9026661
9026694
9026775
9026944
9027117
9027183
9027290
9027449
9027472
9027557
9027575
9027881
9027892
9027974
9028268
9028290
9028411
9028594
9028998
9029005
9029244
9029344
9029427
9029528
9029674
9029683
9029985
9030029
9030039
9030050
9030127
9030259
9030378
9030381
9030419
9030425
9030535
9030577
9030707
9030747
9030903
9030971
9031070
9031335
9031433
9031731
9031959
9032120
9032350
9032372
9032799
9032810
9032943
9033042
9033050
9033267
9033280
9033406
9033540
9033571
9033781
9033855
9033856
9034001
9034018
9034036
9034062
9034097
9034099
9034161
9034222
9034225
9034738
9034811
9034928
9035175
9035346
9035351
9035434
9035454
9035733
9035992
9036053
9036113
9036137
9036154
9036209
9036321
9036387
9036521
9036586
9036667
9036675
9036768
9036828
9036872
9036948
9037004
9037151
9037367
9037563
9037655
9037702
9037726
9037795
9037813
9037949
9037978
9038312
9038378
9038485
9038683
9038708
9038815
9038952
9039028
9039034
9039149
9039165
9039224
9039495
9039579
9039733
9039933
9039958
9040002
9040387
9040589
9040815
9040920
9041035
9041089
9041109
9041127
9041151
9041210
9041274
9041340
9041459
9041654
9041789
9042059
9042260
9042422
9042486
9042598
9042663
9042668
9042803
9042967
9043147
9043268
9043280
9043385
9043533
9043574
9043590
9043949
9044021
9044101
9045056
9045128
9045132
9045259
9045286
9045527
9045532
9045631
9045729
9045824
9045995
9046018
9046058
9046344
9046568
9046581
9046715
9046791
9046812
9046822
9046861
9046903
9047051
9047064
9047126
9047343
9047497
9047538
9047686
9047702
9047762
9047785
9047930
9048037
9048135
9048240
9048282
9048471
9048610
9048649
9048821
9049071
9049391
9049399
9049455
9049482
9049540
9049558
9049610
9049652
9049691
9049697
9049765
9049903
9049979
9050304
9050370
9050485
9050550
9050872
9050936
9050950
9051066
9051450
9051471
9051515
9051781
9051966
9052106
9052378
9052450
9052754
9053369
9053371
9053527
9053568
9053581
9053901
9053989
9054018
9054192
9054259
9054270
9054320
9054333
9054365
9054385
9054421
9054627
9054694
9054835
9055045
9055149
9055237
9055304
9055513
9055548
9055565
9055636
9055726
9055815
9056038
9056115
9056211
9056328
9056351
9056423
9056446
9056463
9056566
9056606
9056619
9056663
9056679
9056882
9056892
9056911
9056993
9057056
9057151
9057226
9057360
9057374
9057636
9057857
9057930
9057964
9058439
9058878
9058947
9059073
9059112
9059127
9059339
9059592
9059895
9060572
9060665
9060709
9060726
9060783
9060839
9060848
9060932
9061153
9061221
9061259
9061410
9061438
9061448
9061484
9061883
9061997
9062058
9062074
9062146
9062250
9062539
9062688
9062710
9062792
9062862
9063021
9063217
9063409
9063496
9063537
9063679
9063728
9063921
9063936
9063961
9064086
9064155
9064232
9064452
9064559
9064767
9064774
9064817
9064936
9065113
9065315
9065423
9065498
9065500
9065643
9065939
9065957
9065994
9066021
9066039
9066100
9066303
9066317
9066334
9066345
9066595
9066596
9066780
9066842
9066910
9066994
9067258
9067367
9067414
9067515
9067539
9067626
9068116
9068208
9068296
9068374
9068403
9068678
9069024
9069114
9069480
9069677
9069753
9069773
9069846
9069874
9069884
9069907
9070758
9070794
9070939
9071052
9071226
9071336
9071431
9071665
9071731
9071759
9071794
9071822
9071855
9071988
9072366
9072484
9072503
9072621
9072820
9072838
9072843
9073144
9073280
9073303
9073372
9073384
9073447
9073519
9073695
9073707
9073918
9074112
9074184
9074235
9074239
9074293
9074296
9074333
9074534
9074621
9074640
9074890
9074955
9075064
9075082
9075241
9075676
9075736
9075980
9076010
9076082
9076211
9076299
9076563
9076710
9076779
9076859
9077038
9077045
9077115
9077148
9077389
9077426
9077442
9077457
9077592
9077601
9077618
9077891
9078098
9078147
9078450
9078505
9078730
9078736
9078865
9079092
9079139
9079142
9079183
9079366
9079432
9079498
9079583
9080298
9080722
9080764
9080829
9080880
9080934
9081084
9081349
9081368
9081563
9081575
9081590
9081668
9081811
9081975
9082000
9082024
9082034
9082081
9082083
9082215
9082389
9082391
9082566
9082699
9082859
9083029
9083208
9083233
9083419
9083436
9083444
9083450
9083532
9083712
9083778
9083850
9083912
9084017
9084217
9084257
9084322
9084376
9084433
9084451
9084557
9084750
9084860
9085090
9085145
9085167
9085618
9085644
9085729
9085745
9085792
9085851
9085984
9086011
9086049
9086078
9086151
9086308
9086503
9086764
9086996
9087107
9087561
9087999
9088126
9088321
9088442
9088509
9088635
9088654
9088793
9088846
9088863
9088868
9089081
9089380
9089519
9089681
9089710
9089946
9090026
9090162
9090429
9090496
9090583
9090645
9090651
9090686
9090820
9090902
9091002
9091029
9091066
9091095
9091204
9091253
9091309
9091552
9091921
9092174
9092230
9092270
9092467
9092481
9092509
9092519
9092527
9092551
9092557
9092774
9092778
9092791
9092900
9093061
9093333
9093354
9093359
9093616
9093848
9093942
9094034
9094062
9094254
9094312
9094332
9094364
9094400
9094457
9094739
9094767
9094899
9094906
9094922
9094974
9095048
9095122
9095127
9095302
9095447
9095497
9095552
9095616
9095715
9095785
9096005
9096076
9096078
9096113
9096135
9096228
9096239
9096360
9096390
9096581
9096612
9096683
9096870
9096886
9096905
9097137
9097197
9097347
9097407
9097478
9097679
9097746
9097832
9098184
9098191
9098208
9098772
9098773
9098868
9099008
9099094
9099212
9099338
9099380
9099680
9099694
9099924
9100194
9100294
9100429
9100606
9100617
9100995
9101205
9101442
9101533
9101548
9101725
9101772
9101866
9101972
9101990
9101996
9102069
9102084
9102161
9102306
9102366
9102665
9102815
9103149
9103156
9103166
9103611
9103925
9104106
9104110
9104183
9104431
9104449
9104662
9104689
9104720
9104731
9104772
9104908
9105244
9105250
9105312
9105358
9105359
9105401
9105485
9105734
9105905
9106139
9106312
9106469
9106480
9106523
9106537
9106577
9106621
9106716
9107341
9107344
9107489
9107611
9107635
9107916
9108046
9108064
9108176
9108201
9108285
9108296
9108306
9108384
9108446
9108612
9108753
9109054
9109115
9109120
9109497
9109927
9109959
9109980
9110089
9110158
9110345
9110349
9110543
9110612
9110677
9110929
9111086
9111135
9111347
9111652
9111865
9112025
9112190
9112268
9112381
9112448
9112617
9112834
9112957
9113014
9113031
9113290
9113324
9113531
9113589
9113599
9113728
9113826
9113863
9114019
9114137
9114219
9114359
9114427
9114486
9114528
9114681
9115227
9115392
9115641
9115734
9115805
9116130
9116144
9116311
9116572
9116784
9117252
9117267
9117373
9117452
9117574
9117916
9118094
9118127
9118203
9118256
9118443
9118709
9118836
9119017
9119473
9119643
9119680
9119699
9119802
9119872
9119874
9119963
9120146
9120172
9120881
9120965
9121213
9121254
9121407
9121635
9121738
9121814
9122170
9122796
9123002
9123089
9123124
9123207
9123266
9123386
9123499
9123535
9123687
9123911
9123991
9124042
9124115
9124175
9124250
9124257
9124269
9124357
9124405
9124527
9124634
9124651
9124672
9124679
9124848
9124923
9124929
9125059
9125199
9125255
9125296
9125372
9125588
9125606
9125611
9125627
9125747
9126069
9126088
9126217
9126489
9126538
9126658
9126659
9127027
9127033
9127384
9127596
9128078
9128105
9128348
9128461
9128552
9128573
9128609
9128680
9128811
9128928
9129516
9129541
9129710
9129719
9129741
9129823
9129904
9129980
9130161
9130337
9130468
9130905
9130986
9131148
9131325
9131406
9131504
9131548
9131624
9131964
9132035
9132050
9132291
9132311
9132474
9132528
9132624
9132640
9132654
9132963
9133002
9133199
9133420
9133467
9133786
9134028
9134083
9134347
9134367
9134368
9134448
9134461
9134534
9134712
9134782
9134799
9134828
9134867
9134875
9134892
9134908
9135001
9135196
9135314
9135856
9135866
9135889
9136001
9136114
9136167
9136608
9136905
9137073
9137249
9137357
9137513
9137527
9137532
9137605
9137769
9137780
9137975
9138214
9138286
9138295
9138361
9138622
9138823
9138839
9138979
9139133
9139515
9139565
9139620
9139720
9139765
9139917
9139956
9140011
9140051
9140124
9140265
9140413
9140459
9140598
9140699
9140762
9140771
9140839
9141092
9141235
9141373
9141397
9141428
9141764
9141816
9141914
9142091
9142172
9142232
9142431
9142449
9142492
9142558
9143163
9143179
9143243
9143326
9143330
9143524
9143676
9143751
9143921
9144269
9144299
9144397
9144430
9144499
9144618
9144760
9145099
9145185
9145263
9145322
9145447
9145493
9145584
9145618
9145775
9145936
9145944
9145969
9146102
9146135
9146187
9146244
9146251
9146634
9146665
9146704
9147144
9147154
9147224
9147346
9147462
9147595
9147649
9147764
9148027
9148046
9148262
9148274
9148325
9148465
9148486
9148673
9148837
9148925
9148977
9149054
9149086
9149178
9149252
9149484
9149773
9149901
9150164
9150249
9150283
9150784
9150793
9150879
9150896
9150954
9151185
9151187
9151253
9151500
9151645
9151676
9151957
9152002
9152177
9152318
9152548
9152651
9152667
9152989
9153110
9153235
9153267
9153381
9153416
9153683
9154122
9154138
9154163
9154368
9154468
9154543
9154548
9154656
9154842
9155387
9155405
9155765
9155860
9155870
9156005
9156206
9156425
9156475
9156591
9156640
9156642
9156695
9156723
9156939
9157003
9157026
9157130
9157149
9157217
9157282
9157284
9157302
9157460
9157477
9157530
9157558
9157880
9157931
9157994
9158252
9158293
9158503
9158561
9158637
9158748
9158854
9158880
9159005
9159046
9159061
9159281
9159302
9159520
9159919
9159923
9160019
9160037
9160161
9160461
9160577
9160698
9161173
9161216
9161355
9161430
9161649
9161819
9161898
9161947
9161962
9161986
9162020
9162165
9162520
9162545
9162650
9162683
9162748
9162913
9163335
9163371
9163467
9163629
9163651
9163830
9163959
9164021
9164169
9164180
9164220
9164245
9164529
9165133
9165137
9165283
9165450
9165512
9165515
9165553
9165664
9165706
9165717
9165824
9165938
9165954
9165975
9166011
9166016
9166128
9166363
9166407
9166463
9166470
9166647
9166740
9166748
9166917
9167299
9167415
9167445
9167667
9167721
9167824
9168446
9168526
9168634
9168768
9168840
9168959
9168994
9169369
9169929
9170055
9170261
9170750
9170857
9170873
9171201
9171322
9171524
9171815
9171870
9172140
9172438
9172642
9172685
9172697
9173085
9173128
9173130
9173343
9173386
9173601
9173688
9173711
9173978
9173997
9174077
9174171
9174293
9174334
9174349
9174387
9174970
9175021
9175073
9175479
9175743
9175766
9175894
9176128
9176178
9176192
9176295
9176570
9176711
9176824
9176830
9176880
9177041
9177167
9177211
9177475
9177551
9177605
9177833
9177841
9177972
9178137
9178248
9178254
9178321
9178611
9178663
9178688
9178746
9178831
9178845
9179066
9179567
9179611
9179630
9179803
9179860
9180086
9180222
9180426
9180473
9180557
9180790
9180870
9181007
9181053
9181179
9181238
9181246
9181266
9181344
9181590
9181604
9181623
9181700
9181756
9181760
9181976
9181994
9182131
9182166
9182177
9182203
9182398
9182462
9182766
9182783
9182950
9182968
9182993
9183075
9183217
9183289
9183517
9184007
9184236
9184786
9184844
9184874
9184935
9185391
9185463
9185474
9185667
9185690
9185733
9185784
9185897
9186002
9186098
9186105
9186228
9186554
9186577
9186853
9187156
9187255
9187320
9187485
9187555
9187600
9187668
9187676
9187716
9187733
9187766
9187811
9187856
9187864
9187907
9188012
9188254
9188299
9188423
9188456
9188524
9188657
9188737
9188753
9188983
9189161
9189540
9189636
9189668
9189877
9189884
9190025
9190046
9190573
9190692
9190723
9190787
9190841
9190923
9190959
9191043
9191058
9191353
9191424
9191463
9191481
9191555
9191883
9191921
9191942
9191948
9191968
9191995
9192056
9192090
9192155
9192163
9192182
9192272
9192352
9192408
9192513
9192555
9192754
9192768
9192818
9192866
9192887
9192960
9193013
9193152
9193213
9193246
9193644
9193704
9193820
9194077
9194297
9194353
9194585
9194605
9194673
9194692
9194742
9194806
9194827
9194845
9194903
9194916
9194934
9195213
9195225
9195364
9195486
9195579
9195643
9195709
9195723
9195731
9195961
9196122
9196313
9196319
9196357
9196491
9196493
9196546
9196663
9196717
9196811
9197171
9197176
9197341
9197352
9197391
9197515
9197532
9197599
9198033
9198074
9198101
9198338
9198388
9198413
9198431
9198496
9198498
9198558
9198694
9198711
9198735
9198896
9198897
9199092
9199529
9199536
9199543
9199596
9199607
9199766
9199796
9199886
9200191
9200260
9200458
9200516
9200567
9200669
9200758
9200785
9200871
9200972
9201063
9201121
9201302
9201793
9202028
9202071
9202099
9202155
9202224
9202339
9202560
9202724
9202740
9203125
9203155
9203195
9203249
9203423
9203461
9203918
9203969
9204077
9204088
9204108
9204346
9204419
9204505
9204575
9204582
9204627
9204652
9204662
9204693
9204695
9204779
9204863
9204926
9205045
9205082
9205219
9205697
9205764
9205933
9205955
9206023
9206109
9206167
9206247
9206297
9206621
9206623
9206870
9206948
9206951
9207041
9207377
9207389
9207697
9207815
9207921
9207979
9208000
9208001
9208208
9208500
9208619
9208626
9208812
9208892
9209004
9209071
9209373
9209743
9209871
9210002
9210530
9210561
9210579
9210647
9210687
9210810
9210816
9211034
9211102
9211260
9211269
9211346
9211463
9211473
9211520
9211582
9211704
9211784
9211788
9212151
9212245
9212347
9212473
9212515
9212569
9212612
9212839
9212871
9212945
9213248
9213492
9213657
9213779
9213820
9213873
9213966
9214017
9214105
9214129
9214365
9214748
9215032
9215069
9215084
9215325
9215574
9215725
9215908
9216037
9216211
9216383
9216521
9216569
9216851
9216859
9217069
9217108
9217115
9217283
9217391
9217403
9217523
9217641
9217687
9217777
9217827
9217850
9217872
9217981
9217987
9217999
9218091
9218538
9218641
9218766
9218775
9218939
9218989
9219196
9219348
9219353
9219513
9219577
9219605
9220039
9220342
9220400
9220581
9220590
9220640
9220691
9220737
9220759
9220845
9220905
9221173
9221648
9221740
9221841
9221958
9222256
9222284
9222298
9222405
9222412
9222494
9222513
9222591
9222776
9222837
9223222
9223303
9223394
9223562
9223690
9223692
9223816
9223899
9223949
9224256
9224306
9224624
9224676
9224699
9224884
9225196
9225298
9225426
9225718
9225739
9226162
9226178
9226192
9226273
9226482
9226757
9226869
9226922
9226947
9227072
9227216
9227233
9227533
9227692
9228049
9228052
9228110
9228182
9228183
9228227
9228258
9228314
9228507
9228576
9228753
9228818
9229148
9229247
9229477
9229712
9229714
9229761
9229773
9229832
9229878
9230000
9230114
9230191
9230326
9230449
9230528
9230687
9230707
9230743
9230870
9230886
9231126
9231178
9231338
9231381
9231664
9231690
9231722
9231919
9232135
9232141
9232357
9232377
9232426
9232479
9232621
9232671
9232672
9233257
9233367
9233390
9233451
9233636
9233813
9233815
9233938
9233954
9234188
9234258
9234495
9234619
9234908
9234958
9235079
9235211
9235286
9235288
9235414
9235595
9235650
9235798
9235890
9235902
9236011
9236211
9236239
9236474
9236576
9236595
9236652
9236819
9236969
9237026
9237040
9237075
9237331
9237764
9237862
9237920
9238032
9238156
9238432
9238455
9238478
9238501
9238761
9238807
9238829
9238915
9239190
9239575
9239600
9239608
9239743
9239998
9240114
9240227
9240375
9240452
9240518
9240581
9240673
9240775
9240814
9240940
9240987
9241018
9241213
9241233
9241361
9241371
9241626
9241665
9242023
9242083
9242254
9242459
9242470
9242595
9242711
9242745
9242746
9242762
9242932
9243223
9243330
9243674
9243841
9244144
9244456
9244768
9244840
9244988
9245138
9245236
9245349
9245393
9245565
9245754
9245864
9246032
9246137
9246306
9246384
9246650
9246830
9247220
9247290
9247374
9247473
9248088
9248396
9248442
9248461
9248584
9248889
9248987
9249044
9249492
9249834
9249838
9249951
9250271
9250317
9250828
9251217
9251548
9251725
9251828
9251907
9251981
9251992
9252018
9252130
9252276
9252290
9252333
9252342
9252405
9252636
9252660
9252894
9252951
9252983
9253035
9253039
9253089
9253091
9253168
9253406
9253438
9253527
9253628
9253740
9254040
9254212
9254307
9254620
9254774
9254815
9254923
9255188
9255392
9255395
9255515
9255961
9256125
9256235
9256329
9256350
9256450
9256553
9256671
9256686
9256910
9256958
9256986
9257117
9257158
9257799
9257822
9258128
9258246
9258280
9258306
9258386
9258394
9258406
9258582
9258633
9258804
9258994
9259419
9259454
9259455
9259547
9259586
9259597
9259735
9259766
9259975
9260106
9260156
9260210
9260234
9260877
9260905
9260999
9261047
9261050
9261108
9261379
9261471
9261636
9261676
9261726
9261749
9261970
9262042
9262101
9262295
9262378
9262510
9262587
9262751
9262947
9263081
9263085
9263113
9263155
9263202
9263379
9263443
9263767
9264005
9264009
9264021
9264095
9264148
9264209
9264512
9264668
9264787
9264915
9264925
9265058
9265227
9265258
9265341
9265438
9265506
9265709
9265711
9265956
9266005
9266071
9266286
9266336
9266418
9266472
9266781
9267193
9267329
9267485
9267535
9267548
9267567
9267686
9267755
9267815
9267993
9268203
9268271
9268280
9268288
9268334
9268445
9268655
9268997
9269064
9269158
9269474
9269686
9269974
9269978
9270325
9270669
9270671
9270937
9271119
9271332
9271353
9271441
9271480
9271790
9271900
9271941
9271971
9272196
9272217
9272303
9272585
9272908
9273030
9273324
9273337
9273357
9273387
9273394
9273483
9273521
9273651
9273847
9274182
9274623
9274646
9275387
9275482
9275506
9275574
9275673
9275725
9275882
9275975
9276097
9276146
9276185
9276344
9276522
9276543
9276717
9276746
9276851
9276858
9276973
9277095
9277139
9277489
9277592
9277795
9278075
9278175
9278176
9278385
9278694
9278844
9278890
9278965
9279317
9279491
9279505
9279565
9279622
9279784
9279817
9280022
9280114
9280216
9280349
9280401
9280460
9280649
9281075
9281182
9281485
9281530
9281707
9281914
9282063
9282153
9282193
9282357
9282540
9282589
9282656
9282807
9283012
9283285
9283570
9283940
9284025
9284063
9284078
9284230
9284394
9284510
9284914
9284920
9285122
9285350
9285360
9285380
9285518
9285586
9285649
9285707
9285766
9285915
9285948
9286150
9286172
9286174
9286365
9286619
9286756
9287070
9287097
9287107
9287125
9287231
9287344
9287547
9287611
9287725
9287772
9287870
9287931
9287959
9288049
9288265
9288302
9288342
9288419
9288442
9288469
9288649
9288861
9288943
9289243
9289373
9289416
9289578
9289642
9289922
9290069
9290167
9290291
9290735
9290771
9290879
9290963
9291103
9291169
9291179
9291202
9291346
9291366
9291398
9291539
9291995
9292159
9292163
9292237
9292313
9292316
9292638
9292762
9292864
9293007
9293038
9293083
9293121
9293275
9293282
9293537
9293982
9294049
9294106
9294126
9294204
9294252
9294318
9294662
9294672
9294905
9295256
9295362
9295491
9295705
9295995
9296021
9296173
9296437
9296496
9296505
9296645
9296698
9296769
9297054
9297060
9297066
9297177
9297250
9297370
9297448
9297509
9297656
9297765
9297832
9297930
9297951
9297976
9298070
9298091
9298311
9298347
9298349
9298425
9298567
9298766
9298771
9298803
9298975
9298994
9299009
9299021
9299080
9299386
9299405
9299517
9299685
9299799
9300071
9300110
9300151
9300219
9300674
9300706
9300721
9301116
9301288
9301345
9301429
9301459
9301495
9301790
9301815
9301848
9301894
9302013
9302026
9302204
9302232
9302269
9302363
9302517
9302645
9302812
9302817
9302927
9302932
9302936
9303084
9303140
9303717
9303768
9304113
9304350
9304492
9304633
9304699
9304802
9304816
9304861
9304873
9305031
9305067
9305238
9305514
9305670
9306030
9306254
9306271
9306293
9306362
9306761
9306824
9306877
9306880
9306973
9306988
9307045
9307448
9307483
9307527
9307781
9307868
9307889
9308079
9308083
9308313
9308428
9308441
9308473
9308603
9308635
9308662
9308677
9308753
9308785
9308798
9308815
9309006
9309022
9309035
9309150
9309220
9309305
9309429
9309513
9309654
9309910
9310004
9310190
9310680
9310761
9310776
9310820
9310836
9311010
9311012
9311153
9311191
9311276
9311313
9311508
9311719
9311867
9311919
9312264
9312448
9312469
9312585
9312600
9312670
9312768
9313021
9313043
9313079
9313195
9313365
9313694
9313698
9313948
9313989
9314172
9314229
9314382
9314457
9314611
9314727
9314980
9315157
9315396
9315744
9315796
9315841
9316193
9316233
9316307
9316341
9316737
9316741
9316831
9316989
9317034
9317188
9317318
9317795
9318002
9318018
9318137
9318259
9318422
9318544
9318563
9318772
9318779
9318799
9318985
9319043
9319068
9319222
9319294
9319493
9319606
9319717
9319739
9319752
9319797
9319921
9320072
9320090
9320261
9320397
9320531
9320597
9320932
9321191
9321254
9321260
9321800
9322039
9322075
9322095
9322248
9322377
9322394
9322454
9322495
9322629
9322916
9322925
9322950
9323129
9323547
9323687
9323716
9323791
9323916
9323933
9323956
9324308
9324319
9324378
9324513
9324634
9324760
9325000
9325451
9325491
9325697
9325931
9326179
9326275
9326386
9326629
9326810
9327188
9327553
9327609
9327699
9327885
9327938
9328562
9328787
9328828
9328909
9329117
9329143
9329146
9329840
9330080
9330298
9330445
9330864
9330880
9330925
9330955
9331202
9331235
9331298
9331315
9331642
9331769
9331802
9331995
9332211
9332296
9332316
9332317
9332470
9332612
9332623
9332656
9332720
9332925
9332950
9333039
9333327
9333381
9333415
9333748
9333755
9333813
9333883
9333981
9334212
9334261
9334862
9334877
9334999
9335017
9335308
9335372
9335562
9335580
9335729
9335931
9336258
9336269
9336387
9336415
9336438
9336457
9336937
9337055
9337237
9337708
9337788
9338151
9338289
9338820
9338849
9338924
9338977
9339051
9339129
9339180
9339214
9339452
9339576
9339697
9339832
9339836
9339842
9340070
9340180
9340204
9340336
9340382
9340481
9340574
9340790
9340828
9340862
9340984
9341107
9341195
9341270
9341385
9341397
9341440
9341474
9341588
9341605
9341813
9341955
9342113
9342144
9342466
9342540
9342713
9342728
9342737
9342754
9342924
9342955
9342961
9343048
9343146
9343227
9343565
9343693
9343695
9343733
9343884
9344032
9344122
9344341
9344345
9344468
9344519
9344541
9344628
9344741
9344933
9344958
9345035
9345073
9345166
9345286
9345349
9345371
9345394
9345404
9345440
9345639
9345725
9345748
9345800
9345859
9345911
9345924
9345997
9346341
9346405
9346455
9346506
9346694
9347159
9347435
9347563
9347579
9347634
9347703
9347726
9347778
9347914
9347929
9347949
9348058
9348135
9348379
9348504
9348518
9348666
9348706
9348791
9348807
9349121
9349295
9349298
9349300
9349471
9349771
9350034
9350229
9350854
9350918
9350945
9351120
9351249
9351343
9351389
9351501
9351502
9351506
9351576
9351623
9351796
9351980
9351992
9352123
9352528
9352542
9352653
9352734
9352876
9353208
9353226
9353227
9353464
9353594
9353608
9353819
9353821
9353877
9354382
9354616
9354640
9354995
9355177
9355290
9355542
9355639
9355821
9355920
9355989
9356029
9356231
9356317
9356350
9356445
9356470
9356618
9356675
9356727
9356760
9356762
9357191
9357376
9357689
9357825
9357831
9357833
9357879
9358052
9358154
9358377
9358564
9358582
9358607
9358663
9358672
9358681
9358682
9358994
9359001
9359080
9359393
9359610
9359680
9359745
9359768
9359950
9360121
9360164
9360194
9360232
9360385
9360935
9360992
9361140
9361361
9361587
9361722
9361831
9362016
9362031
9362251
9362405
9362432
9362475
9362700
9362732
9362842
9363267
9363364
9363509
9363750
9363961
9363978
9364133
9364182
9364249
9364309
9364582
9364589
9364591
9364750
9364754
9364822
9364981
9365037
9365106
9365125
9365326
9365328
9365412
9365492
9365533
9365654
9365846
9365852
9366011
9366095
9366300
9366633
9366867
9367195
9367261
9367355
9367629
9367679
9367882
9367892
9368244
9368257
9368284
9368288
9368375
9368411
9368478
9368808
9368831
9368847
9369011
9369198
9369241
9369530
9369574
9369586
9369616
9369702
9369903
9370104
9370146
9370176
9370210
9370337
9370403
9370446
9370461
9370515
9370519
9370750
9370892
9371015
9371054
9371371
9371403
9371570
9371608
9371693
9371738
9371776
9371800
9371809
9371822
9371878
9371926
9371989
9372019
9372160
9372252
9372279
9372351
9372371
9372410
9372493
9372569
9372711
9373228
9373352
9373375
9373468
9373485
9373624
9373854
9373881
9373897
9373974
9374174
9374287
9374292
9374310
9374381
9374423
9374436
9374635
9374715
9374921
9374973
9375082
9375148
9375282
9375306
9375331
9375531
9375699
9375782
9375919
9375973
9376241
9376537
9376669
9377291
9377338
9377477
9377641
9377787
9377841
9378022
9378117
9378325
9378511
9378526
9378572
9378829
9378889
9379017
9379420
9379460
9379581
9379584
9379614
9379881
9380012
9380039
9380043
9380133
9380173
9380220
9380489
9380712
9380817
9381009
9381156
9381391
9381467
9381561
9381743
9381797
9381935
9382208
9382384
9382441
9382508
9382670
9382723
9382791
9382856
9383100
9383450
9383462
9383528
9383590
9383624
9383677
9383772
9384067
9384113
9384162
9384163
9384184
9384254
9384369
9384419
9384586
9384613
9384653
9384712
9384729
9384824
9384828
9384966
9385100
9385331
9385707
9385935
9385974
9386090
9386114
9386141
9386173
9386282
9386571
9386785
9387238
9387268
9387310
9387414
9387472
9387540
9387580
9387605
9387659
9387729
9387843
9388027
9388218
9388410
9388542
9388543
9388601
9388631
9388654
9388737
9388810
9389061
9389103
9389105
9389113
9389141
9389214
9389289
9389580
9389584
9389659
9389668
9389760
9389901
9390220
9391069
9391258
9391354
9391359
9391416
9391454
9391457
9391582
9391894
9392041
9392045
9392200
9392202
9392207
9392282
9392324
9392647
9392680
9392696
9392701
9392813
9392900
9393028
9393085
9393125
9393314
9393534
9393535
9393539
9393685
9393814
9393865
9394071
9394099
9394236
9394289
9394430
9394464
9394567
9394637
9394698
9394854
9394857
9395032
9395083
9395144
9395316
9395404
9395419
9395488
9395622
9395681
9395704
9395962
9396171
9396256
9396510
9396570
9396613
9396634
9396716
9396728
9396812
9397092
9397094
9397176
9397276
9397332
9397567
9397795
9397844
9398103
9398110
9398124
9398238
9398389
9398476
9398603
9398724
9398894
9398960
9399100
9399244
9399303
9399336
9399445
9399496
9400045
9400283
9400489
9400588
9400750
9400757
9400766
9401043
9401136
9401193
9401320
9401581
9401616
9401807
9401987
9402279
9402427
9402495
9402614
9402726
9402864
9403037
9403087
9403090
9403350
9403400
9403437
9403470
9403548
9403686
9403772
9403845
9404273
9404360
9404438
9405019
9405104
9405264
9405433
9405486
9405501
9405737
9405800
9406200
9406507
9406584
9406661
9406707
9406734
9406761
9406803
9406862
9407084
9407130
9407245
9407396
9407676
9407923
9408065
9408085
9408190
9408395
9408407
9408448
9408548
9408773
9408815
9408817
9408968
9409103
9409132
9409193
9409217
9409328
9409412
9409415
9409417
9409458
9409520
9409548
9409588
9409670
9409767
9409788
9410008
9410100
9410308
9410391
9410758
9411015
9411024
9411071
9411269
9411405
9411450
9411482
9411522
9411729
9411860
9411886
9412135
9412227
9412498
9412500
9412640
9412696
9412743
9412760
9412854
9412908
9413213
9413628
9413670
9413764
9413786
9413819
9413887
9414033
9414310
9414353
9414366
9414378
9414406
9414586
9415019
9415029
9415048
9415158
9415171
9415451
9415493
9415635
9415664
9415776
9416009
9416081
9416365
9416472
9416686
9416729
9416886
9416956
9417166
9417355
9417416
9417594
9417770
9417892
9417921
9418206
9418265
9418318
9418448
9418597
9418626
9418750
9418858
9418902
9418935
9419350
9419606
9419641
9419650
9419761
9419835
9419951
9420176
9420422
9420675
9420694
9420701
9420825
9421106
9421119
9421186
9421320
9421694
9421897
9421901
9421909
9421939
9421955
9422071
9422185
9422290
9422503
9422552
9422580
9422598
9422642
9422648
9423061
9423099
9423103
9423195
9423437
9423439
9423478
9423480
9423560
9423576
9423581
9423811
9424039
9424061
9424070
9424079
9424529
9424647
9424737
9424872
9424927
9425094
9425189
9425214
9425218
9425220
9425663
9425676
9425800
9425833
9425874
9425887
9426018
9426083
9426729
9426909
9427138
9427184
9427191
9427289
9427298
9427612
9427735
9427751
9427864
9427916
9427934
9428165
9428173
9428229
9428505
9428520
9428648
9428790
9428819
9428830
9428870
9428935
9428944
9429063
9429155
9429158
9429172
9429184
9429302
9429411
9429454
9429523
9429537
9429585
9429659
9429729
9429918
9429988
9430121
9430127
9430161
9430205
9430213
9430248
9430396
9430402
9430507
9430614
9430619
9430769
9430815
9430870
9430912
9431025
9431169
9431239
9431413
9431470
9431481
9431653
9431729
9431731
9431786
9431931
9432046
9432377
9432504
9432546
9432766
9432921
9433129
9433248
9433262
9433396
9433422
9433794
9434650
9435058
9435115
9435140
9435174
9435352
9435392
9435715
9435863
9435967
9436261
9436267
9436643
9437473
9437573
9437586
9437623
9437740
9437802
9437842
9438115
9438140
9438148
9438162
9438208
9438257
9438289
9438369
9438483
9438531
9438584
9438879
9439007
9439054
9439290
9439529
9439661
9439687
9439731
9439790
9439930
9440327
9440466
9440478
9440724
9440765
9440772
9441178
9441239
9441254
9441418
9441482
9441713
9441858
9441918
9442032
9442216
9442547
9442598
9442849
9442894
9443282
9443283
9443497
9443734
9444193
9444229
9444407
9444423
9444447
9444563
9444851
9444925
9445188
9445189
9445316
9445496
9445949
9446121
9446148
9446315
9446765
9446863
9446979
9447026
9447202
9447260
9447298
9447357
9447410
9447461
9447503
9447517
9447551
9448057
9448126
9448158
9448201
9448297
9448308
9448447
9448558
9448631
9448910
9448990
9449121
9449124
9449335
9449400
9449627
9449702
9450134
9450198
9450368
9450387
9450456
9450876
9450997
9451157
9451178
9451294
9451336
9451525
9452201
9452209
9452458
9452469
9452515
9452625
9452697
9452718
9452747
9452859
9452875
9453059
9453172
9453174
9453366
9453372
9453405
9453412
9453418
9453507
9453763
9453926
9454019
9454028
9454132
9454150
9454210
9454328
9454470
9454559
9454575
9454582
9454618
9454695
9455254
9455261
9455314
9455351
9455368
9455689
9455701
9455716
9455869
9456048
9456117
9456148
9456164
9456247
9456330
9456405
9456408
9456501
9456557
9456759
9456961
9457024
9457030
9457111
9457298
9457509
9457634
9457667
9457689
9457710
9457722
9457750
9458100
9458226
9458424
9458587
9458663
9458779
9458792
9458999
9459114
9459129
9459287
9459310
9459470
9459521
9459632
9460327
9460377
9460411
9460491
9460509
9460661
9460954
9460992
9461000
9461038
9461076
9461435
9461518
9461560
9461713
9461873
9461933
9461979
9462099
9462276
9462319
9462338
9462555
9462902
9463006
9463039
9463046
9463397
9463416
9463484
9463525
9463717
9463926
9463975
9464046
9464077
9464236
9464395
9464457
9464566
9464777
9464854
9464922
9464944
9465024
9465205
9465602
9465963
9466078
9466119
9466474
9466561
9466653
9467002
9467024
9467039
9467166
9467317
9467406
9467678
9468075
9468095
9468156
9468472
9468660
9468865
9468883
9468919
9468940
9469053
9469236
9469250
9469309
9469310
9469426
9469433
9469479
9469538
9469944
9469956
9470059
9470160
9470317
9470369
9470621
9470625
9470743
9470816
9471218
9471282
9471324
9471451
9471468
9471475
9471597
9471634
9472052
9472139
9472244
9472278
9472386
9473160
9473193
9473363
9473410
9473457
9473656
9473932
9473981
9474082
9474185
9474191
9474221
9474321
9474325
9474343
9474369
9474479
9474727
9474881
9474981
9475043
9475214
9475246
9475254
9475311
9475327
9475518
9475727
9475833
9475904
9475927
9475955
9476540
9476730
9476736
9476895
9477022
9477124
9477299
9477403
9477434
9477464
9477797
9478135
9478343
9478603
9478678
9478926
9478966
9479222
9479274
9479289
9479357
9479441
9479460
9479473
9479725
9479730
9479838
9479953
9479967
9479976
9480136
9480259
9480329
9480501
9480669
9480678
9480709
9480723
9480768
9481525
9481712
9481793
9481794
9482023
9482046
9482169
9482297
9482522
9482673
9482814
9483109
9483382
9483388
9483446
9483484
9483657
9483660
9483691
9483881
9483891
9483962
9483968
9484026
9484129
9484236
9484582
9484718
9484797
9484866
9485203
9485332
9485510
9485534
9485576
9485604
9485613
9485615
9485644
9485830
9485916
9486000
9486058
9486067
9486185
9486213
9486321
9486472
9486632
9486787
9486999
9487179
9487314
9487347
9487441
9487469
9487499
9487540
9487950
9488008
9488322
9488351
9488506
9488765
9488782
9488946
9488969
9489058
9489066
9489157
9489170
9489210
9489228
9489352
9489424
9489587
9489794
9489923
9489980
9490047
9490246
9490269
9490512
9491143
9491194
9491440
9491707
9491767
9491771
9491876
9492048
9492185
9492229
9492472
9492795
9492901
9493081
9493135
9493311
9493330
9493397
9493416
9493481
9493545
9493719
9493951
9494115
9494138
9494211
9494231
9494363
9494374
9494514
9494606
9494730
9494739
9494788
9494873
9494880
9495035
9495042
9495139
9495177
9495310
9495355
9495424
9495438
9495539
9495667
9495792
9496166
9496465
9496629
9496635
9496790
9496884
9496893
9497125
9497132
9497235
9497254
9497265
9497330
9497470
9497609
9497638
9497657
9498062
9498194
9498284
9498374
9498548
9498599
9498659
9498963
9499009
9499164
9499225
9499503
9499515
9499688
9499696
9499858
9500122
9500215
9500565
9500675
9500685
9500806
9500838
9500839
9501135
9501297
9501410
9501600
9501618
9501712
9501730
9501819
9501903
9502042
9502123
9502163
9502178
9502276
9502310
9502343
9502417
9502488
9502592
9502740
9502832
9502835
9503109
9503158
9503180
9503255
9503362
9503370
9503510
9503821
9503953
9503991
9503992
9504162
9504177
9504442
9504486
9504983
9505035
9505553
9505625
9505630
9505645
9505834
9505994
9506058
9506230
9506421
9506429
9506475
9506582
9506656
9506699
9506754
9506769
9506878
9507108
9507246
9507371
9507447
9507708
9507874
9507990
9508157
9508276
9508330
9508439
9508444
9508465
9508524
9508890
9508918
9508936
9508958
9509197
9509722
9510091
9510190
9510526
9510563
9510577
9510755
9511023
9511520
9511529
9511623
9511936
9512153
9512201
9512291
9512346
9512595
9512739
9512794
9513137
9513157
9513197
9513288
9513583
9513601
9513634
9513692
9513831
9513867
9513877
9513894
9513984
9514056
9514121
9514178
9514183
9514204
9514304
9514351
9514387
9514409
9514647
9515129
9515201
9515367
9515569
9515638
9515738
9515828
9515864
9515892
9515939
9516030
9516180
9516202
9516444
9516614
9516682
9516717
9516781
9516968
9517354
9517406
9517455
9517525
9517565
9517583
9517700
9518637
9518780
9518805
9518843
9519047
9519169
9519209
9519228
9519230
9519361
9519436
9519811
9519906
9519944
9520005
9520011
9520015
9520095
9520131
9520354
9520599
9520632
9520655
9520844
9520967
9521181
9521225
9521427
9521612
9521880
9522056
9522166
9522355
9522362
9522526
9522545
9522586
9522931
9523130
9523203
9523246
9523436
9523446
9523554
9523690
9523762
9523780
9523852
9524156
9524245
9524901
9525010
9525059
9525187
9525197
9525270
9525362
9525420
9525591
9526185
9526280
9526402
9526426
9526618
9526650
9526869
9526889
9526923
9527100
9527141
9527328
9527435
9527705
9527717
9527790
9527982
9528035
9528121
9528135
9528166
9528202
9528208
9528221
9528352
9528461
9528763
9528823
9529038
9529087
9529134
9529318
9529335
9529480
9529551
9529597
9529655
9529716
9529866
9529871
9529880
9529987
9530010
9530040
9530077
9530168
9530281
9530470
9530553
9530726
9530838
9530899
9530930
9531051
9531257
9531965
9532154
9532207
9532258
9532624
9532650
9532655
9532776
9532883
9533249
9533422
9533738
9534004
9534157
9534237
9534287
9534584
9534622
9534758
9534886
9534909
9535000
9535061
9535297
9535368
9535401
9535410
9535507
9535576
9535604
9535606
9535637
9535793
9535953
9536032
9536184
9536405
9536458
9536533
9536602
9536793
9536797
9536821
9536868
9537132
9537211
9537496
9537861
9537910
9537915
9538020
9538031
9538219
9539098
9539147
9539194
9539596
9539655
9539748
9539808
9539809
9539868
9540052
9540246
9540341
9540749
9540778
9541079
9541200
9541285
9541565
9541663
9541676
9541950
9542145
9542445
9542514
9542761
9542861
9542970
9542978
9543200
9543310
9543313
9543314
9543375
9543640
9543795
9543854
9544146
9544331
9544355
9544386
9544400
9544692
9544711
9545028
9545032
9545035
9545063
9545248
9545391
9545432
9545766
9545921
9546061
9546068
9546083
9546286
9546307
9546442
9546453
9546550
9546558
9546594
9546664
9546731
9546800
9547157
9547544
9547619
9547730
9548098
9548403
9548431
9548741
9548768
9549082
9549281
9549408
9549540
9549556
9549568
9550046
9550260
9550629
9550793
9551049
9551066
9551121
9551184
9551211
9551215
9551258
9551503
9551597
9551730
9551745
9551797
9551815
9551826
9551875
9551972
9552029
9552047
9552128
9552808
9552885
9553013
9553049
9553151
9553281
9553361
9553582
9553702
9553768
9554057
9554228
9554240
9554717
9554721
9554728
9554959
9554966
9554996
9555128
9555322
9555334
9555371
9555414
9555479
9556046
9556109
9556310
9556550
9556652
9556699
9556725
9556901
9556945
9557085
9557447
9557508
9557516
9557557
9557633
9557659
9558092
9558175
9558186
9558217
9558304
9558403
9558436
9558471
9558484
9558687
9558761
9558790
9558912
9559020
9559026
9559186
9559238
9559280
9559638
9559722
9559779
9559792
9559828
9559954
9560029
9560140
9560331
9560443
9560449
9560500
9560838
9560878
9560892
9560919
9560923
9560979
9561129
9561300
9561303
9561312
9561705
9562183
9562519
9562593
9562617
9562726
9562804
9562940
9563247
9563678
9563716
9563815
9564080
9564307
9564553
9564751
9564761
9565219
9565348
9565357
9565441
9565678
9566096
9566166
9566332
9566342
9566362
9566493
9566603
9566660
9566982
9567058
9567139
9567143
9567331
9567379
9567477
9567498
9567503
9567524
9567756
9567857
9567915
9568183
9568364
9568518
9568583
9568586
9568648
9568689
9568974
9568994
9569047
9569068
9569084
9569100
9569193
9569365
9569484
9569738
9569823
9569861
9570044
9570093
9570300
9570369
9570731
9570769
9570815
9570827
9571037
9571125
9571128
9571140
9571160
9571257
9571259
9571340
9571432
9571468
9571495
9571862
9572012
9572024
9572036
9572378
9572447
9572801
9572945
9573085
9573167
9573371
9573416
9573445
9573455
9573936
9574021
9574106
9574201
9574228
9574566
9574653
9574893
9574957
9574981
9575248
9575360
9575523
9575537
9575718
9575915
9576135
9576208
9576275
9576650
9576728
9576744
9576780
9577034
9577045
9577225
9577511
9577600
9577730
9577741
9577847
9577913
9578016
9578199
9578534
9578729
9578782
9578785
9578861
9578946
9579298
9579343
9579351
9579366
9579483
9579596
9579637
9579690
9579828
9579874
9580240
9580364
9580421
9580514
9580516
9580591
9580671
9580721
9580798
9581047
9581373
9581591
9581634
9581819
9581859
9582000
9582055
9582067
9582125
9582129
9582412
9582487
9582835
9582871
9582933
9582940
9583032
9583215
9583375
9583484
9583561
9583892
9583983
9584016
9584173
9584770
9584958
9585136
9585257
9585326
9585552
9585580
9585748
9586085
9586181
9586200
9586283
9586418
9586429
9586461
9586731
9586819
9586952
9587119
9587137
9587179
9587198
9587376
9587434
9587492
9587661
9587700
9587801
9587832
9588034
9588163
9588551
9588997
9589026
9589059
9589193
9589220
9589317
9589320
9589364
9589518
9589560
9589864
9589882
9590138
9590317
9590430
9590897
9590898
9590903
9590956
9590997
9591086
9591136
9591188
9591212
9591414
9591449
9591616
9591640
9591683
9591734
9591749
9592119
9592136
9592326
9592598
9592855
9592897
9592932
9593047
9593148
9593373
9593460
9593553
9593576
9593668
9594035
9594135
9594287
9594329
9594387
9594466
9594688
9594747
9594784
9595054
9595087
9595098
9595144
9595214
9595288
9595337
9595436
9595518
9595726
9595762
9595828
9595951
9596077
9596150
9596287
9596333
9596437
9596451
9596551
9596731
9596916
9596933
9597400
9597765
9597917
9598160
9598299
9598361
9598378
9598643
9598850
9598940
9598950
9599095
9599356
9599710
9599730
9599771
9599874
9599895
9600147
9600150
9600156
9600318
9600353
9600369
9600816
9600875
9600965
9601029
9601033
9601119
9601267
9601377
9601427
9601672
9601778
9601795
9602050
9602245
9602252
9602266
9602276
9602678
9602691
9602693
9602723
9602847
9602917
9602978
9603164
9603206
9603342
9603349
9603422
9603445
9603742
9604006
9604007
9604031
9604062
9604069
9604107
9604257
9604511
9604560
9604589
9604653
9604944
9605011
9605026
9605062
9605457
9605618
9605760
9605799
9605887
9605935
9606375
9606628
9606635
9606639
9606749
9606815
9606849
9607039
9607135
9607165
9607317
9607333
9607470
9607878
9607989
9608176
9608186
9608320
9608377
9608474
9608512
9608530
9608544
9608607
9608706
9608709
9608896
9608900
9608913
9608943
9609001
9609062
9609110
9609122
9609532
9609542
9609550
9609703
9609761
9609808
9609931
9610000
9610048
9610100
9610106
9610188
9610373
9610543
9610621
9610787
9610826
9610935
9611059
9611068
9611095
9611264
9611341
9611353
9611360
9611480
9611612
9611909
9611939
9612088
9612129
9612473
9612580
9612581
9612631
9612956
9613115
9613121
9613162
9613472
9613881
9614068
9614242
9614447
9614511
9615085
9615113
9615223
9615290
9615310
9615442
9615472
9615580
9615592
9615712
9615761
9615829
9616259
9616428
9616656
9616662
9616785
9616896
9617194
9617276
9617537
9617590
9617645
9617653
9617661
9617662
9617710
9618030
9618124
9618297
9618557
9618793
9618936
9619026
9619068
9619228
9619317
9619414
9619679
9619687
9619699
9619885
9619954
9620049
9620063
9620160
9620175
9620244
9620256
9620341
9620481
9620791
9620857
9621166
9621175
9621240
9621412
9621471
9621844
9621918
9621992
9622155
9622158
9622260
9622401
9622408
9622501
9622531
9622666
9622752
9622865
9622914
9622962
9622982
9623611
9623682
9623734
9623780
9623949
9623997
9624040
9624042
9624066
9624174
9624309
9624410
9625015
9625151
9625306
9625448
9625494
9625499
9625890
9625996
9626144
9626485
9626551
9626614
9626678
9626679
9626954
9627191
9627266
9627397
9627451
9627575
9627615
9627719
9627807
9627927
9628094
9628097
9628115
9628130
9628263
9628668
9628925
9629112
9629238
9629365
9629415
9629581
9629614
9629673
9629718
9629862
9630063
9630078
9630445
9630460
9630592
9630601
9630621
9631131
9631145
9631362
9631366
9631380
9631517
9631748
9631845
9631985
9632234
9632315
9632331
9632529
9632667
9632788
9632945
9633008
9633230
9633243
9633348
9633368
9633436
9633464
9634244
9634332
9634461
9634465
9634656
9634679
9634892
9634928
9635046
9635124
9635197
9635321
9635607
9636051
9636063
9636171
9636197
9636491
9636519
9636560
9636796
9637010
9637038
9637090
9637113
9637314
9637457
9637608
9638201
9638446
9638566
9638697
9638747
9638897
9638920
9639022
9639211
9639240
9639261
9639382
9639543
9639769
9639975
9640014
9640410
9640446
9640591
9640770
9640784
9640850
9640914
9640977
9641002
9641030
9641610
9641623
9641965
9642030
9642068
9642137
9642147
9642279
9642389
9642405
9642554
9642620
9642627
9642668
9642727
9642904
9643017
9643212
9643252
9643295
9643321
9643387
9643415
9643502
9643509
9643766
9643954
9644074
9644224
9644310
9644608
9644616
9644686
9644783
9644796
9644937
9645047
9645302
9645318
9645372
9645419
9645422
9645438
9645461
9645673
9645816
9645968
9646068
9646131
9646398
9646490
9646568
9646584
9646594
9646725
9647023
9647698
9647902
9648035
9648087
9648164
9648283
9648451
9648604
9648815
9648912
9648947
9648985
9649215
9649276
9649305
9649517
9649723
9649825
9649860
9649895
9650082
9650110
9650147
9650156
9650307
9650880
9650960
9651119
9651215
9651361
9651458
9651502
9651507
9651661
9651814
9651952
9652057
9652116
9652304
9652460
9652499
9652536
9652724
9652725
9652805
9652892
9653014
9653297
9653564
9653658
9653667
9653875
9653896
9653911
9653932
9653995
9654012
9654058
9654064
9654349
9654389
9654511
9654519
9654569
9654578
9654876
9655085
9655319
9655341
9655537
9655661
9655981
9656049
9656089
9656272
9656274
9656341
9656562
9656679
9656740
9656862
9656871
9656985
9657057
9657095
9657117
9657162
9657187
9657275
9657484
9657551
9657658
9657731
9657821
9657854
9657876
9658155
9658377
9658419
9658423
9658507
9658689
9658736
9658920
9659014
9659120
9659329
9659434
9659484
9659517
9659648
9659756
9659757
9659838
9659884
9660063
9660485
9660487
9660496
9660551
9660622
9660737
9660778
9661189
9661465
9661558
9661609
9661692
9661806
9661917
9662035
9662090
9662234
9662374
9662387
9662415
9662481
9662646
9662965
9663006
9663038
9663176
9663443
9663451
9663539
9663722
9663927
9664207
9664306
9664461
9664480
9664509
9664688
9664779
9664897
9664943
9664976
9665011
9665198
9665217
9665396
9665485
9665717
9666084
9666099
9666172
9666255
9666414
9666442
9666594
9666780
9666791
9666974
9667030
9667117
9667231
9667365
9667394
9667466
9667572
9667644
9667742
9668495
9668517
9668714
9668819
9669001
9669054
9669392
9669406
9669414
9669470
9669479
9669676
9669980
9670016
9670018
9670466
9670539
9670631
9670758
9670807
9671130
9671185
9671212
9671437
9671456
9671519
9671830
9671885
9671887
9671969
9672128
9672249
9672255
9672288
9672509
9672711
9672813
9672814
9672856
9672866
9672908
9672995
9673040
9673232
9673513
9673522
9673551
9673650
9673762
9673797
9674004
9674066
9674072
9674139
9674384
9674399
9674531
9674793
9675206
9675512
9675571
9675588
9675678
9675725
9675759
9675972
9676188
9676237
9676337
9676424
9676647
9676729
9676758
9676761
9676844
9676970
9677067
9677090
9677248
9677326
9677607
9677669
9677731
9678055
9678134
9678173
9678252
9678470
9678575
9678618
9678844
9678910
9678958
9678960
9679095
9679151
9679515
9679640
9679743
9679818
9679879
9679881
9679966
9680020
9680139
9680336
9680368
9680380
9680387
9680459
9680481
9680835
9681010
9681034
9681236
9681312
9681389
9681559
9681564
9681619
9681727
9681883
9682431
9682587
9682588
9682647
9682706
9682728
9682754
9682784
9682915
9683239
9684207
9684246
9684289
9684402
9684439
9684451
9684551
9684653
9684849
9685120
9685392
9685733
9685750
9685800
9685947
9685952
9686022
9686092
9686239
9686421
9686453
9686575
9686816
9686831
9686929
9686930
9686959
9687045
9687059
9687255
9687365
9687402
9687720
9687730
9687828
9688319
9688394
9688508
9688591
9688615
9688711
9688805
9688846
9688851
9688867
9688878
9688941
9689304
9689566
9689608
9689621
9689668
9689910
9690351
9690376
9690525
9690598
9690633
9690852
9690963
9690979
9691070
9691162
9691196
9691291
9691471
9691488
9691880
9691921
9692197
9692276
9692499
9692749
9692783
9692914
9692941
9692991
9693096
9693115
9693342
9693417
9693487
9693534
9693589
9693746
9693779
9694003
9694104
9694231
9694295
9694344
9694471
9694790
9694934
9694965
9695001
9695037
9695150
9695450
9695491
9695572
9695644
9695740
9695908
9695969
9695972
9696036
9696091
9696159
9696348
9696726
9697155
9697204
9697287
9697523
9697619
9698079
9698094
9698426
9698428
9698477
9698498
9698512
9698544
9698630
9699077
9699123
9699131
9699151
9699154
9699201
9699267
9699287
9699355
9699375
9699499
9699686
9699786
9699927
9699991
9700186
9700391
9700475
9700519
9700601
9700881
9700921
9700924
9701033
9701059
9701362
9701784
9702348
9702379
9702529
9703096
9703144
9703182
9703513
9703554
9703562
9703653
9703780
9703827
9703919
9704059
9704119
9704265
9704496
9704512
9704526
9704706
9704969
9705075
9705170
9705341
9705423
9705539
9705617
9705659
9705701
9705710
9705747
9705772
9705909
9706022
9706039
9706163
9706177
9706218
9706221
9706363
9706379
9706404
9706470
9706775
9706947
9707005
9707055
9707236
9707278
9707399
9707405
9707430
9707666
9707785
9707791
9708128
9708324
9708333
9708582
9708658
9709078
9709177
9709305
9709389
9709550
9709592
9709612
9709625
9709772
9709826
9709875
9709963
9710393
9710449
9710560
9710784
9711180
9711284
9711605
9711621
9711933
9711967
9712006
9712174
9712237
9712278
9712320
9712329
9712454
9712483
9712575
9712701
9712840
9712912
9712915
9712941
9712995
9713294
9713329
9713387
9713762
9713765
9713956
9714210
9714232
9714347
9714668
9714753
9715093
9715141
9715176
9715242
9715287
9715301
9715368
9715594
9715638
9715691
9715732
9715758
9716096
9716136
9716155
9716185
9716237
9716475
9716508
9717022
9717067
9717071
9717307
9717392
9717422
9717561
9717633
9717847
9718108
9718458
9718563
9718643
9718903
9719031
9719154
9719384
9719387
9719524
9719569
9719645
9719727
9719756
9719813
9719882
9719909
9720150
9720361
9720375
9720492
9720530
9720572
9720582
9720689
9720696
9720783
9720841
9721171
9721181
9721258
9721321
9721545
9721666
9721848
9721998
9722005
9722138
9722193
9722306
9722370
9722407
9722674
9722824
9722856
9723297
9723346
9723554
9723557
9723994
9724204
9724257
9724290
9724340
9724368
9724497
9724511
9724516
9724718
9724826
9725031
9725337
9725648
9725795
9726300
9726345
9726351
9726608
9726948
9726999
9727066
9727329
9727382
9727521
9727605
9727747
9727781
9727875
9727897
9728059
9728621
9728830
9728935
9729166
9729174
9729203
9729355
9729425
9729502
9729526
9729559
9729563
9729572
9729573
9729674
9729779
9729933
9729978
9730065
9730189
9730340
9730516
9730700
9730831
9730899
9730915
9731150
9731170
9731229
9731296
9731439
9731495
9731571
9731577
9732139
9732173
9732337
9732609
9732629
9732779
9732875
9733126
9733299
9733593
9733748
9733777
9733834
9734021
9734097
9734119
9734171
9734431
9734684
9734764
9735000
9735411
9735425
9735842
9735875
9735926
9735930
9736118
9736182
9736259
9736345
9736355
9736433
9736441
9736469
9736597
9736619
9736842
9736918
9737145
9737205
9737211
9737639
9737728
9737905
9737940
9738133
9738202
9738261
9738335
9738336
9738404
9738434
9738443
9738814
9738840
9738871
9739303
9739396
9739593
9739640
9739669
9739693
9739781
9740005
9740123
9740191
9740692
9740725
9740964
9741491
9741646
9741778
9741879
9742123
9742180
9742208
9742280
9742308
9742322
9742517
9742522
9742560
9742741
9742816
9742838
9743376
9743506
9743536
9743579
9743727
9743998
9744003
9744016
9744152
9744211
9744256
9744282
9744612
9744736
9744765
9744828
9744932
9745161
9745223
9745243
9745311
9745361
9745424
9745505
9745605
9745615
9745785
9745796
9746017
9746072
9746090
9746136
9746517
9746534
9746589
9746655
9746659
9746686
9746729
9746957
9747112
9747261
9747273
9747296
9747358
9747383
9747532
9747585
9747745
9747924
9748011
9748078
9748121
9748124
9748361
9748388
9748482
9748718
9748867
9748972
9748975
9749020
9749116
9749239
9749570
9749634
9749637
9749734
9749751
9749783
9749825
9749980
9749988
9750016
9750130
9750470
9750782
9750881
9750913
9751276
9751435
9751446
9751511
9751792
9751902
9751919
9751998
9752060
9752429
9752560
9752896
9752912
9753022
9753049
9753253
9753256
9753310
9753522
9753878
9753969
9754289
9754349
9754646
9754785
9754830
9754929
9754990
9754994
9754997
9755076
9755264
9755324
9755521
9755869
9756422
9756488
9756502
9756786
9756965
9757112
9757120
9757190
9757558
9757856
9757885
9758311
9758376
9758601
9758740
9758764
9758831
9758843
9758846
9758951
9759095
9759128
9759163
9759164
9759216
9759373
9759415
9759448
9759498
9759569
9759676
9759804
9759890
9759982
9760300
9760302
9760417
9760780
9760833
9760896
9760927
9761251
9761285
9761397
9761619
9761743
9761765
9761793
9761841
9761942
9762236
9762324
9762327
9762333
9762424
9762430
9762588
9762897
9763031
9763065
9763191
9763242
9763441
9763451
9763495
9763539
9763828
9763938
9764142
9764279
9764367
9764709
9764900
9764938
9765510
9765543
9765818
9765886
9766214
9766304
9766309
9766641
9766696
9766748
9767031
9767142
9767176
9767193
9767243
9767248
9767350
9767413
9767424
9767433
9767494
9767642
9768057
9768062
9768301
9768426
9768488
9768503
9768714
9768742
9769038
9769176
9769706
9769720
9769887
9769950
9770231
9770268
9770339
9770688
9770987
9771063
9771078
9771115
9771203
9771272
9771390
9771627
9771645
9771896
9772321
9772350
9772576
9772721
9772830
9772838
9773063
9773070
9773096
9773134
9773148
9773224
9773274
9773455
9773477
9773618
9773629
9773697
9773749
9774020
9774183
9774573
9774874
9775039
9775180
9775347
9775368
9775408
9775513
9775634
9775721
9775860
9775929
9775948
9776024
9776122
9776343
9776395
9776815
9776965
9777103
9777364
9777568
9777662
9778022
9778033
9778061
9778293
9778330
9778460
9778636
9778657
9778772
9778787
9778812
9778856
9779013
9779046
9779133
9779143
9779168
9779231
9779367
9779563
9779592
9779612
9779674
9779856
9779915
9779938
9780117
9780154
9780303
9780317
9780461
9780838
9780872
9781273
9781283
9781328
9781447
9781557
9781570
9781637
9781671
9781844
9781888
9782449
9782450
9782663
9782952
9783118
9783131
9783865
9783970
9783986
9784309
9784342
9784595
9784698
9784764
9784902
9785014
9785135
9785162
9785257
9785357
9785580
9785761
9785767
9785817
9785973
9785992
9786144
9786206
9786304
9786355
9786479
9786586
9786680
9786829
9786833
9787145
9787192
9788031
9788260
9788527
9788532
9788588
9788631
9788767
9789121
9789893
9790099
9790121
9790175
9790438
9790607
9790631
9790716
9790836
9790893
9791079
9791124
9791328
9791399
9791583
9791618
9791633
9791768
9791885
9792043
9792073
9792165
9792250
9792386
9792510
9792517
9792670
9792751
9792811
9792868
9793018
9793056
9793215
9793247
9793276
9793283
9793325
9793484
9793691
9793934
9794018
9794047
9794059
9794403
9794457
9794465
9794477
9794640
9794741
9794871
9794905
9794971
9795016
9795122
9795283
9795606
9795809
9795916
9796143
9796275
9796677
9797259
9797266
9797294
9797454
9797707
9797771
9797841
9797861
9798165
9798391
9798450
9798607
9798888
9799019
9799028
9799133
9799252
9799253
9799328
9799347
9799560
9799568
9799629
9799694
9799724
9799737
9799917
9799975
9800016
9800079
9800148
9800252
9800276
9800336
9800364
9800444
9800494
9800585
9800596
9800606
9800619
9800778
9800900
9800907
9800947
9801033
9801794
9802121
9802266
9802304
9802336
9802363
9802533
9802756
9802894
9802995
9803237
9803408
9803733
9803984
9804019
9804090
9804799
9804808
9804828
9805255
9805388
9805577
9805893
9805931
9806020
9806094
9806232
9806240
9806266
9806288
9806378
9806680
9806734
9806824
9807036
9807037
9807117
9807168
9807182
9807294
9807490
9807504
9807512
9807681
9807896
9807931
9807986
9808191
9808311
9808489
9808502
9808861
9808962
9809211
9809555
9809608
9809776
9809845
9809862
9809985
9810007
9810104
9810238
9810272
9810279
9810291
9810296
9810378
9810586
9810730
9810802
9810900
9810904
9811022
9811423
9811717
9811771
9812042
9812561
9812649
9812717
9812882
9813003
9813266
9813343
9813397
9813401
9813453
9813554
9813725
9813737
9813816
9814174
9814199
9814444
9815014
9815073
9815148
9815836
9816087
9816088
9816121
9816161
9816181
9816214
9816286
9816363
9816490
9816553
9816661
9816850
9816927
9817119
9817204
9817299
9817682
9817833
9818130
9818248
9818378
9818564
9818611
9818689
9818741
9819240
9819324
9819756
9819937
9819955
9820381
9820497
9820620
9820735
9820747
9820950
9821118
9821126
9821331
9821779
9821808
9821898
9822065
9822090
9822100
9822299
9822306
9822409
9822433
9822531
9822577
9822656
9822661
9822757
9822798
9823171
9823447
9823490
9823572
9823658
9824076
9824079
9824313
9824403
9824464
9824486
9824777
9824930
9825107
9825233
9825324
9825363
9825414
9825526
9825749
9825944
9826176
9826392
9826461
9826695
9826705
9826866
9827007
9827049
9827098
9827183
9827302
9827840
9827958
9828135
9828285
9828720
9828863
9829156
9829215
9829500
9829680
9829701
9830519
9830638
9830644
9830714
9830744
9830888
9830989
9831026
9831040
9831313
9831492
9831542
9831574
9831820
9831920
9832106
9832184
9832225
9832240
9832306
9832318
9832365
9832719
9832830
9832869
9833070
9833938
9834297
9834372
9834445
9834503
9834583
9834614
9834756
9834779
9834858
9834862
9834993
9835055
9835310
9835315
9835340
9835389
9835392
9835720
9835775
9835802
9835857
9835982
9836400
9836430
9836741
9836748
9837010
9837179
9837211
9837349
9837505
9838373
9838478
9838482
9838523
9838749
9838833
9838842
9838875
9838969
9839090
9839268
9839379
9839707
9839954
9840033
9840182
9840402
9840804
9840929
9841078
9841209
9841222
9841389
9841853
9841921
9842305
9842593
9842623
9842644
9842860
9842903
9843031
9843047
9843091
9843104
9843155
9843200
9843334
9843437
9843592
9843790
9843902
9843943
9843954
9844013
9844034
9844086
9844350
9844454
9844524
9844758
9844785
9844806
9844928
9845111
9845444
9845468
9845598
9845754
9845766
9845922
9846088
9846134
9846423
9846490
9847297
9847503
9847628
9847665
9847803
9847877
9847943
9848080
9848176
9848237
9848367
9848518
9848525
9848545
9848570
9848688
9848740
9848745
9848818
9849265
9849469
9849505
9850122
9850163
9850183
9850316
9850339
9850460
9850600
9850679
9850716
9850777
9850803
9850870
9850903
9851111
9851164
9851347
9851546
9851568
9851608
9851970
9852166
9852289
9852296
9852356
9852388
9852460
9852461
9852471
9852536
9852999
9853004
9853137
9853203
9853228
9853598
9853726
9854273
9854414
9854424
9854584
9854630
9854705
9854791
9854800
9854962
9855014
9855075
9855082
9855272
9855342
9855446
9855573
9855680
9855744
9855982
9855983
9856117
9856153
9856180
9856184
9856217
9856474
9856905
9856914
9856967
9856970
9857142
9857156
9857280
9857325
9857589
9857974
9858347
9858405
9858420
9858529
9858904
9859206
9859605
9859647
9859851
9860011
9860049
9860059
9860083
9860217
9860304
9860366
9860466
9860560
9860825
9860866
9860948
9861003
9861217
9861256
9861616
9861629
9861709
9861794
9861944
9862001
9862015
9862272
9862464
9862686
9862918
9863330
9863356
9863412
9863458
9863514
9863568
9863663
9863676
9863683
9863780
9863796
9863892
9863906
9864126
9864340
9864438
9864482
9864578
9864875
9864912
9864956
9865036
9865080
9865142
9865195
9865496
9865518
9865554
9865690
9865837
9866241
9866589
9866668
9866767
9867004
9867032
9867722
9867782
9867962
9868001
9868263
9868392
9868571
9868626
9868715
9868749
9868820
9868829
9869085
9869158
9869229
9869505
9869684
9869702
9869742
9869770
9869915
9869961
9870105
9870110
9870681
9870848
9870928
9871041
9871173
9871639
9871645
9871707
9871752
9871846
9871892
9872097
9872277
9872432
9872584
9872602
9872924
9873079
9873124
9873154
9873217
9873239
9873279
9873282
9873525
9873540
9873943
9874295
9874405
9874535
9874579
9874582
9874734
9874820
9874869
9875027
9875193
9875240
9875414
9875467
9875570
9875719
9875880
9875900
9876069
9876153
9876332
9876355
9876592
9876688
9876785
9876854
9877337
9877532
9877576
9877584
9877606
9877720
9877828
9877853
9878283
9878389
9878456
9878712
9878714
9878780
9879202
9879412
9879454
9879834
9879836
9880089
9880289
9880779
9880909
9881250
9881274
9881331
9881347
9881415
9881580
9881986
9882362
9882447
9882554
9882618
9882788
9883135
9883271
9883341
9883541
9883572
9883642
9883655
9883656
9883658
9883737
9883899
9884019
9884134
9884252
9884293
9884344
9884354
9884570
9884601
9884607
9884622
9884841
9884908
9884994
9885149
9885250
9885438
9885661
9885677
9885805
9885882
9886000
9886119
9886172
9886202
9886404
9886695
9886755
9886784
9886851
9887023
9887394
9887467
9887978
9888008
9888043
9888122
9888123
9888242
9888385
9888601
9888733
9888756
9888853
9889199
9889209
9889243
9889271
9889526
9889594
9889710
9889813
9889965
9890319
9890418
9890450
9890499
9890715
9890864
9890873
9890904
9891155
9891209
9891307
9891371
9891653
9891719
9891750
9892365
9892592
9892630
9892815
9892837
9893024
9893402
9893430
9893578
9893696
9893948
9893985
9893994
9894053
9894060
9894212
9894221
9894244
9894291
9894315
9894352
9894461
9894589
9894734
9894898
9894907
9895099
9895119
9895741
9895760
9895792
9895850
9895934
9896138
9896242
9896251
9896254
9896298
9896361
9896428
9896560
9896637
9896801
9896965
9897072
9897201
9897290
9897293
9897327
9897502
9897679
9897767
9897792
9897990
9898314
9898380
9898451
9898459
9898565
9898825
9898828
9898854
9898933
9898970
9899061
9899066
9899215
9899640
9899889
9899954
9900108
9900218
9900312
9900483
9900819
9901018
9901176
9901220
9901284
9901286
9901368
9901492
9901710
9901724
9901728
9901916
9902114
9902119
9902189
9902254
9902315
9902362
9902385
9902479
9902584
9902667
9902676
9902875
9902949
9903104
9903219
9903893
9903970
9904011
9904238
9904492
9904547
9904707
9904763
9904823
9904847
9905078
9905124
9905217
9905296
9905608
9905738
9905906
9905935
9906174
9906261
9906316
9906737
9906909
9907360
9907452
9907714
9907810
9907993
9908141
9908201
9908313
9908373
9908473
9908655
9908732
9908788
9909306
9909390
9909482
9909562
9909787
9910114
9910204
9910260
9910399
9910856
9910892
9910952
9911035
9911113
9911169
9911246
9911252
9911442
9911536
9911600
9911835
9911859
9912001
9912101
9912244
9912253
9912307
9912480
9912529
9912556
9912581
9912776
9912804
9912918
9912936
9913063
9913069
9913148
9913158
9913564
9913875
9914091
9914107
9914234
9914377
9914429
9914544
9914560
9914608
9914854
9915054
9915075
9915159
9915180
9915283
9915415
9915570
9915614
9915687
9915793
9915848
9915852
9916026
9916078
9916108
9916132
9916289
9916305
9916314
9916406
9916431
9916938
9917112
9917210
9917274
9917311
9917369
9917385
9917561
9917807
9917970
9917991
9917993
9918029
9918062
9918427
9918493
9918725
9918753
9918929
9918969
9918984
9918995
9919079
9919289
9919510
9919563
9919599
9919800
9919865
9920034
9920069
9920208
9920210
9920770
9920908
9921005
9921298
9921502
9921524
9921597
9921631
9921881
9922002
9922207
9922222
9922343
9922409
9922440
9922673
9922803
9922997
9923247
9923373
9923415
9923674
9923720
9923845
9923952
9924034
9924105
9924147
9924238
9924356
9924359
9924384
9924516
9924547
9924643
9924859
9924977
9925066
9925071
9925440
9925492
9925612
9925657
9925752
9925753
9925872
9925895
9925904
9925928
9926150
9926182
9926310
9926364
9926393
9926959
9926969
9927028
9927033
9927256
9927275
9927362
9927537
9927654
9927673
9927748
9928017
9928115
9928140
9928187
9928534
9928558
9928789
9928902
9929035
9929047
9929132
9929322
9929347
9929708
9929709
9929774
9929828
9929860
9929951
9930450
9930457
9930552
9930617
9930787
9930893
9931000
9931015
9931174
9931463
9931692
9931771
9931851
9932672
9932733
9932930
9933271
9933277
9933315
9933319
9933333
9933498
9933578
9934044
9934115
9934623
9934681
9934786
9934940
9935016
9935061
9935161
9935255
9935396
9935658
9935988
9936036
9936042
9936068
9936359
9936362
9936502
9936679
9936846
9937043
9937093
9937110
9937118
9937350
9937378
9937387
9937478
9937855
9937944
9938059
9938140
9938208
9938235
9938300
9938355
9938364
9938658
9938916
9939046
9939380
9939512
9939705
9939736
9939787
9939872
9940153
9940156
9940351
9940419
9940475
9940782
9940923
9940940
9940997
9941029
9941395
9941874
9942025
9942191
9942211
9942426
9942499
9942527
9942674
9942854
9943298
9943344
9943413
9943604
9943746
9943957
9944089
9944132
9944383
9944819
9944881
9944935
9945073
9945426
9945570
9945653
9945899
9946046
9946258
9946341
9946513
9946637
9946638
9946814
9946950
9947365
9947414
9947682
9947965
9948071
9948098
9948100
9948286
9948461
9948662
9948693
9948699
9948751
9948852
9949673
9949868
9949904
9950060
9950829
9950899
9950934
9950983
9951132
9951151
9951314
9951317
9951341
9951628
9951773
9951794
9952017
9952308
9952315
9952344
9952746
9952919
9952979
9953051
9953144
9953204
9953339
9953395
9953587
9953874
9953880
9953941
9954316
9954347
9954395
9954614
9954622
9954655
9954677
9954735
9954873
9954908
9954940
9955013
9955095
9955267
9955268
9955273
9955292
9955407
9955535
9955680
9955768
9955962
9956048
9956073
9956149
9956228
9956323
9956450
9956490
9956751
9956917
9957109
9957247
9957384
9957397
9957398
9957549
9957572
9957644
9957655
9957770
9957965
9957971
9958190
9958287
9958373
9958561
9958656
9958982
9959044
9959071
9959203
9959414
9959510
9959531
9959951
9960028
9960095
9960158
9960246
9960318
9960540
9960564
9960751
9960873
9960877
9960895
9960986
9961004
9961104
9961146
9961156
9961215
9961408
9961423
9961442
9961628
9961827
9961878
9962547
9962800
9963030
9963053
9963105
9963300
9963335
9963723
9963814
9963829
9964058
9964326
9964499
9964568
9964897
9964913
9965064
9965091
9965116
9965121
9965562
9965600
9965658
9965701
9966311
9966324
9966409
9966584
9966631
9966651
9966738
9967025
9967063
9967182
9967321
9967334
9967779
9967965
9968064
9968144
9968330
9968857
9968906
9968936
9969226
9969257
9969422
9969444
9969498
9969959
9970018
9970045
9970064
9970110
9970147
9970288
9970404
9970609
9970744
9971060
9971080
9971287
9971313
9971498
9971566
9971713
9971732
9971813
9972178
9972201
9972226
9972526
9972654
9972670
9973039
9973075
9973238
9973394
9973602
9973616
9973731
9973739
9973782
9973808
9973871
9973894
9973924
9973964
9974166
9974293
9974632
9974746
9974760
9974764
9974776
9974861
9975049
9975059
9975144
9975304
9975342
9975816
9975832
9975931
9976208
9976219
9976230
9976238
9976249
9976268
9976305
9976325
9976413
9976530
9976753
9976869
9976949
9977104
9977226
9977256
9977633
9977640
9978139
9978440
9978444
9978777
9978797
9979114
9979117
9979288
9979382
9979703
9979726
9980013
9980362
9980597
9980767
9980926
9980977
9981125
9981138
9981468
9981515
9981657
9981794
9981849
9981896
9982000
9982027
9982438
9982534
9982613
9982839
9982887
9983045
9983151
9983368
9983497
9983555
9983661
9983668
9983777
9983846
9983888
9983932
9983944
9983970
9984041
9984112
9984178
9984194
9984638
9984777
9984808
9984860
9984917
9984944
9984963
9985131
9985295
9985463
9985818
9985891
9986080
9986090
9986205
9986246
9986311
9986317
9986394
9986410
9986628
9986665
9986698
9986713
9986935
9987120
9987145
9987164
9987177
9987290
9987306
9987449
9987703
9987844
9988019
9988049
9988087
9988136
9988313
9988559
9988808
9988969
9989097
9989142
9989184
9989278
9989384
9989633
9989865
9989979
9990115
9990530
9990618
9990882
9990934
9991097
9991107
9991164
9991303
9991335
9991417
9991753
9991910
9992078
9992088
9992120
9992140
9992193
9992327
9992446
9992575
9992666
9993108
9993127
9993140
9993429
9993467
9994076
9994080
9994166
9994339
9994814
9994979
9995263
9995396
9995591
9995642
9995868
9995970
9996178
9996483
9996581
9996947
9997044
9997059
9997869
9997960
9998186
9998197
9998297
9998417
9998941
9999385
9999610
9999672
10000086
10000193
10000351
10000518
10000529
10000706
10000747
10000825
10001033
10001211
10001346
10001358
10001529
10001570
10001610
10001945
10002406
10002825
10003054
10003143
10003171
10003217
10003260
10003383
10003390
10003406
10003498
10003521
10003643
10003793
10003902
10003942
10004017
10004049
10004394
10004425
10004432
10004581
10004671
10004759
10005058
10005394
10005501
10005556
10005588
10005691
10005763
10005879
10006010
10006131
10006255
10006424
10006466
10006472
10006557
10006653
10006917
10007319
10007446
10007511
10007656
10007681
10007785
10007847
10007948
10008648
10008761
10008843
10009008
10009159
10009480
10009504
10009550
10009712
10009826
10009845
10009858
10010010
10010115
10010139
10010306
10010331
10010368
10010467
10010689
10010718
10010796
10010836
10011118
10011414
10011416
10011429
10011494
10011639
10011839
10012058
10012133
10012155
10012157
10012195
10012657
10012658
10012836
10012869
10012957
10012976
10013169
10013238
10013401
10013432
10013660
10013941
10014057
10014228
10014267
10014515
10014521
10014954
10015087
10015304
10015776
10015960
10016006
10016168
10016186
10016678
10016803
10016961
10017045
10017066
10017074
10017110
10017123
10017305
10017349
10017521
10017600
10017927
10018224
10018255
10018355
10018406
10018439
10018499
10018718
10018793
10018800
10018856
10018917
10018927
10019105
10019156
10019231
10019278
10019793
10019861
10019871
10019909
10019921
10020030
10020056
10020073
10020246
10020405
10020878
10020954
10021197
10021432
10021624
10021693
10021726
10021871
10021902
10022222
10022230
10022262
10022730
10022768
10022939
10022955
10023117
10023144
10023185
10023204
10023245
10023578
10023594
10023611
10023646
10023805
10023839
10023914
10023969
10024058
10024082
10024207
10024259
10024377
10024479
10024626
10024657
10024719
10024725
10024944
10025077
10025126
10025251
10025985
10026004
10026041
10026118
10026362
10026370
10026394
10026463
10026628
10026643
10027110
10027146
10027202
10027226
10027291
10027303
10027374
10027814
10027858
10027886
10028132
10028214
10028386
10028610
10028611
10028685
10028867
10028871
10028949
10029290
10029603
10029630
10029915
10029973
10029983
10030057
10030202
10030278
10030650
10030655
10030743
10030887
10030917
10031392
10031399
10031565
10031670
10031744
10031788
10032009
10032129
10032508
10032529
10032948
10033067
10033272
10033285
10033455
10033540
10033699
10033761
10033833
10033879
10033942
10034241
10034266
10034289
10034475
10034494
10034642
10034652
10034793
10034828
10034913
10034976
10035152
10035312
10035903
10036103
10036209
10036787
10036803
10036867
10037216
10037425
10037430
10037540
10037603
10037812
10037854
10038149
10038192
10038352
10038423
10038543
10038549
10038567
10038792
10038802
10038814
10038860
10038891
10038936
10039032
10039050
10039118
10039209
10039854
10039880
10039934
10040297
10040381
10040630
10040877
10040966
10041181
10041608
10041678
10041691
10041823
10041977
10042168
10042215
10042404
10042657
10042884
10042887
10042915
10043006
10043041
10043066
10043158
10043363
10043443
10043698
10043761
10043769
10043939
10044183
10044205
10044359
10044377
10044441
10044486
10044595
10044597
10044633
10044652
10044741
10044825
10045034
10045036
10045111
10045391
10045500
10045670
10045799
10045967
10045991
10046139
10046228
10046312
10046468
10046626
10046646
10047010
10047158
10047360
10047460
10047517
10047552
10047610
10047776
10047857
10047997
10048135
10048190
10048562
10048680
10048864
10048981
10049145
10049283
10049426
10049673
10049755
10049779
10049839
10049841
10049910
10049960
10050028
10050059
10050240
10050511
10050648
10050710
10050765
10051099
10051186
10051281
10051362
10051410
10051517
10051560
10051635
10051716
10052073
10052267
10052291
10052358
10052452
10052518
10052520
10052521
10052682
10052732
10052772
10052978
10052995
10053205
10053500
10053592
10053684
10053704
10053785
10053820
10053968
10054041
10054128
10054158
10054249
10054300
10054464
10054469
10054701
10054911
10055003
10055090
10055270
10055392
10055586
10055707
10055765
10055879
10056012
10056013
10056070
10056097
10056103
10056210
10056231
10056360
10056574
10056710
10056789
10057071
10057141
10057223
10057355
10057442
10057595
10057716
10058012
10058171
10058290
10058297
10058307
10058465
10058502
10058566
10058684
10058742
10058760
10058822
10059060
10059228
10059236
10059417
10059462
10059588
10059847
10059945
10059959
10059981
10060055
10060270
10060326
10060487
10060733
10060903
10060974
10061074
10061075
10061123
10061417
10061707
10061797
10061981
10062091
10062189
10062293
10062414
10062467
10062483
10062671
10062708
10062750
10062766
10062772
10062842
10062973
10063096
10063422
10063654
10063678
10063758
10063930
10063946
10064004
10064076
10064258
10064275
10064322
10064376
10064495
10064499
10064905
10064943
10065116
10065161
10065315
10065733
10066052
10066601
10066629
10066673
10066821
10067045
10067194
10067224
10067437
10067465
10067474
10067487
10067496
10067573
10067596
10067811
10067913
10067924
10067976
10068326
10068341
10068424
10068528
10068640
10068688
10068798
10068823
10068983
10069069
10069139
10069361
10069414
10069857
10069919
10069928
10070121
10070159
10070294
10070329
10070599
10071442
10071460
10071502
10071769
10071772
10071890
10071944
10072433
10072442
10072452
10072669
10073340
10073802
10073926
10074050
10074060
10074102
10074350
10074509
10074592
10074640
10074661
10074687
10074846
10074901
10074931
10075049
10075114
10075353
10075370
10075444
10075461
10075504
10075507
10075551
10075674
10075853
10075906
10075913
10075996
10076002
10076115
10076229
10076300
10076458
10076485
10076565
10076586
10076611
10076845
10077115
10077212
10077594
10077766
10077807
10077812
10077838
10077967
10078001
10078230
10078441
10078443
10078496
10078526
10078664
10078804
10078968
10079046
10079091
10079183
10079392
10079417
10079561
10079624
10079718
10079763
10079798
10079901
10079975
10080175
10080247
10080389
10080424
10080480
10081034
10081195
10081225
10081318
10081576
10081738
10081891
10081923
10081974
10082198
10082234
10082287
10082361
10082571
10082722
10082908
10083003
10083066
10083140
10083183
10083784
10083821
10084035
10084105
10084164
10084509
10084605
10084607
10084743
10084889
10085037
10085045
10085229
10085248
10085336
10085391
10085544
10085908
10086252
10086391
10086541
10086547
10086755
10086798
10086811
10086835
10086843
10087121
10087126
10087229
10087232
10087422
10087487
10087495
10087536
10087544
10087554
10087779
10087905
10087930
10087981
10088290
10088418
10088478
10088502
10088655
10088689
10088862
10088951
10088985
10089004
10089054
10089082
10089245
10089457
10089508
10089629
10089712
10089771
10089874
10089932
10089933
10090130
10090168
10090306
10090416
10090590
10090597
10090657
10090970
10091036
10091362
10091458
10091572
10091657
10091803
10091843
10091950
10091979
10092158
10092369
10092412
10092422
10092451
10092465
10092581
10092700
10092894
10092990
10093028
10093134
10093160
10093352
10093411
10093436
10093454
10093891
10094046
10094220
10094528
10094811
10094903
10095347
10095364
10095824
10095832
10095957
10095983
10095998
10096036
10096133
10096216
10096392
10096530
10096544
10096640
10097164
10097332
10097401
10097441
10097502
10097540
10097546
10097732
10097781
10098041
10098130
10098150
10098313
10098868
10098900
10099517
10099716
10099824
10099843
10099853
10099868
10099989
10100083
10100192
10100248
10100358
10100393
10100503
10100524
10100664
10100724
10100796
10101660
10101818
10101826
10101993
10102003
10102088
10102183
10102370
10102557
10102601
10102645
10102712
10102814
10102867
10102875
10102952
10102992
10103200
10103545
10103604
10103677
10103806
10103980
10104006
10104017
10104172
10104178
10104314
10104520
10104839
10104950
10105098
10105111
10105208
10105242
10105286
10105361
10105485
10105593
10105643
10105653
10105668
10105695
10105777
10106090
10106223
10106285
10106300
10106341
10106651
10106697
10107109
10107131
10107309
10107768
10108286
10108416
10108471
10108861
10108902
10109060
10109129
10109471
10109476
10109596
10109640
10109665
10109851
10109947
10109999
10110003
10110094
10110156
10110211
10110391
10110404
10110607
10110632
10110850
10111002
10111034
10111078
10111302
10111311
10111324
10111490
10111537
10111699
10111885
10111922
10111976
10112281
10112401
10113263
10113369
10113475
10113689
10113810
10114199
10114287
10114315
10114555
10114595
10114925
10115081
10115084
10115184
10115232
10115785
10115856
10115913
10116002
10116153
10116198
10116458
10116477
10116540
10116677
10116749
10116814
10116857
10117095
10117234
10117409
10117686
10117717
10117866
10117893
10117965
10118131
10118141
10118377
10118414
10118756
10118766
10118835
10118892
10118959
10118970
10118993
10119097
10119122
10119222
10119269
10119344
10119376
10119416
10119589
10119781
10119807
10119877
10120098
10120384
10120390
10120433
10120684
10120856
10120868
10121396
10121523
10121589
10121603
10121628
10121801
10121837
10121935
10122225
10122246
10122287
10122345
10122542
10122608
10122871
10123102
10123445
10123552
10123630
10123671
10123691
10123830
10123879
10123920
10123964
10124318
10124396
10124437
10124592
10124923
10125018
10125037
10125192
10125466
10125526
10125566
10125572
10125710
10125717
10125936
10126336
10126342
10126586
10126589
10126622
10126790
10126852
10126912
10127382
10127472
10127592
10127615
10127790
10127925
10127962
10128147
10128219
10128478
10128734
10128882
10129044
10129090
10129262
10129360
10129421
10129466
10129585
10129790
10129871
10130408
10130500
10130668
10130835
10130905
10131103
10131430
10131460
10131517
10131708
10131889
10131932
10132041
10132168
10132299
10132511
10132567
10132592
10133043
10133092
10133204
10133222
10133350
10133510
10133585
10133606
10133703
10133842
10133888
10134106
10134107
10134137
10134178
10134209
10134456
10134490
10134692
10134873
10134901
10134983
10134984
10134997
10135224
10135296
10135355
10136023
10136034
10136169
10136236
10136369
10136464
10137184
10137415
10137608
10137633
10137885
10137962
10138036
10138166
10138257
10138280
10138522
10138624
10138771
10138776
10138849
10138880
10139229
10139632
10139808
10139902
10139932
10140037
10140134
10140178
10140392
10140435
10140561
10140594
10140674
10140912
10141269
10141330
10141410
10141667
10141720
10141792
10141798
10141994
10142408
10142493
10142668
10142990
10143214
10143357
10143707
10143765
10144121
10144472
10144560
10144746
10144784
10144861
10144932
10144959
10145065
10145086
10145550
10145865
10146115
10146184
10146227
10146249
10146333
10146534
10146551
10146636
10146723
10146896
10147142
10147379
10147494
10147574
10147775
10147828
10147865
10147926
10147986
10148032
10148259
10148411
10148556
10148738
10148956
10149166
10149427
10149507
10149594
10149808
10149857
10149980
10150338
10150359
10150743
10151107
10151246
10151473
10151629
10151740
10151927
10151928
10152177
10152413
10152493
10152799
10152815
10153131
10153348
10153467
10153520
10153722
10153739
10153967
10154023
10154187
10154216
10154313
10154319
10154393
10154533
10154537
10154600
10154606
10154898
10154998
10155083
10155195
10155488
10155527
10155566
10155710
10155770
10156281
10156543
10156583
10156662
10156737
10157111
10157215
10157305
10157320
10157372
10157418
10157463
10157753
10157814
10157856
10157935
10158301
10158302
10158454
10158485
10158486
10158586
10159167
10159293
10159328
10159722
10159838
10159959
10160200
10160216
10160491
10160562
10160718
10160721
10160939
10161075
10161165
10161376
10161384
10161617
10162094
10162219
10162291
10162408
10162840
10162923
10162993
10163016
10163027
10163171
10163238
10163258
10163472
10163478
10163568
10163955
10164011
10164035
10164080
10164160
10164362
10164672
10164688
10165068
10165117
10165430
10165641
10165657
10166100
10166290
10166305
10166449
10166812
10166897
10166917
10166929
10167252
10167428
10167907
10168059
10168061
10168119
10168439
10168905
10168950
10169041
10169150
10169183
10169204
10169697
10170111
10170309
10170428
10170432
10170551
10170714
10170988
10170989
10171154
10171400
10171416
10171570
10171841
10171885
10172003
10172063
10172281
10172469
10172522
10172583
10172735
10172779
10172817
10173143
10173159
10173192
10173358
10173560
10173659
10173721
10173724
10173899
10174167
10174271
10174300
10174408
10174456
10174467
10174491
10174640
10174870
10174982
10175022
10175122
10175179
10175210
10175293
10175329
10175552
10175863
10175962
10176064
10176069
10176118
10176123
10176132
10176143
10176235
10176268
10176355
10176371
10176383
10176586
10176811
10176908
10176991
10177058
10177109
10177277
10177405
10177414
10177743
10177775
10178040
10178269
10178271
10178510
10178594
10178683
10178901
10178919
10178964
10179082
10179230
10179595
10179617
10179678
10179798
10179810
10179873
10180246
10180279
10180479
10180802
10180871
10180974
10181079
10181301
10181487
10181505
10181767
10181805
10182095
10182297
10182302
10182458
10182495
10182613
10182966
10182981
10183149
10183223
10183241
10183377
10183644
10183778
10183885
10183948
10183979
10184112
10184173
10184208
10184225
10184239
10184268
10184337
10184446
10184517
10184586
10185212
10185234
10185422
10185491
10185790
10185839
10185918
10185932
10186328
10186462
10187027
10187362
10187383
10187588
10187956
10187974
10188040
10188115
10188374
10188740
10188823
10188899
10189236
10189375
10189469
10189654
10189673
10189895
10190565
10190772
10191046
10191226
10191248
10191416
10191516
10191573
10191614
10191626
10191995
10192021
10192039
10192214
10192300
10192425
10192429
10192504
10192645
10192753
10192786
10193074
10193103
10193318
10193391
10193501
10193507
10193590
10193631
10193663
10193993
10194030
10194066
10194079
10194153
10194194
10194288
10194475
10194610
10194688
10194720
10194790
10194998
10195082
10195107
10195164
10195554
10195557
10195592
10195923
10196242
10196420
10196495
10196795
10197019
10197338
10197393
10197764
10198020
10198056
10198226
10198486
10198683
10198778
10198795
10198985
10199097
10199117
10199149
10199237
10199529
10199974
10200041
10200141
10200217
10200286
10200393
10200577
10200596
10200685
10200834
10200855
10200933
10200974
10201027
10201063
10201202
10201463
10201519
10201666
10201750
10202288
10202309
10202313
10202345
10202367
10202443
10202489
10202559
10202668
10202702
10202741
10202772
10202847
10203283
10203336
10203499
10203755
10203787
10203885
10204145
10204369
10204553
10204660
10204779
10204840
10204857
10205055
10205157
10205207
10205218
10205453
10205480
10205554
10205599
10205950
10206113
10206384
10206422
10206503
10207028
10207090
10207192
10207265
10207337
10207388
10207421
10207473
10207522
10207574
10207603
10208022
10208160
10208327
10208335
10208410
10208471
10208570
10208571
10208577
10208669
10208824
10208851
10208930
10208971
10209157
10209211
10209326
10209464
10209532
10209575
10209614
10209960
10210086
10210457
10210525
10210681
10210780
10210940
10210962
10211130
10211182
10211252
10211347
10211377
10211605
10211898
10211920
10212173
10212312
10212458
10212478
10212678
10212820
10212961
10213083
10213189
10213386
10213553
10213739
10213769
10214017
10214153
10214163
10214238
10214255
10214257
10214355
10214466
10214575
10214733
10214760
10214996
10215149
10215283
10215447
10215619
10215887
10215897
10215940
10215997
10216348
10216489
10216601
10216710
10216797
10216974
10217160
10217448
10217460
10217465
10217851
10217864
10218194
10218445
10218520
10218549
10218568
10218599
10218918
10218992
10219180
10219184
10219449
10219570
10219690
10219751
10219823
10219855
10219880
10219896
10219897
10219978
10220239
10220243
10220371
10220697
10220743
10220758
10220832
10220916
10220945
10221073
10221110
10221304
10221559
10221837
10222128
10222208
10222447
10222468
10222526
10222529
10222609
10222806
10222813
10222877
10223137
10223208
10223299
10223411
10223572
10223684
10223760
10224070
10224137
10224427
10224452
10224548
10224679
10224763
10225115
10225185
10225861
10226031
10226054
10226082
10226356
10226366
10226440
10226701
10226753
10226924
10226962
10227210
10227340
10227486
10227600
10227633
10227639
10227750
10227783
10227974
10228043
10228263
10228301
10228672
10228833
10228857
10228914
10229027
10229202
10229405
10229508
10229620
10229656
10229659
10229984
10230004
10230192
10230545
10230589
10230698
10231106
10231146
10231196
10231678
10231793
10232097
10232107
10232308
10232468
10232481
10232609
10232788
10232960
10233034
10233254
10233404
10233430
10233555
10233869
10233970
10234070
10234117
10234641
10234988
10235178
10235263
10235273
10235381
10235526
10235535
10235547
10235664
10235680
10235698
10235728
10235753
10236037
10236197
10236235
10236304
10236694
10236786
10236793
10237288
10237579
10237712
10237814
10238080
10238087
10238105
10238352
10238427
10238819
10238846
10239108
10239264
10239489
10239546
10239749
10239906
10240131
10240469
10240604
10240771
10240933
10240939
10240966
10241207
10241311
10241376
10241396
10241838
10241941
10241956
10242013
10242133
10242218
10242356
10242494
10242991
10242992
10243015
10243069
10243321
10243326
10243341
10243354
10243628
10243714
10243750
10243983
10244207
10244364
10244931
10245064
10245214
10245318
10245853
10246180
10246198
10246466
10246516
10246662
10246815
10247100
10247120
10247290
10247430
10247444
10247483
10247516
10247666
10247714
10247852
10247958
10248018
10248030
10248126
10248304
10248311
10248438
10248885
10248943
10249019
10249117
10249206
10249262
10249508
10249742
10249745
10249750
10249773
10250141
10250264
10250792
10250937
10251148
10251167
10251205
10251246
10251341
10251369
10251502
10251528
10251576
10251627
10251875
10251962
10252029
10252068
10252076
10252140
10252157
10252280
10252402
10252526
10252543
10252556
10252636
10252669
10252775
10252782
10252896
10252906
10253078
10253116
10253128
10253153
10253272
10253619
10253659
10253756
10253921
10254048
10254744
10254944
10254953
10254996
10255050
10255102
10255243
10255326
10255330
10255668
10256043
10256122
10256143
10256197
10256341
10256949
10256992
10257111
10257198
10257294
10257436
10257443
10257570
10257586
10257654
10257720
10257750
10257833
10257853
10257908
10258330
10258365
10258415
10258529
10258720
10258786
10258795
10258839
10258936
10258995
10259099
10259125
10259140
10259261
10259266
10259278
10259476
10259617
10260067
10260121
10260224
10260980
10261150
10261207
10261484
10261576
10261605
10261653
10261758
10261872
10261887
10261942
10262132
10262190
10262250
10262416
10262456
10262689
10262944
10262985
10263068
10263158
10263200
10263437
10263492
10263767
10263774
10263830
10263978
10263982
10264006
10264097
10264156
10264329
10264380
10264523
10264562
10265167
10265241
10265245
10265343
10265591
10265598
10265670
10265713
10265856
10265861
10266169
10266360
10266407
10266575
10266576
10266738
10266813
10266857
10267071
10267363
10267460
10267505
10267554
10267583
10267620
10267699
10267992
10268021
10268161
10268244
10268744
10268803
10268813
10268919
10268925
10269210
10269320
10269344
10269535
10269587
10269698
10269887
10270121
10270276
10270371
10270373
10270388
10270426
10270544
10270876
10270931
10271108
10271156
10271160
10271721
10272312
10272348
10272655
10272672
10272812
10272833
10272862
10272874
10272912
10273018
10273032
10273406
10273476
10273515
10273630
10273667
10273847
10273990
10274192
10274274
10274399
10274666
10274747
10274770
10274834
10274848
10274921
10275012
10275174
10275426
10275642
10275965
10276213
10276230
10276380
10276459
10276666
10276733
10276777
10276917
10276975
10277004
10277057
10277220
10277249
10277257
10277262
10277355
10277410
10277634
10277802
10277929
10278119
10278134
10278142
10278186
10278584
10278594
10278685
10279046
10279112
10279183
10279297
10279418
10279489
10279509
10279570
10279709
10279760
10279792
10279858
10279877
10279886
10279952
10280132
10280166
10280225
10280788
10280941
10281203
10281389
10281424
10281465
10281913
10281927
10282045
10282148
10282237
10282360
10282514
10282574
10282793
10283096
10283119
10283362
10283397
10283539
10283550
10283594
10283813
10283979
10283981
10283985
10283999
10284006
10284220
10284315
10284409
10284625
10284643
10284773
10284799
10284954
10284963
10284969
10285464
10285467
10285486
10285749
10285835
10285976
10286227
10286259
10286348
10286383
10286848
10286918
10287214
10287349
10287637
10287681
10287796
10287917
10288003
10288190
10288381
10288419
10288506
10288589
10288683
10288714
10288731
10288795
10289062
10289200
10289233
10289315
10289356
10289620
10289733
10289766
10289911
10289950
10290015
10290052
10290165
10290226
10290244
10290333
10290472
10290549
10290562
10290596
10290830
10291295
10291785
10291835
10292518
10292835
10292918
10293014
10293074
10293477
10293478
10293500
10293788
10293823
10294122
10294129
10294792
10294793
10295254
10295381
10295777
10295989
10296115
10296194
10296407
10296679
10297040
10297113
10297140
10297156
10297391
10297472
10297714
10297745
10297761
10297836
10297841
10298029
10298198
10298537
10298672
10298777
10298896
10299034
10299230
10299296
10299370
10299802
10299901
10300167
10300417
10300511
10300740
10300847
10300858
10300919
10301160
10301436
10301466
10301487
10301531
10301575
10301713
10302297
10302517
10302600
10302640
10302710
10302765
10302782
10302881
10303181
10303387
10303390
10303616
10303723
10304089
10304096
10304163
10304220
10304375
10304547
10304565
10304614
10304637
10304683
10304730
10304985
10305105
10305118
10305201
10305215
10305280
10305314
10305343
10305406
10305426
10305570
10305600
10305635
10305664
10305701
10305726
10305734
10305917
10306042
10306496
10306572
10306592
10306604
10306704
10307102
10307485
10307589
10307623
10307731
10307844
10308162
10308579
10308622
10308794
10308862
10309009
10309011
10309084
10309196
10309615
10309935
10309998
10310043
10310122
10310159
10310308
10310316
10310441
10310520
10310560
10310592
10310789
10310840
10310864
10311018
10311031
10311308
10311407
10311464
10311500
10311611
10311614
10311675
10311737
10311771
10311892
10312067
10312115
10312202
10312336
10312349
10312501
10312561
10312583
10312655
10312722
10312729
10312750
10312757
10312845
10312941
10312944
10312979
10313197
10313600
10313771
10313905
10313944
10313995
10314182
10314575
10314627
10314838
10315105
10315129
10315149
10315252
10315258
10315349
10315575
10315622
10315658
10315719
10316012
10316136
10316176
10316521
10317044
10317100
10317146
10317243
10317275
10317399
10317456
10317471
10317544
10317776
10317966
10318069
10318086
10318124
10318797
10319098
10319305
10319552
10320014
10320071
10320232
10320264
10320652
10320711
10320740
10320957
10321052
10321146
10321215
10321413
10321459
10321782
10321920
10321981
10322076
10322112
10322794
10322936
10323043
10323070
10323277
10323458
10323576
10323986
10324354
10324624
10324648
10324883
10324937
10324992
10325105
10325146
10325399
10325405
10325720
10326066
10326218
10326488
10326726
10327042
10327134
10327352
10327377
10327452
10327799
10327808
10327818
10327890
10328000
10328073
10328145
10328166
10328365
10328794
10328816
10329193
10329212
10329287
10329349
10329359
10329468
10329630
10329738
10329854
10329921
10330010
10330307
10330567
10330625
10330726
10330730
10330776
10330827
10331148
10331149
10331208
10331241
10331295
10331388
10331474
10331603
10332046
10332169
10332318
10332502
10332602
10332625
10332736
10333056
10333077
10333146
10334035
10334163
10334350
10334490
10334658
10334740
10334750
10334828
10334857
10334940
10334981
10334985
10335335
10335336
10335562
10335594
10335610
10335659
10335933
10336022
10336488
10336505
10336590
10336830
10336955
10337019
10337212
10337430
10337512
10337550
10337577
10337631
10337871
10338103
10338156
10338233
10338305
10338382
10338472
10338606
10339290
10339903
10339911
10339937
10340042
10340141
10340150
10340591
10340893
10340938
10340958
10341560
10341612
10341692
10341823
10341843
10342157
10342224
10342335
10342494
10342676
10343082
10343207
10343351
10343489
10343583
10343974
10344090
10344210
10344497
10344564
10344606
10344734
10344738
10344760
10344863
10345070
10345227
10345352
10345361
10345374
10345521
10345910
10345981
10346047
10346090
10346307
10346321
10346521
10346592
10346723
10346858
10346929
10347224
10347394
10347529
10347659
10347823
10347874
10347959
10348077
10348198
10348301
10348330
10348367
10348652
10348862
10349113
10349149
10349271
10349283
10349295
10349353
10349381
10349478
10349759
10349931
10349964
10350018
10350190
10350216
10350380
10350484
10350552
10350682
10350773
10350968
10351068
10351079
10351358
10351464
10351500
10351503
10351890
10352289
10352532
10352602
10352636
10352719
10352795
10352903
10353034
10353253
10353475
10353536
10353619
10353758
10353832
10353940
10353978
10354026
10354280
10354443
10354484
10354716
10354757
10355030
10355406
10355794
10355804
10355925
10356046
10356494
10356644
10356821
10357111
10357121
10357149
10357268
10357409
10357493
10357511
10357581
10357592
10357877
10357896
10357934
10358069
10358117
10358336
10358588
10358674
10358754
10358824
10359125
10359238
10359404
10359593
10359648
10359742
10359758
10359807
10360181
10360228
10360398
10360428
10360515
10360613
10360725
10360732
10360749
10361067
10361246
10361351
10361496
10361515
10361586
10361828
10361974
10361983
10362365
10362390
10362472
10362555
10362565
10362789
10362858
10363010
10363031
10363037
10363187
10363296
10363351
10363541
10363978
10364059
10364212
10364251
10364295
10364348
10364665
10365102
10365266
10365657
10365697
10365880
10365991
10366203
10366380
10366466
10366562
10366607
10366650
10366892
10366969
10366979
10367445
10367521
10367660
10367716
10367793
10367800
10367995
10368170
10368282
10368477
10368516
10368618
10368878
10368901
10369107
10369180
10369184
10369320
10369334
10369341
10369345
10369409
10369515
10369522
10369525
10369546
10369831
10369923
10370212
10370291
10370547
10370619
10370650
10370698
10370809
10370812
10370961
10371165
10371200
10371549
10371644
10371664
10371696
10372107
10372185
10372216
10372435
10372511
10372515
10372547
10372601
10372619
10372635
10372669
10372828
10373023
10373029
10373179
10373201
10373391
10373590
10373752
10373930
10373940
10373969
10374159
10374449
10374484
10374670
10374860
10374888
10374893
10374922
10375075
10375293
10376288
10376306
10376633
10376636
10376672
10376919
10377218
10377842
10377850
10377902
10377935
10378527
10378724
10378740
10378784
10378962
10379041
10379082
10379206
10379422
10379505
10380181
10380315
10380342
10380389
10380499
10380852
10380914
10380948
10381344
10381632
10381675
10381782
10381808
10382113
10382130
10382161
10382175
10382290
10382306
10382339
10382506
10382683
10382867
10382947
10382961
10383062
10383291
10383293
10383339
10383468
10383578
10383752
10383820
10383860
10384120
10384225
10384288
10384421
10385129
10385139
10385155
10385296
10385396
10385405
10385571
10385702
10385967
10386027
10386550
10386554
10386674
10386839
10386851
10387032
10387214
10387427
10387454
10387537
10387580
10387608
10387643
10387759
10387862
10387944
10388416
10388420
10388515
10388672
10388726
10388811
10388928
10388995
10389046
10389209
10389309
10389383
10389595
10389733
10390111
10390681
10390726
10390901
10390996
10391148
10391460
10391633
10391665
10391832
10391982
10392033
10392071
10392141
10392728
10393001
10393010
10393077
10393091
10393110
10393119
10393122
10393506
10393609
10393645
10393924
10394040
10394189
10394253
10394256
10394517
10394583
10394650
10394710
10394737
10394756
10394783
10395012
10395025
10395114
10395256
10395544
10395555
10395622
10395857
10396065
10396102
10396257
10396535
10396668
10396703
10396724
10397035
10397232
10397380
10397487
10397618
10397711
10397837
10397981
10398189
10398263
10398322
10398323
10398388
10398562
10398657
10398864
10398929
10399020
10399172
10399241
10399379
10399496
10399901
10400164
10400869
10401019
10401050
10401261
10401330
10401335
10401410
10401570
10401571
10401713
10401806
10401905
10401950
10401954
10401963
10401989
10402239
10402339
10402458
10402634
10402704
10402790
10402953
10403059
10403077
10403103
10403275
10403423
10403553
10403621
10403675
10403798
10403890
10404045
10404078
10404238
10404534
10404565
10404719
10404919
10404963
10405194
10405323
10405374
10405430
10405435
10405438
10405630
10405763
10406075
10406084
10406162
10406380
10406382
10406392
10406444
10406652
10406666
10406770
10406843
10406909
10407124
10407172
10407458
10407533
10407685
10407934
10408346
10408357
10408394
10408543
10408626
10408693
10408712
10408845
10408866
10408932
10408942
10409128
10409430
10409494
10409604
10409679
10409742
10409879
10409897
10409952
10409961
10409965
10410341
10410462
10410650
10410684
10410729
10410795
10410876
10410988
10411569
10411699
10411878
10411910
10412069
10412307
10412344
10412402
10412697
10413040
10413127
10413133
10413163
10413250
10413504
10413676
10413732
10413840
10414392
10414794
10414832
10414925
10415068
10415660
10415679
10416296
10416637
10416640
10416669
10416746
10416898
10416955
10417022
10417218
10417344
10417363
10417446
10417504
10417555
10417637
10417673
10417695
10417764
10417814
10417951
10418064
10418519
10418560
10418671
10418685
10418896
10418946
10419301
10419485
10419607
10419673
10419787
10419937
10420669
10420803
10420840
10420869
10421212
10421272
10421288
10421325
10421726
10421844
10421879
10422057
10422069
10422071
10422125
10422165
10422190
10423018
10423113
10423211
10423229
10423245
10423292
10423694
10424065
10424106
10424164
10424294
10424451
10424864
10424939
10424987
10425087
10425129
10425154
10425231
10425278
10425324
10425392
10425393
10425596
10425680
10425707
10425711
10425743
10425781
10425802
10425825
10426108
10426399
10426608
10426820
10427049
10427341
10427481
10427484
10427916
10427930
10428095
10428098
10428376
10428697
10428742
10428755
10428943
10428949
10429010
10429113
10429210
10429222
10429283
10429480
10429483
10429724
10429916
10429927
10430564
10430614
10430682
10430965
10431098
10431288
10431348
10431453
10431532
10431865
10432003
10432055
10432112
10432497
10432602
10432624
10432834
10433101
10433232
10433237
10433440
10433589
10433634
10433709
10433851
10433892
10433931
10434192
10434479
10434493
10434595
10434676
10434742
10434791
10434862
10434943
10434959
10435125
10435219
10435416
10435435
10435529
10435841
10436028
10436151
10436344
10436414
10436439
10436447
10436527
10436707
10436772
10436841
10437023
10437072
10437364
10437525
10437539
10437648
10437670
10437872
10437956
10438125
10438134
10438259
10438263
10438377
10438740
10438844
10438884
10438895
10439128
10439140
10439546
10439643
10439707
10439785
10439822
10439827
10439841
10439922
10440109
10440178
10440295
10440544
10440576
10440737
10440906
10440926
10441147
10441160
10441170
10441294
10441395
10441448
10441675
10441702
10442188
10442250
10442267
10442323
10442440
10442491
10442611
10442652
10442703
10442729
10442770
10442862
10442899
10443028
10443087
10443217
10443543
10443657
10443846
10444120
10444384
10444648
10444657
10445121
10445152
10445392
10445415
10445475
10445515
10445647
10445743
10445772
10446664
10446671
10446753
10446821
10447000
10447043
10447179
10447232
10447315
10447359
10447365
10447477
10447770
10447902
10447971
10448111
10448217
10448389
10448416
10448459
10448599
10448824
10448911
10448916
10449143
10449154
10449462
10449544
10449845
10449877
10450017
10450059
10450109
10450137
10450182
10450249
10450492
10450529
10450795
10451296
10451481
10451563
10451770
10451916
10451956
10452083
10452274
10452581
10452733
10452758
10452801
10452849
10452878
10453573
10453589
10453708
10453948
10454049
10454155
10454387
10454391
10454471
10454645
10455094
10455329
10455564
10455574
10455917
10455933
10455960
10455982
10456024
10456717
10456743
10456866
10457221
10457272
10457298
10457690
10457864
10457924
10457931
10457954
10457963
10458037
10458111
10458155
10458193
10458252
10458619
10458758
10458914
10459254
10459265
10459429
10459720
10459722
10459749
10459753
10459857
10460020
10460349
10460444
10460619
10460938
10460998
10461111
10461240
10461574
10461887
10461934
10461941
10462016
10462123
10462215
10462273
10462320
10462346
10462415
10462629
10462805
10462945
10462971
10463091
10463252
10463267
10463750
10463776
10463822
10463917
10463921
10464058
10464197
10464304
10464391
10464643
10464737
10464850
10465094
10465275
10465421
10465526
10465661
10465680
10465973
10466073
10466259
10466273
10466289
10466364
10466388
10466512
10466664
10466836
10466981
10467052
10467063
10467084
10467093
10467170
10467417
10467621
10467741
10467757
10467789
10467906
10468251
10468282
10468366
10468411
10468476
10468503
10468586
10468637
10468908
10468978
10469398
10469613
10469701
10469827
10469851
10470159
10470206
10470215
10470540
10470558
10470614
10470668
10470712
10471016
10471045
10471059
10471255
10471305
10471346
10471590
10471821
10471943
10472043
10472203
10472222
10472409
10472432
10472632
10472662
10472957
10472981
10473219
10473613
10473716
10473776
10473904
10474143
10474205
10474383
10474744
10474783
10474800
10474856
10475128
10475158
10475164
10475285
10475413
10475438
10475748
10475839
10475932
10475972
10476069
10476081
10476294
10476348
10476487
10476494
10476583
10476619
10476748
10476981
10477254
10477260
10477280
10477423
10477687
10478051
10478122
10478379
10478465
10478844
10478975
10479509
10479700
10479783
10479840
10480128
10480306
10480506
10480766
10481054
10481149
10481189
10481352
10481719
10481906
10481973
10482228
10482301
10482354
10482495
10482753
10482981
10483017
10483125
10483130
10483342
10483347
10483370
10483473
10483720
10483776
10483884
10483950
10484118
10484223
10484411
10484448
10484589
10484673
10484934
10485350
10485382
10485463
10485676
10485755
10485822
10485941
10486015
10486117
10486131
10486138
10486149
10486226
10486306
10486392
10486421
10486574
10486850
10486902
10486988
10487102
10487230
10487443
10487921
10488245
10488433
10488682
10488911
10488969
10489030
10489084
10489517
10489540
10489858
10489902
10490073
10490536
10490625
10490663
10490665
10490851
10490879
10491258
10491263
10491299
10491303
10491334
10491617
10491916
10492033
10492251
10492280
10492284
10492686
10492725
10492734
10492865
10492888
10493078
10493401
10493645
10493932
10493983
10494158
10494411
10494453
10494475
10494699
10494727
10494843
10494875
10494905
10494939
10494941
10495157
10495561
10495661
10495699
10495712
10496073
10496344
10496736
10497277
10497455
10497481
10497579
10497581
10498004
10498039
10498313
10498429
10498838
10499203
10499234
10499522
10499535
10499607
10499790
10500017
10500037
10500145
10500467
10500690
10500780
10500829
10500908
10501135
10501186
10501338
10501411
10501426
10501450
10501543
10501629
10501816
10501840
10502257
10502330
10502355
10502365
10502368
10502375
10502388
10503034
10503092
10503512
10503556
10504188
10504782
10504835
10504912
10505628
10505694
10505712
10505793
10505834
10505967
10505991
10506104
10506126
10506189
10506204
10506576
10507045
10507151
10507244
10507295
10507345
10507414
10507579
10507797
10508046
10508357
10508364
10508493
10508525
10508596
10508650
10509075
10509090
10509185
10509268
10509453
10509563
10509566
10509712
10509769
10509797
10509836
10509868
10509906
10509943
10510044
10510554
10510736
10510798
10510879
10511295
10511340
10511616
10511699
10511712
10511817
10511888
10511941
10512289
10512375
10512592
10512806
10513049
10513243
10513285
10513317
10513400
10513510
10513659
10513772
10513969
10514423
10514549
10514641
10514682
10514846
10514877
10514886
10514945
10515190
10515441
10515572
10515626
10515919
10516024
10516074
10516208
10516591
10516770
10516948
10517063
10517167
10517482
10517524
10517544
10517692
10517831
10517938
10517956
10517979
10517982
10518345
10518497
10518514
10518771
10518826
10518913
10519014
10519190
10519363
10519626
10519642
10519724
10519891
10520140
10520158
10520181
10520264
10520302
10520390
10520494
10520563
10521253
10521571
10521585
10521699
10521734
10521828
10522418
10522513
10522963
10523099
10523222
10523487
10523507
10523641
10524283
10524362
10524639
10524640
10524900
10525084
10525125
10525252
10525256
10525312
10525407
10525652
10525685
10525849
10525872
10525918
10526238
10526354
10526368
10526378
10526422
10526537
10526565
10526833
10526890
10526925
10526939
10526951
10527000
10527362
10527385
10527399
10527471
10527512
10527788
10527900
10528228
10528348
10528390
10528667
10528783
10528854
10528916
10529187
10529589
10529670
10529691
10530348
10530437
10530754
10530795
10530887
10531030
10531258
10531338
10531515
10531560
10531851
10532353
10532678
10532960
10533024
10533134
10533234
10533454
10533567
10533587
10533759
10533770
10533891
10533933
10533941
10534318
10534657
10534837
10534927
10534929
10535539
10535774
10535822
10536292
10536644
10536661
10536759
10537090
10537113
10537330
10537430
10537571
10537695
10537700
10537804
10537861
10537892
10537971
10538042
10538326
10538372
10538491
10539162
10539238
10539281
10539474
10539535
10539605
10539755
10539923
10540101
10540229
10540775
10541000
10541443
10541467
10541491
10541584
10541613
10541691
10541762
10541854
10541916
10542103
10542291
10542293
10542359
10542401
10542449
10542451
10542585
10542648
10542854
10542975
10543183
10543203
10543241
10543320
10543384
10543789
10544153
10544289
10544535
10544563
10544613
10544622
10544739
10544950
10544990
10545271
10545557
10545580
10545681
10545771
10545891
10545993
10546055
10546202
10546463
10546559
10546637
10546708
10546823
10546876
10547203
10547255
10547304
10547418
10547421
10547805
10548248
10548291
10548646
10548733
10548873
10548909
10549044
10549161
10549171
10549358
10549453
10549556
10549615
10549968
10550022
10550156
10550420
10550426
10550462
10550849
10551075
10551219
10551246
10551265
10551542
10551643
10551868
10552136
10552218
10552334
10552666
10553061
10553150
10553318
10554012
10554165
10554325
10554530
10554536
10554794
10554891
10554964
10555374
10555419
10555566
10555731
10555748
10556429
10556556
10557027
10557228
10557551
10557673
10557758
10557770
10557843
10557883
10558032
10558480
10558606
10558636
10558665
10558962
10558981
10559088
10559232
10559281
10559319
10559376
10559535
10559632
10559834
10559926
10559966
10560032
10560034
10560138
10560331
10560343
10560464
10560927
10561188
10561371
10561494
10561557
10561564
10561580
10561710
10561757
10562366
10562389
10562430
10562471
10562577
10562603
10562786
10562805
10562886
10562993
10563126
10563166
10563271
10563313
10563611
10563645
10563656
10563793
10564088
10564131
10564244
10564286
10564573
10564612
10564642
10564767
10564925
10564945
10565289
10565492
10565756
10565941
10565962
10565976
10566453
10566736
10566786
10566873
10567259
10567356
10567366
10567585
10567707
10567864
10567902
10568209
10568661
10568694
10568872
10568931
10569049
10569187
10569394
10569551
10569565
10570064
10570074
10570162
10570290
10570579
10570762
10570992
10571066
10571129
10571349
10571484
10571591
10571987
10572094
10572105
10572321
10573010
10573292
10573469
10573549
10573557
10573805
10573808
10573916
10573970
10574018
10574209
10574272
10574476
10574531
10574556
10574589
10574717
10574806
10574945
10575264
10575275
10575523
10575620
10575638
10575642
10575826
10576085
10576086
10576199
10576222
10576328
10576351
10576370
10576454
10576513
10576543
10576552
10576690
10576831
10577038
10577176
10577248
10577278
10577279
10577351
10577468
10577776
10577925
10577930
10577974
10578077
10578078
10578117
10578267
10578415
10578438
10578488
10578568
10578611
10578622
10578675
10578800
10579134
10579164
10579172
10579205
10579237
10579336
10579463
10579480
10579727
10579802
10580145
10580691
10580830
10581278
10581381
10581428
10581469
10581534
10581554
10582063
10582089
10582224
10582563
10582628
10582703
10583175
10583183
10583248
10583314
10583316
10583494
10583634
10584023
10584058
10584213
10584248
10584261
10584266
10584376
10584704
10584811
10584856
10585058
10585069
10585167
10585683
10585953
10586240
10586408
10586516
10586579
10586604
10586798
10586852
10587003
10587008
10587028
10587134
10587198
10587351
10587533
10587610
10587623
10587750
10587802
10587900
10587918
10588495
10588635
10588778
10588781
10588885
10589037
10589169
10589500
10589895
10589896
10589967
10589985
10590076
10590174
10590337
10590424
10590528
10590681
10590750
10590771
10590883
10591249
10591284
10591597
10591649
10591813
10591876
10591985
10592038
10592182
10592215
10592380
10592490
10592546
10592652
10593052
10593113
10593124
10593193
10593399
10593438
10593674
10593786
10593827
10593835
10594226
10594229
10594290
10594346
10594465
10594479
10594582
10594747
10594805
10595064
10595206
10595290
10595483
10595513
10595790
10595896
10596185
10596201
10596209
10596238
10596385
10596528
10596601
10596650
10596748
10596819
10596977
10597114
10597159
10597209
10597221
10597382
10597615
10597976
10598013
10598123
10598488
10598497
10598600
10598778
10598808
10598818
10598829
10598942
10598950
10599091
10599187
10599203
10599273
10599310
10599383
10599494
10599570
10599618
10599792
10599923
10600247
10600444
10600541
10600641
10600688
10600855
10600952
10601186
10601345
10601347
10601500
10601822
10601856
10601891
10602359
10602370
10602534
10602649
10602904
10602913
10602914
10603332
10603749
10603935
10604387
10604750
10605033
10605157
10605310
10605588
10605598
10605605
10605632
10606051
10606134
10606150
10606191
10606224
10606247
10606323
10606357
10606366
10606389
10606519
10606541
10606835
10607095
10607181
10607300
10607303
10607325
10607369
10607383
10607478
10607486
10607586
10607595
10607624
10607632
10607759
10607786
10607843
10608169
10608359
10608369
10608419
10608443
10608726
10608852
10608880
10609117
10609480
10609535
10609685
10609748
10609833
10609950
10610040
10610116
10610270
10610429
10610612
10610708
10610840
10611064
10611141
10611238
10611362
10611363
10611409
10611807
10611829
10611975
10612027
10612117
10612330
10612338
10612345
10612390
10612413
10612426
10612552
10612562
10612781
10612926
10612937
10613252
10613340
10613477
10613497
10613504
10613597
10613682
10613795
10613893
10614116
10614339
10614606
10614875
10614893
10614944
10615136
10615241
10615294
10615351
10615363
10615407
10615421
10615582
10615990
10616045
10616494
10616550
10616633
10616635
10616882
10617033
10617172
10617532
10617639
10617763
10618007
10618104
10618255
10618438
10618488
10618632
10618896
10618930
10619125
10619174
10619265
10619407
10619462
10619626
10619992
10620056
10620179
10620344
10620350
10620364
10620504
10620618
10620695
10620923
10621210
10621236
10621279
10621839
10622182
10622252
10622693
10622722
10622731
10623001
10623222
10623228
10623256
10623492
10623754
10623946
10623979
10624163
10624196
10624346
10624539
10624664
10624794
10624872
10624897
10625213
10625254
10625428
10625467
10625547
10625792
10626538
10626926
10627276
10627303
10627310
10627322
10627324
10627360
10627427
10627531
10627577
10627607
10627879
10628060
10628223
10628320
10628417
10628445
10628466
10628481
10628511
10628748
10628925
10629194
10629350
10629388
10629426
10629479
10629839
10629909
10630352
10630358
10630443
10630571
10630606
10630646
10630836
10630898
10630905
10631002
10631249
10631314
10631486
10631588
10631623
10631852
10632478
10632510
10632863
10633205
10633222
10633515
10633696
10633723
10633741
10634017
10634060
10634088
10634153
10634196
10634308
10634490
10634567
10634614
10634674
10634808
10634825
10634842
10634843
10634914
10635137
10635377
10635433
10635435
10635486
10635568
10635610
10635667
10635737
10636013
10636313
10636395
10636488
10636546
10636660
10636993
10637205
10637371
10637380
10637408
10637422
10637434
10637445
10637711
10637807
10637854
10637867
10637883
10637899
10637926
10638022
10638408
10638477
10638559
10638606
10638612
10639112
10639134
10639238
10639253
10639406
10639638
10639643
10639666
10639678
10639725
10639820
10640062
10640292
10640362
10640453
10641013
10641308
10641516
10641648
10641762
10641782
10642066
10642241
10642314
10642382
10642437
10642454
10642614
10642711
10643174
10643318
10643440
10643783
10643786
10644065
10644411
10644581
10644600
10644622
10644884
10645217
10645374
10645500
10645847
10645927
10645987
10646011
10646272
10646347
10646403
10646531
10646776
10647184
10647308
10647424
10647443
10647487
10647512
10647714
10647815
10647925
10648014
10648107
10648204
10648243
10648263
10648487
10648570
10648724
10648798
10648879
10648929
10649064
10649232
10649289
10649587
10649640
10649750
10649922
10650043
10650239
10650268
10650372
10650642
10650846
10651053
10651137
10651151
10651210
10651488
10651832
10651886
10651931
10652067
10652087
10652324
10652475
10653136
10653373
10653512
10653577
10653722
10653783
10653855
10653883
10653914
10654117
10654176
10654310
10654332
10654392
10654554
10654738
10654824
10655030
10655147
10655331
10655342
10655490
10655563
10655765
10656015
10656192
10656726
10656963
10656984
10657018
10657169
10657455
10657608
10657993
10658208
10658234
10658531
10658570
10658756
10658825
10658922
10659201
10659218
10659271
10659365
10659378
10659630
10659752
10660005
10660288
10660670
10660750
10660866
10660911
10660990
10661001
10661013
10661085
10661270
10661604
10661677
10661690
10661909
10661921
10662018
10662127
10662134
10662200
10662223
10662584
10662916
10663010
10663174
10663782
10663931
10664132
10664246
10664294
10664359
10664424
10664550
10664676
10664884
10664891
10664984
10665076
10665146
10665377
10665544
10665622
10665715
10665758
10665870
10665951
10665958
10665970
10666028
10666104
10666387
10666717
10666803
10666877
10667017
10667057
10667281
10667435
10667462
10667847
10667951
10667986
10668008
10668469
10668528
10668610
10668612
10668628
10668632
10668662
10668693
10668770
10669013
10669044
10669060
10669356
10669392
10669687
10669693
10669704
10669785
10669824
10670125
10670247
10670269
10670709
10670807
10670817
10670928
10670999
10671190
10671409
10671577
10671580
10671712
10671725
10671918
10671973
10672163
10672721
10673032
10673433
10673875
10673962
10674013
10674217
10674241
10674327
10674378
10674739
10675057
10675161
10675188
10675193
10675281
10675409
10675417
10675715
10676195
10676235
10676742
10676778
10676983
10677087
10677126
10677205
10677470
10677949
10678529
10678588
10678622
10678685
10678694
10678908
10679073
10679357
10679389
10679489
10679525
10679582
10679635
10679851
10679876
10679943
10679993
10680020
10680143
10680159
10680849
10680992
10681361
10681463
10681579
10681722
10682002
10682154
10682321
10682542
10682740
10682916
10683186
10683266
10683450
10683458
10683602
10683657
10683843
10683898
10683903
10683915
10683936
10684176
10684361
10684710
10684846
10684949
10685001
10685087
10685405
10685689
10686220
10686330
10686360
10686766
10686814
10686871
10686879
10686889
10686897
10686978
10687370
10687463
10687537
10687642
10687649
10687684
10687753
10688070
10688413
10688835
10688912
10689054
10689127
10689263
10689333
10689778
10689781
10689795
10689894
10689954
10690207
10690268
10690312
10690486
10690720
10690923
10690934
10691161
10691304
10691437
10691632
10691873
10691887
10691912
10692184
10692207
10692238
10692368
10692405
10692443
10692564
10692711
10692775
10692785
10693074
10693283
10693525
10693582
10693739
10693856
10693921
10693948
10693954
10693989
10694448
10694503
10694655
10694682
10694719
10694740
10694753
10695080
10695117
10695706
10695760
10696027
10696085
10696114
10696161
10696322
10696332
10696335
10696387
10696425
10696437
10696444
10696677
10696716
10696903
10697082
10697318
10697400
10697764
10697796
10697893
10698076
10698146
10698244
10698548
10698957
10699190
10699202
10699357
10699396
10699675
10699999
10700002
10700260
10700613
10700655
10700869
10700931
10701004
10701018
10701054
10701122
10701467
10701638
10701690
10701692
10701792
10701941
10702562
10702795
10703050
10703076
10703328
10703335
10703378
10703640
10703655
10703682
10703842
10703901
10703954
10704025
10704375
10704399
10704482
10704626
10704794
10704815
10704896
10704955
10705018
10705167
10705502
10705694
10705729
10705931
10706399
10706421
10706425
10706473
10706545
10706911
10706974
10706988
10707061
10707129
10707192
10707211
10707235
10707245
10707550
10707619
10707874
10707914
10707966
10707986
10708366
10708397
10708400
10708442
10708492
10708612
10708648
10708787
10708837
10708920
10708998
10709056
10709118
10709151
10709408
10709492
10709661
10709728
10709786
10709918
10710027
10710509
10710581
10711018
10711081
10711242
10711243
10711441
10711505
10711563
10711646
10711753
10712199
10712343
10712363
10712393
10712575
10712600
10712677
10712761
10712841
10712875
10712971
10713205
10713206
10713480
10713657
10713848
10713928
10714040
10714204
10714224
10714289
10714327
10714445
10714781
10714870
10714994
10715027
10715030
10715174
10715316
10715500
10715903
10716576
10716847
10716854
10716909
10716911
10716966
10717025
10717106
10717249
10717399
10717549
10717788
10717959
10717971
10718088
10718344
10718453
10718614
10718755
10719010
10719306
10719452
10719491
10719592
10719896
10720248
10720292
10720340
10720463
10720633
10720639
10720713
10720719
10720775
10720937
10721028
10721148
10721192
10721518
10721861
10722025
10722038
10722046
10722312
10722703
10723216
10723384
10723576
10723652
10723824
10723975
10724206
10724277
10724279
10724309
10724927
10725023
10725341
10725744
10725843
10725949
10726430
10726714
10726795
10726807
10726901
10727025
10727095
10727112
10727267
10727365
10727406
10727523
10727740
10727797
10727823
10728043
10728166
10728167
10728398
10728485
10728592
10728609
10728755
10728890
10729037
10729154
10729334
10729405
10729489
10729505
10729532
10729539
10729598
10729654
10729786
10729930
10730299
10730646
10730885
10730969
10730980
10731191
10731509
10732041
10732077
10732387
10732461
10732566
10732668
10732721
10732777
10732805
10733375
10733377
10733469
10733490
10733532
10733632
10733709
10733964
10734057
10734322
10734405
10734658
10735257
10735269
10735284
10735300
10735374
10735705
10735871
10736093
10736277
10736397
10736416
10736634
10736883
10736925
10737060
10737205
10737219
10737300
10737361
10737664
10738050
10738250
10738343
10738366
10738390
10738397
10738656
10738759
10738845
10739006
10739316
10739441
10739465
10739597
10739607
10739910
10739944
10740033
10740130
10740319
10740358
10740475
10740714
10740753
10741013
10741055
10741128
10741295
10741430
10741494
10741528
10741577
10741662
10741897
10742195
10742370
10742390
10742463
10742699
10742745
10742858
10742933
10743012
10743100
10743140
10743310
10743319
10743611
10743723
10743741
10743789
10743883
10744267
10744339
10744492
10744530
10744570
10744704
10744770
10744810
10744814
10744917
10745291
10745320
10745434
10745525
10745598
10745754
10745931
10746342
10746443
10746791
10746825
10747090
10747118
10747140
10747198
10747220
10747373
10747534
10747623
10748064
10748108
10748390
10748697
10748938
10749363
10749414
10749443
10749588
10749622
10749631
10749666
10749799
10749817
10749836
10749957
10750467
10750719
10750934
10751046
10751094
10751335
10751365
10751529
10751551
10751576
10751645
10751729
10751923
10751977
10752003
10752099
10752196
10752250
10752892
10753013
10753300
10753404
10753536
10753658
10753749
10753754
10753825
10753939
10754011
10754188
10754189
10754545
10754554
10754560
10754612
10754693
10754855
10755045
10755150
10755272
10755329
10755408
10755543
10755831
10755887
10755962
10756450
10756509
10756757
10756763
10756832
10756920
10756957
10757166
10757514
10757791
10757990
10758129
10758227
10758653
10759037
10759159
10759374
10759412
10759418
10759468
10759481
10759526
10759670
10759809
10759947
10760094
10760187
10760213
10760393
10760537
10760668
10760736
10761029
10761089
10761091
10761234
10761259
10761276
10761344
10761387
10761400
10761433
10761449
10761473
10761504
10761638
10761726
10762194
10762200
10762201
10762258
10762985
10763393
10763506
10763517
10763727
10763801
10763943
10764007
10764117
10764181
10764193
10764232
10764593
10764698
10765000
10765171
10765370
10765384
10765477
10765479
10765517
10765546
10765733
10765811
10766210
10766265
10766558
10766745
10766864
10766950
10767223
10767441
10767492
10767494
10767611
10768013
10768120
10768131
10768240
10768383
10768410
10768502
10768555
10768776
10769111
10769189
10769437
10769466
10769593
10769606
10769802
10770002
10770138
10770151
10770164
10770217
10770275
10770284
10770309
10770334
10770371
10770390
10770536
10770727
10770805
10771184
10771232
10771271
10771529
10771542
10771544
10771706
10771796
10771798
10771830
10772125
10772164
10772186
10772412
10772636
10772647
10772726
10772767
10773024
10773498
10773510
10773522
10773680
10773734
10773879
10774507
10774566
10774782
10774892
10774987
10775034
10775067
10775145
10775178
10775219
10775247
10775298
10775306
10775319
10775668
10775779
10775819
10776234
10776393
10776448
10776570
10776761
10776854
10776926
10776971
10777011
10777099
10777231
10777425
10777431
10777561
10777874
10777876
10778020
10778240
10778319
10778330
10778704
10779009
10779160
10779172
10779513
10779523
10779672
10780453
10780701
10781239
10781250
10781416
10781468
10781602
10781603
10781697
10781717
10781769
10781797
10782017
10782091
10782246
10782717
10782861
10782933
10783001
10783085
10783237
10783295
10783383
10783465
10783602
10783649
10783807
10783908
10784289
10784334
10784360
10784509
10784806
10784932
10785005
10785014
10785408
10785552
10785685
10785698
10785913
10786002
10786057
10786147
10786543
10786680
10786824
10786895
10786928
10786930
10787086
10787132
10787174
10787262
10787270
10787278
10787743
10787758
10787944
10788127
10788254
10788261
10788384
10788460
10788481
10788505
10788825
10788915
10788929
10788977
10789073
10789202
10789208
10789344
10789413
10789448
10789473
10789775
10789924
10790088
10790122
10790644
10790857
10790967
10791053
10791061
10791106
10791358
10791416
10791499
10791840
10791993
10792324
10792358
10792760
10792780
10792824
10792847
10792871
10793061
10793148
10793204
10793523
10793597
10793889
10794138
10794206
10794223
10794248
10794261
10794323
10794535
10794559
10794653
10794770
10794779
10795245
10795248
10796136
10796285
10796354
10796583
10796702
10796744
10797111
10797175
10797361
10797427
10797437
10797561
10797562
10797774
10797933
10797974
10798051
10798094
10798099
10798187
10798231
10798428
10798452
10798592
10798677
10798682
10798707
10798778
10799178
10799216
10799367
10799374
10799394
10799513
10799576
10799726
10799747
10800246
10800631
10800934
10800999
10801014
10801202
10801426
10801565
10801628
10801705
10801711
10801767
10801811
10802028
10802103
10802247
10802301
10802619
10802695
10802863
10803254
10803306
10803354
10803428
10803584
10803586
10803605
10803800
10803861
10803926
10804035
10804094
10804152
10804185
10804234
10804317
10804333
10804438
10804459
10804494
10804692
10804732
10804810
10804872
10804915
10805289
10805421
10805423
10805630
10805672
10805914
10806022
10806217
10806219
10806495
10806567
10806628
10806911
10806937
10806948
10806980
10807242
10807296
10807320
10807506
10807512
10807735
10807798
10807868
10807961
10807982
10808347
10808350
10808531
10808693
10808738
10808949
10808994
10809144
10809258
10809364
10809538
10809616
10809699
10809897
10809996
10810790
10810829
10810890
10811248
10811407
10811460
10811475
10811672
10811849
10812022
10812380
10812608
10812668
10812950
10812974
10813018
10813275
10813722
10813814
10814039
10814204
10814231
10814265
10814297
10814770
10815392
10815627
10815683
10815705
10815724
10815768
10815807
10815960
10816162
10816234
10816281
10816289
10816574
10816607
10816713
10816965
10817188
10817255
10817910
10818239
10818323
10818437
10818526
10818638
10818849
10818902
10818981
10819048
10819134
10819171
10819444
10819502
10819538
10820284
10820413
10820498
10820596
10820643
10820656
10820678
10820714
10820804
10820889
10820982
10821181
10821217
10821381
10821403
10821414
10821468
10821584
10821768
10821774
10822282
10822561
10822575
10822679
10822721
10822775
10822795
10823054
10823177
10823401
10823422
10823430
10823473
10823613
10823635
10823832
10823997
10824264
10824481
10824626
10824786
10824821
10825098
10825112
10825163
10825248
10825348
10825460
10825601
10826017
10826027
10826311
10826404
10826721
10826829
10826853
10826886
10827033
10827115
10827178
10827386
10827575
10827738
10827976
10827999
10828138
10828141
10828358
10828380
10828515
10828528
10828602
10828857
10828948
10829004
10829130
10829196
10829301
10829485
10829779
10829837
10829993
10830083
10830118
10830164
10830757
10830787
10830995
10830998
10831025
10831113
10831166
10831221
10831333
10831393
10831546
10831555
10831580
10831650
10831813
10831827
10831918
10831921
10832137
10832155
10832368
10832408
10832414
10832650
10832764
10832766
10832781
10832830
10832871
10832949
10833056
10833270
10833437
10833759
10833807
10833818
10833880
10834185
10834292
10834333
10834724
10834826
10834922
10835043
10835176
10835230
10835238
10835289
10835313
10835547
10835549
10835576
10835625
10835735
10835783
10836175
10836274
10836413
10836446
10836509
10836601
10836665
10837042
10837227
10837312
10837422
10837503
10837575
10837820
10838003
10838179
10838202
10838620
10838667
10838681
10838747
10838812
10838976
10839066
10839152
10839218
10839256
10839402
10839410
10839857
10839929
10840099
10840235
10840293
10840324
10840568
10840740
10840921
10841113
10841633
10841738
10841851
10841968
10842021
10842140
10842398
10842475
10842553
10842570
10843164
10843710
10843827
10843851
10844017
10844175
10844967
10845050
10845206
10845400
10845510
10845604
10845712
10845728
10845887
10846079
10846276
10846389
10846434
10846481
10846512
10846515
10846537
10846687
10846761
10846862
10847263
10847416
10847514
10847670
10848075
10848111
10848144
10848269
10848314
10848450
10848458
10848468
10848521
10848584
10848700
10848809
10848989
10849470
10849642
10849644
10849702
10849881
10849926
10850132
10850344
10850481
10850714
10850777
10850795
10850847
10850866
10850982
10851219
10851300
10851344
10851382
10851637
10851657
10851823
10851844
10851977
10852010
10852081
10852121
10852687
10852745
10852832
10852841
10852892
10852973
10853390
10853448
10853626
10853926
10853996
10854155
10854167
10854213
10854237
10854334
10854874
10854959
10854991
10855160
10855316
10855410
10855438
10855587
10855692
10855772
10855820
10855829
10856124
10856312
10856453
10856468
10856575
10856874
10857223
10857246
10857452
10857874
10858092
10858173
10858174
10858324
10858338
10858480
10858728
10858749
10858953
10859126
10859342
10859478
10859514
10859524
10859984
10860134
10860289
10860331
10860335
10860367
10860825
10860842
10860981
10861016
10861213
10861425
10861462
10861464
10861480
10862005
10862125
10862384
10862730
10862770
10862905
10862927
10863004
10863099
10863520
10863788
10864115
10864312
10864864
10864974
10865094
10865226
10865300
10865447
10865817
10866305
10867341
10867602
10867759
10868465
10868605
10868656
10868831
10869050
10869074
10869354
10869362
10869428
10869506
10869617
10869990
10870242
10870381
10870670
10870761
10870921
10871268
10871409
10871427
10871590
10871773
10872064
10872403
10872788
10872876
10873010
10873192
10873487
10873544
10873563
10873663
10873858
10873991
10874528
10874638
10874701
10874766
10875195
10875201
10875556
10875639
10875674
10875689
10876158
10876319
10876388
10876479
10876751
10876783
10876911
10877273
10877562
10877646
10877798
10877832
10877852
10877878
10878048
10878214
10878266
10878375
10878391
10878708
10878892
10878906
10878998
10879309
10879377
10879475
10879494
10879519
10879668
10879813
10879875
10879877
10879965
10879980
10880081
10880087
10880271
10880275
10880280
10880400
10880611
10880762
10880899
10881016
10881060
10881270
10881467
10881552
10881567
10881670
10881685
10881738
10881852
10881930
10882051
10882218
10882369
10882418
10882450
10882484
10882728
10882880
10882931
10883052
10883159
10883167
10883279
10883335
10883361
10883562
10883580
10883906
10883970
10884226
10884317
10884520
10884757
10884793
10884898
10885048
10885075
10885084
10885253
10885373
10885444
10885738
10886181
10886210
10886570
10886763
10886805
10886820
10886840
10886924
10886971
10887439
10887625
10887677
10887984
10888176
10888221
10888340
10888750
10888763
10888888
10888929
10888958
10889035
10889210
10889259
10889455
10889734
10889735
10889867
10889878
10889924
10889994
10890048
10890053
10890092
10890313
10890506
10890519
10890587
10891012
10891083
10891149
10891176
10891239
10891245
10891296
10891302
10891385
10891396
10891579
10891672
10891769
10891778
10891890
10892067
10892130
10892213
10892440
10892527
10892546
10892574
10892821
10892822
10893045
10893140
10893182
10893653
10894038
10894062
10894066
10894099
10894111
10894168
10894193
10894468
10894547
10894580
10894698
10894703
10894838
10894943
10894949
10894960
10894966
10895231
10895292
10895491
10895577
10895750
10895859
10895885
10896044
10896093
10896106
10896315
10896846
10897434
10897609
10897961
10898063
10898460
10898536
10898694
10898712
10898836
10898925
10898939
10899081
10899340
10899458
10900001
10900291
10900431
10900873
10900914
10900988
10901027
10901126
10901143
10901164
10901270
10901591
10901629
10902224
10902354
10902482
10902958
10903075
10903132
10903182
10903262
10903321
10903421
10903633
10903651
10903676
10903716
10903736
10903820
10903972
10903986
10904041
10904094
10904095
10904105
10904167
10904174
10904339
10904468
10904494
10904608
10904708
10904834
10905084
10905227
10905390
10905522
10905652
10905681
10905709
10905921
10905984
10906229
10906309
10906544
10906613
10906616
10906646
10906758
10906867
10907330
10907430
10907544
10907651
10907695
10908258
10908457
10908478
10908530
10908728
10908792
10908877
10908878
10909043
10909211
10909623
10909697
10910381
10910561
10910812
10910984
10911037
10911042
10911079
10911086
10911195
10911506
10911647
10911899
10911950
10912156
10912198
10912229
10912440
10912560
10912577
10912625
10913053
10913058
10913649
10914010
10914041
10914151
10914203
10914244
10914369
10914412
10914431
10914635
10914845
10914920
10915320
10915329
10915629
10915759
10915813
10915857
10915956
10915983
10916263
10916273
10916459
10916536
10916569
10916644
10916677
10916882
10916926
10916943
10916945
10916972
10917020
10917569
10917651
10917740
10917761
10917902
10917988
10918020
10918470
10918660
10918678
10918853
10918991
10919033
10919309
10919323
10919424
10919522
10919557
10919683
10919810
10919845
10920061
10920284
10920424
10920599
10920663
10921550
10921623
10921761
10921825
10921856
10921913
10922038
10922520
10922521
10922545
10922550
10922558
10922643
10922661
10922832
10923062
10923476
10923485
10923700
10923792
10923894
10924013
10924086
10924117
10924138
10924225
10924326
10924475
10924632
10924696
10924702
10924812
10924947
10924980
10925257
10925512
10925627
10926033
10926171
10926293
10926298
10926308
10926386
10926474
10926609
10926655
10926700
10926809
10926845
10926854
10926876
10926891
10927365
10927719
10927760
10927820
10927970
10928302
10928340
10928378
10928617
10928894
10928917
10929017
10929101
10929234
10929413
10929609
10929643
10929826
10930406
10930621
10931143
10931427
10931501
10931527
10931533
10932560
10932640
10932790
10932834
10932840
10932844
10932959
10932968
10933616
10933707
10934058
10934094
10934157
10934195
10934289
10934376
10934494
10934655
10934657
10934689
10935021
10935569
10935649
10935667
10935733
10935864
10935988
10936323
10936628
10936669
10936673
10936721
10936779
10936859
10936873
10937041
10937154
10937274
10937464
10937726
10937728
10937753
10937892
10938243
10938355
10938447
10938702
10939115
10939164
10939273
10939277
10939323
10939425
10939591
10939602
10939620
10939759
10939814
10940005
10940367
10940481
10940495
10940741
10940960
10940991
10941004
10941114
10941144
10941186
10941200
10941236
10941484
10941532
10941719
10941863
10942149
10942228
10942272
10942363
10942514
10942850
10942875
10942901
10942979
10943026
10943041
10943093
10943450
10943606
10943645
10943834
10943964
10944047
10944183
10944259
10944374
10944567
10944642
10944704
10944863
10944868
10944878
10944976
10945154
10945377
10945460
10945487
10945623
10945646
10945808
10945928
10946074
10946853
10946910
10947018
10947058
10947063
10947185
10947444
10947460
10947599
10947625
10947882
10948515
10948584
10948863
10949000
10949098
10949271
10949388
10949583
10949890
10949976
10950207
10950370
10950441
10950668
10950689
10950730
10950807
10950869
10951004
10951384
10951568
10951726
10952576
10952579
10952629
10952665
10953014
10953565
10953663
10953975
10954200
10954277
10954382
10954495
10954507
10954552
10954611
10954688
10954704
10954792
10954850
10954940
10955050
10955100
10955110
10955238
10955309
10955311
10955344
10955365
10955810
10956026
10956069
10956289
10956555
10956748
10957072
10957213
10957483
10957545
10958045
10958257
10958392
10958529
10958739
10958932
10959235
10959281
10959343
10959356
10959527
10959529
10959631
10959742
10959762
10959800
10960040
10960236
10960306
10960453
10960563
10960720
10960792
10960843
10961311
10961497
10961551
10961781
10961802
10961809
10961816
10961830
10961858
10961998
10962205
10962360
10962375
10962620
10962749
10963496
10963512
10963768
10964451
10964590
10964606
10964634
10964930
10965085
10965174
10965297
10965535
10965711
10965816
10966073
10966359
10966511
10966541
10966692
10966741
10966827
10966984
10967012
10967099
10967491
10967734
10967959
10968209
10968253
10968291
10968512
10968534
10968566
10968724
10968851
10968896
10968964
10969244
10969258
10969298
10969326
10969337
10969346
10969526
10969557
10969605
10969628
10969747
10970016
10970160
10970233
10970272
10970362
10970383
10970990
10971381
10971459
10971521
10971596
10971703
10971982
10972327
10972354
10972627
10973002
10973128
10973158
10973174
10973700
10973798
10973827
10973858
10973894
10973923
10973983
10974149
10974184
10974201
10974339
10974408
10974431
10974456
10974762
10974774
10974878
10974964
10975077
10975249
10975299
10975486
10975501
10975514
10975585
10975667
10975697
10975746
10975807
10975824
10975853
10975878
10975901
10976041
10976212
10976361
10976407
10976497
10976625
10977048
10977736
10977889
10977891
10978186
10978341
10978653
10978702
10979358
10979421
10979439
10979756
10979765
10979899
10980321
10980557
10980608
10980617
10980623
10980860
10980871
10980937
10981183
10981464
10981586
10981715
10981837
10982078
10982131
10982207
10982296
10982597
10982807
10982836
10982929
10982932
10983037
10983133
10983135
10983263
10983490
10983491
10983494
10983574
10983866
10983933
10983939
10984060
10984138
10984253
10984266
10984453
10984616
10984664
10985282
10985298
10985363
10985475
10985534
10985712
10985922
10986074
10986084
10986362
10986573
10986603
10986653
10986708
10986721
10986769
10986779
10986839
10986992
10987145
10987364
10987380
10987552
10987670
10987772
10988225
10988240
10988344
10988406
10988546
10988611
10988797
10988935
10989004
10989314
10989317
10989355
10989387
10989454
10989462
10989635
10989915
10989983
10990299
10990465
10990638
10990642
10990658
10990736
10991062
10991095
10991211
10991547
10991741
10991758
10991769
10991792
10991941
10992334
10992612
10992642
10992728
10993041
10993108
10993232
10993370
10993597
10993622
10993749
10993791
10993793
10994021
10994367
10994506
10994576
10994814
10994851
10995127
10995499
10995632
10995873
10995941
10996029
10996175
10996332
10996343
10996486
10996748
10997052
10997066
10997154
10997166
10997203
10997253
10997314
10997364
10997408
10997566
10997849
10997928
10998193
10998250
10998607
10998734
10998770
10998789
10998903
10998922
10999056
10999059
10999077
10999147
10999332
10999508
10999650
10999855
11000035
11000199
11000294
11000300
11000360
11000370
11000465
11000617
11000686
11000759
11000853
11000860
11000930
11000970
11001088
11001198
11001569
11001582
11001586
11001623
11001657
11001722
11001745
11001772
11001912
11002046
11002347
11002381
11002523
11002549
11002561
11002989
11003037
11003629
11003733
11003764
11003902
11004648
11004692
11004716
11004726
11004925
11005010
11005099
11005176
11005207
11005275
11005569
11005598
11005697
11005984
11006102
11006159
11006194
11006268
11006331
11006578
11006586
11006763
11007119
11007206
11007373
11007426
11007439
11007735
11007767
11007849
11008357
11008359
11008622
11008727
11008789
11008884
11009005
11009150
11009191
11009227
11009411
11009521
11009544
11009571
11009677
11010378
11010632
11010821
11011035
11011467
11011585
11012042
11012162
11012631
11012769
11013071
11013077
11013141
11013255
11013301
11013356
11013510
11013583
11013634
11013677
11013681
11013711
11013753
11013812
11014162
11014327
11014338
11014361
11014493
11014696
11015036
11015571
11015582
11015679
11015751
11016275
11016400
11016401
11016697
11016966
11017007
11017036
11017172
11017197
11017546
11017561
11017687
11017778
11017828
11017843
11019067
11019188
11019324
11019700
11019760
11019999
11020051
11020090
11020092
11020325
11020329
11020395
11020437
11020551
11020599
11020652
11020730
11020734
11020945
11020956
11021062
11021118
11021144
11021193
11021258
11021312
11021373
11021415
11021525
11021528
11021665
11022279
11022345
11022451
11022582
11022702
11023104
11023249
11023272
11023451
11023781
11024032
11024070
11024144
11024151
11024175
11024204
11024209
11024292
11024364
11024370
11024459
11024560
11024593
11024729
11024774
11025140
11025164
11025226
11025363
11025520
11025530
11025642
11025729
11025820
11026318
11026344
11026988
11027374
11027600
11027700
11027747
11027897
11028240
11028241
11028249
11028411
11028554
11028678
11028781
11029149
11029265
11029423
11029432
11029581
11029619
11029776
11029866
11030002
11030062
11030369
11030532
11030568
11030679
11030848
11030950
11030987
11031006
11031139
11031234
11031275
11031478
11031618
11031987
11032267
11032519
11032530
11032723
11032899
11032943
11032974
11033251
11033407
11033408
11033447
11033747
11033907
11034105
11034119
11034186
11034278
11034410
11034478
11034498
11034510
11034688
11034728
11034743
11034919
11035006
11035036
11035175
11035293
11035316
11035404
11035500
11035505
11035580
11035649
11035711
11035741
11035900
11035968
11036081
11036361
11036418
11036704
11036722
11036897
11037239
11037829
11037923
11038037
11038068
11038139
11038170
11038828
11039032
11039156
11039236
11039380
11039389
11039630
11039973
11040054
11040059
11040391
11040477
11040536
11040571
11040805
11040820
11041306
11041735
11041814
11041825
11041856
11041859
11041880
11042021
11042115
11042126
11042160
11042360
11042683
11042869
11042893
11043079
11043104
11043172
11043327
11043603
11043808
11044004
11044059
11044344
11044394
11044398
11044476
11044502
11044631
11045034
11045177
11045688
11045757
11045785
11045895
11046106
11046164
11046170
11046361
11046393
11046480
11046546
11046561
11046603
11046640
11046690
11046846
11046921
11046948
11047312
11047463
11047568
11047611
11047616
11047622
11047702
11047808
11047829
11047927
11048169
11048199
11048304
11048443
11048553
11048624
11048846
11049051
11049092
11049113
11049127
11049164
11049434
11049784
11050063
11050249
11050373
11050382
11050487
11050715
11051193
11051228
11051695
11051927
11051962
11052002
11052451
11052757
11052801
11052826
11052927
11053039
11053134
11053285
11053314
11053714
11053828
11054006
11054134
11054188
11054395
11054908
11055694
11055925
11055954
11056087
11056142
11056231
11056341
11056347
11056365
11056587
11056785
11056962
11057054
11057407
11057622
11057848
11057881
11058029
11058300
11058332
11058425
11058467
11058862
11059440
11059756
11059900
11060186
11060284
11060387
11060391
11060594
11060630
11060685
11060695
11060749
11061157
11061383
11061548
11061906
11061955
11061966
11062113
11062421
11062536
11062635
11062641
11063024
11063207
11063369
11063540
11063683
11063927
11063979
11064087
11064186
11064313
11064353
11064425
11064643
11064797
11064802
11064878
11064900
11064947
11065130
11065155
11065277
11065657
11065953
11066066
11066469
11066519
11066621
11066624
11066662
11066966
11066987
11067265
11067487
11067651
11068300
11068327
11068375
11068552
11068608
11068690
11068935
11068965
11068975
11069131
11069531
11069582
11069667
11069770
11070311
11070438
11071304
11071392
11071497
11071532
11071605
11071657
11071674
11071757
11072361
11072420
11072494
11072641
11072652
11072669
11072767
11072958
11072990
11073044
11073115
11073240
11073254
11073632
11073926
11074871
11074922
11075016
11075239
11075446
11075804
11076061
11076065
11076226
11076257
11076360
11076386
11076445
11076488
11076720
11076787
11076921
11077024
11077035
11077343
11077344
11077471
11077665
11077851
11077876
11078133
11078210
11078414
11078472
11078733
11078737
11078745
11078870
11078884
11078996
11079178
11079267
11079469
11079680
11079811
11079849
11079896
11079922
11080003
11080368
11080372
11080423
11080583
11080627
11080670
11080768
11081027
11081206
11081225
11081277
11081359
11081427
11081590
11081755
11081981
11082221
11082438
11082512
11082555
11082772
11082971
11083088
11083177
11083241
11083442
11083556
11083598
11083730
11083772
11083776
11083792
11083818
11083867
11084116
11084171
11084412
11084557
11084660
11084745
11084785
11085078
11085118
11085184
11085212
11085349
11085659
11086098
11086291
11086320
11086528
11086543
11086859
11086901
11087130
11087291
11087678
11087793
11087891
11087934
11087988
11088087
11088098
11088621
11088647
11088812
11088875
11088887
11089050
11089241
11089274
11089328
11089385
11089419
11089538
11089567
11089741
11089773
11089778
11089912
11090043
11090084
11090090
11090140
11090304
11090398
11090528
11090669
11090674
11090777
11091099
11091253
11091336
11091531
11092294
11092321
11092873
11092894
11093058
11093064
11093193
11093208
11093281
11093295
11093673
11093725
11093899
11093925
11094536
11094633
11094747
11094823
11094851
11094873
11094946
11095492
11095768
11095950
11095983
11096214
11096764
11096940
11096973
11096984
11097016
11097115
11097129
11097359
11097366
11097418
11097550
11097596
11097999
11098063
11098080
11098226
11098284
11098327
11098374
11098638
11098664
11098843
11098917
11098923
11099016
11099017
11099042
11099148
11099224
11099313
11099325
11099371
11099470
11099503
11099748
11099807
11099924
11099995
11100125
11100224
11100236
11100339
11100388
11100442
11100446
11100579
11100764
11100849
11100996
11101120
11101136
11101314
11101342
11101441
11101489
11101537
11101692
11102202
11102250
11102348
11102543
11102706
11102872
11102895
11102919
11102990
11103003
11103078
11103280
11103461
11103503
11103575
11103594
11103602
11103624
11103655
11103686
11103744
11103867
11103896
11104299
11104310
11104416
11104569
11104751
11105237
11105252
11105418
11105528
11105755
11105801
11106050
11106057
11106060
11106914
11107052
11107177
11107195
11107315
11107336
11107750
11107931
11108015
11108076
11108214
11108312
11108380
11108423
11108502
11108617
11108662
11109000
11109093
11109095
11109132
11109165
11109346
11109660
11109702
11109807
11109934
11110043
11110221
11110338
11110461
11110480
11110691
11110966
11111093
11111781
11112000
11112425
11112552
11112695
11112711
11112862
11112950
11113380
11113551
11113575
11113580
11113660
11113665
11113814
11113858
11113976
11114277
11114536
11114666
11114793
11114898
11115129
11115155
11115207
11115354
11115387
11115400
11115403
11115578
11115958
11116011
11116060
11116077
11116124
11116179
11116244
11116433
11116439
11116524
11116668
11116692
11116818
11117213
11117216
11117343
11117596
11117645
11117661
11117776
11117913
11117980
11118238
11118323
11118812
11118870
11118905
11119057
11119213
11119407
11119435
11119459
11119540
11119588
11119640
11119697
11119716
11119737
11119751
11119913
11120082
11120153
11120191
11120197
11120221
11120277
11120303
11120555
11120788
11120964
11121060
11121777
11121823
11121933
11122169
11122359
11122427
11122525
11122541
11122631
11122687
11122796
11123363
11123372
11123843
11124075
11124522
11124656
11124998
11125004
11125213
11125229
11125387
11125554
11125758
11126029
11126030
11126201
11126353
11126467
11126520
11126691
11126727
11126749
11126879
11127070
11127102
11127399
11127550
11127844
11127953
11128138
11128180
11128316
11128353
11128723
11128892
11128920
11128948
11128966
11129142
11129173
11129225
11129339
11129525
11129742
11130285
11130445
11130582
11130597
11130794
11130885
11130916
11130951
11131418
11131826
11132089
11132159
11132222
11132223
11132344
11132447
11132684
11132981
11133134
11133151
11133188
11133481
11133824
11133912
11133948
11134002
11134026
11134030
11134050
11134332
11134344
11134622
11134879
11134883
11135166
11135226
11135229
11135471
11136280
11136286
11136473
11136669
11136873
11137360
11137618
11138339
11138406
11138409
11138484
11138681
11138837
11139134
11139273
11139315
11139486
11139497
11139502
11139506
11139671
11139707
11139730
11139964
11139993
11139996
11140029
11140228
11140335
11140374
11140482
11140542
11140547
11140597
11140689
11140713
11140718
11140740
11140759
11140768
11140992
11141012
11141110
11141286
11141342
11141609
11141625
11141780
11141812
11142092
11142242
11142431
11142491
11142598
11142752
11142765
11143072
11143107
11143295
11143302
11143481
11143550
11143615
11144090
11144331
11144464
11144480
11144674
11144750
11144780
11144866
11144870
11145103
11145196
11145225
11145731
11145849
11145892
11146211
11146222
11146409
11146477
11146478
11146816
11146838
11146992
11147072
11147174
11147459
11147482
11147655
11147808
11148047
11148095
11148183
11148239
11148401
11148432
11148458
11148521
11148553
11148587
11148828
11149154
11149266
11149436
11149686
11149696
11149999
11150027
11150101
11150107
11150112
11150279
11150291
11150349
11150379
11150525
11150630
11150795
11150992
11151075
11151171
11151195
11151836
11152145
11152451
11152679
11152763
11152976
11152981
11153103
11153130
11153338
11153379
11153514
11153580
11153673
11153732
11153817
11153833
11153912
11153988
11154164
11154259
11154599
11154677
11154961
11155229
11155322
11155793
11155850
11156148
11156181
11156222
11156506
11156619
11156740
11156741
11156957
11157178
11157489
11157506
11157674
11157867
11157951
11158032
11158046
11158076
11158261
11158474
11158671
11158843
11158902
11159018
11159074
11159485
11159762
11159833
11159991
11160279
11160303
11160370
11160487
11160546
11160884
11160940
11161298
11161537
11161716
11161748
11161825
11162125
11162142
11162182
11162673
11162677
11162717
11162816
11162848
11162922
11163175
11163305
11163496
11163749
11163785
11163967
11164120
11164185
11164320
11164362
11164540
11164678
11164694
11164819
11164820
11164870
11165003
11165036
11165154
11165186
11165370
11165472
11165567
11165777
11165963
11165976
11166055
11166241
11166242
11166385
11167085
11167150
11167225
11167231
11167430
11167675
11167738
11167979
11168085
11168202
11168388
11168404
11168498
11168971
11169004
11169034
11169056
11169076
11169203
11169334
11169867
11170044
11170394
11170452
11170775
11170785
11170811
11171471
11171676
11171697
11171976
11172022
11172098
11172190
11172202
11172253
11172754
11173053
11173164
11173240
11173710
11174007
11174431
11174566
11174615
11174705
11174752
11174916
11174923
11175003
11175165
11175169
11175184
11175201
11175640
11175686
11175729
11175791
11175837
11175839
11175966
11175971
11175981
11176025
11176129
11176217
11176219
11176310
11176332
11176490
11176683
11176935
11177039
11177042
11177107
11177145
11177215
11177233
11177270
11177337
11177421
11177443
11177559
11177575
11177745
11177747
11177779
11177948
11177994
11178067
11178705
11178792
11178855
11179059
11179522
11179578
11179919
11180006
11180407
11180739
11180803
11180978
11181091
11181165
11182043
11182062
11182106
11182112
11182162
11182169
11182279
11182472
11182692
11182807
11182819
11182868
11183519
11183586
11183592
11183726
11183796
11183958
11184662
11184691
11184836
11184962
11185507
11185863
11186081
11186245
11186310
11186311
11186363
11186675
11186742
11186757
11186781
11187012
11187086
11187409
11188018
11188160
11188367
11188399
11188582
11188672
11188764
11189017
11189304
11189787
11189833
11190178
11190218
11190234
11190618
11190633
11190692
11190997
11191080
11191105
11191221
11191249
11191560
11191575
11191607
11191682
11191739
11191858
11191977
11192158
11192583
11192625
11192761
11193002
11193132
11193188
11193288
11193678
11194012
11194041
11194157
11194520
11194760
11194769
11194921
11195306
11195383
11195441
11195587
11195950
11196056
11196074
11196295
11196390
11196516
11196585
11197196
11197215
11197252
11197412
11197448
11197555
11197792
11197924
11198020
11198024
11198059
11198404
11198549
11198900
11198947
11199013
11199194
11199230
11199262
11199294
11199354
11199447
11199976
11200047
11200383
11200576
11200648
11200816
11200885
11201555
11201698
11202049
11202167
11202235
11202402
11202553
11202606
11202848
11202883
11203048
11203058
11203105
11203308
11204384
11204501
11204619
11204718
11204723
11204894
11205063
11205109
11205311
11205652
11205688
11206187
11206287
11206324
11206365
11206466
11206659
11206731
11206771
11207021
11207467
11207479
11207738
11207989
11208027
11208115
11208618
11208770
11208822
11209189
11209279
11209396
11209849
11210048
11210347
11210689
11210697
11210706
11210790
11211182
11211300
11211342
11211393
11211560
11211617
11211650
11211655
11211697
11211748
11211851
11211919
11211947
11212016
11212653
11212827
11213071
11213114
11213129
11213305
11213306
11213363
11213510
11213868
11213982
11214332
11214521
11214646
11214653
11214752
11215312
11215349
11215392
11215649
11215886
11215899
11215918
11215997
11216001
11216038
11216101
11216212
11216334
11216506
11216720
11216730
11217081
11217230
11217257
11217555
11217667
11217809
11217952
11218415
11218435
11218510
11218573
11218662
11218666
11218672
11218804
11218808
11218837
11218855
11218978
11219081
11219409
11219573
11219584
11219654
11219781
11219883
11220392
11220436
11220438
11220616
11220716
11220773
11220899
11221125
11221136
11221164
11221180
11221564
11221580
11221586
11221651
11221781
11221843
11221869
11221872
11222237
11222296
11222821
11222888
11222970
11223231
11223320
11223569
11224025
11224065
11224189
11224471
11224485
11224708
11224929
11225120
11225459
11225590
11225707
11225899
11225967
11226055
11226165
11226167
11226194
11226239
11226273
11226397
11226427
11226702
11226893
11227054
11227251
11227514
11227590
11227595
11227649
11227699
11227897
11228088
11228092
11228168
11228201
11228273
11229025
11229125
11229137
11229357
11229377
11229509
11229659
11229709
11229744
11229760
11229782
11229792
11229866
11229886
11230201
11230313
11230355
11230651
11230803
11231077
11231222
11231247
11231361
11231640
11231736
11231818
11231835
11231860
11232060
11232061
11232086
11232233
11232305
11232329
11232473
11232545
11232573
11232621
11233122
11233131
11233557
11233661
11233740
11233963
11234108
11234235
11234374
11234559
11235221
11235451
11235594
11235611
11235717
11235991
11236121
11236284
11236649
11236658
11236779
11236804
11236949
11237097
11237378
11237442
11237484
11237566
11237567
11237632
11237878
11238509
11238603
11238884
11239178
11239235
11239287
11239749
11240160
11240170
11240218
11240553
11240605
11240741
11240867
11241196
11241364
11241530
11241604
11241678
11241785
11241988
11242475
11242510
11242513
11242539
11242582
11243449
11243496
11243541
11243579
11243687
11243717
11243802
11243912
11243940
11244008
11244213
11244225
11244257
11244322
11244344
11244649
11244654
11245292
11245417
11245482
11246075
11246187
11246329
11246481
11246489
11246560
11246644
11246933
11247070
11247356
11247606
11247730
11247765
11247907
11247954
11248087
11248270
11248372
11248416
11248453
11248837
11249013
11249122
11249451
11249537
11249630
11249701
11249712
11249722
11249732
11249871
11249955
11250061
11250164
11250457
11250566
11250940
11251120
11251271
11251282
11251396
11251572
11251633
11251747
11251949
11251992
11252131
11252135
11252244
11252255
11252636
11252693
11252717
11252821
11252878
11253001
11253155
11253298
11253428
11253430
11253465
11253488
11253971
11254219
11254273
