23
126
129
257
316
356
389
398
401
808
833
836
942
1066
1086
1258
1350
1356
1477
1530
1623
1667
1721
1725
1827
1839
1850
1971
1993
2017
2145
2359
2476
2504
2661
2706
2714
2789
2865
2866
2991
3063
3190
3262
3344
3415
3442
3515
3589
3593
3734
3885
3917
4009
4098
4241
4293
4339
4363
4516
4607
4634
4655
4668
4681
4691
4700
5020
5042
5168
5379
5612
5629
5693
5726
5882
5919
6026
6217
6233
6323
6364
6594
6672
6702
6884
6911
6948
7063
7069
7189
7263
7396
7437
7475
7480
7530
7615
7691
7755
7797
7853
7854
7901
8060
8113
8135
8508
8516
8523
8526
8620
8742
8873
8877
8993
9078
9089
9117
9171
9456
9515
9518
9606
9626
9827
9965
10027
10031
10169
10310
10350
10432
10535
10539
10572
10580
10584
10622
10629
10648
10832
10876
11077
11277
11280
11408
11418
11455
11564
11568
11729
11742
11828
11976
12134
12265
12558
12654
12797
12951
13007
13271
13302
13341
13396
13463
13626
13653
13680
13755
13861
14241
14269
14321
14593
14597
14654
14725
14862
14993
15048
15083
15212
15385
15396
15425
15491
15540
15553
15667
15806
15843
15932
15981
16103
16229
16334
16339
16476
16517
16609
16642
16756
16899
17303
17372
17420
17636
17767
17777
17822
17970
18117
18205
18355
18390
18562
18705
18728
18775
18806
18818
18843
18883
18943
19126
19154
19170
19171
19176
19222
19233
19396
19496
19673
19734
19796
19955
20170
20178
20394
20524
20609
20617
20634
20664
20731
20737
20767
20806
20846
21064
21121
21170
21706
21809
21828
21954
22146
22176
22234
22338
22418
22473
22485
22559
22620
22723
22809
22814
22845
22975
22984
23136
23142
23152
23177
23307
23322
23363
23385
23428
23466
23564
23747
23853
23935
23990
24067
24150
24253
24271
24285
24304
24341
24376
24623
24643
24867
25011
25252
25489
25638
25646
25748
25858
25967
26051
26202
26224
26284
26310
26585
26640
26878
26984
27000
27065
27101
27228
27271
27304
27482
27525
27716
28159
28169
28254
28308
28326
28350
28366
28420
28421
28437
28449
28699
28717
28745
28806
28882
28920
29009
29070
29096
29349
29405
29518
29520
29583
29651
29662
29681
29721
29820
30196
30330
30403
30415
30596
30651
30810
30889
30911
30982
30999
31069
31172
31191
31282
31283
31305
31534
31565
31742
32071
32109
32151
32211
32287
32327
32596
32636
32704
32761
32843
32972
33003
33005
33015
33070
33294
33306
33471
33506
33665
33923
34099
34116
34161
34429
34471
34539
34622
34720
34732
34889
34958
34963
35035
35204
35296
35341
35348
35407
35709
35863
35867
35911
35929
35970
35983
36007
36041
36097
36191
36216
36382
36654
36772
36826
36930
36983
37072
37174
37193
37201
37206
37326
37720
37834
37853
37908
37966
38322
38356
38442
38461
38524
38737
38960
39096
39147
39304
39366
39425
39669
39693
39920
40153
40238
40407
40503
40518
40634
40668
40970
41059
41106
41245
41307
41321
41373
41435
41447
41614
41694
41850
42039
42189
42356
42535
42556
42600
42623
42803
42903
42954
42998
43077
43549
43622
43624
43823
43919
43920
43986
44002
44055
44065
44095
44145
44149
44192
44272
44314
44330
44422
44460
44564
44626
44710
44954
45028
45040
45070
45100
45243
45248
45313
45342
45402
45472
45517
45581
45610
45835
45977
46029
46100
46401
46411
46432
46439
46589
46675
46705
46943
46959
47263
47273
47375
47508
47637
47764
47878
47886
47948
48040
48134
48174
48185
48456
48467
48548
48554
48835
49088
49262
49268
49361
49422
49453
49502
49690
49825
49997
50159
50169
50512
50563
50594
50613
50755
50895
50907
51010
51017
51042
51114
51222
51294
51311
51477
51478
51526
51563
51567
51598
51657
51776
51797
52059
52097
52280
52402
52493
52512
52597
52833
52931
53031
53221
53284
53359
53411
53490
53538
53580
53590
53948
53966
53986
54076
54260
54613
54725
54738
54752
54773
54879
54914
55086
55100
55140
55160
55175
55223
55304
55378
55405
55417
55427
55467
55489
55520
55695
55703
55825
55935
55953
56088
56121
56126
56366
56386
56712
56858
56962
56993
56999
57054
57103
57133
57198
57313
57344
57470
57548
57566
57588
57595
57802
57941
57997
58056
58208
58234
58281
58346
58408
58542
58568
58595
58643
58838
59078
59350
59431
59432
59524
59562
59612
59628
59727
59758
59824
59826
60198
60238
60362
60369
60482
60568
60764
60775
60846
60885
60983
61217
61329
61415
61445
61566
61614
61618
61698
61810
61858
61892
61940
61992
62500
62640
62660
62779
62831
62985
63036
63133
63181
63191
63512
63575
63588
63749
63856
63871
64025
64077
64215
64366
64389
64530
64534
64585
64667
64739
64894
64928
64991
65181
65203
65231
65292
65308
65396
65457
65654
65657
65685
65791
65848
66229
66235
66399
66586
66658
66803
66827
66906
66921
66985
67135
67144
67473
67557
67580
67633
67641
67815
68281
68385
68435
68529
68589
68739
68756
68943
68952
68980
68994
69027
69103
69156
69260
69292
69375
69455
69621
69654
69736
69740
69800
69830
69901
70012
70197
70241
70265
70270
70320
70537
70539
70611
70740
70750
70754
70758
70884
71062
71248
71256
71298
71408
71521
71585
71658
71772
71804
71842
71899
71931
71933
72112
72233
72251
72275
72398
72410
72460
72461
72532
72679
72852
72945
72985
73005
73007
73164
73266
73276
73401
73416
73609
73679
73695
73723
73740
73884
73934
73956
74000
74139
74304
74398
74407
74549
74608
74724
74893
74925
75000
75043
75069
75086
75238
75240
75367
75639
75879
75960
76096
76101
76226
76235
76258
76363
76405
76541
76623
76866
76927
77126
77139
77295
77330
77352
77472
77519
77728
77730
77838
77877
77899
77997
78028
78078
78105
78299
78300
78508
78526
78698
78778
78835
78846
78856
78976
78991
79020
79145
79216
79253
79378
79459
79475
79673
79718
79834
79864
79891
80058
80143
80327
80403
80676
80688
80753
80777
80778
80779
80804
80879
80883
80990
81028
81228
81234
81310
81404
81444
81460
81516
81522
81690
81839
81956
81970
81982
81989
82009
82068
82070
82208
82257
82552
82642
82678
82724
82780
82822
82923
82926
83106
83176
83278
83445
83678
83794
83870
84015
84083
84105
84323
84331
84575
84590
84601
84750
84906
84974
85005
85149
85151
85177
85324
85385
85434
85569
85629
86060
86064
86217
86272
86338
86403
86406
86432
86472
86715
86803
86827
86881
86981
87245
87304
87395
87591
87596
87600
87682
87840
87865
87867
87937
88031
88032
88302
88307
88314
88558
88670
88905
89107
89123
89130
89189
89245
89307
89310
89521
89551
89588
89592
89664
89691
89711
89942
90007
90036
90275
90390
90402
90658
90693
90778
90788
90806
90976
90995
91099
91136
91236
91239
91397
91479
91541
91585
91627
91758
91835
92501
92534
92539
92703
92776
92784
92952
93075
93135
93154
93401
93485
93504
93723
93761
93812
93979
94018
94208
94618
94657
94689
94802
95089
95490
95507
95679
95693
95819
95858
95993
96050
96079
96182
96204
96226
96235
96247
96313
96553
96608
96621
96651
96734
96839
96867
96901
97156
97200
97202
97236
97293
97301
97385
97575
97626
97640
97800
97973
98039
98107
98117
98177
98321
98332
98342
98699
98817
98883
98966
98988
98999
99044
99092
99456
99475
99653
99675
99941
100015
100131
100221
100295
100309
100414
100581
100608
100739
100872
101055
101111
101128
101171
101184
101190
101212
101545
101566
101675
101690
101707
101770
101839
101878
101895
101957
102169
102320
102450
102451
102573
102668
102784
102856
102955
103045
103119
103196
103297
103441
103571
103693
103713
103748
103753
103794
103811
103898
103967
104069
104092
104109
104223
104235
104273
104501
104517
104586
104614
104678
104765
105060
105133
105154
105181
105280
105335
105359
105453
105547
105642
105710
105798
105969
105974
106010
106413
106416
106426
106598
106787
106857
106858
107092
107139
107183
107262
107306
107563
107890
107893
107916
107917
107932
107954
107990
108063
108197
108204
108351
108358
108460
108485
108507
108549
108561
108572
108720
108768
108843
109287
109352
109456
109468
109621
109753
109759
109782
109787
109826
109947
109984
110260
110271
110294
110452
110641
110645
110771
111008
111349
111417
111974
112019
112029
112085
112314
112439
112568
112639
112718
112784
112791
112793
112820
112836
113001
113010
113071
113164
113217
113227
113269
113385
113430
113440
113564
113692
113827
113930
114046
114161
114282
114289
114608
114984
115087
115095
115098
115113
115179
115190
115468
115492
115700
115879
115973
115990
116109
116200
116452
116605
116793
117093
117097
117124
117157
117174
117192
117254
117294
117408
117452
117508
117551
117561
117578
117869
117885
117988
118057
118255
118297
118335
118384
118412
118418
118442
118514
118652
119173
119256
119333
119336
119379
119512
119592
119660
119764
119813
119988
120038
120068
120181
120237
120310
120420
120574
120628
120756
120764
120797
120816
120881
120885
121138
121142
121216
121303
121447
121523
121640
121646
122005
122044
122155
122241
122357
122363
122471
122573
122609
122655
122659
122665
122667
122709
122750
122824
122866
123036
123320
123334
123433
123455
123502
123503
123523
123807
123952
124179
124252
124319
124355
124420
124455
124520
124987
125122
125175
125332
125489
125530
125612
125749
125942
126067
126162
126403
126412
126683
126823
126859
127127
127157
127294
127347
127350
127386
127632
127893
127971
128045
128165
128230
128344
128412
128565
128676
128745
128774
128800
128916
128938
128985
129051
129176
129194
129217
129236
129403
129428
129446
129755
129983
130066
130189
130332
130520
130652
130700
130765
131172
131552
131576
131761
131777
131813
132078
132266
132386
132520
132681
132728
132773
133052
133317
133773
133782
133868
133869
133961
133966
134012
134068
134094
134182
134220
134255
134298
134418
134555
134566
134588
134679
134686
134738
134776
134794
134842
134932
135202
135265
135441
135475
135603
135664
135701
135735
135864
135981
135983
136022
136073
136206
136272
136518
136522
136562
136593
136611
136707
136846
136914
136949
137000
137064
137156
137176
137236
137439
137484
137629
137849
137981
138056
138149
138274
138292
138336
138369
138451
138574
138739
138776
138895
138900
138986
138987
139091
139410
139597
139991
140001
140139
140179
140222
140234
140295
140318
140329
140535
140605
140700
140829
140871
141112
141307
141516
141617
141636
141838
141874
141894
141902
141939
141997
142030
142051
142161
142217
142442
142467
142470
142577
142635
143077
143208
143277
143347
143369
143445
143590
143649
143653
143665
143673
144039
144073
144354
144496
144851
144856
145027
145205
145210
145487
145503
145508
145558
145592
145595
145636
145678
145705
145836
146031
146086
146130
146218
146225
146265
146275
146317
146340
146429
146455
146503
146621
146845
147064
147081
147166
147221
147371
147580
147635
147814
147854
147888
147900
147924
147973
147987
148009
148133
148233
148337
148373
148583
148737
148805
148909
148934
149012
149216
149408
149677
149734
149811
150120
150155
150175
150304
150516
150698
150744
150793
150920
151010
151015
151019
151042
151078
151182
151221
151231
151565
151669
151920
152135
152181
152207
152223
152236
152334
152356
152361
152499
152509
152681
152728
152816
152827
152910
153049
153151
153186
153250
153345
153352
153385
153530
153625
153651
153655
153881
153964
154164
154184
154239
154322
154368
154440
154542
154600
154627
154654
154681
154721
154751
154770
154910
154952
155031
155044
155058
155077
155143
155189
155202
155260
155307
155334
155419
155511
155594
155667
155700
155786
155801
156003
156152
156158
156221
156349
156419
156432
156439
156447
156466
156487
156612
156622
156700
156717
156788
156896
157257
157271
157286
157287
157419
157480
157655
157744
157805
157859
157913
157958
157985
157998
158058
158121
158192
158303
158338
158378
158507
158516
158627
158834
158840
158888
159069
159076
159112
159252
159322
159332
159339
159350
159498
159621
159665
159793
159866
159971
160020
160117
160236
160361
160391
160493
160555
160765
160796
160824
160886
160895
160909
160912
161023
161036
161069
161129
161163
161166
161179
161218
161289
161332
161345
161390
161582
161648
161683
161731
161892
161904
162001
162196
162244
162284
162299
162302
162329
162406
162436
162516
162523
162775
163011
163235
163329
163367
163374
163518
163586
163693
163753
164201
164352
164406
164414
164463
164560
164629
164687
164816
164841
164862
164885
164926
164965
164968
165227
165626
165669
166243
166273
166309
166327
166339
166373
166688
166732
166777
166779
166868
167116
167292
167388
167516
167575
167648
167652
167722
167877
167898
167901
167943
167964
167979
168078
168185
168208
168308
168333
168396
168413
168444
168617
168640
168773
168777
168784
168871
168893
168921
168934
168935
169000
169178
169254
169264
169561
169576
169589
169827
169971
169972
170365
170391
170460
170692
170848
170860
170944
171081
171092
171277
171378
171401
171511
171561
171618
171630
171667
171673
171701
171764
171783
172069
172083
172091
172166
172222
172282
172456
172537
172633
172651
172681
172699
172820
172850
172933
173045
173095
173142
173148
173275
173316
173411
173455
173563
173588
173629
173632
173710
173769
173896
174046
174099
174267
174477
174556
174567
174779
174922
174976
174986
175037
175266
175284
175396
175515
175695
175996
176074
176099
176110
176308
176315
176365
176403
176415
176501
176539
176546
176771
176795
176926
177231
177287
177337
177414
177522
177533
177905
177954
177988
177995
178035
178243
178303
178318
178493
178539
178575
178584
178737
178799
178814
178827
179011
179066
179079
179152
179288
179438
179464
179468
179755
179905
179908
180040
180218
180354
180460
180475
180571
180642
180848
180868
180895
180898
180922
180937
180988
181007
181014
181065
181214
181216
181225
181321
181365
181401
181414
181508
181760
181766
181819
181996
182075
182120
182215
182233
182448
182580
182679
182705
182727
182756
182828
182844
182854
182877
182930
183058
183102
183141
183147
183248
183266
183308
183379
183490
183657
183915
183998
184031
184090
184120
184133
184275
184284
184375
184403
184673
184748
184781
184882
184949
185034
185080
185261
185416
185426
185480
185498
185716
185834
185877
186042
186062
186211
186354
186426
186464
186528
186567
186668
186903
186919
187125
187170
187454
187554
187581
187591
187757
187951
188019
188148
188167
188348
188386
188437
188454
188545
188754
188897
188907
189092
189263
189448
189468
189674
189687
189716
189747
189821
189839
189842
189865
189879
189950
190002
190052
190107
190227
190291
190366
190396
190570
190583
190789
191021
191168
191183
191234
191342
191389
191410
191643
191738
191780
191822
191862
191887
192007
192118
192222
192377
192403
192406
192508
192675
192803
192816
192861
192903
192924
193129
193204
193420
193457
193531
193652
193721
193998
194089
194172
194209
194219
194238
194327
194386
194426
194446
194527
194533
194534
194540
194554
194698
195072
195126
195198
195428
195443
195487
195791
195857
195935
195963
195992
196148
196194
196233
196280
196287
196368
196421
196755
196958
196990
197041
197102
197126
197341
197420
197857
197961
198226
198321
198382
198519
198788
199122
199158
199225
199234
199374
199517
199749
199794
199852
199995
200027
200077
200308
200350
200481
200590
200639
200725
200797
201049
201083
201222
201223
201292
201399
201422
201468
201546
201641
201659
201754
201782
201806
201878
201918
202020
202021
202151
202237
202287
202325
202331
202415
202469
202519
202593
202730
202841
202845
202922
202943
202979
202992
203022
203030
203059
203097
203232
203410
203452
203506
204142
204198
204317
204340
204377
204505
204657
204803
204887
204901
204964
205052
205075
205124
205254
205347
205360
205437
205465
205516
205540
205614
205713
205809
205919
206047
206383
206453
206480
206491
206549
206627
206678
206734
206824
206866
206889
206919
206925
207009
207010
207105
207131
207179
207351
207493
207537
207887
207932
207969
208066
208067
208114
208350
208577
208599
208674
208711
208858
208886
208907
208942
208998
209104
209265
209314
209544
209586
209667
209679
209710
209714
209832
209886
209925
210194
210277
210359
210375
210401
210433
210479
210519
210555
210579
210753
210757
210804
210837
210896
210897
211030
211085
211097
211146
211165
211213
211313
211379
211382
211544
211623
211680
211687
211717
211722
211755
211809
212011
212023
212031
212036
212038
212217
212338
212399
212496
212689
212774
212831
212841
212930
212950
212980
213019
213048
213114
213116
213145
213174
213443
213725
214030
214969
215039
215058
215076
215110
215393
215439
215469
215690
215728
215805
215807
215886
215900
216019
216114
216354
216394
216448
216479
216555
216712
216744
216901
216915
216929
216947
217009
217367
217534
217603
217884
217896
218176
218307
218535
218561
218709
218834
218917
218945
219177
219393
219419
219467
219545
219596
219694
219731
219765
219803
219809
219830
220116
220121
220188
220189
220207
220284
220484
220505
220523
220545
220581
220680
220815
220935
220982
221057
221188
221229
221375
221396
221420
221425
221475
221496
221499
221517
221546
221548
221549
221904
221955
221991
222165
222246
222359
222389
222587
222717
222798
222951
222974
222987
223056
223088
223108
223128
223240
223253
223529
223582
223701
223743
223796
223800
223858
223944
224028
224088
224251
224254
224268
224368
224493
224494
224757
224773
224777
224801
224808
225013
225034
225038
225049
225236
225249
225327
225404
225618
225814
225839
226250
226429
226555
226623
226724
226793
226836
226841
226884
226966
227005
227138
227185
227289
227354
227363
227375
227448
227449
227518
227556
227629
227739
227742
227837
227931
227961
227979
228092
228107
228132
228148
228242
228266
228270
228391
228503
228568
228889
228901
228945
229046
229256
229470
229491
229607
230015
230048
230119
230223
230247
230460
230492
230566
230598
230629
230709
230759
230833
230926
231031
231050
231054
231081
231206
231235
231367
231631
231706
231785
231800
232004
232037
232133
232188
232192
232222
232351
232385
232419
232451
232624
232766
232830
232934
232985
232994
233007
233026
233043
233080
233119
233134
233323
233554
233606
234059
234233
234422
234624
234754
234817
234979
235047
235156
235193
235195
235259
235328
235498
235539
235682
235699
235703
235766
235942
235943
236133
236210
236292
236345
236609
236672
236734
236840
236922
237128
237174
237256
237287
237346
237423
237459
237495
237670
237804
237808
237841
237846
237926
237999
238068
238071
238091
238145
238225
238283
238415
238427
238479
238567
238666
238878
239193
239305
239322
239412
239504
239519
239754
239756
239765
240007
240031
240033
240076
240091
240257
240607
240690
240704
240757
240802
240825
240924
240951
240954
240998
241017
241056
241091
241247
241438
241614
241658
241718
241730
241767
241795
241865
241888
242175
242267
242350
242379
242544
242723
242904
242931
242941
243139
243172
243174
243188
243251
243339
243507
243533
243590
243643
243837
243922
244188
244425
244575
244577
244579
244659
244717
244781
244899
244940
245071
245189
245197
245228
245281
245360
245382
245436
245468
245512
245535
245554
245585
245740
245782
245787
245823
245905
246047
246339
246357
246380
246436
246484
246576
246682
246927
246961
246986
247097
247322
247346
247361
247697
247733
247788
247818
247937
248014
248138
248194
248202
248240
248456
248486
248521
248542
248549
248641
248753
248781
248886
249113
249188
249278
249447
249491
249642
249806
249826
249874
249898
249907
250048
250167
250232
250324
250327
250374
250420
250513
250542
250708
250902
250951
251001
251096
251234
251282
251390
251472
251558
251689
251711
251771
251798
251883
251996
252064
252158
252191
252290
252369
252492
252555
252589
252741
252816
252833
252861
252951
252976
253240
253280
253349
253422
253466
253468
253488
253527
253805
253848
253900
253960
253968
254005
254014
254100
254162
254224
254225
254314
254511
254869
254906
254912
255055
255094
255100
255175
255213
255279
255444
255586
255692
255849
255855
256204
256331
256347
256382
256423
256547
256581
256615
256643
256791
256839
256863
256983
257108
257182
257189
257324
257532
257613
257917
258080
258098
258113
258121
258319
258328
258423
258568
258599
258714
258853
258907
258939
258996
259434
259533
259610
259617
259669
259717
259782
259857
259906
259970
259986
260387
260407
260455
260527
260571
260585
260589
260803
261047
261146
261285
261356
261374
261421
261456
261460
261466
261639
261807
261932
262135
262142
262267
262303
262410
262772
262777
262837
262865
262872
262875
262881
262969
262994
263096
263142
263195
263216
263276
263288
263346
263437
263458
263576
263590
263674
263714
263763
263891
263911
263940
263967
264044
264059
264115
264474
264480
264545
264767
264819
265009
265108
265264
265272
265528
265625
266153
266200
266303
266307
266406
266500
266604
266661
266803
267052
267072
267203
267224
267490
267542
267562
267624
267741
267896
267904
268004
268017
268032
268110
268121
268370
268392
268431
268527
268582
268600
268693
268702
268763
268852
268895
269038
269048
269072
269078
269183
269205
269293
269339
269414
269478
269556
269589
269913
269915
270083
270141
270217
270320
270368
270395
270399
270418
270519
270600
270620
270651
270655
270689
270816
270846
270865
271085
271201
271309
271413
271445
271561
271640
271701
271736
271737
271820
271822
271840
271946
271981
271992
272060
272090
272126
272217
272304
272317
272322
272348
272503
272541
272676
272767
272847
272896
272988
273191
273211
273464
273529
273532
273593
273608
273907
273977
274036
274133
274655
274691
274942
274975
274998
275020
275191
275329
275594
275610
275682
275783
275828
275869
275907
275923
276099
276238
276426
276525
276641
276676
276807
276887
276922
276934
276964
277162
277180
277199
277207
277255
277265
277420
277471
277525
277569
277574
277579
277600
277650
277684
277764
277769
277865
277873
277986
278006
278120
278172
278178
278323
278351
278373
278425
278503
278606
278717
278742
278782
278820
278837
278932
278939
278980
279084
279087
279284
279312
279331
279336
279350
279371
279474
279646
279651
279654
279978
280047
280099
280144
280158
280492
280543
280626
280647
280687
280730
280884
281015
281072
281075
281144
281268
281348
281681
281805
281922
282069
282099
282235
282330
282406
282553
282580
282746
282822
283037
283077
283182
283264
283362
283386
283392
283516
283556
283573
283584
283708
283935
283987
284009
284040
284133
284147
284244
284261
284634
284760
284872
284885
285081
285098
285155
285316
285336
285431
285458
285482
285596
285660
285719
285758
285813
285819
285847
285921
285950
286083
286149
286240
286537
286547
286611
286721
286792
286866
286871
286885
286982
287023
287033
287153
287168
287188
287190
287193
287342
287451
287632
287634
287655
287690
287799
287944
288025
288152
288155
288165
288271
288302
288392
288409
288519
288583
288715
288724
288756
288772
288816
288841
288843
289007
289255
289478
289622
289642
289650
289687
289756
289823
289903
290136
290188
290471
290547
290575
290588
290770
290831
290968
290971
291046
291106
291213
291228
291290
291299
291318
291345
291410
291418
291423
291512
291523
291814
291883
292053
292390
292412
292428
292453
292556
292720
292721
292740
292774
292799
292844
292950
293408
293425
293455
293580
293760
293778
293786
293822
293839
294152
294231
294293
294375
294404
294424
294496
294669
294771
294773
295065
295109
295115
295137
295168
295174
295189
295559
296013
296046
296138
296140
296144
296182
296259
296299
296389
296444
296477
296510
296640
296668
296673
296754
297007
297087
297450
297509
297555
297591
297675
298033
298176
298370
298400
298418
298445
298482
298485
298577
298589
298597
298614
298655
298901
298911
298965
298973
298996
299028
299056
299120
299124
299185
299408
299499
299550
299571
299595
299720
299785
299842
299937
299959
299977
300017
300052
300215
300261
300282
300326
300340
300474
300547
300592
300691
300727
301230
301417
301422
301436
301511
301551
301675
301760
301870
301911
301937
301967
302000
302166
302231
302236
302412
302477
302515
302709
302987
303077
303105
303119
303298
303307
303882
303964
304088
304123
304201
304437
304441
304580
304584
304650
304741
304759
304784
304859
304884
304985
305026
305151
305168
305365
305476
305530
305628
305647
305704
305782
305939
306086
306140
306194
306273
306458
306552
306618
306679
306797
306851
306886
306928
307078
307130
307207
307315
307335
307376
307515
307535
307622
307629
307742
307808
307845
307859
307905
308294
308417
308500
308514
308622
308665
308738
308771
308971
309204
309355
309364
309387
309419
309450
309485
309637
309970
310008
310148
310204
310370
310488
310543
310685
310706
310871
310883
311087
311107
311157
311213
311381
311753
311885
312045
312091
312104
312428
312494
312641
312780
312996
313099
313113
313206
313225
313250
313669
313707
313734
313923
314041
314055
314088
314183
314274
314284
314306
314377
314462
314556
314567
314661
314673
314764
314786
314804
314811
315045
315059
315167
315186
315204
315282
315284
315312
315328
315334
315343
315584
315594
315632
315748
315906
315913
315984
316089
316124
316189
316266
316277
316287
316335
316351
316397
316663
316674
316755
316765
317001
317009
317012
317162
317380
317392
317461
317530
317647
317650
317761
317765
317771
317779
317947
318130
318143
318199
318280
318405
318464
318486
318497
318819
318894
318939
318942
318996
319054
319237
319325
319355
319359
319554
319599
319734
320182
320246
320339
320386
320394
320466
320480
320510
320584
320829
320834
320923
320931
320968
320977
320987
321011
321103
321132
321220
321257
321363
321632
321700
321722
321746
321785
321801
321933
321961
321972
321981
321986
322342
322368
322460
322679
322749
323601
323716
323776
323787
323840
323873
323951
324121
324123
324204
324269
324443
324513
324524
324740
324780
324841
324848
324850
324875
324922
324943
325020
325100
325231
325413
325472
325500
325581
325712
325823
325940
325962
326077
326189
326192
326269
326362
326456
326703
326843
326854
326886
326945
326955
327057
327439
327460
327464
327519
327600
327636
327705
327758
327854
327925
327939
327958
328088
328205
328356
328376
328434
328452
328515
328619
328639
328796
328862
328930
329129
329133
329139
329210
329323
329611
329642
329653
329670
329791
330249
330261
330312
330316
330438
330511
330515
330618
330661
330685
330714
330845
330905
331038
331099
331120
331235
331325
331400
331754
331880
331961
332086
332089
332228
332561
332655
332812
332976
333003
333296
333328
333360
333394
333518
333531
333589
333966
334008
334122
334146
334154
334190
334454
334469
334526
334535
334551
334656
334728
334848
334904
334916
335040
335084
335127
335219
335225
335230
335245
335321
335404
335508
335522
335533
335534
335708
335864
335871
336013
336214
336379
336394
336440
336546
336555
336599
336626
336653
336698
336816
336883
336904
337071
337142
337269
337311
337493
337546
337588
337697
337981
337995
338035
338121
338201
338490
338531
338549
338553
338595
338616
338732
338841
338885
338923
338971
339003
339096
339222
339232
339291
339487
339490
339774
339799
339853
339935
339975
339978
340029
340166
340252
340314
340388
340481
340613
340826
341057
341388
341399
341540
341647
341701
341950
342134
342391
342431
342493
342515
342568
342598
342762
342763
342812
343125
343193
343254
343292
343351
343368
343623
343830
344140
344232
344412
344425
344443
344488
344534
344651
344783
344868
345029
345043
345211
345274
345282
345298
345325
345365
345396
345445
345456
345463
345516
345654
345722
345914
345919
346077
346159
346210
346216
346249
346267
346271
346307
346311
346608
346703
346717
346773
346790
346940
346957
347035
347067
347139
347147
347223
347258
347427
347466
347713
347757
347803
347808
347888
347977
348104
348148
348288
348322
348614
349038
349153
349167
349275
349348
349397
349480
349495
349510
349542
349875
349901
350061
350080
350231
350337
350503
350684
350717
350795
350926
351190
351199
351215
351435
351530
351543
351585
351712
351736
351826
351874
351991
352255
352318
352323
352530
352719
352747
352797
352825
352900
353122
353227
353228
353252
353287
353292
353356
353595
353713
353726
353751
353942
354054
354086
354176
354247
354268
354466
354511
354583
354597
354661
354774
354794
354821
354953
355023
355025
355050
355071
355138
355246
355398
355439
355451
355647
355671
355757
355821
355840
356126
356210
356477
356505
356509
356539
356544
356804
356919
356947
356967
357015
357120
357412
357445
357519
357557
357587
357634
357636
358141
358256
358387
358450
358459
358595
358831
358889
359149
359192
359430
359470
359481
359546
359561
359857
359932
359978
359987
360039
360139
360149
360185
360203
360340
360708
360846
360860
360861
361031
361289
361439
361508
361509
361668
361956
362085
362100
362113
362224
362267
362284
362393
362406
362576
362628
362658
362704
362749
362939
363012
363088
363121
363215
363333
363341
363389
363418
363514
363584
363592
363728
363809
363860
363984
363990
364051
364217
364321
364356
364452
364572
364699
364723
364769
364846
364948
365080
365129
365359
365600
365626
365934
366211
366276
366422
366753
366936
366940
367032
367125
367135
367230
367331
367397
367506
367620
367642
367945
368092
368167
368298
368302
368377
368501
368592
368824
368867
368951
369017
369273
369304
369762
369794
369873
369888
369936
370293
370345
370371
370483
370568
370627
370677
370730
370808
370816
370826
371099
371213
371229
371772
371868
371881
371917
372001
372082
372089
372187
372232
372325
372418
372448
372469
372531
372694
372869
372932
372952
372959
373011
373033
373142
373184
373202
373357
373375
373442
373473
373635
373725
373760
373992
374036
374054
374066
374084
374145
374348
374563
374582
374784
374867
375018
375025
375134
375162
375164
375387
375426
375456
375619
375627
375673
375698
375705
375872
375910
375923
375943
375960
375978
376057
376108
376118
376266
376285
376657
376676
376683
376689
376823
376905
376985
377090
377154
377240
377286
377495
377629
377731
377793
377824
377942
377993
378029
378075
378086
378102
378117
378226
378344
378535
378666
378934
378937
379035
379050
379092
379180
379206
379237
379317
379416
379530
379595
379638
379676
379795
380218
380596
380618
380620
380816
380914
380948
380967
381160
381252
381362
381555
381861
381932
382079
382264
382287
382400
382441
382444
382563
382581
382714
382722
382800
382812
382914
383102
383128
383183
383223
383298
383360
383366
383401
383454
383502
383560
383641
383653
383748
384117
384187
384353
384483
384501
384526
384552
384605
384633
384636
384800
384895
384931
384997
385078
385089
385103
385122
385264
385472
385500
385595
385635
385742
385794
385796
386026
386033
386036
386150
386160
386175
386190
386230
386244
386347
386385
386403
386411
386416
386582
386699
386757
386844
387055
387060
387353
387633
387740
387759
387819
387909
387934
388081
388131
388226
388229
388241
388289
388310
388350
388427
388604
388646
388712
388772
388802
388915
389012
389083
389132
389373
389447
389514
389556
389592
389704
389791
389796
390054
390073
390093
390200
390222
390249
390265
390366
390434
390487
390513
390646
390664
390688
390812
390829
390899
390931
390983
390989
391045
391050
391246
391264
391296
391333
391344
391490
391527
391562
391596
391656
391754
391815
391893
392007
392091
392118
392223
392245
392451
392497
392547
392649
392803
392867
392937
393005
393037
393253
393270
393287
393522
393592
393787
393932
394143
394197
394223
394446
394470
394495
394503
394571
394599
394619
394675
394679
394680
394681
394704
394826
394842
394979
395024
395069
395647
395666
395747
395752
395757
395796
396002
396137
396302
396377
396415
396479
396614
396709
397087
397314
397432
397437
397473
397664
397677
397775
397796
397820
397993
397998
398080
398447
398519
398575
398670
398672
398869
398912
399165
399192
399258
399331
399805
399844
399855
399856
399912
399955
399996
400072
400494
400537
400577
400684
400734
400812
400828
400868
401016
401161
401480
401537
401577
401699
401704
401809
402027
402363
402407
402664
402677
402765
402855
402886
402934
402949
403001
403052
403288
403312
403403
403824
403998
404088
404273
404299
404399
404407
404492
404519
404676
404812
404868
404878
405056
405150
405189
405214
405243
405410
405449
405503
405854
405863
405910
405995
406016
406048
406051
406086
406106
406271
406402
406446
406542
406599
406689
406718
406723
406823
406858
406859
406901
406965
407154
407225
407277
407289
407362
407486
407501
407516
407619
407657
408100
408110
408151
408260
408508
408587
408690
408696
408744
408793
409075
409107
409437
409439
409483
409568
409597
409659
409800
409892
409902
409992
410031
410039
410053
410126
410177
410180
410453
410485
410515
410559
410583
410585
410637
410662
410982
411033
411114
411141
411157
411291
411382
411408
411470
411479
411481
411600
411674
411676
412039
412052
412194
412239
412281
412337
412526
412603
412782
413067
413339
413382
413539
413604
413645
413915
413952
413975
414014
414117
414246
414260
414274
414615
414676
414697
414715
414775
414777
414880
414952
414975
415091
415252
415350
415352
415419
415446
415590
415603
416011
416012
416059
416226
416422
416435
416566
416598
416839
416901
416963
416972
416992
417222
417277
417286
417326
417365
417543
417610
417803
417871
417950
418089
418100
418266
418442
418541
418547
418597
418769
418846
418881
418941
419277
419322
419428
419567
419674
419723
419885
419987
420175
420259
420277
420603
420621
420675
420740
421040
421087
421114
421211
421223
421224
421244
421267
421322
421362
421372
421530
421551
421566
421567
421607
421778
421913
422129
422159
422173
422198
422214
422350
422380
422599
422654
422803
422845
422853
422981
423061
423272
423576
423592
423952
423982
424487
424508
424556
424622
425091
425199
425281
425353
425512
425558
425700
425800
425801
425807
425852
425950
426056
426214
426337
426483
426521
426618
426661
427507
427519
427571
427596
427626
427632
427699
427811
427951
427962
427980
428240
428343
428366
428479
428481
428999
429000
429032
429043
429202
429235
429425
429726
429747
429784
429872
429898
429941
429948
429967
429973
430040
430096
430139
430360
430407
430415
430473
430658
430666
430717
430830
430888
430992
431089
431224
431277
431286
431530
431618
431814
431866
431871
431953
431976
432450
432576
432623
432660
432928
432969
433008
433060
433383
433457
433646
433736
433887
433915
433979
434020
434116
434141
434444
434799
435434
435561
435583
435598
435606
435880
435892
435935
436065
436067
436165
436272
436360
436394
436442
436518
436598
436910
436964
437041
437114
437149
437186
437218
437362
437386
437436
437551
437595
437601
437914
437952
437955
438018
438074
438244
438293
438308
438375
438381
438539
438561
438672
438706
438753
438759
438785
438891
438968
439008
439199
439371
439382
439425
439448
439482
439534
439623
439649
439793
439861
439916
440029
440396
440407
440511
440647
440745
440815
440870
440872
440894
440976
441041
441140
441220
441263
441323
441410
441411
441443
441593
441701
441730
441799
441925
442106
442402
442428
442440
442526
442561
442691
443020
443457
443523
443565
443591
443643
443661
443669
443771
443966
444035
444109
444180
444185
444242
444289
444369
444404
444592
444602
444610
444695
445104
445126
445141
445161
445165
445201
445225
445410
445447
445501
445596
445702
445709
445750
445802
445909
445960
446009
446017
446117
446121
446137
446227
446395
446398
446496
446642
446729
446772
446790
446992
447049
447072
447176
447305
447399
447444
447447
447520
447676
447899
447934
447952
447996
448099
448167
448172
448234
448363
448378
448630
448732
448758
448857
448906
448976
448992
449011
449220
449283
449346
449368
449524
449534
449555
449620
449718
449756
450255
450274
450325
450622
450691
450796
451058
451096
451127
451180
451221
451470
451563
451674
451855
451866
451897
452304
452401
452425
452484
452589
452592
452647
452652
452726
453055
453083
453119
453125
453198
453272
453275
453757
453858
454069
454107
454135
454142
454147
454149
454185
454208
454225
454301
454342
454360
454501
454502
454519
454529
454591
454615
454805
454849
455030
455133
455650
455676
455717
455746
455785
455825
455900
455912
456044
456069
456098
456120
456294
456438
456439
456471
456596
456709
456943
456965
457075
457113
457148
457186
457206
457208
457246
457363
457418
457466
457478
457725
457762
457807
457828
457945
458084
458268
458392
458398
458477
458711
458871
458878
458903
458941
459049
459082
459253
459275
459289
459316
459326
459386
459477
459568
459634
459668
459753
459769
460142
460198
460241
460354
460442
460604
460656
460742
460750
460767
461076
461087
461248
461323
461326
461384
461482
461509
461761
461859
461865
461907
461928
461973
462084
462126
462374
462393
462453
462587
462588
462597
462729
462809
462883
462932
462981
463157
463162
463288
463386
463398
463438
463469
463620
463682
463793
463841
463844
463929
464097
464128
464137
464196
464279
464312
464556
464667
464912
464993
465212
465241
465291
465315
465374
465591
465617
465620
465681
465755
465790
465859
465970
466197
466281
466324
466549
466557
466671
466872
466883
466983
467069
467161
467426
467610
467824
467915
467958
468082
468207
468253
468338
468458
468483
468583
468717
468833
469059
469147
469150
469186
469276
469283
469297
469586
469591
469611
469626
469814
469964
470028
470093
470209
470362
470417
470455
470583
470758
470841
470893
470942
470985
471018
471073
471112
471135
471194
471262
471429
471481
471519
471523
471592
471613
471776
471794
471836
471907
471962
472067
472255
472470
472477
472682
472735
472940
473007
473010
473081
473138
473153
473159
473218
473256
473280
473755
473834
473930
474060
474077
474254
474591
474624
474637
474893
474929
474987
475011
475017
475045
475054
475103
475180
475359
475368
475376
475714
475859
475887
475907
476113
476280
476308
476322
476469
476522
476770
476792
476880
477045
477088
477159
477197
477243
477286
477360
477555
477619
477727
477883
478157
478205
478229
478353
478368
478697
478710
478769
478914
478955
479306
479354
479491
479572
479735
479775
479786
479847
479858
479954
480020
480028
480048
480167
480293
480533
480638
480693
480782
480850
480901
480943
480964
481029
481476
481578
481907
481970
482090
482115
482145
482197
482229
482576
482581
482909
482985
483042
483065
483076
483080
483256
483335
483374
483500
483520
483600
483662
483700
483720
483746
483814
483900
484024
484106
484331
484360
484605
484614
484695
484988
485110
485320
485350
485458
485560
485796
485906
485993
486005
486034
486102
486114
486145
486151
486270
486347
486445
486527
486588
486633
486659
486674
486755
486814
486946
486994
487102
487118
487240
487246
487279
487478
487575
487779
488021
488036
488050
488068
488195
488436
488466
488500
488551
488733
488797
488814
489150
489334
489348
489403
489473
489475
489485
489497
489543
489589
489876
489903
490342
490355
490360
490418
490424
490462
490526
490795
490854
490865
490869
491092
491236
491371
491400
491433
491517
491547
491613
491668
491986
492038
492091
492136
492203
492244
492275
492278
492447
492465
492520
492545
492571
492580
492811
492884
492888
492953
493247
493280
493300
493362
493515
493557
493642
493671
493744
493796
493832
493981
493999
494098
494374
494418
494453
494548
494603
494662
494754
494858
495146
495191
495199
495321
495332
495370
495387
495627
495877
495936
496121
496127
496198
496252
496289
496344
496575
496867
497028
497132
497177
497179
497325
497608
497703
497739
497879
497893
497994
498173
498180
498413
498442
498490
498509
498600
498760
498794
498888
499098
499247
499279
499344
499385
499485
499512
499517
499733
499747
499767
500012
500029
500047
500062
500580
500627
500865
500920
500997
501241
501296
501331
501363
501556
501734
501918
502055
502066
502213
502216
502331
502415
502434
502539
502551
502605
502721
502794
502833
502873
502972
503029
503046
503070
503137
503160
503253
503300
503417
503418
503472
503503
503880
503958
503988
504059
504160
504178
504210
504334
504339
504400
504701
504707
504879
505298
505457
505559
505561
505592
505736
505770
505929
505938
505964
506049
506092
506129
506142
506523
506548
506599
506676
506735
506792
506942
506973
507051
507392
507433
507526
507615
507663
507699
507705
507721
507743
507860
507893
507897
508005
508181
508197
508302
508556
508578
508659
508686
508762
509028
509248
509252
509278
509425
509440
509480
509515
509556
509613
509695
509701
509869
510000
510011
510364
510504
510598
510605
510635
510648
510652
510670
510899
510918
510968
511010
511073
511106
511151
511159
511243
511323
511387
511554
511585
511588
511696
511704
511733
511914
511980
512375
512404
512491
512585
512905
513047
513150
513191
513450
513493
513505
513684
513872
513926
513996
514084
514144
514153
514164
514208
514380
514611
514624
514697
514723
514746
514817
514863
514951
514986
515130
515160
515268
515294
515303
515321
515367
515485
515549
515650
515711
515757
515778
515785
515809
515897
516018
516133
516236
516271
516310
516412
516464
516474
516479
516570
516625
516667
517050
517085
517112
517113
517157
517184
517335
517337
517362
517430
517682
517733
517777
517909
517910
517944
518103
518221
518489
518501
518533
518614
518852
519030
519249
519278
519279
519308
519520
519531
519639
519640
519675
519727
519840
519991
520053
520083
520232
520285
520417
520561
520660
520679
520819
520895
521031
521127
521142
521472
521502
521560
521563
521610
521670
521774
521780
521948
522140
522387
522499
522625
522944
523136
523184
523225
523365
523559
523697
523748
523750
523906
524069
524171
524180
524349
524462
524519
524631
524644
524993
525137
525220
525250
525453
525522
525697
525776
525913
525932
525956
526054
526161
526169
526304
526486
526567
526598
526642
526762
527084
527180
527214
527346
527379
527579
527611
527636
527679
527755
527838
527858
528300
528326
528423
528530
528554
528632
528732
528835
528842
528891
528936
529032
529049
529124
529218
529325
529579
529674
529773
529970
529993
530025
530169
530192
530461
530489
530521
530573
530674
530739
530940
530961
531051
531065
531074
531129
531503
531535
531543
531560
531568
531798
531852
531975
532114
532121
532147
532150
532523
532644
532802
532871
532880
532984
533086
533184
533610
533696
533781
533872
533874
533965
534048
534142
534479
534567
534618
534673
534677
534829
534844
535020
535128
535158
535288
535294
535329
535357
535396
535449
535577
535596
535687
535692
535707
535773
535915
535919
536014
536036
536065
536148
536187
536261
536323
536405
536475
536524
536641
536792
536840
537035
537076
537092
537137
537333
537425
537635
537775
537827
537838
537855
537856
537884
538036
538075
538086
538321
538362
538463
538902
538907
538967
539022
539047
539181
539339
539800
539889
539895
539910
539920
539942
539983
540001
540013
540051
540140
540204
540269
540272
540298
540478
540616
540741
540749
540765
540790
540811
540827
540879
540918
541035
541213
541255
541335
541353
541482
541541
541732
541736
541822
542019
542149
542183
542197
542238
542360
542540
542658
542803
542849
542861
542975
543105
543178
543254
543286
543324
543432
543679
543767
543833
543845
543966
543978
544063
544200
544894
544896
545188
545285
545304
545326
545341
545430
545467
545492
545534
545537
545666
545926
545969
546335
546511
546560
546571
546589
546593
546737
546775
546913
546918
547289
547301
547396
547455
547549
547783
547858
547916
548082
548110
548206
548281
548320
548538
548633
548725
548728
548956
548976
549133
549204
549234
549254
549294
549352
549399
549440
549465
549500
549615
549756
549769
549825
549842
549874
549884
549988
550097
550111
550194
550393
550409
550421
550426
550551
550634
550640
550644
550696
550747
550754
550816
550899
550920
550962
551018
551193
551485
551508
551534
551584
551650
551652
551673
551726
551826
552097
552174
552229
552347
552362
552514
552529
552540
552589
552636
552662
552725
552818
552842
552956
552971
553034
553122
553215
553222
553326
553474
553541
553636
553695
553796
553905
553949
554019
554072
554147
554367
554446
554563
554672
554876
554991
555009
555102
555106
555154
555180
555339
555618
555636
555656
555784
555821
555878
555899
555963
555971
556061
556064
556125
556202
556241
556302
556378
556394
556408
556520
556542
556613
556629
556667
556730
556731
556834
556851
556893
557070
557133
557202
557421
557466
557493
557579
557685
557819
557882
557937
557958
558065
558170
558391
558404
558448
558681
558766
558834
558923
558937
559005
559115
559137
559242
559344
559677
559704
559794
560143
560213
560293
560294
560398
560491
560849
561058
561176
561184
561332
561465
561561
561576
561588
561589
561757
561779
561891
562085
562127
562158
562233
562322
562435
562659
562745
562861
562876
563159
563173
563239
563279
563350
563479
563517
563575
563700
563702
563782
563791
563808
563844
563875
563961
564046
564113
564188
564192
564291
564415
564576
564731
564874
565186
565323
565462
565611
565618
565866
565886
565904
566227
566398
566402
566679
566695
566777
566974
567186
567450
567486
567514
567517
567675
567685
567836
567868
567878
567946
568061
568119
568241
568403
568488
568622
568655
568743
568745
568800
568909
569026
569050
569242
569345
569439
569444
569498
569545
569739
569862
569935
570006
570045
570255
570282
570292
570305
570308
570336
570344
570412
570505
570668
570828
570848
571307
571347
571430
571546
571729
572020
572252
572331
572382
572460
572488
572580
572586
572641
572741
572808
572918
572992
573006
573010
573042
573063
573085
573097
573319
573376
573414
573469
573496
573563
573569
573606
573678
573680
573813
573893
574011
574021
574086
574094
574197
574240
574254
574328
574374
574430
574611
574759
574781
574848
575009
575042
575061
575142
575266
575336
575390
575434
575561
575720
575733
575920
575928
576001
576015
576136
576230
576255
576503
576666
576699
576713
576731
576767
576890
576900
577018
577019
577091
577223
577286
577357
577575
577704
577705
577746
577754
577755
577756
577794
577868
577896
577911
577924
577949
578100
578151
578199
578288
578353
578470
578683
578708
578927
578967
579125
579233
579249
579464
579669
579676
579756
579864
579923
579944
579971
580053
580090
580105
580288
580299
580416
580441
580477
580700
581091
581196
581337
581351
581448
581490
581656
581783
581962
582107
582246
582304
582673
582678
582704
583110
583142
583145
583298
583329
583476
583689
583698
584149
584184
584235
584578
584595
584647
584741
584918
584964
585055
585190
585279
585285
585364
585400
585597
585628
585645
585658
585707
585786
585797
585822
585878
585955
585980
586081
586114
586275
586626
586640
586674
586903
586904
586907
587243
587357
587462
587509
587556
587682
587859
587869
588033
588075
588082
588088
588122
588319
588351
588477
588483
588645
588723
588789
588794
588801
589055
589126
589217
589277
589304
589600
589750
589805
589859
590010
590056
590076
590145
590159
590206
590253
590258
590419
590482
590486
590693
590800
590846
590864
590985
591341
591391
591436
591450
591473
591515
591816
591957
592018
592118
592157
592177
592203
592246
592281
592291
592319
592662
592739
592771
592773
592898
593008
593114
593259
593310
593338
593405
593634
593675
593710
593735
593740
593850
593931
593969
594120
594157
594177
594196
594268
594408
594723
594799
594808
594947
595021
595058
595076
595172
595232
595326
595469
595477
595513
595543
595573
595639
595809
595922
595929
595982
596094
596126
596234
596383
596664
596770
596863
596882
597020
597072
597109
597243
597280
597340
597425
597465
597488
597669
598055
598139
598248
598404
598429
598463
598504
598606
598691
598770
599000
599120
599280
599343
599358
599469
599509
599515
599653
599732
599899
599917
600006
600026
600068
600095
600170
600199
600277
600279
600350
600560
600561
600717
600831
600931
601045
601134
601136
601137
601275
601544
601727
601950
601986
601999
602131
602132
602148
602150
602179
602230
602240
602372
602374
602443
602573
602722
603009
603175
603403
603501
603519
603582
603588
603804
604060
604125
604143
604194
604210
604273
604314
604396
604435
604488
604498
604511
604527
604559
604807
604815
604897
604933
605016
605119
605288
605325
605338
605381
605436
605596
605608
605666
605822
606039
606107
606122
606225
606281
606375
606387
606416
606506
606678
606776
607038
607063
607141
607321
607361
607372
607679
607706
607721
607730
607734
607781
607823
607887
607916
607917
608007
608010
608074
608229
608259
608289
608363
608414
608417
608483
608506
608556
608570
608697
608779
608846
608884
608937
608982
609051
609058
609208
609223
609366
609407
609639
609747
609950
609998
610098
610143
610172
610250
610269
610298
610452
610458
610512
610530
610547
610582
610637
610701
610712
610843
610859
610965
611186
611195
611220
611245
611398
611440
611450
611588
611641
611714
611784
612114
612181
612209
612736
612766
612810
612866
612981
613023
613028
613069
613101
613269
613384
613413
613530
613571
613656
613713
613864
613938
614091
614169
614276
614289
614493
614562
614704
614714
614716
614741
614864
614988
615008
615359
615362
615596
615657
615802
615957
616118
616133
616223
616322
616348
616501
616583
616590
616814
617094
617113
617159
617362
617639
617942
618001
618148
618456
618544
618646
618664
618725
618796
618844
618912
618925
618981
619129
619514
619580
619944
619980
620009
620044
620215
620245
620262
620307
620309
620430
620448
620460
620533
620710
620877
620897
620982
621269
621541
621545
621645
621703
621844
621911
621939
621978
622067
622100
622107
622236
622254
622342
622407
622507
622678
622925
622970
623025
623033
623039
623054
623255
623258
623273
623450
623506
623681
623925
623976
624011
624020
624026
624083
624191
624222
624285
624295
624359
624365
624378
624432
624529
624681
624914
624963
625114
625281
625346
625608
625623
625682
625688
625690
625718
625876
625887
626007
626244
626284
626334
626450
626534
626558
626757
626791
626793
626804
626904
626972
626992
627037
627079
627141
627168
627402
627454
627600
627676
627824
627841
627877
627939
628158
628185
628263
628299
628319
629106
629127
629144
629224
629569
629592
629615
629667
629802
630031
630101
630194
630305
630342
630613
630625
630639
630800
630802
630926
630932
630956
631042
631304
631434
631455
631596
631756
631856
632051
632078
632086
632102
632171
632318
632392
632527
632656
632704
632717
632823
632881
632934
632967
632992
633105
633345
633642
633707
633723
633828
633948
633959
634022
634063
634237
634294
634357
634529
634558
634670
634693
634822
634995
635010
635180
635490
635650
635762
635764
635814
635848
635898
635905
635982
636057
636071
636135
636223
636228
636303
636326
636518
636559
636561
636617
636999
637298
637623
637841
638021
638175
638358
638376
638464
638591
638770
638784
638788
638804
638853
638934
638993
639016
639055
639100
639555
639567
639907
640019
640072
640152
640165
640170
640188
640212
640349
640464
640619
640625
640781
640785
640841
640971
641012
641054
641108
641148
641206
641379
641383
641388
641410
641468
641574
641575
641697
641938
642273
642339
642548
642684
642736
642783
642872
643201
643344
643354
643372
643441
643673
643717
643740
643744
643751
643769
643896
643902
643935
644143
644186
644229
644491
644676
644696
644902
644985
644988
645046
645072
645235
645329
645338
645393
645511
645681
645695
645791
645856
645888
645924
645928
645962
646037
646038
646058
646118
646197
646254
646292
646470
646515
646551
646749
646920
646953
647010
647132
647402
647410
647475
647648
647665
647715
647773
647822
647869
648062
648069
648097
648116
648188
648191
648262
648268
648277
648449
648637
648664
648757
648816
648857
648919
648978
649019
649025
649130
649239
649490
649501
649575
649593
649679
649818
649860
649873
649918
649947
649954
649962
649998
650008
650052
650261
650291
650333
650391
650471
650495
650558
650634
650659
650671
650673
650815
650821
650883
651007
651030
651076
651239
651256
651348
651397
651411
651619
651832
651882
652042
652044
652050
652102
652139
652141
652162
652224
652373
652420
652430
652503
652559
652593
652660
652702
652870
652911
652994
653091
653162
653434
653468
653606
653648
653988
654005
654335
654394
654492
654534
654567
654570
654765
655131
655255
655383
655406
655463
655477
655493
655553
655578
655630
655691
655757
655927
656058
656124
656229
656273
656386
656436
656505
656601
656705
656739
656776
656802
656865
656905
657057
657062
657142
657251
657425
657512
657548
657656
657803
657807
657816
657862
657873
658244
658256
658326
658557
658733
658755
658801
658822
658915
658946
658947
659096
659197
659206
659672
659695
659700
659828
659860
659870
660027
660083
660124
660216
660230
660340
660394
660396
660489
660495
660540
660561
660689
660744
660978
661063
661201
661274
661292
661430
661603
661699
661769
661919
662070
662488
662561
662565
662577
662582
662964
662997
663043
663343
663419
663451
663517
663622
663762
663953
664113
664390
664393
664425
664468
664512
664515
664525
664607
664884
664893
664978
665013
665018
665094
665098
665223
665257
665357
665393
665455
665526
665553
665639
665652
665774
665850
665857
665873
665953
666038
666101
666107
666143
666209
666322
666347
666405
666440
666476
666584
666591
666594
666635
666725
666783
666845
666879
666882
667087
667127
667169
667300
667475
667566
667635
667862
667935
668125
668247
668322
668373
668534
668753
668864
668869
669012
669050
669078
669115
669148
669413
669548
669587
669639
669734
669804
669908
670350
670376
670459
670710
670760
671024
671275
671289
671484
671550
671793
671801
671879
671966
671985
672043
672068
672090
672154
672543
672640
672656
672682
672759
672917
673008
673029
673036
673056
673089
673278
673297
673380
673498
673538
673968
674142
674188
674197
674330
674349
674383
674429
674449
674750
674813
674821
674845
674955
675023
675030
675064
675077
675196
675253
675259
675307
675379
675444
675445
675616
675767
675780
675783
675803
675910
675927
675952
675970
676254
676483
676565
676678
676707
676742
676784
676852
677039
677048
677109
677145
677183
677239
677508
677560
677637
677906
677932
677966
678092
678293
678337
678365
678450
678757
678800
679000
679105
679219
679275
679361
679362
679456
679478
679487
679507
679796
680094
680191
680520
680666
680699
680848
680881
680909
681024
681132
681281
681357
681449
681451
681546
681590
681591
681679
681693
681777
682037
682084
682155
682278
682393
682415
682442
682448
682547
682593
682711
682751
682815
682823
682939
682948
683013
683097
683103
683147
683164
683251
683376
683415
683427
683488
683528
683647
683875
684016
684107
684238
684262
684267
684444
684572
684681
684696
684773
684841
684957
684975
685052
685094
685136
685154
685181
685295
685327
685508
685574
685580
685596
685603
685606
685636
685690
685909
686212
686406
686457
686509
686538
686552
686649
686669
686862
686911
686984
687029
687041
687161
687185
687419
687429
687439
687506
687509
687515
687597
687653
687780
687851
688006
688096
688396
688567
688593
688722
688753
688786
688801
688830
688845
688882
688886
688914
688921
689004
689078
689188
689430
689437
689619
689729
689876
689907
690060
690104
690187
690243
690281
690294
690358
690469
690511
690525
690582
690744
690745
691098
691167
691235
691433
691676
691829
691886
692214
692329
692375
692411
692475
692510
692608
692687
692750
692780
692907
692910
693174
693227
693287
693406
693579
693589
693694
693876
693979
694002
694445
694504
694505
694512
694718
694792
694817
694878
694925
694937
694948
694984
695130
695134
695154
695289
695309
695327
695566
695625
695649
695769
695898
695922
695965
695977
696224
696229
696274
696594
696659
696727
696803
696824
697145
697153
697178
697250
697456
697505
697657
697811
697818
697898
697940
697960
698312
698400
698596
698674
698786
698885
698962
698996
699036
699227
699320
699323
699360
699504
699550
699662
699710
699758
699769
699841
699843
700002
700206
700301
700312
700319
700386
700391
700402
700517
700562
700563
700638
700683
700688
700905
701014
701203
701583
701637
702050
702189
702288
702289
702306
702319
702381
702386
702441
702716
702765
702861
702886
702888
702917
702945
703101
703185
703221
703399
703447
703530
703564
703578
703583
703658
703709
703777
703805
703873
704289
704310
704534
704582
704655
704803
704804
704828
704977
705058
705156
705222
705252
705310
705454
705484
705486
705543
705564
705572
705626
705711
705867
705904
706032
706057
706116
706131
706295
706357
706455
706467
706480
706605
706703
706741
706745
706969
706970
707022
707076
707084
707086
707120
707166
707326
707672
707945
707981
708130
708155
708209
708336
708346
708460
708559
708573
708678
708708
708764
708780
708890
709043
709064
709066
709185
709295
709369
709388
709411
709540
709804
709980
710083
710157
710346
710362
710377
710424
710450
710459
710484
710508
710545
710586
710612
710700
710794
710855
710984
711014
711099
711135
711399
711488
711553
711738
711838
711955
711974
711986
711997
712015
712025
712152
712228
712229
712262
712280
712432
712446
712522
712539
712604
712953
713072
713079
713101
713147
713183
713212
713369
713415
713429
713470
713595
713728
713740
713886
713955
713970
713985
714024
714061
714099
714546
714549
714617
714692
714868
715144
715175
715177
715199
715281
715319
715436
715645
715721
715725
715759
715815
715976
716045
716081
716102
716208
716223
716238
716242
716333
716360
716414
716434
716483
716705
716753
716824
716911
716928
716944
716957
717242
717364
717704
717734
717902
717930
718036
718075
718401
718402
718434
718502
718527
718844
718942
719163
719191
719224
719285
719428
719563
719624
719638
719679
719695
720043
720175
720244
720331
720428
720528
720588
720643
720768
720778
720880
720954
720991
721201
721294
721746
721768
721889
721894
721948
722028
722053
722083
722171
722204
722533
722552
722559
722567
722573
722606
722608
722611
722648
722706
722836
722876
722947
723015
723173
723229
723354
723706
723719
723977
724060
724218
724285
724492
724555
724634
725088
725345
725478
725510
725528
725543
725603
725704
725718
725762
726144
726233
726272
726440
726485
726495
726555
726714
726730
726759
726892
726912
726945
726970
726976
726994
727151
727267
727550
727701
727850
727912
728044
728082
728231
728277
728290
728346
728489
728588
728620
728653
728976
729358
729638
729699
729816
729924
729956
730009
730039
730205
730383
730432
730449
730625
730688
730857
730903
731002
731005
731030
731109
731125
731157
731162
731187
731356
731378
731386
731431
731542
731557
731720
731890
731956
732037
732060
732247
732341
732360
732518
732584
732692
732828
733041
733065
733099
733373
733423
733561
733573
733757
733766
733857
734014
734018
734021
734118
734219
734229
734344
734515
734527
734727
734765
734824
734901
734940
735069
735072
735086
735093
735105
735186
735206
735252
735325
735406
735447
735448
735563
735615
735669
735687
735813
735881
736117
736238
736259
736321
736355
736647
736776
736846
736887
736896
737026
737208
737223
737247
737319
737429
737512
737587
737592
737593
737654
737743
737851
737925
737954
737978
737986
738023
738157
738224
738312
738353
738358
738409
738520
738523
738641
738683
738710
738746
738796
738802
738809
739040
739098
739102
739253
739337
739348
739531
739558
739727
739807
739936
740073
740085
740375
740453
740681
740747
740824
740891
741442
741445
741488
741544
741561
741627
741655
741745
741862
741989
742143
742259
742336
742464
742529
742566
742967
743042
743099
743149
743201
743211
743239
743492
743618
743703
743752
743754
743786
743853
743921
744048
744132
744154
744178
744225
744491
744559
745122
745223
745315
745426
745446
745568
745574
745731
745773
745781
745788
745801
745848
745912
745971
746001
746137
746190
746214
746316
746464
746467
746691
746732
746746
746792
747262
747294
747367
747525
747743
747895
748005
748085
748109
748135
748163
748181
748282
748320
748355
748385
748476
748504
748539
748572
748613
748641
748700
748833
748952
749035
749199
749226
749271
749339
749380
749465
749473
749477
749516
749592
749693
749792
749834
749915
749940
749944
750019
750049
750113
750162
750245
750290
750316
750383
750397
750634
750639
750828
750851
750867
751094
751112
751117
751219
751259
751348
751378
751534
751547
751579
751728
751758
751764
752078
752140
752238
752325
752425
752559
752611
752696
752744
752791
752893
752914
753123
753192
753213
753352
753382
753439
753457
753470
753558
753657
753736
753864
754165
754248
754351
754517
754531
754545
754567
754704
754743
754829
754972
755016
755203
755216
755261
755269
755417
755573
755593
755618
755730
755802
755809
756034
756058
756149
756291
756445
756489
756509
756609
756736
756775
756851
756852
756853
756864
756993
757001
757007
757128
757407
757464
757474
757628
757684
757694
757739
757818
757834
757854
757883
757910
758036
758056
758093
758244
758313
758331
758339
758342
758347
758383
758540
758596
758658
758713
758880
759080
759148
759565
759638
759695
759702
759775
759779
759796
759835
759865
760242
760357
760394
760433
760558
760610
760611
760625
760731
760734
760741
760815
760837
760879
761044
761117
761137
761149
761425
761483
761603
761727
761807
761845
761887
761942
762197
762212
762322
762463
762492
762666
762774
762900
762913
763213
763590
763653
763881
763930
764190
764288
764326
764351
764359
764469
764474
764541
764592
764620
764650
764706
764726
764753
764878
764958
765080
765131
765150
765401
765516
765572
765710
766189
766346
766508
766523
766637
766660
766682
766764
767013
767070
767257
767358
767375
767393
767399
767482
767601
767735
767777
767818
767920
768015
768047
768124
768220
768542
768611
768659
768673
768698
768857
768870
768903
768949
768977
769115
769133
769215
769280
769284
769443
769529
769530
769676
769725
769749
769779
769830
769890
770049
770205
770275
770310
770615
770722
770825
770856
770897
771026
771042
771144
771229
771241
771447
771674
771707
772108
772367
772399
772423
772506
772556
772572
772616
772663
772777
772815
772973
773135
773397
773398
773412
773435
773442
773483
773723
773778
773855
773912
773983
774091
774098
774277
774386
774483
774491
774533
774597
774617
774655
774759
774887
774945
774960
775149
775392
775400
775446
775571
775606
775704
775758
775778
775788
775913
776014
776061
776183
776368
776525
776619
776762
776765
776867
777260
777335
777341
777460
777690
777746
777776
777797
777930
778018
778045
778062
778189
778304
778443
778447
778574
778585
778713
778795
778877
778883
778892
779024
779254
779283
779333
779509
779514
779537
779678
779690
780006
780065
780296
780411
780441
780514
780567
780818
780868
781021
781208
781291
781379
781423
781563
781617
781693
781760
781783
781845
781900
781904
782055
782084
782091
782211
782327
782457
782473
782501
782538
782681
782859
782860
783164
783319
783570
783853
784135
784166
784338
784353
784391
784508
784528
784734
784906
785060
785062
785077
785284
785364
785421
785537
785595
785778
785882
786170
786188
786443
786447
786464
786557
786669
786672
786709
786763
786862
786890
787157
787178
787184
787373
787420
787442
787579
787606
787639
787738
787956
788198
788244
788292
788555
788840
788893
788925
789010
789128
789148
789188
789195
789202
789206
789235
789243
789345
789729
789792
789809
789929
790059
790093
790231
790268
790419
790526
790532
790555
790591
790730
790880
791067
791123
791390
791526
791631
791632
791751
791852
791940
791979
792010
792026
792067
792109
792227
792273
792382
792428
792457
792708
792752
792994
793024
793177
793225
793290
793300
793347
793590
793742
793950
794014
794168
794522
794653
794709
795003
795021
795077
795451
795482
795530
795563
795778
795821
795858
795911
795913
795925
796004
796056
796091
796192
796197
796443
796501
796887
796977
796989
797143
797461
797555
797715
797755
797786
797794
797900
798084
798137
798171
798172
798236
798341
798469
798553
798652
798709
798832
798947
798987
799011
799317
799429
799513
799558
799611
799615
799641
799674
799798
799831
799833
799937
799988
799993
800100
800179
800320
800474
800508
800550
800594
800597
800812
800826
800887
800912
801012
801059
801240
801259
801288
801295
801305
801333
801338
801378
801406
801481
801520
801526
801567
801697
801750
801886
801970
802057
802204
802290
802425
802518
802531
802606
802697
802746
802785
802903
802939
802945
802971
803014
803124
803143
803205
803345
803458
803483
803660
803886
803890
804297
804328
804641
804669
804750
804786
804850
804894
804895
804997
805082
805165
805326
805598
805662
805782
805800
805817
805908
806139
806220
806273
806279
806413
806497
806582
806609
806691
806724
806828
806846
806849
806894
806928
807134
807173
807320
807343
807351
807422
807592
807723
807796
807887
807911
807949
807965
807987
808180
808241
808420
808540
808708
808785
808821
808841
808871
808893
808996
809032
809038
809048
809334
809555
809657
809689
809787
810125
810344
810354
810355
810480
810669
810742
810786
810862
811246
811454
811524
811712
811773
811910
811961
812008
812022
812043
812113
812223
812377
812418
812451
812452
812551
812631
812710
812785
812830
812892
812936
813296
813336
813469
813508
813557
813606
813626
813678
813893
814257
814319
814647
814718
814738
814795
814799
814907
814999
815063
815089
815165
815325
815352
815429
815856
815885
816036
816124
816354
816375
816385
816413
816528
816532
816665
816701
816788
816917
816923
817004
817155
817159
817188
817220
817587
817691
817821
818353
818409
818440
818468
818508
818511
818740
818803
818855
818857
818926
819008
819064
819204
819346
819355
819466
819497
819579
819607
819651
819732
819778
819980
819990
820018
820134
820391
820423
820444
820558
820590
820756
820925
821099
821164
821268
821412
821542
821657
821860
821894
821931
821935
822022
822042
822147
822199
822288
822418
822427
822627
822628
822790
823017
823030
823089
823202
823225
823311
823509
823532
823553
823618
823734
823775
823909
823949
824068
824100
824138
824311
824581
824891
824968
825111
825293
825324
825379
825474
825528
825730
825861
825890
825952
825966
826060
826104
826117
826208
826246
826332
826333
826365
826374
826488
826832
826887
826903
826934
826981
827085
827294
827378
827517
827677
827695
827787
827791
827986
828097
828175
828267
828439
828496
828501
828560
828567
828646
828669
828685
828729
828735
828933
829098
829162
829163
829244
829327
829386
829417
829473
829480
829536
829586
829682
829802
829805
829830
829850
829861
829912
829938
829987
830116
830436
830444
830575
830598
830634
830744
830801
831104
831248
831294
831505
831615
831633
831752
831763
831798
831818
832015
832019
832024
832119
832330
832404
832534
832790
832842
832917
832957
833055
833060
833062
833319
833501
833582
833624
833791
833903
833916
833918
834281
834366
834481
834532
834616
834654
834679
834742
834774
834968
835034
835132
835191
835196
835263
835354
835356
835374
835386
835424
835438
835576
835584
835605
835623
835648
835674
835767
835821
836036
836278
836424
836471
836623
836673
836859
837141
837218
837236
837318
837383
837444
837690
837782
837807
837852
837966
838098
838152
838153
838198
838223
838233
838252
838512
838608
838636
838731
838819
838847
838983
839197
839287
839312
839396
839459
839579
839612
839653
839695
839841
839954
839983
839992
840127
840182
840221
840232
840245
840265
840330
840331
840447
840499
840508
840555
840688
840730
840772
840806
840917
841005
841086
841128
841208
841233
841257
841285
841321
841445
841531
841573
841577
841591
841604
841677
841781
841799
841858
841967
841985
842097
842143
842151
842166
842216
842355
842400
842445
842506
842540
842565
842686
842760
842780
842842
842888
843362
843417
843513
843517
843684
843701
843775
843811
843885
843904
843905
843906
843955
843964
844035
844124
844243
844278
844425
844503
844717
844764
845061
845068
845434
845451
845479
845663
845727
845961
846026
846071
846251
846333
846346
846536
846606
846771
846803
846983
847105
847163
847186
847473
847542
847590
847636
847749
847756
847796
847811
847898
847906
847919
848154
848501
848623
848644
848667
848675
848733
848744
848850
848904
848906
848985
849011
849046
849092
849229
849266
849394
849503
849551
849654
849665
849674
849680
849886
849932
850083
850496
850585
850636
850725
851136
851299
851370
851493
851583
851599
851604
851625
851784
851787
851876
851948
852145
852315
852422
852521
852544
852563
852572
852585
852774
853232
853278
853495
853544
853591
853601
853639
853693
853749
853904
853963
853969
854001
854379
854506
854754
854832
855247
855277
855285
855286
855294
855404
855582
855658
855729
855973
856152
856207
856216
856225
856263
856316
856346
856415
856478
856492
856530
856532
856571
856572
856902
857139
857164
857338
857365
857379
857473
857487
857618
857772
858204
858267
858352
858447
858736
858789
858919
859031
859273
859404
859428
859560
859742
859764
859927
860026
860039
860043
860050
860057
860203
860237
860324
860568
860624
860753
860761
861023
861078
861121
861169
861189
861236
861313
861376
861533
861567
861718
861719
861751
861819
861890
861949
861993
862112
862318
862415
862430
862480
862753
862786
862905
862951
863027
863207
863284
863407
863483
863582
863708
863714
863781
863808
863821
863840
864169
864220
864306
864354
864425
864444
864585
864621
864642
864724
864848
865371
865374
865443
865448
865661
865683
865697
865747
865757
865802
865829
866169
866276
866344
866440
866565
866612
866682
866729
866835
866858
867066
867093
867098
867118
867176
867194
867253
867266
867393
867559
867571
867610
867829
867842
868167
868182
868226
868286
868320
868434
868456
868617
868703
868906
868911
869139
869262
869379
869442
869525
869558
869678
869831
870022
870086
870143
870195
870519
870710
870859
870879
870943
870969
871009
871097
871247
871420
871473
871497
871543
871696
871729
871995
871997
872045
872120
872214
872230
872280
872406
872424
872446
872453
872514
872696
872723
872738
872785
872931
872975
873078
873127
873174
873228
873303
873337
873421
873801
873839
873916
873950
874038
874154
874162
874244
874473
874668
874745
874905
874977
875026
875124
875159
875237
875270
875390
875398
875417
875578
875638
875653
875727
875747
875946
876015
876077
876095
876184
876258
876259
876299
876343
876361
876385
876452
876528
876535
876588
876607
876713
876733
876748
876830
876854
876870
876882
877275
877293
877362
877377
877474
877513
877707
877757
877782
877846
877887
878100
878134
878326
878379
878510
878593
878642
878685
878727
878807
878827
878879
879002
879043
879059
879105
879208
879221
879225
879316
879319
879402
879489
879491
879572
879703
879841
879854
880056
880069
880366
880407
880412
880430
880475
880651
880653
880840
880864
881016
881221
881245
881301
881364
881391
881587
881715
881754
881851
882017
882144
882333
882339
882527
882626
882664
882753
882795
882899
883012
883055
883125
883177
883214
883266
883317
883334
883593
883652
883772
883828
883831
883983
884172
884275
884325
884395
884580
884598
884661
884745
884951
884967
884990
885060
885061
885200
885230
885318
885588
885661
885738
885753
885817
886155
886163
886244
886310
886516
886723
886735
886739
886755
886798
886850
886925
887001
887009
887373
887427
887461
887505
887518
887536
887715
887841
887853
887909
887947
888005
888133
888135
888177
888281
888345
888424
888463
888481
888490
888533
888629
888660
888675
888693
889131
889300
889340
889558
889607
889674
890007
890105
890265
890281
890311
890399
890417
890481
890691
890822
890867
891065
891143
891194
891324
891377
891456
891494
891515
891522
891541
891679
891705
891736
891812
891855
891941
892076
892095
892114
892227
892245
892259
892338
892373
892385
892519
892521
892531
892547
892584
892801
892833
892879
892960
893026
893250
893336
893518
893572
893710
893958
894033
894035
894133
894231
894251
894502
894576
894775
894920
895110
895185
895349
895413
895443
895506
895508
895522
895536
895579
895615
895637
895731
895768
895778
895790
895843
895875
895889
895992
896001
896236
896427
896609
896639
896883
896934
896971
896984
897045
897072
897073
897109
897240
897298
897420
897621
897656
897672
897785
897792
897805
897866
897880
897944
897946
897962
898052
898062
898235
898338
898462
898468
898560
898562
898563
898586
898592
898613
898656
898718
898778
898842
898871
899101
899224
899285
899522
899580
899753
899789
899889
899935
900274
900352
900353
900387
900412
900442
900591
900628
900733
900813
900928
900980
901179
901182
901260
901360
901366
901393
901412
901521
901522
901674
901691
901715
901981
902029
902177
902593
902597
903010
903074
903130
903280
903296
903301
903477
903490
903625
903638
903678
903729
903781
903870
903982
904176
904373
904706
904823
904900
904983
905045
905458
905496
905565
905612
905644
905645
906007
906011
906066
906090
906383
906477
906562
906845
906849
906865
906877
906897
906959
907038
907123
907180
907299
907496
907624
907706
907836
907891
907978
908040
908202
908376
908422
908492
908496
908620
908783
908831
909088
909270
909341
909395
909402
909503
909531
909635
909665
909713
909751
909772
909867
909964
910013
910085
910171
910412
910584
910747
910937
910949
911005
911011
911224
911229
911250
911328
911359
911463
911493
911523
911586
911612
911662
912074
912124
912171
912313
912403
912541
912571
912585
912608
912625
912687
912754
912767
912864
912990
913071
913116
913119
913129
913313
913415
913494
913643
913743
913810
913822
913907
914100
914149
914213
914251
914264
914276
914333
914377
914469
914541
914546
914717
914749
914834
914896
915011
915150
915292
915299
915540
915699
915805
915859
915906
915960
915974
916401
916502
916594
916609
916736
916740
916847
916855
917014
917107
917167
917247
917315
917350
917495
917514
917583
917829
917851
917997
918200
918276
918372
918468
918611
918618
918691
918775
918819
918905
918947
919159
919170
919229
919251
919335
919420
919438
919444
919531
919559
919607
919649
919698
919772
919780
919788
919950
920054
920159
920229
920374
920574
920717
920736
920770
920788
920816
921095
921123
921248
921272
921285
921318
921434
921532
921536
921665
921707
921725
921795
921833
921855
921867
921917
921954
922026
922157
922331
922420
922507
922771
922917
922931
923062
923189
923220
923331
923332
923406
923686
923793
924068
924107
924230
924324
924429
924447
924449
924520
924709
924714
924788
924914
924951
925228
925292
925319
925485
925562
925602
925717
925886
925893
926062
926171
926292
926303
926338
926422
926523
926718
926742
926749
926766
926782
926798
926836
926960
927120
927124
927215
927259
927260
927504
927719
927802
927873
928089
928106
928231
928282
928296
928332
928362
928373
928500
928923
928994
929025
929111
929230
929265
929295
929372
929487
929627
929791
929950
930155
930276
930404
930569
930624
930826
930916
931032
931263
931498
931579
931742
931785
931981
931986
932060
932135
932162
932197
932226
932588
932920
932940
932957
933050
933416
933640
933675
933702
933769
933815
933867
933911
934006
934104
934222
934324
934507
934705
934716
935034
935250
935296
935433
935596
935606
935639
935641
935720
935810
936060
936129
936294
936318
936410
936543
936607
936720
936888
936967
936994
937080
937101
937173
937312
937595
937613
937804
937864
938219
938270
938407
938587
938613
938642
938695
938801
938950
938994
939071
939087
939115
939241
939245
939334
939445
939493
939560
939649
939747
939831
939847
939890
940013
940115
940250
940311
940348
940380
940591
940613
940685
940754
940778
940840
940963
940964
940967
940968
940985
941214
941286
941346
941370
941374
941412
941435
941482
941505
941546
941749
941758
942002
942126
942180
942190
942204
942240
942302
942327
942431
942495
942626
942648
942905
942917
943006
943021
943080
943156
943163
943217
943284
943469
943554
943594
943639
943881
944152
944333
944498
944798
944906
945132
945262
945383
945419
945789
945807
945808
945822
946065
946262
946474
946531
946657
946692
946707
946709
946714
946843
946898
946901
947039
947051
947170
947240
947281
947585
947622
947650
947655
947657
947914
947969
947991
948061
948092
948139
948176
948188
948230
948324
948349
948368
948483
948885
948891
948958
949013
949076
949405
949424
949490
949557
949631
949655
949752
949771
949897
949944
950014
950089
950158
950304
950344
950481
950613
950782
950789
950904
950970
951104
951174
951252
951365
951424
951427
951556
951580
951637
951853
951875
952009
952020
952123
952159
952189
952202
952238
952259
952542
952618
952731
952755
952920
953156
953237
953446
953501
953524
953616
953735
953864
953874
953898
953908
953925
953952
954027
954160
954332
954356
954618
954868
954961
955033
955196
955223
955237
955280
955347
955349
955534
955580
955589
955651
955659
955692
955712
955748
955771
955978
955981
956087
956228
956230
956254
956326
956476
956512
956775
956975
956999
957126
957167
957186
957220
957284
957438
957548
957609
957754
957842
957945
957955
957964
958177
958184
958234
958295
958371
958455
958618
958645
958782
958799
959057
959092
959265
959285
959307
959434
959553
959580
959662
959682
959710
959774
959895
959912
959924
959995
960083
960304
960358
960458
960494
960530
960533
960672
960783
960836
960893
961138
961424
961622
961767
961990
962112
962398
962414
962466
962616
962739
962806
963070
963154
963203
963229
963262
963320
963325
963451
963772
963778
963832
963933
963962
964092
964127
964798
964876
965011
965364
965452
965652
965689
965705
965754
965921
966042
966062
966123
966256
966363
966422
966501
966733
966870
966930
967247
967703
967788
967942
968295
968297
968330
968598
968817
969041
969066
969088
969169
969237
969273
969565
969599
969628
969650
969743
969793
969834
969852
969930
969993
970162
970164
970169
970177
970232
970312
970392
970587
970603
970667
970729
970749
970826
970891
971014
971050
971064
971148
971248
971422
971455
971462
971479
971965
972067
972100
972319
972450
972477
972493
972677
972940
973013
973089
973154
973204
973227
973240
973325
973398
973462
973481
973551
973666
973825
974095
974098
974213
974284
974347
974381
974437
974451
974649
974733
974817
974850
974856
974870
974893
974955
975097
975099
975104
975141
975192
975649
975711
975716
975817
975846
975897
976010
976089
976169
976223
976243
976299
976313
976385
976395
976410
976667
976758
976884
977064
977091
977181
977229
977285
977377
977452
977586
977742
977745
977940
977998
978207
978212
978243
978261
978284
978309
978367
978569
978840
979237
979421
979498
979576
979577
979578
979696
979708
979879
979889
980443
980534
980639
980659
980693
980707
980932
980938
980964
980992
981076
981118
981119
981223
981353
981627
981708
981765
981914
981928
981940
982127
982149
982199
982212
982303
982535
982582
982610
982735
982806
982810
982906
982943
982978
982990
983034
983067
983099
983188
983274
983343
983607
983742
983754
983952
983964
984080
984138
984213
984270
984361
984384
984570
984584
984603
984613
984677
984694
984750
984880
984891
984954
984967
985093
985098
985117
985144
985284
985337
985464
985525
985563
985586
985665
985716
985951
986097
986189
986245
986372
986461
986480
986485
986507
986685
986744
986749
986821
987077
987234
987742
987826
987854
988014
988088
988265
988356
988365
988459
988563
988616
988630
988653
988831
988859
988899
989003
989052
989255
989306
989481
989522
989737
989801
989955
989975
990049
990133
990140
990465
990804
990848
990855
990943
991037
991212
991269
991274
991298
991378
991524
991591
991593
991729
991759
991780
991805
991906
992065
992140
992325
992346
992422
992488
992580
992778
992779
992952
993013
993058
993266
993379
993411
993428
993585
993609
993769
993891
993898
993941
993978
993985
994006
994024
994239
994350
994444
994520
994559
994592
994658
994847
994938
994998
995121
995307
995386
995500
995516
995668
995854
996056
996292
996321
996454
996574
996743
996816
996896
996913
996966
997003
997011
997176
997626
997739
997802
997851
997927
997943
997980
998005
998307
998318
998446
998452
998467
998564
998591
998693
998704
998741
998877
999038
999047
999139
999363
999371
999430
999486
999539
999612
999720
999775
999797
999837
999972
1000001
1000068
1000312
1000501
1000506
1000550
1000892
1001050
1001052
1001096
1001149
1001159
1001265
1001490
1001560
1001584
1001716
1001784
1001859
1002059
1002073
1002137
1002186
1002252
1002264
1002303
1002479
1002506
1002525
1002601
1002625
1002833
1002848
1002947
1002988
1002989
1003010
1003161
1003198
1003293
1003353
1003453
1003554
1003591
1003680
1003734
1003760
1004047
1004096
1004192
1004236
1004310
1004507
1004885
1004903
1004926
1004953
1004978
1005403
1005463
1005582
1005603
1005655
1005856
1005904
1006014
1006039
1006092
1006282
1006451
1006467
1006578
1006896
1006965
1006990
1006991
1007135
1007320
1007431
1007458
1007462
1007475
1007533
1007761
1008155
1008339
1008371
1008418
1008537
1008578
1008579
1008665
1008725
1008778
1008826
1009018
1009099
1009186
1009218
1009236
1009285
1009455
1009507
1009596
1009609
1009612
1009779
1009788
1009855
1009868
1010001
1010020
1010069
1010165
1010328
1010394
1010502
1010579
1010596
1010788
1011109
1011265
1011282
1011365
1011395
1012061
1012131
1012179
1012229
1012342
1012396
1012399
1012482
1012562
1012642
1012704
1012728
1012909
1012943
1013120
1013123
1013305
1013319
1013405
1013586
1013661
1013749
1013764
1013779
1013828
1014264
1014342
1014396
1014404
1014456
1014461
1014521
1014540
1014706
1014736
1014813
1014857
1015081
1015156
1015191
1015358
1015578
1015895
1015912
1016007
1016167
1016200
1016248
1016291
1016318
1016319
1016340
1016430
1016459
1016666
1016686
1016756
1016800
1016811
1016859
1016873
1016959
1017109
1017250
1017490
1017587
1017705
1017766
1017978
1018179
1018188
1018193
1018208
1018250
1018304
1018754
1018764
1018953
1019041
1019280
1019789
1019894
1020215
1020258
1020333
1020588
1020607
1020664
1020718
1020861
1021125
1021143
1021334
1021341
1021550
1021684
1021828
1021842
1021877
1021915
1021958
1022039
1022136
1022150
1022276
1022377
1022467
1022506
1022533
1022561
1022562
1022653
1022840
1022859
1023362
1023497
1023526
1023571
1023927
1024126
1024129
1024217
1024256
1024273
1024351
1024457
1024516
1024684
1024702
1024755
1024909
1025036
1025153
1025510
1025891
1025974
1025983
1025995
1026002
1026186
1026317
1026424
1026441
1026445
1026463
1026540
1026564
1026726
1026887
1026894
1026947
1026982
1027135
1027255
1027306
1027338
1027365
1027620
1027890
1028492
1028529
1028562
1028651
1028821
1028822
1028977
1029013
1029292
1029398
1029456
1029528
1029561
1029574
1029639
1029655
1029717
1029758
1029797
1029868
1029883
1029919
1030177
1030225
1030263
1030346
1030522
1030536
1030549
1030571
1030614
1030802
1030830
1030844
1031184
1031260
1031321
1031506
1031699
1031739
1031920
1031961
1031971
1032054
1032069
1032113
1032148
1032177
1032184
1032242
1032248
1032278
1032514
1032637
1032640
1032736
1032940
1033005
1033094
1033134
1033363
1033406
1033439
1033446
1033486
1033512
1033588
1033613
1033681
1033794
1033953
1034158
1034278
1034474
1034863
1034898
1034902
1034993
1035063
1035252
1035293
1035365
1035531
1035542
1035625
1035644
1035719
1035935
1035950
1036041
1036096
1036201
1036228
1036248
1036437
1036601
1036783
1036867
1036929
1036937
1037046
1037104
1037191
1037204
1037558
1037639
1037654
1037828
1037873
1037919
1037984
1038082
1038573
1038590
1038776
1038814
1038822
1038824
1038826
1038834
1038955
1038961
1038999
1039116
1039137
1039162
1039211
1039328
1039517
1039547
1039737
1039982
1040061
1040095
1040115
1040175
1040240
1040399
1040409
1040432
1040541
1040666
1040776
1040784
1041060
1041249
1041381
1041686
1041768
1041970
1041986
1042034
1042078
1042130
1042141
1042167
1042207
1042292
1042357
1042373
1042526
1042542
1042704
1042710
1042722
1042761
1042768
1042946
1042954
1043095
1043153
1043154
1043182
1043228
1043283
1043319
1043339
1043382
1043396
1043581
1043629
1043652
1043774
1043881
1044158
1044230
1044271
1044278
1044584
1044681
1044708
1044793
1044811
1044839
1044889
1044915
1044923
1044928
1045128
1045207
1045274
1045318
1045464
1045655
1045834
1045975
1046047
1046198
1046437
1046656
1046899
1046977
1047043
1047169
1047433
1047520
1047838
1047909
1048217
1048284
1048332
1048542
1048750
1048813
1048942
1048956
1048986
1049079
1049084
1049198
1049237
1049299
1049477
1049768
1049845
1049847
1050425
1050471
1050547
1050580
1050624
1050751
1050756
1050811
1050917
1050988
1051128
1051158
1051264
1051318
1051379
1051459
1051712
1051743
1051937
1051964
1052070
1052174
1052290
1052346
1052379
1052397
1052642
1052656
1052853
1052895
1052905
1053093
1053113
1053126
1053231
1053325
1053366
1053400
1053401
1053520
1053552
1053873
1053977
1054112
1054255
1054286
1054683
1054784
1054844
1054853
1054889
1055140
1055163
1055236
1055268
1055413
1055474
1055519
1055750
1055781
1055972
1056033
1056039
1056193
1056202
1056224
1056383
1056496
1056659
1056678
1056794
1056939
1057035
1057369
1057446
1057579
1057589
1057705
1058378
1058410
1058431
1058493
1058560
1058642
1058646
1058740
1058796
1058858
1059422
1059599
1059635
1059687
1059824
1059870
1059909
1059964
1060396
1060535
1060587
1060778
1060813
1060994
1061309
1061410
1061486
1061661
1061857
1061995
1062003
1062006
1062074
1062117
1062286
1062310
1062318
1062399
1062498
1062673
1062728
1062796
1062917
1062982
1063070
1063177
1063201
1063404
1063442
1063672
1063739
1063872
1063993
1064139
1064218
1064351
1064433
1064542
1064856
1065005
1065162
1065184
1065226
1065237
1065684
1065693
1065785
1066146
1066179
1066258
1066261
1066271
1066279
1066368
1066495
1066542
1066556
1066616
1066618
1066622
1066684
1066774
1066783
1066806
1066874
1066875
1067078
1067532
1067668
1067781
1067967
1068082
1068384
1068408
1068446
1068586
1068599
1068725
1068915
1068927
1068944
1068956
1069194
1069483
1069558
1069664
1069767
1069773
1069778
1070310
1070415
1070480
1070680
1070858
1070909
1071019
1071243
1071306
1071344
1071477
1071517
1071557
1071611
1071630
1071706
1072041
1072073
1072343
1072354
1072408
1072423
1072426
1072444
1072502
1072612
1072667
1072692
1072748
1072918
1073006
1073031
1073045
1073077
1073297
1073321
1073382
1073485
1073646
1073671
1073733
1073828
1073836
1074019
1074201
1074294
1074325
1074374
1074391
1074430
1074712
1074823
1074838
1074891
1074926
1074956
1074958
1075039
1075265
1075317
1075426
1075441
1075510
1075589
1075701
1075726
1075738
1075875
1075886
1075896
1075926
1076198
1076214
1076289
1076295
1076384
1076473
1076531
1076702
1076918
1076930
1077250
1077375
1077507
1077637
1077730
1077734
1077949
1078034
1078207
1078254
1078320
1078371
1078988
1079029
1079049
1079278
1079343
1079358
1079365
1079389
1079537
1079735
1079788
1079817
1079915
1080090
1080111
1080257
1080354
1080407
1080467
1080503
1080675
1080705
1080826
1081036
1081060
1081084
1081102
1081114
1081161
1081286
1081454
1081692
1081720
1081844
1081852
1081860
1081865
1082001
1082186
1082247
1082358
1082380
1082634
1082674
1082686
1082690
1082707
1082808
1082906
1083061
1083104
1083237
1083262
1083278
1083346
1083474
1083476
1083485
1083499
1083654
1083736
1083823
1083955
1083963
1084016
1084148
1084184
1084224
1084321
1084365
1084402
1084441
1084492
1084512
1084539
1084703
1084854
1085090
1085311
1085379
1085437
1085453
1085577
1085592
1085808
1085946
1086002
1086157
1086206
1086351
1086422
1086573
1086613
1086664
1087006
1087041
1087053
1087054
1087068
1087106
1087125
1087171
1087292
1087294
1087388
1087536
1087602
1087806
1087907
1087915
1088064
1088123
1088124
1088153
1088372
1088399
1088513
1088525
1088594
1088849
1088858
1088879
1089048
1089092
1089161
1089173
1089268
1089361
1089387
1089752
1089829
1089844
1090005
1090033
1090046
1090057
1090062
1090316
1090330
1090480
1090800
1090928
1090936
1090963
1090975
1091090
1091398
1091617
1091650
1091915
1091977
1091985
1092121
1092312
1092409
1092494
1092518
1092538
1092680
1092827
1092892
1093088
1093121
1093268
1093306
1093375
1093405
1093485
1093563
1093612
1093681
1093708
1093749
1093776
1093845
1093943
1093991
1094096
1094107
1094123
1094230
1094250
1094353
1094452
1094666
1094744
1094881
1094978
1095032
1095175
1095220
1095229
1095259
1095264
1095284
1095309
1095456
1095481
1095491
1095578
1095659
1095815
1095915
1096035
1096059
1096358
1096372
1096654
1096667
1096683
1096699
1096724
1096836
1096864
1096898
1096949
1096966
1096975
1097063
1097244
1097330
1097338
1097355
1097452
1097586
1097598
1097691
1097723
1097753
1097846
1097875
1097924
1098087
1098136
1098257
1098285
1098296
1098315
1098406
1098451
1098595
1098602
1098634
1098749
1098882
1098960
1099033
1099221
1099267
1099357
1099460
1099632
1100068
1100241
1100252
1100454
1100560
1100610
1100775
1100882
1100900
1101032
1101043
1101115
1101172
1101215
1101390
1101466
1101748
1101834
1102057
1102125
1102321
1102392
1102465
1102532
1102669
1102783
1102837
1102885
1102897
1103033
1103294
1103711
1103907
1103951
1104008
1104144
1104148
1104156
1104348
1104475
1104519
1104765
1105021
1105134
1105176
1105263
1105414
1105450
1105613
1105732
1105836
1105900
1105951
1106007
1106040
1106087
1106149
1106167
1106225
1106265
1106572
1106623
1106818
1106840
1107024
1107044
1107093
1107098
1107289
1107295
1107494
1107581
1107603
1107617
1107664
1107875
1107905
1107921
1108025
1108080
1108245
1108271
1108349
1108363
1108395
1108546
1108559
1108669
1108762
1108770
1108963
1109045
1109049
1109061
1109123
1109230
1109269
1109277
1109360
1109507
1109509
1109617
1110222
1110249
1110317
1110432
1110485
1110565
1110690
1110738
1110901
1111170
1111312
1111463
1111725
1111755
1111769
1111781
1111935
1112021
1112077
1112086
1112151
1112250
1112283
1112357
1112569
1112621
1112645
1112702
1112746
1112952
1112962
1112972
1112987
1113324
1113381
1113395
1113559
1113568
1113587
1113589
1113800
1113886
1114053
1114166
1114250
1114254
1114262
1114278
1114467
1114501
1114511
1114537
1114651
1114668
1114848
1114962
1115009
1115104
1115164
1115199
1115295
1115311
1115662
1115722
1115798
1115881
1116001
1116042
1116092
1116196
1116199
1116229
1116314
1116327
1116721
1116738
1116931
1117255
1117264
1117319
1117332
1117454
1117721
1118015
1118153
1118206
1118327
1118483
1118519
1118525
1118600
1118627
1118763
1118978
1119066
1119073
1119077
1119108
1119176
1119398
1119732
1119819
1119884
1120007
1120073
1120079
1120115
1120123
1120290
1120462
1120479
1120521
1120575
1120683
1120692
1120720
1120740
1120741
1120820
1120826
1120856
1120864
1120874
1120890
1120969
1121127
1121240
1121398
1121493
1121543
1121571
1121841
1122050
1122100
1122214
1122479
1122605
1122628
1122640
1122761
1122837
1122853
1122879
1122889
1123067
1123299
1123402
1123445
1123548
1123596
1123763
1123891
1123908
1123961
1123962
1124078
1124089
1124104
1124159
1124167
1124201
1124276
1124322
1124326
1124377
1124445
1124487
1124536
1124749
1124788
1124845
1124908
1125110
1125129
1125256
1125696
1125762
1125922
1126002
1126030
1126097
1126252
1126298
1126318
1126324
1126456
1126564
1126643
1126764
1126818
1126922
1126941
1126961
1127050
1127103
1127209
1127227
1127300
1127566
1127589
1127760
1127858
1127859
1127919
1128024
1128263
1128304
1128388
1128569
1128579
1129066
1129126
1129161
1129383
1129403
1129560
1129566
1129579
1129681
1130012
1130152
1130174
1130248
1130277
1130281
1130378
1130694
1130800
1130877
1130974
1131120
1131173
1131210
1131399
1131401
1131415
1131437
1131518
1131647
1131771
1131818
1131852
1131868
1132007
1132024
1132099
1132137
1132147
1132231
1132260
1132298
1132338
1132542
1132679
1132727
1132742
1132770
1132840
1132871
1133045
1133071
1133269
1133346
1133451
1133747
1134045
1134067
1134157
1134187
1134355
1134561
1134646
1134675
1134778
1135048
1135095
1135174
1135572
1135678
1135750
1135765
1135777
1135945
1135971
1136079
1136185
1136298
1136649
1136685
1136697
1136746
1137131
1137481
1137578
1137611
1137644
1137688
1137808
1137852
1137865
1138065
1138160
1138271
1138457
1138567
1138571
1138711
1138858
1139059
1139092
1139098
1139326
1139409
1139448
1139468
1139471
1139497
1139513
1139525
1139684
1139756
1139855
1139861
1139891
1139938
1139959
1140078
1140109
1140239
1140336
1140382
1140497
1140718
1140795
1140835
1140933
1141094
1141315
1141323
1141337
1141634
1141655
1141731
1141738
1141776
1141832
1141893
1142034
1142108
1142214
1142281
1142343
1142366
1142381
1142504
1142548
1142635
1142800
1142804
1142824
1142886
1143062
1143136
1143188
1143204
1143213
1143273
1143346
1143365
1143376
1143414
1144094
1144125
1144337
1144481
1144498
1144768
1144906
1144936
1144972
1145049
1145062
1145213
1145269
1145444
1145552
1145581
1145652
1145676
1145763
1145789
1145953
1145984
1146114
1146302
1146330
1146515
1146621
1146711
1146777
1146873
1146875
1146913
1146928
1146953
1146997
1147118
1147198
1147206
1147355
1147407
1147665
1147673
1147693
1147761
1148102
1148110
1148213
1148263
1148288
1148348
1148662
1148825
1148837
1148918
1149192
1149257
1149305
1149313
1149372
1149373
1149413
1149524
1149552
1149606
1149633
1149722
1149761
1149789
1149838
1149923
1150156
1150188
1150366
1150423
1150593
1150632
1150788
1150885
1150944
1151034
1151415
1151495
1151576
1151657
1151661
1151700
1151752
1151775
1151855
1152001
1152025
1152035
1152168
1152252
1152314
1152348
1152388
1152423
1152437
1152460
1152498
1152641
1152661
1152713
1152843
1153155
1153195
1153284
1153452
1153471
1153498
1153574
1153689
1153825
1153837
1153988
1154071
1154146
1154161
1154208
1154324
1154391
1154453
1154563
1154647
1154761
1154799
1154821
1154983
1155081
1155297
1155446
1155452
1155474
1155655
1155693
1155728
1155792
1155990
1156156
1156172
1156291
1156502
1156628
1156927
1157055
1157210
1157391
1157413
1157510
1157581
1157658
1157664
1157860
1157952
1157956
1157957
1157994
1158116
1158138
1158242
1158343
1158462
1158878
1159134
1159162
1159164
1159210
1159220
1159253
1159293
1159537
1159563
1159582
1159630
1159726
1159734
1159738
1159743
1159790
1159869
1160077
1160173
1160236
1160241
1160302
1160339
1160527
1160528
1160585
1160692
1160819
1160876
1160933
1161001
1161038
1161113
1161236
1161362
1161478
1161541
1161542
1161560
1161609
1161646
1161649
1161659
1161674
1161757
1161782
1161859
1161957
1162126
1162127
1162181
1162259
1162283
1162374
1162456
1162783
1162896
1162944
1163000
1163124
1163138
1163309
1163363
1163461
1163482
1163620
1163665
1163834
1163961
1163969
1163997
1164028
1164106
1164112
1164191
1164305
1164482
1164574
1164723
1164902
1165075
1165109
1165670
1165781
1165820
1165824
1165848
1165988
1166003
1166049
1166062
1166443
1166448
1166522
1166584
1166712
1166801
1166865
1166883
1166932
1166984
1166992
1167116
1167253
1167406
1167447
1167453
1167581
1167602
1167789
1167844
1167905
1167913
1167932
1168049
1168052
1168064
1168068
1168071
1168102
1168307
1168314
1168358
1168429
1168497
1168526
1168649
1168986
1168994
1169274
1169304
1169313
1169329
1169446
1169580
1169683
1169831
1169900
1169941
1170366
1170387
1170606
1170641
1170702
1170722
1170835
1170875
1170916
1170917
1170980
1171034
1171035
1171151
1171232
1171287
1171378
1171381
1171505
1171638
1171667
1171684
1171696
1171716
1171977
1172072
1172149
1172278
1172372
1172382
1172407
1172442
1172589
1172636
1172730
1172812
1172872
1172929
1172966
1173017
1173076
1173171
1173248
1173296
1173575
1173696
1173747
1173814
1173821
1173853
1173975
1174115
1174275
1174288
1174421
1174438
1174503
1174618
1174673
1174780
1174971
1175355
1175505
1175540
1175773
1176179
1176185
1176284
1176291
1176341
1176423
1176444
1176666
1176767
1176813
1176893
1176984
1177039
1177104
1177441
1177558
1177588
1177595
1177794
1177828
1177869
1177944
1178284
1178388
1178421
1178536
1178619
1178836
1178985
1179077
1179112
1179203
1179236
1179247
1179365
1179389
1179402
1179426
1179451
1179527
1179572
1179582
1179601
1179751
1179852
1179868
1179962
1179973
1179991
1180027
1180119
1180167
1180391
1180585
1180814
1180980
1181118
1181217
1181223
1181309
1181385
1181593
1181612
1181814
1181828
1181857
1181870
1181874
1181878
1181914
1181941
1182032
1182079
1182195
1182236
1182266
1182277
1182419
1182505
1182543
1182624
1182625
1182868
1182924
1183081
1183139
1183215
1183239
1183324
1183395
1183460
1183553
1183620
1183627
1183683
1183730
1183744
1183748
1183791
1183883
1183963
1184093
1184581
1184791
1184821
1184842
1184855
1184890
1184927
1185015
1185067
1185190
1185662
1185896
1185920
1185925
1186031
1186212
1186236
1186257
1186310
1186584
1186598
1186693
1186780
1186821
1186827
1187001
1187109
1187142
1187207
1187238
1187340
1187348
1187671
1187946
1188164
1188230
1188321
1188504
1188535
1188602
1188641
1188649
1188732
1188740
1188766
1188770
1188880
1188949
1189022
1189080
1189240
1189243
1189300
1189425
1189537
1189669
1189868
1189946
1190141
1190255
1190523
1190859
1190943
1191013
1191200
1191278
1191395
1191442
1191463
1191539
1191623
1191682
1191719
1191738
1191743
1191795
1191818
1192257
1192320
1192476
1192511
1192604
1192755
1192864
1192952
1193062
1193096
1193143
1193220
1193221
1193405
1193471
1193723
1194180
1194224
1194243
1194288
1194381
1194531
1194538
1194698
1194740
1194742
1194831
1195144
1195150
1195231
1195232
1195279
1195462
1195500
1195579
1195675
1195860
1195869
1196073
1196091
1196202
1196332
1196738
1196877
1196913
1196974
1197313
1197486
1197488
1197578
1197603
1197804
1197823
1197960
1197995
1198013
1198108
1198138
1198146
1198368
1198779
1198874
1199085
1199124
1199197
1199270
1199354
1199414
1199551
1199668
1199740
1199754
1199929
1199935
1200063
1200069
1200304
1200306
1200369
1200451
1200520
1200552
1200702
1200775
1200852
1201059
1201073
1201160
1201248
1201284
1201409
1201484
1201501
1201612
1201751
1201764
1201790
1201815
1201850
1202080
1202173
1202229
1202405
1202524
1202675
1202723
1202793
1202858
1202970
1203105
1203137
1203148
1203160
1203174
1203188
1203293
1203310
1203339
1203343
1203661
1203712
1203768
1203863
1203943
1203971
1203995
1204102
1204106
1204207
1204326
1204433
1204622
1204766
1204935
1205044
1205145
1205210
1205371
1205396
1205434
1205740
1206077
1206162
1206199
1206241
1206244
1206362
1206474
1206570
1206582
1206688
1206788
1206830
1206874
1207244
1207306
1207650
1207652
1207707
1207734
1207750
1207768
1207827
1207884
1207945
1207961
1207982
1208026
1208106
1208208
1208254
1208400
1208664
1208711
1208839
1208887
1208891
1209049
1209125
1209257
1209346
1209364
1209478
1209626
1209850
1209876
1209978
1210098
1210107
1210193
1210224
1210354
1210421
1210508
1210590
1210666
1210759
1210785
1210917
1210964
1210977
1211016
1211119
1211171
1211571
1211794
1211804
1211826
1211863
1211917
1211926
1212026
1212108
1212170
1212227
1212324
1212371
1212642
1212751
1212774
1212843
1212931
1212961
1212987
1213467
1213494
1213508
1213645
1213826
1214035
1214136
1214269
1214386
1214393
1214589
1214604
1214608
1214715
1214727
1214741
1214746
1214812
1214874
1214929
1214994
1215025
1215083
1215105
1215126
1215242
1215279
1215289
1215294
1215516
1215570
1215615
1215714
1215729
1215744
1215832
1215885
1216003
1216255
1216280
1216304
1216330
1216487
1216524
1216712
1216834
1217015
1217062
1217200
1217292
1217298
1217312
1217414
1217447
1217508
1217574
1217701
1217919
1218078
1218272
1218452
1218469
1218474
1218489
1218536
1218538
1218594
1218660
1218817
1218844
1218853
1218912
1218972
1218975
1219086
1219211
1219261
1219323
1219423
1219429
1219773
1220030
1220063
1220429
1220443
1220489
1220655
1220754
1220817
1220836
1221110
1221228
1221403
1221410
1221423
1221637
1221696
1221745
1221771
1221787
1221879
1221958
1222029
1222311
1222318
1222400
1222446
1222455
1222488
1222659
1222743
1222746
1222913
1222974
1223032
1223127
1223151
1223178
1223208
1223344
1223609
1223777
1224022
1224213
1224244
1224349
1224428
1224471
1224485
1224534
1224682
1224685
1224783
1225333
1225401
1225414
1225753
1225877
1226043
1226064
1226270
1226322
1226346
1226496
1226498
1226519
1226538
1226689
1226778
1226819
1226870
1227063
1227132
1227191
1227394
1227470
1227583
1227600
1227617
1227661
1227667
1227671
1227705
1227896
1227923
1228098
1228145
1228208
1228343
1228459
1228537
1228542
1228677
1228681
1228684
1228735
1228745
1228850
1228991
1229033
1229087
1229090
1229139
1229237
1229383
1229409
1229612
1229658
1229667
1229845
1229997
1230026
1230321
1230374
1230387
1230449
1230645
1231109
1231160
1231230
1231428
1231499
1231590
1231594
1231598
1231612
1231902
1232048
1232195
1232198
1232443
1232463
1232475
1232540
1232600
1232909
1233143
1233201
1233339
1233539
1233586
1233682
1233691
1233698
1233864
1234002
1234081
1234106
1234222
1234248
1234295
1234386
1234551
1234561
1234667
1234828
1235071
1235096
1235206
1235352
1235421
1235483
1235542
1235720
1235723
1235851
1235873
1235964
1236043
1236199
1236260
1236303
1236349
1236431
1236695
1236703
1236722
1236773
1236789
1236797
1236814
1236818
1236830
1236836
1236911
1236945
1237039
1237087
1237155
1237170
1237241
1237359
1237384
1237429
1237493
1237733
1237795
1237807
1237889
1237924
1237986
1238126
1238166
1238406
1238444
1238840
1238979
1239026
1239081
1239162
1239466
1239500
1239502
1239624
1239861
1239916
1239978
1240026
1240109
1240252
1240304
1240579
1240710
1241018
1241085
1241209
1241210
1241239
1241601
1241636
1241740
1241864
1241873
1241901
1241958
1242259
1242580
1242594
1242780
1242801
1242867
1242907
1242914
1242923
1242926
1242996
1243046
1243158
1243180
1243202
1243218
1243567
1243570
1243596
1243634
1243696
1243745
1244107
1244123
1244240
1244292
1244396
1244668
1244757
1244828
1244846
1244892
1245077
1245435
1245575
1245634
1245649
1245710
1245737
1245795
1245889
1245985
1246092
1246317
1246482
1246617
1246628
1246673
1246815
1246873
1246896
1246913
1247035
1247112
1247237
1247260
1247273
1247573
1247630
1247786
1247817
1247821
1247977
1247996
1248197
1248490
1248701
1248747
1248772
1249084
1249232
1249380
1249395
1249999
1250132
1250140
1250172
1250207
1250261
1250486
1250506
1250656
1250752
1250961
1251147
1251154
1251211
1251337
1251486
1251594
1251639
1251699
1251702
1252058
1252064
1252269
1252334
1252428
1252929
1252996
1253180
1253240
1253342
1253408
1253505
1253591
1253604
1253886
1254001
1254172
1254176
1254187
1254198
1254335
1254338
1254535
1254609
1254617
1254694
1254826
1255128
1255150
1255242
1255246
1255247
1255304
1255328
1255343
1255405
1255410
1255455
1255612
1255617
1255753
1255782
1255909
1255958
1255974
1256067
1256245
1256304
1256529
1256541
1256572
1256594
1256674
1256697
1256785
1257059
1257123
1257209
1257380
1257491
1257638
1257790
1257808
1257826
1258018
1258082
1258162
1258186
1258303
1258307
1258462
1258536
1258577
1258599
1258647
1258776
1258927
1258945
1259031
1259169
1259182
1259333
1259350
1259439
1259484
1259813
1259946
1260140
1260280
1260523
1260603
1260701
1261184
1261355
1261372
1261549
1262109
1262256
1262411
1262554
1262645
1262727
1262771
1262810
1262923
1262990
1263082
1263239
1263261
1263424
1263572
1263627
1263703
1263777
1263820
1263873
1263886
1263921
1263943
1264076
1264163
1264608
1264757
1264832
1264840
1265019
1265171
1265183
1265441
1265492
1265644
1265869
1265913
1265959
1266137
1266192
1266293
1266354
1266403
1266757
1266847
1266874
1266881
1266892
1266895
1266903
1267040
1267056
1267117
1267152
1267184
1267200
1267257
1267274
1267591
1267650
1267700
1267892
1267927
1268249
1268295
1268351
1268577
1268586
1268602
1268753
1268758
1268804
1268868
1269132
1269288
1269331
1269339
1269428
1269433
1269772
1269897
1269941
1269982
1269983
1269985
1270131
1270184
1270205
1270274
1270320
1270596
1270610
1270661
1270695
1270707
1270712
1270716
1270722
1270801
1270893
1271003
1271030
1271066
1271083
1271203
1271220
1271494
1271502
1271533
1271564
1271602
1271611
1271854
1271862
1272038
1272055
1272258
1272265
1272295
1272317
1272455
1272465
1272776
1272877
1272900
1272951
1272993
1273099
1273111
1273255
1273397
1273591
1273602
1273703
1273769
1273783
1274036
1274161
1274345
1274354
1274438
1274616
1274759
1274809
1274825
1274886
1274968
1275009
1275133
1275228
1275385
1275393
1275488
1275617
1275686
1275693
1275765
1275797
1275848
1275887
1275890
1275984
1276428
1276440
1276457
1276470
1276617
1276684
1276750
1276751
1276919
1277093
1277276
1277290
1277293
1277500
1277587
1277603
1277640
1277646
1277806
1277995
1278104
1278110
1278361
1278447
1278457
1278579
1278667
1278730
1278796
1278938
1279069
1279071
1279078
1279103
1279154
1279219
1279296
1279307
1279313
1279331
1279389
1279611
1279653
1279744
1279764
1279827
1279928
1279962
1280203
1280234
1280375
1280379
1280393
1280616
1280931
1280983
1281045
1281082
1281285
1281419
1281439
1281627
1281663
1281727
1281755
1282177
1282188
1282233
1282317
1282346
1282392
1282527
1282562
1282594
1282627
1282634
1282638
1282692
1282895
1282909
1283022
1283108
1283193
1283302
1283306
1283315
1283426
1283446
1283550
1283573
1283730
1283795
1283903
1283971
1284188
1284453
1284539
1284560
1284601
1284668
1284812
1284948
1284991
1285107
1285128
1285277
1285352
1285393
1285422
1285465
1285664
1285776
1285810
1285840
1285965
1285991
1286055
1286117
1286137
1286258
1286293
1286353
1286574
1286634
1286684
1286710
1286730
1286748
1286799
1286805
1286932
1287003
1287199
1287205
1287260
1287265
1287358
1287379
1287552
1287563
1287583
1287633
1287685
1287893
1287903
1288076
1288153
1288177
1288304
1288510
1288533
1288581
1288686
1288711
1288742
1288845
1288887
1289524
1289543
1289552
1289687
1289767
1290122
1290217
1290329
1290360
1290385
1290492
1290516
1290595
1290654
1290752
1290777
1290959
1291057
1291101
1291102
1291177
1291245
1291302
1291305
1291352
1291369
1291453
1291471
1291498
1291612
1291808
1291812
1291941
1292017
1292046
1292167
1292329
1292519
1292525
1292587
1292598
1292606
1292811
1292934
1293019
1293028
1293040
1293082
1293112
1293176
1293351
1293375
1293389
1293465
1293581
1293703
1293829
1294114
1294162
1294181
1294190
1294199
1294211
1294349
1294385
1294771
1294804
1295036
1295209
1295362
1295394
1295497
1295659
1295679
1295709
1295993
1296454
1296533
1296571
1296590
1296623
1296880
1296919
1296927
1296978
1297058
1297348
1297359
1297381
1297384
1297455
1297473
1297649
1297754
1297822
1297898
1297924
1297964
1298624
1298654
1298733
1298745
1298850
1298851
1298893
1298978
1299084
1299216
1299344
1299623
1299648
1299655
1299682
1299709
1299811
1299942
1300057
1300124
1300127
1300189
1300554
1300820
1300853
1300920
1300983
1301095
1301096
1301114
1301258
1301321
1301389
1301441
1301470
1301678
1301732
1302105
1302143
1302193
1302194
1302289
1302319
1302464
1302482
1302538
1302640
1302655
1302678
1302697
1302725
1302731
1302762
1302765
1302813
1302941
1302948
1302950
1302997
1303156
1303326
1303356
1303429
1303448
1303488
1303542
1303556
1303599
1303735
1303753
1303772
1303904
1303911
1303915
1303944
1304048
1304054
1304141
1304145
1304280
1304306
1304603
1304650
1304675
1304688
1304718
1304737
1304783
1304787
1304825
1304894
1304971
1305010
1305056
1305092
1305129
1305130
1305419
1305441
1305465
1305484
1305786
1305813
1305964
1306110
1306122
1306135
1306181
1306275
1306332
1306489
1306508
1306602
1306670
1306702
1306779
1306799
1306815
1306870
1306956
1307024
1307063
1307078
1307230
1307449
1307466
1307467
1307503
1307646
1307818
1307911
1308240
1308279
1308326
1308445
1308532
1308576
1308603
1308705
1308749
1309101
1309135
1309136
1309154
1309423
1309491
1309551
1310024
1310103
1310200
1310244
1310270
1310403
1310411
1310419
1310452
1310554
1310836
1310862
1311005
1311061
1311080
1311141
1311163
1311168
1311198
1311226
1311229
1311276
1311337
1311346
1311359
1311411
1311746
1311838
1311943
1311954
1311972
1312083
1312095
1312286
1312347
1312516
1312548
1312740
1312796
1312935
1313140
1313216
1313305
1313376
1313385
1313511
1313584
1313625
1313699
1313710
1313741
1313838
1313874
1314010
1314210
1314428
1314563
1314593
1314721
1314946
1315080
1315178
1315232
1315264
1315477
1315593
1315668
1316145
1316484
1316521
1316743
1316747
1316956
1317071
1317259
1317436
1317444
1317543
1317600
1317641
1317776
1317803
1318132
1318175
1318215
1318228
1318500
1318557
1318620
1318891
1318907
1318934
1318973
1319048
1319130
1319436
1319537
1319540
1319612
1319757
1319808
1319870
1320288
1320517
1320534
1320556
1320696
1320733
1320776
1320872
1320939
1321117
1321190
1321333
1321335
1321370
1321407
1321415
1321590
1321658
1321750
1321771
1321808
1321866
1322209
1322217
1322261
1322333
1322336
1322344
1322412
1322419
1322495
1322501
1322560
1322635
1322680
1322767
1322925
1322934
1323006
1323050
1323061
1323064
1323168
1323176
1323199
1323277
1323283
1323382
1323397
1323458
1323530
1323557
1323801
1323852
1323911
1323956
1324118
1324234
1324279
1324375
1324535
1324558
1324621
1324697
1325016
1325054
1325110
1325237
1325279
1325295
1325349
1325520
1325541
1325618
1325689
1325694
1325717
1325785
1325818
1325911
1325940
1325997
1326050
1326136
1326224
1326235
1326540
1326573
1326614
1326722
1326737
1327289
1327324
1327335
1327372
1327414
1327546
1327694
1327877
1327948
1328144
1328302
1328404
1328507
1328540
1328576
1328587
1328662
1328755
1328813
1328837
1328921
1328995
1329105
1329156
1329185
1329301
1329331
1329357
1329485
1329486
1329565
1329696
1329769
1329877
1329949
1330202
1330425
1330631
1330683
1330688
1330880
1330909
1330926
1331059
1331497
1331563
1331647
1331658
1331822
1331941
1332018
1332256
1332292
1332310
1332316
1332388
1332496
1332531
1332672
1332681
1332814
1332846
1332946
1333071
1333072
1333091
1333181
1333307
1333418
1333533
1333568
1333672
1333800
1333872
1334017
1334321
1334388
1334412
1334472
1334517
1334532
1334576
1334727
1335086
1335101
1335188
1335532
1335541
1335561
1335913
1335928
1335986
1335987
1336295
1336297
1336298
1336328
1336518
1336522
1336680
1336910
1336942
1337099
1337186
1337208
1337323
1337342
1337684
1337710
1337733
1337812
1338026
1338122
1338286
1338441
1338483
1338691
1338722
1338815
1338913
1338933
1339002
1339173
1339296
1339543
1339581
1339743
1339768
1339770
1339862
1340427
1340454
1340622
1340741
1340759
1340864
1340888
1340987
1341020
1341029
1341047
1341196
1341339
1341386
1341388
1341405
1341509
1341546
1341706
1341828
1341929
1341968
1342201
1342546
1342596
1342882
1342895
1343024
1343032
1343159
1343195
1343257
1343384
1343529
1344081
1344159
1344213
1344344
1344384
1344418
1344420
1344568
1344582
1344658
1344686
1344719
1344791
1344799
1344858
1344867
1344912
1344951
1345015
1345039
1345115
1345236
1345251
1345287
1345374
1345533
1345635
1345679
1345732
1345853
1345903
1345931
1346063
1346148
1346310
1346347
1346371
1346392
1346465
1346469
1346574
1346799
1346835
1347067
1347252
1347283
1347454
1347520
1347632
1347757
1347800
1348173
1348282
1348480
1348585
1348688
1348736
1348911
1348926
1348991
1349066
1349097
1349303
1349357
1349371
1349397
1349444
1349503
1349815
1349987
1350027
1350073
1350109
1350441
1350466
1350509
1350853
1350875
1350912
1350954
1351106
1351202
1351219
1351225
1351228
1351235
1351313
1351352
1351356
1351376
1351387
1351417
1351508
1351676
1351722
1352085
1352110
1352205
1352252
1352296
1352340
1352428
1352752
1352803
1353073
1353077
1353112
1353125
1353129
1353199
1353485
1353503
1353508
1353725
1353799
1353975
1354002
1354175
1354186
1354310
1354358
1354890
1354900
1354922
1355048
1355206
1355238
1355242
1355259
1355342
1355408
1355454
1355479
1355587
1355600
1355700
1355717
1355727
1355840
1355906
1356160
1356166
1356214
1356240
1356408
1356613
1356669
1356749
1356962
1356993
1357049
1357080
1357138
1357286
1357505
1357877
1358005
1358016
1358274
1358363
1358369
1358416
1358442
1358509
1358544
1358590
1358617
1358902
1359253
1359447
1359502
1359508
1359636
1359669
1359685
1359753
1359782
1359825
1360052
1360124
1360221
1360242
1360370
1360382
1360522
1360529
1360578
1360823
1361040
1361728
1361877
1362048
1362233
1362279
1362316
1362326
1362397
1362468
1362566
1362756
1362878
1362978
1362981
1362992
1363043
1363053
1363069
1363229
1363239
1363257
1363294
1363400
1363402
1363560
1363792
1363861
1364138
1364318
1364370
1364428
1364442
1364494
1364608
1365194
1365202
1365289
1365292
1365305
1365757
1366125
1366301
1366314
1366349
1366409
1366604
1366779
1366847
1367080
1367144
1367191
1367203
1367384
1367560
1367562
1367737
1367753
1367771
1367886
1367956
1367957
1368202
1368347
1368408
1368451
1368486
1368489
1368591
1368790
1368807
1368855
1368968
1369079
1369105
1369119
1369161
1369332
1369390
1369414
1369437
1369492
1369559
1369611
1369621
1369679
1369757
1369759
1369794
1369860
1370066
1370071
1370218
1370228
1370246
1370254
1370298
1370463
1370565
1370782
1370864
1370958
1370978
1371081
1371294
1371299
1371343
1371360
1371406
1371418
1371575
1371606
1371660
1371666
1371829
1371900
1371973
1371980
1371988
1372024
1372297
1372367
1372414
1372436
1372619
1372651
1372662
1372707
1372711
1372867
1372878
1373032
1373128
1373234
1373277
1373358
1373368
1373376
1373414
1373565
1374109
1374189
1374284
1374416
1374467
1374481
1374528
1374549
1374567
1374675
1374711
1374725
1374785
1374787
1374790
1374811
1374875
1375174
1375224
1375250
1375568
1375599
1375627
1375674
1375833
1375840
1375963
1376034
1376292
1376350
1376367
1376404
1376499
1376762
1376804
1377102
1377103
1377138
1377255
1377438
1377485
1377525
1377747
1377753
1377995
1378002
1378030
1378056
1378075
1378080
1378114
1378124
1378144
1378235
1378331
1378358
1378389
1378479
1378753
1378909
1378954
1379114
1379139
1379153
1379158
1379186
1379467
1379603
1379676
1379800
1379874
1380052
1380184
1380231
1380283
1380329
1380338
1380506
1380510
1380613
1380710
1380751
1380753
1380828
1381095
1381117
1381313
1381342
1381398
1381543
1381550
1381835
1381909
1381928
1382008
1382057
1382234
1382318
1382331
1382377
1382381
1382392
1382638
1382967
1383070
1383132
1383207
1383308
1383658
1383829
1383866
1384021
1384189
1384226
1384239
1384272
1384430
1384494
1384509
1384517
1384565
1384588
1384601
1384659
1384753
1384801
1385035
1385052
1385082
1385329
1385506
1385622
1385646
1385731
1385745
1385927
1385937
1386030
1386050
1386217
1386476
1386478
1386486
1386591
1386623
1386627
1386636
1386844
1386855
1387000
1387024
1387043
1387498
1387515
1387779
1388004
1388006
1388175
1388193
1388250
1388259
1388273
1388293
1388445
1388471
1388532
1388554
1388577
1388603
1388622
1388867
1388875
1389025
1389029
1389182
1389264
1389269
1389406
1389545
1389565
1389760
1389784
1390076
1390201
1390235
1390238
1390305
1390466
1390554
1390566
1390601
1390711
1390737
1390770
1390856
1391250
1391293
1391462
1391521
1391777
1391966
1391967
1392019
1392023
1392096
1392172
1392270
1392301
1392420
1392446
1392554
1392639
1392646
1392660
1392812
1392908
1393000
1393287
1393372
1393453
1393500
1393516
1393522
1393530
1393534
1393572
1393636
1393673
1393798
1393926
1393933
1393938
1393994
1394060
1394309
1394387
1394567
1394654
1394782
1394796
1394853
1394872
1395166
1395206
1395260
1395347
1395378
1395417
1395464
1395511
1395573
1395577
1395685
1395810
1396161
1396221
1396335
1396355
1396722
1396817
1397229
1397243
1397362
1397406
1397581
1397670
1397811
1397871
1397872
1397881
1397982
1397987
1398204
1398358
1398378
1398410
1398436
1398502
1398525
1398758
1398783
1398802
1398930
1398931
1398937
1399148
1399203
1399211
1399264
1399266
1399320
1399370
1399403
1399448
1399455
1399459
1399529
1399697
1399850
1399873
1399908
1399929
1399957
1399988
1400249
1400362
1400571
1400665
1400788
1400851
1400862
1400877
1401005
1401088
1401101
1401233
1401287
1401424
1401425
1401520
1401661
1401757
1401851
1401891
1402031
1402118
1402181
1402207
1402221
1402241
1402249
1402466
1402483
1402519
1402637
1402644
1402654
1402712
1402738
1402812
1402932
1403037
1403080
1403120
1403176
1403214
1403342
1403433
1403493
1403517
1403610
1403696
1403759
1403813
1403875
1403979
1404142
1404177
1404223
1404298
1404382
1404489
1404584
1404649
1404684
1404837
1404871
1404901
1404920
1404981
1404983
1405156
1405196
1405243
1405411
1405777
1405922
1405957
1406010
1406018
1406172
1406183
1406231
1406452
1406501
1406543
1406594
1406620
1406690
1406775
1406845
1406908
1407038
1407157
1407242
1407328
1407420
1407433
1407481
1407484
1407493
1407497
1407584
1407599
1407670
1407785
1407816
1407910
1408118
1408256
1408476
1408574
1408631
1408677
1408689
1408774
1409139
1409300
1409393
1409512
1409588
1409623
1409638
1409819
1409896
1410034
1410211
1410304
1410481
1410538
1410563
1410577
1410593
1411031
1411042
1411048
1411157
1411194
1411199
1411268
1411408
1411433
1411591
1411620
1411663
1411881
1411946
1412101
1412146
1412319
1412410
1412462
1412907
1413022
1413232
1413371
1413405
1413456
1413575
1413782
1413816
1414009
1414214
1414240
1414510
1414565
1414772
1414829
1414894
1414912
1414968
1414981
1415108
1415156
1415285
1415509
1415758
1415828
1415859
1415972
1416066
1416148
1416228
1416274
1416306
1416329
1416348
1416421
1416485
1416508
1416513
1416650
1416723
1416753
1416859
1416974
1417256
1417627
1417655
1417711
1417826
1417924
1418142
1418163
1418196
1418200
1418218
1418433
1418484
1418506
1418615
1418751
1418901
1418922
1418939
1418959
1418997
1419081
1419172
1419240
1419308
1419336
1419380
1419391
1419460
1419465
1419523
1419619
1419746
1419794
1419797
1419915
1419973
1420261
1420321
1420794
1420869
1420905
1420973
1421088
1421260
1421365
1421513
1421538
1421635
1421641
1421646
1421659
1421661
1421754
1421790
1421812
1421838
1421981
1422008
1422094
1422186
1422231
1422293
1422641
1422651
1422726
1422778
1422871
1422922
1422981
1423039
1423062
1423098
1423119
1423206
1423641
1423839
1423841
1423852
1423888
1424006
1424168
1424188
1424214
1424289
1424297
1424358
1424577
1424602
1424762
1424850
1424894
1424919
1424965
1425152
1425524
1425536
1425662
1425952
1426013
1426101
1426119
1426256
1426333
1426424
1426660
1426662
1426822
1426826
1426862
1426871
1426924
1427093
1427382
1427414
1427540
1427587
1427690
1427839
1428008
1428048
1428061
1428095
1428401
1428607
1428721
1429041
1429076
1429098
1429190
1429232
1429441
1429644
1429730
1429769
1429904
1429948
1430381
1430382
1430397
1430564
1430712
1430747
1430795
1430869
1430891
1431027
1431178
1431241
1431290
1431298
1431422
1431487
1431534
1431687
1431695
1431761
1432044
1432162
1432221
1432290
1432548
1432590
1432638
1432752
1432842
1432983
1433101
1433332
1433345
1433361
1433460
1433475
1433486
1433518
1433571
1433665
1433894
1434041
1434180
1434213
1434338
1434467
1434565
1434613
1434699
1434770
1434883
1434902
1434992
1435208
1435231
1435370
1435646
1435749
1435941
1435991
1436017
1436167
1436213
1436461
1436501
1436507
1436571
1436772
1436961
1437033
1437325
1437370
1437456
1437657
1437678
1437684
1437879
1437927
1437949
1437954
1437997
1438141
1438200
1438217
1438220
1438417
1438506
1438511
1438543
1438549
1438601
1438667
1438887
1438910
1439089
1439160
1439272
1439332
1439343
1439363
1439464
1439591
1439639
1439662
1439701
1439765
1439822
1439948
1439956
1440058
1440121
1440229
1440251
1440258
1440351
1440486
1440495
1440945
1441007
1441070
1441156
1441401
1441488
1441523
1441648
1441672
1441726
1441930
1441990
1442067
1442208
1442251
1442415
1442427
1442447
1442492
1442504
1442553
1442603
1443211
1443273
1443348
1443489
1443620
1443643
1443659
1443687
1443804
1443834
1443903
1443925
1443953
1444015
1444021
1444032
1444161
1444497
1444516
1444556
1444711
1444733
1444850
1444870
1444960
1445107
1445169
1445210
1445626
1445941
1446150
1446260
1446447
1446622
1446677
1446732
1446798
1447074
1447211
1447232
1447469
1447474
1447578
1447667
1447736
1447745
1447788
1447850
1448201
1448291
1448318
1448364
1448409
1448545
1448554
1448576
1448612
1449139
1449174
1449196
1449209
1449212
1449273
1449326
1449614
1449626
1449646
1449731
1449748
1449911
1450003
1450177
1450350
1450361
1450475
1450538
1450755
1450800
1450814
1450883
1450956
1451027
1451044
1451097
1451223
1451266
1451373
1451425
1451479
1451587
1451599
1451675
1451692
1451846
1451859
1451890
1451980
1451986
1452286
1452508
1452677
1453142
1453309
1453347
1453415
1453479
1453520
1453607
1453626
1454095
1454285
1454329
1454335
1454378
1454379
1454554
1454564
1454620
1454716
1455088
1455111
1455116
1455219
1455306
1455418
1455537
1455571
1455779
1455830
1455865
1455876
1456027
1456236
1456279
1456293
1456336
1456479
1456534
1456613
1456891
1456935
1456949
1456962
1457113
1457172
1457199
1457280
1457376
1457394
1457456
1457495
1457561
1457688
1457811
1458051
1458088
1458424
1458465
1458489
1458801
1458838
1458894
1458940
1459091
1459262
1459292
1459298
1459314
1459325
1459415
1459580
1459694
1459809
1460158
1460247
1460347
1460424
1460475
1460823
1460830
1461146
1461407
1461489
1461493
1461555
1461562
1461586
1461591
1461763
1461855
1461859
1461909
1462074
1462091
1462217
1462289
1462379
1462433
1462513
1463006
1463012
1463415
1463422
1463568
1463572
1463589
1463765
1463834
1463867
1463919
1464128
1464213
1464370
1464454
1464644
1464688
1464852
1464914
1464983
1465270
1465313
1465395
1465546
1465553
1465566
1465599
1465671
1465686
1465714
1465914
1466019
1466054
1466070
1466393
1466469
1466727
1466846
1466922
1466932
1466980
1467081
1467313
1467361
1467471
1467566
1467568
1467669
1467725
1467743
1467769
1467851
1468068
1468207
1468271
1468299
1468371
1468386
1468641
1468693
1468723
1469804
1469865
1469873
1469980
1470022
1470030
1470063
1470110
1470123
1470240
1470537
1470600
1470606
1470666
1470779
1470806
1470845
1470848
1470895
1470920
1470994
1471028
1471040
1471085
1471122
1471132
1471183
1471295
1471358
1471370
1471398
1471438
1471547
1471584
1471828
1471864
1471934
1471978
1472001
1472143
1472173
1472185
1472248
1472350
1472361
1472499
1472590
1472684
1472788
1472882
1473011
1473051
1473212
1473227
1473345
1473347
1473400
1473451
1473702
1473816
1473831
1473902
1473913
1474038
1474072
1474127
1474175
1474208
1474320
1474371
1474635
1474650
1474750
1474782
1474925
1474955
1475121
1475291
1475349
1475723
1475753
1475808
1475825
1475897
1476003
1476040
1476167
1476214
1476407
1476444
1476508
1476690
1476691
1476700
1476808
1476972
1477137
1477217
1477288
1477621
1477808
1477824
1477903
1477969
1477981
1478109
1478144
1478164
1478334
1478635
1478640
1478960
1479043
1479280
1479299
1479303
1479624
1479637
1479641
1479699
1479796
1479909
1479938
1480004
1480185
1480323
1480335
1480388
1480419
1480497
1480596
1480716
1480757
1480794
1481027
1481048
1481113
1481262
1481269
1481406
1481524
1481577
1481626
1481647
1481732
1481749
1481821
1481977
1482018
1482064
1482091
1482116
1482140
1482152
1482227
1482258
1482262
1482271
1482311
1482375
1482399
1482448
1482468
1482508
1482527
1482544
1482674
1482737
1482842
1482949
1483178
1483309
1483343
1483505
1483512
1483520
1483578
1483619
1483627
1483650
1483717
1483769
1483850
1483886
1484070
1484071
1484113
1484172
1484183
1484507
1484537
1484544
1484547
1484591
1484628
1484723
1484834
1484841
1484911
1484922
1485156
1485176
1485192
1485546
1485610
1485748
1485798
1485874
1485919
1485942
1485957
1486001
1486081
1486146
1486187
1486255
1486279
1486476
1486490
1486830
1487062
1487173
1487230
1487283
1487385
1487424
1487449
1487592
1487656
1487698
1487779
1488197
1488242
1488310
1488514
1488694
1488774
1488840
1488844
1489039
1489247
1489544
1489547
1489585
1489651
1489662
1489663
1489711
1489776
1489804
1489913
1490072
1490118
1490373
1490560
1490593
1490836
1490960
1491138
1491295
1491480
1491497
1491555
1491626
1491797
1491858
1491878
1491910
1491964
1492009
1492197
1492361
1492682
1492708
1492742
1492745
1492779
1492793
1492830
1493099
1493137
1493160
1493232
1493301
1493343
1493422
1493451
1493560
1493769
1493807
1493817
1493952
1494061
1494090
1494259
1494335
1494348
1494410
1494431
1494473
1494552
1494571
1494578
1494796
1494872
1494927
1495023
1495049
1495056
1495063
1495064
1495212
1495265
1495288
1495453
1495568
1495712
1495747
1496057
1496085
1496136
1496195
1496207
1496404
1496422
1496472
1496543
1496549
1496575
1496712
1496720
1496787
1496828
1496851
1497117
1497137
1497226
1497424
1497457
1497544
1497597
1497925
1498085
1498322
1498333
1498380
1498435
1498443
1498486
1498659
1498863
1498923
1499193
1499267
1499324
1499485
1499603
1499617
1499754
1499910
1499942
1500376
1500383
1500530
1500644
1500680
1500705
1500821
1500893
1501023
1501144
1501228
1501270
1501272
1501341
1501461
1501561
1501625
1501708
1501734
1501902
1501954
1501975
1502004
1502172
1502309
1502327
1502371
1502429
1502501
1502509
1502752
1502876
1502940
1502959
1502980
1503022
1503318
1503551
1503602
1503648
1503701
1504037
1504427
1504589
1504872
1504936
1505078
1505111
1505191
1505427
1505581
1505597
1505631
1505834
1506007
1506048
1506168
1506224
1506306
1506352
1506383
1506455
1506493
1506549
1506782
1506848
1506922
1507045
1507189
1507198
1507384
1507416
1507447
1507509
1507517
1507570
1507734
1507870
1507935
1507980
1508052
1508128
1508256
1508280
1508286
1508391
1508393
1508635
1508912
1508914
1509070
1509093
1509099
1509229
1509247
1509327
1509379
1509392
1509424
1509546
1509566
1509575
1509610
1509691
1509844
1510067
1510149
1510218
1510241
1510250
1510279
1510313
1510402
1510456
1510485
1510594
1510662
1510736
1510852
1510853
1510997
1511107
1511125
1511271
1511417
1511694
1511779
1511814
1511873
1512002
1512266
1512280
1512413
1512452
1512522
1512658
1512771
1512808
1512835
1512978
1513059
1513149
1513395
1513401
1513521
1513567
1513770
1513773
1513791
1513849
1513863
1513896
1513924
1513945
1513995
1514042
1514058
1514068
1514143
1514217
1514253
1514257
1514363
1514371
1514538
1514539
1514576
1514801
1514815
1514855
1514893
1514898
1514925
1514950
1515184
1515220
1515253
1515377
1515575
1515600
1515703
1515713
1515735
1515748
1515779
1515910
1515917
1516013
1516145
1516203
1516278
1516306
1516345
1516422
1516454
1516691
1516750
1516824
1516840
1517113
1517664
1517777
1517796
1517829
1517830
1517832
1518104
1518151
1518212
1518241
1518287
1518293
1518372
1518504
1518631
1518729
1518766
1518829
1518936
1518942
1519109
1519304
1519360
1519454
1519477
1519560
1519596
1519838
1519865
1520026
1520107
1520423
1520541
1520734
1520807
1520991
1521034
1521262
1521312
1521375
1521799
1521819
1521875
1521895
1521927
1522023
1522163
1522176
1522207
1522327
1522336
1522478
1522482
1522534
1522603
1522698
1522784
1522871
1522933
1523221
1523399
1523419
1523489
1523546
1523626
1523713
1523844
1523894
1523908
1524022
1524150
1524182
1524577
1524779
1525053
1525222
1525324
1525350
1525428
1525455
1525588
1525610
1525708
1525826
1525962
1526037
1526106
1526191
1526299
1526397
1526704
1526841
1527037
1527151
1527380
1527435
1527624
1527845
1527983
1527996
1528282
1528325
1528354
1528368
1528395
1528529
1528634
1528690
1528742
1528993
1529112
1529232
1529441
1529480
1529648
1529754
1529962
1529993
1530051
1530117
1530334
1530506
1530515
1530573
1530621
1530630
1530783
1530785
1530896
1530932
1530964
1531095
1531149
1531263
1531555
1531559
1531725
1531967
1532137
1532266
1532280
1532462
1532520
1532535
1532542
1532692
1532879
1532887
1532959
1532993
1533007
1533030
1533109
1533162
1533451
1533525
1533572
1533770
1533866
1533899
1533902
1533959
1534045
1534265
1534316
1534397
1534475
1534569
1534711
1534756
1534909
1535021
1535046
1535401
1535516
1535593
1535830
1535831
1535923
1535984
1536025
1536029
1536066
1536207
1536326
1536471
1536476
1536579
1536682
1536686
1536698
1536739
1536849
1536923
1537020
1537041
1537072
1537079
1537116
1537194
1537303
1537391
1537408
1537428
1537450
1537609
1537688
1537690
1537715
1537717
1537731
1537830
1537900
1537912
1537995
1538106
1538565
1538590
1538619
1538722
1538935
1538990
1539204
1539371
1539468
1539493
1539555
1539703
1539870
1540036
1540206
1540321
1540356
1540389
1540417
1540448
1540468
1540625
1540649
1540680
1540793
1540843
1540944
1541022
1541136
1541153
1541171
1541185
1541356
1541363
1541815
1541930
1541960
1541976
1542072
1542097
1542128
1542134
1542141
1542168
1542308
1542391
1542519
1542809
1542813
1542843
1542990
1543313
1543384
1543413
1543472
1543482
1543483
1543544
1543638
1543717
1543798
1543835
1543906
1543929
1544162
1544391
1544444
1544561
1544638
1544699
1544709
1544792
1544871
1544889
1544966
1545054
1545133
1545239
1545317
1545326
1545422
1545496
1545640
1545642
1545645
1545709
1545843
1546089
1546196
1546209
1546281
1546386
1546411
1546437
1546552
1546565
1546800
1546863
1546983
1547032
1547151
1547238
1547311
1547367
1547424
1547539
1547685
1547686
1547767
1548045
1548080
1548327
1548354
1548444
1548462
1548538
1548587
1548670
1548768
1548787
1549146
1549276
1549452
1549522
1549541
1549678
1549684
1549754
1549769
1549780
1549781
1549849
1549884
1549885
1550098
1550168
1550228
1550258
1550268
1550281
1550433
1550545
1550587
1550623
1550814
1550904
1550968
1551015
1551095
1551199
1551223
1551334
1551570
1551782
1551796
1551831
1551987
1552047
1552067
1552310
1552521
1552655
1552739
1552750
1552755
1552921
1552983
1553152
1553370
1553485
1553519
1553682
1553791
1553906
1553966
1554136
1554160
1554173
1554229
1554289
1554299
1554394
1554596
1554654
1554689
1554834
1555052
1555131
1555178
1555211
1555258
1555310
1555351
1555431
1555767
1555823
1555858
1556010
1556134
1556275
1556377
1556580
1556596
1556742
1556786
1556806
1556814
1556816
1556891
1556896
1556923
1556950
1557076
1557192
1557246
1557255
1557381
1557395
1557551
1557562
1557615
1557693
1557793
1557812
1557898
1558010
1558064
1558087
1558103
1558143
1558318
1558730
1558777
1558849
1559153
1559195
1559324
1559644
1559747
1559993
1560042
1560063
1560125
1560158
1560185
1560423
1560546
1560599
1560799
1561024
1561163
1561509
1561513
1561619
1561719
1561828
1561886
1561926
1562016
1562232
1562271
1562561
1562670
1562845
1562928
1563035
1563071
1563146
1563274
1563414
1563772
1563782
1563847
1563922
1563958
1564023
1564031
1564242
1564507
1564522
1564544
1564587
1564630
1564698
1564783
1564815
1564879
1564997
1565016
1565051
1565085
1565110
1565127
1565130
1565164
1565176
1565219
1565239
1565274
1565278
1565358
1565370
1565395
1565439
1565443
1565450
1565641
1565676
1565787
1565890
1565921
1565946
1565948
1566019
1566045
1566102
1566167
1566240
1566344
1566355
1566358
1566395
1566469
1566508
1566555
1566614
1566621
1566852
1566929
1566982
1567051
1567210
1567370
1567399
1567601
1567663
1568068
1568107
1568179
1568576
1568586
1568674
1568703
1569132
1569150
1569236
1569237
1569269
1569304
1569356
1569480
1569531
1569536
1569544
1569551
1569611
1569623
1569653
1569747
1569861
1569923
1569968
1570127
1570290
1570743
1570746
1570747
1571001
1571005
1571018
1571038
1571160
1571177
1571179
1571268
1571309
1571343
1571489
1571709
1571788
1571811
1571874
1571934
1572098
1572131
1572185
1572193
1572203
1572238
1572248
1572264
1572276
1572509
1572556
1572590
1572734
1572840
1572893
1572899
1572916
1572990
1573166
1573249
1573710
1573725
1573740
1573838
1573869
1573924
1574048
1574147
1574214
1574345
1574445
1574461
1574613
1574644
1574660
1574766
1574786
1574894
1574974
1574976
1574986
1575014
1575064
1575241
1575278
1575362
1575420
1575476
1575478
1575643
1575916
1576004
1576069
1576252
1576316
1576438
1576477
1576566
1576614
1576637
1576644
1576768
1576770
1576906
1576979
1577122
1577135
1577238
1577617
1577801
1577837
1577960
1578016
1578024
1578110
1578113
1578146
1578373
1578477
1578502
1578542
1578551
1578711
1578747
1578826
1578842
1578937
1579078
1579195
1579216
1579242
1579418
1579445
1579523
1579801
1579835
1579955
1580334
1580799
1580978
1581010
1581013
1581094
1581095
1581180
1581376
1581486
1581544
1581658
1581666
1581709
1581735
1581736
1581808
1581834
1581902
1581970
1582050
1582157
1582257
1582474
1582490
1582570
1582625
1582786
1582803
1582810
1582825
1583042
1583099
1583113
1583194
1583372
1583474
1583482
1583555
1583559
1583651
1583852
1583940
1584087
1584374
1584470
1584555
1584627
1584832
1584877
1584924
1585190
1585277
1585303
1585332
1585380
1585520
1585551
1585641
1585698
1585845
1585879
1586031
1586057
1586131
1586143
1586180
1586219
1586292
1586317
1586344
1586426
1586477
1586564
1586659
1586665
1586738
1586769
1586842
1586846
1586891
1586918
1586999
1587025
1587085
1587212
1587242
1587252
1587262
1587298
1587368
1587526
1587585
1587683
1587772
1587851
1587861
1588175
1588183
1588291
1588485
1588684
1588688
1588702
1588748
1588820
1588825
1588878
1588894
1589027
1589243
1589247
1589440
1589455
1589529
1589590
1589609
1589702
1589722
1589741
1589898
1589981
1589993
1590006
1590101
1590275
1590456
1590504
1590646
1590647
1590702
1590723
1590761
1590868
1590902
1590959
1591017
1591149
1591203
1591213
1591266
1591362
1591394
1591400
1591469
1591479
1591539
1591635
1591713
1591812
1591972
1591999
1592171
1592186
1592195
1592331
1592416
1592418
1592557
1592804
1592958
1593000
1593106
1593171
1593182
1593206
1593352
1593436
1593439
1593470
1593581
1593613
1593641
1593818
1593834
1593839
1594107
1594387
1594413
1594429
1594583
1594596
1594616
1594689
1595194
1595216
1595336
1595763
1595828
1595982
1596132
1596147
1596331
1596337
1596437
1596498
1596545
1596585
1596645
1596914
1596982
1596997
1597032
1597038
1597097
1597099
1597233
1597238
1597291
1597606
1597827
1598217
1598353
1598572
1598642
1598654
1598668
1598733
1598758
1598818
1599090
1599098
1599102
1599203
1599278
1599283
1599511
1599540
1599613
1599766
1599802
1600072
1600079
1600111
1600129
1600341
1600346
1600453
1600465
1600556
1600842
1600932
1601139
1601197
1601486
1601651
1601827
1601879
1601969
1602490
1602498
1602587
1602661
1602758
1602814
1603204
1603231
1603438
1603462
1603493
1603531
1603593
1603839
1604149
1604212
1604308
1604311
1604326
1604341
1604413
1604436
1604535
1604876
1604924
1604943
1605005
1605084
1605682
1605794
1605819
1606102
1606146
1606210
1606457
1606483
1606507
1606758
1606801
1606819
1606938
1607040
1607135
1607222
1607224
1607228
1607229
1607256
1607456
1607557
1607616
1607625
1607714
1607765
1608071
1608098
1608130
1608151
1608214
1608224
1608368
1608387
1608687
1608711
1608864
1609037
1609050
1609079
1609117
1609153
1609183
1609200
1609397
1609535
1609564
1609593
1609633
1609834
1609893
1610030
1610097
1610118
1610212
1610329
1610420
1610504
1610506
1610522
1610555
1610592
1610646
1610668
1610753
1610797
1610926
1610928
1611065
1611241
1611254
1611301
1611427
1611428
1611578
1611591
1611601
1611685
1611687
1611786
1611967
1612031
1612039
1612050
1612061
1612122
1612163
1612441
1612506
1612562
1612712
1612718
1613005
1613187
1613353
1613576
1613662
1613998
1614132
1614235
1614257
1614545
1614575
1614720
1614782
1614968
1615033
1615182
1615263
1615291
1615310
1615379
1615476
1615532
1615753
1615810
1615822
1616113
1616186
1616199
1616246
1616256
1616265
1616401
1616486
1616493
1616523
1616627
1616719
1616782
1616800
1616868
1616908
1616950
1617115
1617125
1617148
1617182
1617251
1617372
1617610
1617695
1617699
1617845
1617982
1618325
1618341
1618409
1618451
1618565
1618713
1618793
1618912
1618966
1618984
1619000
1619004
1619212
1619255
1619431
1619677
1619917
1619949
1620049
1620175
1620459
1620479
1620574
1620626
1620679
1620777
1620806
1620921
1620986
1621072
1621077
1621126
1621213
1621299
1621368
1621418
1621449
1621527
1621647
1621959
1621987
1622068
1622090
1622123
1622132
1622190
1622218
1622295
1622513
1622569
1622589
1622644
1622652
1622727
1622785
1622895
1623126
1623202
1623345
1623390
1623437
1623482
1623567
1623605
1623694
1623765
1623769
1623842
1623848
1623949
1623983
1624119
1624147
1624176
1624178
1624190
1624282
1624360
1624366
1624459
1624543
1624587
1624725
1624747
1624869
1624960
1625212
1625263
1625278
1625293
1625433
1625494
1625843
1625883
1626116
1626149
1626331
1626334
1626554
1626599
1626726
1626757
1626809
1626895
1626910
1627159
1627183
1627326
1627379
1627436
1627446
1627523
1627532
1627586
1627752
1627895
1627939
1627941
1628147
1628414
1628434
1628474
1628498
1628580
1628712
1628715
1629026
1629062
1629063
1629182
1629203
1629236
1629304
1629354
1629358
1629500
1629641
1629812
1629834
1629981
1630265
1630389
1630659
1630766
1630820
1630875
1631031
1631090
1631094
1631129
1631324
1631432
1631504
1631557
1631877
1631913
1631952
1631996
1632043
1632137
1632166
1632329
1632676
1632742
1632947
1633259
1633434
1633611
1633737
1633751
1633769
1633776
1633792
1633861
1634091
1634156
1634173
1634344
1634481
1634603
1634660
1634718
1634844
1634860
1635043
1635348
1635383
1635422
1635434
1635443
1635523
1635692
1635694
1635746
1635762
1635765
1635846
1635957
1635961
1636021
1636160
1636289
1636337
1636592
1636684
1636893
1637202
1637221
1637499
1637674
1637736
1637768
1637811
1637877
1637924
1637956
1637989
1638679
1638730
1638883
1638984
1638988
1639210
1639349
1639379
1639440
1639516
1639580
1639771
1639811
1639827
1639855
1639877
1640125
1640138
1640154
1640272
1640482
1640514
1640614
1640650
1640791
1640873
1641392
1641694
1641721
1641837
1641877
1641906
1641979
1642099
1642121
1642232
1642296
1642325
1642369
1642397
1642410
1642419
1642509
1642519
1642697
1643159
1643160
1643186
1643188
1643291
1643348
1643514
1643578
1643615
1643661
1643699
1643786
1644248
1644447
1644501
1644518
1644532
1644552
1644625
1644648
1645033
1645103
1645250
1645557
1645595
1645642
1645716
1646052
1646229
1646317
1646324
1646368
1646374
1646460
1646546
1646702
1646714
1646769
1646797
1646936
1647288
1647394
1647416
1647444
1647552
1647646
1647742
1647933
1647947
1647952
1648104
1648180
1648437
1648499
1648529
1648654
1648853
1648922
1649099
1649105
1649168
1649335
1649581
1649719
1649814
1649962
1649979
1650085
1650092
1650243
1650295
1650446
1650449
1650503
1650533
1650612
1650783
1650872
1650972
1651158
1651270
1651410
1651470
1651521
1651633
1651664
1651692
1651707
1651734
1651977
1652320
1652484
1652502
1652524
1652807
1652845
1652906
1652933
1652940
1652986
1652990
1653078
1653091
1653116
1653133
1653176
1653228
1653234
1653344
1653352
1653611
1653751
1653773
1653784
1653871
1653891
1654051
1654078
1654209
1654598
1654770
1654788
1655129
1655557
1656018
1656085
1656109
1656146
1656197
1656344
1656510
1656551
1656698
1656911
1657058
1657230
1657257
1657688
1657691
1657797
1657867
1657932
1658275
1658316
1658402
1658445
1658507
1658605
1658628
1658658
1658764
1658988
1658995
1659087
1659104
1659345
1659370
1659449
1659501
1659514
1659646
1659698
1659789
1659873
1660179
1660219
1660511
1660518
1660526
1660607
1660627
1660632
1660637
1660664
1660694
1660784
1660826
1660855
1660949
1660990
1661323
1661348
1661390
1661577
1661654
1661699
1662308
1662312
1662458
1662559
1662570
1663232
1663233
1663296
1663398
1663481
1663510
1663551
1663577
1663698
1663760
1663813
1663893
1663927
1664020
1664037
1664146
1664149
1664253
1664289
1664352
1664362
1664394
1664539
1664566
1664636
1664734
1664987
1665016
1665051
1665071
1665114
1665236
1665500
1665594
1665867
1665930
1666278
1666401
1666508
1666519
1666537
1666538
1666646
1666941
1667001
1667012
1667023
1667027
1667201
1667223
1667264
1667266
1667541
1667645
1667683
1667734
1667739
1667929
1667952
1668030
1668038
1668079
1668109
1668115
1668207
1668214
1668676
1668795
1668906
1669009
1669030
1669045
1669050
1669227
1669288
1669399
1669428
1669441
1669556
1669586
1669674
1670095
1670127
1670215
1670231
1670263
1670271
1670356
1670560
1670607
1670807
1670843
1670950
1670973
1670994
1671032
1671152
1671232
1671432
1671530
1671930
1671998
1672198
1672262
1672323
1672334
1672547
1672553
1672589
1672667
1672863
1672987
1673092
1673127
1673160
1673331
1673548
1673636
1673663
1673705
1673792
1673950
1674053
1674113
1674291
1674308
1674730
1674788
1674952
1675050
1675236
1675291
1675322
1675404
1675437
1675468
1675495
1675617
1675797
1675802
1676010
1676146
1676205
1676357
1676496
1676508
1676556
1676622
1676732
1676744
1676832
1676985
1676999
1677023
1677050
1677395
1677426
1677551
1677656
1677762
1677799
1677917
1678108
1678116
1678172
1678231
1678317
1678443
1678456
1678462
1678468
1678500
1678532
1678687
1678755
1678934
1679082
1679194
1679309
1679372
1679513
1679736
1679991
1680089
1680158
1680211
1680517
1680561
1680673
1680685
1680770
1680802
1680901
1680929
1681016
1681314
1681332
1681339
1681568
1682230
1682291
1682314
1682429
1682519
1682550
1682615
1682696
1682700
1682803
1682898
1683038
1683082
1683240
1683477
1683587
1683651
1683660
1683798
1683820
1683821
1683915
1683943
1684378
1684423
1684599
1684620
1684680
1684713
1684767
1684930
1684974
1685807
1685812
1685825
1686077
1686220
1686248
1686313
1686324
1686327
1686350
1686375
1686390
1686544
1686546
1686681
1686738
1686837
1687102
1687217
1687237
1687659
1687719
1687721
1687800
1687820
1688118
1688172
1688432
1688495
1688511
1688572
1688812
1688815
1688896
1688898
1688941
1688949
1689129
1689324
1689539
1689574
1689620
1689655
1689718
1689824
1689907
1689938
1690079
1690219
1690349
1690483
1690758
1690885
1691002
1691333
1691340
1691360
1691523
1691549
1691567
1691572
1691589
1691681
1691761
1691782
1691797
1691929
1692239
1692306
1692438
1692456
1692606
1692684
1693032
1693056
1693595
1693665
1693692
1693754
1693911
1694011
1694023
1694081
1694191
1694272
1694281
1694317
1694574
1694621
1694959
1695065
1695097
1695172
1695289
1695329
1695437
1695489
1695496
1695555
1695570
1695596
1695679
1695762
1696044
1696088
1696148
1696275
1696311
1696477
1696584
1696694
1696712
1696914
1697036
1697339
1697534
1697630
1697707
1697820
1697968
1698001
1698067
1698122
1698854
1699012
1699046
1699047
1699111
1699159
1699242
1699273
1699331
1699356
1699388
1699462
1699485
1699619
1699623
1699639
1699660
1699766
1699913
1699949
1700025
1700097
1700109
1700321
1700438
1700456
1700596
1700767
1700828
1700878
1700918
1700974
1700992
1701111
1701430
1701446
1701586
1701674
1701736
1701807
1701823
1702082
1702226
1702287
1702296
1702370
1702617
1702619
1702692
1702773
1702949
1702977
1703068
1703752
1703955
1704051
1704156
1704186
1704389
1704585
1704648
1704813
1704979
1705041
1705066
1705198
1705277
1705365
1705418
1705699
1705896
1706157
1706241
1706284
1706461
1706528
1706552
1706663
1707050
1707223
1707354
1707452
1707528
1707539
1707560
1707787
1707868
1707931
1708044
1708090
1708346
1708449
1708503
1708653
1708752
1708827
1709022
1709121
1709169
1709774
1709905
1709925
1709936
1710204
1710267
1710438
1710482
1710506
1710553
1710596
1710632
1710818
1710868
1710897
1710963
1711113
1711177
1711488
1711772
1711869
1712043
1712114
1712129
1712178
1712194
1712250
1712443
1712602
1712604
1712691
1712867
1712902
1713037
1713093
1713223
1713363
1713493
1713617
1713851
1713878
1713902
1713912
1714154
1714237
1714253
1714313
1714469
1714540
1714576
1714674
1714680
1714695
1714806
1714914
1714955
1714961
1715012
1715092
1715163
1715174
1715374
1715777
1715806
1715836
1715846
1715860
1716413
1716655
1716670
1716767
1716806
1716808
1716813
1716814
1716922
1717022
1717055
1717102
1717123
1717415
1717470
1717550
1717595
1717641
1717688
1717752
1717916
1718168
1718280
1718393
1718518
1718594
1718613
1718699
1718720
1718747
1718783
1719154
1719271
1719478
1719510
1719524
1719551
1719603
1719651
1719747
1719837
1719839
1719972
1720014
1720382
1720677
1720746
1720927
1721143
1721148
1721420
1721541
1721577
1721887
1721894
1722152
1722265
1722476
1722670
1722825
1722872
1722969
1723019
1723045
1723134
1723393
1723519
1723757
1723832
1723930
1723935
1723952
1724026
1724069
1724080
1724200
1724224
1724440
1724507
1724665
1724673
1724756
1724934
1724995
1725028
1725164
1725317
1725348
1725464
1725502
1725518
1725604
1725642
1725658
1725801
1725878
1725937
1726094
1726106
1726156
1726223
1726225
1726329
1726340
1726606
1726655
1726705
1726740
1726802
1726841
1726860
1727094
1727130
1727266
1727330
1727446
1727488
1727852
1727897
1727909
1727992
1728282
1728339
1728405
1728429
1728456
1728469
1728505
1728528
1728655
1728718
1729072
1729433
1729544
1729547
1729581
1729593
1729692
1729723
1729745
1729888
1729964
1729977
1730556
1730843
1730902
1730935
1731120
1731172
1731274
1731287
1731348
1731396
1731572
1731597
1731611
1731684
1731775
1731820
1731839
1731885
1731898
1731971
1732149
1732274
1732394
1732429
1732574
1732600
1732614
1733049
1733085
1733108
1733230
1733400
1733502
1733537
1733704
1733734
1733811
1733943
1734300
1734363
1734633
1734643
1734649
1734677
1734720
1734751
1734818
1734875
1734965
1735012
1735019
1735177
1735356
1735806
1736019
1736127
1736204
1736275
1736294
1736474
1736617
1736835
1736949
1737031
1737052
1737169
1737387
1737464
1737513
1737658
1737969
1738003
1738159
1738241
1738382
1738479
1738694
1738730
1738782
1738824
1738980
1738998
1739060
1739062
1739078
1739216
1739233
1739386
1739441
1739541
1739646
1739706
1739722
1739796
1740001
1740020
1740061
1740089
1740155
1740156
1740195
1740278
1740334
1740393
1740488
1740617
1740687
1740780
1740802
1741256
1741286
1741328
1741387
1741394
1741464
1741537
1741599
1741910
1741939
1741943
1742001
1742017
1742026
1742041
1742079
1742143
1742360
1742528
1742671
1742726
1742727
1742784
1742790
1742904
1742986
1743024
1743077
1743508
1743842
1743872
1743899
1743919
1744085
1744107
1744119
1744233
1744421
1744495
1744556
1744624
1744738
1745080
1745151
1745161
1745277
1745366
1745812
1745849
1745854
1746222
1746321
1746605
1746655
1746784
1746796
1746819
1746840
1746885
1747002
1747025
1747054
1747114
1747157
1747282
1747656
1747676
1747688
1747723
1748049
1748328
1748350
1748382
1748577
1748585
1749113
1749160
1749272
1749364
1749479
1749519
1749664
1749746
1749809
1749823
1749864
1749900
1749915
1750110
1750411
1750593
1750888
1750952
1751110
1751341
1751358
1751482
1751554
1751588
1751661
1751845
1751946
1752077
1752084
1752113
1752126
1752175
1752318
1752476
1752525
1752619
1752668
1752769
1752770
1752902
1752919
1752943
1752969
1753006
1753144
1753157
1753212
1753399
1753406
1753427
1753462
1753582
1753598
1753670
1753702
1753764
1753771
1753868
1753933
1753965
1754102
1754129
1754186
1754214
1754262
1754369
1754551
1754745
1754787
1754835
1754943
1755205
1755319
1755362
1755371
1755421
1755570
1755790
1755830
1755907
1756015
1756050
1756172
1756202
1756216
1756324
1756424
1756446
1756711
1756721
1756816
1756986
1757152
1757189
1757245
1757373
1757488
1757490
1757584
1757668
1757670
1757848
1757864
1757879
1757904
1758014
1758064
1758138
1758257
1758330
1758385
1758402
1758483
1758691
1758905
1758930
1758948
1758974
1759372
1759575
1759677
1759722
1759744
1759892
1759938
1759958
1760026
1760077
1760161
1760225
1760281
1760442
1760774
1760846
1760887
1760942
1761594
1761623
1761660
1761917
1762282
1762308
1762485
1762553
1762634
1762639
1762643
1762707
1762814
1762914
1762966
1762991
1763008
1763108
1763371
1763418
1763530
1763768
1763801
1763881
1764077
1764093
1764246
1764365
1764385
1764420
1764586
1764655
1764658
1764708
1764772
1764891
1765101
1765207
1765327
1765440
1765546
1765547
1765722
1765739
1766029
1766072
1766341
1766401
1766443
1766554
1766646
1766668
1766669
1766694
1766705
1766706
1766712
1766832
1766868
1766928
1766938
1767292
1767565
1767648
1767711
1767792
1767954
1768062
1768080
1768360
1768375
1768584
1768872
1768967
1769155
1769169
1769186
1769235
1769306
1769321
1769368
1769451
1769680
1769693
1769742
1770136
1770451
1770543
1770613
1770665
1770782
1770850
1771104
1771307
1771415
1771432
1771441
1771698
1772060
1772069
1772175
1772229
1772286
1772363
1772489
1772553
1772732
1772840
1772882
1772932
1772979
1773137
1773355
1773378
1773533
1773558
1773633
1773731
1773781
1773801
1773888
1773978
1774166
1774190
1774214
1774231
1774353
1774374
1774520
1774620
1774621
1774704
1774711
1774714
1774750
1774800
1774802
1774811
1775022
1775037
1775128
1775169
1775232
1775384
1775428
1775461
1775720
1775743
1775757
1775758
1775776
1775929
1776080
1776121
1776161
1776300
1776395
1776428
1776605
1776693
1777051
1777253
1777431
1777515
1777642
1777739
1777957
1778017
1778035
1778060
1778164
1778189
1778209
1778259
1778264
1778305
1778376
1778443
1778461
1778466
1778479
1778490
1778514
1778515
1778556
1778878
1778942
1778943
1779077
1779257
1779408
1779841
1779991
1780084
1780358
1780546
1780663
1780680
1780741
1780752
1780776
1780781
1780900
1780912
1780946
1781040
1781053
1781065
1781493
1781517
1781768
1781807
1781844
1781986
1782044
1782126
1782183
1782277
1782321
1782372
1782388
1782422
1782522
1782545
1782670
1782846
1783143
1783285
1783286
1783378
1783454
1783487
1783707
1783782
1783810
1783890
1783914
1783916
1784020
1784222
1784347
1784348
1784369
1784370
1784424
1784440
1784483
1784519
1784545
1784722
1784747
1784883
1784916
1784955
1785230
1785338
1785388
1785451
1785671
1785833
1785951
1785969
1785985
1786362
1786416
1786745
1786857
1787012
1787044
1787151
1787219
1787405
1787563
1787831
1787852
1788059
1788101
1788104
1788113
1788155
1788272
1788317
1788321
1788454
1788489
1788506
1788642
1788787
1788878
1789274
1789427
1789472
1789578
1789628
1789645
1789694
1789727
1789731
1789740
1789764
1789945
1789947
1789989
1790213
1790273
1790278
1790506
1790561
1790692
1790767
1790783
1791008
1791027
1791146
1791209
1791255
1791279
1791399
1791400
1791422
1791577
1791967
1792102
1792140
1792145
1792197
1792225
1792371
1792375
1792545
1792565
1792744
1792900
1793362
1793481
1793497
1793514
1793581
1793593
1793678
1793681
1793693
1793741
1793765
1793767
1794179
1794229
1794349
1794456
1794682
1794719
1794794
1794964
1795132
1795182
1795263
1795296
1795392
1795441
1795498
1795559
1795685
1795726
1795803
1795846
1795857
1795937
1795996
1796009
1796015
1796054
1796185
1796294
1796587
1796648
1796670
1796784
1796860
1797012
1797043
1797047
1797121
1797165
1797183
1797189
1797220
1797362
1797396
1797874
1798016
1798359
1798615
1798628
1798632
1798653
1798886
1799099
1799228
1799365
1799372
1799624
1799737
1799758
1799761
1799901
1799918
1800021
1800074
1800091
1800261
1800303
1800333
1800399
1800558
1800633
1800636
1800649
1800664
1800807
1800894
1800952
1801046
1801099
1801251
1801266
1801348
1801365
1801572
1801709
1801820
1801925
1802396
1802415
1802607
1802662
1802691
1802807
1802919
1803063
1803409
1803421
1803629
1803639
1803658
1803669
1803972
1803993
1804133
1804235
1804388
1804516
1804545
1804576
1804810
1804820
1804849
1805054
1805122
1805271
1805603
1805618
1805633
1805659
1805672
1805814
1805821
1805907
1805952
1805990
1806056
1806119
1806175
1806188
1806218
1806353
1806366
1806383
1806522
1806526
1806543
1806653
1806824
1806838
1806901
1806905
1806947
1807058
1807061
1807225
1807387
1807409
1807456
1807606
1807707
1807759
1807989
1808065
1808073
1808248
1808360
1808382
1808410
1808549
1808841
1808927
1809053
1809056
1809102
1809177
1809270
1809338
1809407
1809490
1809539
1809560
1809888
1809990
1810041
1810057
1810081
1810088
1810121
1810272
1810333
1810444
1810496
1810665
1810833
1810910
1810973
1810977
1811396
1811511
1811517
1811624
1811653
1811738
1811843
1812027
1812093
1812287
1812383
1812450
1812533
1812542
1812649
1812735
1812905
1812983
1813054
1813077
1813119
1813257
1813304
1813307
1813394
1813473
1813544
1813563
1813580
1813613
1813785
1813835
1814152
1814418
1814507
1814734
1814911
1815162
1815210
1815304
1815385
1815536
1815557
1815607
1815954
1815975
1816030
1816091
1816141
1816173
1816188
1816337
1816593
1816673
1816790
1816907
1817000
1817036
1817279
1817286
1817314
1817465
1817483
1817521
1817588
1817619
1817832
1817851
1817862
1818113
1818133
1818139
1818428
1818440
1818509
1818577
1818586
1818591
1818846
1818970
1819142
1819298
1819399
1819402
1819469
1819480
1819491
1819498
1819610
1819704
1819961
1819963
1820030
1820057
1820145
1820180
1820187
1820327
1820360
1820490
1820511
1820687
1820739
1820753
1820793
1820845
1820926
1820956
1821253
1821297
1821332
1821440
1821533
1821602
1821644
1821703
1821862
1821927
1821959
1822012
1822090
1822286
1822416
1822445
1822641
1822690
1822849
1822851
1822963
1823013
1823226
1823285
1823290
1823413
1823441
1823503
1823544
1823609
1823646
1823909
1824165
1824552
1824578
1824752
1824814
1824864
1824943
1825113
1825316
1825398
1825430
1825489
1825672
1825769
1825813
1826026
1826105
1826220
1826289
1826293
1826576
1826708
1826838
1826986
1827047
1827101
1827108
1827154
1827378
1827392
1827474
1827504
1827538
1827557
1827665
1827715
1827854
1827879
1827919
1827921
1827995
1828051
1828216
1828248
1828275
1828353
1828594
1828602
1828710
1828757
1828770
1828802
1829022
1829364
1829845
1830124
1830185
1830339
1830408
1830477
1830492
1830744
1830769
1830882
1830966
1830970
1831078
1831209
1831218
1831243
1831344
1831365
1831368
1831523
1831564
1831582
1831624
1831798
1831800
1831913
1832225
1832240
1832337
1832372
1832439
1832846
1833161
1833191
1833256
1833259
1833269
1833379
1833436
1833461
1833553
1833583
1833593
1833816
1833976
1834083
1834241
1834250
1834326
1834357
1834401
1834508
1834547
1834730
1834756
1834773
1834887
1834973
1835026
1835126
1835273
1835331
1835345
1835472
1835487
1835510
1835517
1835537
1835569
1835583
1835598
1835617
1835641
1835686
1835708
1835844
1835917
1835962
1836124
1836199
1836260
1836316
1836436
1836481
1836511
1836586
1836617
1836649
1837175
1837203
1837206
1837334
1837358
1837622
1837727
1837739
1837953
1838049
1838136
1838282
1838420
1838428
1838433
1838500
1838647
1838815
1839009
1839102
1839133
1839152
1839161
1839189
1839247
1839248
1839386
1839594
1839654
1839675
1839895
1839995
1840110
1840244
1840335
1840380
1840476
1840487
1840552
1840583
1840593
1840702
1840814
1840825
1840875
1841023
1841053
1841114
1841122
1841153
1841196
1841199
1841221
1841346
1841422
1841684
1841873
1842057
1842120
1842171
1842190
1842207
1842311
1842331
1842515
1842624
1842680
1842745
1842958
1843075
1843081
1843118
1843157
1843171
1843189
1843233
1843309
1843397
1843482
1843543
1843548
1843619
1843719
1843765
1843819
1843871
1843931
1844190
1844284
1844409
1844418
1844464
1844479
1844503
1844538
1844583
1844623
1844650
1844651
1844670
1844673
1844732
1844777
1844949
1845007
1845024
1845099
1845105
1845152
1845180
1845460
1845474
1845565
1845681
1845871
1846065
1846080
1846174
1846380
1846424
1846440
1846613
1846721
1846941
1847323
1847401
1847536
1847589
1847733
1847839
1847879
1847893
1847967
1848004
1848071
1848225
1848292
1848388
1848401
1848496
1848586
1848693
1848694
1848730
1848809
1848919
1849099
1849106
1849375
1849377
1849528
1849860
1849909
1849932
1849967
1850005
1850112
1850125
1850137
1850143
1850263
1850366
1850510
1850655
1850838
1850865
1850873
1850903
1851017
1851101
1851343
1851632
1851638
1851699
1851723
1851912
1851977
1852022
1852076
1852244
1852271
1852310
1852312
1852399
1852859
1852973
1853035
1853078
1853109
1853190
1853280
1853410
1853436
1853501
1853559
1853583
1853659
1853718
1853976
1854019
1854132
1854252
1854258
1854325
1854326
1854587
1854619
1854628
1854654
1854758
1854838
1854891
1855144
1855169
1855203
1855311
1855355
1855637
1855645
1855799
1855820
1856163
1856203
1856326
1856662
1856706
1857052
1857210
1857215
1857246
1857358
1857796
1857949
1858179
1858195
1858211
1858240
1858319
1858343
1858399
1858635
1858656
1859103
1859220
1859278
1859612
1859629
1859666
1859757
1859776
1859801
1859860
1859897
1860025
1860041
1860521
1860567
1860685
1860716
1860730
1860778
1860834
1860841
1861010
1861155
1861275
1861350
1861381
1861416
1861428
1861469
1861497
1861514
1861717
1861741
1862105
1862213
1862301
1862674
1862740
1862807
1862857
1862936
1862982
1863132
1863156
1863194
1863300
1863352
1863506
1863537
1863777
1863822
1863849
1863875
1863943
1864015
1864149
1864156
1864166
1864177
1864223
1864373
1864515
1864589
1864636
1864752
1864802
1864819
1864843
1864896
1865027
1865080
1865097
1865601
1866177
1866258
1866534
1866618
1866811
1866904
1866933
1867331
1867396
1867581
1867667
1867699
1867787
1867836
1867977
1868060
1868353
1868481
1868487
1868681
1868755
1869077
1869135
1869610
1869747
1869771
1869990
1870013
1870022
1870144
1870318
1870533
1870584
1870591
1870634
1871097
1871176
1871309
1871352
1871375
1871485
1871492
1871503
1871558
1871698
1871798
1871843
1871876
1871879
1871945
1871965
1872067
1872379
1872416
1872449
1872611
1872815
1872899
1872914
1872986
1873034
1873135
1873542
1873544
1873551
1873559
1873606
1873612
1873879
1873893
1873972
1874004
1874105
1874216
1874232
1874370
1874595
1874681
1874730
1874738
1874759
1874824
1874877
1874943
1874977
1875080
1875182
1875254
1875303
1875334
1875340
1875484
1875679
1875680
1875764
1875884
1876283
1876356
1876380
1876405
1876499
1876512
1876633
1876658
1876796
1877013
1877104
1877137
1877331
1877395
1877489
1877503
1877655
1877724
1877913
1877960
1878226
1878318
1878428
1878491
1878499
1878552
1878708
1878894
1878926
1879073
1879101
1879111
1879226
1879243
1879305
1879350
1879442
1879503
1879794
1879850
1879883
1879968
1880425
1880484
1880653
1880961
1881069
1881154
1881219
1881352
1881383
1881421
1881465
1881495
1881535
1881649
1881713
1881877
1881885
1882064
1882246
1882325
1882421
1882422
1882484
1882518
1882587
1882629
1882729
1882757
1882915
1882987
1882988
1883116
1883398
1883409
1883538
1883870
1883972
1884050
1884147
1884275
1884400
1884506
1884515
1884658
1884950
1884988
1885092
1885233
1885367
1885787
1885790
1886061
1886399
1886583
1886708
1886719
1886742
1886903
1887140
1887243
1887296
1887333
1887436
1887536
1887757
1888058
1888105
1888108
1888118
1888148
1888264
1888366
1888391
1888473
1888589
1888623
1888631
1888704
1888801
1888805
1888870
1888965
1889083
1889086
1889089
1889294
1889320
1889360
1889491
1889502
1889514
1889670
1889675
1889766
1889802
1890222
1890293
1890356
1890645
1890734
1890805
1890820
1890876
1890969
1891133
1891137
1891265
1891904
1891990
1892008
1892111
1892466
1892512
1892638
1892678
1892736
1892746
1892765
1892928
1893220
1893270
1893386
1893488
1893669
1893699
1893748
1893830
1893890
1894079
1894413
1894414
1894435
1894671
1894957
1895235
1895271
1895441
1895471
1895514
1895659
1895687
1895708
1895899
1896114
1896133
1896230
1896365
1896507
1896558
1896599
1896671
1896711
1896804
1896958
1896985
1897195
1897214
1897217
1897425
1897534
1897611
1897735
1898236
1898244
1898414
1898563
1898592
1898657
1898713
1898738
1898752
1898765
1899017
1899165
1899291
1899298
1899391
1899618
1899657
1899682
1900002
1900105
1900131
1900175
1900530
1900551
1900603
1900731
1901008
1901041
1901167
1901341
1901403
1901404
1901492
1901601
1901627
1901692
1901734
1901865
1901880
1901888
1902266
1902335
1902422
1902427
1902539
1902611
1902627
1902786
1902791
1902840
1903035
1903094
1903132
1903175
1903229
1903232
1903343
1903486
1903541
1903571
1903807
1903996
1904021
1904335
1904470
1904659
1904705
1904709
1904811
1904813
1904920
1905007
1905076
1905112
1905254
1905431
1905492
1905613
1905705
1905707
1905714
1905782
1905913
1906178
1906232
1906262
1906308
1906409
1906433
1906547
1906641
1906679
1906813
1906856
1906943
1907145
1907288
1907445
1907530
1907578
1907708
1907710
1908147
1908252
1908265
1908277
1908282
1908439
1908559
1908803
1909004
1909065
1909088
1909117
1909212
1909287
1909329
1909363
1909383
1909475
1909682
1909698
1909815
1909846
1909873
1909884
1910294
1910356
1910382
1910456
1910549
1910619
1910730
1910743
1910758
1910855
1910885
1911039
1911080
1911162
1911236
1911289
1911430
1911796
1911823
1911827
1911848
1911852
1911967
1911975
1911988
1912095
1912146
1912177
1912294
1912457
1912475
1912489
1912497
1912638
1912649
1913251
1913259
1913380
1913490
1913562
1914366
1914429
1914511
1914678
1914736
1914743
1914952
1914967
1915075
1915120
1915123
1915358
1915553
1915728
1915765
1915797
1915857
1915904
1916011
1916194
1916445
1916452
1916654
1916707
1916729
1916907
1916934
1917013
1917057
1917156
1917349
1917354
1917524
1917552
1917602
1917703
1917854
1917939
1917951
1918029
1918216
1918485
1918692
1918726
1918824
1918849
1918887
1918936
1918949
1919013
1919059
1919148
1919292
1919310
1919591
1919799
1919872
1919879
1919973
1920067
1920129
1920133
1920382
1920491
1920920
1921032
1921176
1921349
1921392
1921478
1921798
1921877
1921900
1921972
1922057
1922206
1922283
1922511
1922531
1922549
1922608
1922628
1922802
1922868
1922885
1922951
1922964
1923432
1923443
1923450
1923491
1923526
1923546
1923596
1923691
1923842
1923931
1924093
1924165
1924405
1924513
1924531
1924618
1924647
1924799
1924841
1924852
1924876
1924979
1925096
1925211
1925259
1925320
1925369
1925515
1925600
1925665
1925671
1925900
1926084
1926303
1926335
1926339
1926535
1926663
1926881
1926882
1926915
1927023
1927095
1927111
1927290
1927573
1927639
1927655
1927887
1927915
1928031
1928044
1928112
1928176
1928200
1928237
1928267
1928275
1928286
1928287
1928293
1928391
1928426
1928547
1928794
1928849
1928862
1929127
1929406
1929499
1929610
1929637
1929647
1929654
1929725
1929997
1930083
1930154
1930211
1930280
1930396
1930580
1930609
1930670
1930695
1930752
1931007
1931157
1931182
1931196
1931204
1931368
1931372
1931402
1931470
1931529
1931618
1931650
1931694
1931911
1932015
1932039
1932194
1932475
1932561
1932968
1932971
1933146
1933283
1933376
1933397
1933428
1933449
1933493
1933631
1933683
1933924
1933960
1933991
1934132
1934171
1934174
1934227
1934384
1934480
1934791
1934846
1934856
1934937
1935097
1935105
1935114
1935117
1935398
1935499
1935814
1935822
1935840
1935902
1935925
1935999
1936205
1936312
1936544
1936566
1936734
1936834
1936849
1937079
1937243
1937253
1937361
1937384
1937445
1937609
1937783
1937839
1937914
1937942
1938005
1938009
1938048
1938224
1938256
1938319
1938380
1938487
1938621
1938632
1938681
1938723
1939071
1939087
1939115
1939208
1939368
1939387
1939513
1939582
1939606
1939615
1939766
1940020
1940096
1940405
1940598
1940633
1940662
1940728
1940740
1940751
1940763
1940769
1940793
1940926
1941203
1941227
1941258
1941305
1941389
1941558
1941576
1941583
1941700
1941776
1941843
1941938
1941941
1941974
1942102
1942197
1942258
1942301
1942804
1942806
1942882
1942956
1942988
1942990
1943008
1943129
1943131
1943175
1943188
1943190
1943215
1943412
1943463
1943625
1943664
1943687
1943737
1943809
1943818
1943832
1944047
1944402
1944453
1944547
1944561
1944647
1944695
1944703
1944819
1944876
1944941
1944972
1945013
1945029
1945046
1945121
1945127
1945134
1945290
1945390
1945447
1945542
1945816
1946521
1946602
1946733
1946749
1946938
1946976
1946988
1947414
1947581
1947644
1947689
1947744
1947747
1947763
1947824
1948151
1948238
1948283
1948561
1948588
1948617
1948846
1949006
1949097
1949187
1949193
1949276
1949298
1949315
1949362
1949613
1949653
1949717
1949733
1949798
1949810
1950041
1950098
1950455
1950651
1950674
1950747
1950918
1950967
1950994
1951013
1951033
1951166
1951185
1951256
1951517
1951609
1951628
1951719
1952054
1952089
1952164
1952299
1952348
1952402
1952448
1952449
1952675
1952857
1952880
1953108
1953173
1953200
1953238
1953417
1953449
1953532
1953554
1953558
1953567
1953573
1953790
1953804
1954102
1954149
1954215
1954254
1954331
1954434
1954518
1954730
1954841
1954988
1954995
1955214
1955235
1955405
1955517
1955550
1955552
1955564
1955584
1955643
1955654
1955695
1955824
1955884
1955981
1956098
1956172
1956265
1956340
1956627
1956716
1956718
1956771
1956807
1956934
1957047
1957294
1957385
1957390
1957444
1957480
1957491
1957609
1957626
1957669
1957739
1957820
1957848
1957874
1957903
1957977
1958087
1958223
1958382
1958880
1959025
1959256
1959427
1959557
1959631
1959729
1959736
1959838
1959934
1960060
1960223
1960286
1960613
1960720
1960782
1960808
1960814
1960860
1960909
1960915
1961023
1961181
1961192
1961301
1961364
1961428
1961468
1961534
1961535
1961617
1961804
1961922
1961938
1962049
1962143
1962176
1962329
1962474
1962578
1962638
1962674
1962711
1962840
1962954
1963123
1963219
1963537
1963798
1963812
1963939
1964036
1964198
1964786
1964816
1964887
1964922
1964974
1965007
1965239
1965472
1965559
1965592
1965797
1965855
1966117
1966173
1966315
1966379
1966440
1966466
1966530
1966619
1966719
1966839
1966945
1966947
1967018
1967044
1967060
1967088
1967102
1967191
1967298
1967367
1967379
1967443
1967461
1967482
1967554
1967825
1967862
1967913
1968021
1968184
1968565
1968833
1968911
1968913
1968994
1969022
1969025
1969432
1969607
1969652
1969662
1969681
1969787
1969891
1969899
1969966
1970252
1970328
1970360
1970367
1970637
1970654
1970659
1970937
1971053
1971079
1971106
1971145
1971158
1971255
1971402
1971502
1971511
1971584
1971606
1971739
1971758
1971804
1971805
1971815
1971819
1971922
1972547
1972556
1972643
1972657
1972704
1972744
1972750
1972847
1972979
1973026
1973101
1973102
1973258
1973328
1973427
1973629
1973668
1973780
1973793
1973848
1973966
1973993
1974158
1974193
1974278
1974297
1974472
1974496
1974527
1974852
1974975
1974984
1974990
1975216
1975272
1975299
1975418
1975424
1975568
1975600
1975892
1975979
1976085
1976133
1976201
1976249
1976305
1976474
1976646
1976660
1976662
1976837
1977146
1977372
1977627
1977844
1978039
1978045
1978449
1978685
1978704
1978707
1978835
1978857
1978949
1979024
1979142
1979196
1979219
1979319
1979410
1979572
1979633
1979800
1979988
1980022
1980116
1980406
1980465
1980482
1980515
1980922
1981650
1981658
1981790
1982091
1982215
1982290
1982420
1982431
1982552
1982591
1982706
1982747
1983157
1983270
1983397
1983423
1983602
1983715
1983723
1983740
1983764
1983826
1984019
1984054
1984110
1984292
1984347
1984660
1984674
1984905
1984915
1985040
1985151
1985378
1985427
1985470
1985515
1985635
1985823
1985904
1986052
1986074
1986081
1986176
1986259
1986270
1986327
1986494
1986497
1986834
1986846
1987002
1987079
1987520
1987545
1987615
1987703
1987803
1987917
1987939
1988089
1988148
1988259
1988367
1988369
1988462
1988576
1988656
1988737
1988804
1988813
1988883
1989040
1989043
1989062
1989132
1989201
1989301
1989310
1989316
1989348
1989381
1989437
1989460
1989499
1989576
1989584
1989724
1989735
1989777
1989798
1989841
1989992
1990040
1990101
1990410
1990566
1991108
1991230
1991306
1991308
1991366
1991603
1991628
1991700
1991747
1991914
1991931
1991945
1991977
1992007
1992060
1992064
1992303
1992574
1992958
1992987
1993120
1993217
1993242
1993419
1993748
1993958
1994122
1994128
1994149
1994304
1994330
1994395
1994432
1994610
1994690
1994912
1994951
1995151
1995178
1995575
1995593
1995804
1995945
1996060
1996061
1996091
1996319
1996472
1996605
1996615
1996632
1996717
1996723
1996773
1996932
1997176
1997283
1997285
1997452
1997632
1998012
1998142
1998209
1998238
1998242
1998250
1998254
1998323
1998372
1998385
1998638
1998734
1998815
1998866
1999012
1999483
1999492
1999615
1999675
1999685
1999726
1999772
1999807
1999847
2000099
2000239
2000423
2000729
2000802
2001209
2001262
2001283
2001612
2001689
2001813
2001895
2001931
2002045
2002086
2002133
2002322
2002358
2002370
2002547
2002563
2002576
2003029
2003117
2003236
2003386
2003548
2003616
2003666
2003674
2004105
2004107
2004132
2004172
2004428
2004552
2004608
2004647
2004717
2004725
2004782
2005004
2005097
2005452
2005543
2005567
2005659
2005799
2005968
2006280
2006292
2006402
2006446
2006536
2006572
2006658
2006881
2006924
2007136
2007255
2007395
2007427
2007503
2007532
2007672
2007674
2007831
2007890
2008121
2008153
2008412
2008532
2008655
2008695
2008772
2008944
2009057
2009065
2009073
2009100
2009129
2009250
2009378
2009386
2009401
2010018
2010072
2010096
2010129
2010303
2010418
2010696
2010942
2011140
2011232
2011292
2011548
2011587
2011764
2011820
2011888
2011913
2012084
2012190
2012240
2012289
2012326
2012399
2012453
2012527
2012611
2012713
2012779
2012787
2012868
2012900
2013042
2013141
2013289
2013495
2013557
2013618
2013688
2013973
2014053
2014081
2014157
2014193
2014222
2014290
2014368
2014526
2014555
2014766
2014805
2014976
2014982
2015033
2015116
2015192
2015315
2015367
2015594
2015626
2015679
2015842
2015982
2016148
2016161
2016526
2016564
2016618
2016718
2016751
2016923
2016948
2017038
2017043
2017080
2017181
2017391
2017418
2017436
2017447
2017697
2017836
2018092
2018397
2018590
2018664
2018702
2018864
2018883
2019562
2019657
2019725
2020032
2020246
2020420
2020429
2020455
2020565
2020592
2020666
2020992
2021094
2021106
2021398
2021759
2021779
2021817
2021915
2021983
2021999
2022074
2022145
2022187
2022263
2022397
2022463
2022894
2022909
2022985
2023097
2023126
2023298
2023300
2023604
2023729
2023745
2023865
2023869
2023911
2024072
2024130
2024320
2024353
2024612
2024664
2024668
2024737
2024834
2024971
2025123
2025127
2025130
2025225
2025273
2025289
2025304
2025371
2025376
2025499
2025523
2025532
2025536
2025632
2025676
2025907
2026052
2026266
2026426
2026447
2026514
2026518
2026578
2026730
2026892
2026909
2026928
2027111
2027390
2027399
2027456
2027527
2027627
2027783
2027822
2027885
2028048
2028057
2028267
2028272
2028518
2028696
2028744
2028860
2029002
2029342
2029346
2029545
2029653
2029727
2029756
2029820
2029831
2030023
2030106
2030165
2030253
2030263
2030342
2030344
2030371
2030499
2030682
2030748
2030811
2030861
2030961
2031056
2031095
2031104
2031110
2031315
2031350
2031437
2031478
2031579
2031784
2031900
2032050
2032051
2032162
2032283
2032432
2032447
2032567
2032903
2032959
2033027
2033063
2033102
2033160
2033393
2033550
2033617
2033736
2033786
2033804
2033893
2033917
2033940
2033955
2033958
2034074
2034076
2034174
2034246
2034519
2034791
2034827
2034878
2034894
2035189
2035387
2035564
2035685
2035730
2035797
2035867
2035879
2036035
2036181
2036266
2036362
2036365
2036371
2036497
2036548
2036623
2037060
2037151
2037239
2037326
2037350
2037507
2037544
2037582
2037621
2037770
2037888
2037894
2037991
2038202
2038240
2038296
2038487
2038518
2038594
2038604
2038774
2039084
2039096
2039099
2039192
2039455
2039765
2039882
2039969
2040080
2040219
2040390
2040415
2040513
2040577
2040580
2040633
2040673
2040684
2040794
2040820
2041058
2041079
2041116
2041162
2041309
2041389
2041520
2041574
2041608
2041749
2042020
2042101
2042286
2042290
2042500
2042546
2042547
2042849
2042861
2042874
2043056
2043263
2043305
2043364
2043396
2043462
2043931
2044087
2044225
2044359
2044643
2044648
2044781
2044921
2045173
2045300
2045314
2045335
2045391
2045472
2045475
2045511
2045569
2045641
2045859
2045923
2045935
2046031
2046400
2046529
2046543
2046551
2046558
2046592
2046659
2046797
2046818
2046956
2047051
2047333
2047473
2047504
2047612
2047659
2047821
2047970
2048026
2048228
2048427
2048465
2048884
2048982
2049017
2049112
2049187
2049229
2049235
2049355
2049398
2049517
2049620
2049659
2050111
2050177
2050185
2050279
2050325
2050335
2050680
2050740
2050973
2051125
2051133
2051199
2051210
2051320
2051348
2051369
2051446
2051528
2051689
2051788
2051790
2051881
2051883
2051899
2052139
2052190
2052202
2052331
2052425
2052461
2052465
2052642
2052666
2052750
2052906
2052923
2053036
2053055
2053129
2053133
2053256
2053437
2053514
2053813
2053887
2053888
2053952
2053975
2054035
2054161
2054470
2054576
2054608
2054657
2054692
2054771
2054883
2054895
2055022
2055057
2055097
2055452
2055460
2055482
2055584
2055607
2055726
2056041
2056143
2056256
2056272
2056285
2056594
2056688
2056710
2056764
2057005
2057027
2057205
2057454
2057484
2057729
2057780
2057921
2058249
2058294
2058332
2058665
2058768
2058902
2058951
2058965
2059085
2059147
2059176
2059297
2059343
2059377
2059413
2059692
2059702
2059985
2059991
2059996
2060007
2060164
2060169
2060215
2060325
2060477
2060573
2060585
2060712
2060868
2060917
2061106
2061171
2061204
2061258
2061266
2061288
2061311
2061360
2061617
2061727
2061789
2061853
2061890
2061987
2062217
2062225
2062331
2062410
2062416
2062601
2062643
2062969
2063087
2063102
2063128
2063187
2063201
2063467
2063505
2063780
2063781
2064095
2064252
2064554
2064820
2064992
2065047
2065132
2065135
2065154
2065169
2065181
2065184
2065332
2065708
2065760
2065799
2065806
2065845
2065923
2065965
2066039
2066088
2066131
2066148
2066208
2066248
2066512
2066542
2066577
2066972
2067044
2067223
2067274
2067342
2067528
2067566
2067613
2067658
2067717
2067732
2067945
2068102
2068128
2068287
2068298
2068347
2068397
2068399
2068403
2068412
2068456
2068461
2068463
2068582
2068597
2068688
2068762
2068804
2068820
2069051
2069135
2069165
2069196
2069270
2069289
2069362
2069482
2069502
2069509
2069511
2069615
2069825
2069861
2070021
2070501
2070623
2070724
2070845
2070901
2070954
2071459
2071467
2071551
2071579
2071622
2071668
2071847
2071903
2071982
2072016
2072307
2072342
2072343
2072437
2072477
2072560
2072590
2072615
2072645
2072714
2072866
2072933
2073068
2073210
2073278
2073414
2073951
2074008
2074104
2074426
2074617
2074751
2074785
2075136
2075148
2075316
2075336
2075485
2075615
2075675
2075744
2075935
2076060
2076084
2076136
2076331
2076634
2076672
2076808
2076879
2076936
2076979
2077001
2077050
2077088
2077138
2077181
2077247
2077255
2077388
2077465
2077544
2077659
2077877
2078020
2078049
2078066
2078077
2078463
2078603
2078648
2078802
2078812
2078820
2079021
2079233
2079287
2079415
2079431
2079485
2079499
2079506
2079757
2079809
2079827
2079863
2079887
2080033
2080091
2080109
2080391
2080416
2080576
2080634
2080784
2080963
2081051
2081088
2081181
2081186
2081274
2081464
2081579
2081707
2081871
2081982
2082037
2082225
2082912
2083071
2083303
2083425
2083455
2083480
2083563
2083608
2083701
2083765
2083886
2084278
2084425
2084523
2084581
2084876
2084927
2085064
2085099
2085118
2085260
2085275
2085396
2085611
2085913
2085974
2086088
2086135
2086182
2086248
2086314
2086368
2086435
2086495
2086509
2086572
2086744
2086753
2087218
2087306
2087386
2087514
2087599
2087622
2087625
2087629
2088305
2088418
2088444
2088551
2088776
2088949
2088965
2089004
2089049
2089086
2089104
2089197
2089247
2089385
2089657
2089761
2089930
2090016
2090027
2090438
2090464
2090613
2090635
2090705
2090709
2090867
2090921
2090977
2090978
2091136
2091178
2091615
2091648
2091703
2091869
2091880
2092033
2092088
2092101
2092325
2092342
2092344
2092369
2092546
2092758
2092841
2092903
2093123
2093192
2093263
2093266
2093330
2093399
2093429
2093477
2093675
2093754
2093813
2093860
2093964
2094064
2094171
2094471
2094713
2094878
2094880
2095181
2095202
2095234
2095266
2095343
2095407
2095411
2095590
2095725
2095851
2095870
2096214
2096234
2096395
2096431
2096704
2096777
2096913
2096966
2097033
2097034
2097072
2097158
2097175
2097346
2097406
2097449
2097560
2097674
2098000
2098039
2098090
2098122
2098343
2098574
2098657
2098673
2098882
2099023
2099050
2099065
2099070
2099127
2099144
2099257
2099341
2099364
2099513
2099555
2099635
2099637
2099661
2099746
2100122
2100125
2100169
2100330
2100354
2100411
2100494
2100665
2100766
2100781
2100792
2100804
2100814
2100847
2100884
2100896
2100969
2100989
2101077
2101138
2101169
2101188
2101267
2101568
2101607
2101651
2101678
2101680
2101694
2101719
2101770
2101840
2101881
2101890
2101943
2101951
2101968
2102039
2102364
2102448
2102472
2102487
2102723
2102796
2103060
2103375
2103379
2103664
2103686
2103889
2103925
2103972
2104024
2104039
2104237
2104245
2104324
2104403
2104535
2104660
2104688
2104844
2105072
2105102
2105352
2105579
2105588
2105913
2105943
2106098
2106099
2106323
2106463
2106652
2106756
2106985
2106991
2107032
2107343
2107422
2107449
2107744
2107748
2107781
2107858
2107890
2107916
2107920
2107975
2108235
2108377
2108419
2108475
2108556
2109020
2109110
2109113
2109146
2109313
2109362
2109365
2109404
2109407
2109455
2109628
2109946
2110236
2110397
2110400
2110535
2110544
2110704
2110780
2110814
2110830
2110832
2110919
2110921
2111040
2111080
2111142
2111218
2111286
2111411
2111421
2111497
2111629
2111632
2111663
2111690
2111748
2111759
2111883
2111962
2112103
2112138
2112208
2112405
2112429
2112453
2112455
2112617
2112625
2112984
2113091
2113363
2113391
2113408
2113417
2113449
2113578
2113621
2113682
2113732
2113751
2113813
2114061
2114424
2114702
2114899
2114934
2114937
2114970
2115198
2115221
2115224
2115225
2115442
2115487
2115493
2115522
2115547
2115559
2115633
2115710
2115947
2116020
2116050
2116060
2116194
2116223
2116258
2116324
2116380
2116382
2116512
2116573
2116646
2116711
2116973
2117000
2117048
2117190
2117216
2117397
2117425
2117428
2117550
2117707
2117714
2117736
2117742
2117823
2117869
2117968
2118192
2118274
2118486
2118499
2118575
2118582
2118717
2118875
2118948
2118950
2119076
2119130
2119136
2119280
2119368
2119550
2119569
2119602
2119650
2119753
2119765
2119898
2119917
2119955
2119984
2120030
2120048
2120071
2120073
2120155
2120243
2120288
2120348
2120368
2120429
2120543
2120564
2120647
2120789
2120901
2121064
2121128
2121218
2121249
2121297
2121303
2122005
2122028
2122104
2122201
2122307
2122332
2122483
2122753
2122840
2122926
2122959
2123298
2123845
2124070
2124136
2124140
2124198
2124276
2124317
2124504
2124596
2124738
2124886
2124958
2124964
2124974
2125008
2125129
2125222
2125326
2125473
2125517
2125522
2125692
2125769
2125839
2125919
2126082
2126119
2126184
2126190
2126195
2126196
2126253
2126329
2126402
2126498
2126570
2126656
2126699
2126728
2126958
2126983
2127001
2127066
2127067
2127120
2127271
2127393
2127546
2127684
2127963
2128047
2128100
2128138
2128195
2128385
2128563
2128568
2128631
2128923
2129006
2129042
2129177
2129179
2129230
2129309
2129346
2129350
2129517
2129542
2129563
2129673
2129690
2129715
2129999
2130063
2130212
2130383
2130536
2130581
2130716
2131298
2131388
2131580
2131821
2131896
2131916
2132025
2132234
2132297
2132585
2132767
2132809
2132960
2132962
2133138
2133403
2133502
2134258
2134281
2134304
2134547
2134675
2134676
2134742
2134856
2135108
2135231
2135338
2135455
2135578
2135676
2135685
2135705
2136372
2136558
2136694
2136743
2136755
2136815
2136849
2136858
2136927
2136935
2136983
2137013
2137019
2137058
2137132
2137233
2137314
2137337
2137376
2137514
2137595
2137608
2137739
2137975
2138070
2138214
2138283
2138310
2138558
2138582
2138592
2138671
2138825
2138853
2139013
2139064
2139109
2139114
2139160
2139246
2139251
2139512
2139517
2139581
2139614
2139623
2139651
2139734
2139768
2139835
2139878
2139906
2139990
2140205
2140266
2140288
2140399
2140459
2140557
2140581
2140586
2140736
2140740
2140922
2140994
2141141
2141421
2141449
2141565
2141686
2141739
2141911
2142230
2142546
2142812
2142899
2142994
2143031
2143068
2143275
2143293
2143294
2143392
2143461
2143502
2143507
2143758
2143781
2144018
2144074
2144288
2144291
2144500
2144505
2144809
2144891
2145071
2145194
2145235
2145364
2145454
2145542
2145558
2145595
2145698
2145716
2145722
2145863
2145938
2146160
2146242
2146301
2146369
2146391
2146579
2146649
2146676
2146684
2146756
2146817
2147054
2147060
2147122
2147132
2147169
2147265
2147413
2147522
2147682
2147692
2147795
2147805
2147817
2147920
2147958
2148060
2148093
2148268
2148302
2148316
2148492
2148547
2148616
2148772
2148901
2148991
2149017
2149018
2149084
2149178
2149196
2149235
2149345
2149369
2149396
2149735
2149953
2149976
2150102
2150176
2150248
2150332
2150424
2150602
2150683
2150691
2151254
2151292
2151337
2151494
2151791
2151817
2151921
2151950
2151962
2152070
2152196
2152452
2153108
2153171
2153596
2153602
2153747
2153760
2153869
2153908
2153942
2153996
2154070
2154126
2154397
2154437
2154502
2154593
2154760
2154762
2154878
2154947
2155044
2155115
2155210
2155303
2155408
2155457
2155516
2155592
2155746
2155800
2155809
2156083
2156344
2156379
2156428
2156429
2156450
2156476
2156696
2156769
2156871
2156918
2156995
2157222
2157374
2157454
2158040
2158049
2158182
2158193
2158253
2158350
2158476
2158509
2158610
2158644
2158807
2159049
2159374
2159429
2159484
2159666
2159714
2159724
2159774
2159801
2159822
2159879
2160057
2160121
2160209
2160243
2160260
2160615
2160762
2160890
2160968
2160983
2161083
2161085
2161172
2161254
2161355
2161357
2161380
2161403
2161537
2161540
2161710
2161910
2162041
2162143
2162161
2162206
2162639
2162702
2162907
2163072
2163155
2163208
2163297
2163366
2163469
2163479
2163764
2163769
2163812
2163881
2164189
2164240
2164264
2164401
2164412
2164413
2164488
2164510
2164520
2164786
2164823
2164933
2165053
2165137
2165207
2165538
2165579
2165588
2165643
2165645
2165715
2165760
2165789
2165799
2165815
2166000
2166075
2166217
2166382
2166421
2166554
2166758
2167078
2167085
2167135
2167143
2167256
2167301
2167427
2167445
2167454
2167840
2167918
2168020
2168076
2168084
2168085
2168416
2168453
2168476
2168688
2168754
2168855
2168875
2168923
2168954
2168977
2169041
2169134
2169210
2169293
2169464
2169483
2169493
2169550
2169581
2169606
2169650
2169840
2169855
2169872
2170348
2170504
2170817
2170862
2170925
2170992
2171198
2171253
2171464
2171480
2171568
2171636
2171679
2171689
2171932
2171934
2171952
2172259
2172274
2172434
2172489
2172694
2172771
2172862
2172949
2173357
2173495
2173569
2173609
2173658
2174027
2174068
2174138
2174150
2174190
2174221
2174308
2174383
2174789
2174869
2174878
2174911
2175028
2175538
2175563
2175694
2176044
2176297
2176839
2176889
2177077
2177413
2177448
2177511
2177621
2177755
2177953
2177956
2177988
2178234
2178546
2178678
2178996
2179142
2179316
2179645
2179925
2179942
2179998
2180182
2180198
2180201
2180232
2180273
2180309
2180601
2180706
2180773
2180955
2181195
2181197
2181294
2181295
2181328
2181351
2181376
2181410
2181603
2181636
2181646
2181700
2181929
2181970
2182038
2182076
2182179
2182248
2182301
2182395
2182476
2182486
2182500
2182543
2182577
2182616
2182628
2182661
2182754
2182807
2182861
2182864
2182866
2182895
2182933
2182957
2182978
2183065
2183117
2183188
2183283
2183425
2183569
2183612
2183622
2183736
2183778
2183788
2183815
2184203
2184260
2184264
2184278
2184308
2184463
2184667
2184683
2184775
2184884
2184906
2184957
2185105
2185236
2185430
2185461
2185465
2185466
2185501
2185561
2185580
2185584
2185867
2185876
2185880
2185919
2186136
2186264
2186349
2186515
2186519
2187246
2187390
2187497
2187589
2187686
2187711
2187797
2187804
2187907
2187995
2188041
2188146
2188163
2188220
2188228
2188264
2188280
2188308
2188339
2188376
2188757
2188936
2188958
2189043
2189119
2189344
2189475
2189556
2189642
2189699
2189706
2189768
2189869
2190044
2190059
2190197
2190425
2190471
2190633
2190753
2190805
2190879
2190898
2190923
2190956
2190998
2191021
2191164
2191329
2191755
2191953
2191964
2192059
2192137
2192198
2192208
2192295
2192408
2192843
2192858
2192981
2193021
2193269
2193494
2193623
2193966
2194234
2194253
2194511
2194605
2194607
2194803
2194824
2194831
2194832
2194947
2195025
2195110
2195151
2195223
2195339
2195544
2195687
2195728
2195896
2195933
2195961
2196459
2196538
2196680
2196706
2196739
2196743
2196755
2196839
2197225
2197279
2197322
2197355
2197422
2197466
2197728
2197733
2197986
2198136
2198260
2198268
2198322
2198335
2198511
2198647
2198707
2198723
2198891
2198955
2199049
2199204
2199211
2199310
2199318
2199472
2199621
2199728
2199904
2200069
2200261
2200370
2200484
2201023
2201151
2201313
2201461
2201505
2201528
2201541
2201574
2201675
2201704
2201794
2201827
2202029
2202105
2202226
2202366
2202587
2202629
2202757
2202760
2202761
2203198
2203241
2203261
2203264
2203279
2203291
2203474
2203517
2203562
2203606
2203626
2203684
2203969
2204455
2204466
2204783
2204930
2205009
2205052
2205084
2205096
2205341
2205343
2205497
2205939
2205963
2206007
2206051
2206082
2206317
2206690
2206747
2206802
2206948
2206954
2206983
2207072
2207240
2207249
2207340
2207416
2207469
2207512
2207561
2207784
2207908
2207934
2208350
2208394
2208411
2208665
2209185
2209807
2209818
2209871
2209901
2209982
2210068
2210222
2210261
2210403
2210446
2210480
2210489
2210522
2210544
2210614
2210630
2210717
2211029
2211041
2211059
2211193
2211222
2211259
2211374
2211441
2211585
2211618
2211720
2211760
2211774
2211831
2211921
2212064
2212091
2212153
2212170
2212572
2212587
2212618
2212643
2212650
2212689
2212706
2212759
2212864
2213089
2213117
2213223
2213238
2213249
2213423
2213436
2213460
2213655
2213784
2213921
2214038
2214041
2214094
2214163
2214383
2214393
2214789
2214797
2214823
2214848
2214850
2214880
2214988
2215078
2215151
2215173
2215246
2215266
2215309
2215330
2215422
2215533
2215985
2216060
2216473
2216482
2216507
2216566
2216810
2216847
2217167
2217183
2217186
2217421
2217433
2217446
2217642
2217699
2217872
2217887
2217895
2217899
2217938
2218002
2218094
2218128
2218136
2218152
2218222
2218238
2218528
2218549
2218667
2218689
2218729
2218777
2218836
2219020
2219091
2219272
2219497
2219505
2219536
2219703
2219757
2219804
2219951
2220123
2220293
2220298
2220301
2220307
2220343
2220517
2220728
2220740
2220896
2221015
2221106
2221139
2221150
2221251
2221548
2221569
2221602
2221808
2222002
2222241
2222245
2222433
2222448
2222459
2222471
2222525
2222529
2222592
2223066
2223155
2223293
2223402
2223502
2223614
2223639
2223841
2223971
2224121
2224199
2224242
2224289
2224434
2224451
2224537
2224552
2224634
2225082
2225089
2225224
2225316
2225564
2225814
2225845
2226125
2226140
2226201
2226299
2226309
2226353
2226363
2226367
2226454
2226563
2226572
2226866
2226899
2226904
2227045
2227102
2227426
2227442
2227586
2227721
2228099
2228155
2228225
2228285
2228287
2228312
2228331
2228392
2228744
2228983
2229052
2229176
2229248
2229426
2229541
2229551
2229655
2229767
2229998
2230060
2230071
2230125
2230158
2230209
2230250
2230368
2230477
2230487
2230687
2230724
2230832
2230911
2230922
2230946
2231038
2231071
2231088
2231147
2231261
2231316
2231443
2231582
2231663
2231670
2231701
2231718
2231852
2232022
2232058
2232085
2232093
2232120
2232127
2232318
2232526
2232647
2232717
2232819
2232852
2232969
2233043
2233071
2233111
2233151
2233160
2233370
2233396
2233506
2233665
2233918
2233971
2234077
2234138
2234147
2234329
2234337
2234392
2234550
2234663
2234729
2234968
2235121
2235254
2235342
2235381
2235403
2235506
2235628
2235663
2235678
2235853
2236004
2236090
2236125
2236235
2236275
2236326
2236337
2236405
2236517
2236526
2236845
2237004
2237083
2237139
2237183
2237201
2237671
2237855
2238084
2238130
2238411
2238537
2238628
2238893
2239062
2239065
2239078
2239156
2239237
2239361
2239404
2239449
2239510
2239513
2239537
2239657
2239991
2240314
2240335
2240343
2240387
2240499
2240548
2241168
2241366
2241372
2241383
2241425
2241719
2241788
2241939
2241941
2242040
2242095
2242442
2242793
2242900
2242925
2242950
2243017
2243166
2243187
2243202
2243216
2243315
2243522
2243546
2243621
2243658
2243906
2244047
2244091
2244110
2244128
2244133
2244259
2244697
2244708
2244822
2244907
2245018
2245165
2245223
2245325
2245364
2245555
2245561
2245656
2245686
2245688
2245744
2245816
2245831
2245933
2245946
2246037
2246040
2246209
2246253
2246261
2246399
2246595
2246615
2246829
2247073
2247123
2247139
2247154
2247198
2247278
2247406
2247722
2247867
2248168
2248271
2248282
2248297
2248328
2248391
2248455
2248465
2248655
2248794
2248827
2248945
2248969
2248985
2249069
2249111
2249237
2249291
2249330
2249348
2249412
2249580
2249584
2249638
2249653
2249810
2250090
2250107
2250130
2250160
2250428
2250507
2250593
2250601
2250879
2250945
2251053
2251088
2251111
2251134
2251261
2251792
2251798
2251979
2252265
2252285
2252315
2252459
2252474
2252635
2252657
2252681
2252688
2252747
2252756
2252883
2253109
2253246
2253358
2253440
2253474
2254091
2254245
2254247
2254284
2254300
2254438
2254489
2254509
2254517
2254577
2254580
2254595
2254787
2254789
2254815
2254819
2254939
2254982
2255091
2255217
2255288
2255350
2255381
2255501
2255564
2255708
2255756
2255857
2256123
2256132
2256180
2256237
2256256
2256288
2256521
2256617
2256758
2256765
2256850
2256942
2257235
2257284
2257311
2257522
2257596
2257691
2257846
2257850
2258075
2258201
2258317
2258342
2258373
2258382
2258496
2258575
2258711
2258825
2258953
2258997
2258999
2259040
2259282
2259518
2259558
2259651
2259721
2259725
2259758
2259932
2259981
2260164
2260178
2260196
2260200
2260296
2260337
2260344
2260357
2260379
2260395
2260533
2260606
2260740
2260750
2260833
2260962
2261058
2261102
2261203
2261227
2261396
2261419
2261488
2261490
2261497
2261558
2261578
2261709
2261935
2262254
2262378
2262476
2262592
2262764
2262768
2262889
2262891
2263029
2263183
2263296
2263319
2263688
2263750
2263789
2263859
2263983
2264119
2264202
2264413
2264465
2264538
2264546
2264692
2264715
2265011
2265090
2265104
2265112
2265198
2265211
2265260
2265307
2265528
2265533
2265695
2265812
2265823
2266029
2266087
2266125
2266239
2266498
2266549
2266619
2266862
2266905
2267275
2267298
2267456
2267878
2267970
2267998
2268086
2268155
2268290
2268531
2268719
2268822
2268913
2268920
2268964
2268971
2269093
2269152
2269158
2269251
2269470
2269518
2269549
2269583
2269614
2270192
2270826
2270844
2270878
2270900
2270908
2271045
2271095
2271420
2271564
2271603
2271635
2271859
2271914
2271982
2272142
2272206
2272300
2272335
2272337
2272344
2272375
2272456
2272461
2272543
2272699
2272819
2273063
2273083
2273330
2273384
2273396
2273492
2273511
2273547
2273632
2273762
2273786
2273822
2273848
2273877
2273947
2274148
2274303
2274456
2274563
2274566
2274689
2275106
2275129
2275668
2275695
2275975
2275980
2276034
2276082
2276104
2276165
2276241
2276670
2276681
2276741
2276775
2276833
2277047
2277076
2277212
2277249
2277366
2277400
2277476
2277627
2277632
2277754
2277763
2277909
2277929
2277973
2278551
2278594
2278625
2278689
2278867
2279109
2279231
2279619
2279825
2279890
2279997
2280022
2280024
2280058
2280087
2280326
2280397
2280586
2280676
2280726
2280733
2280757
2280773
2280846
2280938
2280950
2280984
2281218
2281234
2281333
2281368
2281434
2281492
2281589
2281978
2282013
2282069
2282109
2282243
2282345
2282470
2282504
2282516
2282538
2282584
2282619
2282896
2282897
2283013
2283223
2283235
2283251
2283945
2284168
2284352
2284508
2284719
2284841
2284863
2285010
2285199
2285219
2285243
2285699
2285807
2285815
2285817
2285857
2285989
2286035
2286175
2286256
2286272
2286467
2286485
2286508
2286570
2286617
2286722
2286726
2286910
2286928
2286943
2286956
2287065
2287230
2287417
2287424
2288221
2288239
2288256
2288267
2288350
2288352
2288814
2288979
2289025
2289208
2289491
2289629
2289718
2289789
2289825
2289980
2290339
2290357
2290404
2290569
2290593
2290737
2290778
2290821
2290845
2290953
2290978
2291206
2291267
2291337
2291355
2291368
2291674
2291851
2292077
2292150
2292219
2292251
2292279
2292289
2292348
2292625
2292636
2292749
2292971
2293019
2293137
2293196
2293332
2293374
2293447
2293557
2293834
2293927
2294061
2294233
2294266
2294297
2294335
2294650
2294683
2294791
2294817
2294821
2294858
2294916
2294943
2295049
2295180
2295481
2295600
2295621
2295837
2295883
2296062
2296385
2296550
2296615
2296654
2296701
2296735
2296750
2296933
2296967
2297020
2297048
2297093
2297470
2297533
2297642
2297764
2297829
2297894
2298070
2298084
2298300
2298530
2298716
2298757
2298905
2298978
2299133
2299334
2299385
2299496
2299499
2299518
2299635
2299773
2299809
2299871
2299884
2299981
2300021
2300136
2300260
2300376
2300494
2300500
2300569
2300637
2300784
2300874
2301014
2301108
2301244
2301394
2301497
2301500
2301910
2301981
2302045
2302051
2302198
2302212
2302236
2302286
2302471
2302485
2302546
2302663
2302700
2302765
2302846
2302871
2303197
2303321
2303353
2303431
2303505
2303520
2303536
2303682
2304033
2304107
2304128
2304241
2304302
2304358
2304403
2304602
2304682
2304684
2304747
2304791
2304895
2304957
2305267
2305342
2305482
2305775
2306188
2306304
2306385
2306568
2306606
2306654
2306750
2306830
2306996
2307108
2307186
2307213
2307294
2307378
2307690
2307697
2307815
2307838
2308004
2308289
2308326
2308329
2308504
2308677
2308702
2308715
2308898
2308948
2309106
2309387
2309429
2309559
2309596
2309625
2309933
2310092
2310150
2310331
2310335
2310337
2310455
2310557
2310560
2310839
2310884
2310913
2311028
2311160
2311177
2311310
2311317
2311443
2311470
2311534
2311540
2311754
2311844
2311950
2311975
2312208
2312311
2312587
2312638
2312970
2312992
2313059
2313149
2313209
2313251
2313258
2313260
2313565
2313583
2313840
2314458
2314460
2314613
2314958
2315026
2315238
2315252
2315475
2315579
2315603
2315640
2315707
2315757
2315821
2316230
2316392
2316427
2316691
2316700
2316813
2316922
2316930
2317176
2317383
2317561
2317758
2317932
2318061
2318084
2318104
2318108
2318210
2318306
2318369
2318435
2318578
2319153
2319174
2319178
2319226
2319337
2319365
2319371
2319468
2319562
2319728
2319904
2319970
2320005
2320089
2320157
2320198
2320255
2320527
2320598
2320599
2320694
2321056
2321195
2321694
2321770
2321892
2322049
2322197
2322227
2322258
2322339
2322417
2322435
2322459
2322511
2322724
2322727
2322770
2323106
2323366
2323514
2323541
2323557
2323598
2323620
2323754
2323954
2324055
2324130
2324161
2324208
2324304
2324425
2324431
2324466
2324518
2324619
2324642
2324753
2324756
2324897
2325063
2325368
2325404
2325471
2325506
2325619
2325810
2326062
2326184
2326213
2326273
2326334
2326487
2326652
2326685
2326810
2326967
2327015
2327134
2327154
2327215
2327360
2327564
2327644
2327738
2327841
2327899
2327914
2328054
2328110
2328128
2328225
2328244
2328345
2328491
2328526
2328711
2328945
2329162
2329214
2329298
2329343
2329489
2329657
2329680
2329718
2329861
2329956
2330169
2330336
2330366
2330371
2330484
2330564
2330595
2330679
2330820
2330937
2330946
2331172
2331378
2331761
2331848
2332044
2332107
2332145
2332152
2332279
2332283
2332292
2332309
2332744
2332792
2332800
2332849
2332978
2333156
2333299
2333405
2333494
2333594
2333611
2333643
2333662
2333770
2333976
2333982
2333994
2334055
2334105
2334169
2334257
2334275
2334362
2334381
2334590
2334719
2334724
2334880
2335029
2335110
2335124
2335321
2335478
2335774
2335822
2335881
2336120
2336167
2336230
2336334
2336364
2336404
2336508
2336829
2336830
2337062
2337171
2337185
2337268
2337271
2337358
2337477
2337723
2337846
2337890
2337897
2337911
2337965
2338181
2338192
2338211
2338229
2338239
2338246
2338339
2338670
2338797
2338855
2339173
2339362
2339466
2339616
2339719
2339722
2339749
2339928
2340087
2340627
2340669
2340867
2340900
2340962
2340986
2341013
2341081
2341106
2341242
2341252
2341308
2341459
2341514
2341568
2341569
2341571
2341578
2341735
2342000
2342014
2342064
2342225
2342266
2342300
2342451
2342613
2342619
2342748
2342914
2342998
2343086
2343909
2343985
2344041
2344168
2344474
2344549
2344619
2344660
2344772
2344844
2344876
2344961
2345341
2345409
2345689
2345850
2346250
2346606
2346656
2346849
2347180
2347317
2347327
2347440
2347519
2347565
2347568
2347645
2347664
2347773
2347931
2347957
2347970
2348103
2348106
2348233
2348410
2348431
2348466
2348546
2348568
2348596
2348656
2348800
2348854
2349251
2349269
2349342
2349355
2349536
2349869
2349919
2349931
2349937
2349942
2349982
2349994
2350271
2350358
2350434
2350692
2350765
2350808
2350844
2350854
2350954
2350996
2351072
2351084
2351322
2351383
2351394
2351412
2351477
2351515
2351624
2351640
2351699
2351759
2351761
2351784
2351955
2351974
2352353
2352392
2352406
2352500
2352501
2352703
2352976
2353127
2353313
2353564
2353645
2353691
2353873
2353908
2353954
2354113
2354142
2354176
2354190
2354192
2354328
2354470
2354619
2354695
2354702
2354708
2354839
2355030
2355175
2355197
2355228
2355359
2355438
2355452
2355504
2355726
2355933
2355965
2356127
2356406
2356505
2356589
2356618
2356836
2356847
2356857
2356921
2356980
2357071
2357131
2357285
2357350
2357399
2357566
2357726
2357734
2357839
2358100
2358117
2358134
2358378
2358586
2358620
2358639
2358858
2358861
2358881
2359041
2359146
2359164
2359181
2359186
2359229
2359307
2359348
2359375
2359423
2359503
2359538
2359670
2359699
2359872
2359898
2359926
2359987
2360048
2360249
2360354
2360462
2360493
2361031
2361203
2361442
2361444
2361449
2361636
2361760
2362026
2362037
2362069
2362577
2362650
2362717
2362829
2362842
2362988
2363194
2363270
2363297
2363311
2363683
2363697
2363700
2363810
2363821
2363891
2363928
2364215
2364320
2364449
2364498
2364543
2364627
2364793
2364798
2365306
2365413
2365472
2365594
2365601
2365818
2365949
2366078
2366337
2366457
2366585
2366656
2366783
2366932
2367001
2367064
2367078
2367087
2367241
2367385
2367406
2367634
2367636
2368158
2368391
2368407
2368584
2368897
2369388
2369403
2369412
2369449
2369711
2369897
2369920
2369981
2370046
2370366
2370715
2370745
2370841
2370851
2371257
2371300
2371328
2371382
2371414
2371488
2371560
2371658
2371729
2371896
2371920
2371947
2372017
2372328
2372465
2372555
2372715
2372826
2373203
2373214
2373349
2373548
2373729
2373848
2373890
2374165
2374170
2374208
2374323
2374515
2374526
2374567
2374641
2374815
2374942
2375192
2375207
2375345
2375437
2375538
2375567
2375850
2375900
2375918
2375954
2376048
2376097
2376118
2376149
2376205
2376222
2376569
2376603
2376607
2376677
2376777
2376821
2376899
2377022
2377025
2377251
2377315
2377362
2377373
2377470
2377581
2377660
2377678
2377694
2377714
2377955
2378154
2378570
2378708
2378742
2379336
2379502
2379503
2379528
2379647
2379715
2379720
2379869
2379875
2379892
2379923
2380321
2380345
2380413
2380584
2380664
2380828
2380872
2380921
2381078
2381095
2381111
2381210
2381259
2381282
2381346
2381414
2381421
2381503
2381651
2381688
2381798
2381821
2381826
2381859
2381906
2381975
2382070
2382185
2382187
2382474
2382576
2382727
2382826
2383110
2383157
2383224
2383360
2383771
2383777
2384233
2384599
2384672
2384738
2384778
2384945
2384951
2384995
2385036
2385180
2385211
2385338
2385384
2385430
2385657
2385714
2386315
2386326
2386384
2386410
2386508
2386809
2386821
2386829
2386857
2386877
2387125
2387188
2387253
2387447
2387593
2387677
2387789
2387794
2387887
2388040
2388125
2388222
2388293
2388304
2388369
2388465
2388524
2388571
2388671
2388723
2388728
2388780
2388843
2388844
2388887
2389002
2389282
2389304
2389348
2389614
2389625
2389741
2389751
2389950
2390067
2390191
2390339
2390482
2390606
2390705
2390706
2390929
2391165
2391330
2391402
2391611
2391718
2391770
2391815
2391884
2392135
2392269
2392332
2392430
2392570
2392932
2393093
2393190
2393451
2393549
2393551
2393559
2393702
2393723
2393740
2393770
2393961
2394017
2394325
2394610
2394663
2394773
2394792
2394843
2394985
2395152
2395160
2395208
2395380
2395470
2395541
2395551
2395696
2395866
2396150
2396172
2396192
2396203
2396270
2396526
2396551
2396830
2397255
2397328
2397364
2397540
2397671
2397712
2397767
2397815
2397907
2397915
2398176
2398237
2398268
2398290
2398375
2398469
2398624
2398982
2399025
2399046
2399136
2399261
2399270
2399350
2399416
2399528
2399537
2399618
2399752
2399753
2399853
2399867
2400056
2400066
2400148
2400193
2400282
2400573
2400746
2400855
2401000
2401016
2401021
2401098
2401209
2401245
2401280
2401315
2401498
2401565
2401581
2401660
2401661
2401754
2401779
2401822
2401868
2401870
2402035
2402038
2402067
2402114
2402115
2402226
2402268
2402274
2402289
2402437
2402472
2402775
2402883
2403371
2403379
2403636
2403700
2403920
2404053
2404241
2404443
2404477
2404479
2404485
2404532
2404564
2404768
2405007
2405036
2405273
2405441
2405513
2405668
2405724
2405739
2405784
2405938
2405975
2406159
2406172
2406178
2406227
2406315
2406347
2406498
2406558
2406677
2406880
2407011
2407053
2407441
2407592
2407644
2407708
2407846
2407917
2407963
2408033
2408193
2408200
2408256
2408392
2408422
2408590
2408674
2408756
2408788
2408856
2408986
2408994
2409013
2409165
2409275
2409310
2409487
2409713
2409827
2409971
2409979
2410045
2410058
2410087
2410098
2410287
2410529
2410606
2410708
2410870
2410871
2410874
2411152
2411157
2411182
2411261
2411488
2411520
2411745
2412106
2412299
2412375
2412420
2412552
2412625
2412730
2412733
2412740
2412805
2413067
2413115
2413131
2413336
2413440
2413521
2413563
2413619
2413717
2413819
2414037
2414253
2414336
2414399
2414408
2414553
2414727
2414761
2414951
2415017
2415191
2415285
2415439
2415487
2415502
2415747
2415843
2415859
2415964
2415981
2416180
2416212
2416318
2416412
2416794
2416931
2416975
2417050
2417166
2417232
2417272
2417353
2417483
2417663
2417680
2417837
2417891
2417932
2417977
2418055
2418141
2418159
2418282
2418363
2418428
2418537
2418655
2418661
2418729
2418750
2418878
2418895
2419147
2419423
2419562
2420034
2420154
2420204
2420237
2420363
2420436
2420550
2420907
2420963
2421173
2421292
2421560
2421611
2421952
2422301
2422328
2422346
2422437
2422609
2422634
2422873
2422912
2422948
2423005
2423095
2423134
2423299
2423321
2423492
2423531
2423585
2423770
2423801
2423904
2423938
2423991
2424215
2424527
2424616
2424713
2424769
2424846
2424960
2425083
2425362
2425426
2425640
2425796
2425850
2425872
2425894
2425967
2426042
2426115
2426231
2426281
2426293
2426369
2426383
2426548
2426569
2426687
2426866
2427344
2427347
2427363
2427675
2427751
2427775
2427776
2427915
2428042
2428381
2428689
2428805
2428845
2428888
2429098
2429148
2429322
2429364
2429491
2429582
2429587
2429817
2429872
2429993
2430008
2430145
2430278
2430321
2430747
2430805
2430819
2431108
2431109
2431141
2431150
2431166
2431222
2431238
2431256
2431483
2431519
2431595
2431651
2431954
2432075
2432078
2432104
2432265
2432303
2432308
2432336
2432635
2432726
2432751
2432844
2432927
2432965
2433115
2433148
2433244
2433331
2433397
2433843
2434106
2434190
2434267
2434477
2434514
2434572
2434641
2434677
2434852
2434878
2434893
2435054
2435126
2435156
2435207
2435368
2435473
2435829
2436033
2436286
2436337
2436353
2436411
2436506
2436547
2436598
2436679
2436932
2437139
2437437
2437495
2437500
2437827
2438095
2438263
2438264
2438621
2438731
2438904
2438911
2439008
2439027
2439256
2439381
2439425
2439529
2439575
2439584
2439585
2439774
2439928
2440001
2440062
2440084
2440212
2440293
2440447
2440591
2440777
2440799
2441091
2441117
2441218
2441304
2441560
2441782
2441925
2442058
2442327
2442521
2442698
2442777
2442875
2442910
2442911
2443057
2443319
2443439
2443567
2443609
2443637
2443688
2443798
2443978
2444040
2444066
2444120
2444154
2444203
2444208
2444449
2444490
2444647
2444851
2445094
2445248
2445284
2445383
2445444
2445480
2445515
2445526
2445750
2445835
2445996
2446185
2446258
2446282
2446349
2446366
2446488
2446518
2446553
2446562
2446645
2446655
2446773
2446780
2446795
2446835
2446949
2446980
2447064
2447084
2447096
2447175
2447185
2447210
2447384
2447430
2447484
2447493
2447640
2447709
2447776
2447910
2448221
2448240
2448285
2448384
2448480
2448499
2448526
2448635
2449205
2449327
2449455
2449515
2449568
2449589
2449645
2450024
2450034
2450113
2450147
2450160
2450207
2450368
2450441
2450471
2450500
2450542
2450548
2450639
2450649
2450656
2450679
2450737
2450762
2450808
2451014
2451113
2451227
2451352
2451383
2451412
2451453
2451590
2451593
2451630
2451658
2451703
2451952
2451996
2452004
2452010
2452114
2452151
2452395
2452416
2452505
2452519
2452668
2452670
2452703
2452710
2452922
2452929
2453076
2453158
2453252
2453452
2453498
2453521
2453657
2453706
2453901
2453989
2454111
2454140
2454156
2454242
2454422
2454518
2454524
2454667
2454784
2455424
2455455
2455565
2455594
2455663
2455726
2456132
2456255
2456338
2456400
2456420
2456609
2456923
2457059
2457119
2457130
2457163
2457289
2457350
2457466
2457676
2457748
2457838
2457886
2457894
2457907
2458172
2458200
2458211
2458285
2458475
2458717
2458772
2458992
2458996
2459020
2459143
2459324
2459512
2459544
2459826
2459837
2459971
2460001
2460027
2460212
2460264
2460277
2460777
2460848
2461048
2461076
2461321
2461370
2461378
2461469
2461542
2461675
2461684
2461842
2462004
2462191
2462371
2462372
2462556
2462765
2463125
2463141
2463528
2463541
2463594
2463610
2464646
2464695
2465094
2465181
2465346
2465609
2465692
2465728
2465744
2465773
2465837
2466309
2466337
2466340
2466510
2466531
2466554
2466710
2466861
2467016
2467054
2467060
2467083
2467235
2467238
2467518
2467547
2467663
2467767
2467905
2468176
2468577
2468687
2468724
2468838
2469039
2469103
2469255
2469263
2469389
2469412
2469484
2469618
2469627
2469757
2469778
2470191
2470331
2470387
2470432
2470552
2470600
2470683
2470740
2470789
2471028
2471066
2471067
2471429
2471749
2471791
2471806
2471855
2472171
2472290
2472920
2472943
2473001
2473079
2473124
2473179
2473539
2473716
2473789
2473804
2473810
2473939
2473998
2474120
2474155
2474177
2474266
2474293
2474316
2474317
2474322
2474645
2474670
2474876
2475129
2475365
2475437
2475517
2475585
2475586
2475875
2476052
2476345
2476350
2476463
2476511
2476541
2476590
2476768
2477108
2477300
2477313
2477711
2477880
2478119
2478273
2478356
2478614
2478618
2478635
2478698
2478760
2478788
2478880
2479141
2479165
2479186
2479346
2479418
2479481
2479558
2479846
2480178
2480335
2480410
2480471
2480556
2480661
2480708
2480769
2480904
2481060
2481068
2481197
2481260
2481341
2481494
2481682
2481730
2481757
2481899
2481909
2481921
2481970
2482035
2482076
2482210
2482229
2482270
2482354
2482476
2482594
2482699
2482800
2482822
2482835
2482854
2482919
2482923
2482946
2483046
2483440
2483505
2483598
2483626
2483636
2483741
2483759
2483765
2483813
2483860
2484179
2484232
2484237
2484250
2484368
2484387
2484550
2484758
2484998
2485014
2485114
2485142
2485223
2485317
2485427
2485451
2485579
2485824
2486261
2486330
2486877
2487125
2487298
2487320
2487422
2487492
2487551
2487610
2487649
2487688
2487737
2487761
2487765
2487981
2488149
2488417
2488462
2488478
2488539
2488637
2488968
2488978
2489087
2489091
2489154
2489749
2489750
2489792
2489831
2489955
2489986
2489991
2490015
2490072
2490517
2490574
2490727
2490766
2490849
2490963
2491024
2491082
2491203
2491742
2491762
2491775
2491799
2491912
2492146
2492192
2492208
2492258
2492264
2492275
2492426
2492681
2493123
2493140
2493241
2493282
2493329
2493389
2493445
2493460
2493760
2493797
2493810
2493836
2494054
2494428
2494526
2494537
2494549
2495006
2495068
2495110
2495125
2495301
2495456
2495522
2495560
2495594
2495631
2495699
2495714
2496012
2496027
2496103
2496271
2496284
2496347
2496358
2496615
2496803
2497383
2497444
2497572
2497596
2497649
2497661
2497768
2497882
2498248
2498547
2498557
2498581
2498797
2498932
2499011
2499047
2499077
2499530
2499699
2499703
2499872
2499873
2499897
2500194
2500236
2500265
2500681
2500832
2500876
2501578
2501705
2501960
2502057
2502408
2502809
2502820
2502910
2503122
2503178
2503268
2503389
2503579
2503596
2503604
2503661
2503788
2504198
2504305
2504374
2504482
2504879
2505091
2505137
2505185
2505317
2505525
2505747
2505841
2505842
2505935
2506033
2506040
2506121
2506142
2506194
2506478
2506487
2506557
2506637
2506739
2506790
2506797
2506832
2506960
2507193
2507234
2507442
2507518
2507732
2507935
2508036
2508044
2508050
2508195
2508237
2508246
2508278
2508372
2508376
2508589
2508624
2508707
2508970
2509063
2509064
2509196
2509310
2509408
2509430
2509507
2509999
2510262
2510363
2510366
2510383
2510388
2510590
2510742
2510772
2510803
2511055
2511163
2511332
2511560
2511817
2511970
2511984
2512040
2512062
2512469
2512477
2512519
2512666
2512740
2512833
2512985
2513143
2513170
2513595
2513602
2513628
2513649
2513861
2513872
2513953
2514047
2514098
2514191
2514194
2514269
2514317
2514341
2514854
2515361
2515395
2515423
2515560
2515620
2515650
2515688
2515767
2515800
2515885
2516056
2516171
2516244
2516311
2516354
2516493
2516651
2516682
2516695
2516706
2516829
2516894
2516940
2516956
2516961
2517048
2517110
2517181
2517342
2517387
2517469
2517690
2517761
2517988
2518115
2518163
2518268
2518614
2518874
2518938
2519035
2519080
2519249
2519460
2519486
2519578
2519593
2519715
2520119
2520469
2520582
2520635
2520727
2520813
2521015
2521043
2521060
2521140
2521155
2521320
2521486
2521526
2521565
2521765
2521790
2521888
2521982
2521987
2522023
2522446
2522674
2522770
2522862
2522911
2523054
2523157
2523158
2523161
2523375
2523439
2523617
2523650
2523767
2523829
2523891
2523945
2524037
2524062
2524083
2524302
2524398
2524524
2524667
2524812
2525000
2525378
2525393
2525525
2526063
2526215
2526330
2526331
2526418
2526450
2526464
2526637
2526727
2526754
2526779
2526813
2526822
2526840
2526907
2527074
2527097
2527234
2527235
2527337
2527439
2527589
2527779
2527809
2527877
2527924
2527931
2528036
2528126
2528132
2528433
2528594
2528774
2528817
2528887
2528898
2529065
2529072
2529146
2529268
2529293
2529312
2529342
2529545
2529568
2529673
2529684
2529823
2529851
2530099
2530239
2530303
2530754
2530815
2530840
2530878
2530921
2531114
2531281
2531602
2531664
2531844
2532317
2532338
2532507
2532612
2532639
2532645
2532766
2532874
2532892
2533009
2533080
2533115
2533148
2533196
2533234
2533738
2533820
2534068
2534520
2534562
2534871
2534986
2534997
2535179
2535383
2535503
2535532
2535704
2535747
2535782
2535809
2535951
2536034
2536042
2536072
2536107
2536112
2536301
2536466
2536546
2536803
2537230
2537328
2537438
2537467
2537699
2538245
2538466
2538973
2539030
2539123
2539500
2539746
2539764
2539886
2540005
2540029
2540174
2540201
2540232
2540235
2540340
2540486
2540592
2540954
2540957
2541158
2541237
2541317
2541360
2541371
2541527
2541744
2542019
2542049
2542102
2542256
2542321
2542420
2542495
2542643
2542718
2543013
2543081
2543191
2543361
2543366
2543499
2543521
2543522
2543573
2543981
2544255
2544263
2544377
2544495
2544507
2544522
2544685
2544869
2544999
2545079
2545128
2545169
2545342
2545377
2545415
2545456
2545638
2545795
2546034
2546110
2546125
2546132
2546268
2546276
2546339
2546458
2546587
2546594
2546755
2546900
2546950
2547072
2547086
2547129
2547138
2547180
2547262
2547306
2547374
2547400
2547461
2547510
2547610
2547629
2547682
2547886
2547955
2547956
2548214
2548220
2548264
2548284
2548319
2548524
2548633
2548637
2548872
2548969
2548975
2549023
2549060
2549094
2549204
2549261
2549441
2549775
2550227
2550294
2550298
2550320
2550400
2550548
2550642
2550781
2550797
2551125
2551159
2551194
2551215
2551250
2551271
2551369
2551583
2551803
2551868
2551908
2551982
2552069
2552106
2552124
2552200
2552429
2552432
2552491
2552544
2552617
2552694
2552722
2552783
2552979
2553011
2553061
2553082
2553244
2553396
2553426
2553556
2553759
2553913
2553931
2553978
2554094
2554103
2554133
2554163
2554235
2554292
2554322
2554327
2554333
2554537
2554542
2554551
2554580
2554609
2554617
2554817
2554857
2555198
2555486
2555518
2555601
2556025
2556100
2556369
2556391
2556621
2556739
2556756
2556843
2556916
2556945
2557022
2557077
2557138
2557268
2557407
2557451
2557470
2557497
2557500
2557591
2557596
2557638
2557675
2557768
2557912
2557942
2558015
2558051
2558341
2558357
2558431
2558450
2558605
2558617
2558898
2558981
2559003
2559270
2559293
2559706
2559824
2559982
2560251
2560645
2560739
2560786
2560807
2561023
2561025
2561121
2561202
2561357
2561538
2561577
2561657
2561706
2561802
2561911
2562221
2562237
2562426
2562579
2562862
2562889
2562940
2563033
2563121
2563320
2563431
2563471
2563554
2563748
2563965
2563987
2564140
2564209
2564491
2564522
2564554
2564607
2564865
2565067
2565082
2565382
2565435
2565621
2565672
2565709
2565748
2565917
2565985
2566131
2566150
2566262
2566278
2566298
2566551
2566801
2566877
2566912
2566937
2567157
2567329
2567510
2567526
2567725
2568124
2568184
2568226
2568522
2568679
2569008
2569025
2569075
2569085
2569345
2569501
2569777
2569789
2570031
2570346
2570379
2570445
2570626
2570676
2570728
2570838
2570919
2570961
2571003
2571015
2571034
2571102
2571252
2571280
2571424
2571443
2571722
2571750
2571814
2572065
2572122
2572127
2572130
2572157
2572232
2572337
2572341
2572382
2572394
2572419
2572457
2572525
2572849
2572875
2573558
2573628
2573761
2573842
2573932
2573959
2574194
2574220
2574335
2574501
2574524
2574869
2574883
2575000
2575042
2575182
2575302
2575400
2575419
2575487
2575599
2575643
2575698
2575809
2575875
2576043
2576067
2576223
2576226
2576257
2576268
2576345
2576509
2576607
2576837
2577201
2577506
2577727
2577734
2577797
2577915
2578049
2578089
2578220
2578237
2578477
2578740
2578801
2578867
2579134
2579220
2579294
2579298
2579408
2579423
2579429
2579447
2579532
2579904
2579914
2579992
2580231
2580443
2580460
2580654
2580769
2580795
2580827
2581078
2581170
2581288
2581422
2581610
2581722
2581817
2581870
2581924
2582003
2582027
2582064
2582067
2582074
2582191
2582307
2582567
2582814
2582956
2582989
2583059
2583084
2583205
2583235
2583299
2583465
2583499
2583510
2583525
2583531
2583758
2583771
2583806
2583944
2583989
2584063
2584241
2584253
2584383
2584404
2584477
2584501
2584654
2584680
2584715
2584746
2584960
2585522
2585555
2585565
2585742
2585832
2585847
2585888
2585965
2586016
2586054
2586290
2586322
2586348
2586454
2586724
2586728
2586837
2586899
2587099
2587259
2587536
2587731
2587875
2587909
2588146
2588212
2588243
2588299
2588384
2588488
2588620
2588716
2588719
2588742
2588992
2589019
2589184
2589383
2589611
2589686
2589739
2589815
2589880
2589975
2590039
2590085
2590350
2590358
2590416
2590751
2590922
2591234
2591444
2591489
2591555
2591685
2591690
2591923
2592147
2592149
2592203
2592225
2592295
2592535
2592577
2592768
2593026
2593035
2593313
2593317
2593371
2593570
2593644
2593724
2593810
2593814
2593873
2593939
2594122
2594256
2594336
2594375
2594415
2594612
2594826
2594838
2594854
2595119
2595124
2595252
2595308
2595453
2595812
2595859
2596197
2596205
2596251
2596271
2596336
2596493
2596519
2596562
2596901
2596972
2597105
2597131
2597168
2597251
2597503
2597594
2597740
2597802
2597962
2597983
2598510
2598699
2598740
2598750
2598846
2599026
2599082
2599260
2599487
2599519
2599621
2599628
2599682
2599690
2599778
2599871
2600167
2600452
2600476
2600994
2601050
2601214
2601320
2601408
2601467
2601508
2601588
2601687
2601822
2602092
2602157
2602366
2602449
2602558
2602653
2602802
2602835
2602885
2603017
2603126
2603141
2603193
2603296
2603297
2603518
2603743
2603747
2603939
2604040
2604099
2604282
2604414
2604457
2604604
2604640
2604930
2605000
2605001
2605112
2605333
2605426
2605488
2605849
2606031
2606071
2606148
2606341
2606347
2606521
2606683
2607104
2607336
2607418
2607420
2607551
2607599
2607792
2608190
2608253
2608395
2608460
2608496
2608536
2608563
2608589
2608777
2609146
2609198
2609235
2609242
2609438
2609518
2609759
2609882
2609954
2610196
2610751
2610818
2611018
2611034
2611068
2611372
2611501
2611733
2612072
2612149
2612215
2612512
2612809
2613000
2613052
2613157
2613215
2613234
2613351
2613436
2613508
2613640
2613684
2613829
2613927
2613982
2614033
2614042
2614081
2614098
2614307
2614316
2614320
2614342
2614408
2614413
2614478
2614545
2614735
2614792
2614809
2614928
2614983
2615000
2615167
2615175
2615231
2615335
2615486
2615500
2615620
2615716
2615825
2615833
2615913
2615982
2616097
2616101
2616173
2616197
2616405
2616536
2616660
2616760
2616796
2616811
2617007
2617134
2617166
2617268
2617338
2617419
2617423
2617505
2617581
2617587
2617817
2617818
2618043
2618051
2618097
2618129
2618159
2618477
2619112
2619305
2619414
2619418
2619602
2619920
2619967
2620004
2620013
2620283
2620307
2620546
2620635
2620794
2620859
2621154
2621275
2621286
2621347
2621562
2621768
2621813
2621870
2621875
2621981
2622470
2622522
2622555
2622693
2622702
2622865
2622932
2623065
2623142
2623235
2623363
2623369
2623505
2623506
2623646
2623772
2624154
2624275
2624333
2624499
2624684
2624746
2624837
2624845
2624993
2625145
2625293
2625410
2625591
2625769
2625933
2625944
2626001
2626008
2626127
2626199
2626530
2626563
2626702
2626835
2627061
2627400
2627684
2627725
2627911
2628010
2628101
2628112
2628247
2628318
2628331
2628348
2628364
2628371
2628463
2628469
2628490
2628511
2628518
2628534
2628714
2628742
2628804
2628932
2629156
2629169
2629201
2629347
2629358
2629371
2629400
2629548
2629725
2629875
2629994
2630115
2630283
2630342
2630470
2630628
2630630
2630939
2630977
2631012
2631101
2631207
2631220
2631392
2631427
2631452
2631588
2631842
2632085
2632191
2632494
2632591
2632600
2632861
2632864
2632955
2633514
2633705
2633750
2633880
2634132
2634239
2634279
2634465
2634625
2634719
2634830
2634861
2634869
2635270
2635372
2635430
2635465
2635469
2635644
2635813
2635839
2635853
2636132
2636160
2636301
2636308
2636434
2636586
2636654
2636751
2636851
2636862
2637010
2637120
2637329
2637386
2637478
2637494
2637548
2637627
2637741
2637780
2637788
2637844
2637864
2638119
2638128
2638137
2638451
2638578
2638707
2638971
2639023
2639073
2639177
2639369
2639507
2639511
2639923
2640095
2640224
2640286
2640676
2640833
2640899
2641141
2641365
2641370
2641480
2641726
2641757
2642020
2642118
2642581
2642630
2642846
2643079
2643108
2643208
2643707
2643772
2643927
2644047
2644083
2644241
2644390
2644445
2644469
2644509
2644780
2644811
2644845
2645148
2645270
2645282
2645451
2645471
2645676
2645802
2645847
2645934
2646057
2646233
2646326
2646406
2646617
2646658
2646691
2646738
2646781
2646815
2646854
2646888
2646987
2646992
2647057
2647096
2647102
2647337
2647390
2647484
2647526
2647631
2647669
2648162
2648236
2648267
2648286
2648351
2648477
2648784
2648844
2648950
2648962
2649088
2649159
2649177
2649211
2649383
2649405
2649413
2649670
2650051
2650272
2650307
2650558
2650561
2650599
2650733
2650742
2650953
2651144
2651477
2651513
2651541
2651631
2651753
2651881
2652118
2652153
2652225
2652310
2652508
2652535
2652575
2652605
2652632
2652711
2652855
2652878
2652898
2652995
2653004
2653017
2653215
2653401
2653446
2653721
2653992
2654021
2654041
2654349
2654353
2654379
2654447
2654586
2654877
2655017
2655018
2655035
2655247
2655291
2655364
2655381
2655664
2655685
2655794
2655879
2655981
2656146
2656282
2656426
2656617
2656851
2656929
2657025
2657051
2657093
2657111
2657179
2657225
2657466
2657481
2657582
2657655
2658188
2658211
2658407
2658604
2658749
2659043
2659057
2659092
2659455
2659671
2659823
2659860
2659861
2659877
2659898
2659969
2660091
2660170
2660492
2660574
2660676
2660850
2660912
2660964
2661174
2661245
2661312
2661434
2661480
2661484
2661832
2662060
2662317
2662332
2662373
2662454
2662495
2662532
2662556
2662604
2662686
2662881
2663013
2663074
2663104
2663221
2663304
2663716
2663920
2664005
2664037
2664147
2664267
2664297
2664378
2664515
2664523
2664830
2664893
2664992
2665005
2665266
2665334
2665363
2665536
2665540
2665600
2665629
2665734
2665738
2665764
2665869
2666024
2666045
2666085
2666142
2666226
2666390
2666395
2666446
2666508
2666640
2666745
2666754
2666762
2667145
2667195
2667289
2667299
2667303
2667478
2667652
2668068
2668129
2668420
2668432
2668976
2669086
2669187
2669256
2669325
2669426
2669528
2669560
2669589
2669706
2669997
2670033
2670222
2670287
2670538
2670683
2670717
2670806
2670948
2671144
2671154
2671333
2671412
2671479
2671639
2671706
2672141
2672316
2672385
2672445
2672496
2672602
2672699
2672831
2672917
2672946
2673042
2673268
2673271
2673628
2673793
2673850
2673864
2673901
2673923
2673981
2674023
2674313
2674598
2675140
2675283
2675378
2675424
2675758
2675949
2676013
2676108
2676342
2676776
2676838
2676843
2677161
2677271
2677371
2677476
2677514
2677600
2677783
2678025
2678280
2678310
2678373
2678441
2678500
2678662
2678705
2678725
2679011
2679021
2679125
2679267
2679372
2679440
2679519
2679528
2679664
2679839
2679895
2679958
2680273
2680324
2680479
2680593
2680610
2680657
2680734
2681661
2681735
2681939
2681953
2682185
2682248
2682325
2682339
2682365
2682384
2682385
2682396
2682694
2682853
2683051
2683108
2683195
2683356
2683426
2683436
2683498
2683567
2683750
2684054
2684409
2684770
2684783
2684864
2684865
2684915
2685045
2685075
2685122
2685262
2685466
2685501
2685529
2685994
2686125
2686329
2686341
2686427
2686433
2686662
2686756
2686936
2687022
2687333
2687408
2687410
2687463
2687537
2687557
2687638
2687658
2687778
2687840
2687845
2687975
2688022
2688115
2688170
2688446
2688480
2688491
2688521
2688601
2688778
2688861
2688923
2688938
2688948
2688992
2689263
2689299
2689438
2689579
2689728
2689745
2689897
2690034
2690278
2690371
2690405
2690503
2690566
2690648
2690806
2690863
2690881
2690967
2691086
2691175
2691407
2691422
2691511
2691576
2691674
2691843
2691850
2691942
2691969
2692064
2692121
2692227
2692252
2692497
2692585
2692844
2692988
2693264
2693505
2693558
2693719
2693916
2693938
2694024
2694278
2694366
2694391
2694408
2694464
2694992
2694994
2695057
2695238
2695393
2695540
2695567
2695569
2695839
2695897
2695910
2696015
2696049
2696056
2696471
2696593
2696615
2696681
2696959
2697027
2697136
2697286
2697551
2697571
2697723
2697739
2697985
2698124
2698138
2698355
2698426
2698570
2698778
2698825
2698834
2698869
2698980
2699091
2699259
2699282
2699369
2699806
2699928
2700006
2700032
2700052
2700173
2700303
2700372
2700563
2700726
2700903
2700960
2700973
2701000
2701157
2701171
2701269
2701326
2701774
2701839
2701957
2702025
2702075
2702323
2702378
2702447
2702452
2702571
2702635
2702704
2702908
2702967
2703138
2703178
2703202
2703362
2703488
2703536
2703625
2703832
2704062
2704268
2704279
2704364
2704406
2704549
2704816
2705005
2705026
2705082
2705140
2705157
2705288
2705376
2705460
2705475
2705527
2705566
2705826
2705953
2706026
2706097
2706437
2706519
2706525
2706538
2706774
2706791
2706793
2706987
2707276
2707327
2707551
2707571
2707620
2707746
2707790
2707824
2707917
2708025
2708361
2708456
2708490
2708781
2708795
2708942
2709129
2709172
2709222
2709229
2709288
2709664
2709701
2709810
2710199
2710432
2710589
2710738
2710853
2711393
2711417
2711476
2711499
2711547
2711587
2711687
2712253
2712286
2712513
2712575
2712757
2712847
2712860
2712971
2713137
2713166
2713263
2713407
2713976
2714043
2714283
2714427
2714435
2714553
2714657
2714713
2714816
2714890
2714935
2714950
2715475
2715477
2715617
2715689
2715726
2715782
2715791
2715814
2715830
2716006
2716075
2716078
2716245
2716249
2716286
2716418
2716885
2717056
2717083
2717108
2717168
2717219
2717310
2717630
2717658
2717746
2717810
2718090
2718112
2718284
2718287
2718318
2718443
2718654
2718740
2718773
2718845
2718906
2719006
2719121
2719212
2719527
2719531
2719594
2719697
2720333
2720382
2720501
2720587
2720713
2720807
2721055
2721200
2721227
2721251
2721286
2721287
2721400
2721557
2721578
2721785
2721923
2721975
2722186
2722221
2722356
2722445
2722831
2722837
2722846
2722913
2722920
2722929
2723091
2723296
2723449
2723570
2723605
2723722
2723787
2723900
2723934
2723949
2723971
2724019
2724178
2724192
2724212
2724646
2724677
2724723
2724836
2724852
2725228
2725248
2725330
2725398
2725500
2725698
2725765
2725971
2726002
2726008
2726019
2726022
2726030
2726200
2726332
2726379
2726401
2726432
2726662
2726939
2727452
2727633
2727654
2727836
2728050
2728177
2728255
2728320
2728528
2728539
2728650
2728663
2728679
2728692
2728912
2729398
2729493
2729495
2729574
2729594
2729834
2729863
2729995
2730082
2730214
2730338
2730515
2730738
2730980
2731295
2731725
2731726
2731737
2731774
2731813
2732103
2732267
2732600
2732674
2732723
2732766
2732825
2732895
2732961
2733065
2733153
2733769
2733826
2733848
2733899
2733907
2734203
2734244
2734394
2734552
2734862
2735155
2735466
2735755
2735768
2735836
2735975
2736166
2736179
2736225
2736345
2736411
2736563
2736621
2736654
2736843
2736983
2737402
2737855
2737857
2738015
2738027
2738040
2738292
2738415
2738576
2739007
2739543
2739692
2739808
2739943
2740059
2740158
2740195
2740219
2740274
2740282
2740387
2740510
2740587
2740659
2740755
2740880
2741183
2741264
2741695
2741708
2741976
2742225
2742276
2742282
2742475
2742488
2742519
2742607
2742790
2742881
2743019
2743146
2743395
2743474
2743616
2744002
2744139
2744333
2744471
2744601
2744612
2744649
2744853
2744870
2744955
2745058
2745185
2745315
2745341
2745411
2745455
2745576
2745653
2745858
2745879
2745881
2745983
2746183
2746421
2746843
2747221
2747255
2747470
2747486
2747499
2747680
2747731
2747732
2747735
2747755
2747918
2747980
2747989
2748140
2748303
2748501
2748538
2748589
2748598
2748647
2748837
2749032
2749053
2749176
2749225
2749257
2749380
2749419
2749563
2749673
2749741
2749789
2749882
2749927
2750022
2750157
2750173
2750196
2750422
2750432
2750508
2750693
2750726
2750812
2751146
2751167
2751237
2751285
2751301
2751594
2751650
2751660
2751834
2752016
2752036
2752177
2752234
2752239
2752578
2752668
2752704
2752846
2752924
2753011
2753012
2753153
2753385
2753445
2753451
2753474
2753617
2753774
2753867
2754012
2754075
2754089
2754149
2754583
2754593
2754610
2754649
2754705
2754742
2754861
2754887
2754948
2755039
2755086
2755183
2755256
2755305
2755489
2755587
2755617
2755674
2756146
2756602
2756607
2756665
2756709
2756906
2757056
2757178
2757194
2757257
2757457
2757716
2757757
2757810
2757845
2757866
2757901
2758063
2758203
2758221
2758222
2758254
2758317
2758445
2758782
2759076
2759144
2759246
2759441
2759455
2759620
2759663
2759677
2759868
2760155
2760318
2760427
2760498
2760551
2760705
2760931
2760949
2761043
2761214
2761446
2761585
2761695
2761698
2761881
2762122
2762183
2762227
2762265
2762280
2762305
2762333
2762402
2762567
2762801
2762881
2763297
2763391
2763425
2763453
2763604
2763616
2763896
2763949
2763965
2764089
2764205
2764282
2764324
2764452
2764651
2764679
2764736
2764738
2764871
2764872
2764887
2764934
2764994
2764998
2765043
2765158
2765216
2765320
2765430
2765458
2765512
2765722
2765761
2765786
2765951
2766096
2766375
2766486
2766544
2766809
2766964
2767091
2767385
2767389
2767542
2767612
2767691
2767741
2767917
2767920
2767939
2768022
2768187
2768419
2768494
2768601
2768635
2768789
2768898
2768912
2768919
2769154
2769165
2769194
2769270
2769383
2769657
2769720
2769879
2769910
2770047
2770529
2770560
2770655
2770663
2771195
2771203
2771516
2771571
2771655
2771672
2771761
2771805
2771811
2771832
2771898
2772187
2772262
2772363
2772380
2772429
2772531
2772732
2772751
2772852
2772972
2773382
2773392
2773442
2773801
2773840
2773987
2774026
2774028
2774205
2774268
2774276
2774329
2774362
2774370
2774382
2774561
2774599
2774680
2774728
2774777
2774880
2774905
2774910
2774940
2774992
2775622
2775658
2775661
2776127
2776164
2776315
2776474
2776557
2776757
2776791
2776817
2777085
2777111
2777218
2777285
2777515
2777725
2777935
2777984
2778258
2778456
2778555
2778949
2779052
2779081
2779107
2779132
2779239
2779357
2779623
2779665
2779682
2779956
2780074
2780093
2780164
2780167
2780180
2780234
2780264
2780349
2780421
2780465
2780674
2781198
2781506
2782050
2782403
2782517
2782522
2782537
2782656
2782945
2782973
2783152
2783363
2783407
2783554
2783600
2783907
2784016
2784046
2784094
2784228
2784299
2784318
2784419
2784450
2784496
2784537
2784672
2784778
2784921
2785122
2785152
2785185
2785400
2785516
2785705
2785729
2786064
2786358
2786362
2786370
2786598
2786709
2786732
2786740
2786755
2787195
2787236
2787369
2787732
2787789
2787792
2787945
2788044
2788054
2788473
2788490
2788624
2788696
2788890
2789152
2789410
2789576
2789756
2789927
2790082
2790316
2790557
2790590
2790727
2790891
2791048
2791079
2791139
2791207
2791243
2791262
2791368
2791377
2791442
2791526
2791748
2791758
2791927
2791994
2792087
2792294
2792376
2792529
2792708
2792731
2792793
2792824
2792836
2792890
2792937
2793129
2793151
2793353
2793389
2793848
2793852
2793952
2794122
2794283
2794611
2794725
2794789
2794806
2794863
2794890
2795050
2795226
2795295
2795441
2795543
2795593
2795923
2795931
2796091
2796126
2796128
2796321
2796362
2796398
2796497
2796623
2796649
2796808
2796809
2796825
2797201
2797788
2797927
2798276
2798336
2798348
2798435
2798484
2798582
2798791
2798885
2799076
2799230
2799249
2799285
2799292
2799728
2799758
2800116
2800255
2800313
2800376
2800443
2800507
2800545
2800569
2800749
2800812
2800837
2800905
2800953
2800967
2801071
2801276
2801543
2801674
2801729
2801742
2802099
2802160
2802216
2802242
2802271
2802341
2802737
2802821
2802835
2802953
2803032
2803080
2803116
2803135
2803327
2803357
2803461
2803479
2803490
2803601
2803890
2804451
2804860
2804883
2804959
2804973
2805129
2805134
2805293
2805310
2805345
2805489
2805514
2805605
2805664
2805777
2806013
2806118
2806156
2806194
2806601
2806689
2806818
2806988
2807007
2807176
2807218
2807431
2807638
2807639
2807649
2807667
2807669
2807876
2807916
2808168
2808228
2808656
2808691
2808853
2808880
2809007
2809208
2809504
2809726
2809732
2809812
2809959
2810047
2810060
2810089
2810137
2810230
2810264
2810478
2810522
2810563
2810622
2810745
2810759
2810762
2810801
2810847
2810938
2811063
2811183
2811252
2811310
2811378
2811584
2811613
2811834
2812180
2812271
2812277
2812388
2812396
2812669
2813114
2813225
2813273
2813310
2813399
2813416
2813594
2813621
2813644
2813888
2813944
2814256
2814352
2814528
2814676
2814821
2815117
2815157
2815323
2815403
2815450
2815451
2815578
2815590
2815706
2815862
2816061
2816159
2816374
2816627
2816639
2816787
2816869
2816901
2816930
2816974
2817027
2817071
2817313
2817452
2818021
2818055
2818065
2818366
2818472
2818773
2818844
2818894
2819117
2819236
2819298
2819347
2819367
2819484
2819557
2819590
2819840
2819883
2819946
2820131
2820306
2820311
2820313
2820340
2820404
2820415
2820738
2820920
2820954
2820990
2821233
2821255
2821598
2821604
2821654
2821733
2821777
2821832
2821911
2821983
2822047
2822123
2822213
2822378
2822405
2822568
2822620
2822669
2823071
2823135
2823268
2823315
2823324
2823638
2823917
2824073
2824404
2824593
2824634
2824812
2824827
2824915
2825268
2825294
2825304
2825380
2825538
2825658
2825700
2825871
2826204
2826252
2826313
2826789
2826937
2826982
2827075
2827111
2827124
2827146
2827269
2827316
2827352
2827473
2827692
2827717
2827813
2827840
2827972
2828031
2828085
2828145
2828239
2828310
2828385
2828412
2828677
2828780
2828855
2829038
2829106
2829162
2829255
2829263
2829291
2829349
2829471
2829801
2829972
2830041
2830362
2830374
2830466
2830497
2830570
2830602
2830622
2830682
2830822
2830877
2831118
2831240
2831274
2831394
2831455
2831678
2831686
2831690
2831865
2831962
2831964
2831994
2832012
2832191
2832220
2832453
2832575
2832712
2832748
2833042
2833092
2833094
2833241
2833256
2833576
2833582
2833586
2833602
2833615
2833661
2833713
2833827
2833989
2834023
2834099
2834108
2834130
2834318
2834360
2834458
2834691
2834782
2834917
2834943
2835108
2835196
2835232
2835489
2835495
2835535
2835632
2835794
2835811
2836098
2836148
2836204
2836261
2836586
2837068
2837139
2837160
2837320
2837579
2837639
2837813
2837951
2838063
2838140
2838238
2838281
2838400
2838587
2838635
2838679
2838712
2838815
2838937
2839120
2839190
2839203
2839303
2839394
2839401
2839624
2839627
2839635
2839718
2839841
2839866
2839998
2840191
2840325
2840418
2840669
2840762
2840774
2840828
2840912
2840963
2841093
2841483
2841539
2841646
2841935
2841995
2842038
2842226
2842284
2842372
2842559
2842694
2842743
2842819
2842861
2843087
2843235
2843393
2843548
2843701
2843832
2843913
2843991
2844003
2844062
2844203
2844220
2844419
2844468
2844552
2844602
2844995
2845117
2845244
2845431
2845462
2845868
2845966
2845987
2846125
2846141
2846190
2846298
2846534
2846593
2846750
2847323
2847410
2847442
2847727
2847833
2847933
2847977
2848043
2848169
2848325
2848468
2848688
2848722
2848764
2848820
2848949
2848993
2849022
2849359
2849410
2849451
2849611
2849697
2849924
2849992
2850046
2850111
2850113
2850201
2850382
2850431
2850476
2850505
2850591
2850692
2850796
2850813
2850834
2850839
2851042
2851243
2851360
2851410
2851511
2851670
2851697
2851773
2852037
2852153
2852258
2852368
2852558
2852679
2852901
2852944
2853107
2853229
2853582
2853591
2853604
2853683
2853709
2853869
2853884
2853982
2854044
2854456
2854465
2854526
2854615
2854739
2855013
2855078
2855418
2855502
2855865
2855990
2856216
2856800
2857077
2857482
2857643
2857696
2857825
2857942
2858189
2858424
2858494
2858497
2858563
2858596
2858786
2858833
2858840
2858890
2859074
2859229
2859244
2859272
2859299
2859325
2859643
2859720
2859867
2859922
2859986
2859999
2860030
2860166
2860379
2860433
2860574
2860781
2860813
2860862
2861192
2861339
2861550
2861713
2861918
2861954
2862040
2862183
2862354
2862441
2862546
2862595
2862603
2862636
2862736
2862798
2862827
2862902
2862994
2863003
2863162
2863187
2863300
2863560
2863903
2863953
2864138
2864458
2864599
2864646
2864664
2864840
2865157
2865383
2865505
2865574
2865675
2865948
2865960
2865982
2866266
2866291
2866324
2866334
2866436
2866506
2866606
2866635
2866638
2866754
2866877
2867028
2867043
2867057
2867111
2867343
2867405
2867452
2867768
2867812
2867932
2867945
2868019
2868267
2868544
2868585
2868852
2869070
2869171
2869305
2869501
2869571
2869675
2869837
2869854
2869977
2870126
2870201
2870410
2870429
2870528
2870656
2870882
2870896
2871242
2871306
2871419
2871479
2871512
2871567
2871782
2872007
2872260
2872273
2872340
2872344
2872404
2872434
2872435
2872459
2872467
2872697
2872842
2872905
2872922
2872980
2873310
2873424
2873813
2873951
2874025
2874439
2874454
2874626
2874669
2874737
2874769
2874807
2875048
2875503
2875630
2875662
2875725
2875904
2875912
2875934
2876091
2876369
2876486
2876674
2876847
2877283
2877337
2877434
2877440
2877566
2877589
2877775
2877815
2877976
2878015
2878082
2878107
2878278
2878330
2878637
2878766
2878983
2879112
2879404
2879416
2879554
2879565
2879708
2879919
2879934
2879989
2880034
2880054
2880124
2880226
2880264
2880278
2880307
2880620
2880731
2881153
2881306
2881391
2881643
2881668
2881745
2881914
2882023
2882026
2882086
2882235
2882319
2882330
2882380
2882532
2882548
2882626
2882667
2882774
2882909
2883029
2883051
2883179
2883189
2883214
2883272
2883297
2883386
2883570
2884047
2884188
2884473
2884822
2884853
2884957
2885140
2885278
2885510
2885524
2885601
2885666
2885783
2885793
2885868
2885982
2886006
2886705
2886779
2887115
2887169
2887343
2887398
2887460
2887531
2887546
2887549
2887944
2887985
2888071
2888094
2888193
2888319
2888328
2888534
2888629
2888698
2888707
2888875
2888926
2889117
2889140
2889193
2889327
2889358
2889985
2890018
2890099
2890105
2890232
2890271
2890450
2890476
2890638
2890726
2890816
2890938
2891059
2891102
2891252
2891288
2891523
2891723
2892100
2892139
2892154
2892218
2892264
2892284
2892382
2892470
2892621
2892796
2892866
2893086
2893300
2893346
2893357
2893430
2893474
2893653
2893698
2893728
2893755
2893899
2893932
2893999
2894218
2894309
2894649
2895022
2895131
2895349
2895521
2895680
2895760
2896136
2896205
2896408
2896733
2896975
2897040
2897086
2897158
2897201
2897631
2897857
2897945
2897947
2898006
2898030
2898047
2898188
2898374
2898891
2898915
2899333
2899352
2899410
2899840
2900426
2901245
2901403
2901416
2901472
2901571
2901765
2901883
2901974
2902075
2902139
2902366
2902416
2902477
2902556
2902630
2903041
2903199
2903241
2903344
2903465
2903617
2903648
2903669
2903693
2903980
2904011
2904019
2904176
2904235
2904399
2904502
2904700
2904741
2904750
2904896
2904937
2904960
2905028
2905246
2905256
2905261
2905296
2905340
2905391
2905423
2905475
2905770
2905796
2905881
2906022
2906085
2906097
2906561
2906973
2907051
2907066
2907125
2907233
2907239
2907269
2907271
2907323
2907370
2907772
2907942
2908027
2908164
2908702
2908863
2909121
2909256
2909361
2909468
2909471
2909615
2909691
2909772
2909855
2909881
2910194
2910230
2910318
2910499
2910711
2910868
2911139
2911289
2911405
2911464
2911533
2911546
2911713
2912097
2912220
2912226
2912421
2912444
2912446
2912502
2912705
2912908
2912997
2913058
2913416
2913442
2913503
2913527
2913601
2913693
2913812
2913935
2914050
2914086
2914325
2914509
2914655
2914793
2915027
2915114
2915202
2915279
2915308
2915331
2915767
2916044
2916072
2916178
2916233
2916396
2916474
2916604
2916639
2916703
2916731
2916974
2917023
2917046
2917096
2917110
2917629
2917705
2917858
2917957
2917980
2918005
2918013
2918108
2918114
2918130
2918139
2918198
2918235
2918299
2918301
2918467
2918620
2918657
2918665
2919036
2919363
2919369
2919527
2919583
2919742
2919952
2920097
2920164
2920347
2920722
2920728
2920734
2920738
2920876
2920973
2921000
2921092
2921222
2921378
2921840
2921917
2922063
2922117
2922291
2922400
2922417
2922420
2922542
2922556
2922640
2922790
2922932
2922934
2922949
2922994
2922998
2923057
2923273
2923304
2923500
2923793
2923822
2923892
2923954
2923976
2924036
2924038
2924065
2924255
2924476
2924481
2924780
2924834
2924941
2924993
2925035
2925038
2925127
2925168
2925171
2925194
2925336
2925521
2925535
2925541
2925567
2926028
2926133
2926235
2926241
2926393
2926557
2926744
2926770
2927124
2927330
2927607
2927627
2927728
2927831
2927953
2928434
2928446
2928501
2928531
2928902
2928973
2929793
2929975
2930029
2930064
2930183
2930328
2930535
2930724
2930812
2931038
2931077
2931165
2931176
2931227
2931466
2931626
2931783
2931913
2932236
2932311
2932339
2932479
2932626
2932688
2932725
2932810
2933043
2934111
2934277
2934673
2934809
2935057
2935255
2935287
2935775
2935791
2936516
2936570
2936657
2936765
2936817
2936844
2937044
2937542
2937626
2937941
2938021
2938278
2938362
2938680
2938681
2938901
2938924
2939165
2939550
2939646
2939762
2939778
2939867
2939906
2939926
2940068
2940133
2940182
2940353
2940768
2941191
2941795
2941830
2941882
2941993
2942047
2942229
2942347
2942396
2942424
2942451
2942518
2942522
2942561
2942599
2942649
2942778
2942863
2942931
2943172
2943320
2943339
2943529
2943556
2943591
2943626
2944014
2944216
2944265
2944416
2944517
2944742
2945058
2945088
2945311
2945877
2945892
2945980
2946055
2946281
2946530
2946537
2946538
2946704
2947131
2947156
2947161
2947163
2947244
2947510
2947564
2947570
2947705
2947814
2947857
2948053
2948337
2948414
2948645
2949122
2949176
2949458
2949697
2949739
2949778
2949826
2949947
2950343
2950633
2950890
2951020
2951082
2951144
2951264
2951579
2952083
2952135
2952182
2952209
2952407
2952648
2952650
2952651
2952700
2952937
2953298
2953375
2953428
2953567
2953744
2953809
2953918
2953998
2954001
2954014
2954226
2954268
2954409
2954458
2954795
2954859
2954942
2955207
2955611
2955669
2955847
2955956
2956007
2956237
2956254
2956400
2956815
2956935
2957022
2957156
2957318
2957369
2957522
2957606
2957777
2958167
2958439
2958562
2958704
2958764
2958939
2958996
2959006
2959037
2959172
2959183
2959350
2959395
2959652
2959741
2959779
2959923
2960023
2960042
2960892
2961127
2961279
2961290
2961318
2961509
2961532
2961726
2961770
2961776
2962120
2962211
2962276
2962310
2962354
2962374
2962473
2962671
2962749
2962983
2963174
2963263
2963519
2963678
2963730
2963765
2963823
2963991
2964079
2964089
2964096
2964521
2964695
2964724
2965086
2965095
2965273
2965330
2965522
2965604
2965899
2966001
2966005
2966204
2966291
2966548
2966620
2966818
2966870
2966883
2967105
2967113
2967172
2967383
2967471
2967475
2967633
2967739
2967954
2967955
2967969
2968038
2968118
2968314
2968369
2968370
2968714
2969251
2969278
2969351
2969828
2970093
2970187
2970668
2970677
2970687
2971510
2971588
2971702
2971888
2971974
2972121
2972218
2972283
2972449
2972526
2972628
2972684
2972854
2972953
2972962
2973040
2973223
2973315
2973344
2973653
2973901
2973982
2974018
2974683
2974887
2974906
2975017
2975120
2975299
2975359
2975397
2975792
2975800
2975847
2975971
2975981
2976065
2976089
2976126
2976161
2976314
2976426
2976657
2976748
2976947
2977155
2977282
2977513
2977648
2977743
2977753
2977820
2977833
2978090
2978254
2978506
2978595
2978712
2978755
2978877
2979222
2979248
2979524
2979723
2979737
2980071
2980261
2980521
2980684
2980704
2980761
2980865
2980916
2980936
2981137
2981346
2981519
2981568
2981775
2981788
2981921
2981988
2982047
2982219
2982359
2982387
2982560
2982791
2982921
2982928
2982942
2982953
2983345
2983382
2983404
2983426
2983455
2983733
2983784
2983853
2983859
2984052
2984098
2984151
2984222
2984289
2984372
2984431
2984469
2984503
2984519
2984604
2984685
2984829
2984884
2985021
2985222
2985250
2985523
2985846
2985992
2986061
2986303
2986785
2987042
2987292
2987971
2988107
2988122
2988132
2988209
2988270
2988358
2988370
2988625
2988643
2988758
2988814
2988851
2988894
2988966
2988983
2988992
2989028
2989259
2989383
2989509
2989614
2989689
2989763
2989875
2990092
2990295
2990570
2990697
2990728
2990771
2990785
2991117
2991834
2992109
2992261
2992613
2992676
2992714
2992742
2992953
2993068
2993346
2993699
2994009
2994139
2994142
2994191
2994320
2994481
2994506
2994659
2994698
2994773
2994793
2994800
2994833
2995095
2995275
2995321
2995341
2995350
2995409
2995556
2995634
2995656
2995753
2995950
2996089
2996218
2996285
2996568
2997028
2997249
2997432
2997511
2997576
2997695
2997913
2997935
2997937
2998164
2998209
2998285
2998327
2998449
2998469
2998735
2998823
2998930
2999127
2999191
2999237
2999379
2999431
2999520
2999557
2999565
2999760
2999774
3000008
3000077
3000108
3000123
3000151
3000262
3000329
3000352
3000661
3000732
3000765
3000787
3000815
3000907
3000973
3001077
3001105
3001151
3001213
3001244
3001377
3001379
3001557
3002403
3003244
3003348
3003655
3003714
3004057
3004082
3004224
3004378
3004533
3004888
3005318
3005477
3005612
3005657
3005675
3005768
3005802
3005848
3006393
3006458
3006474
3006533
3006571
3006917
3007072
3007099
3007151
3007642
3007818
3007850
3007852
3008047
3008141
3008203
3008472
3008475
3008711
3008751
3008832
3009499
3009659
3009674
3009976
3009998
3010326
3010526
3010673
3010733
3010734
3010858
3010888
3010908
3011017
3011182
3011656
3012003
3012107
3012396
3012436
3012503
3012521
3012677
3012738
3013320
3013378
3013608
3013721
3013798
3013850
3013885
3013989
3014040
3014093
3014392
3014515
3014559
3014767
3014793
3014920
3015086
3015090
3015184
3015241
3015278
3015298
3015333
3015341
3015448
3015696
3015799
3016090
3016375
3016777
3016881
3016901
3016989
3017232
3017533
3017648
3017750
3017837
3017878
3017882
3017890
3017984
3017990
3018171
3018208
3018410
3018557
3018698
3018704
3018746
3018944
3019084
3019408
3019532
3019782
3019813
3019829
3020292
3020295
3020302
3020734
3020766
3020919
3020934
3020973
3021108
3021383
3021645
3021690
3022096
3022169
3022323
3022485
3022691
3022883
3023072
3023114
3023127
3023178
3023190
3023264
3023733
3023776
3023809
3023862
3023919
3023937
3024210
3024213
3024280
3024313
3024319
3024374
3024483
3024578
3024780
3024781
3024787
3025320
3025422
3025489
3025596
3025604
3025758
3025934
3026066
3026118
3026151
3026236
3026273
3026377
3026512
3026518
3026910
3026985
3027180
3027466
3027664
3027772
3028229
3028251
3028401
3028601
3028689
3028702
3028732
3028859
3029002
3029577
3029645
3029664
3029789
3029835
3030273
3030618
3030653
3030800
3030813
3030859
3031128
3031648
3031729
3031777
3031794
3032003
3032070
3032313
3032483
3032717
3032750
3033017
3033039
3033195
3033226
3033249
3033559
3033750
3033953
3034078
3034191
3034410
3034416
3034530
3034794
3034990
3035159
3035229
3035417
3035687
3035691
3035887
3035961
3035984
3036039
3036107
3036117
3036193
3036207
3036319
3036327
3036377
3036704
3036722
3036792
3037206
3037227
3037416
3037482
3037506
3037532
3037677
3037740
3037927
3037981
3038024
3038146
3038205
3038310
3038360
3038508
3038733
3038864
3039024
3039107
3039197
3039212
3039558
3039642
3039681
3039740
3039884
3039989
3040221
3040235
3040352
3040377
3040677
3040942
3041404
3041436
3041555
3041910
3042456
3042544
3042748
3042809
3043570
3044064
3044181
3044289
3044558
3044618
3044627
3044650
3044712
3044723
3045074
3045519
3045645
3045729
3045947
3046155
3046640
3046777
3046906
3047049
3047096
3047276
3047384
3047387
3047652
3047792
3047834
3048069
3048182
3048399
3048472
3048574
3048608
3048768
3048825
3048862
3048907
3049118
3049143
3049207
3049210
3049308
3049464
3049498
3049502
3049671
3049677
3050061
3050090
3050099
3050143
3050162
3050163
3050429
3050444
3050565
3050685
3050688
3050868
3050987
3051040
3051075
3051099
3051121
3051162
3051182
3051354
3051461
3051762
3052287
3052371
3052423
3052560
3052686
3052694
3052721
3052933
3052993
3053052
3053320
3053442
3053475
3053480
3053544
3053707
3053944
3053995
3054039
3054098
3054162
3054391
3054454
3054490
3054712
3054754
3054843
3054879
3055182
3055464
3055477
3055545
3055585
3055639
3055740
3055820
3056055
3056250
3056450
3056836
3056985
3057125
3057149
3057187
3057205
3057244
3057296
3057717
3057791
3058169
3058279
3058314
3058373
3058517
3058606
3058662
3058741
3058787
3058910
3058957
3059147
3059568
3059586
3059742
3059906
3059968
3060017
3060082
3060160
3060514
3060662
3060757
3060910
3061039
3061250
3061358
3061360
3061798
3061880
3062020
3062122
3062185
3062188
3062359
3062569
3062657
3063041
3063124
3063268
3063336
3063486
3063590
3063599
3063792
3063808
3064000
3064078
3064120
3064185
3064244
3064285
3064547
3064757
3064845
3065062
3065195
3065207
3065278
3065319
3065321
3065509
3065561
3065599
3065645
3065717
3065865
3065870
3065993
3066233
3066426
3066504
3066565
3066698
3066801
3067199
3067428
3067473
3067592
3068132
3068270
3068309
3068337
3068359
3068570
3069296
3069354
3069540
3069824
3070211
3070490
3070694
3070841
3070972
3070981
3071200
3071378
3071399
3071405
3071463
3072025
3072076
3072241
3072436
3072456
3072489
3072740
3072821
3072873
3072915
3073023
3073090
3073120
3073122
3073144
3073427
3073914
3074171
3074601
3074615
3074885
3074916
3075067
3075338
3075349
3075395
3075561
3075828
3075988
3076583
3076847
3077046
3077105
3077181
3077188
3077204
3077494
3077753
3077779
3077926
3078237
3078675
3079137
3079149
3079222
3079244
3079333
3079396
3079428
3079470
3079643
3079738
3080244
3080415
3080505
3080523
3080567
3080581
3080623
3080742
3080766
3080858
3080915
3080930
3080952
3081130
3081373
3081611
3081718
3081831
3082072
3082105
3082189
3082555
3082624
3082636
3082925
3082926
3082963
3083021
3083064
3083125
3083672
3084493
3084560
3084711
3084753
3084843
3085029
3085054
3085061
3085130
3085136
3085178
3085360
3085907
3086046
3086051
3086386
3086557
3086799
3086953
3087203
3087321
3087345
3087434
3087654
3087666
3087759
3087771
3087991
3088299
3088306
3088559
3088811
3088829
3088928
3088939
3089013
3089100
3089230
3089262
3089345
3089486
3089541
3089793
3089918
3089975
3090019
3090073
3090542
3090694
3090730
3090761
3090842
3091304
3091385
3091405
3091967
3092179
3092235
3092309
3092336
3092477
3092497
3092669
3092809
3092822
3092834
3092926
3092943
3092946
3092974
3092993
3093133
3093195
3093257
3093381
3093466
3093472
3093832
3093913
3094224
3094225
3094343
3094487
3094508
3094651
3094741
3094788
3094806
3094962
3095049
3095095
3095215
3095438
3095523
3095524
3095532
3095900
3095966
3096027
3096114
3096427
3096504
3096615
3096960
3097154
3097172
3097181
3097276
3098201
3098243
3099190
3099258
3099486
3099536
3099601
3099665
3099734
3099833
3099918
3099950
3099989
3100876
3100883
3100890
3100966
3101047
3101254
3101406
3101619
3101877
3101910
3102007
3102179
3102339
3102440
3102551
3102560
3102810
3102946
3103031
3103263
3103391
3103396
3103700
3103723
3103753
3103923
3104070
3104087
3104191
3104477
3104544
3104586
3104677
3104740
3105077
3105139
3105938
3106022
3106322
3106363
3106408
3106421
3106622
3106758
3106770
3106856
3106942
3107141
3107180
3107504
3107870
3108313
3108366
3108464
3108477
3108494
3108532
3108546
3108699
3108877
3108965
3109160
3109324
3109368
3109425
3109483
3109527
3109796
3109808
3109938
3110057
3110432
3110556
3110806
3111054
3111182
3111257
3111318
3111363
3111427
3111547
3111553
3111586
3111677
3111720
3112121
3112158
3112270
3112437
3112555
3112568
3112642
3112647
3112652
3112762
3112799
3112901
3113052
3113215
3113261
3113365
3113391
3113605
3114065
3114173
3114356
3114388
3114428
3114553
3114578
3114712
3114827
3115189
3115239
3115547
3115817
3115848
3115916
3116026
3116155
3116285
3116310
3116354
3116439
3116460
3116478
3116547
3116955
3117397
3117444
3117630
3118017
3118077
3118768
3118875
3119054
3119273
3119366
3119545
3119575
3119701
3119753
3119776
3120053
3120139
3120141
3120162
3120232
3120246
3120396
3120457
3120621
3120788
3120883
3121096
3121299
3121581
3121728
3121862
3121897
3121907
3122087
3122131
3122439
3122508
3122595
3122730
3122928
3123031
3123045
3123084
3123090
3123136
3123222
3123305
3123430
3123555
3123611
3124251
3124691
3124818
3125092
3125093
3125173
3125199
3125384
3125537
3125538
3126067
3126153
3126181
3126308
3126447
3126557
3126585
3126702
3126712
3126775
3126854
3127213
3127567
3127588
3127796
3128294
3128299
3128403
3128468
3128534
3128673
3128719
3128725
3128832
3129234
3129375
3129489
3129496
3129697
3130162
3130351
3130635
3130639
3130698
3130977
3131050
3131070
3131155
3131164
3131372
3131408
3131521
3131596
3131784
3131786
3131824
3131971
3132000
3132009
3132032
3132145
3132334
3132445
3132462
3133053
3133300
3133349
3133469
3133688
3133766
3133840
3133873
3134249
3134345
3134444
3134622
3134683
3134736
3134783
3134815
3134856
3135086
3135206
3135229
3135285
3135403
3135706
3135718
3135860
3135929
3135939
3136043
3136191
3136485
3137023
3137336
3137409
3137473
3137624
3137684
3137817
3138038
3138050
3138060
3138136
3138188
3138261
3138444
3138489
3138791
3138798
3139032
3139036
3139045
3139123
3139302
3139321
3139410
3139520
3139775
3140021
3140034
3140326
3140343
3140478
3141679
3141915
3142243
3142366
3142532
3142554
3142647
3142690
3142819
3142870
3143100
3143143
3143598
3143706
3143745
3143967
3144065
3144224
3144261
3144352
3144392
3145159
3145226
3145327
3145330
3145564
3145571
3146021
3146084
3146114
3146129
3146163
3146489
3146494
3146548
3146670
3146747
3146844
3146859
3146931
3147133
3147170
3147628
3147732
3148001
3148114
3148118
3148123
3148283
3148577
3148717
3148778
3148864
3149222
3149621
3149637
3149683
3149789
3149795
3149812
3150300
3150320
3150670
3150703
3150734
3150936
3151318
3151401
3151487
3151529
3151740
3152018
3152092
3152328
3152391
3152473
3152601
3152771
3152777
3152856
3152893
3153296
3153314
3153451
3153523
3153581
3153714
3153740
3153801
3153854
3153974
3154146
3154325
3154457
3154520
3154547
3155105
3155108
3155214
3155372
3155974
3156123
3156156
3156300
3156384
3156494
3156646
3157012
3157153
3157311
3157385
3157473
3157496
3157508
3157530
3157673
3157784
3158002
3158004
3158051
3158173
3158262
3158304
3158308
3158429
3158692
3158851
3159058
3159322
3159591
3159604
3159774
3160069
3160208
3160243
3160251
3160268
3160636
3160653
3160802
3160865
3160950
3160989
3161021
3161076
3161091
3161092
3161208
3161241
3161611
3161689
3161970
3161974
3162215
3162395
3162610
3162694
3162729
3162740
3162802
3162924
3163056
3163221
3163700
3163969
3163982
3164213
3164244
3164277
3164308
3164357
3164520
3164655
3164800
3164852
3165131
3165151
3165164
3165196
3165231
3165274
3165298
3165310
3165418
3165493
3165673
3165710
3165819
3166206
3166252
3166260
3166297
3166438
3166671
3167070
3167348
3167517
3167601
3167663
3167909
3168157
3168599
3168925
3169020
3169225
3169268
3169313
3169395
3169405
3169537
3169665
3169832
3170055
3170213
3170245
3170604
3171374
3171423
3171910
3171959
3172054
3172092
3172118
3172135
3172231
3172375
3172616
3172877
3173231
3173363
3173400
3173406
3173463
3173478
3173653
3173666
3173731
3173883
3174073
3174264
3174609
3174622
3175462
3175647
3176011
3176075
3176115
3176187
3176216
3176247
3176262
3176278
3176339
3176634
3176656
3176716
3176826
3176980
3177036
3177144
3177222
3177645
3177661
3177683
3177790
3177879
3177894
3178252
3178303
3178326
3178331
3178714
3178860
3178891
3178978
3179064
3179089
3179161
3179398
3179465
3179670
3179754
3179987
3180046
3180075
3180207
3180468
3180562
3180620
3180706
3180901
3181002
3181023
3181146
3181283
3181496
3181667
3181764
3181823
3182096
3182160
3182470
3182511
3182697
3182973
3182978
3183011
3183089
3183171
3183212
3183256
3183432
3183532
3183827
3183930
3183963
3184071
3184104
3184117
3184268
3184333
3184367
3184553
3184694
3184863
3184895
3185038
3185255
3185768
3185905
3186104
3186655
3186726
3186771
3187544
3187558
3187666
3188001
3188047
3188344
3188345
3188353
3188557
3188560
3188598
3188644
3188858
3188872
3189071
3189377
3189461
3189821
3189981
3190188
3190373
3190685
3190770
3190791
3190795
3191113
3191153
3191188
3191209
3191339
3191489
3191527
3191574
3191672
3191934
3191943
3191984
3191990
3192116
3192139
3192177
3192252
3192366
3192375
3192437
3192451
3192535
3192743
3192879
3193111
3193240
3193483
3193485
3193954
3194073
3194170
3194456
3194583
3194806
3194915
3194921
3194935
3194955
3195013
3195014
3195160
3195213
3195552
3195602
3195639
3195842
3195943
3196216
3196231
3196343
3196400
3196454
3196777
3197029
3197169
3197224
3197419
3197450
3197584
3197617
3197802
3197942
3197947
3197963
3198064
3198077
3198151
3198163
3198232
3198589
3199028
3199221
3199623
3199781
3200009
3200010
3200154
3200393
3200636
3200789
3200835
3201033
3201243
3201800
3201866
3201980
3202051
3202098
3202168
3202182
3202278
3202384
3202472
3203222
3203282
3203441
3203525
3203622
3203639
3203696
3203707
3203721
3203727
3203780
3203795
3204056
3204236
3204266
3204391
3204537
3204789
3204830
3204941
3205185
3205600
3205730
3205757
3205831
3206588
3206761
3206861
3206910
3206995
3207047
3207216
3207264
3207265
3207319
3207602
3207928
3207941
3208282
3208284
3208485
3208808
3208829
3209060
3209142
3209486
3209617
3209798
3209849
3210000
3210571
3210577
3210759
3210788
3210917
3211074
3211163
3211174
3211487
3211565
3211595
3211762
3212120
3212181
3212220
3212278
3212290
3212378
3212904
3212906
3212942
3212946
3213022
3213514
3214025
3214153
3214295
3214324
3214711
3214827
3214880
3215309
3215344
3215426
3215522
3215843
3215929
3215949
3216251
3216390
3216559
3216779
3216781
3217227
3217299
3217340
3217409
3217461
3217540
3217591
3217647
3217670
3217741
3217807
3217870
3217917
3218184
3218247
3218441
3218608
3218782
3218813
3218941
3219045
3219220
3219378
3219602
3219605
3219864
3219889
3220006
3220029
3220129
3220290
3220369
3220418
3220566
3220655
3220719
3220793
3220936
3221049
3221164
3221189
3221419
3221426
3221582
3221620
3221622
3221683
3221701
3221730
3221824
3221934
3221975
3222048
3222066
3222075
3222192
3222440
3222465
3222765
3222898
3222940
3223081
3223284
3223339
3223360
3223504
3223506
3223568
3223590
3223688
3223741
3224120
3224477
3224496
3224618
3225111
3225217
3225242
3225674
3225936
3225962
3226368
3226497
3226582
3226812
3226916
3226925
3227037
3227133
3227302
3227303
3227304
3227327
3227393
3227407
3227546
3227566
3227621
3227825
3227879
3228205
3228397
3228565
3228609
3228952
3229025
3229432
3229441
3229623
3229660
3229806
3229988
3230025
3230479
3230486
3230783
3230837
3231018
3231479
3231573
3231800
3231829
3231980
3231987
3232028
3232485
3232512
3232847
3232880
3233020
3233090
3233142
3233258
3233335
3233441
3233484
3233514
3233972
3234039
3234713
3234839
3234850
3234862
3234951
3235145
3235206
3235242
3235414
3235521
3235599
3235609
3235647
3235692
3235699
3236202
3236401
3236414
3236486
3236502
3236560
3236689
3236959
3236998
3237278
3237354
3237414
3237462
3237516
3237545
3237601
3237614
3237826
3238078
3238181
3238390
3238684
3238927
3239115
3239645
3239758
3240034
3240036
3240121
3240138
3240283
3240654
3240780
3240969
3241130
3241142
3241616
3241631
3241828
3241926
3241971
3242672
3243022
3243057
3243186
3243187
3243255
3243312
3243352
3243437
3243487
3243723
3243796
3243872
3243909
3243919
3244029
3244058
3244067
3244223
3245127
3245150
3245186
3245324
3245634
3245728
3245811
3245936
3246089
3246159
3246277
3246580
3246669
3246679
3246764
3246765
3247101
3247287
3247499
3247663
3247723
3247970
3248186
3248568
3248578
3248872
3248940
3249446
3249598
3249641
3249984
3249986
3250043
3250054
3250056
3250112
3250262
3250401
3250626
3250706
3250795
3250797
3250979
3250996
3250998
3251512
3251529
3251732
3251800
3251806
3252015
3252615
3252875
3252992
3253142
3253283
3253287
3253302
3253321
3253458
3253561
3253699
3254166
3254184
3254598
3254792
3254935
3255110
3255143
3255148
3255305
3255471
3255747
3255971
3255975
3256180
3256225
3256338
3256706
3256845
3257069
3257231
3257364
3257478
3257505
3257520
3257615
3257639
3257665
3257684
3257796
3258109
3258209
3258496
3258564
3258896
3258913
3259362
3259477
3259485
3259744
3259794
3259841
3259967
3260012
3260227
3260445
3260468
3260794
3260829
3260946
3261258
3261449
3261749
3261775
3261837
3261948
3262065
3262193
3262218
3262493
3262521
3262619
3262646
3262648
3262692
3262709
3262778
3262974
3263201
3263310
3263334
3263423
3263450
3263619
3263761
3263902
3264072
3264508
3264567
3264615
3264628
3264632
3264643
3264673
3264801
3265037
3265063
3265496
3265608
3265669
3265699
3265868
3265874
3266208
3266427
3266517
3266933
3267009
3267292
3267358
3267439
3267546
3267551
3267580
3267843
3268199
3268378
3268435
3268558
3268569
3268649
3268668
3268720
3268833
3269169
3269194
3269394
3269432
3269440
3269931
3270076
3270512
3270745
3270758
3270898
3271549
3271601
3271639
3271675
3271694
3272277
3272484
3272880
3273006
3273161
3273208
3273267
3273554
3273677
3273744
3273962
3274115
3274308
3274491
3274604
3274669
3274675
3274725
3275270
3275271
3275296
3275302
3275563
3275625
3275631
3276260
3276388
3276630
3276681
3276996
3277144
3277666
3278136
3278140
3278143
3278168
3278175
3278349
3278464
3278663
3278676
3278757
3278790
3279058
3279279
3279481
3279647
3279741
3279862
3279919
3280036
3280343
3280926
3280998
3280999
3281169
3281231
3281272
3281277
3281392
3281870
3281913
3282144
3282195
3282357
3282386
3282417
3282556
3282647
3282749
3282918
3282999
3283167
3283300
3283348
3283452
3283574
3283592
3283714
3283847
3284003
3284294
3284383
3284568
3284637
3285124
3285584
3285715
3285914
3285981
3285989
3285998
3286199
3286232
3286235
3286420
3286436
3286555
3286591
3286625
3286725
3286857
3286880
3287089
3287353
3287789
3287937
3287938
3288231
3288244
3288263
3288366
3288417
3288432
3288625
3288755
3289249
3289370
3289401
3289447
3289527
3289536
3289776
3290397
3290431
3290576
3290594
3290618
3290738
3290974
3291337
3291543
3291939
3291967
3292017
3292113
3292339
3292468
3292535
3292579
3292699
3292734
3292872
3293016
3293095
3293096
3293206
3293293
3293322
3293734
3294139
3294152
3294173
3294219
3294572
3294842
3295264
3295341
3295610
3295630
3295650
3295697
3295820
3296177
3296462
3296630
3296672
3296678
3296770
3296800
3296915
3296984
3297231
3297238
3297561
3297685
3297881
3297927
3298109
3298194
3298209
3298432
3298745
3298763
3298910
3298923
3299114
3299320
3299379
3299395
3299506
3299530
3299762
3299769
3299815
3299879
3299965
3300171
3300379
3300507
3300755
3301003
3301043
3301059
3301152
3301192
3301412
3301629
3301690
3301816
3301984
3302157
3302302
3302325
3302520
3302597
3302772
3302937
3302973
3302994
3303100
3303623
3303714
3303811
3303925
3304080
3304220
3304633
3304674
3304786
3304799
3304903
3304918
3305011
3305117
3305282
3305728
3306016
3306023
3306271
3306308
3306355
3306745
3306847
3307088
3307121
3307299
3307335
3307902
3307950
3307967
3308247
3308500
3308533
3308537
3308646
3308838
3308937
3309030
3309150
3310289
3310416
3310844
3310957
3310962
3310968
3311234
3311353
3311489
3311968
3311996
3312344
3312642
3312734
3312844
3312856
3312992
3313436
3313439
3313706
3313876
3313975
3314142
3314343
3314474
3314525
3314621
3314857
3314867
3314906
3314911
3314994
3315003
3315579
3315757
3315920
3316515
3316541
3316735
3316782
3317003
3317240
3317312
3317342
3318183
3318310
3318355
3318475
3318845
3318917
3318993
3319311
3319463
3319468
3319481
3319495
3319505
3319996
3320027
3320188
3320324
3320332
3320466
3321041
3321116
3321159
3321202
3321390
3321404
3321435
3321762
3321794
3321798
3321922
3321956
3322199
3322203
3322400
3322543
3322924
3323179
3323217
3323282
3323470
3323478
3323591
3323727
3323929
3323989
3324038
3324513
3324536
3324539
3324583
3324973
3325006
3325124
3325141
3325254
3325359
3325861
3326021
3326046
3326253
3326265
3326286
3326452
3326521
3326693
3326750
3326886
3326972
3327047
3327387
3327735
3327776
3328146
3328237
3328337
3328747
3328882
3329032
3329111
3329372
3329456
3329705
3329733
3329745
3329865
3329925
3330185
3330251
3330438
3330765
3330816
3330961
3331041
3331216
3331544
3331584
3331886
3332265
3332271
3332274
3332441
3332667
3332924
3333076
3333684
3333691
3333742
3333833
3333993
3334288
3334362
3334465
3334782
3334823
3334898
3335086
3335606
3335687
3335795
3336092
3336123
3336410
3336680
3336720
3336848
3336919
3337366
3337764
3337876
3337956
3338001
3338125
3338279
3338320
3338378
3338510
3338873
3339006
3339156
3339180
3339266
3339301
3339326
3339643
3340320
3340526
3340723
3341081
3341215
3341252
3341288
3341587
3341637
3341749
3342071
3342259
3342286
3342291
3342440
3342553
3343504
3343776
3343840
3343853
3343893
3343959
3344218
3344375
3344432
3344686
3345292
3345507
3345615
3345708
3345784
3345853
3345923
3346322
3346328
3346375
3346404
3346862
3347538
3347553
3347610
3347726
3347870
3348163
3348490
3348508
3348537
3348901
3349215
3349454
3349492
3349503
3349674
3349718
3349830
3349874
3350011
3350117
3350977
3351008
3351087
3351109
3351156
3351231
3351632
3351719
3351785
3351895
3352029
3352373
3352691
3352727
3352756
3353193
3353273
3353336
3353469
3353577
3353681
3353958
3354161
3354621
3354828
3355122
3355296
3355840
3355892
3356091
3356179
3356453
3356515
3356535
3356931
3356952
3356985
3357141
3357314
3357399
3357489
3357526
3357672
3357779
3357887
3358037
3358049
3358106
3358403
3358734
3358995
3359051
3359268
3359430
3359615
3359762
3359939
3360134
3360406
3360474
3360477
3360653
3360764
3360783
3360792
3360822
3360835
3360948
3361010
3361016
3361064
3361318
3361513
3361927
3362609
3362616
3362678
3362693
3362702
3362759
3362841
3362860
3362891
3363040
3363226
3363330
3363400
3363420
3363530
3363795
3364152
3364910
3365306
3365316
3365861
3365891
3365906
3366230
3366318
3366492
3366536
3366755
3366824
3367085
3367322
3367437
3367944
3368092
3368336
3368355
3368838
3368972
3369086
3369148
3369278
3369543
3369620
3369645
3369739
3369868
3369888
3369995
3370012
3370124
3370330
3370357
3370387
3370505
3370611
3370904
3371452
3371647
3371701
3371883
3372082
3372466
3372513
3372608
3372616
3372658
3372718
3372854
3372902
3373097
3373521
3373599
3374272
3374275
3374546
3374690
3375019
3375113
3375158
3375706
3375729
3375927
3376253
3376310
3376451
3376514
3376749
3377048
3377169
3377253
3377385
3377393
3377574
3377922
3378077
3378394
3378756
3379010
3379196
3379265
3379705
3379798
3379834
3379839
3380052
3380326
3380665
3380932
3380959
3381008
3381095
3381197
3381285
3381390
3381842
3381926
3382005
3382091
3382293
3382341
3382646
3382653
3383106
3383224
3383321
3383333
3383348
3383510
3383578
3383717
3383973
3384019
3384106
3384609
3384762
3384814
3385093
3385126
3385346
3385528
3385639
3385657
3385706
3385962
3385975
3386057
3386498
3386721
3386810
3386822
3386900
3386935
3387003
3387131
3387299
3387374
3387406
3387431
3387523
3387729
3387997
3388095
3388204
3388253
3388403
3388454
3388517
3388536
3388648
3388849
3388885
3388962
3389274
3389300
3389567
3389596
3389930
3390304
3390487
3390741
3390871
3390976
3391108
3391152
3391159
3391291
3391506
3391566
3391857
3391941
3392295
3392492
3392525
3392610
3392636
3392861
3392874
3392940
3392983
3393591
3393669
3393856
3393948
3394031
3394257
3394403
3394458
3394656
3394782
3394870
3395065
3395107
3395124
3395225
3395443
3395463
3395635
3395696
3395704
3395716
3396148
3396163
3396305
3396507
3396888
3397232
3397298
3397322
3397344
3397439
3397484
3397545
3397726
3397746
3398531
3398632
3398647
3398749
3398778
3398836
3398915
3399002
3399161
3399495
3399603
3399735
3399810
3399942
3400003
3400011
3400300
3400331
3400563
3400634
3400785
3400847
3400870
3400887
3401231
3401274
