170
280
305
514
527
580
649
688
812
819
1145
1200
1203
1257
1270
1317
1333
1347
1371
1373
1379
1384
1485
1732
1818
1831
2057
2071
2127
2136
2191
2270
2513
2657
2671
2685
2702
2951
3160
3249
3294
3491
3500
3709
3714
3842
3874
3989
4087
4114
4142
4292
4434
4467
4487
4526
4572
4604
4667
4716
4761
4855
4952
4993
5145
5168
5235
5394
5411
5464
5482
5582
5590
5739
5782
5797
5896
5912
5916
5964
5988
6094
6140
6192
6239
6329
6387
6562
6619
6695
6721
6923
6946
7221
7223
7261
7330
7401
7449
7835
7869
7963
7984
8061
8306
8334
8467
8468
8557
8617
8818
9050
9205
9538
9563
9589
9617
9681
9753
9762
9886
9955
10004
10023
10076
10134
10160
10196
10357
10484
10496
10549
10586
10656
10704
10735
10751
10774
10871
11001
11034
11123
11374
11398
11400
11406
11438
11568
11811
11883
11974
12014
12053
12141
12306
12361
12863
13005
13084
13157
13217
13257
13502
13687
13695
13731
13891
13988
14018
14524
14616
14623
14635
14638
14678
14849
14852
15170
15189
15194
15294
15362
15475
15551
15603
15886
15909
15911
15914
16131
16186
16231
16243
16248
16415
16439
16448
16506
16510
16608
16613
16667
16674
16690
17104
17164
17492
17534
17550
17576
17738
17802
17840
17857
18015
18069
18169
18269
18309
18405
18454
18611
18714
18737
18884
18897
18932
19166
19535
19556
19671
19733
19738
19867
19930
20089
20106
20196
20356
20433
20502
20552
20606
20656
20662
20669
21248
21411
21495
21655
21689
21812
21829
21857
22001
22027
22045
22079
22099
22167
22194
22247
22265
22273
22302
22307
22542
22543
22655
22683
22720
22745
22803
23103
23209
23245
23287
23363
23376
23492
23547
23557
23628
23637
23689
23705
23718
23783
23840
24193
24247
24350
24403
24414
24437
24448
24521
24599
24620
24677
24688
24689
24772
24788
24810
24847
24866
24880
24945
25199
25255
25377
25589
25618
25624
25755
25841
25885
25893
26211
26318
26320
26322
26656
26690
26886
26941
27052
27134
27196
27360
27416
27472
27621
27668
27752
28008
28021
28064
28132
28267
28268
28294
28304
28378
28435
28608
28803
28817
28911
28931
29026
29091
29107
29162
29181
29370
29381
29483
29490
29521
29523
29711
29744
30043
30090
30130
30132
30157
30288
30308
30423
30427
30457
30562
30618
30620
30698
30754
30781
30838
30872
31069
31118
31484
31489
31519
31535
31590
31665
31723
31879
31892
32131
32246
32418
32473
32573
32600
32630
32687
32730
32842
32911
32912
32987
33175
33237
33308
33313
33401
33483
33491
33492
33597
33666
33756
33787
33840
33896
34170
34265
34266
34412
34512
34650
34668
34764
34822
34938
34944
35055
35108
35123
35223
35240
35434
35525
35534
35558
35750
35834
35853
35975
35993
36102
36217
36221
36317
36372
36569
36706
36960
36984
37068
37074
37076
37107
37554
37684
37702
37788
37871
37892
38035
38043
38112
38142
38146
38222
38331
38348
38411
38470
38687
38734
38771
38820
38865
38887
39026
39427
39513
39581
39625
39691
39712
39863
39935
40035
40242
40262
40344
40402
40441
40480
40670
40682
40933
41060
41073
41216
41237
41555
41632
41642
41841
42412
42461
42475
42599
42603
42609
42734
42864
43007
43070
43084
43110
43299
43556
43747
43816
44088
44089
44194
44272
44298
44467
44569
44672
44688
44738
44855
44955
45092
45139
45151
45293
45361
45394
45449
45469
45622
45676
45724
45729
45738
45855
45886
46143
46145
46220
46252
46310
46338
46518
46589
46598
46621
46774
46819
46852
46945
47004
47022
47070
47166
47389
47470
47488
47501
47711
47801
47807
47878
47934
47958
47974
48030
48203
48465
48502
48512
48541
48614
48650
48847
48868
48896
48956
49050
49298
49341
49506
49687
49688
49864
50032
50079
50181
50249
50252
50360
50376
50507
50514
50530
50708
50753
50762
51038
51291
51349
51362
51479
51481
51557
51596
51643
51700
51712
51819
51892
51925
51932
52142
52223
52236
52249
52299
52462
52552
52626
52642
52819
52868
53030
53614
53746
53817
53865
53926
54067
54108
54121
54187
54214
54229
54234
54276
54316
54432
54472
54546
54557
54675
54809
54832
54997
55322
55328
55423
55436
55471
55491
55510
55645
55683
55705
55766
55877
56030
56091
56424
56522
56523
56622
56696
56708
56786
56957
57309
57331
57524
57643
57680
57748
57869
57879
57957
58070
58145
58436
58460
58506
58556
58637
58702
58722
58767
58846
59077
59243
59316
59372
59487
59501
59576
59606
59736
59772
59779
59784
59804
59837
59972
60081
60165
60212
60447
60491
60519
60572
60646
60740
60835
60899
60966
60971
61109
61238
61291
61456
61581
61591
61660
61708
61782
61792
61945
62105
62285
62293
62379
62402
62501
62537
62560
62583
62654
62763
62831
62879
62947
62956
62978
63008
63122
63222
63242
63263
63367
63383
63553
63605
63701
63745
63883
63937
63957
64063
64105
64171
64263
64293
64374
64560
64609
64712
64745
64814
64928
65037
65045
65090
65119
65349
65377
65387
65466
65512
65540
65578
65584
65663
65682
65767
65856
65868
65942
65945
65970
66052
66112
66346
66387
66408
66566
66606
66685
67052
67287
67317
67328
67446
67453
67501
67668
67684
67728
67784
67840
67950
68203
68241
68268
68439
68608
68646
68733
68817
68844
68885
68935
69253
69359
69494
69582
69684
69696
69748
69795
69825
69826
69859
69976
69986
70010
70067
70102
70196
70340
70518
70681
70882
70908
70955
71040
71045
71193
71218
71348
71440
71555
71583
71616
71628
71648
71756
72080
72212
72238
72481
72532
72560
72659
72668
72696
72717
72826
72838
72904
73100
73228
73284
73296
73373
73485
73520
73547
73859
73921
74010
74316
74321
74334
74342
74376
74382
74384
74399
74468
74482
74567
74626
74710
74792
74815
74830
74861
74882
74885
74973
75031
75077
75081
75167
75209
75228
75388
75510
75535
75536
75699
75978
76175
76186
76253
76275
76460
76519
76560
76620
76725
76741
76789
76841
76898
76942
76984
77004
77105
77312
77338
77407
77413
77418
77555
77772
77796
77816
77849
77869
77903
77926
78171
78202
78296
78456
78549
78588
78659
78667
78888
78979
79095
79192
79228
79327
79329
79569
79765
79986
80132
80276
80489
80697
80911
80975
80981
81045
81058
81291
81307
81484
81500
81604
81674
81730
81776
81794
81805
81818
81820
81871
81901
81913
81945
82018
82043
82215
82242
82303
82319
82421
82772
83093
83095
83256
83381
83418
83421
83471
83497
83845
84000
84114
84228
84366
84490
84670
84791
84809
84844
85031
85096
85178
85198
85346
85347
85362
85511
85585
85731
85817
85820
85864
86012
86032
86048
86142
86149
86570
86612
86809
87010
87018
87112
87331
87343
87374
87375
87464
87526
87541
87763
87962
88052
88082
88084
88127
88187
88239
88282
88303
88353
88362
88386
88523
88578
88584
88774
88883
88955
89012
89027
89147
89156
89234
89285
89331
89355
89371
89545
89577
89621
89635
89708
89773
89807
89876
89906
89949
89968
89970
90024
90056
90201
90223
90300
90428
90582
90633
90656
90699
90719
90747
90761
90771
90839
90841
90950
90959
91041
91195
91210
91216
91236
91269
91275
91278
91310
91360
91384
91456
91553
91778
91813
91906
92048
92075
92136
92281
92342
92584
92673
93053
93056
93176
93335
93366
93467
93471
93643
93744
93752
93753
93906
93981
93987
94000
94123
94178
94291
94301
94368
94417
94443
94504
94552
94593
94639
94665
94807
94951
94998
95024
95078
95182
95274
95394
95450
95482
95548
95602
95956
95979
96474
96505
96561
96595
96651
96659
96683
96765
96820
96839
96871
96928
97057
97193
97198
97282
97377
97393
97445
97479
97536
97892
98029
98137
98210
98217
98262
98321
98425
98439
98535
98596
98666
98679
98685
98852
98856
98879
98881
98883
99032
99036
99280
99320
99334
99366
99426
99502
99561
99628
99703
99741
99753
99927
99931
99933
100030
100067
100111
100573
100686
100737
100858
100866
100924
100968
101048
101071
101411
101414
101490
101512
101610
101618
101689
101730
101779
101932
102076
102203
102256
102487
102516
102977
102999
103043
103118
103180
103277
103324
103372
103474
103519
103639
103693
103718
103799
103938
104003
104014
104030
104323
104342
104358
104366
104458
104461
104505
104573
104597
104603
104680
104863
104942
104996
105016
105066
105079
105092
105148
105228
105272
105330
105440
105587
105654
105746
105944
105968
106076
106165
106182
106204
106300
106313
106370
106391
106490
106952
106985
107010
107097
107316
107370
107443
107603
107809
108000
108134
108312
108630
108642
108746
108782
108788
108791
109022
109167
109709
109773
109793
109857
110422
110478
110777
110877
110942
110981
111153
111241
111275
111448
111660
111740
111863
112007
112009
112051
112085
112241
112250
112369
112478
112480
112564
112666
112860
113002
113060
113083
113126
113344
113516
113666
114022
114116
114220
114323
114381
114518
114559
114587
114659
114679
114681
114837
114843
114865
114909
114910
114949
114959
115062
115176
115225
115240
115771
115841
115998
116078
116096
116101
116103
116191
116329
116388
116406
116474
116496
116651
116656
116673
116804
116873
117045
117049
117071
117193
117198
117210
117288
117429
117531
117577
117593
117622
117665
117796
117817
117972
117994
118008
118086
118117
118166
118208
118228
118272
118433
118456
118554
118565
118608
118689
118726
118863
118903
118948
119037
119222
119333
119361
119696
119757
119777
119946
120185
120203
120236
120297
120370
120464
120554
120848
120894
120924
120945
121266
121284
121296
121310
121596
121624
121629
121754
121774
121832
121840
121847
121856
121890
121940
122160
122268
122409
122558
122569
122684
122779
122839
122855
122878
123136
123348
123354
123377
123448
123451
123630
123673
123680
123748
123790
123876
123958
124132
124187
124190
124223
124399
124425
124548
124614
124645
124658
124764
124888
124922
124942
124956
124983
125080
125133
125338
125382
125401
125590
125733
126033
126090
126131
126229
126336
126485
126516
126541
126572
126584
126606
126613
126737
126749
126755
126838
126857
126919
127006
127014
127128
127218
127630
127740
128062
128086
128141
128321
128350
128518
128572
128582
128739
128782
128804
128835
128862
128878
128958
129099
129320
129336
129426
129565
129580
129759
129776
129921
129962
130035
130090
130151
130157
130236
130251
130521
130595
130629
130649
130677
130728
130827
130974
130975
131037
131093
131115
131180
131289
131538
131545
131622
131667
131672
131697
131741
131775
131813
132005
132068
132285
132655
132721
132815
132842
132909
133006
133169
133207
133422
133485
133579
133599
133818
133887
133945
133994
134120
134219
134306
134400
134412
134422
134552
134645
134783
134919
134932
135115
135160
135214
135287
135390
135503
135504
135755
135840
136150
136184
136208
136214
136391
136401
136797
136855
136898
137174
137273
137292
137330
137477
137495
137597
137628
137681
137682
137703
137951
137964
138101
138282
138304
138362
138435
138531
138556
138559
138710
138728
138801
138942
138954
139016
139068
139106
139263
139561
139771
139869
139878
139919
139924
140078
140149
140187
140284
140315
140541
140548
140559
140635
140684
140743
140991
140992
141013
141202
141213
141269
141323
141531
141640
141850
141932
142012
142109
142267
142283
142447
142474
142509
142549
142581
142631
142694
142770
142805
142825
142907
143102
143543
143572
143633
143740
143749
143770
143775
143897
143963
143972
144213
144361
144545
144595
144614
144900
145006
145117
145222
145325
145472
145504
145554
145586
145694
145702
145774
145974
146028
146046
146230
146351
146429
146479
146567
146668
146764
146777
146801
146836
146935
147054
147219
147282
147312
147388
147444
147526
147533
147667
147995
148011
148247
148255
148263
148501
148603
148659
148660
148797
148844
149068
149125
149210
149304
149365
149371
149548
149666
149806
149992
150026
150072
150123
150257
150282
150332
150385
150434
150557
150586
150631
150937
150956
151037
151201
151260
151329
151531
151552
151731
151918
151958
152160
152370
152545
152560
152611
152621
152690
152823
153076
153099
153113
153231
153890
154009
154040
154082
154154
154298
154307
154372
154382
154458
154544
154651
154763
154771
154773
154871
154902
154933
154957
155035
155061
155120
155130
155141
155187
155457
155862
155948
155988
156089
156144
156148
156257
156300
156332
156398
156422
156489
156503
156541
156605
156628
156867
157070
157230
157292
157305
157565
157596
157597
157636
157788
157798
157887
157918
158113
158206
158330
158367
158479
158523
158688
158764
158875
158964
159083
159089
159159
159238
159388
159539
159589
159852
159903
159943
159954
160009
160024
160066
160125
160153
160176
160533
160642
160690
160771
160801
160934
161012
161164
161213
161373
161427
161489
161507
161568
161728
161740
161760
161814
161857
162011
162013
162077
162135
162178
162207
162234
162382
162421
162505
162526
162556
162627
162740
162842
162952
162961
163124
163160
163185
163244
163345
163405
163480
163555
163654
163661
163701
163794
163803
163810
163855
163880
164076
164161
164198
164213
164359
164494
164512
164547
164606
164714
164750
164772
164920
165086
165133
165152
165322
165392
165774
165859
165961
166013
166164
166170
166313
166530
166602
166612
166624
166641
166688
166746
166819
167034
167270
167370
167574
167677
167722
167764
167785
167823
167907
167911
167991
168132
168146
168148
168154
168272
168324
168432
168472
168522
168604
168607
168800
168804
168887
168911
168923
168928
168936
168991
169056
169144
169173
169202
169247
169653
169660
169725
169913
169974
170518
170523
170545
170555
170559
170582
170681
170711
170736
170779
170945
171065
171094
171111
171138
171228
171325
171358
171391
171462
171505
171541
171871
171915
171961
172076
172121
172131
172307
172476
172506
172623
172654
172778
172961
172963
172999
173004
173119
173133
173149
173158
173305
173372
173563
173574
173653
173872
173894
173948
173958
173986
174116
174193
174284
174316
174623
174634
174688
174693
174720
174775
174787
175085
175354
175475
175498
175524
175530
175545
175637
175643
175708
175727
175768
175837
175850
175910
175916
175977
176113
176149
176362
176602
176671
176798
176800
176811
176881
176946
177153
177182
177202
177250
177254
177332
177333
177586
177789
177917
177992
178011
178046
178108
178147
178197
178227
178245
178272
178358
178436
178517
178586
178600
178605
178645
178704
178865
178874
178876
178894
178911
179056
179114
179194
179358
179413
179568
179582
179651
179795
179809
179877
179978
180031
180170
180249
180277
180400
180495
180547
180641
180696
180789
180877
180916
180921
180935
181021
181053
181311
181313
181355
181359
181473
181663
181793
181804
181900
181970
182107
182119
182158
182428
182484
182617
182775
182806
182834
182885
182924
183064
183088
183113
183271
183306
183488
183656
183704
183833
183900
183967
183968
183980
184139
184183
184417
184420
184476
184549
184631
184663
184673
184824
184911
185104
185105
185213
185253
185361
185371
185489
185637
185690
185770
186012
186057
186067
186093
186113
186232
186285
186286
186434
186445
186487
186546
186554
186651
186823
186833
186835
186845
186853
186904
187038
187071
187106
187327
187337
187390
187426
187566
187606
187624
187683
187760
187786
187921
187928
188154
188304
188351
188544
188548
188703
188798
188861
188875
188892
189099
189117
189127
189264
189394
189563
189675
189705
189836
189866
190094
190150
190406
190551
190667
190836
190849
190850
191083
191118
191140
191240
191291
191297
191311
191368
191581
191763
191926
191983
192109
192155
192190
192266
192379
192380
192417
192440
192489
192526
192916
193024
193025
193026
193193
193283
193453
193619
193675
193677
193746
193761
193899
194008
194116
194238
194408
194564
194702
194703
194760
194778
194784
194799
194836
194951
195050
195191
195260
195343
195404
195416
195424
195501
195503
195594
195599
195635
195657
195786
195927
196013
196014
196069
196258
196275
196335
196474
196492
196606
196611
196758
196836
196864
196874
196938
196970
196998
197035
197062
197065
197200
197206
197340
197387
197503
197545
197568
197870
198240
198305
198687
198879
198881
198889
198948
198967
198971
199246
199304
199398
199504
199584
199681
199731
199746
199769
199886
200031
200101
200153
200209
200354
200382
200544
200753
200777
200856
200992
201175
201343
201409
201511
201563
201569
201580
201636
201671
201676
201702
201726
201831
201876
202169
202288
202466
202530
202908
203254
203257
203330
203344
203407
203410
203636
203799
203898
204089
204095
204156
204182
204194
204294
204361
204368
204408
204533
204543
204636
204667
204701
204852
204857
205037
205131
205203
205257
205567
205707
205755
205772
205840
205937
206132
206296
206369
206417
206430
206468
206583
206629
206719
206799
206830
206834
206907
206969
207045
207345
207422
207444
208001
208072
208108
208284
208438
208460
208472
208713
208772
208852
209124
209252
209312
209372
209413
209858
209919
210043
210162
210246
210339
210482
210540
210579
210701
210747
210901
210997
211152
211319
211346
211428
211798
211974
212007
212025
212087
212198
212251
212272
212300
212465
212479
212640
212655
212688
212699
212775
212840
212945
212991
213046
213251
213361
213670
213713
213920
213935
214012
214023
214047
214064
214176
214354
214376
214387
214396
214445
214473
214489
214496
214651
214662
214777
214995
214999
215039
215105
215129
215188
215288
215296
215623
215809
215921
215940
216124
216343
216554
216566
216613
216683
216754
216783
216817
216884
216990
217252
217303
217378
217395
217407
217447
217464
217510
217569
217629
217633
217723
217916
218045
218365
218401
218453
218470
218571
218711
219023
219115
219438
219485
220063
220094
220108
220158
220183
220228
220294
220410
220548
220561
220566
220650
220657
220986
221161
221180
221221
221310
221345
221362
221391
221611
221667
221769
221883
221949
222011
222105
222110
222142
222191
222495
222525
222546
223046
223097
223101
223286
223288
223466
223487
223493
223519
223543
223646
223660
223661
223707
223753
223819
224062
224065
224278
224404
224618
224636
224827
224858
224859
224951
224962
224976
225065
225224
225270
225273
225342
225424
225667
225693
226011
226227
226350
226636
226681
226686
226888
226979
227057
227097
227293
227327
227578
227675
227750
227774
227814
227841
227972
227982
228041
228077
228153
228197
228248
228351
228736
228784
228795
228813
228825
229054
229100
229497
229619
229819
229829
229909
229948
230277
230385
230441
230520
230613
230866
230920
231068
231098
231103
231213
231224
231302
231356
231366
231441
231532
231588
231621
231782
231795
231826
231849
231980
232057
232063
232068
232074
232127
232210
232224
232237
232268
232289
232313
232400
232488
232501
232585
232668
232689
232740
232822
232887
233004
233094
233128
233148
233219
233333
233424
233533
233556
233593
233618
233681
233730
233763
234195
234420
234514
234534
234722
234853
235036
235127
235402
235476
235882
236059
236074
236153
236200
236252
236335
236344
236590
236747
236820
236994
237012
237054
237114
237119
237143
237182
237261
237270
237320
237346
237363
237606
237793
237950
238148
238172
238326
238396
238430
238462
238479
238503
238583
238830
238900
238970
239055
239081
239144
239197
239260
239336
239404
239476
239557
239721
239728
240038
240131
240167
240195
240287
240404
240499
240643
240675
240793
240821
240824
240988
241060
241252
241420
241537
241539
241544
241576
241672
241833
241987
242060
242064
242084
242249
242482
242557
242571
242598
242643
242784
242847
242916
242985
243103
243353
243391
243419
243425
243437
243445
243457
243512
243547
243577
243603
243632
243653
243710
244026
244115
244132
244583
244656
244870
244875
244903
245020
245048
245067
245102
245266
245442
245443
245617
245642
245662
245676
245693
245951
246156
246256
246293
246415
246423
246514
246693
246714
246749
246770
246778
246821
246841
246954
246964
247178
247198
247224
247419
247434
247439
247470
247479
247492
247677
247786
247844
247859
247999
248084
248139
248142
248220
248365
248369
248541
248618
248621
248777
248818
249038
249398
249419
249495
249556
249718
249781
249868
250019
250041
250130
250142
250231
250247
250348
250350
250428
250491
250546
250634
250844
251101
251160
251180
251283
251332
251442
251767
251775
251837
251988
251994
251999
252127
252296
252340
252466
252714
252798
252835
252865
252890
252915
253021
253034
253200
253225
253251
253255
253402
253501
253557
253568
253852
253885
253902
254004
254030
254316
254363
254367
254373
254476
254601
254632
254655
254719
254731
254922
254999
255010
255027
255152
255214
255362
255571
255588
255800
255848
255978
256082
256380
256397
256787
256816
256832
256886
256890
256913
256965
256966
256974
257108
257143
257174
257215
257302
257371
257409
257411
257474
257515
257551
257676
257782
257822
257947
258024
258109
258199
258307
258368
258442
258478
258573
258593
258610
258644
258881
259007
259289
259315
259397
259475
259551
259627
259648
259815
259843
259865
259877
259892
259941
260024
260132
260178
260209
260344
260377
260478
260620
260644
260780
260823
260890
261147
261216
261462
261555
261926
261992
262081
262093
262346
262405
262713
262843
263003
263256
263286
263331
263461
263573
263585
263634
263655
263714
263782
263847
263884
263954
264018
264049
264194
264365
264568
264635
264721
264799
264833
264840
264871
264942
264971
265199
265266
265307
265449
265502
265524
265529
265593
265686
265689
265759
265769
265852
266183
266313
266429
266568
266577
266878
266882
266936
266958
266968
267063
267091
267217
267239
267305
267339
267616
267923
267977
268039
268081
268348
268366
268383
268427
268471
268773
268844
268871
268925
268977
269071
269106
269141
269180
269388
269659
269720
269766
269969
269976
270196
270332
270424
270471
270516
270589
270716
270831
270911
270993
271029
271031
271101
271112
271189
271269
271433
271696
271750
271807
271825
272037
272045
272157
272168
272259
272288
272335
272368
272407
272525
272629
272638
272642
272747
272819
272996
273026
273159
273240
273248
273306
273499
273535
273941
274004
274055
274122
274197
274439
274440
274464
274552
274590
274646
274652
274834
274895
274919
274938
275074
275108
275166
275178
275518
275620
275874
275943
276094
276162
276206
276352
276364
276513
276693
276776
276780
277076
277125
277205
277249
277757
277795
277799
277828
277834
277866
277875
277975
278116
278147
278186
278229
278282
278298
278359
278475
278534
278760
278838
278864
278901
278932
278979
279139
279174
279193
279335
279340
279347
279497
279525
279573
279592
279604
279706
279785
279788
279861
280382
280395
280444
280659
280688
280728
280861
280888
280939
281092
281108
281186
281214
281223
281240
281252
281330
281379
281397
281482
281483
281559
281878
281888
281908
281927
281963
282147
282322
282441
282466
282522
282535
282692
282817
282894
283015
283214
283285
283392
283407
283447
283568
283601
283634
283770
284076
284193
284204
284224
284352
284367
284469
284627
284711
284918
285071
285213
285306
285505
285615
285638
285645
285670
285679
285847
285925
285953
286005
286067
286073
286244
286267
286340
286385
286509
286645
286676
286791
286820
286876
286911
286939
286981
287026
287068
287105
287209
287236
287249
287334
287471
287619
287680
287852
287871
287961
287985
288130
288385
288793
288881
288927
288938
289133
289207
289219
289325
289371
289405
289469
289510
289786
289816
289960
289970
289992
289994
290077
290301
290328
290369
290391
290549
290598
290682
290688
290696
290791
290852
291070
291202
291256
291289
291494
291506
291625
291643
291645
291652
291719
291774
291986
292008
292046
292083
292097
292146
292149
292180
292242
292311
292336
292382
292574
292640
292679
292689
292906
292966
292972
293096
293165
293324
293404
293425
293435
293480
293518
293594
293708
293740
293813
293816
293944
293975
294278
294610
294669
294806
295072
295104
295167
295218
295224
295230
295234
295242
295355
295622
295656
295888
295890
295903
296060
296123
296277
296311
296339
296413
296415
296451
296458
296530
296643
296735
296797
296920
296926
296929
297160
297295
297335
297519
297652
297791
297867
297870
297941
297947
298161
298200
298308
298488
298508
298527
298543
298590
298634
298660
298678
298761
298855
298889
298920
299185
299271
299309
299553
299737
299873
300015
300029
300076
300227
300327
300332
300514
300633
300737
300867
300884
301035
301187
301328
301443
301636
301840
301875
301970
302195
302295
302320
302395
302403
302453
302617
302803
302840
302871
302888
302994
303197
303233
303269
303336
303406
303457
303476
303488
303711
303726
303742
303788
303899
304054
304062
304178
304198
304224
304290
304372
304400
304473
304585
304608
304624
304690
304724
305019
305632
306193
306244
306316
306375
306423
306456
306500
306525
306824
306885
306906
306946
307029
307086
307088
307210
307261
307479
307535
307556
307583
307621
307699
307780
307796
307908
308055
308128
308132
308254
308267
308291
308432
308434
308588
308670
308696
308844
308922
308944
309101
309203
309208
309300
309419
309425
309468
309577
309618
309686
309798
309802
310078
310155
310173
310286
310310
310345
310504
310696
310863
310930
311080
311429
311594
311630
311704
311776
311883
311937
311948
312114
312168
312230
312293
312339
312388
312460
312513
312572
312719
312802
312811
312858
312867
312901
313025
313037
313061
313077
313169
313210
313352
313394
313423
313444
313458
313763
313772
314087
314094
314148
314251
314320
314337
314368
314641
314674
314701
314762
314950
314967
315050
315175
315229
315400
315506
315515
315646
315713
315751
315918
316111
316146
316208
316472
316533
316543
316606
316738
316832
316921
316957
316984
317086
317113
317172
317250
317386
317438
317572
317627
317632
317738
317786
317888
318078
318079
318116
318142
318427
318613
318707
318803
318830
318878
318879
319004
319089
319118
319284
319366
319439
319467
319513
319596
319662
319776
319811
319835
320164
320194
320272
320350
320646
320737
320807
320813
320920
321183
321356
321397
321538
321727
321754
321925
322064
322093
322157
322519
322653
322686
322996
323054
323276
323449
323515
323526
323542
323654
323674
323797
323832
323886
324010
324086
324326
324582
324757
324824
324832
324882
325013
325118
325202
325437
325502
325566
325578
325599
325639
325827
326023
326068
326127
326153
326163
326196
326233
326247
326271
326276
326292
326293
326336
326340
326341
326546
326642
326751
326809
326865
326938
326965
326967
327031
327066
327131
327145
327158
327200
327263
327410
327694
327796
327799
327937
328047
328051
328173
328199
328234
328247
328272
328381
328424
328561
328771
328883
328910
328985
329143
329188
329273
329290
329298
329457
329639
329739
329864
329867
329940
330100
330148
330183
330233
330420
330470
330488
330560
330575
330661
331220
331319
331489
331540
331588
331849
332007
332201
332428
332477
332495
332630
332742
332752
332754
332852
332952
332981
333035
333142
333248
333339
333513
333598
333653
333947
333972
334044
334056
334094
334218
334475
334618
334726
334748
334791
334999
335135
335143
335171
335199
335337
335504
335764
335833
335919
335977
336539
336548
336558
336562
336564
336754
336837
336875
336912
336962
337203
337219
337233
337464
337698
337705
337982
338112
338232
338260
338405
338532
338533
338766
338876
338958
338971
339057
339152
339222
339227
339240
339391
339436
339499
339614
339785
339813
339817
339858
340090
340133
340156
340197
340501
340585
340595
340673
340695
340739
340753
340773
340793
340858
340908
340935
341009
341061
341073
341124
341282
341310
341333
341507
341548
341624
341646
341806
341901
341975
342020
342041
342100
342234
342363
342374
342508
342529
342568
342721
342737
342745
342864
342972
343052
343082
343100
343223
343533
343563
343570
343677
343753
343852
343881
343894
344302
344333
344482
344810
344867
344932
344986
345181
345232
345310
345357
345380
345381
345499
345519
345524
345727
345848
346088
346173
346200
346349
346393
346528
346690
346738
346804
346919
346925
347029
347030
347042
347178
347191
347275
347382
347401
347418
347513
347612
347734
347936
348147
348360
348386
348406
348417
348514
348542
348629
348838
348859
348865
348970
349113
349249
349412
349432
349610
349615
349683
349871
350185
350291
350296
350313
350445
350633
350749
350859
350889
350946
351060
351103
351191
351416
351439
351485
351844
351864
352064
352108
352113
352142
352376
352549
352600
352633
352668
352820
352865
352958
352976
353008
353062
353094
353134
353208
353293
353383
353431
353510
353531
353590
353605
353664
353692
353887
353925
353946
353977
354019
354051
354110
354151
354245
354342
354380
354452
354651
354680
354692
354731
354854
354864
355008
355108
355141
355249
355340
355427
355462
355549
355771
355778
355901
356111
356142
356201
356242
356296
356343
356344
356387
356499
356503
356625
356676
356768
356838
356901
356994
357069
357127
357221
357245
357246
357286
357360
357445
357526
357560
357565
357639
357696
357782
357939
358116
358275
358434
358519
358532
358686
358760
358809
359073
359076
359219
359369
359512
359570
359726
359739
359915
360292
360308
360347
360349
360506
360766
360910
360928
361151
361180
361323
361361
361366
361419
361430
361450
361547
361709
361713
361714
361827
361840
361900
361910
361935
362022
362063
362195
362282
362329
362381
362466
362735
362753
362841
362911
363240
363363
363367
363373
363477
363612
363667
363822
363880
363891
363902
363991
364265
364389
364425
364542
364624
364784
364839
364864
364869
365055
365082
365106
365139
365180
365514
365532
365639
365775
365909
365956
366029
366084
366104
366267
366556
366600
366605
366644
366791
366800
366805
366895
367004
367141
367202
367456
367510
367581
367931
367954
367968
368035
368085
368240
368302
368331
368834
368927
368987
369064
369077
369111
369175
369486
369801
369968
370030
370049
370143
370322
370395
370520
370587
370615
370659
370736
370789
370865
370925
370949
370984
371017
371322
371579
371615
371624
371674
371709
371858
371929
371958
372090
372195
372241
372280
372700
372749
372752
372773
372836
372853
372956
373031
373044
373247
373318
373323
373366
373395
373628
373658
373664
373723
373763
373876
373990
374021
374096
374105
374212
374217
374542
374667
374794
374829
374851
374852
374880
374964
375299
375362
375389
375407
375441
375466
375595
375623
375636
375697
375729
375770
375798
375807
375999
376092
376107
376256
376416
376527
376636
376667
376678
376875
376938
377038
377241
377320
377350
377599
377636
377740
377777
377967
377995
378190
378231
378251
378301
378462
378703
378717
378742
378929
379016
379092
379136
379185
379253
379265
379327
379359
379421
379530
379632
379639
379834
379976
380008
380070
380089
380113
380206
380289
380498
380909
380984
381071
381079
381115
381296
381298
381311
381316
381435
381463
381468
381546
381588
381616
381619
381684
381725
381755
381821
381917
382255
382294
382354
382534
382634
382670
382811
382861
382963
383025
383210
383253
383308
383369
383384
383530
383677
383919
383943
383945
384016
384087
384141
384246
384332
384408
384527
384642
384647
384776
384778
384816
384981
385144
385172
385305
385388
385452
385597
385649
385684
385746
385779
386086
386091
386111
386226
386242
386404
386420
386465
386525
386737
386834
386873
386907
386986
387187
387195
387302
387396
387526
387638
387734
387867
388125
388256
388285
388318
388418
388479
388501
388690
388696
388729
388761
388830
388864
388956
389060
389153
389170
389228
389328
389356
389514
389634
389635
389690
389827
390025
390039
390150
390340
390465
390476
390544
390753
390857
390878
390957
391055
391264
391300
391471
391523
391622
391639
391661
391813
391878
392065
392191
392208
392230
392402
392469
392545
392553
392624
392737
392955
393202
393204
393436
393466
393488
393569
393605
393843
393857
393993
394039
394080
394161
394187
394192
394233
394438
394512
394576
394629
394705
394736
394765
394860
395012
395050
395080
395085
395203
395237
395299
395402
395421
395485
395512
395660
395820
395849
395853
395904
396020
396154
396337
396496
396518
396545
396550
396605
396687
396715
396898
396908
397056
397140
397291
397340
397505
397563
397581
397678
397787
398215
398250
398263
398405
398480
398501
398558
398651
398820
398918
398948
398952
398953
398966
399031
399159
399194
399209
399315
399349
399450
399536
399754
399816
399825
399898
399973
399987
400017
400080
400165
400241
400370
400372
400781
400825
400828
400874
400901
401163
401216
401217
401265
401300
401342
401493
401566
401580
401697
401761
401789
401871
401976
402015
402052
402134
402164
402167
402272
402323
402337
402424
402438
402694
402706
402821
402840
402906
402926
402932
402965
402994
403038
403099
403116
403177
403307
403496
403579
403601
403711
403799
403804
403951
404009
404078
404147
404155
404350
404625
404690
404704
404862
404987
404990
405020
405092
405133
405305
405333
405475
405881
405943
405956
406046
406116
406305
406356
406361
406391
406875
406887
406948
407255
407548
407606
407764
407831
407898
408129
408408
408588
408674
409268
409437
409464
409544
409601
409646
409666
409696
409701
409820
410281
410473
410475
410479
410495
410580
410667
410794
410966
411003
411006
411013
411103
411121
411208
411220
411365
411366
411431
411488
411534
411555
411647
411727
412014
412197
412347
413012
413142
413148
413323
413463
413496
413550
413594
413663
413715
413803
413888
413913
413970
413994
414149
414274
414447
414508
414621
414629
414634
414756
414759
415069
415234
415300
415324
415951
416017
416055
416094
416108
416151
416197
416292
416381
416410
416481
416770
416845
416848
416936
417090
417196
417436
417487
417503
417548
417665
417737
417789
417793
418269
418275
418385
418500
418553
418632
418682
418740
418900
418931
418934
418939
418992
419074
419199
419319
419328
419410
419457
419500
419551
419775
419978
420021
420234
420370
420505
420537
420640
420644
420697
420799
420827
420861
420862
420885
420977
421082
421252
421317
421439
421505
421558
421673
421900
421973
422128
422180
422185
422233
422249
422495
422691
422703
422880
422949
423008
423202
423303
423328
423460
423474
423570
423667
423801
423863
423885
424080
424088
424136
424160
424161
424214
424349
424411
424457
424494
424562
424776
424792
424821
424822
424836
424894
424902
425051
425085
425129
425329
425389
425711
425928
426022
426044
426144
426183
426213
426280
426472
426526
426580
426622
426881
427073
427088
427179
427200
427255
427312
427368
427380
427495
427585
427600
427780
427793
427953
427994
428055
428125
428174
428280
428302
428345
428426
428539
428613
428921
429021
429044
429113
429212
429222
429248
429311
429613
429632
429700
429760
429811
429813
429839
429920
429966
430137
430172
430252
430387
430404
430735
430779
430782
430804
430840
431090
431170
431190
431233
431304
431326
431369
431388
431430
431495
431670
431718
432048
432305
432314
432390
432479
432513
432526
432570
432617
432714
432732
432890
432957
433167
433280
433330
433361
433609
433665
433723
433734
433763
433771
433790
434039
434105
434128
434199
434405
434584
434718
434739
434850
434892
434950
435033
435054
435072
435376
435617
435660
435786
435795
436044
436195
436223
436237
436385
436394
436408
436441
436644
436653
436674
436767
436841
436842
437026
437091
437202
437226
437248
437294
437309
437571
437702
437765
437843
437868
437884
437937
437961
437967
438209
438219
438389
438483
438484
438504
438708
439247
439251
439259
439342
439343
439374
439547
439668
439820
439848
439959
439965
440013
440094
440148
440185
440192
440208
440243
440412
440497
440676
440709
440772
440955
440978
441196
441249
441270
441312
441500
441763
441774
441852
441888
441948
441969
441988
442154
442212
442271
442335
442352
442363
442470
442497
442511
442567
442589
442617
442959
442965
443222
443234
443335
443372
443423
443582
443594
443695
443822
443856
443858
443886
443933
444039
444196
444316
444332
444695
444722
444801
444908
444916
445390
445421
445424
445590
445641
445794
445832
445846
446053
446134
446169
446353
446364
446480
446612
446647
446798
446914
447095
447411
447738
447912
447914
447934
447958
447965
448266
448275
448420
448504
448556
448584
448671
448683
448728
448755
448756
448804
448841
449018
449111
449135
449169
449450
449472
449507
449562
449574
449606
449655
449845
449964
449992
450015
450129
450507
450638
450659
450680
450808
450838
451001
451006
451024
451210
451315
451397
451404
451538
451603
451771
451866
451880
451892
452179
452218
452225
452294
452359
452418
452419
452500
452745
452767
452889
453025
453092
453121
453206
453248
453339
453424
453689
453800
453932
453959
453978
454050
454108
454227
454312
454508
454548
454703
454742
454793
454825
454909
454919
454975
455055
455106
455281
455322
455356
455438
455495
455612
455623
455706
455708
455775
455874
455967
456611
456642
456783
456815
456966
457192
457199
457279
457325
457461
457514
457537
457572
457581
457639
457643
457782
457788
457799
457837
457860
457879
457889
457910
458054
458331
458347
458468
458642
458755
458780
458781
458845
458847
458885
458999
459025
459151
459406
459518
459535
459537
459588
459635
459675
459685
459784
459802
459847
459951
459982
460287
460441
460687
460693
460737
460911
460940
461121
461143
461191
461572
461593
461609
461735
461828
461935
461983
462010
462072
462103
462239
462258
462272
462283
462333
462452
462516
462665
462707
462764
462784
462846
462854
462989
463125
463177
463180
463306
463324
463451
463519
463532
463541
463582
463584
463681
463712
463871
463972
464006
464030
464180
464195
464216
464239
464323
464690
464732
465041
465160
465220
465386
465393
465539
465580
465598
465634
465679
465833
465877
465991
466071
466227
466237
466290
466327
466471
466494
466739
466884
466895
466915
466943
466993
467043
467122
467180
467223
467535
467571
467619
467776
467901
468054
468287
468310
468341
468494
468613
468616
468682
468773
468901
468938
468973
469002
469073
469225
469287
469367
469405
469517
469567
469604
469630
469699
469735
469788
469807
469931
469970
470138
470266
470328
470377
470389
470449
470559
470581
470675
470780
470859
470936
471021
471091
471232
471334
471401
471516
471591
471743
471978
471980
472072
472243
472349
472367
472451
472581
472584
472589
472767
472773
472829
472853
472945
473065
473572
473602
473627
473740
473800
473919
473922
473941
473945
473966
473997
473999
474089
474268
474285
474300
474502
474696
474752
474836
474842
475056
475101
475119
475163
475259
475289
475305
475629
475645
475660
475741
475809
475882
475894
476026
476036
476119
476123
476207
476261
476402
476417
476468
476534
476565
476579
476623
476742
476766
476863
476866
476953
477003
477054
477131
477154
477191
477210
477328
477393
477463
477530
477557
477782
478038
478063
478158
478228
478376
478449
478509
478689
478754
478775
478973
478986
479138
479198
479208
479212
479242
479341
479408
479732
479783
479794
479807
479913
480000
480076
480167
480204
480434
480650
480672
480716
480740
480957
481065
481079
481084
481110
481121
481129
481208
481253
481408
481427
481440
481571
481578
481580
481628
481939
481995
482189
482244
482270
482398
482417
482422
482439
482440
482558
482632
482708
482790
482865
482997
483201
483330
483340
483517
483533
483835
483882
483937
483975
484032
484079
484111
484253
484255
484310
484374
484508
484524
484537
484745
484965
485041
485395
485419
485438
485510
485511
485602
485627
485920
486519
486561
486576
486887
486943
487118
487186
487207
487224
487236
487248
487311
487324
487338
487479
487645
487936
487950
487952
488005
488033
488150
488295
488313
488349
488364
488435
488503
488515
488529
488546
488550
488722
488846
488901
488938
488962
489008
489043
489051
489103
489167
489256
489275
489373
489457
489469
489937
490007
490173
490184
490308
490322
490409
490480
490499
490671
490784
490793
490802
490851
490858
490902
491000
491250
491323
491382
491398
491471
491476
491524
491627
491693
491699
491723
491878
491905
491988
492050
492080
492088
492189
492474
492601
492603
492799
492909
492928
493317
493407
493639
493762
493837
493927
494068
494088
494162
494220
494222
494311
494347
494424
494436
494610
494653
494781
494810
495009
495049
495302
495323
495348
495352
495357
495387
495391
495455
495527
495531
495622
495637
495679
495832
495880
496021
496046
496100
496138
496211
496224
496291
496419
496435
496458
496468
496559
496573
496592
496601
496683
496894
496957
496960
497173
497212
497271
497394
497442
497497
497768
497857
497880
498068
498080
498126
498135
498138
498187
498290
498299
498355
498528
498650
498682
498714
498765
499182
499217
499229
499439
499454
499485
499653
499655
499851
499879
499901
499934
499948
500031
500069
500076
500128
500211
500219
500258
500318
500347
500504
500528
500531
500601
500602
501019
501154
501188
501256
501353
501495
501497
501528
501584
501608
501704
501876
501883
502059
502081
502194
502234
502253
502363
502399
502428
502517
502613
502660
502792
502860
502961
502980
503017
503201
503324
503597
503668
503720
503797
503817
503834
503890
503906
503960
504042
504081
504224
504267
504405
504464
504510
504624
504716
504735
504758
504794
504834
504851
504917
504997
505036
505037
505102
505161
505267
505443
505520
505551
505637
505766
505872
505917
505971
506014
506154
506190
506221
506263
506278
506417
506469
506490
506706
506775
506787
506810
506942
506962
507029
507115
507166
507237
507253
507286
507328
507336
507380
507401
507434
507457
507741
507849
507915
507948
508008
508015
508388
508461
508628
508847
508928
508941
509030
509147
509409
509593
509653
509665
509679
509701
509743
509780
509988
510064
510093
510140
510255
510520
510605
510615
510692
510737
510886
510922
511053
511076
511083
511089
511270
511287
511534
511567
511877
511953
512113
512210
512234
512269
512397
512440
512469
512493
512748
512783
512792
513007
513143
513175
513224
513377
513391
513479
513578
513675
513703
513780
513837
513875
513877
513905
514027
514152
514243
514441
514444
514453
514540
514560
514669
514913
514933
514941
515127
515143
515230
515284
515376
515430
515530
515576
515581
515669
515678
515695
515754
515802
516067
516193
516322
516503
516579
516809
516842
516851
516860
516906
517078
517163
517264
517652
517756
517959
517960
518094
518114
518125
518134
518268
518308
518852
518857
518886
519019
519146
519164
519188
519210
519333
519430
519480
519615
519810
519825
519898
519925
520175
520191
520192
520195
520299
520309
520322
520381
520526
520651
520791
520847
520859
520934
521049
521100
521108
521238
521246
521405
521425
521563
521633
521700
521817
521826
521927
522008
522040
522354
522377
522432
522483
522488
522545
522739
522763
522896
522948
523011
523047
523052
523257
523275
523338
523399
523569
523744
523745
523778
523799
523933
523993
524071
524136
524138
524162
524260
524337
524468
524477
524618
524653
524696
525014
525058
525125
525177
525217
525450
525493
525773
526130
526222
526232
526293
526314
526411
526491
526525
526587
526669
526709
526786
526873
526919
527120
527240
527273
527373
527431
527694
527890
527901
527966
528249
528363
528447
528474
528686
528831
528841
528901
528905
528978
528983
529006
529136
529185
529191
529283
529412
529479
529755
529781
529810
529948
530269
530445
530480
530501
530557
530594
530627
530643
530817
530819
530834
530871
530886
530929
530973
531074
531143
531252
531289
531574
531586
531635
531745
532010
532035
532110
532278
532433
532722
532949
533127
533159
533202
533211
533225
533328
533347
533393
533479
533545
533592
533782
533929
533961
533982
534066
534101
534184
534220
534248
534270
534302
534361
534383
534498
534623
534683
534730
534768
534908
534941
534955
534997
535081
535175
535346
535483
535590
535598
535741
535949
536103
536152
536223
536240
536307
536341
536420
536562
536640
536663
536686
536877
537033
537042
537081
537120
537197
537209
537236
537258
537372
537737
537777
537872
538085
538087
538089
538115
538206
538243
538346
538361
538480
538549
538577
538609
538694
538695
538745
538875
538886
539062
539112
539247
539328
539456
539499
539531
539649
539746
540175
540290
540365
540413
540446
540651
540685
540750
540784
540798
540877
540987
541141
541157
541160
541175
541203
541208
541372
541903
542137
542260
542329
542387
542414
542447
542452
542651
542664
542748
542770
542908
542941
542959
542996
543349
543353
543449
543463
543494
543505
543600
543633
543854
543879
543903
543919
543986
544103
544341
544353
544575
544754
544835
544910
544967
545270
545445
545457
545880
546067
546079
546085
546106
546126
546133
546134
546152
546194
546268
546319
546325
546357
546451
546617
546634
546677
546769
546839
546936
546959
547028
547091
547185
547278
547310
547314
547483
547503
547534
547550
547600
547671
547695
547799
548126
548151
548156
548289
548638
548653
548701
548710
548711
548743
548891
548896
548996
549163
549174
549180
549219
549262
549322
549365
549524
549931
550071
550074
550163
550207
550280
550311
550500
550647
550791
550799
550911
551183
551398
551419
551629
551740
551853
551941
552013
552087
552186
552280
552541
552630
552663
552714
552795
552805
552915
553019
553101
553242
553289
553358
553500
553518
553764
553818
553951
554064
554134
554182
554230
554288
554702
554998
555060
555097
555112
555182
555220
555254
555294
555322
555406
555717
555722
555863
555961
556176
556243
556279
556298
556316
556514
556531
556550
556731
556737
556748
556964
556966
557073
557197
557209
557262
557310
557359
557554
557569
557606
557670
557673
558026
558043
558047
558147
558348
558683
558758
558765
558790
559059
559176
559418
559541
559662
559691
559718
559732
559758
559982
560054
560236
560562
560690
560761
560870
560958
561047
561095
561134
561284
561433
561527
561597
561702
562008
562064
562104
562311
562496
562531
562622
562801
562845
562942
562954
563021
563173
563191
563210
563309
563654
563828
563899
564051
564068
564104
564152
564404
564536
564543
564590
564690
564767
564797
564831
564955
564971
565102
565111
565128
565140
565218
565316
565389
565395
565484
565541
565842
565913
566020
566084
566172
566250
566272
566293
566458
566498
566544
566808
566887
566934
567044
567076
567133
567175
567186
567247
567254
567279
567464
567560
567598
567621
567794
567812
567951
568052
568058
568098
568145
568325
568351
568358
568401
568438
568597
568652
568817
568918
569000
569056
569248
569415
569464
569576
569578
569613
569757
569782
569822
569880
569931
570098
570112
570127
570145
570197
570288
570439
570489
570797
570828
570949
570992
571138
571191
571222
571297
571822
571847
572029
572211
572212
572376
572385
572479
572570
572872
572885
573087
573122
573147
573156
573189
573208
573263
573378
573502
573510
573518
573557
573582
573710
573715
573725
573859
573908
573997
574000
574018
574051
574154
574213
574415
574466
574593
574694
574717
574761
574781
574783
574801
574846
574970
574994
575204
575318
575563
575658
575839
575966
575974
576136
576216
576457
576654
576852
576925
577069
577132
577144
577185
577197
577202
577316
577422
577627
577635
577840
577932
577971
578158
578254
578368
578456
578489
578564
578692
578731
578749
578930
578979
579088
579103
579168
579225
579240
579444
579460
579593
579714
580053
580179
580186
580210
580322
580402
580431
580736
580940
580972
580996
581110
581131
581155
581293
581295
581320
581420
581726
581743
581852
581989
582001
582061
582193
582237
582241
582262
582309
582331
582429
582695
582870
583199
583261
583328
583389
583488
583499
583752
583915
583980
584077
584167
584175
584481
584499
584612
584618
584749
584757
584759
584811
584834
585021
585126
585237
585241
585362
585433
585465
585533
585569
585595
585723
585902
586038
586092
586354
586427
586651
586668
586813
586898
586953
587175
587230
587275
587314
587364
587521
587566
587656
587719
587793
587819
587862
587933
587974
588095
588198
588244
588355
588416
588633
588702
588802
588903
588940
589060
589303
589308
589341
589650
589792
590007
590019
590042
590045
590491
590494
590527
590721
590730
590758
590760
590763
590837
590849
590914
591010
591103
591107
591263
591306
591484
591633
591749
591878
591944
591998
592066
592140
592331
592349
592414
592698
592738
592763
592840
592845
593033
593086
593135
593225
593227
593230
593275
593371
593389
593469
593481
593665
593736
593870
594289
594295
594328
594785
594796
594936
594940
594961
594982
595058
595076
595130
595158
595292
595438
595586
595737
595930
595941
595987
596022
596182
596191
596237
596311
596364
596372
596396
596522
596615
596665
596813
596865
597037
597083
597153
597182
597262
597345
597361
597403
597426
597464
597491
597501
597558
597660
597714
598173
598176
598350
598422
598757
598840
598879
598909
598933
599083
599200
599350
599532
599624
599946
599981
599990
600087
600190
600205
600270
600380
600492
600506
600508
600665
600670
600889
601030
601044
601181
601183
601189
601323
601372
601475
601477
601650
601859
601890
601927
601943
601950
602119
602142
602237
602423
602477
602569
602674
602688
602852
603007
603054
603149
603525
603546
603653
603829
604399
604511
604518
604520
604637
604668
604680
605074
605083
605217
605227
605234
605323
605536
605601
605822
605862
605867
605955
606004
606033
606037
606044
606055
606084
606140
606185
606259
606349
606433
606473
606610
606887
606914
606986
607073
607226
607381
607515
607622
607922
607926
608006
608074
608076
608510
608554
608561
608669
608780
608872
609221
609283
609462
609513
609549
609757
609772
609815
609896
609926
609975
610053
610063
610156
610296
610543
610898
610947
610954
611000
611016
611126
611140
611142
611209
611300
611339
611344
611355
611373
611737
611746
611843
611869
611930
612031
612057
612100
612195
612213
612296
612349
612493
612561
612590
612595
612691
612729
612845
612887
613083
613225
613227
613258
613314
613355
613377
613694
613698
613735
613748
613777
614140
614154
614159
614288
614322
614363
614383
614482
614743
614828
614906
615091
615149
615212
615270
615305
615596
615639
615654
615657
615659
615683
615748
615749
615782
615801
616211
616266
616393
616430
616479
616509
616783
616986
616988
617087
617103
617338
617468
617533
617539
617768
617809
617812
617825
617865
617934
618068
618183
618214
618302
618308
618399
618635
618708
619193
619235
619307
619377
619578
619695
619913
620077
620079
620088
620141
620161
620188
620195
620290
620312
620446
620460
620579
620739
620770
620802
620825
620829
620920
620938
621009
621031
621104
621140
621278
621302
621322
621330
621406
621466
621719
621731
621810
621882
621890
621904
621946
621961
622161
622292
622325
622327
622563
622564
622632
622873
622886
622941
623127
623170
623260
623290
623320
623425
623431
623463
623778
623805
623865
623875
623926
624003
624028
624070
624401
624522
624536
624541
624588
624690
625077
625291
625487
625561
625682
625765
625809
625868
625916
625985
625989
626048
626248
626321
626515
626553
626675
626720
626878
626996
627078
627276
627405
627408
627448
627509
627565
627623
627630
627954
628011
628130
628285
628412
628772
628878
629093
629157
629248
629261
629293
629355
629434
629437
629558
629564
629604
629703
629789
629816
629999
630001
630151
630228
630245
630264
630270
630302
630326
630391
630599
630660
630669
630772
630788
630794
630973
631056
631093
631167
631439
631658
631740
631783
631842
632082
632155
632192
632243
632289
632322
632385
632413
632500
632509
632649
632772
632863
632913
632932
633031
633102
633138
633299
633510
633648
633878
633900
633950
634169
634264
634472
634508
634509
634532
634797
634806
634831
634897
634903
634936
634942
635275
635320
635735
635783
635830
635892
635953
636144
636211
636256
636274
636391
636427
636436
636643
636743
636823
636832
636869
636971
637060
637091
637143
637194
637228
637565
637619
637677
637747
637803
637935
638056
638057
638176
638266
638271
638424
638514
638527
638701
638766
638994
639087
639094
639113
639339
639363
639502
639547
639548
639556
639569
639664
639683
639733
640086
640157
640254
640527
640587
640629
640665
640669
640694
640723
640759
640780
640802
640845
641001
641054
641075
641119
641220
641310
641481
641488
641513
641525
641556
641566
641643
641734
641770
642067
642216
642337
642569
642675
642685
642730
642801
642843
642937
642962
643121
643250
643336
643390
643410
643696
643819
643960
643987
644023
644058
644166
644230
644299
644324
644478
644566
644609
644716
644792
644843
644855
644950
644982
645002
645070
645080
645280
645293
645318
645410
645419
645437
645519
645531
645557
645568
645599
645619
645652
645689
645743
645892
646092
646163
646194
646318
646338
646363
646494
646754
646798
646802
646841
646867
646916
647172
647211
647409
647795
647831
647968
647998
648197
648271
648870
648956
649127
649167
649270
649755
649776
649791
649792
649957
650056
650099
650145
650164
650211
650249
650413
650420
650427
650543
650593
650712
650751
650921
651017
651159
651404
651448
651536
651572
651583
651607
651760
651909
651945
652053
652290
652326
652420
652515
652912
652952
653322
653456
653459
653466
653540
653544
653553
653785
653887
653941
654016
654027
654034
654044
654063
654155
654221
654301
654348
654519
654536
654869
655003
655078
655353
655358
655482
655510
655670
655682
655713
655799
655802
655926
655997
656058
656064
656075
656149
656199
656444
656453
656591
656658
656674
656868
656933
656964
657021
657123
657368
657645
657652
657719
657869
657956
657973
658054
658133
658237
658481
658581
658609
658661
658675
658744
658796
658833
658930
658948
658993
659015
659050
659284
659575
659802
659884
660083
660417
660447
660451
660496
660619
660808
660869
661096
661115
661164
661300
661346
661589
661634
661750
661764
661827
661966
661968
661992
662017
662063
662097
662331
662563
662622
662715
662725
662760
662764
662809
662817
662935
663016
663359
663854
664076
664141
664235
664325
664398
664474
664518
664533
664657
664660
664860
664951
665083
665087
665293
665336
665367
665411
665637
665660
665686
665798
665854
665891
665985
666076
666107
666188
666190
666273
666309
666344
666412
666452
666601
666646
666793
667066
667183
667325
667642
667728
667900
667946
668062
668101
668781
668937
668975
668987
669048
669107
669172
669198
669264
669307
669313
669321
669503
669520
669614
669730
669857
669977
670133
670337
670413
670457
670517
670663
670698
670893
670914
670966
670990
671030
671482
671491
671547
671726
671789
671834
671887
671910
671923
672009
672030
672119
672140
672291
672324
672362
672372
672398
672487
672765
672894
672966
673009
673043
673140
673145
673146
673492
673867
673928
673960
674095
674310
674400
674570
674686
674728
674752
674880
675063
675181
675232
675312
675379
675422
675426
675466
675589
675644
675751
675756
675816
675830
675862
675868
675902
675959
676077
676137
676142
676158
676574
676676
676783
676790
676793
676872
676882
676973
677108
677127
677168
677225
677323
677337
677425
677572
677603
677900
678107
678122
678232
678369
678460
678535
678546
678779
678867
678901
678948
678968
679065
679084
679207
679331
679414
679459
679657
679874
680092
680160
680269
680454
680675
680717
680894
680942
680992
681035
681216
681229
681394
681480
681542
681695
681804
681946
681953
681972
682054
682373
682440
682442
682510
682518
682576
682606
682655
682684
682864
682956
683091
683184
683433
683467
683496
683526
683716
683840
683970
684075
684151
684301
684366
684504
684508
684576
684691
684822
684871
684901
685241
685534
685657
685693
685707
685745
685846
685851
685887
685894
685897
686016
686102
686328
686378
686429
686534
686535
686692
686775
687035
687110
687150
687351
687372
687374
687577
687687
687744
687753
687810
688025
688291
688297
688496
688609
688713
688944
689018
689047
689063
689102
689119
689294
689328
689468
689482
689615
689747
689797
689984
690098
690312
690437
690450
690603
690644
690771
690798
690860
690967
691068
691225
691411
691558
691857
691943
692085
692130
692142
692167
692197
692267
692420
692496
692609
692677
692762
692843
692854
692908
692983
693097
693100
693208
693353
693376
693461
693470
693544
693588
693660
693833
694139
694150
694672
694682
694688
694779
695001
695060
695089
695183
695281
695348
695438
695528
695639
695814
695831
695905
695985
696196
696224
696357
696403
696427
696522
696529
696776
697142
697192
697332
697349
697393
697410
697497
697573
697664
697806
697838
697869
697876
697901
697905
698013
698122
698149
698440
698515
698589
698618
698808
698935
699034
699101
699132
699146
699200
699207
699734
699745
699871
699875
699888
700111
700161
700183
700322
700353
700498
700500
700556
700573
700720
700735
700767
701050
701158
701463
701470
701583
701900
702270
702328
702471
702562
702753
702836
702923
703028
703033
703096
703114
703316
703365
703418
703429
703434
703435
703456
703584
703593
703908
704044
704217
704415
704520
704587
704685
704761
705025
705137
705195
705312
705339
705466
705486
705569
705577
705579
705626
705627
705841
705932
706091
706130
706310
706330
706397
706601
706668
706701
706866
707329
707538
707631
707684
707773
707785
707795
707806
707818
707825
708596
708743
708803
708920
708933
709082
709173
709174
709221
709292
709559
709640
709673
709712
709734
709946
709962
710021
710085
710300
710379
710383
710425
710426
710469
710679
710696
710820
710911
710933
711034
711051
711169
711297
711345
711428
711469
711705
712105
712275
712285
712347
712357
712366
712428
712439
712575
712615
712660
712706
712877
712979
713057
713162
713280
713345
713505
713551
713622
713656
713715
713744
713859
713889
713930
713974
714103
714137
714145
714152
714270
714725
714740
714834
714953
715116
715130
715331
715431
715448
715483
715504
715624
715634
715729
715765
715944
716049
716106
716221
716249
716250
716273
716295
716299
716380
716439
716643
716694
717056
717122
717175
717184
717205
717228
717339
717378
717523
717563
717619
717647
717689
717721
717803
717928
717968
718066
718382
718420
718460
718562
718617
718702
718883
718979
719024
719054
719077
719287
719339
719382
719613
719618
719641
719672
719706
719838
719922
719950
720125
720345
720351
720507
720575
720650
720760
720940
721008
721185
721295
721330
721338
721368
721717
721738
721781
721791
721887
721916
721990
722006
722010
722075
722088
722111
722424
722514
722528
722628
722658
722679
722715
722742
722883
723026
723097
723188
723201
723256
723341
723491
723918
723945
724008
724019
724034
724082
724136
724285
724301
724420
724494
724530
724554
724650
724664
724793
724878
724948
724998
725068
725070
725291
725480
725499
725650
725659
725677
725685
725724
725940
726014
726118
726646
726654
726788
726978
727085
727186
727201
727292
727415
727554
727618
727657
727757
727815
727835
727877
727878
727896
727964
728059
728088
728157
728205
728225
728262
728483
728626
728706
728726
728995
729002
729029
729147
729284
729319
729335
729365
729752
730150
730206
730237
730352
730696
730757
730768
731107
731114
731265
731484
731716
731751
731803
732023
732031
732225
732282
732381
732432
732505
732568
732653
732767
732881
732960
733003
733024
733208
733239
733312
733452
733460
733545
733726
733911
733941
733942
733983
734036
734061
734081
734095
734214
734447
734448
734468
734475
734578
734737
734793
735003
735044
735127
735138
735164
735219
735305
735342
735674
735761
735803
735946
735983
736543
736748
736927
736949
736968
737002
737092
737115
737238
737491
737542
737572
737686
737690
737707
737741
737769
738211
738332
738397
738492
738528
738626
738661
738688
738775
738871
738873
738878
738886
738947
738958
739017
739026
739072
739114
739145
739320
739332
739392
739453
740146
740531
740600
740618
740797
740872
740984
741245
741412
741437
741503
741723
741745
741884
741911
741999
742015
742047
742104
742110
742157
742210
742341
742750
742885
742924
743040
743269
743271
743285
743416
743447
743527
743535
743580
743689
743835
743848
743884
743978
744010
744112
744117
744125
744182
744251
744339
744341
744412
744480
744572
744626
744685
744839
744863
744913
744966
744993
745505
745734
745847
745927
746143
746155
746389
746490
746508
746535
746551
746654
746662
746900
747054
747068
747216
747226
747452
747574
747853
747961
748038
748064
748075
748087
748100
748221
748292
748332
748450
748471
748655
748761
748766
748808
748867
749183
749305
749414
749430
749505
749603
749615
749893
749961
750022
750028
750165
750220
750253
750291
750310
750369
750488
750613
750617
750749
750752
750837
751019
751050
751174
751186
751211
751381
751412
751457
751468
751498
751583
751741
751748
751810
751861
751904
751987
752014
752060
752227
752278
752287
752292
752392
752639
752691
752717
752817
752872
753015
753017
753067
753095
753166
753268
753535
753582
753668
753707
753714
753904
754005
754139
754191
754288
754406
754519
754534
754536
754619
754695
754952
755153
755158
755163
755218
755391
755398
755441
755454
755457
755555
756071
756125
756193
756294
756375
756521
756695
756920
756972
756987
757114
757155
757227
757250
757264
757313
757410
757520
757580
757700
757723
757826
757842
757928
757953
757992
758259
758294
758461
758473
758615
758620
759082
759094
759193
759316
759347
759402
759585
759597
759776
759793
759848
759849
760047
760054
760090
760094
760208
760406
760655
760706
760879
760886
760991
761003
761015
761198
761320
761354
761408
761453
761519
761614
761681
761848
761862
761874
761978
761998
762002
762142
762324
762334
762335
762430
762484
762495
762646
762662
763109
763189
763226
763268
763271
763286
763498
763532
763564
763772
763835
763904
763914
763948
764136
764501
764509
764574
764588
764609
764728
764851
765024
765116
765129
765318
765346
765381
765441
765479
765484
765683
765754
765838
765851
765984
766023
766033
766273
766473
766521
766542
766625
766800
766928
767040
767062
767085
767352
767362
767419
767479
767597
767750
767807
767947
767961
767978
768062
768065
768092
768170
768272
768324
768395
768524
768533
768661
768781
768784
768804
769088
769329
769367
769413
769458
769505
769580
769612
769656
769757
769767
769779
769959
770185
770205
770211
770342
770491
770590
770621
770717
770884
770897
770921
770934
771327
771441
771701
771827
771858
771959
771981
772026
772051
772067
772189
772211
772312
772484
772533
772644
772677
772681
772749
772798
772835
772955
772981
773164
773347
773396
773432
773440
773496
773500
773677
773755
773761
773786
773813
773820
773949
774001
774164
774274
774290
774324
774332
774460
774465
774540
774577
774590
774598
774775
774779
774822
774981
775182
775322
775352
775371
775397
775539
775572
775664
775666
775707
775774
775816
775819
776031
776206
776225
776372
776593
776920
776930
777159
777226
777430
777467
777478
777509
777680
777780
777824
777874
778273
778436
778471
778684
778783
778811
778845
778929
779151
779199
779352
779365
779660
779823
779869
779916
780222
780315
780411
780531
780715
780878
780879
780969
780982
780995
781011
781161
781190
781209
781216
781602
781718
781866
781893
781960
782222
782516
782523
782534
782670
782677
782945
783037
783316
783379
783390
783408
783484
783612
783707
783748
783750
783816
783850
783913
783980
784395
784476
784517
784549
784850
784975
784978
785106
785325
785339
785462
785530
785706
785727
785844
785882
786075
786098
786123
786161
786344
786460
786463
786539
786597
786608
786644
786704
786741
786772
786813
786842
786849
786964
787070
787082
787164
787201
787322
787342
787530
787541
787603
787860
787890
787926
787935
787985
787992
788464
788601
788663
788825
788837
788915
788924
788945
788977
788988
789007
789082
789181
789187
789477
789562
789589
789647
789684
789730
789892
789919
790126
790186
790412
790560
790647
790664
790814
790846
790957
790984
791181
791188
791266
791337
791365
791428
791547
791739
791807
791887
791901
792037
792041
792054
792092
792489
792491
792539
792581
792621
792648
792840
792957
793103
793159
793167
793372
793482
793869
794071
794153
794205
794212
794239
794435
794546
794556
794610
794770
794966
795024
795191
795337
795443
795471
795511
795630
795688
795710
795761
795805
795847
795871
795884
795987
796019
796037
796113
796128
796337
796571
796655
796716
796809
797087
797093
797098
797262
797352
797420
797479
797728
797771
797877
798016
798078
798179
798195
798233
798253
798334
798472
798504
798597
798699
798745
798862
799131
799135
799280
799457
799473
799499
799511
799577
799592
799634
799668
799770
799807
800296
800351
800379
800521
800675
800715
800746
800827
800884
800892
800933
801070
801096
801127
801162
801300
801335
801357
801506
801651
801709
801827
801851
801893
801938
802085
802131
802391
802511
802527
802561
802688
802823
802942
803031
803281
803316
803376
803429
803465
803480
803484
803522
803575
803880
804057
804078
804144
804168
804247
804269
804335
804621
804700
804714
804752
804758
804931
804962
805018
805057
805083
805319
805460
805606
805638
805645
805737
805780
805789
805985
806076
806078
806139
806159
806214
806248
806260
806512
806672
806685
806769
806776
806891
807051
807138
807211
807246
807561
807567
807685
807720
807761
807808
808086
808125
808217
808242
808299
808413
808529
808601
808621
808694
808744
808935
809010
809052
809059
809134
809307
809573
809785
809824
809993
810050
810384
810386
810433
810448
810537
810540
810547
810577
810593
810618
810674
810684
810789
810825
810842
810857
810910
810927
811157
811300
811416
811549
811673
811713
811817
811897
812032
812089
812100
812101
812410
812433
812559
812662
812727
812794
812809
813146
813244
813252
813259
813371
813545
813604
813648
813796
813820
813853
814030
814564
814615
814697
814698
814787
814792
814800
814858
814935
814996
815672
815807
815825
816118
816133
816154
816194
816303
816312
816414
816526
816532
816768
816785
816991
817116
817305
817599
817689
817728
817759
817769
817780
817885
817915
818026
818176
818184
818255
818345
818406
818420
818461
818821
818827
818896
818918
819094
819175
819206
819270
819338
820020
820136
820262
820284
820413
820417
820596
820663
820759
820932
820939
821075
821092
821241
821244
821376
821408
821450
821487
821492
821515
821554
821590
821687
821803
821817
821833
821890
822047
822150
822336
822439
822460
822493
822668
823160
823187
823206
823243
823285
823331
823338
823543
823656
823705
823818
823941
824005
824198
824258
824317
824377
824394
824408
824474
824498
824526
824574
824654
824793
824854
824967
825102
825319
825328
825670
825707
825829
825850
825909
825991
826062
826221
826259
826379
826406
826442
826542
826578
826805
826814
826841
826928
826973
826997
827041
827092
827269
827272
827405
827410
827429
827539
827545
827592
827639
827803
827906
827937
827949
827960
828105
828158
828159
828209
828305
828440
828473
828502
828593
828614
828654
828988
829087
829377
829383
829442
829686
829712
829729
829941
829968
829978
830180
830212
830307
830329
830378
830456
830548
830605
830650
830689
831155
831229
831270
831368
831434
831521
831533
831574
831616
831690
831726
831797
831824
831831
831833
831837
831972
832181
832204
832212
832216
832254
832266
832277
832382
832416
832435
832496
832516
832605
832704
832936
832981
833002
833035
833157
833242
833453
833466
833494
833542
833693
833759
833802
833875
833929
833933
833997
834293
834582
834761
834878
834886
834908
835060
835114
835177
835184
835209
835263
835368
835486
835726
835764
835804
835868
835922
835957
836017
836231
836266
836320
836442
836471
836491
836593
836936
836946
836984
836994
837008
837025
837171
837183
837360
837428
837465
837486
837507
837521
837630
837706
837773
837808
837826
837829
837943
838051
838210
838217
838224
838477
838660
838671
838687
838696
838764
838823
838930
839008
839013
839020
839261
839280
839312
839418
839454
839532
839541
839622
839843
840124
840125
840187
840227
840267
840277
840291
840322
840374
840450
840617
840644
840678
840875
840904
840966
841271
841344
841507
841579
841869
841951
842030
842046
842078
842161
842171
842298
842376
842679
842737
842761
842770
842881
842902
842924
842925
843114
843127
843638
843679
843786
843902
843980
844189
844220
844283
844391
844409
844498
844682
844722
844804
844810
845008
845019
845111
845191
845267
845318
845399
845409
845443
845454
845556
845570
845598
845771
845780
845886
845896
846015
846056
846169
846195
846199
846631
846787
846893
847006
847138
847192
847245
847428
847488
847592
847714
847753
847829
847869
847967
848164
848320
848345
848370
848622
848682
848714
848756
848765
848802
848887
849029
849113
849181
849191
849245
849258
849303
849352
849485
849841
849876
849877
849900
849939
849997
850030
850116
850122
850199
850346
850522
850578
850681
850917
850968
851050
851154
851307
851312
851416
851490
851502
851801
852053
852056
852082
852143
852237
852384
852466
852481
852671
852737
852859
853130
853331
853353
853531
853630
853639
853676
853694
854038
854316
854403
854448
854507
854553
854554
854711
854763
854884
854953
855109
855115
855442
855472
855668
855746
855766
855973
856046
856124
856236
856276
856280
856326
856334
856346
856387
856440
856495
856647
856682
856696
857129
857197
857362
857842
857843
857855
857971
857975
858005
858140
858201
858303
858603
858612
858669
858792
858841
858924
859006
859046
859053
859124
859187
859241
859277
859557
859693
859743
859809
859846
860050
860078
860097
860130
860459
860530
860567
860570
860579
860603
860610
860748
860839
860861
860891
860977
861013
861017
861180
861636
861642
862295
862349
862373
862474
862634
862646
862847
862874
862911
863014
863038
863064
863209
863229
863269
863291
863399
863531
863608
863751
863895
864099
864108
864196
864217
864241
864345
864625
864754
864987
865055
865148
865235
865515
865702
865714
865926
865968
866153
866165
866195
866206
866293
866303
866494
866650
867177
867183
867341
867368
867673
867701
867821
867952
868044
868061
868366
868412
868430
868525
868568
868692
868798
868842
868847
868981
869381
869656
869773
869775
869953
870214
870542
870685
870709
870760
870831
870985
871004
871022
871204
871454
871739
871797
871847
871848
871862
871980
871993
872016
872088
872122
872133
872165
872192
872253
872349
872447
872593
872599
872631
872686
872765
872781
872817
872882
873070
873192
873398
873429
873514
873527
873605
873615
873672
873920
873938
874152
874252
874280
874324
874379
874416
874548
874583
874630
874879
874891
875082
875189
875311
875398
875690
875841
876029
876088
876173
876321
876390
876426
876468
876695
877011
877280
877290
877567
877589
877703
877719
877770
877893
877918
878064
878123
878221
878277
878318
878647
878815
878988
879071
879370
879622
880319
880544
880655
880703
880715
880967
881164
881177
881372
881493
881593
881822
881901
882369
882406
882407
882658
882693
882701
882739
882770
882848
882858
883104
883147
883152
883259
883513
883596
883659
883681
883747
883752
883790
883825
883846
883904
883971
884033
884036
884637
884670
884868
884920
884932
885028
885072
885285
885496
885504
885557
885706
885753
885806
885924
885951
886075
886117
886209
886291
886306
886566
886706
886749
886761
886895
886962
887020
887071
887115
887182
887326
887570
887774
887888
888064
888148
888374
888469
888479
888498
888765
888925
888994
889050
889226
889375
889419
889435
889515
889679
889843
889848
889989
890281
890344
890548
890613
890656
890837
891065
891150
891174
891196
891208
891315
891387
891449
891509
891534
891665
891737
891792
891832
891918
891946
892061
892092
892178
892280
892286
892307
892334
892505
892556
892708
892721
892861
893018
893038
893105
893133
893170
893334
893539
893736
893775
893863
893879
893941
893944
893981
893996
894231
894487
894540
894554
894631
894782
894812
895000
895001
895161
895182
895406
895463
895528
895551
895793
895811
895899
896118
896174
896200
896468
896532
896542
896570
896592
896609
896623
896665
896806
896821
896851
896913
897041
897072
897256
897263
897308
897310
897554
897644
897923
897996
898019
898082
898282
898321
898336
898347
898432
898469
898526
898536
898575
898611
898677
898861
898959
899030
899289
899352
899716
899732
899839
899864
899881
899887
899967
899976
900007
900126
900226
900314
900320
900437
900472
900481
900525
900562
900650
900758
900852
901091
901223
901267
901548
901793
901795
901841
901856
902136
902186
902236
902304
902505
902561
902586
902652
902769
902818
903113
903268
903348
903497
903552
903581
903649
903805
903853
903871
904596
904617
904867
905016
905029
905145
905170
905174
905274
905448
905504
905627
905720
905827
905882
905983
905988
905999
906004
906083
906422
906424
906462
906568
906638
906706
906857
906998
907106
907151
907284
907396
907453
907457
907510
907577
907641
907945
908110
908284
908418
908493
908498
908620
908727
908879
908957
908986
908991
908999
909156
909179
909335
909514
909543
909803
909804
909948
909950
909957
910065
910084
910221
910339
910354
910379
910476
910560
910720
910748
910751
910785
910817
910959
910960
910973
911591
911709
911715
911730
911841
911975
912096
912101
912157
912541
912597
912698
912722
912747
912817
912973
912984
913077
913154
913181
913287
913394
913574
913606
913644
913645
913656
913778
913959
914079
914154
914168
914211
914217
914435
914438
914538
914607
914608
914609
914924
915084
915089
915148
915217
915408
915557
915597
915634
916070
916078
916210
916293
916710
916959
917127
917187
917256
917272
917273
917416
917516
917690
917703
917757
917800
917813
917830
917878
917984
918303
918399
918442
918573
918629
918728
918746
918761
919003
919017
919111
919174
919204
919232
919235
919336
919372
919389
919401
919481
919496
919636
919672
919734
919818
919911
919916
919925
919965
920075
920198
920218
920299
920301
920326
920387
920667
920792
921072
921092
921107
921138
921188
921270
921284
921394
921452
921463
921514
921530
921564
921577
921615
921642
921696
921844
921847
921954
922004
922180
922192
922221
922237
922267
922510
922523
922614
922648
922899
922929
923179
923188
923499
923605
923632
923770
923939
923979
924086
924101
924105
924266
924282
924409
924450
924487
924504
924569
924671
924757
924997
925059
925175
925184
925341
925400
925415
925426
925567
925574
925576
925592
925691
925809
925850
925879
926067
926141
926170
926563
926571
926939
926966
927000
927125
927191
927283
927358
927482
927509
927531
927546
927767
927834
927896
927919
927920
927951
928024
928155
928263
928375
928383
928391
928634
928647
928691
928773
928790
928815
928932
928956
929047
929352
929534
929660
929701
929708
929934
930062
930227
930372
930436
930450
930471
930630
930836
931030
931084
931130
931147
931327
931341
931557
931577
931654
931805
931937
932109
932150
932216
932272
932281
932294
932411
932575
932604
932629
932638
932644
932653
932689
932756
932928
933009
933158
933159
933334
933447
933450
933471
933589
933672
933700
933732
933815
933983
934011
934062
934113
934409
934490
934585
934959
935237
935243
935274
935277
935312
935331
935390
935573
935724
935758
935782
935960
935984
936117
936126
936209
936225
936321
936505
936524
936608
936674
936858
936963
936977
936991
937089
937468
937524
937525
937556
937588
937609
937676
937765
937801
937858
938174
938205
938225
938294
938747
938799
938831
938843
938941
939033
939077
939137
939187
939190
939228
939258
939329
939391
939434
939728
939900
939967
939980
939989
940125
940314
940427
940456
940622
940679
940683
940701
940719
940887
940933
941024
941032
941122
941137
941275
941311
941335
941409
941476
941480
941493
941592
941854
942096
942097
942156
942197
942213
942304
942405
942413
942427
942524
942810
942865
942923
942962
943020
943099
943112
943264
943675
943796
943863
943891
944058
944402
944423
944627
945018
945067
945101
945138
945200
945268
945632
945689
945870
946095
946237
946256
946379
946522
946531
946610
946680
947437
947706
947715
947790
947902
947969
948171
948186
948214
948256
948279
948314
948357
948508
948527
948529
948576
948579
948667
948679
948746
949254
949358
949389
949425
949637
949894
949979
950001
950056
950057
950219
950293
950345
950433
950542
950574
950606
950694
950715
950731
950772
950803
950987
951219
951248
951279
951369
951460
951609
951630
951632
951712
951734
951826
952018
952137
952267
952369
952442
952459
952499
952512
952547
952672
952981
953016
953084
953224
953295
953325
953399
953444
953504
953607
953926
953931
953977
954118
954143
954284
954298
954410
954467
954739
954751
954857
954871
954933
954956
955084
955097
955107
955140
955175
955183
955218
955390
955491
955546
955550
955553
955648
956009
956048
956163
956282
956410
956417
956559
956911
956953
956999
957055
957199
957232
957241
957418
957737
957815
957977
958256
958280
958375
958462
958553
958770
958892
958977
959035
959223
959324
959442
959473
959629
959835
959858
959860
959911
960389
960625
960715
960725
960733
960860
960996
961023
961127
961156
961161
961246
961343
961415
961450
961536
961548
961609
961636
961658
961756
961868
961912
961970
962002
962159
962160
962245
962355
962418
962434
962437
962438
962452
962497
962513
962646
962704
962752
962898
962912
963035
963058
963148
963191
963332
963364
963610
963700
963730
963890
964018
964152
964228
964259
964271
964280
964291
964296
964610
964625
964726
964750
964770
964854
964971
965025
965043
965045
965059
965289
965358
965374
965433
965469
965493
965506
965552
965636
965662
965739
965769
965779
965812
965955
966062
966184
966325
966694
966729
966745
966755
966945
967019
967105
967137
967205
967564
967728
967815
968089
968519
968523
968607
968641
968819
968820
969097
969205
969219
969326
969424
969686
969721
969738
969744
969849
969918
969947
970051
970149
970360
970376
970456
970498
970501
970608
970840
971042
971057
971071
971082
971110
971183
971362
971390
971424
971700
971723
971754
972123
972270
972453
972455
972875
972887
973129
973140
973206
973213
973445
973490
973585
973610
973631
973685
973921
973992
974039
974240
974283
974348
974466
974542
974571
974578
974620
974740
975108
975138
975315
975351
975487
975508
975554
975575
975653
975719
975832
975945
976226
976313
976380
976633
976741
976802
976840
976957
976968
977013
977098
977258
977291
977305
977524
977541
977820
977948
977987
978021
978217
978294
978433
978446
978534
978655
978870
978982
979118
979238
979261
979310
979333
979403
979417
979789
979850
979895
979901
980005
980143
980231
980233
980252
980453
980487
980495
980590
980647
980648
980655
980718
980823
980826
980845
980857
980870
980893
980972
981001
981121
981176
981199
981228
981234
981329
981376
981420
981552
981683
981697
981698
981711
981830
981911
981940
981945
982027
982053
982290
982394
982505
982664
982703
982913
982950
983076
983270
983359
983567
983675
983690
983693
983694
983724
983807
983859
983965
984091
984132
984135
984233
984380
984406
984521
984538
984543
984565
984650
984672
984726
984735
984802
984814
984847
984853
984896
984942
984955
984964
985088
985173
985191
985248
985269
985316
985368
985598
985748
985917
986010
986074
986115
986144
986149
986241
986441
986514
986663
986713
986833
986840
986950
986984
987006
987009
987077
987173
987229
987235
987255
987289
987409
987607
987651
987778
987837
987843
988243
988316
988406
988457
988471
988524
988648
988672
988865
988924
988947
988982
989185
989414
989887
989890
989897
989916
990283
990362
990406
990412
990662
990732
990741
990742
991036
991387
991408
991432
991520
991531
991558
991564
991586
991616
991679
991955
991959
992032
992115
992202
992404
992414
992630
992701
992888
993102
993129
993271
993630
993689
993779
993794
993928
993965
993967
993970
994196
994204
994254
994261
994389
994799
994822
994857
994885
994945
995043
995093
995105
995142
995232
995275
995389
995400
995493
995554
995649
995867
996014
996025
996298
996314
996407
996457
996564
996804
996816
996880
996898
996906
997315
997442
997509
997608
997707
997846
997914
997964
998014
998189
998273
998282
998331
998410
998483
998546
998593
998631
998774
999024
999159
999209
999414
999461
999567
999578
999628
999640
999718
999894
999912
1000278
1000329
1000368
1000417
1000425
1000525
1000767
1000777
1000834
1000842
1000975
1001214
1001231
1001243
1001282
1001375
1001463
1001465
1001574
1001843
1001858
1001925
1002143
1002157
1002207
1002279
1002373
1002451
1002500
1002524
1002657
1002701
1002752
1002920
1002980
1003082
1003166
1003206
1003344
1003355
1003457
1003558
1003606
1003720
1003787
1004238
1004499
1004552
1004808
1004860
1004968
1004977
1005120
1005150
1005370
1005377
1005388
1005390
1005392
1005513
1005541
1005673
1005700
1005962
1006059
1006091
1006107
1006287
1006353
1006401
1006437
1006467
1006517
1006641
1006666
1006680
1006806
1006950
1007146
1007166
1007241
1007282
1007500
1007584
1007624
1007734
1007775
1007937
1007951
1007963
1008016
1008088
1008228
1008342
1008388
1008483
1008600
1008659
1008725
1008763
1008936
1009127
1009138
1009188
1009211
1009489
1009610
1009720
1010057
1010156
1010233
1010368
1010482
1010572
1010613
1010771
1010790
1010900
1011082
1011116
1011282
1011584
1011703
1011793
1012044
1012128
1012146
1012160
1012259
1012359
1012385
1012441
1012523
1012578
1012626
1012769
1012792
1012922
1013013
1013261
1013336
1013352
1013393
1013548
1013611
1013704
1013840
1013851
1013909
1014118
1014232
1014279
1014359
1014405
1014543
1014587
1014697
1014711
1015038
1015089
1015106
1015171
1015360
1015379
1015440
1015491
1015515
1015527
1015562
1015576
1015704
1015716
1015718
1015827
1015913
1015928
1015970
1016123
1016580
1016586
1016750
1016760
1016804
1016899
1016906
1016979
1017018
1017038
1017043
1017084
1017114
1017145
1017167
1017754
1017795
1018041
1018176
1018216
1018512
1018649
1018759
1018780
1018827
1018846
1019044
1019048
1019136
1019192
1019199
1019262
1019328
1020077
1020091
1020175
1020282
1020284
1020397
1020596
1020725
1020854
1021042
1021156
1021169
1021278
1021359
1021397
1021430
1021476
1021506
1021527
1021581
1021634
1021720
1021743
1021778
1021814
1021871
1021902
1022017
1022047
1022129
1022166
1022259
1022301
1022372
1022421
1022506
1022591
1022616
1022968
1023022
1023058
1023169
1023277
1023288
1023289
1023445
1023595
1023624
1023665
1023675
1023725
1024079
1024254
1024276
1024324
1024370
1024455
1024757
1024843
1024921
1024993
1025016
1025129
1025214
1025231
1025279
1025353
1025358
1025507
1025814
1025873
1026033
1026060
1026281
1026333
1026485
1026505
1026551
1026744
1026800
1026809
1026820
1026869
1026877
1026985
1027063
1027310
1027562
1027608
1027613
1027697
1027859
1027876
1028143
1028145
1028184
1028503
1028570
1028590
1028676
1028681
1028841
1028847
1028924
1028935
1028951
1028953
1029086
1029087
1029260
1029544
1029596
1029736
1029851
1029939
1029969
1030052
1030061
1030162
1030474
1030504
1030621
1030832
1030833
1030876
1030885
1030913
1031015
1031095
1031147
1031148
1031177
1031191
1031211
1031304
1031451
1031455
1031460
1031492
1031558
1031669
1031743
1031810
1031843
1031878
1031937
1032043
1032096
1032129
1032233
1032275
1032321
1032331
1032379
1032412
1032426
1032438
1032440
1032449
1032545
1032600
1032761
1032764
1032785
1032804
1032967
1033018
1033058
1033083
1033225
1033313
1033423
1033563
1033575
1033718
1033763
1033973
1034017
1034042
1034055
1034350
1034463
1034495
1034498
1034546
1034611
1034648
1034738
1034826
1035054
1035078
1035176
1035344
1035417
1035502
1035507
1035520
1035798
1035803
1035848
1035882
1035888
1035895
1036288
1036296
1036308
1036314
1036339
1036410
1036470
1036575
1036716
1036746
1037117
1037226
1037279
1037307
1037347
1037415
1037563
1037711
1037784
1037801
1037988
1038058
1038163
1038240
1038432
1038480
1038659
1038831
1038898
1039021
1039135
1039559
1039599
1039631
1039719
1039763
1039833
1039917
1039990
1040134
1040167
1040229
1040333
1040459
1040461
1040502
1040828
1040966
1041060
1041181
1041195
1041202
1041463
1041540
1041642
1041713
1041716
1041757
1041789
1041826
1041895
1042600
1042713
1042726
1042945
1043344
1043346
1043402
1043424
1043494
1043570
1043611
1043705
1043853
1044056
1044301
1044466
1044606
1044710
1044714
1044804
1044867
1044943
1044993
1045007
1045122
1045310
1045319
1045425
1045472
1045523
1045587
1045608
1045791
1045802
1045814
1045819
1046001
1046298
1046396
1046403
1046429
1046507
1046576
1046651
1046774
1046775
1046809
1046824
1046835
1046896
1046910
1046915
1046982
1047154
1047158
1047184
1047207
1047275
1047280
1047328
1047369
1047445
1047447
1047465
1047542
1047590
1047736
1047750
1047826
1047943
1048044
1048048
1048146
1048188
1048308
1048372
1048433
1048486
1048515
1048590
1048603
1048616
1048714
1048735
1048836
1048994
1049024
1049064
1049200
1049238
1049288
1049291
1049303
1049569
1049655
1050022
1050088
1050164
1050306
1050340
1050545
1050731
1050842
1050853
1050985
1051106
1051111
1051185
1051229
1051331
1051333
1051355
1051537
1051624
1051680
1051880
1051894
1052217
1052350
1052453
1052479
1052678
1052684
1052913
1052959
1053036
1053042
1053060
1053102
1053161
1053245
1053451
1053467
1053545
1053672
1053678
1054133
1054163
1054177
1054433
1054658
1054711
1054839
1055019
1055043
1055128
1055258
1055549
1055941
1055986
1055998
1056057
1056080
1056568
1056592
1056650
1056701
1056728
1056828
1056836
1056917
1056985
1057006
1057041
1057098
1057279
1057396
1057413
1057628
1057698
1057890
1058064
1058160
1058181
1058233
1058350
1058445
1058488
1058491
1058507
1058508
1058540
1058631
1058785
1058810
1058837
1058862
1058967
1059018
1059034
1059044
1059063
1059097
1059223
1059349
1059715
1059896
1060027
1060046
1060171
1060235
1060273
1060300
1060437
1060447
1060684
1060755
1060822
1061040
1061066
1061195
1061230
1061263
1061343
1061523
1061568
1061604
1061619
1061799
1062031
1062152
1062238
1062242
1062243
1062278
1062410
1062436
1062527
1062628
1062840
1062874
1063672
1063692
1063744
1063790
1063825
1064054
1064173
1064221
1064296
1064323
1064372
1064500
1064533
1064671
1064744
1064816
1064883
1064891
1065099
1065109
1065129
1065262
1065401
1065412
1065716
1065742
1065796
1065806
1065899
1065966
1065967
1066020
1066055
1066082
1066167
1066262
1066511
1066611
1066644
1066749
1066754
1066970
1067037
1067130
1067155
1067232
1067266
1067300
1067465
1067572
1067577
1067765
1067798
1067807
1067970
1068033
1068238
1068252
1068257
1068258
1068271
1068331
1068573
1068614
1068795
1068830
1068837
1068910
1069200
1069202
1069335
1069418
1069463
1069506
1069555
1069633
1069669
1069682
1069683
1069791
1069943
1069947
1069970
1069995
1070080
1070124
1070146
1070202
1070227
1070295
1070383
1070409
1070444
1070541
1070593
1070708
1070838
1071016
1071054
1071082
1071308
1071310
1071386
1071414
1071610
1071619
1071745
1071771
1071783
1071958
1071982
1072009
1072027
1072094
1072154
1072238
1072290
1072293
1072492
1072518
1072548
1072572
1072604
1072663
1072779
1072879
1073028
1073084
1073160
1073246
1073260
1073849
1074046
1074073
1074099
1074130
1074215
1074279
1074390
1074566
1074907
1075004
1075040
1075155
1075415
1075476
1075528
1075744
1075752
1075760
1075807
1075933
1076007
1076156
1076168
1076314
1076366
1076444
1076450
1076466
1076541
1076554
1076581
1076616
1077073
1077131
1077194
1077305
1077824
1077987
1078063
1078351
1078603
1078685
1078777
1078871
1078873
1078953
1078987
1079077
1079246
1079253
1079435
1079496
1079548
1079608
1080009
1080186
1080253
1080373
1080566
1080593
1080622
1080725
1080738
1080856
1080985
1081028
1081113
1081134
1081265
1081440
1081640
1081755
1081783
1082247
1082277
1082584
1082695
1082716
1082765
1082782
1082831
1082989
1082999
1083029
1083160
1083290
1083357
1083388
1083413
1083476
1083624
1083676
1083876
1084037
1084063
1084156
1084251
1084374
1084500
1084503
1084510
1084568
1084771
1084825
1084924
1085030
1085034
1085116
1085221
1085229
1085300
1085348
1085408
1085436
1085525
1085619
1085974
1086032
1086399
1086489
1086519
1086658
1086934
1087125
1087127
1087272
1087293
1087392
1087510
1087516
1087591
1087779
1087881
1087903
1087982
1088036
1088061
1088072
1088094
1088127
1088294
1088497
1088562
1088642
1088656
1088672
1088873
1088895
1088904
1088931
1088943
1089165
1089303
1089359
1089449
1089477
1089620
1089659
1089689
1089737
1089756
1090123
1090126
1090198
1090208
1090474
1090697
1090726
1090806
1091173
1091196
1091206
1091453
1091462
1091487
1091586
1091620
1091693
1091712
1091771
1091952
1092019
1092031
1092082
1092087
1092121
1092229
1092287
1092300
1092399
1092423
1092514
1092629
1092750
1092758
1092974
1093103
1093115
1093415
1093505
1093573
1093682
1093833
1093864
1093954
1094033
1094169
1094243
1094339
1094383
1094574
1094656
1094666
1094721
1094730
1094742
1094778
1094802
1095112
1095181
1095231
1095573
1095697
1095809
1095911
1096167
1096207
1096483
1096505
1096681
1096878
1097248
1097269
1097331
1097521
1097557
1097699
1097723
1097837
1098122
1098328
1098330
1098346
1098438
1098507
1098809
1098871
1098893
1098920
1099176
1099198
1099307
1099432
1099499
1099512
1099629
1099750
1099805
1099886
1100085
1100226
1100264
1100363
1100496
1100716
1101321
1101426
1101478
1101541
1101637
1101655
1101753
1101870
1101886
1101938
1102042
1102286
1102297
1102371
1102920
1102974
1103027
1103144
1103145
1103506
1103536
1103624
1103735
1103823
1103999
1104134
1104170
1104279
1104287
1104299
1104554
1104721
1104935
1104965
1105014
1105032
1105171
1105276
1105389
1105419
1105460
1105497
1105724
1105776
1105923
1105944
1105957
1106269
1106331
1106346
1106367
1106415
1106451
1106520
1106627
1106643
1106665
1106691
1106807
1106880
1107172
1107381
1107642
1107758
1107813
1107851
1107877
1107879
1108240
1108245
1108259
1108290
1108297
1108433
1108479
1108534
1108593
1108674
1108693
1108734
1108755
1108841
1108899
1109076
1109122
1109253
1109300
1109520
1109529
1109802
1109853
1110038
1110049
1110054
1110104
1110118
1110119
1110151
1110280
1110535
1110753
1110865
1110962
1111059
1111218
1111270
1111385
1111469
1111512
1111647
1111682
1111696
1111732
1111777
1111835
1111961
1111963
1111991
1112052
1112099
1112126
1112206
1112239
1112252
1112377
1112453
1112661
1112724
1112833
1112989
1113073
1113433
1113478
1113541
1113582
1113726
1113730
1113942
1113989
1114134
1114188
1114255
1114341
1114371
1114375
1114451
1114577
1114733
1114781
1114849
1114971
1115022
1115496
1115557
1115600
1115948
1115961
1116126
1116130
1116156
1116179
1116213
1116278
1116561
1116620
1116737
1116741
1116893
1117002
1117019
1117062
1117199
1117255
1117348
1117405
1117427
1117590
1117725
1117784
1117793
1117914
1118111
1118256
1118302
1118305
1118328
1118350
1118367
1118449
1118594
1118618
1118694
1119199
1119229
1119276
1119439
1119513
1119630
1119717
1119719
1119734
1119821
1119893
1119923
1120270
1120358
1120522
1120590
1120643
1120668
1120672
1120689
1120785
1121094
1121138
1121162
1121373
1121435
1121733
1121906
1122006
1122047
1122073
1122204
1122222
1122300
1122327
1122332
1122391
1122460
1122461
1122534
1122538
1122630
1122638
1122741
1122802
1122901
1123045
1123049
1123106
1123116
1123452
1123500
1123521
1123754
1124024
1124139
1124147
1124187
1124213
1124241
1124291
1124365
1124418
1124561
1124733
1124755
1124810
1124841
1124857
1124941
1124985
1125224
1125354
1125714
1125853
1125963
1126042
1126315
1126323
1126329
1126696
1126705
1126771
1126826
1126959
1127030
1127077
1127191
1127236
1127367
1127531
1127556
1127560
1127874
1127898
1127976
1128025
1128111
1128152
1128595
1128606
1128679
1129278
1129434
1129435
1129461
1129583
1129889
1129911
1129927
1129940
1130150
1130156
1130269
1130270
1130373
1130428
1130473
1130486
1130553
1130563
1130645
1130752
1131045
1131101
1131279
1131437
1131497
1131655
1131703
1131777
1131846
1131896
1131949
1131959
1132112
1132120
1132181
1132215
1132222
1132469
1132513
1132784
1132805
1132974
1133072
1133097
1133347
1133530
1133568
1133642
1133739
1133897
1133968
1133979
1133989
1134054
1134095
1134330
1134422
1134485
1134528
1134536
1134683
1134757
1134964
1135002
1135077
1135085
1135252
1135272
1135307
1135384
1135468
1135593
1135923
1136024
1136041
1136055
1136071
1136091
1136140
1136144
1136277
1136284
1136286
1136668
1136700
1136789
1136792
1136882
1136902
1136993
1137033
1137067
1137134
1137236
1137247
1137319
1137343
1137479
1137524
1137620
1137621
1137651
1137663
1137681
1137690
1137781
1137803
1137878
1137879
1137950
1138029
1138030
1138140
1138153
1138191
1138264
1138305
1138329
1138534
1138790
1138797
1138808
1138839
1138903
1138947
1139058
1139079
1139257
1139304
1139386
1139532
1139594
1139725
1139800
1139839
1139950
1140072
1140164
1140189
1140321
1140424
1140769
1141019
1141179
1141330
1141510
1141778
1141791
1141818
1141894
1141985
1142171
1142179
1142229
1142282
1142322
1142435
1142480
1142537
1142576
1142723
1142763
1142869
1142933
1142960
1143042
1143070
1143340
1143374
1143461
1143682
1143748
1143777
1143813
1143818
1143952
1144048
1144110
1144224
1144492
1144541
1144724
1144784
1144831
1144944
1145172
1145235
1145289
1145326
1145327
1145407
1145459
1145600
1145699
1145742
1146098
1146276
1146535
1146643
1146672
1146864
1147021
1147178
1147188
1147307
1147402
1147866
1148030
1148040
1148125
1148164
1148266
1148353
1148533
1148579
1148662
1148791
1148796
1148816
1148856
1148889
1148995
1149069
1149263
1149318
1149345
1149426
1149516
1149585
1149675
1149783
1149892
1149950
1150043
1150057
1150163
1150168
1150393
1150397
1150435
1150601
1150757
1150774
1150865
1151016
1151047
1151268
1151300
1151310
1151394
1151516
1151522
1151590
1151810
1151894
1152147
1152288
1152371
1152493
1152596
1152628
1152739
1153215
1153223
1153276
1153315
1153335
1153401
1153448
1153539
1153591
1153635
1153777
1153781
1153834
1153874
1153992
1154117
1154251
1154291
1154476
1154715
1154729
1154733
1154789
1154873
1154930
1155015
1155062
1155197
1155301
1155348
1155378
1155596
1155625
1155630
1155664
1155719
1155810
1155814
1155861
1155865
1155895
1155896
1155967
1155989
1156189
1156228
1156348
1156575
1156658
1156849
1156909
1156994
1157039
1157085
1157574
1157645
1157709
1157732
1157765
1157999
1158026
1158047
1158060
1158266
1158430
1158455
1158462
1158545
1158648
1158733
1158734
1158738
1158745
1158944
1158953
1159200
1159549
1159624
1159778
1159780
1159882
1160003
1160069
1160105
1160161
1160396
1160482
1160486
1160647
1160654
1160737
1160742
1160757
1160827
1160955
1161071
1161126
1161270
1161299
1161343
1161369
1161394
1161433
1161534
1161590
1161616
1161636
1161649
1162007
1162082
1162114
1162158
1162248
1162372
1162414
1162538
1162689
1162704
1162889
1162909
1163129
1163167
1163270
1163319
1163365
1163379
1163383
1163537
1163547
1163664
1163748
1163864
1163873
1163915
1164152
1164299
1164389
1164409
1164452
1164472
1164639
1164778
1164888
1164947
1164955
1164978
1164992
1165225
1165427
1165479
1165510
1165581
1165596
1165727
1165826
1165874
1166277
1166465
1166566
1166573
1166585
1166760
1166888
1166997
1167061
1167236
1167250
1167310
1167332
1167505
1167602
1167718
1167805
1167809
1167960
1167979
1168105
1168414
1168460
1168484
1168572
1168650
1168708
1168782
1168808
1168861
1169039
1169293
1169300
1169304
1169312
1169329
1169349
1169395
1169707
1169732
1169807
1169994
1170075
1170080
1170104
1170114
1170218
1170263
1170352
1170575
1170766
1170799
1171032
1171083
1171117
1171259
1171326
1171329
1171341
1171412
1171749
1172031
1172155
1172198
1172235
1172247
1172398
1172448
1172545
1172602
1172745
1172791
1172811
1172831
1172869
1172900
1173258
1173372
1173393
1173485
1173518
1173628
1173664
1173691
1173697
1173741
1173894
1173944
1174033
1174086
1174129
1174245
1174443
1174517
1174641
1174916
1174943
1174996
1175290
1175515
1175620
1175767
1175815
1175917
1175962
1176057
1176064
1176164
1176361
1176760
1176804
1176968
1176972
1177057
1177091
1177168
1177392
1177424
1177471
1177663
1177676
1177732
1177830
1177846
1177895
1178031
1178268
1178420
1178690
1178691
1178808
1178812
1178875
1178885
1179057
1179102
1179113
1179318
1179465
1179493
1179517
1179621
1179745
1179763
1180127
1180199
1180435
1180523
1180540
1180553
1180782
1180926
1180959
1181082
1181088
1181140
1181220
1181353
1181391
1181431
1181495
1181502
1181608
1181658
1181711
1181752
1181799
1181819
1182031
1182060
1182079
1182157
1182359
1182480
1182715
1182970
1183193
1183232
1183276
1183323
1183328
1183372
1183565
1183795
1183944
1184211
1184294
1184480
1184588
1184607
1184624
1184632
1184701
1184760
1184855
1185043
1185412
1185471
1185544
1185576
1185636
1185691
1185705
1185711
1185800
1185865
1186167
1186228
1186269
1186307
1186362
1186364
1186376
1186398
1186486
1186651
1186675
1186687
1186985
1187118
1187261
1187293
1187316
1187333
1187401
1187442
1187496
1187696
1187702
1187721
1187732
1187853
1188132
1188452
1188504
1188534
1188838
1188855
1188874
1188880
1188922
1189137
1189340
1189428
1189535
1189583
1189647
1189650
1189675
1189733
1189743
1189865
1189963
1190141
1190279
1190357
1190450
1190461
1190601
1190762
1191106
1191155
1191365
1191413
1191429
1191444
1191538
1191687
1191767
1191963
1192168
1192437
1192439
1192693
1192744
1192776
1192887
1192969
1193098
1193184
1193266
1193458
1193547
1193677
1193759
1193835
1193851
1194045
1194220
1194356
1194364
1194445
1194658
1194712
1194832
1194868
1194945
1194959
1195411
1195500
1195610
1195646
1195659
1195665
1195754
1195833
1196114
1196182
1196305
1196409
1196528
1196583
1196616
1196853
1197112
1197150
1197220
1197342
1197377
1197448
1197501
1197503
1197552
1197564
1197649
1197666
1197719
1197766
1197769
1197795
1197808
1197892
1197932
1197979
1198147
1198413
1198415
1198494
1198687
1198896
1199111
1199226
1199238
1199379
1199410
1199460
1199508
1199596
1199809
1199834
1199957
1199962
1200078
1200086
1200216
1200241
1200270
1200303
1200323
1200328
1200728
1200742
1201021
1201124
1201262
1201287
1201348
1201378
1201472
1201932
1202012
1202103
1202232
1202258
1202300
1202380
1202392
1202419
1202451
1202734
1202742
1202797
1202900
1202902
1202921
1202961
1202971
1203215
1203281
1203288
1203300
1203314
1203496
1203501
1203594
1203640
1203681
1203687
1203747
1203855
1204160
1204162
1204214
1204279
1204317
1204475
1204643
1205442
1205482
1205541
1205571
1205700
1205713
1205796
1205884
1205911
1206066
1206070
1206139
1206191
1206210
1206301
1206436
1206470
1206481
1206685
1206841
1207017
1207025
1207174
1207271
1207386
1207430
1207602
1207695
1207950
1208070
1208090
1208239
1208319
1208372
1208462
1208559
1208609
1208753
1208935
1208983
1209011
1209274
1209588
1209705
1209740
1209827
1209862
1209956
1210107
1210160
1210332
1210341
1210396
1210604
1210779
1210826
1210943
1210976
1210977
1211027
1211075
1211081
1211137
1211186
1211210
1211237
1211421
1211467
1211518
1211584
1211606
1211685
1211738
1211745
1211821
1211869
1211900
1211913
1211944
1211948
1211979
1212001
1212072
1212081
1212231
1212340
1212422
1212451
1212595
1213052
1213055
1213127
1213471
1213559
1213632
1213673
1213810
1214002
1214217
1214379
1214549
1214568
1214818
1214822
1214849
1215163
1215199
1215278
1215480
1215533
1215729
1215740
1215746
1215871
1216053
1216511
1216525
1216689
1216791
1216881
1217061
1217071
1217272
1217323
1217538
1217577
1217934
1217954
1218012
1218267
1218387
1218484
1218767
1218824
1218832
1218857
1218921
1218927
1218942
1218979
1219075
1219159
1219226
1219337
1219596
1219925
1220141
1220173
1220211
1220347
1220415
1220424
1220437
1220574
1220711
1221200
1221279
1221310
1221488
1221495
1221555
1221778
1221887
1221960
1221976
1222010
1222081
1222448
1222476
1222480
1222481
1222565
1222642
1222809
1222909
1222972
1223006
1223091
1223131
1223259
1223271
1223329
1223360
1223486
1223505
1223687
1223711
1223818
1224328
1224414
1224583
1224618
1224702
1224826
1224859
1224910
1225064
1225084
1225157
1225222
1225236
1225239
1225285
1225585
1225712
1225867
1225896
1226007
1226095
1226146
1226147
1226249
1226416
1226437
1226552
1226646
1226947
1227088
1227202
1227215
1227267
1227328
1227450
1227538
1227625
1227887
1228175
1228196
1228317
1228335
1228455
1228509
1228574
1228690
1228719
1228729
1228843
1229015
1229016
1229062
1229075
1229626
1229684
1229930
1230113
1230204
1230388
1230466
1230717
1230781
1230791
1230883
1230968
1230990
1231079
1231370
1231458
1231515
1231549
1231553
1231709
1231711
1231849
1231894
1231909
1232042
1232284
1232321
1232437
1232458
1232507
1232515
1232530
1232884
1233149
1233421
1233460
1233485
1233524
1233555
1233672
1233694
1233794
1233813
1233880
1233928
1234030
1234032
1234047
1234173
1234238
1234300
1234325
1234565
1234814
1234884
1235000
1235341
1235548
1235611
1235651
1235706
1235914
1235919
1236061
1236197
1236438
1236525
1236593
1236691
1236876
1237071
1237146
1237230
1237260
1237262
1237500
1237515
1237557
1237684
1237729
1237865
1237932
1237967
1238113
1238117
1238266
1238466
1238666
1238687
1238754
1238847
1238851
1238878
1239025
1239060
1239302
1239356
1239501
1239597
1239606
1239677
1239693
1239751
1240064
1240255
1240271
1240280
1240305
1240374
1240402
1240423
1240863
1241031
1241077
1241314
1241493
1241551
1241800
1241926
1241979
1242053
1242125
1242311
1242574
1242581
1242634
1242783
1242844
1242921
1243104
1243200
1243237
1243328
1243381
1243420
1243439
1243488
1243549
1243675
1243719
1243733
1243795
1243813
1243850
1244023
1244047
1244147
1244384
1244405
1244528
1244894
1244948
1244957
1245003
1245024
1245076
1245083
1245539
1245623
1245632
1245645
1245746
1245797
1245892
1245898
1245901
1245971
1246144
1246193
1246195
1246216
1246252
1246319
1246458
1246583
1246597
1246642
1246807
1247008
1247067
1247224
1247280
1247338
1247527
1247544
1247597
1247670
1247701
1247837
1248146
1248284
1248392
1248491
1248546
1248547
1248678
1248702
1249159
1249182
1249230
1249257
1249339
1249354
1249383
1249660
1249753
1249893
1249936
1250102
1250338
1250426
1250637
1250828
1250949
1251050
1251061
1251063
1251092
1251246
1251485
1251512
1251589
1251746
1251752
1251753
1251799
1252002
1252079
1252293
1252358
1252429
1252473
1252727
1252804
1253078
1253166
1253167
1253300
1253303
1253319
1253401
1253468
1253661
1253868
1253876
1254065
1254085
1254091
1254112
1254113
1254163
1254178
1254286
1254405
1254644
1254675
1254680
1254739
1254755
1254970
1254994
1255067
1255120
1255242
1255340
1255422
1255536
1255652
1256053
1256079
1256084
1256285
1256286
1256546
1256598
1256611
1256706
1256760
1256767
1256782
1257009
1257020
1257132
1257236
1257262
1257742
1257771
1257829
1258042
1258493
1258642
1258900
1259012
1259108
1259484
1259524
1259542
1259609
1259765
1259843
1259849
1260024
1260059
1260128
1260192
1260313
1260327
1260379
1260504
1260559
1260648
1260901
1260915
1260948
1261055
1261249
1261366
1261452
1261482
1261484
1262008
1262092
1262451
1262456
1262566
1262567
1262647
1262894
1263151
1263168
1263279
1263299
1263463
1263493
1263662
1263708
1263719
1263774
1263927
1264016
1264265
1264474
1264607
1264675
1264805
1264810
1264970
1264989
1265026
1265084
1265129
1265239
1265294
1265424
1265450
1265474
1265501
1265695
1265705
1265797
1265808
1265985
1266301
1266331
1266359
1266396
1266436
1266819
1266830
1266874
1267092
1267141
1267264
1267318
1267333
1267483
1267616
1268060
1268212
1268313
1268609
1268638
1268790
1268995
1269010
1269068
1269117
1269256
1269268
1269288
1269337
1269427
1269533
1269613
1269617
1269647
1269706
1269809
1269939
1270014
1270030
1270053
1270254
1270384
1270454
1270546
1270615
1270700
1270863
1270973
1271021
1271091
1271158
1271357
1271431
1271486
1271583
1271790
1271871
1271968
1272060
1272117
1272140
1272261
1272290
1272303
1272310
1272681
1272792
1272823
1272939
1273043
1273099
1273126
1273143
1273152
1273230
1273270
1273306
1273394
1273520
1273549
1273577
1273754
1273765
1273793
1273933
1274265
1274328
1274540
1274577
1275103
1275132
1275358
1275699
1275805
1275819
1275967
1276191
1276210
1276321
1276340
1276534
1276586
1276673
1276681
1276800
1276835
1276976
1277177
1277250
1277293
1277505
1277535
1277536
1277662
1277685
1277899
1277960
1277986
1278389
1278776
1278876
1279108
1279166
1279213
1279243
1279251
1279356
1279379
1279418
1279457
1279560
1279912
1279947
1279976
1280146
1280184
1280275
1280304
1280367
1280449
1280555
1280636
1280737
1280933
1281158
1281246
1281304
1281411
1281793
1281826
1281867
1281869
1281929
1281957
1282150
1282668
1282688
1282732
1282737
1282818
1282867
1283205
1283586
1283701
1283769
1283826
1283832
1283925
1284052
1284183
1284195
1284248
1284330
1284476
1284487
1284577
1284615
1284656
1284678
1284719
1284773
1284868
1284893
1285024
1285127
1285130
1285317
1285501
1285573
1285685
1285840
1285942
1285969
1286138
1286234
1286245
1286254
1286271
1286484
1286682
1286693
1287048
1287091
1287111
1287323
1287339
1287375
1287381
1287388
1287491
1287550
1287566
1287575
1287734
1287923
1287967
1287974
1287979
1288122
1288295
1288514
1288593
1288653
1288680
1288874
1289167
1289175
1289216
1289595
1289692
1289718
1289759
1289761
1289763
1289771
1289796
1289861
1290202
1290452
1290489
1290758
1290809
1290819
1291015
1291115
1291214
1291292
1291488
1291638
1291959
1292085
1292376
1292406
1292468
1292523
1292715
1293059
1293122
1293196
1293315
1293383
1293481
1293574
1293596
1293649
1293748
1293970
1293991
1294014
1294025
1294076
1294081
1294116
1294130
1294226
1294278
1294682
1294693
1294724
1294781
1294935
1295106
1295107
1295189
1295202
1295215
1295217
1295408
1295431
1295533
1295607
1295635
1295641
1295674
1295716
1295752
1296051
1296168
1296320
1296354
1296700
1296717
1296732
1296779
1296784
1296817
1296971
1297026
1297077
1297139
1297188
1297211
1297263
1297498
1297578
1297600
1297668
1297672
1297719
1298104
1298274
1298326
1298327
1298517
1298551
1298558
1298667
1299077
1299079
1299094
1299152
1299366
1299378
1299481
1299526
1299776
1299783
1299827
1299911
1299945
1300067
1300078
1300148
1300190
1300330
1300459
1300476
1300587
1300633
1300670
1300745
1300780
1300831
1300928
1300933
1301295
1301398
1301608
1301948
1301978
1302004
1302134
1302241
1302448
1302472
1302513
1302963
1302976
1303168
1303281
1303344
1303420
1303580
1303612
1303666
1303723
1303808
1303918
1303942
1304094
1304105
1304273
1304286
1304456
1304631
1304727
1304843
1304876
1304907
1305152
1305213
1305634
1305658
1305681
1305708
1305822
1305828
1305939
1306062
1306221
1306293
1306311
1306408
1306409
1306416
1306504
1306535
1306609
1306614
1307075
1307300
1307409
1307532
1307687
1307754
1307756
1307758
1308025
1308163
1308212
1308361
1308675
1308684
1308746
1308765
1308861
1308947
1308971
1308982
1309024
1309050
1309217
1309390
1309421
1309524
1309628
1309632
1309664
1309689
1309790
1309830
1309933
1309954
1310023
1310045
1310344
1310439
1310581
1310633
1310691
1310714
1310758
1310825
1310836
1310885
1310916
1310945
1311155
1311200
1311252
1311281
1311364
1311470
1311476
1311632
1311663
1311704
1311912
1312170
1312213
1312345
1312351
1312384
1312818
1313115
1313400
1313660
1313887
1313912
1313920
1314121
1314167
1314290
1314418
1314426
1314497
1314690
1314760
1314791
1314806
1315016
1315103
1315108
1315177
1315192
1315224
1315326
1315366
1315368
1315384
1315505
1315587
1315613
1315730
1315785
1315888
1315993
1316095
1316102
1316148
1316184
1316431
1316469
1316566
1316600
1316641
1316944
1317110
1317136
1317244
1317293
1317352
1317516
1317586
1317662
1317887
1317927
1317960
1317993
1318267
1318283
1318323
1318355
1318382
1318454
1318474
1318639
1318717
1318860
1318938
1318957
1319038
1319042
1319114
1319172
1319229
1319450
1319544
1319547
1319663
1319728
1319761
1319859
1319908
1320025
1320410
1320536
1320538
1320570
1320719
1320726
1320727
1320799
1320825
1320988
1321004
1321008
1321118
1321205
1321212
1321323
1321365
1321527
1321559
1321769
1322131
1322569
1322656
1322663
1322935
1323042
1323233
1323236
1323241
1323258
1323287
1323329
1323408
1323498
1323710
1323738
1323742
1323750
1323910
1324134
1324211
1324275
1324305
1324314
1324339
1324414
1324515
1324637
1324669
1324832
1324885
1324976
1325010
1325012
1325119
1325279
1325396
1325471
1325701
1326029
1326077
1326116
1326297
1326415
1326470
1326524
1326559
1326590
1326792
1326884
1326947
1327053
1327089
1327241
1327284
1327432
1327575
1327672
1327729
1327777
1327802
1327840
1327897
1327912
1328030
1328162
1328314
1328714
1328749
1329139
1329212
1329275
1329315
1329369
1329443
1329445
1329561
1329688
1329691
1329802
1329814
1329945
1330072
1330136
1330312
1330340
1330519
1330522
1330586
1330969
1331258
1331266
1331291
1331311
1331314
1331328
1331333
1331406
1331470
1331507
1331547
1331551
1331620
1331756
1331926
1331928
1332115
1332135
1332202
1332621
1332765
1333148
1333280
1333519
1333592
1333663
1333720
1333797
1333906
1333950
1334147
1334266
1334382
1334389
1334575
1334778
1335015
1335041
1335125
1335147
1335416
1335431
1335533
1335651
1335657
1335725
1336154
1336467
1336657
1336661
1336723
1336728
1336951
1337204
1337270
1337297
1337382
1337510
1337830
1337883
1337966
1338052
1338127
1338132
1338206
1338272
1338274
1338394
1338476
1338480
1338490
1338761
1338839
1338854
1339233
1339291
1339440
1339471
1339488
1339614
1339687
1339710
1339717
1339863
1339971
1340194
1340203
1340262
1340498
1340519
1340656
1340691
1340849
1341037
1341170
1341209
1341226
1341300
1341556
1341570
1341601
1341650
1341669
1341684
1341699
1342002
1342044
1342301
1342306
1342605
1342656
1342660
1342891
1343028
1343117
1343413
1343630
1343687
1343916
1344056
1344251
1344607
1344636
1344697
1344756
1344837
1344855
1344889
1344897
1344930
1344934
1344946
1344952
1345038
1345266
1345484
1345677
1345753
1345923
1345984
1345989
1346033
1346236
1346246
1346329
1346608
1346638
1346771
1346774
1346794
1346954
1347069
1347140
1347145
1347310
1347389
1347406
1347463
1347683
1347787
1348047
1348173
1348504
1348661
1348684
1348776
1348785
1348924
1349002
1349076
1349150
1349245
1349327
1349343
1349513
1349632
1349680
1349881
1349892
1349970
1350022
1350106
1350125
1350446
1350559
1350596
1350609
1350699
1350715
1350795
1350994
1351005
1351095
1351112
1351179
1351222
1351262
1351299
1351311
1352092
1352265
1352345
1352430
1352519
1352637
1352657
1352765
1352822
1352954
1353118
1353178
1353341
1353362
1353440
1353643
1353718
1353787
1354056
1354121
1354126
1354148
1354453
1354516
1354545
1354632
1354646
1354832
1355060
1355069
1355121
1355135
1355331
1355356
1355419
1355557
1355654
1355668
1355703
1355857
1355981
1355990
1356114
1356209
1356316
1356430
1356483
1356547
1356608
1356722
1356745
1356824
1356828
1356834
1356886
1356997
1357105
1357123
1357183
1357284
1357293
1357364
1357429
1357568
1357591
1357593
1357640
1357806
1358032
1358227
1358756
1358760
1358825
1359291
1359314
1359396
1359901
1359916
1359996
1360041
1360074
1360103
1360188
1360189
1360195
1360326
1360341
1360406
1360623
1360688
1360858
1360864
1361052
1361110
1361156
1361239
1361295
1361379
1361407
1361547
1361625
1361650
1361768
1361801
1361817
1361821
1361835
1361901
1362030
1362035
1362043
1362050
1362146
1362197
1362312
1362356
1362401
1362471
1362483
1362548
1362785
1363060
1363110
1363177
1363261
1363405
1363410
1363464
1363516
1363580
1363586
1363699
1363981
1364005
1364105
1364138
1364220
1364303
1364350
1364512
1364534
1364542
1364581
1364586
1364731
1364859
1365000
1365102
1365103
1365162
1365208
1365295
1365432
1365440
1365481
1365627
1365648
1365668
1365822
1365874
1365946
1366072
1366087
1366164
1366170
1366330
1366403
1366628
1366692
1366713
1366877
1366898
1366940
1367009
1367157
1367273
1367346
1367415
1367755
1368028
1368101
1368263
1368509
1368609
1368621
1368798
1368839
1368843
1368908
1369233
1369322
1369385
1369499
1369502
1369573
1369851
1369920
1370059
1370191
1370295
1370316
1370357
1370454
1370484
1370552
1370615
1370863
1370910
1371001
1371063
1371113
1371222
1371338
1371510
1371601
1371706
1371785
1371963
1372093
1372111
1372443
1372514
1372527
1372704
1372895
1373065
1373215
1373412
1373453
1373497
1373501
1373542
1373744
1373819
1373940
1373998
1374115
1374226
1374304
1374315
1374537
1374566
1374580
1374592
1374657
1374664
1374754
1374778
1374810
1375046
1375162
1375240
1375275
1375353
1375401
1375454
1375499
1375539
1375587
1375710
1375868
1375870
1375882
1375914
1375958
1375996
1376149
1376358
1376538
1376603
1376835
1376950
1377024
1377057
1377096
1377223
1377267
1377292
1377358
1377363
1377379
1377409
1377455
1377769
1377797
1378253
1378274
1378369
1378409
1378463
1378699
1378737
1378919
1379004
1379005
1379337
1379445
1379556
1379680
1379737
1379851
1379865
1379931
1380066
1380139
1380169
1380254
1380331
1380357
1380434
1380728
1380805
1380904
1381086
1381307
1381424
1381445
1381638
1381733
1381734
1381782
1381948
1381979
1382031
1382079
1382160
1382390
1382518
1382532
1382705
1382895
1383182
1383203
1383208
1383384
1383426
1383456
1383746
1383872
1384306
1384443
1384459
1384798
1384816
1384865
1384868
1384957
1384959
1385158
1385414
1385540
1385587
1385600
1385630
1385649
1385819
1385923
1386173
1386362
1386428
1386532
1386540
1386672
1386717
1386799
1386877
1386906
1387243
1387469
1387591
1387664
1387682
1387788
1387851
1387984
1388043
1388085
1388162
1388215
1388379
1388393
1388403
1388444
1388497
1388498
1388625
1388691
1388737
1388810
1388906
1388965
1389095
1389126
1389232
1389260
1389453
1389624
1389626
1389645
1389646
1389732
1390056
1390060
1390171
1390293
1390413
1390439
1390570
1390581
1390601
1390764
1390934
1391023
1391108
1391291
1391333
1391528
1391537
1391572
1391775
1391843
1391991
1392076
1392192
1392257
1392411
1392819
1392842
1393042
1393284
1393409
1393412
1393469
1393554
1393606
1393795
1393891
1394058
1394545
1394566
1394592
1394624
1394671
1394865
1394923
1394979
1394992
1395018
1395244
1395266
1395271
1395290
1395327
1395555
1395644
1395654
1395739
1395932
1396026
1396106
1396123
1396188
1396289
1396310
1396452
1396612
1396638
1396742
1396747
1396848
1396862
1397098
1397288
1397401
1397439
1397498
1397727
1397891
1398166
1398289
1398307
1398515
1398616
1398636
1398678
1398884
1399178
1399538
1399707
1399715
1399777
1399803
1399911
1400006
1400377
1400482
1400518
1400625
1400726
1400891
1400984
1401111
1401182
1401258
1401381
1401520
1401579
1401625
1401727
1401737
1401826
1401850
1401853
1402143
1402162
1402213
1402364
1402466
1402638
1402668
1402705
1402772
1402804
1402805
1402994
1403116
1403636
1403638
1403752
1403821
1404019
1404107
1404146
1404231
1404257
1404284
1404305
1404451
1404478
1404574
1404656
1404780
1404841
1404960
1405010
1405026
1405417
1405441
1405444
1405454
1405468
1405540
1405843
1405875
1405986
1406030
1406082
1406114
1406137
1406224
1406249
1406272
1406280
1406971
1407169
1407344
1407615
1407623
1407647
1407685
1407689
1408102
1408104
1408411
1408429
1408468
1408530
1408633
1408747
1408756
1408978
1409021
1409108
1409240
1409807
1409936
1410039
1410044
1410046
1410119
1410495
1410544
1410561
1410714
1410866
1410964
1411167
1411722
1411850
1411910
1411948
1412016
1412466
1412566
1412569
1412736
1412741
1412880
1412888
1412927
1413003
1413023
1413148
1413168
1413174
1413388
1413624
1413906
1414042
1414144
1414325
1414346
1414518
1414642
1414713
1414746
1414824
1414845
1414888
1414932
1414989
1415002
1415053
1415252
1415334
1415422
1415544
1415569
1415937
1416301
1416356
1416405
1416468
1416497
1416773
1416823
1416851
1417082
1417153
1417252
1417294
1417385
1417454
1417488
1417497
1417617
1417796
1417818
1417836
1417837
1417854
1417969
1418081
1418083
1418257
1418774
1419079
1419131
1419151
1419254
1419313
1419355
1419411
1419534
1419610
1419639
1419640
1419691
1419782
1419836
1420029
1420070
1420072
1420472
1420498
1420548
1420584
1420705
1420739
1420798
1420845
1420847
1421004
1421011
1421041
1421142
1421195
1421316
1421416
1421466
1421741
1421795
1421802
1421811
1421839
1421868
1421918
1422030
1422046
1422193
1422194
1422207
1422243
1422301
1422598
1422621
1422706
1422761
1422778
1422895
1422970
1422973
1423100
1423298
1423871
1423889
1423948
1424089
1424173
1424317
1424393
1424549
1424614
1424626
1424705
1424714
1424724
1424727
1424810
1424880
1424906
1425047
1425132
1425267
1425268
1425293
1425366
1425430
1425439
1425442
1425469
1425666
1425786
1425849
1425967
1425980
1426003
1426040
1426064
1426663
1426787
1426851
1426907
1426948
1426953
1427083
1427152
1427212
1427263
1427353
1427724
1427731
1427851
1428020
1428066
1428387
1428395
1428592
1428609
1428701
1428821
1428865
1428873
1429068
1429397
1429495
1429651
1429752
1429763
1429796
1430031
1430075
1430109
1430298
1430330
1430349
1430352
1430600
1430653
1430673
1430783
1430787
1430971
1430976
1430985
1431052
1431060
1431088
1431267
1431333
1431434
1431484
1431585
1431777
1431889
1431901
1432109
1432128
1432257
1432435
1432774
1432915
1432926
1432968
1433089
1433138
1433240
1433388
1433487
1433529
1433553
1433564
1433614
1433812
1433969
1434066
1434114
1434143
1434166
1434186
1434225
1434376
1434416
1434493
1434512
1434516
1434532
1434602
1434643
1434788
1434821
1434828
1434849
1434865
1434978
1435014
1435032
1435232
1435249
1435336
1435548
1435574
1435658
1435715
1435743
1435852
1436259
1436493
1436499
1436522
1436562
1436645
1436736
1436954
1436964
1436985
1437160
1437297
1437322
1437450
1437603
1437642
1437875
1437951
1438193
1438223
1438234
1438239
1438282
1438369
1438373
1438391
1438411
1438764
1438774
1438777
1438930
1438997
1439062
1439101
1439108
1439335
1439704
1439812
1439814
1439898
1439909
1440145
1440291
1440313
1440384
1440475
1440527
1440595
1440849
1440895
1440954
1441080
1441118
1441281
1441399
1441581
1441610
1441814
1441941
1442049
1442057
1442071
1442160
1442205
1442345
1442465
1442494
1442526
1442532
1442756
1443281
1443570
1443596
1443639
1443681
1443744
1443788
1443799
1443941
1444025
1444106
1444133
1444219
1444310
1444369
1444396
1444410
1444458
1444481
1444562
1444604
1444734
1444753
1444904
1445217
1445333
1445482
1445532
1445563
1445630
1445669
1445911
1445998
1446105
1446271
1446440
1446472
1446519
1446677
1446779
1446934
1447088
1447125
1447203
1447349
1447387
1447404
1447442
1447495
1447577
1448012
1448016
1448102
1448104
1448112
1448165
1448171
1448214
1448319
1448359
1448450
1448590
1448707
1448718
1448801
1448915
1449068
1449131
1449606
1449703
1449917
1449950
1449985
1450081
1450104
1450128
1450291
1450459
1450644
1450874
1450967
1450984
1451551
1451854
1451870
1451879
1452024
1452028
1452034
1452249
1452270
1452352
1452365
1452397
1452398
1452488
1452498
1452501
1452729
1452746
1452895
1452943
1452952
1452954
1453001
1453192
1453376
1453427
1453443
1453456
1453651
1453669
1453741
1453769
1453809
1453848
1454106
1454232
1454281
1454335
1454430
1454457
1454480
1454953
1455025
1455028
1455071
1455115
1455206
1455424
1455742
1455748
1455933
1455946
1456038
1456185
1456218
1456237
1456250
1456255
1456272
1456385
1456394
1456446
1456457
1456506
1456733
1456826
1456838
1456977
1457285
1457565
1457585
1457762
1457850
1458036
1458147
1458349
1458503
1458697
1458747
1458813
1458859
1459153
1459167
1459549
1459814
1460042
1460072
1460143
1460144
1460264
1460411
1460418
1460517
1460534
1460685
1460779
1460788
1460894
1461035
1461237
1461254
1461272
1461495
1461535
1461686
1461726
1461859
1461869
1461899
1461915
1461918
1461932
1461950
1462086
1462245
1462413
1462451
1462453
1462494
1462757
1462950
1463114
1463244
1463748
1463807
1463851
1463872
1463967
1464133
1464139
1464192
1464289
1464307
1464336
1464461
1464622
1464843
1464950
1465090
1465116
1465171
1465198
1465234
1465561
1465573
1465697
1465753
1465770
1465784
1466101
1466187
1466281
1466304
1466305
1466378
1466619
1466681
1466762
1466851
1467018
1467157
1467384
1467404
1467466
1467476
1467607
1467619
1467726
1467780
1467783
1467889
1467901
1468167
1468170
1468267
1468313
1468447
1468502
1468570
1468668
1468717
1468729
1468735
1468749
1468855
1468963
1469049
1469077
1469215
1469262
1469456
1469805
1469958
1470037
1470510
1470712
1470848
1470932
1471129
1471134
1471259
1471429
1471521
1471701
1471762
1471922
1471998
1471999
1472080
1472150
1472184
1472223
1472255
1472422
1472505
1472566
1472686
1472877
1472918
1472956
1473241
1473596
1473822
1473958
1473981
1474069
1474113
1474246
1474586
1474623
1474731
1474761
1474766
1474781
1474921
1474988
1475044
1475108
1475146
1475292
1475470
1475607
1475642
1475723
1476048
1476096
1476106
1476246
1476324
1476523
1476559
1476639
1476650
1476723
1476797
1476954
1476960
1476985
1477020
1477061
1477196
1477264
1477413
1477423
1477523
1477716
1477991
1477993
1478189
1478285
1478357
1478498
1478631
1478644
1478782
1478851
1478896
1478903
1479082
1479112
1479132
1479138
1479294
1479344
1479497
1479659
1479721
1479820
1480153
1480162
1480228
1480257
1480380
1480438
1480479
1480504
1480584
1480619
1480657
1480908
1480920
1480934
1480985
1481003
1481042
1481044
1481101
1481297
1481439
1481546
1481859
1481959
1482210
1482411
1482451
1482597
1482775
1483066
1483075
1483138
1483439
1483508
1483763
1483977
1484178
1484316
1484319
1484649
1484689
1485045
1485097
1485105
1485237
1485759
1485829
1485918
1485931
1485936
1485941
1486098
1486141
1486220
1486305
1486358
1486433
1486725
1486728
1487044
1487057
1487213
1487246
1487560
1487636
1487725
1487734
1487867
1487876
1487882
1488006
1488036
1488118
1488128
1488205
1488355
1488359
1488380
1488537
1488617
1488824
1488841
1488847
1488954
1488984
1489027
1489125
1489177
1489192
1489205
1489216
1489279
1489303
1489587
1489606
1489649
1489717
1489818
1489891
1490040
1490221
1490237
1490268
1490563
1490660
1490929
1490956
1491098
1491137
1491185
1491363
1491389
1491584
1491639
1491881
1492090
1492451
1492561
1492808
1492867
1492884
1493020
1493061
1493122
1493324
1493420
1493577
1493873
1494303
1494324
1494340
1494428
1494547
1494561
1494684
1494735
1494763
1494802
1495070
1495129
1495285
1495439
1495550
1495583
1495658
1495743
1495812
1495890
1495962
1496339
1496493
1496605
1496727
1496769
1496780
1496813
1496852
1496908
1496973
1497377
1497419
1497760
1498025
1498063
1498152
1498222
1498396
1498535
1498796
1498800
1498808
1498812
1498964
1499255
1499297
1499353
1499374
1499611
1499706
1499728
1499873
1499926
1500017
1500112
1500117
1500231
1500258
1500368
1500517
1500534
1500706
1500928
1501416
1501428
1501445
1501603
1501760
1502098
1502236
1502313
1502320
1502443
1502523
1502890
1502918
1503041
1503125
1503137
1503226
1503326
1503488
1503728
1503816
1503986
1504428
1504505
1504513
1504611
1504728
1504988
1505045
1505246
1505519
1505576
1505654
1505675
1505715
1505924
1505945
1505979
1506072
1506119
1506268
1506630
1506798
1506913
1507152
1507169
1507233
1507236
1507268
1507408
1507467
1507518
1507646
1507830
1508088
1508273
1508386
1508595
1508858
1508943
1508947
1509034
1509048
1509239
1509413
1509677
1509687
1509783
1509813
1509992
1510081
1510174
1510201
1510210
1510291
1510302
1510503
1510512
1510549
1510715
1510910
1511026
1511061
1511128
1511293
1511784
1511866
1512267
1512314
1512388
1512593
1512650
1512694
1512846
1512972
1513056
1513086
1513163
1513389
1513484
1513485
1513556
1513615
1513662
1513757
1513816
1513863
1513940
1514115
1514205
1514209
1514314
1514430
1514534
1514639
1514727
1514743
1514790
1514855
1514856
1514901
1514967
1515006
1515069
1515217
1515305
1515357
1515442
1515461
1515566
1515657
1515768
1515850
1516322
1516589
1516601
1516731
1516751
1516762
1516941
1517043
1517112
1517151
1517285
1517341
1517349
1517357
1517422
1517439
1517734
1517767
1517872
1517920
1517958
1518200
1518508
1518553
1518839
1518842
1519009
1519030
1519092
1519119
1519161
1519192
1519541
1519554
1519669
1519892
1519901
1520079
1520125
1520298
1520365
1520535
1520672
1520689
1520748
1520762
1520994
1521121
1521188
1521412
1521618
1521805
1521974
1522079
1522295
1522378
1522825
1522835
1523089
1523130
1523185
1523253
1523307
1523336
1523338
1523526
1523716
1523727
1523736
1523925
1523981
1524028
1524051
1524104
1524156
1524465
1524471
1524551
1524635
1524804
1524952
1525059
1525134
1525362
1525409
1525689
1525797
1525815
1526046
1526075
1526253
1526353
1526379
1526491
1526531
1526680
1526688
1526845
1527019
1527023
1527364
1527406
1527577
1527594
1527779
1527963
1527979
1528152
1528234
1528564
1528582
1528764
1528860
1528877
1528924
1529016
1529109
1529184
1529241
1529403
1530002
1530108
1530141
1530234
1530290
1530502
1530531
1530555
1530650
1530781
1530848
1530916
1531013
1531102
1531128
1531301
1531794
1531969
1531970
1532067
1532098
1532137
1532176
1532298
1532347
1532512
1532575
1532847
1532851
1533008
1533111
1533119
1533281
1533305
1533330
1533339
1533427
1533467
1533500
1533579
1533834
1533880
1533882
1534012
1534130
1534139
1534374
1534399
1534486
1534488
1534733
1534897
1535023
1535158
1535178
1535212
1535355
1535373
1535415
1535472
1535526
1535592
1535657
1535708
1536113
1536225
1536414
1536466
1536798
1536828
1536875
1536937
1537163
1537257
1537674
1537731
1537795
1537842
1537880
1537889
1537894
1538177
1538251
1538454
1538672
1538836
1538877
1538919
1538931
1539014
1539344
1539378
1539413
1539430
1539692
1539693
1539694
1539825
1539897
1540007
1540133
1540169
1540326
1540340
1540403
1540556
1540738
1540942
1540946
1540968
1541078
1541084
1541097
1541117
1541210
1541303
1541363
1541635
1541642
1541672
1541727
1541739
1541796
1541806
1542008
1542036
1542102
1542147
1542245
1542273
1542368
1542373
1542423
1542599
1542605
1542617
1542686
1542792
1542802
1542890
1542925
1542945
1543140
1543168
1543175
1543230
1543271
1543324
1543329
1543398
1543484
1543522
1543760
1543840
1543907
1543939
1543974
1544067
1544088
1544243
1544266
1544289
1544324
1544443
1544504
1544532
1544762
1544965
1544969
1545014
1545264
1545410
1545426
1545493
1545520
1545545
1545559
1545626
1545840
1545878
1546064
1546282
1546320
1546492
1546497
1546624
1546667
1546687
1546689
1546801
1546872
1546947
1547020
1547096
1547154
1547166
1547270
1547357
1547377
1547389
1547415
1547457
1547576
1547669
1547742
1547937
1548299
1548304
1548305
1548427
1548500
1548541
1548639
1548809
1548870
1548949
1548997
1549011
1549265
1549304
1549365
1549424
1549499
1549521
1549573
1549623
1549663
1549679
1549710
1549875
1549899
1549924
1549969
1550003
1550097
1550105
1550407
1550500
1550795
1551245
1551298
1551350
1551456
1551788
1551969
1552023
1552141
1552213
1552260
1552328
1552404
1552446
1552673
1552704
1552841
1552850
1552906
1552930
1552933
1553001
1553222
1553264
1553296
1553300
1553303
1553472
1553692
1553754
1553866
1553883
1553942
1554227
1554277
1554315
1554503
1554563
1554613
1554622
1554634
1554721
1554731
1555189
1555268
1555280
1555295
1555301
1555482
1555499
1555520
1555600
1555772
1555798
1555938
1556008
1556090
1556101
1556203
1556534
1556586
1556630
1556881
1556930
1556951
1557063
1557125
1557161
1557279
1557364
1557433
1557452
1557508
1557688
1557901
1558009
1558051
1558166
1558204
1558343
1558402
1558618
1558727
1558735
1558830
1558897
1558962
1559008
1559038
1559116
1559593
1559696
1559745
1559855
1560177
1560359
1560546
1560584
1560689
1560697
1560842
1560949
1560955
1561033
1561296
1561338
1561547
1561549
1561555
1561632
1561893
1561969
1562127
1562217
1562306
1562370
1562389
1562507
1562508
1562668
1562758
1562947
1562997
1563040
1563127
1563255
1563294
1563329
1563501
1563519
1563609
1563638
1563797
1564017
1564038
1564089
1564110
1564113
1564123
1564157
1564223
1564245
1564271
1564291
1564590
1564613
1564618
1564660
1564692
1564782
1564881
1564892
1564980
1564985
1565135
1565229
1565239
1565258
1565464
1565538
1565725
1565770
1565841
1566390
1566430
1566443
1566617
1566899
1566955
1567022
1567171
1567197
1567203
1567213
1567218
1567234
1567319
1567429
1567639
1567644
1567673
1567829
1567873
1567895
1567965
1568049
1568195
1568215
1568381
1568447
1568535
1568618
1568715
1568718
1568750
1568798
1568823
1568934
1569051
1569125
1569154
1569282
1569299
1569492
1569597
1569600
1569713
1569763
1569795
1569868
1569886
1569951
1570000
1570118
1570202
1570251
1570294
1570364
1570464
1570540
1570625
1570669
1570709
1570742
1570921
1570985
1571155
1571287
1571401
1571546
1571600
1571752
1571787
1572070
1572084
1572096
1572101
1572158
1572259
1572406
1572832
1572949
1573082
1573083
1573201
1573510
1573700
1573746
1573924
1574370
1574460
1574483
1574608
1574745
1574795
1574825
1574841
1574885
1574903
1574980
1575004
1575065
1575120
1575219
1575384
1575565
1575570
1575594
1575653
1575664
1575772
1575927
1575932
1576026
1576054
1576102
1576115
1576157
1576288
1576308
1576380
1576381
1576397
1576439
1576446
1576483
1576507
1576543
1576754
1576879
1576951
1576970
1577419
1577528
1577544
1577560
1577587
1577596
1577617
1577658
1577731
1577800
1577842
1577879
1578047
1578068
1578124
1578129
1578259
1578272
1578433
1578457
1578478
1578496
1578527
1578710
1578925
1579158
1579214
1579468
1579504
1579752
1579762
1579883
1580069
1580320
1580355
1580444
1580635
1580684
1580799
1580895
1580945
1581010
1581021
1581146
1581206
1581238
1581423
1581633
1581926
1581933
1581966
1582115
1582248
1582386
1582562
1582565
1582688
1582829
1583066
1583466
1583668
1583802
1584152
1584444
1584445
1584549
1584719
1584771
1584875
1584916
1585019
1585135
1585154
1585353
1585417
1585500
1585632
1585803
1585827
1585841
1586009
1586201
1586240
1586385
1586428
1586434
1586479
1586596
1586712
1587055
1587128
1587221
1587358
1587778
1587868
1588100
1588454
1588462
1588464
1588564
1588566
1588683
1588759
1588798
1589083
1589346
1589409
1589422
1589648
1589661
1589685
1589701
1589710
1589898
1589983
1590033
1590047
1590064
1590157
1590202
1590524
1590564
1590592
1590677
1590813
1590945
1591014
1591024
1591450
1591457
1591515
1591856
1591876
1592119
1592123
1592258
1592273
1592403
1592590
1592602
1592837
1593123
1593239
1593245
1593248
1593254
1593352
1593389
1593446
1593508
1593540
1593792
1593796
1593813
1593874
1593883
1593967
1594003
1594018
1594019
1594111
1594157
1594203
1594294
1594307
1594393
1594628
1594693
1594713
1594785
1594833
1595004
1595075
1595459
1595525
1595526
1595561
1595643
1595829
1595903
1595959
1596097
1596156
1596167
1596333
1596475
1596527
1596580
1596611
1596616
1596723
1596751
1596870
1596891
1596965
1597056
1597102
1597142
1597184
1597210
1597343
1597346
1597423
1597467
1597818
1597905
1597928
1597992
1598079
1598096
1598184
1598186
1598321
1598407
1598480
1598538
1598584
1598613
1598809
1598825
1598847
1598894
1598968
1598995
1599191
1599279
1599294
1599343
1599360
1599514
1599565
1599613
1599765
1599820
1599856
1599890
1600063
1600195
1600484
1600520
1600560
1600563
1600631
1600782
1600947
1601019
1601217
1601224
1601403
1601410
1601586
1601877
1601947
1602009
1602044
1602266
1602324
1602336
1602399
1602547
1602617
1602702
1603000
1603042
1603159
1603205
1603436
1603543
1603671
1603703
1603811
1603842
1604086
1604345
1604471
1604570
1604610
1604777
1604921
1604923
1604982
1605177
1605289
1605419
1605429
1605430
1605540
1605800
1605886
1605887
1606013
1606040
1606125
1606260
1606270
1606376
1606380
1606392
1606454
1606810
1606844
1606881
1607160
1607227
1607234
1607317
1607533
1607551
1607557
1607639
1607702
1607871
1607889
1608283
1608504
1608518
1608550
1608576
1608649
1608674
1608684
1608769
1608784
1608897
1608929
1608952
1609021
1609122
1609133
1609159
1609461
1609468
1609481
1609578
1609707
1609808
1609856
1609928
1609996
1610161
1610186
1610195
1610340
1610439
1610634
1610792
1610841
1610996
1611093
1611195
1611640
1611872
1611988
1611996
1612061
1612076
1612082
1612099
1612181
1612260
1612282
1612289
1612371
1612441
1612594
1612622
1612630
1612681
1612822
1612823
1612956
1613030
1613310
1613321
1613337
1613359
1613548
1613591
1613593
1613692
1613858
1614041
1614082
1614170
1614394
1614467
1614473
1614534
1614548
1614636
1614693
1614723
1614800
1615004
1615038
1615081
1615100
1615296
1615319
1615403
1615443
1615547
1615653
1615742
1615749
1615804
1615834
1615848
1615881
1615967
1616044
1616136
1616342
1616390
1616470
1616498
1616804
1616950
1617168
1617203
1617448
1617867
1617952
1618000
1618077
1618103
1618164
1618243
1618300
1618608
1618668
1618815
1618824
1619016
1619026
1619057
1619150
1619151
1619167
1619260
1619517
1619537
1619721
1619781
1619800
1620023
1620031
1620145
1620201
1620348
1620436
1620505
1620709
1620764
1620851
1620922
1621684
1621757
1621862
1621942
1621970
1621994
1622081
1622567
1622598
1622607
1622648
1622770
1622978
1623044
1623111
1623118
1623234
1623247
1623257
1623412
1623464
1623562
1623766
1624046
1624076
1624078
1624133
1624238
1624329
1624387
1624574
1624580
1624648
1624860
1624975
1625100
1625326
1625402
1625443
1625504
1625683
1625697
1625818
1625875
1625901
1625906
1625907
1625918
1625995
1626046
1626052
1626215
1626233
1626277
1626297
1626336
1626447
1626542
1626553
1626556
1626617
1626694
1626721
1626813
1626870
1626980
1627194
1627208
1627512
1627538
1627808
1627825
1627827
1628149
1628193
1628254
1628328
1628345
1628426
1628432
1628434
1628466
1628494
1628767
1628868
1629003
1629042
1629069
1629146
1629400
1629479
1629626
1629720
1629850
1630065
1630182
1630231
1630358
1630468
1630574
1630587
1630649
1630675
1630677
1630698
1630757
1630775
1630895
1630954
1630961
1630983
1631087
1631149
1631229
1631359
1631375
1631593
1631607
1631635
1631796
1631856
1632018
1632186
1632217
1632225
1632239
1632257
1632272
1632284
1632330
1632408
1632501
1632759
1633016
1633115
1633116
1633442
1633457
1633615
1633827
1633881
1633934
1634148
1634284
1634293
1634352
1634383
1634460
1634506
1634552
1634565
1634663
1634909
1635057
1635088
1635208
1635344
1635506
1635695
1635766
1635855
1635876
1635949
1635981
1635989
1636021
1636024
1636086
1636119
1636329
1636332
1636415
1636593
1636643
1636669
1636799
1636841
1636867
1636901
1637004
1637045
1637182
1637286
1637314
1637479
1637489
1637543
1638071
1638306
1638459
1638717
1638838
1638964
1639061
1639212
1639529
1639571
1639672
1639778
1640097
1640116
1640201
1640209
1640446
1640699
1640771
1640908
1641136
1641140
1641327
1641334
1641405
1641534
1641646
1641669
1641714
1641745
1641811
1641836
1641970
1642036
1642271
1642352
1642483
1642755
1642761
1643133
1643221
1643264
1643403
1643578
1644024
1644117
1644347
1644421
1644485
1644602
1644645
1644840
1645102
1645462
1645468
1645473
1645534
1645538
1645581
1645698
1645796
1646013
1646048
1646147
1646239
1646284
1646640
1646755
1646855
1647000
1647047
1647144
1647170
1647331
1647609
1647646
1647691
1647711
1647713
1647758
1647801
1647873
1648028
1648030
1648041
1648136
1648172
1648362
1648512
1648544
1648585
1648681
1648762
1649011
1649068
1649222
1649311
1649631
1649645
1649740
1649822
1650211
1650588
1650701
1650737
1650843
1650951
1651040
1651153
1651159
1651333
1651373
1651387
1651461
1651585
1651666
1651687
1651913
1651940
1652138
1652596
1652604
1652634
1652687
1652788
1652858
1652882
1652944
1652954
1652979
1653189
1653322
1653363
1653527
1653709
1653752
1653803
1653805
1653931
1654005
1654135
1654480
1654567
1654609
1655010
1655178
1655238
1655752
1655911
1655948
1656046
1656069
1656100
1656236
1656239
1656260
1656606
1656681
1656719
1656861
1657174
1657217
1657298
1657442
1657547
1657693
1657886
1658026
1658047
1658069
1658073
1658112
1658253
1658444
1658567
1658568
1659150
1659224
1659280
1659301
1659506
1659659
1659704
1659717
1659841
1659971
1659999
1660057
1660111
1660290
1660756
1660857
1660879
1660981
1661083
1661090
1661181
1661205
1661231
1661345
1661475
1661490
1661504
1661576
1661586
1661627
1661787
1661999
1662062
1662094
1662124
1662129
1662177
1662244
1662270
1662332
1662386
1662457
1662691
1662822
1662889
1662891
1662926
1662962
1662997
1663061
1663074
1663184
1663288
1663586
1663784
1663937
1663957
1664215
1664792
1664886
1665148
1665158
1665273
1665323
1665477
1665657
1665884
1665897
1666098
1666132
1666139
1666236
1666400
1666510
1666627
1666633
1666715
1666717
1666962
1667119
1667142
1667171
1667280
1667309
1667370
1667452
1667499
1667556
1667610
1667634
1667673
1667678
1667865
1667876
1667887
1668082
1668084
1668379
1668415
1668462
1668582
1668700
1668780
1668810
1668903
1668904
1668905
1668913
1669033
1669142
1669252
1669386
1669447
1670123
1670284
1670534
1670608
1670710
1670712
1670862
1670911
1670997
1671073
1671395
1671413
1671461
1671539
1671647
1671668
1672207
1672261
1672458
1672594
1672605
1672636
1672708
1672837
1672873
1672947
1672964
1672984
1673043
1673192
1673259
1673296
1673331
1673491
1673569
1673608
1673771
1673841
1673888
1673916
1673998
1674110
1674345
1674389
1674560
1674599
1674607
1674744
1674756
1674874
1674912
1674987
1675105
1675119
1675260
1675267
1675386
1675731
1675833
1675839
1675859
1675876
1676187
1676217
1676433
1676508
1676564
1676587
1676604
1677000
1677140
1677175
1677227
1677617
1677677
1677753
1677908
1677947
1678221
1678591
1678663
1678667
1678881
1678982
1679626
1679863
1679870
1680048
1680260
1680290
1680399
1680584
1680986
1681086
1681205
1681416
1681444
1681477
1681535
1681553
1681662
1681797
1681937
1682077
1682145
1682219
1682383
1682407
1682483
1682529
1682617
1683209
1683255
1683259
1683472
1683774
1683776
1683919
1684089
1684255
1684401
1684438
1684637
1684975
1685138
1685144
1685156
1685336
1685355
1685373
1685547
1685608
1686265
1686320
1686375
1686461
1686551
1686851
1686855
1686899
1686933
1686949
1687060
1687073
1687121
1687322
1687354
1687604
1687715
1687722
1687723
1687833
1687841
1687948
1688150
1688261
1688353
1688361
1688368
1688553
1688679
1688688
1688763
1688835
1688836
1688959
1689104
1689288
1689353
1689644
1689853
1689876
1689977
1690146
1690225
1690302
1690431
1690500
1690510
1690532
1690757
1690873
1690875
1690879
1690948
1691027
1691052
1691109
1691162
1691175
1691253
1691362
1691576
1691709
1691726
1691873
1692094
1692124
1692198
1692294
1692309
1692318
1692333
1692442
1692567
1692636
1693308
1693330
1693361
1693503
1693669
1694006
1694038
1694046
1694140
1694170
1694389
1694403
1694456
1694506
1694532
1694600
1694731
1694943
1694962
1695051
1695087
1695255
1695260
1695503
1695639
1695673
1695677
1695800
1695995
1696004
1696018
1696030
1696058
1696124
1696177
1696237
1696363
1696517
1696934
1697114
1697120
1697214
1697271
1697289
1697341
1697486
1697535
1697541
1697669
1697889
1697982
1698014
1698036
1698205
1698256
1698260
1698303
1698319
1698424
1698620
1698716
1698733
1698884
1698935
1698949
1699091
1699172
1699186
1699220
1699259
1699431
1699583
1699812
1699882
1699932
1700052
1700084
1700162
1700218
1700263
1700504
1700509
1700563
1700628
1700667
1700672
1700807
1700827
1700848
1700939
1700957
1701086
1701146
1701251
1701713
1701789
1701912
1701946
1702149
1702253
1702404
1702478
1702498
1702730
1702954
1703081
1703122
1703325
1703344
1703365
1703491
1703564
1703774
1704167
1704216
1704481
1704713
1705074
1705144
1705376
1705377
1705645
1705715
1705821
1705827
1706205
1706259
1706282
1706401
1706418
1706499
1706548
1706611
1706667
1706791
1706964
1707090
1707091
1707149
1707194
1707388
1707398
1707399
1707605
1707746
1707834
1707975
1708166
1708242
1708358
1708584
1708777
1708794
1708963
1708994
1709050
1709130
1709332
1709439
1709910
1710081
1710106
1710436
1710591
1710608
1710661
1710783
1710893
1710977
1711034
1711128
1711791
1711864
1712028
1712159
1712168
1712190
1712214
1712253
1712371
1712529
1712718
1712814
1712838
1713156
1713465
1713618
1713776
1713891
1713897
1714016
1714274
1714315
1714321
1714428
1714447
1714542
1714643
1714688
1714689
1714723
1714745
1714762
1714958
1715176
1715286
1715312
1715552
1715562
1715840
1715909
1716084
1716187
1716189
1716332
1716404
1716445
1716534
1716662
1716721
1716734
1716848
1716889
1717467
1717468
1717530
1717555
1717600
1717769
1718222
1718383
1718517
1718730
1718873
1718899
1719081
1719173
1719271
1719424
1719734
1719874
1719930
1720015
1720152
1720322
1720738
1720791
1720817
1720963
1721045
1721358
1721728
1721733
1721853
1721859
1722036
1722107
1722392
1722529
1722560
1722746
1722751
1722904
1722905
1723083
1723348
1723430
1723453
1723456
1723617
1723888
1723897
1724018
1724136
1724278
1724372
1724433
1724544
1724571
1724717
1724745
1724758
1724891
1725021
1725073
1725077
1725152
1725172
1725317
1725437
1725787
1726065
1726107
1726210
1726357
1726365
1726459
1726520
1726533
1726653
1726790
1726911
1727038
1727147
1727312
1727412
1727560
1727631
1727693
1727708
1727824
1727886
1727894
1728009
1728062
1728132
1728271
1728312
1728368
1728482
1728568
1728803
1728809
1728867
1728893
1729299
1729317
1729497
1729533
1729725
1729751
1729845
1729926
1729968
1730004
1730008
1730052
1730073
1730086
1730105
1730133
1730535
1730658
1730842
1730921
1730938
1731089
1731236
1731297
1731498
1731736
1731744
1731768
1731872
1731919
1732122
1732181
1732187
1732413
1732432
1732520
1732764
1732991
1733018
1733109
1733222
1733521
1733663
1733674
1733782
1733941
1734010
1734128
1734155
1734240
1734279
1734703
1734739
1734780
1734812
1734998
1735027
1735098
1735302
1735459
1735684
1735730
1735732
1735766
1735770
1735795
1735862
1735911
1735957
1735971
1736074
1736260
1736316
1736479
1736674
1736759
1736827
1736932
1737150
1737741
1737759
1737863
1737873
1737877
1738103
1738141
1738289
1738299
1738403
1738581
1738592
1738596
1738762
1738873
1738886
1738976
1739073
1739262
1739302
1739330
1739472
1739626
1739945
1740104
1740190
1740419
1740529
1740551
1740553
1740569
1740582
1740831
1740980
1741049
1741059
1741299
1741341
1741405
1741453
1741590
1741691
1741704
1741925
1742063
1742103
1742144
1742337
1742370
1742560
1742696
1742730
1742732
1742788
1742928
1742943
1743149
1743446
1743484
1743620
1743630
1743753
1743889
1744001
1744017
1744052
1744089
1744222
1744250
1744301
1744402
1744407
1744494
1744522
1744554
1744586
1744648
1744728
1744903
1745389
1745411
1745512
1745527
1745636
1745682
1745999
1746114
1746343
1746576
1746585
1746607
1746655
1746766
1746790
1746829
1746927
1746928
1747096
1747201
1747218
1747256
1747337
1747379
1747381
1747476
1747512
1747520
1747660
1747663
1747725
1747804
1747856
1747903
1748294
1748348
1748392
1748477
1748481
1748504
1748510
1748585
1748785
1748819
1748848
1748945
1748950
1749060
1749100
1749166
1749227
1749254
1749360
1749409
1749435
1749490
1749603
1749687
1749707
1749739
1749903
1750172
1750211
1750284
1750318
1750361
1750377
1750484
1750535
1750585
1750659
1750854
1750906
1751027
1751113
1751130
1751229
1751456
1751729
1751804
1751809
1751951
1751998
1752063
1752072
1752255
1752311
1752459
1752508
1752748
1752872
1752930
1753068
1753155
1753221
1753308
1753350
1753525
1753598
1753812
1753893
1753959
1754157
1754162
1754282
1754340
1754570
1754589
1754634
1754726
1755078
1755195
1755225
1755411
1755527
1755764
1755769
1755772
1755786
1756082
1756089
1756096
1756124
1756170
1756503
1756584
1756661
1756717
1757052
1757072
1757102
1757114
1757216
1757358
1757649
1757703
1757752
1757874
1757975
1758084
1758235
1758332
1758364
1758402
1758648
1758934
1758986
1759215
1759233
1759405
1759651
1759706
1759728
1759754
1759828
1759920
1759926
1760017
1760039
1760077
1760210
1760328
1760340
1760399
1760518
1760679
1760768
1760858
1760894
1761258
1761287
1761501
1761550
1761654
1761690
1761727
1761762
1761792
1761827
1761834
1762006
1762338
1762500
1762853
1763000
1763028
1763060
1763262
1763366
1763393
1763414
1763472
1763473
1763480
1763527
1763543
1763586
1763620
1763944
1763945
1763953
1763960
1764039
1764151
1764262
1765143
1765285
1765464
1765607
1765640
1765690
1765894
1766151
1766186
1766338
1766490
1766801
1766835
1766868
1766899
1767043
1767096
1767236
1767288
1767307
1767314
1767371
1767543
1767623
1767658
1767675
1767703
1767848
1767978
1768032
1768092
1768248
1768288
1768748
1769028
1769079
1769194
1769344
1769565
1769650
1769678
1769839
1769857
1769875
1769933
1770012
1770073
1770135
1770232
1770370
1770528
1770661
1771234
1771342
1771450
1771648
1771827
1771920
1772047
1772171
1772202
1772280
1772716
1773090
1773217
1773256
1773448
1773449
1773571
1773752
1773841
1773919
1774306
1774437
1774453
1774511
1774526
1774798
1774829
1775073
1775184
1775269
1775306
1775366
1775432
1775501
1775662
1775860
1775891
1775945
1776020
1776363
1776394
1776679
1776869
1776889
1777051
1777053
1777380
1777423
1777456
1777467
1777517
1777640
1777923
1778026
1778033
1778044
1778250
1778845
1778888
1778890
1778980
1779037
1779304
1779410
1779514
1779568
1779809
1779894
1779919
1779920
1779942
1779973
1780248
1780259
1780322
1780336
1780339
1780406
1780433
1780677
1780711
1780994
1780996
1781086
1781163
1781331
1781344
1781399
1781436
1781612
1781643
1781680
1781748
1781900
1781941
1782154
1782335
1782377
1782429
1782576
1782600
1782605
1782614
1782793
1782808
1783056
1783101
1783217
1783256
1783299
1783383
1783391
1783475
1783481
1783951
1783963
1784133
1784326
1784499
1784746
1784775
1784837
1784871
1785209
1785347
1785394
1785396
1785467
1785554
1785603
1785611
1785764
1786044
1786117
1786190
1786357
1786425
1786439
1786501
1786606
1786637
1786731
1786884
1786970
1787004
1787109
1787113
1787206
1787320
1787459
1787829
1788031
1788171
1788194
1788239
1788314
1788388
1788706
1788712
1788878
1788900
1788963
1789107
1789333
1789372
1789441
1789655
1789838
1789866
1789886
1789927
1790068
1790155
1790157
1790172
1790279
1790505
1790605
1790632
1790871
1790926
1790937
1790941
1791377
1791482
1791555
1791631
1791639
1791931
1791966
1792178
1792310
1792359
1792366
1792401
1792435
1792472
1792495
1792577
1792593
1792750
1792820
1792985
1793344
1793360
1793398
1793609
1793629
1793685
1793936
1793975
1794278
1794326
1794456
1794458
1794545
1794582
1794736
1794750
1794998
1795137
1795176
1795385
1795465
1795491
1795552
1795563
1795648
1795679
1795685
1795848
1795898
1795906
1796013
1796294
1796386
1796482
1796484
1796497
1796530
1796582
1796618
1796910
1797104
1797116
1797154
1797210
1797252
1797332
1797531
1797647
1797705
1797957
1797982
1798041
1798066
1798104
1798261
1798280
1798411
1798499
1798532
1798609
1798718
1798933
1798951
1798976
1799105
1799123
1799161
1799196
1799446
1799540
1799674
1799857
1800097
1800228
1800516
1800669
1800708
1800792
1800889
1800922
1801006
1801048
1801401
1801574
1801909
1802093
1802286
1802428
1802468
1802556
1802569
1802585
1803001
1803023
1803151
1803287
1803290
1803294
1803540
1803553
1803657
1803963
1804169
1804218
1804388
1804488
1804610
1804623
1804724
1804817
1805229
1805429
1805494
1805605
1805655
1805707
1805725
1805838
1805963
1805992
1806080
1806234
1806271
1806452
1806453
1806491
1806566
1806644
1806744
1807110
1807200
1807226
1807264
1807281
1807317
1807341
1807531
1807630
1807705
1807727
1807765
1807858
1808104
1808141
1808182
1808200
1808285
1808288
1808438
1808443
1808478
1808486
1808534
1808591
1808643
1808682
1808731
1808829
1808963
1809022
1809078
1809091
1809095
1809103
1809510
1809536
1809727
1809814
1809933
1810081
1810130
1810168
1810413
1810539
1810869
1810955
1810974
1811049
1811055
1811228
1811382
1811470
1811533
1811596
1811740
1811758
1811878
1812015
1812036
1812100
1812147
1812248
1812315
1812317
1812611
1812724
1812815
1812832
1812869
1812917
1813033
1813076
1813376
1813394
1813531
1813568
1813801
1813839
1814042
1814163
1814262
1814293
1814322
1814367
1814469
1814555
1814814
1814832
1814933
1815274
1815289
1815332
1815471
1815545
1815751
1815967
1816017
1816074
1816087
1816092
1816107
1816290
1816350
1816477
1816519
1816601
1816642
1816662
1816716
1816818
1816839
1816901
1817163
1817448
1817533
1817596
1817625
1817713
1817744
1817767
1817847
1818107
1818157
1818281
1818501
1818511
1818661
1818684
1818979
1819046
1819066
1819081
1819088
1819095
1819378
1819508
1819546
1819724
1819852
1820223
1820253
1820297
1820379
1820626
1820658
1820723
1820791
1820915
1820974
1821116
1821202
1821230
1821322
1821585
1821586
1821718
1821758
1821938
1822030
1822221
1822249
1822279
1822497
1822702
1822805
1822937
1822968
1823012
1823056
1823391
1823427
1823498
1823563
1823650
1823834
1823948
1824160
1824281
1824348
1824370
1824482
1824487
1824793
1824797
1824910
1824968
1825000
1825378
1825420
1825474
1825577
1825652
1825662
1825747
1825873
1825956
1826072
1826090
1826105
1826293
1826503
1826548
1826727
1826810
1826976
1827098
1827111
1827123
1827203
1827222
1827262
1827326
1827337
1827572
1827648
1827708
1827758
1827787
1828001
1828199
1828362
1828530
1828809
1828859
1828937
1828995
1829070
1829090
1829172
1829348
1829410
1829412
1829416
1829559
1829741
1829797
1829864
1830067
1830237
1830545
1830746
1830958
1831038
1831096
1831097
1831107
1831261
1831281
1831330
1831457
1831523
1831534
1831572
1831584
1831673
1831740
1831832
1831934
1831941
1832194
1832237
1832283
1832850
1833056
1833118
1833138
1833303
1833440
1833503
1833519
1833535
1833643
1833667
1833871
1833888
1833898
1833919
1833982
1834003
1834117
1834338
1834389
1834567
1834873
1834935
1835102
1835232
1835315
1835341
1835464
1835735
1835947
1836060
1836105
1836375
1836603
1836619
1836685
1836726
1836863
1837116
1837343
1837363
1837431
1837501
1837757
1837972
1838001
1838061
1838295
1838354
1838415
1838479
1838492
1838576
1838738
1839208
1839281
1839404
1839611
1839719
1839867
1839891
1839900
1840007
1840025
1840094
1840164
1840185
1840239
1840616
1840686
1840929
1841064
1841310
1841333
1841462
1841548
1841570
1841642
1841666
1841990
1842042
1842155
1842339
1842354
1842465
1842475
1842515
1842526
1842600
1842651
1842710
1842763
1843120
1843250
1843269
1843343
1843449
1843509
1843549
1843566
1843732
1843859
1843863
1843945
1843961
1843990
1844527
1844564
1844698
1844727
1844846
1844970
1845104
1845127
1845182
1845382
1845441
1845456
1845537
1846172
1846413
1846551
1846821
1846909
1847203
1847381
1847596
1847726
1847759
1847768
1847955
1848205
1848323
1848880
1848891
1848893
1849013
1849157
1849250
1849715
1850371
1850374
1850461
1850604
1850625
1850653
1850700
1850740
1850748
1850908
1851025
1851060
1851092
1851112
1851136
1851164
1851280
1851520
1851622
1851711
1851885
1851894
1851954
1852025
1852086
1852147
1852167
1852255
1852342
1852489
1852839
1852911
1853124
1853145
1853189
1853254
1853367
1853400
1853442
1853651
1853661
1853725
1853860
1854226
1854261
1854282
1854305
1854661
1854757
1854849
1855242
1855346
1855473
1855637
1855781
1855797
1856124
1856355
1856434
1856616
1856636
1856697
1856938
1856994
1857008
1857047
1857109
1857173
1857396
1857426
1857776
1857884
1857921
1857933
1857939
1858139
1858653
1858691
1858947
1858974
1859031
1859095
1859475
1859653
1859739
1859852
1859928
1860124
1860203
1860241
1860416
1860443
1860462
1860633
1860663
1860672
1860745
1860985
1861054
1861100
1861587
1861964
1862101
1862179
1862205
1862298
1862413
1862459
1862751
1862815
1862847
1862999
1863038
1863047
1863173
1863179
1863389
1863712
1863796
1863874
1863902
1863979
1864251
1864311
1864362
1864437
1864630
1864637
1864946
1865066
1865248
1865284
1865325
1865341
1865489
1865608
1865823
1865984
1866055
1866122
1866172
1866180
1866324
1866403
1866513
1866644
1866649
1866658
1866893
1867115
1867230
1867388
1868029
1868143
1868149
1868193
1868444
1868615
1868718
1868765
1868792
1868833
1869085
1869122
1869261
1869298
1869314
1869528
1869654
1869782
1869890
1870040
1870182
1870243
1870429
1870530
1870597
1870598
1870645
1870649
1870889
1871041
1871115
1871150
1871349
1871549
1871678
1871812
1871876
1872239
1872275
1872287
1872308
1872348
1872447
1872483
1872517
1872518
1872560
1872572
1872749
1872887
1873055
1873080
1873116
1873384
1873978
1874218
1874387
1874620
1874683
1874869
1874880
1874914
1875071
1875335
1875346
1875391
1875396
1875579
1875715
1875719
1875861
1875916
1875994
1876060
1876117
1876300
1876302
1876316
1876400
1876450
1876543
1876782
1876907
1876948
1877569
1877701
1877900
1878055
1878067
1878252
1878350
1878359
1878473
1878533
1878548
1879333
1879553
1879584
1879691
1879716
1879769
1879844
1879877
1880474
1880669
1880974
1880983
1881017
1881042
1881189
1881280
1881628
1881634
1881671
1881772
1881939
1882025
1882093
1882108
1882424
1882694
1882755
1882893
1882985
1883221
1883354
1883522
1883551
1883673
1883687
1883854
1883906
1884038
1884177
1884272
1884339
1884356
1884674
1884694
1885121
1885186
1885263
1885487
1885495
1885550
1885551
1885618
1885652
1885674
1885778
1885801
1885816
1885990
1886137
1886320
1886427
1886454
1886717
1887193
1887282
1887534
1887607
1887691
1887859
1887977
1888004
1888020
1888156
1888231
1888334
1888371
1888435
1888459
1888472
1888517
1888598
1888659
1888985
1889076
1889175
1889256
1889418
1889882
1889890
1889975
1890049
1890070
1890189
1890201
1890382
1890428
1890451
1890461
1890531
1890696
1890703
1891119
1891182
1891214
1891378
1891471
1891482
1891662
1891676
1891870
1892046
1892098
1892133
1892165
1892185
1892200
1892490
1893047
1893180
1893199
1893380
1893414
1893492
1893581
1893611
1893893
1894046
1894352
1894400
1894850
1894935
1894950
1895083
1895135
1895329
1895415
1895621
1895695
1895756
1895761
1895873
1895996
1896025
1896027
1896159
1896211
1896311
1896451
1896713
1896805
1896961
1897330
1897338
1897417
1897449
1897520
1897729
1897763
1897956
1898040
1898137
1898429
1898481
1898487
1898667
1898740
1898777
1899125
1899323
1899367
1899428
1899440
1899643
1899711
1899729
1899876
1900023
1900217
1900406
1900452
1900506
1900532
1900607
1900953
1900986
1901012
1901066
1901153
1901309
1901459
1901545
1901571
1901581
1901593
1901661
1901764
1901918
1901944
1902088
1902246
1902287
1902308
1902351
1902362
1902490
1902642
1902794
1902796
1902831
1902856
1903088
1903143
1903146
1903202
1903360
1903593
1903693
1903726
1903912
1903950
1904116
1904134
1904147
1904161
1904303
1904473
1904519
1904649
1904684
1904750
1904811
1904899
1904913
1905011
1905103
1905286
1905287
1905380
1905431
1905683
1905961
1905980
1906078
1906197
1906325
1906443
1906615
1906714
1906826
1907599
1907683
1907706
1908003
1908029
1908258
1908346
1908610
1909029
1909067
1909132
1909712
1909758
1909847
1909859
1909869
1910188
1910315
1910457
1910497
1910501
1910649
1910692
1910877
1911021
1911049
1911245
1911474
1911522
1911537
1911597
1911736
1911872
1912037
1912115
1912146
1912222
1912241
1912252
1912353
1912509
1912542
1912766
1912776
1912960
1913024
1913310
1913387
1913459
1913474
1913493
1913525
1913742
1913877
1913988
1914073
1914122
1914331
1914524
1914593
1914654
1914832
1914945
1915103
1915692
1915997
1916027
1916055
1916089
1916435
1916519
1916672
1916927
1917034
1917035
1917191
1917248
1917355
1917460
1917518
1917533
1917887
1917950
1917981
1918012
1918074
1918120
1918132
1918294
1918310
1918509
1918770
1919022
1919075
1919129
1919137
1919413
1919546
1919580
1919637
1919727
1919999
1920247
1920643
1920902
1920999
1921648
1921959
1922057
1922097
1922135
1922220
1922271
1922343
1922369
1922508
1922871
1922947
1922996
1923124
1923491
1923576
1923578
1923611
1923632
1923747
1923788
1923842
1924087
1924133
1924329
1924382
1924422
1924757
1924946
1925368
1925379
1925382
1925391
1925594
1925905
1926097
1926283
1926428
1926552
1926633
1926718
1926842
1927230
1927261
1927277
1927378
1927642
1927878
1927930
1927999
1928076
1928196
1928250
1928419
1928483
1928527
1928536
1928582
1928666
1928729
1928775
1928848
1928948
1929292
1929320
1929355
1929425
1929467
1929522
1929534
1929680
1929682
1929776
1929961
1930037
1930185
1930222
1930286
1930621
1930857
1931016
1931134
1931269
1931303
1931335
1931353
1931403
1931737
1931910
1932146
1932189
1932415
1932507
1932555
1932873
1932999
1933064
1933157
1933351
1933394
1933625
1933818
1934094
1934155
1934271
1934354
1934495
1934680
1934697
1934733
1934831
1934861
1934878
1935210
1935300
1935406
1935414
1935428
1935445
1935503
1935539
1935557
1935646
1935740
1936005
1936369
1936454
1936537
1936632
1936789
1936809
1937068
1937072
1937262
1937349
1937487
1937488
1937540
1937575
1937583
1937826
1937835
1937893
1937915
1938018
1938110
1938162
1938261
1938369
1938629
1938636
1938680
1938691
1938905
1939072
1939367
1939559
1939601
1939629
1939851
1939943
1940139
1940150
1940200
1940274
1940279
1940347
1940355
1940532
1940557
1940558
1940624
1940729
1940843
1940907
1941015
1941584
1941661
1941777
1941853
1941932
1941942
1942418
1942433
1942590
1942876
1942910
1943116
1943294
1943410
1943459
1943467
1943479
1943540
1943588
1943661
1943692
1943970
1944222
1944247
1944499
1944579
1944718
1944868
1944966
1944973
1945119
1945259
1945463
1945483
1945537
1945553
1945674
1945683
1946025
1946066
1946335
1946746
1946860
1946880
1946975
1947199
1947210
1947253
1947317
1947349
1947749
1947778
1948148
1948200
1948201
1948281
1948674
1948676
1948716
1948809
1949069
1949090
1949496
1950128
1950161
1950550
1950716
1951035
1951042
1951222
1951463
1951531
1951634
1951641
1951663
1951770
1951839
1951934
1952086
1952143
1952157
1952418
1952454
1952469
1952508
1952526
1952865
1952935
1952981
1953032
1953115
1953171
1953247
1953390
1953411
1953578
1953735
1953849
1953940
1954015
1954092
1954287
1954398
1954649
1954865
1954892
1955056
1955110
1955149
1955245
1955318
1955320
1955333
1955521
1955584
1955761
1956045
1956190
1956250
1956651
1956687
1956750
1956815
1956969
1957193
1957205
1957358
1957419
1957436
1957731
1957843
1957903
1958051
1958203
1958206
1958336
1958385
1958395
1958415
1958482
1958517
1958611
1958696
1958712
1958724
1958786
1958838
1958866
1958937
1959030
1959116
1959155
1959178
1959212
1959213
1959370
1959401
1959448
1959491
1959590
1959693
1959989
1960091
1960124
1960162
1960186
1960328
1960419
1960539
1960578
1960720
1960922
1960980
1961045
1961070
1961368
1962104
1962121
1962130
1962305
1962350
1962382
1962436
1962442
1962503
1962656
1962662
1962956
1963024
1963092
1963301
1963380
1963472
1963600
1963898
1963962
1964340
1964440
1964520
1964673
1964700
1964742
1964777
1964780
1964823
1965017
1965024
1965051
1965063
1965237
1965360
1965428
1965505
1965522
1965694
1965858
1965933
1966015
1966203
1966252
1966378
1966481
1966650
1966850
1966870
1966959
1967040
1967183
1967339
1967346
1967350
1967357
1967378
1967450
1967455
1967641
1967682
1967863
1967958
1967967
1968033
1968134
1968162
1968215
1968321
1968359
1968445
1968453
1968646
1968688
1968780
1968829
1968872
1968936
1969289
1969433
1969497
1969533
1969845
1969892
1970005
1970262
1970273
1970394
1970405
1970490
1970777
1970795
1970869
1971065
1971147
1971281
1971309
1971331
1971513
1971665
1971782
1971909
1971987
1972394
1972540
1972578
1972716
1973044
1973046
1973208
1973350
1973383
1973437
1973468
1973582
1973663
1973700
1973744
1973928
1974282
1974388
1974530
1974617
1974726
1974841
1974864
1974928
1974990
1975073
1975122
1975381
1975455
1975553
1975713
1975840
1975965
1976038
1976289
1976434
1976476
1976591
1976604
1976711
1976794
1976876
1977129
1977293
1977626
1977683
1977991
1978005
1978023
1978075
1978139
1978261
1978284
1978412
1978422
1978423
1978490
1978529
1978540
1978662
1978706
1978869
1978873
1978878
1979072
1979223
1979285
1979287
1979318
1979377
1979399
1979455
1979529
1979568
1979587
1979633
1979679
1979935
1979997
1980050
1980249
1980335
1980344
1980392
1980645
1980695
1980714
1980974
1981091
1981224
1981456
1981480
1981533
1981548
1981557
1981652
1981865
1981948
1982523
1982626
1982684
1982695
1982702
1982768
1982863
1982873
1982942
1983003
1983121
1983625
1983735
1983786
1983909
1983980
1984397
1984427
1984430
1984524
1984733
1984812
1984827
1984863
1984881
1985140
1985166
1985415
1985575
1985681
1985773
1985779
1985877
1985887
1986057
1986071
1986313
1986335
1986343
1986544
1986590
1986613
1986622
1986683
1986733
1986866
1987010
1987047
1987468
1987609
1987896
1988109
1988120
1988452
1988486
1988549
1988854
1989031
1989107
1989236
1989606
1989768
1989836
1989957
1990265
1990293
1990305
1990675
1990697
1990844
1990857
1990881
1990991
1991003
1991035
1991203
1991210
1991284
1991343
1992138
1992140
1992185
1992251
1992287
1992333
1992430
1992514
1992886
1992918
1992971
1993004
1993187
1993273
1993274
1993283
1993448
1993719
1993754
1993830
1993872
1994200
1994216
1994244
1994273
1994289
1994352
1994416
1995154
1995204
1995352
1995426
1995476
1995579
1995692
1995742
1995744
1996024
1996252
1996433
1996682
1996968
1997014
1997036
1997038
1997104
1997233
1997253
1997316
1997336
1997472
1997701
1998169
1998357
1998380
1998464
1998566
1998892
1999341
1999461
1999466
1999564
1999677
1999733
1999752
1999807
1999843
1999919
2000056
2000188
2000235
2000405
2000466
2000723
2000978
2001008
2001104
2001145
2001272
2001566
2001618
2001682
2001734
2001837
2001896
2002154
2002156
2002246
2002397
2002730
2002735
2002866
2003406
2003785
2003941
2004049
2004471
2004559
2004614
2004621
2004634
2004692
2004704
2004845
2005009
2005011
2005029
2005102
2005162
2005251
2005317
2005399
2005409
2005510
2005532
2005575
2005731
2005740
2005816
2005854
2005885
2006001
2006224
2006242
2006309
2006316
2006367
2006415
2006691
2006744
2006757
2007012
2007056
2007099
2007229
2007285
2007416
2007662
2007828
2007989
2008006
2008128
2008176
2008229
2008315
2008441
2008700
2009052
2009071
2009319
2009321
2009324
2009368
2009378
2009573
2009752
2009851
2009923
2010394
2010443
2010497
2010854
2010970
2011112
2011202
2011204
2011334
2011383
2011888
2011960
2011974
2012092
2012121
2012276
2012281
2012544
2012574
2012598
2012650
2013207
2013298
2013344
2013360
2013382
2013498
2013559
2013743
2013852
2013860
2013910
2014104
2014150
2014158
2014252
2014328
2014452
2014692
2014892
2015272
2015333
2015343
2015528
2015578
2015599
2015962
2015986
2016197
2016307
2016388
2016544
2016570
2016628
2016724
2016731
2016992
2017402
2017639
2017735
2017982
2018107
2018187
2018237
2018541
2018591
2018595
2018684
2019042
2019058
2019088
2019209
2019288
2019445
2019581
2019708
2019997
2020250
2020319
2020482
2020755
2020810
2020919
2021041
2021093
2021142
2021377
2021472
2021491
2021532
2021777
2022132
2022150
2022386
2022700
2022745
2022802
2022888
2023092
2023235
2023238
2023261
2023262
2023304
2023365
2023382
2023452
2023700
2023802
2023846
2023966
2023984
2024012
2024134
2024231
2024263
2024295
2024688
2024790
2025254
2025428
2025432
2025541
2025679
2025865
2025911
2026106
2026132
2026283
2026317
2026427
2026474
2026724
2026828
2026892
2027133
2027146
2027218
2027256
2027407
2027476
2027668
2027671
2027715
2027995
2028030
2028064
2028128
2028450
2028681
2028711
2029012
2029131
2029158
2029169
2029197
2029289
2029298
2029396
2029435
2029518
2029535
2029664
2029769
2029797
2029859
2029954
2030064
2030168
2030366
2030569
2030650
2030847
2030920
2031134
2031568
2031820
2032153
2032248
2032265
2032460
2032647
2032706
2032865
2032964
2033245
2033434
2033509
2033641
2033715
2033947
2033952
2033982
2034044
2034299
2034494
2034679
2034693
2034765
2034953
2034985
2035086
2035345
2035692
2035755
2035819
2035853
2035863
2035880
2036006
2036185
2036296
2036458
2036487
2036561
2036563
2036635
2036685
2036701
2036768
2036848
2036942
2036954
2037001
2037651
2037773
2037812
2037967
2038143
2038189
2038473
2038616
2038665
2038938
2039212
2039231
2039282
2039307
2039323
2039373
2039551
2039570
2039591
2039685
2039775
2039829
2039891
2039939
2040409
2040557
2040657
2040847
2041298
2041403
2041504
2041640
2041786
2041846
2041950
2042089
2042171
2042423
2042625
2042668
2042985
2043008
2043101
2043144
2043180
2043211
2043498
2043514
2043572
2043622
2043973
2044037
2044221
2044374
2044410
2044583
2044855
2045356
2045490
2045838
2046000
2046019
2046613
2046723
2046779
2046892
2047759
2047765
2047783
2047787
2047795
2047857
2047939
2047942
2047959
2048039
2048060
2048338
2048340
2048356
2048371
2048401
2048465
2048705
2048908
2048938
2049280
2049563
2049807
2049884
2049890
2050093
2050246
2050423
2050499
2050560
2050625
2050966
2051050
2051099
2051319
2051500
2051534
2051561
2051627
2051718
2051800
2052081
2052151
2052528
2052540
2052750
2052759
2052817
2052861
2053204
2053228
2053450
2053608
2053611
2053700
2053715
2054113
2054208
2054403
2054411
2054444
2054535
2054830
2054835
2054900
2054954
2055179
2055458
2055614
2055682
2055732
2055831
2055846
2055932
2056008
2056082
2056425
2056811
2056952
2057097
2057269
2057351
2057511
2057572
2057781
2057971
2058067
2058186
2058192
2058217
2058419
2058539
2058553
2058817
2058821
2058881
2058934
2059044
2059139
2059244
2059395
2059402
2059680
2059712
2059845
2059959
2059967
2060473
2060476
2060728
2060842
2061265
2061287
2061517
2061704
2061968
2062011
2062059
2062138
2062284
2062364
2062453
2062533
2062579
2062595
2062730
2062734
2062814
2062898
2063046
2063158
2063177
2063288
2063519
2063648
2063686
2063857
2064163
2064333
2064574
2064671
2064729
2064778
2064989
2065205
2065585
2065596
2066013
2066158
2066299
2066466
2066555
2066558
2066593
2066626
2066691
2066728
2066910
2066995
2067142
2067247
2067328
2067332
2067551
2067755
2068064
2068236
2068378
2068399
2068522
2068830
2068908
2069146
2069227
2069344
2069348
2069496
2069620
2069625
2069676
2069963
2070036
2070062
2070075
2070486
2070594
2070732
2070761
2070808
2070872
2070883
2070938
2070941
2071027
2071060
2071223
2071224
2071333
2071385
2071429
2071458
2071520
2071569
2071652
2072138
2072408
2072437
2072649
2072663
2072844
2072855
2072869
2072882
2073035
2073140
2073144
2073202
2073293
2074032
2074110
2074119
2074349
2074397
2074466
2074574
2074792
2075098
2075105
2075261
2075634
2075635
2075853
2075858
2076051
2076156
2076232
2076377
2076394
2076486
2076616
2076815
2076831
2077225
2077446
2077522
2078030
2078055
2078153
2078169
2078282
2078318
2078325
2078387
2078456
2078989
2079080
2079152
2079631
2079670
2079728
2079864
2079891
2080290
2080421
2080430
2080484
2080569
2080587
2080594
2080934
2081153
2081307
2081325
2081387
2081457
2081531
2081581
2081644
2081645
2081790
2081821
2081965
2081968
2082000
2082039
2082264
2082396
2082435
2082499
2082511
2082555
2082675
2082736
2082847
2083089
2083306
2083600
2083651
2083986
2084019
2084196
2084201
2084218
2084338
2084529
2084554
2084686
2084726
2084728
2085042
2085196
2085263
2085497
2085598
2085663
2085714
2085763
2085765
2086025
2086146
2086180
2086224
2086231
2086278
2086415
2086545
2086558
2086572
2086718
2086919
2086987
2087102
2087209
2087217
2087472
2087621
2087957
2088035
2088102
2088178
2088206
2088242
2088396
2088426
2088786
2088851
2088854
2088899
2088988
2088996
2089073
2089324
2089411
2089571
2089672
2089717
2089911
2089952
2090059
2090198
2090642
2090861
2090879
2090965
2090978
2091036
2091468
2091500
2091764
2092119
2092321
2092419
2092539
2092673
2092676
2092768
2092784
2092843
2093050
2093094
2093134
2093294
2093493
2093531
2093663
2093779
2093921
2093977
2094259
2094275
2094539
2094642
2094716
2094745
2094897
2094971
2095171
2095429
2095557
2095618
2095679
2095857
2095916
2096224
2096286
2096443
2096612
2096618
2096630
2096642
2096665
2097026
2097311
2097460
2097514
2097672
2097688
2097741
2097960
2098036
2098288
2098690
2098806
2098910
2099223
2099318
2099447
2099483
2099524
2099655
2099849
2099882
2100119
2100264
2100288
2100473
2100514
2100574
2100766
2100984
2101064
2101142
2101611
2101675
2102057
2102062
2102119
2102353
2102595
2102830
2102849
2102930
2103162
2103179
2103188
2103199
2103301
2103343
2103674
2103747
2103874
2103981
2104003
2104314
2104566
2104644
2104719
2105063
2105187
2105204
2105460
2105507
2105604
2105857
2105908
2105994
2106021
2106279
2106480
2106506
2106514
2106618
2107043
2107217
2107226
2107228
2107316
2107359
2107469
2107476
2107505
2107816
2108162
2108205
2108309
2108614
2108815
2108826
2108828
2109007
2109191
2109231
2109249
2109475
2109518
2109645
2109665
2109760
2109797
2110101
2110186
2110285
2110600
2110798
2110942
2111220
2111298
2111353
2111388
2111451
2111817
2112066
2112127
2112128
2112317
2112325
2112415
2112468
2112593
2112641
2112677
2112803
2112814
2112846
2112876
2112935
2112998
2113253
2113267
2113416
2113595
2113692
2113932
2114001
2114015
2114033
2114193
2114301
2114617
2114641
2114730
2114884
2114930
2114972
2115038
2115178
2115413
2115417
2115445
2115526
2115599
2115805
2115885
2115993
2116022
2116098
2116494
2116521
2116735
2116938
2116959
2117322
2117571
2117699
2117731
2117836
2117925
2117932
2118048
2118588
2118616
2118807
2118809
2118872
2119158
2119327
2119489
2119508
2119878
2119975
2120047
2120064
2120099
2120298
2120369
2120406
2120673
2120816
2120862
2120962
2121056
2121182
2121317
2121323
2121406
2121525
2121536
2121544
2121633
2121799
2121983
2122057
2122258
2122312
2122430
2122742
2122868
2122873
2123034
2123194
2123246
2123256
2123290
2123496
2123579
2123656
2123782
2123788
2123831
2123837
2123903
2123962
2124003
2124088
2124199
2124232
2124274
2124303
2124560
2124895
2125127
2125153
2125170
2125345
2125352
2125409
2125530
2125726
2125893
2125961
2126011
2126212
2126214
2126430
2126594
2126750
2126961
2127213
2127259
2127288
2127422
2127472
2127512
2127634
2127680
2127701
2127961
2128014
2128021
2128030
2128315
2128451
2128571
2128586
2128910
2128946
2128976
2128990
2129251
2129463
2129569
2129679
2129784
2129805
2129908
2130068
2130222
2130251
2130342
2130497
2130605
2131139
2131446
2131569
2131583
2131826
2131909
2131942
2131984
2132114
2132263
2132273
2132449
2132518
2132526
2132532
2132563
2132767
2132920
2133064
2133124
2133137
2133166
2133463
2133662
2133674
2133716
2133991
2134132
2134137
2134320
2134424
2134460
2134704
2134705
2134804
2134842
2135207
2135255
2135340
2135377
2135570
2135615
2135643
2135831
2135913
2135980
2136004
2136009
2136339
2136652
2136713
2136942
2136997
2137148
2137198
2137450
2137514
2137568
2137665
2137666
2137789
2138387
2138460
2138589
2138599
2139106
2139178
2139256
2139541
2139604
2139621
2139657
2139793
2139913
2139993
2140022
2140123
2140129
2140195
2140288
2140310
2140414
2140460
2140593
2140972
2140976
2141122
2141145
2141251
2141341
2141407
2141533
2141697
2141698
2141707
2141847
2141947
2141971
2141991
2142119
2142228
2142551
2142931
2143433
2143455
2143463
2143517
2143673
2143855
2144052
2144340
2144671
2144795
2144860
2145099
2145110
2145315
2145370
2145406
2145619
2145955
2146075
2146235
2146275
2146418
2146717
2146818
2147028
2147042
2147326
2147552
2147557
2147662
2147681
2147868
2147905
2147955
2148111
2148255
2148531
2148576
2148819
2148849
2149074
2149093
2149114
2149278
2149356
2149455
2149609
2149636
2149833
2149870
2149979
2150152
2150384
2150395
2150412
2150676
2150771
2150921
2150986
2151027
2151358
2151474
2151498
2151525
2152218
2152233
2152379
2152638
2152664
2152725
2152950
2153170
2153441
2153453
2153546
2153683
2153785
2154014
2154029
2154094
2154428
2154551
2154666
2154825
2154855
2155007
2155141
2155770
2156010
2156015
2156087
2156263
2156266
2156775
2156852
2156908
2156989
2157395
2157557
2157562
2157616
2157692
2157699
2157740
2157924
2158036
2158400
2158447
2158448
2158522
2158525
2158604
2158675
2158689
2158847
2158901
2158920
2158986
2159066
2159100
2159464
2159552
2159672
2159897
2159931
2160248
2160259
2160360
2160372
2160504
2160623
2161061
2161186
2161228
2161301
2161309
2161561
2161579
2161744
2161779
2161927
2162206
2162226
2162243
2162773
2162834
2162857
2162967
2162980
2163007
2163347
2163523
2163873
2163891
2163941
2164112
2164246
2164323
2164337
2164431
2164459
2164603
2164630
2164640
2165078
2165165
2165293
2165477
2165847
2165897
2166046
2166307
2166338
2166505
2166597
2166608
2166793
2166998
2167304
2167413
2167523
2167766
2167811
2167842
2167882
2168080
2168113
2168185
2168261
2168266
2168290
2168412
2168462
2168671
2168806
2169082
2169624
2170416
2170479
2170484
2170642
2170668
2170670
2171013
2171071
2171144
2171242
2171428
2171516
2171541
2171548
2171583
2171734
2171904
2171940
2172010
2172265
2173114
2173471
2173540
2173583
2173665
2173989
2174109
2174162
2174250
2174378
2174480
2174668
2174886
2174923
2175220
2175446
2175598
2175644
2175660
2176159
2176382
2176486
2176561
2176736
2176889
2176915
2177017
2177044
2177147
2177212
2177343
2177382
2177505
2177523
2177531
2177563
2177641
2177791
2177866
2177874
2178118
2178303
2178392
2178517
2178668
2178957
2179006
2179063
2179144
2179170
2179294
2179485
2180207
2180297
2180308
2180352
2180395
2180444
2180485
2180569
2180730
2180746
2180824
2180842
2180867
2181016
2181125
2181300
2181341
2181449
2181543
2181559
2181568
2181605
2181725
2181769
2182339
2182489
2182872
2182990
2183098
2183211
2183321
2183797
2183855
2184156
2184319
2184469
2184581
2184805
2184870
2184914
2184936
2184965
2185063
2185064
2185075
2185362
2185465
2185808
2185924
2185989
2186048
2186197
2186272
2186419
2186618
2186741
2186742
2186778
2187201
2187433
2187527
2187534
2187657
2187710
2187791
2187895
2188044
2188323
2188361
2188562
2188606
2189060
2189808
2190004
2190049
2190198
2190316
2190331
2190348
2190376
2190504
2190520
2190779
2190824
2190904
2190940
2190983
2191022
2191125
2191217
2191229
2191304
2191398
2191769
2191910
2191943
2191999
2192197
2192382
2192569
2193057
2193087
2193098
2193281
2193308
2193368
2193420
2193531
2193599
2193937
2193989
2194021
2194733
2194796
2194887
2194911
2195159
2195237
2195421
2195550
2195572
2195603
2195744
2196418
2196504
2196514
2196573
2196615
2196771
2196907
2197117
2197246
2197344
2197380
2197435
2197509
2197529
2197597
2197795
2197836
2198006
2198055
2198072
2198119
2198218
2198305
2198401
2198402
2198483
2198575
2198828
2198851
2199569
2199594
2199704
2199730
2199824
2199845
2199927
2199950
2200037
2200215
2200243
2200298
2200420
2200687
2200961
2201158
2201165
2201295
2201325
2201358
2201539
2201635
2201696
2201743
2201889
2202044
2202194
2202243
2202391
2202715
2203219
2203266
2203478
2203685
2203756
2204015
2204386
2204525
2204643
2205210
2205290
2205310
2205412
2205502
2205558
2205590
2205744
2206045
2206115
2206347
2206420
2206872
2207143
2207176
2207443
2207669
2207707
2207826
2207847
2207868
2207898
2207947
2208054
2208198
2208237
2208507
2209125
2209263
2209383
2209521
2209570
2209634
2209854
2210003
2210169
2210196
2210356
2210423
2210488
2210501
2210590
2210594
2210734
2210770
2211076
2211756
2211858
2211863
2211998
2212010
2212277
2212414
2212690
2212787
2212963
2213221
2213279
2213455
2213559
2213613
2213645
2213827
2213858
2213951
2214075
2214169
2214214
2214438
2214616
2214649
2214659
2214705
2214856
2214862
2215143
2215259
2215303
2215556
2215567
2215977
2216327
2216465
2216514
2216739
2216822
2216883
2217109
2217214
2217245
2217279
2217393
2217447
2217538
2217568
2217744
2217918
2217933
2217940
2217954
2218033
2218084
2218104
2218210
2218381
2218730
2218758
2219205
2219327
2219533
2219578
2219662
2219680
2219749
2220015
2220093
2220225
2220231
2220294
2220408
2220460
2220504
2220558
2220767
2220806
2220965
2220993
2221080
2221582
2221617
2221720
2221875
2221972
2222014
2222047
2222073
2222138
2222214
2222219
2222239
2222383
2222570
2222645
2222791
2222830
2222868
2223095
2223164
2223193
2223238
2223374
2223388
2223519
2223867
2223910
2224269
2224411
2224472
2224572
2224681
2224758
2225048
2225058
2225215
2225248
2226011
2226157
2226312
2226324
2226359
2226395
2226500
2226506
2226543
2226684
2226730
2226790
2226833
2226843
2226982
2227050
2227174
2227190
2227263
2227286
2227450
2227603
2227653
2227700
2227876
2227914
2228208
2228212
2228270
2228283
2228309
2228355
2228506
2228633
2228876
2228884
2229001
2229031
2229081
2229195
2229205
2229228
2229368
2229428
2229442
2229457
2229592
2229699
2230113
2230190
2230218
2230273
2230386
2230449
2230549
2230577
2230579
2230609
2230726
2230817
2230998
2231106
2231301
2231497
2231637
2231645
2231937
2231979
2232110
2232270
2232521
2232553
2232635
2232656
2232852
2233172
2233217
2233306
2233325
2233373
2233379
2233510
2233887
2233898
2234094
2234277
2234668
2234755
2234896
2235174
2235405
2235593
2235697
2235720
2235765
2235778
2235793
2236026
2236468
2236649
2236961
2237031
2237135
2237179
2237217
2237385
2237447
2237455
2237503
2237627
2237629
2237883
2237891
2237918
2237927
2237951
2238133
2238224
2238279
2238302
2238315
2238393
2238411
2238425
2238472
2238670
2238682
2238692
2238899
2239118
2239221
2239398
2239693
2239917
2240142
2240220
2240325
2240622
2240781
2240795
2240846
2240999
2241077
2241099
2241236
2241243
2241254
2241438
2241453
2241700
2241832
2242172
2242308
2242539
2242591
2242644
2242669
2242707
2242909
2243059
2243109
2243226
2243293
2243407
2243418
2243453
2243581
2243664
2243711
2243996
2244046
2244110
2244241
2244304
2244346
2244374
2244706
2244854
2244973
2245057
2245089
2245235
2245361
2245400
2245446
2245524
2245537
2245702
2245905
2246325
2246396
2246533
2246603
2247077
2247444
2247599
2247646
2247650
2247679
2248087
2248137
2248179
2248391
2248477
2248930
2249106
2249139
2249175
2249457
2249528
2249707
2249958
2250002
2250113
2250580
2250872
2250905
2251021
2251518
2251609
2251682
2252171
2252242
2252444
2252504
2252526
2252697
2252865
2252915
2253024
2253077
2253080
2253342
2253563
2254171
2254211
2254269
2254286
2254443
2254447
2255260
2255372
2255508
2255544
2255633
2255654
2255891
2255942
2256261
2256359
2256481
2256812
2257203
2257270
2257329
2257349
2257737
2257781
2257869
2257885
2257897
2258258
2258685
2258743
2259108
2259207
2259276
2259384
2259391
2259470
2259477
2259526
2259617
2259664
2259743
2259994
2260062
2260367
2260413
2260715
2260743
2260990
2260992
2261077
2261120
2261439
2261599
2261920
2261960
2262032
2262360
2262369
2262383
2262642
2262647
2262699
2262751
2263077
2263319
2263333
2263434
2263511
2263610
2263615
2263653
2263822
2264320
2264376
2264500
2264550
2264557
2264571
2264684
2265000
2265090
2265103
2265130
2265146
2265430
2265447
2265489
2265553
2265586
2265628
2265708
2265730
2265823
2265920
2265924
2266002
2266065
2266239
2266273
2266326
2266428
2266491
2266576
2266582
2266604
2267197
2267205
2267469
2267538
2267571
2267718
2268449
2268498
2268703
2268754
2268838
2269157
2269206
2269226
2269340
2269361
2269609
2269709
2269745
2269815
2270141
2270237
2270514
2270905
2270934
2271120
2271179
2271395
2271694
2271912
2272018
2272441
2272740
2272781
2273216
2273389
2273461
2273603
2273654
2273969
2274000
2274009
2274092
2274102
2274227
2274437
2274499
2274807
2274930
2275180
2275275
2275547
2275572
2275623
2275970
2276001
2276163
2276173
2276250
2276267
2276269
2276311
2276560
2276581
2276683
2276740
2276852
2276890
2277201
2277616
2277715
2277796
2277901
2277962
2278021
2278166
2278224
2278634
2278862
2279056
2279181
2279336
2279499
2279505
2279524
2279624
2279871
2279893
2279927
2280011
2280338
2280418
2280548
2280595
2280606
2280626
2280690
2280813
2281016
2281060
2281218
2281224
2281274
2281308
2281357
2281372
2281375
2281403
2281659
2282019
2282159
2282364
2282518
2282787
2282888
2283045
2283061
2283484
2283581
2283674
2283963
2284022
2284547
2285053
2285136
2285165
2285392
2285482
2285506
2285606
2285916
2286101
2286184
2286250
2286272
2286294
2286365
2286447
2286571
2286578
2286638
2286770
2286960
2287122
2287234
2287376
2287441
2287501
2287628
2287698
2287846
2287856
2287970
2288045
2288131
2288322
2288498
2288605
2288618
2288726
2289119
2289277
2289555
2289569
2289972
2290304
2290373
2290464
2290488
2290519
2290624
2290796
2290949
2290966
2291315
2291520
2291700
2291895
2291991
2292015
2292065
2292120
2292140
2292424
2293055
2293207
2293246
2293392
2293452
2294013
2294079
2294233
2294339
2294551
2294624
2294799
2294817
2294835
2294851
2294884
2295070
2295094
2295149
2295285
2295351
2295387
2295532
2295745
2295761
2295964
2296037
2296220
2296265
2296382
2296629
2296682
2297064
2297083
2297119
2297175
2297197
2297291
2297302
2297493
2297544
2297727
2297843
2298037
2298305
2298341
2298378
2298439
2298463
2298764
2298855
2299088
2299108
2299547
2299567
2299677
2299699
2300300
2300688
2300777
2300800
2300867
2300937
2300952
2301031
2301288
2301574
2301629
2301672
2301759
2302059
2302281
2302371
2302541
2302725
2302872
2302950
2303251
2303295
2303338
2303608
2303643
2303727
2303730
2303858
2304098
2304414
2304510
2304624
2304729
2304853
2305031
2305167
2305563
2305628
2306043
2306261
2306352
2306802
2306830
2306836
2306854
2306869
2306890
2307043
2307082
2307087
2307104
2307180
2307756
2307821
2307827
2308043
2308092
2308104
2308158
2308239
2308330
2308413
2308517
2308584
2308854
2308904
2308941
2309052
2309231
2309241
2309259
2309349
2309370
2309565
2309591
2309744
2310091
2310119
2310314
2310395
2310573
2310812
2310878
2310906
2311132
2311209
2311258
2311339
2311364
2311450
2311973
2312081
2312573
2312661
2312684
2312991
2312999
2313014
2313079
2313258
2313275
2313277
2313339
2313373
2313641
2313660
2314245
2314496
2314626
2314671
2314756
2314764
2314850
2314866
2314903
2314962
2315008
2315078
2315090
2315155
2315170
2315183
2315197
2315301
2315641
2315911
2316029
2316257
2316404
2316405
2316468
2316510
2316523
2316602
2316872
2316962
2317007
2317041
2317065
2317256
2317436
2317443
2317660
2317729
2317755
2317996
2318029
2318167
2318258
2318299
2318376
2318626
2318662
2318859
2318872
2319031
2319410
2319493
2319877
2320081
2320210
2320290
2320426
2320579
2320637
2320761
2320829
2321137
2321266
2321423
2321500
2322065
2322215
2322263
2322276
2322500
2322600
2322678
2322972
2323190
2323295
2323576
2323776
2323849
2323886
2323961
2324386
2324465
2324513
2324531
2324686
2324765
2324809
2324877
2324992
2325010
2325136
2325159
2325192
2325603
2325628
2325687
2325740
2325784
2325907
2326012
2326138
2326313
2326398
2326874
2326906
2326939
2326985
2326988
2327046
2327249
2327372
2327375
2327442
2327722
2327754
2327822
2328230
2328318
2328598
2328818
2328895
2329001
2329007
2329079
2329326
2329478
2329639
2329665
2329701
2329921
2330100
2330131
2330208
2330321
2330324
2330365
2330371
2330528
2330911
2331171
2331242
2331490
2331500
2331747
2331753
2331767
2331913
2331947
2331949
2332146
2332217
2332364
2332389
2332403
2332520
2332655
2332664
2332737
2332750
2332858
2333025
2333160
2333212
2333282
2333504
2333542
2333725
2333754
2333925
2333969
2334495
2334523
2334536
2334639
2334761
2334796
2334850
2334935
2335091
2335144
2335164
2335349
2335360
2335387
2335424
2335427
2335555
2335660
2335737
2336092
2336166
2336201
2336455
2336627
2336671
2336895
2337149
2337166
2337387
2337746
2337820
2337965
2337979
2338601
2338627
2338709
2338747
2339434
2339617
2339637
2339870
2339898
2339914
2340587
2340798
2340991
2341208
2341345
2341407
2341473
2341482
2341803
2341927
2342001
2342114
2342595
2342618
2342709
2342712
2342979
2343128
2343290
2343475
2343735
2343764
2343802
2344019
2344182
2344214
2344233
2344427
2344770
2344801
2344837
2344918
2345022
2345199
2345213
2345376
2345404
2345852
2345950
2345986
2346140
2346287
2346299
2346428
2346579
2346662
2347058
2347111
2347299
2347391
2347409
2347410
2347421
2347437
2347468
2347686
2347689
2347716
2347737
2348159
2348242
2348381
2348407
2348555
2348565
2348763
2348768
2349243
2349262
2349316
2349366
2349377
2349399
2349403
2349504
2349723
2349840
2349973
2349981
2349989
2350123
2350346
2350517
2350631
2350634
2350673
2351001
2351383
2351400
2351476
2351845
2351884
2351932
2352071
2352098
2352120
2352343
2352376
2352410
2352567
2352844
2352871
2353107
2353204
2353312
2353364
2353417
2353547
2353599
2354005
2354118
2354187
2354205
2354211
2354342
2354374
2354511
2355361
2355426
2355427
2355463
2355476
2355508
2355809
2356026
2356110
2356249
2356319
2356324
2356484
2356522
2356822
2356870
2357041
2357051
2357103
2357321
2357366
2357475
2357508
2357749
2357801
2357820
2358365
2358373
2358457
2358588
2358848
2358871
2358943
2358962
2359291
2359437
2359493
2359617
2359736
2359770
2359786
2359947
2360309
2360318
2360404
2360631
2360754
2361062
2361300
2361507
2361665
2361879
2361975
2362152
2362292
2362364
2362433
2362578
2362687
2362755
2363147
2363348
2363403
2363810
2363816
2363866
2363941
2363944
2363962
2364111
2364361
2364375
2364468
2365117
2365214
2365263
2365431
2365693
2365839
2366189
2366374
2366749
2366775
2366790
2366804
2366929
2367024
2367030
2367189
2367254
2367271
2367470
2367568
2367814
2367964
2367982
2368190
2368484
2368590
2368697
2368995
2369172
2369197
2369262
2369405
2369452
2369621
2369634
2369767
2369853
2369879
2369904
2369997
2370389
2370444
2370610
2370691
2370840
2370965
2371061
2371098
2371104
2371156
2371255
2371264
2371630
2371840
2371883
2371993
2372181
2372246
2372408
2372829
2372862
2372959
2373004
2373094
2373181
2373483
2373497
2373705
2373821
2374118
2374130
2374272
2374296
2374387
2374431
2374519
2374763
2375105
2375191
2375296
2375363
2375491
2375570
2375646
2375664
2375727
2375824
2376067
2376113
2376261
2376733
2376832
2376842
2377055
2377251
2377642
2377720
2377821
2377871
2378131
2378291
2378327
2378337
2378731
2378749
2378877
2379063
2379148
2379365
2379454
2379575
2379584
2379674
2379885
2380001
2380291
2380344
2380400
2380555
2380566
2380772
2380812
2381031
2381520
2381528
2381571
2381678
2381712
2381758
2381787
2381884
2382191
2382213
2382511
2382531
2382643
2382768
2382802
2383186
2383214
2383517
2383533
2383752
2383768
2383794
2383956
2384024
2384077
2384218
2384802
2384824
2384826
2384992
2385104
2385471
2385557
2385619
2385638
2385957
2386288
2386611
2386729
2386750
2386763
2386957
2387021
2387096
2387475
2387504
2387513
2387557
2387759
2387957
2388015
2388021
2388488
2388657
2388880
2388893
2389231
2389623
2389670
2389689
2389954
2390071
2390100
2390177
2390289
2390552
2390694
2390983
2391035
2391141
2391154
2391262
2391589
2391736
2391831
2392048
2392081
2392115
2392227
2392268
2392375
2392721
2392752
2392838
2392938
2393040
2393129
2393280
2393720
2394023
2394318
2394861
2394884
2395062
2395423
2395434
2395515
2395716
2395790
2395923
2396022
2396251
2396342
2396399
2396492
2396811
2397368
2397428
2397443
2397469
2397647
2397690
2397818
2398232
2398428
2398471
2398623
2398645
2399013
2399333
2399626
2399667
2399839
2399955
2399994
2400058
2400478
2400547
2400581
2400759
2400803
2400866
2400893
2401285
2401350
2401391
2401454
2401480
2402324
2402381
2402583
2402658
2402870
2403114
2403141
2403224
2403387
2403426
2403499
2403745
2403820
2403909
2404417
2404571
2404574
2404587
2405217
2405252
2405287
2405599
2405776
2406124
2406570
2406795
2406803
2406886
2406989
2407033
2407079
2407084
2407310
2407336
2407430
2407768
2407850
2407933
2407974
2408024
2408051
2408096
2408170
2408175
2408253
2408260
2408319
2408405
2408474
2408587
2408647
2409023
2409112
2409563
2409852
2409857
2409863
2409930
2410030
2410378
2410398
2410454
2410649
2411054
2411065
2411136
2411226
2411314
2411484
2411497
2411984
2412206
2412216
2412220
2412539
2412898
2413194
2413391
2413455
2413767
2413967
2414029
2414139
2414225
2414386
2414625
2414701
2414873
2415030
2415083
2415155
2415287
2415390
2415648
2415731
2415756
2415790
2415825
2415973
2416093
2416104
2416110
2416240
2416285
2416378
2416803
2416879
2417011
2417077
2417210
2417213
2417227
2417390
2417726
2417973
2418077
2418169
2418217
2418318
2418357
2418494
2418500
2418573
2418726
2418807
2418925
2419244
2419529
2419730
2419762
2419797
2419847
2420020
2420313
2420453
2420462
2420549
2420739
2421001
2421118
2421124
2421351
2421463
2421567
2421590
2421716
2421719
2421828
2422170
2422302
2422645
2422986
2422999
2423505
2423616
2423800
2423828
2424267
2424320
2424333
2424434
2424568
2424585
2424896
2424926
2424934
2424942
2424961
2425509
2425823
2425846
2426381
2426836
2426918
2427048
2427171
2427190
2427196
2427258
2427323
2427597
2427602
2427672
2427907
2428009
2428169
2428176
2428190
2428329
2428579
2428705
2429095
2429241
2429284
2429347
2429379
2429744
2429922
2429975
2430189
2430551
2430604
2430802
2430818
2430914
2431029
2431044
2431050
2431215
2431425
2431564
2431628
2431679
2431718
2431765
2431794
2431827
2431973
2432101
2432146
2432254
2432505
2432704
2432895
2432930
2432939
2433271
2433487
2433628
2433933
2433988
2434060
2434257
2434355
2434378
2434552
2434646
2434780
2434967
2434983
2435001
2435079
2435227
2435333
2435336
2435342
2435407
2435646
2435658
2435762
2435832
2436260
2436309
2436317
2436450
2436599
2436696
2436910
2437132
2437406
2437524
2437531
2437750
2438036
2438220
2438438
2438460
2438654
2438813
2438985
2439280
2439370
2439413
2439614
2439634
2439925
2440022
2440108
2440222
2440236
2440497
2440602
2440741
2440800
2440823
2440884
2440901
2440920
2441171
2441671
2441695
2442136
2442214
2442288
2442426
2442448
2442454
2442816
2442950
2443430
2443555
2443710
2443743
2444184
2444289
2444710
2444932
2445052
2445151
2445579
2445595
2445843
2445996
2446013
2446034
2446155
2446215
2446250
2446319
2446431
2446481
2446644
2447425
2447459
2447684
2447764
2447861
2447873
2447875
2447945
2448059
2448255
2448380
2448388
2448533
2449018
2449258
2449412
2449591
2449902
2449950
2450097
2450148
2450230
2450343
2450549
2450604
2450613
2450619
2450987
2451175
2451186
2451251
2451284
2451377
2451445
2451448
2451792
2452008
2452125
2452235
2452445
2452695
2452760
2452828
2452896
2453075
2453312
2453319
2453762
2453940
2453999
2454408
2454471
2454567
2454796
2454887
2454946
2455139
2455199
2455325
2455576
2455772
2455850
2455948
2456052
2456092
2456171
2456377
2456415
2456616
2456781
2456861
2456922
2457603
2457682
2457741
2457791
2457928
2458618
2458979
2459163
2459164
2459243
2459308
2459372
2459695
2460100
2460115
2460451
2460737
2460787
2461126
2461142
2461483
2461532
2462082
2462229
2462285
2462292
2462379
2462528
2462622
2462787
2462842
2462875
2463039
2463067
2463246
2463271
2463976
2464231
2464273
2464383
2464458
2464669
2464815
2464846
2464894
2464915
2465178
2465356
2465446
2465481
2465491
2465814
2465839
2465984
2466045
2466096
2466208
2466408
2466506
2466708
2466776
2466824
2467035
2467146
2467241
2467579
2467588
2467802
2467997
2468064
2468092
2468100
2468289
2468306
2468381
2468563
2468607
2468698
2468882
2468885
2468903
2469081
2469116
2470034
2470232
2470233
2470244
2470321
2470349
2470411
2470633
2470639
2470873
2470916
2470965
2471587
2471694
2471761
2471966
2472376
2472416
2472625
2472628
2472688
2473020
2473050
2473306
2473330
2473452
2473686
2473750
2474039
2474082
2474395
2474700
2474836
2475002
2475013
2475229
2475241
2475281
2475699
2475821
2475852
2475966
2476000
2476335
2476879
2476896
2476910
2476914
2477264
2477359
2477425
2477441
2477774
2477865
2477935
2477977
2478239
2478652
2478724
2478918
2479225
2479355
2479626
2479760
2479996
2480032
2480033
2480094
2480110
2480142
2480259
2480755
2480840
2480859
2481160
2481379
2481589
2481955
2481997
2482036
2482100
2482252
2482370
2483258
2483331
2483506
2483577
2483691
2483746
2483816
2483860
2483978
2484020
2484226
2484283
2484343
2484684
2484735
2484998
2485119
2486282
2486657
2486715
2487095
2487260
2487430
2487440
2487539
2487896
2488194
2488261
2488381
2488440
2488493
2488542
2488610
2488708
2488841
2488847
2489113
2489235
2489283
2489683
2489924
2490212
2490595
2490785
2490895
2490949
2491049
2491092
2491326
2491578
2491597
2491965
2492010
2492016
2492761
2492777
2492964
2493083
2493097
2493200
2493369
2493464
2493619
2493747
2493886
2493929
2494062
2494104
2494303
2494673
2494723
2494810
2494835
2495247
2495320
2495670
2495720
2495995
2496050
2496091
2496114
2496153
2496381
2496597
2496975
2497007
2497184
2497269
2497296
2497297
2497424
2497544
2497712
2498083
2498104
2498416
2498425
2498653
2498661
2498681
2499041
2499089
2499258
2499942
2500102
2500197
2500237
2500323
2500325
2500604
2500703
2501349
2501491
2502040
2502135
2502165
2502420
2502502
2502528
2502869
2503048
2503074
2503163
2503306
2503377
2503420
2503574
2503588
2503619
2503746
2503876
2504098
2504240
2504278
2504326
2504591
2505087
2505137
2505242
2505423
2505698
2505829
2505885
2505988
2506170
2506185
2506195
2506218
2506254
2506349
2506566
2506823
2506953
2507192
2507342
2507357
2507365
2507455
2507511
2507937
2508522
2508620
2508762
2508878
2508900
2508965
2509275
2509378
2509518
2509622
2509822
2509826
2510123
2510221
2510366
2510437
2510441
2510492
2510640
2510839
2511110
2511214
2511382
2511394
2511600
2511710
2511957
2512324
2512584
2512894
2512940
2513005
2513239
2513394
2513610
2513694
2513718
2513751
2513989
2514027
2514469
2514481
2514592
2514614
2514677
2514682
2514710
2515004
2515005
2515313
2515409
2515422
2515649
2515764
2515905
2516023
2516102
2516135
2516204
2516341
2516449
2516487
2516613
2516816
2516967
2516978
2517077
2517397
2517527
2517634
2517703
2517750
2518111
2518303
2518400
2518511
2518527
2518658
2518993
2519278
2519444
2519804
2519922
2519960
2520030
2520041
2520629
2520639
2520932
2520957
2521007
2521063
2521085
2521315
2521576
2521900
2522046
2522379
2522709
2522890
2523130
2523134
2523390
2523442
2523570
2523620
2523626
2523719
2523836
2523879
2523952
2524061
2524130
2524528
2524641
2524770
2524814
2524820
2524913
2525204
2525453
2525591
2525718
2525865
2526046
2526092
2526156
2526253
2526635
2526841
2526948
2527168
2527299
2527314
2527321
2527354
2527574
2528045
2528342
2528393
2528433
2528718
2529447
2529522
2529602
2529624
2529651
2529671
2529739
2529912
2529958
2530118
2530142
2530188
2530343
2530942
2531078
2531201
2531299
2531504
2532055
2532192
2532243
2532709
2533173
2533281
2533351
2533367
2533658
2533900
2534156
2534278
2534337
2534398
2535034
2535077
2535375
2535525
2535637
2535645
2535869
2535896
2536024
2536040
2536367
2536449
2536477
2536577
2536856
2537341
2537499
2537719
2538045
2538087
2538180
2538202
