75
107
143
187
230
303
476
488
559
560
619
630
676
903
963
1013
1074
1146
1171
1297
1454
1827
1943
1962
2155
2176
2209
2251
2289
2346
2373
2554
2643
2719
2774
2785
2847
3049
3053
3096
3104
3120
3231
3317
3372
3498
3633
3834
3883
3886
3956
4138
4295
4383
4409
4447
4679
4709
4712
4821
4928
5117
5170
5192
5195
5279
5335
5412
5424
5581
5591
5684
5701
5799
5845
6177
6189
6463
6582
6880
7048
7130
7160
7207
7240
7242
7258
7278
7405
7450
7518
7529
7545
7758
7796
7880
8074
8173
8214
8292
8398
8472
8510
8512
8566
8579
8734
8772
8807
8865
8868
8870
8902
8937
9210
9221
9448
9488
9534
9803
10011
10132
10270
10322
10383
10402
10431
10520
10554
10567
10687
10716
10747
10778
10893
10900
10922
10927
10995
11063
11064
11220
11238
11251
11344
11347
11370
11491
11644
11898
11911
11934
11942
11959
11988
12037
12105
12244
12488
12619
12733
13101
13121
13364
13521
13552
13560
13566
13624
13634
13699
13859
13869
13889
13936
13944
14051
14102
14108
14119
14174
14186
14191
14284
14380
14507
14745
14813
14955
15274
15293
15305
15376
15420
15541
15672
15691
15701
15953
16083
16116
16282
16352
16380
16386
16416
16509
16535
16677
16815
16830
16890
17035
17149
17157
17187
17194
17197
17216
17301
17339
17416
17487
17547
17601
17768
17833
17930
18005
18027
18062
18078
18101
18113
18176
18262
18365
18547
18595
18661
18723
18755
18885
18939
18957
18960
19029
19091
19168
19435
19442
19531
19637
19672
19863
19880
19915
19983
19997
20169
20524
20677
20720
20762
20899
20935
20977
21138
21178
21185
21230
21262
21304
21313
21491
21510
21565
21636
21706
21726
21790
21854
22086
22118
22182
22235
22330
22365
22458
22551
22788
22847
22863
22893
22902
23208
23335
23388
23440
23502
23516
23552
23561
23590
23610
23620
23650
23669
23672
23680
23731
23738
23746
23918
24010
24092
24189
24201
24362
24576
24596
24616
24633
24739
24855
24856
24909
24915
25019
25042
25072
25190
25248
25381
25420
25681
25760
25766
25877
25883
26179
26386
26598
26766
26916
26931
26972
27159
27241
27252
27424
27494
27544
27678
27787
27788
27870
27930
28026
28184
28353
28365
28434
28455
28456
28461
28522
28618
28625
28648
28670
28774
28926
29027
29236
29270
29353
29541
29628
29716
29809
29825
29889
30071
30131
30196
30277
30306
30313
30353
30408
30464
30470
30478
30676
30779
30785
30832
30887
30997
31032
31091
31357
31370
31393
31403
31459
31609
31612
31799
31818
31937
32098
32144
32246
32333
32363
32402
32620
32674
32692
32732
32789
32843
32855
32872
33018
33110
33422
33475
33591
33769
33856
34016
34041
34130
34226
34404
34527
34562
34622
34810
34862
34946
35036
35166
35264
35346
35361
35551
35634
35752
35871
35990
35999
36091
36129
36190
36211
36562
36862
36869
36990
37055
37207
37402
37406
37497
37603
37637
37650
37679
37884
37952
38140
38230
38311
38317
38557
38558
38710
38770
38889
38912
39004
39146
39209
39215
39281
39286
39349
39396
39401
39439
39523
39662
39731
39779
39785
39819
39896
39986
40288
40419
40489
40502
40542
40621
40669
40724
40969
41009
41228
41344
41420
41450
41454
41528
41755
41791
41925
42083
42161
42269
42289
42387
42396
42530
42550
42669
42712
42805
43031
43057
43141
43153
43312
43512
43518
43639
43792
43917
44048
44132
44250
44287
44455
44462
44597
44630
44637
44863
44918
44946
45016
45081
45109
45122
45276
45288
45306
45370
45419
45483
45552
45554
45763
45792
46063
46069
46185
46219
46245
46254
46366
46405
46741
46873
46886
46942
46973
47027
47072
47172
47181
47241
47372
47451
47472
47534
47707
47837
47953
48064
48147
48336
48468
48527
48575
48629
48641
48792
48894
48971
48975
49020
49033
49136
49165
49214
49243
49386
49472
49522
49746
49784
50069
50086
50116
50191
50219
50444
50487
50500
50593
50656
50836
50865
51118
51241
51279
51612
51701
51972
52004
52160
52221
52355
52467
52567
52730
52744
53100
53224
53342
53653
53714
53765
53943
53946
53950
54076
54143
54247
54348
54356
54444
54507
54651
54740
54813
54934
55018
55089
55265
55280
55399
55436
55535
55704
55774
55972
56106
56254
56294
56496
56500
56652
56783
56826
56963
57020
57167
57361
57381
57521
57668
57703
58006
58343
58407
58409
58422
58430
58551
58603
58636
58740
58844
58880
59010
59055
59202
59314
59562
59621
59691
59736
59807
59811
59915
59951
60173
60202
60238
60243
60247
60407
60453
60461
60468
60473
60501
60564
60585
60641
60652
60722
60748
60820
60833
60892
60960
61076
61122
61169
61170
61214
61249
61291
61358
61451
61453
61658
61680
61938
62104
62160
62261
62298
62307
62537
62638
62733
62837
62910
62928
62932
63025
63326
63339
63359
63425
63538
63710
63780
63876
63941
64061
64277
64370
64585
64966
65022
65027
65065
65089
65120
65129
65141
65189
65290
65502
65517
65543
65576
65594
65712
65894
65954
66055
66089
66228
66287
66402
66674
66724
66737
66829
67131
67187
67352
67581
67751
67776
67783
67818
67842
68039
68100
68192
68325
68421
68452
68474
68589
68613
68621
68717
68720
68961
68987
69011
69070
69238
69249
69277
69285
69436
69472
69589
69660
69674
69767
69768
69807
70165
70333
70346
70353
70500
70691
70708
70737
70746
70850
70858
70885
71009
71057
71145
71188
71269
71346
71413
71484
71536
71554
71601
71651
71681
71761
71797
71860
71902
71972
72227
72231
72363
72365
72555
72557
72624
72684
72722
72822
72872
72892
72917
72952
72975
73062
73094
73166
73209
73262
73267
73303
73361
73404
73439
73644
73699
73715
73822
73843
73905
73934
74018
74074
74096
74142
74181
74224
74536
74834
74875
74896
74959
74989
75019
75071
75082
75091
75548
75612
75716
75802
75996
76134
76230
76289
76512
76665
76694
76848
76970
76975
77264
77603
77706
77763
78034
78038
78116
78169
78172
78182
78189
78192
78271
78286
78314
78543
78561
78625
78720
78983
79007
79038
79104
79331
79334
79404
79431
79688
79790
79801
80051
80056
80078
80165
80266
80286
80300
80365
80407
80515
80518
80682
80683
80710
80815
80991
81000
81060
81131
81190
81361
81398
81428
81472
81600
81609
81816
81895
81991
82016
82124
82153
82264
82297
82646
82654
82710
82791
82829
82918
82976
83008
83020
83036
83213
83340
83703
83730
83753
83854
83882
83917
84016
84307
84412
84568
84592
84613
84802
84890
84971
84986
85160
85263
85319
85442
85549
85715
85815
85868
85890
85922
85937
85958
86167
86179
86316
86516
86574
86641
86652
86698
86732
86754
87007
87160
87282
87465
87563
87564
87740
87746
87818
87933
87935
88155
88200
88251
88302
88450
88475
88549
88629
88646
88670
88685
88723
88728
88791
88889
88954
89120
89143
89156
89232
89287
89374
89382
89405
89429
89460
89540
89603
89628
89641
89661
89662
89718
89733
89793
89860
90025
90067
90111
90127
90159
90164
90318
90324
90413
90423
90470
90581
90730
90785
90804
90837
90942
90984
91123
91192
91251
91318
91387
91505
91627
91769
91771
91828
91837
91948
92025
92032
92107
92203
92353
92520
92560
92578
92691
92743
92819
92850
92862
92971
92994
93036
93052
93090
93099
93158
93175
93177
93358
93396
93616
93638
93749
93775
93786
93799
94050
94063
94095
94333
94363
94442
94504
94784
94885
95062
95064
95243
95247
95418
95467
95606
95832
95866
96181
96623
96728
96767
96854
96936
96999
97019
97039
97231
97654
97744
97768
97862
98076
98129
98279
98285
98291
98361
98438
98529
98537
98628
98700
98726
98837
98908
98909
98932
98944
99010
99181
99188
99451
99495
99566
99645
99715
99833
99969
100041
100110
100244
100363
100449
100798
100839
100933
100934
100944
101194
101327
101512
101528
101693
101906
101910
102008
102165
102233
102438
102535
102558
102577
102712
102721
102825
102926
102937
102968
103036
103130
103144
103168
103388
103528
103658
103686
103826
103934
104055
104081
104099
104150
104167
104312
104343
104376
104379
104387
104423
104571
104610
104911
104944
105018
105171
105176
105232
105460
105560
105562
105663
105676
105852
105914
106117
106153
106225
106314
106430
106497
106526
106610
106815
106917
106944
106956
107052
107063
107091
107353
107451
107573
107600
108120
108158
108271
108377
108492
108521
108548
108638
108867
108913
108924
108942
109016
109018
109231
109394
109416
109449
109455
109481
109513
109563
109599
109644
109660
109688
109692
109738
109787
110067
110189
110526
110806
110917
110948
110997
111045
111274
111330
111333
111344
111384
111423
111437
111447
111540
111660
111758
111919
112031
112064
112067
112164
112167
112301
112333
112486
112505
112557
112589
112655
112718
112858
112873
112925
112929
113105
113173
113203
113291
113296
113317
113319
113558
113582
113604
113712
113717
113733
113779
113814
114007
114075
114081
114231
114437
114445
114549
114604
114703
114859
114871
114928
114950
115211
115605
115746
115777
115802
115887
115889
115967
116095
116100
116151
116212
116222
116369
116376
116465
116501
116502
116546
116616
116631
116641
116652
116682
116730
116854
116933
117031
117090
117216
117217
117224
117436
117531
117745
117916
117988
118122
118234
118288
118553
118588
118705
118748
118774
119133
119380
119407
119409
119469
119617
119691
119694
119856
119902
119904
119984
120117
120256
120279
120324
120457
120488
120553
120658
121035
121177
121214
121242
121278
121345
121394
121471
121483
121490
121510
121535
121762
121828
121885
121898
121959
122003
122007
122095
122099
122145
122585
122881
122950
122966
123147
123226
123329
123472
123578
123589
123652
123854
123905
123938
123944
124069
124159
124364
124421
124485
124500
124642
124760
125071
125105
125117
125119
125128
125142
125184
125404
125522
125585
125652
125708
125830
125908
125997
126026
126115
126140
126225
126281
126337
126398
126429
126430
126494
126538
126609
126683
126849
126868
127020
127043
127057
127060
127178
127198
127206
127226
127247
127306
127346
127355
127439
127504
127708
127739
127898
128016
128058
128207
128292
128467
128538
128658
128879
128951
129147
129305
129371
129493
129572
129581
129630
129637
129658
129750
129848
129884
129945
129963
130171
130225
130239
130287
130359
130360
130364
130580
130623
130627
130703
130878
130987
131003
131016
131198
131265
131366
131589
131773
131835
131867
131873
131903
131907
131920
131950
132194
132377
132773
132879
132927
132998
133054
133340
133415
133471
133607
133608
133660
133696
133731
133909
134060
134170
134179
134273
134318
134353
134427
134521
134625
134703
134748
134883
135060
135141
135187
135253
135335
135358
135452
135611
135707
135829
135886
136272
136358
136373
136407
136424
136426
136510
136745
136834
136875
136933
137622
137674
137706
137763
137948
138063
138092
138162
138241
138558
138593
138672
138826
138879
138895
138930
138975
138986
139009
139097
139117
139179
139199
139215
139312
139350
139377
139598
139646
139829
139939
139942
140104
140187
140235
140288
140341
140392
140545
140556
140590
140671
140696
140712
140781
140801
140870
140893
141033
141373
141418
141591
141599
141994
142116
142227
142234
142285
142657
142668
142690
142855
142890
142969
142981
143072
143222
143236
143279
143352
143431
143487
143493
143535
143542
143550
143669
143958
144016
144083
144149
144214
144281
144305
144386
144427
144477
144566
144581
144647
144813
144862
144887
144953
144983
144997
145024
145156
145201
145276
145379
145389
145665
145780
145872
145898
146039
146140
146366
146443
146604
146610
146799
146973
147042
147054
147092
147208
147459
147586
147738
147813
147859
148031
148089
148152
148177
148341
148510
148676
148693
148753
148798
148812
148899
149122
149276
149369
149421
149484
149509
149517
149519
149581
149671
149751
149900
149973
150072
150122
150150
150182
150217
150421
150506
150570
150678
150728
150735
150791
150838
150840
150853
150900
150923
150924
150978
151011
151091
151102
151105
151232
151256
151380
151423
151487
151628
151639
151729
151736
151751
151770
151790
152030
152041
152160
152323
152331
152351
152516
152621
152652
152711
152779
152837
152846
153018
153059
153177
153259
153391
153419
153425
153427
153428
153434
153435
153507
153510
153580
153626
153654
153688
153745
153937
154046
154201
154290
154298
154406
154418
154515
154578
154792
154935
154982
155069
155174
155266
155403
155707
155718
155841
155843
155899
155957
156041
156083
156131
156136
156145
156261
156285
156516
156579
156785
156831
156945
157012
157052
157313
157559
157562
157657
157758
157842
157859
157909
158028
158153
158326
158368
158385
158462
158571
158726
158815
158883
159015
159032
159071
159192
159401
159471
159478
159570
159603
159672
159691
159888
159944
160051
160139
160426
160514
160558
160653
160711
160753
160861
160952
160973
161064
161070
161112
161347
161531
161583
161603
161698
161753
161853
162241
162286
162529
162530
162541
162576
162601
162712
162792
162825
162967
162977
163027
163063
163095
163414
163452
163576
163596
163606
163628
163702
163791
163836
163848
163980
163989
164014
164037
164067
164141
164182
164304
164529
164749
164806
164899
165098
165237
165352
165538
165550
165722
165824
165875
166002
166040
166063
166130
166195
166245
166438
166501
166603
166628
166714
166754
166797
166802
166905
166961
167138
167453
167539
167597
167661
167726
167831
167872
168241
168361
168533
168539
168656
168657
168709
168717
168770
168875
168928
169233
169298
169525
169800
169803
169808
169873
169921
169935
170008
170033
170166
170302
170308
170393
170429
170536
170721
170922
170991
171098
171194
171208
171254
171360
171468
171475
171487
171569
171681
172015
172226
172245
172283
172420
172504
172589
172647
172683
172722
172763
172810
172918
172968
173172
173244
173286
173348
173372
173383
173443
173477
173524
173541
173687
173692
173747
173894
173968
174056
174149
174198
174302
174363
174415
174551
174614
174719
174773
174827
174923
175043
175092
175221
175246
175285
175397
175461
175503
175527
175532
175561
175738
175771
175782
175811
175941
176065
176166
176218
176288
176409
176437
176442
176507
176600
176630
176677
176706
176707
176715
176830
176919
176929
177080
177138
177239
177247
177276
177391
177400
177437
177447
177471
177512
177617
177621
177911
177984
178025
178030
178125
178159
178161
178260
178347
178393
178423
178513
178530
178534
178548
178552
178578
178599
178632
178643
178652
178675
178676
178773
178876
179044
179086
179090
179144
179194
179373
179375
179401
179410
179641
179705
179726
179767
179931
180091
180179
180338
180424
180445
180461
180479
180593
180708
180756
180781
180791
180862
181012
181034
181089
181156
181356
181410
181418
181553
181616
181654
181765
181943
182105
182184
182322
182414
182476
182494
182499
182541
182573
182590
182621
182699
182814
182856
182948
182956
183045
183133
183137
183150
183283
183343
183347
183661
183866
183938
184069
184090
184428
184508
184509
184658
184661
184705
184721
184886
184924
184925
184968
184993
185020
185052
185240
185313
185373
185407
185450
185575
185625
185629
185633
185680
185982
186035
186046
186079
186298
186481
186512
186586
186600
186677
186802
186954
187115
187171
187187
187339
187395
187501
187526
187542
187591
187643
187646
187649
187733
187744
187745
187826
187837
187844
187912
187964
188016
188074
188534
188559
188594
188723
188789
188838
188897
188926
189062
189157
189246
189280
189283
189305
189382
189507
189831
189846
189867
189939
190060
190188
190249
190296
190519
190524
190560
190719
190756
190864
190973
191049
191065
191397
191635
191680
191745
191784
191917
191918
192087
192091
192234
192243
192286
192357
192492
192625
192821
192979
193173
193316
193409
193447
193506
193587
193620
193632
193707
193740
193828
193972
194134
194259
194295
194327
194393
194405
194523
194602
194615
194673
194713
194722
194736
194904
194991
195132
195175
195212
195266
195377
195483
195512
195552
195579
195682
195689
195700
195760
195863
195900
195934
196229
196272
196336
196364
196373
196439
196530
196544
196606
196748
196758
196989
197049
197095
197129
197145
197161
197176
197251
197303
197432
197486
197551
197583
197808
197825
197826
198008
198053
198256
198305
198306
198413
198444
198535
198600
198712
198772
198777
198952
199043
199221
199556
199570
199742
199944
200018
200099
200182
200288
200338
200403
200416
200603
200634
200649
200657
200779
200814
201241
201267
201306
201382
201397
201573
201646
201652
202063
202247
202301
202345
202449
202588
202749
202771
202777
203049
203159
203176
203309
203465
203573
203688
203840
203882
203923
203943
203984
204159
204162
204176
204207
204247
204315
204529
204682
204693
204731
205005
205033
205037
205038
205083
205100
205143
205225
205285
205288
205298
205311
205329
205365
205454
205577
205645
205649
205857
205943
206020
206024
206118
206153
206491
206510
206662
206694
206780
206949
207039
207081
207167
207367
207395
207448
207631
207658
207790
207853
207930
207940
207999
208037
208081
208234
208241
208285
208354
208501
208549
208574
208580
208692
208702
208722
208789
208851
208900
208941
209004
209029
209139
209140
209202
209330
209371
209514
209596
209632
209678
209882
209978
210152
210221
210223
210235
210240
210291
210399
210454
210563
210661
210698
210723
210790
210792
210871
210929
211039
211046
211306
211345
211395
211436
211535
211590
211737
212093
212124
212131
212321
212387
212434
212536
212693
212738
213048
213267
213388
213483
213641
213654
213725
213758
213775
213835
213913
213934
213951
214000
214001
214035
214061
214062
214079
214191
214314
214342
214381
214456
214480
214517
214721
214743
214756
214817
214872
214886
214913
214929
215132
215167
215190
215277
215295
215318
215366
215401
215423
215510
215541
215546
215595
215632
215783
215872
215908
215938
215980
216040
216105
216108
216170
216224
216262
216344
216428
216509
216772
216784
216872
217095
217099
217104
217360
217374
217504
217915
218010
218067
218166
218503
218527
218684
218886
218952
219334
219365
219432
219469
219481
219491
219526
219658
219681
219689
220088
220424
220472
220535
220573
220582
220618
220719
220984
221087
221109
221160
221311
221317
221476
221499
221790
222074
222094
222100
222197
222427
222445
222549
222728
222731
222790
223017
223069
223088
223138
223193
223251
223261
223335
223342
223382
223399
223408
223506
223686
223802
223806
223939
224020
224064
224094
224247
224249
224289
224317
224388
224391
224413
224418
224601
224610
224839
225117
225129
225132
225176
225236
225291
225311
225312
225414
225425
225534
225598
225674
225730
225788
225843
225918
225970
225978
225992
226013
226188
226265
226279
226315
226466
226468
226485
226574
226622
226655
226698
226782
226864
227037
227087
227141
227177
227251
227403
227611
227702
227754
227870
227882
227913
228019
228068
228135
228211
228216
228337
228551
228729
228742
228781
228801
228803
228909
228934
229233
229338
229401
229634
229912
229926
230136
230138
230157
230250
230287
230377
230382
230395
230467
230609
230651
230709
230731
230781
231013
231026
231112
231130
231356
231490
231560
231695
231761
231969
231976
232061
232116
232181
232317
232630
232635
232840
232885
232949
232958
232972
233012
233014
233063
233134
233476
233571
233588
233673
233712
233854
233875
233915
233945
234116
234127
234144
234145
234231
234486
234499
234597
234601
234640
234702
234903
235062
235109
235569
235702
235809
235906
235981
236136
236242
236287
236420
236481
236548
236613
236622
236657
236665
236672
236696
236748
236865
236902
237308
237397
237500
237545
237552
237611
237677
237691
237694
237944
237955
238000
238065
238155
238299
238386
238591
238607
238694
238722
238776
238792
238808
238921
239024
239179
239319
239336
239490
239670
239693
239758
239779
239841
239896
239927
239967
240063
240207
240397
240556
240767
240836
241097
241190
241314
241415
241447
241463
241495
241511
241554
241620
241751
241758
241777
241785
241789
241849
241851
241853
241889
241935
241985
241989
242067
242192
242402
242548
242552
242833
243147
243286
243319
243325
243349
243868
243925
244061
244066
244152
244272
244323
244689
244694
244716
244787
244809
244831
244916
244990
245092
245100
245136
245297
245448
245584
245655
245710
245738
245787
245869
245926
246037
246053
246147
246509
246529
246795
246863
246890
246893
246917
247091
247140
247188
247289
247330
247343
247378
247498
247538
247651
247654
247713
247876
247881
247951
248003
248078
248127
248137
248155
248372
248473
248534
248553
248707
248813
248845
248889
248921
249096
249138
249144
249151
249167
249339
249346
249476
249491
249501
249513
249571
249596
249685
249824
249827
250253
250337
250426
250594
250633
250740
250781
250806
250814
250928
250957
250971
251080
251103
251192
251203
251279
251380
251405
251470
251512
251815
251946
251949
251951
252102
252122
252204
252318
252362
252366
252595
252624
252626
252676
252830
252841
253053
253086
253090
253159
253164
253194
253365
253472
253493
253595
253662
253665
253683
253795
253924
253981
253982
254120
254131
254291
254438
254565
254657
254811
255035
255359
255414
255639
255759
255796
255870
256053
256110
256163
256415
256445
256453
256534
256558
256609
256665
256691
256720
256829
256846
256949
256974
257097
257139
257199
257305
257418
257461
257482
257504
257510
257662
257785
257804
258033
258087
258209
258382
258388
258399
258426
258429
258514
258547
258576
258689
258767
258887
258897
258953
259024
259054
259368
259396
259410
259414
259422
259510
259530
259531
259537
259624
259755
259874
259979
259980
260071
260229
260255
260399
260485
260515
260809
260887
261022
261034
261105
261128
261136
261148
261176
261213
261470
261473
261495
261588
261621
261700
261883
261917
262258
262404
262427
262431
262484
262687
262899
262993
262995
263131
263232
263294
263310
263386
263555
263698
263736
263763
264060
264120
264143
264186
264241
264264
264306
264410
264414
264433
264534
264550
264621
264657
264658
264808
264824
264843
264956
265092
265145
265378
265397
265419
265422
265500
265531
265577
265695
265774
265957
266065
266120
266145
266184
266280
266322
266366
266495
266553
266721
266840
266906
266930
267075
267126
267130
267260
267318
267345
267480
267721
267809
267868
268067
268084
268140
268151
268160
268252
268371
268415
268551
268616
268662
268674
268940
269003
269088
269207
269290
269367
269415
269567
269757
269793
269821
270069
270178
270210
270213
270300
270319
270329
270445
270497
270633
270737
270772
271096
271167
271189
271336
271464
271606
271614
271931
272174
272347
272364
272401
272468
272522
272620
272650
272667
272731
272853
272906
272910
272944
273025
273060
273095
273096
273226
273252
273559
273589
273857
273946
273959
274074
274090
274148
274309
274427
274483
274520
274543
274606
274646
274735
274752
274951
275095
275177
275193
275224
275229
275402
275450
275491
275544
275616
275722
275937
275940
276043
276161
276171
276555
276723
276866
276909
277247
277271
277428
277429
277689
277771
277930
277945
277996
278139
278172
278298
278452
278470
278538
278647
278720
278752
278753
278764
278773
279205
279513
279686
279717
279808
279896
279995
280102
280116
280134
280159
280204
280227
280342
280403
280629
280642
280660
280696
280725
280733
280841
280968
280998
281014
281072
281202
281206
281259
281337
281359
281448
281735
281769
281845
281857
281862
281923
281986
282252
282268
282356
282388
282544
282821
282907
283018
283050
283093
283207
283215
283282
283468
283572
283599
283679
283684
284062
284124
284125
284153
284249
284261
284305
284521
284538
284615
284735
284901
284978
285063
285163
285281
285424
285518
285549
285607
285697
285861
285902
285972
285994
286028
286090
286100
286169
286205
286362
286398
286557
286705
286747
286761
286779
286909
287082
287156
287237
287314
287568
287617
287645
287882
288025
288045
288074
288173
288196
288419
288426
288476
288573
288778
288903
288953
289020
289072
289150
289169
289545
289608
289649
289732
289795
289801
289826
290193
290251
290255
290273
290364
290586
290612
290724
290743
290746
290760
290841
290904
290975
291010
291107
291114
291141
291349
291489
291559
291624
291686
291742
291805
291814
292082
292131
292208
292225
292403
292429
292482
292550
292562
292674
292734
292961
292963
293023
293058
293347
293454
293620
293635
293689
293709
293716
293749
293989
294193
294217
294445
294452
294613
294627
294684
294707
294782
294832
294878
294911
294913
294972
295056
295078
295134
295165
295235
295323
295651
295746
295768
295786
295814
295935
296061
296098
296131
296177
296223
296265
296329
296371
296403
296583
296726
296811
296817
296865
296923
296930
296952
296969
297012
297021
297085
297228
297277
297385
297400
297412
297490
297660
297748
297771
297959
298018
298051
298151
298191
298233
298237
298450
298517
298532
298611
298681
298718
298797
298956
298989
299049
299098
299148
299359
299484
299540
299561
299648
299768
299797
299823
299858
299896
300160
300378
300454
300607
300723
300774
300930
301121
301200
301237
301277
301296
301450
301497
301502
301509
301518
301612
301674
301889
302207
302342
302365
302410
302422
302427
302440
302644
302708
302717
302762
302904
302975
302984
303055
303088
303109
303175
303245
303249
303340
303389
303423
303475
303593
303847
303943
304278
304312
304417
304495
304552
304564
304734
305061
305327
305351
305381
305398
305426
305597
305972
306037
306173
306203
306379
306384
306481
306581
306757
306769
306843
306998
307000
307165
307322
307398
307448
307452
307469
307502
307651
307733
307834
308077
308081
308120
308156
308170
308302
308386
308396
308470
308508
308569
308624
308652
308680
308775
308819
309005
309275
309551
309607
309753
309786
309816
309951
310080
310144
310154
310174
310231
310262
310271
310469
310601
310623
310667
310704
311154
311266
311410
311443
311551
311740
311755
311805
311813
311892
311973
311985
312068
312307
312323
312416
312517
312604
312712
312824
312847
312882
312884
312898
312954
313035
313120
313155
313256
313287
313539
313745
313757
313802
313885
313996
314038
314142
314269
314318
314368
314524
314548
314683
314729
314764
314792
314910
315094
315375
315381
315405
315419
315428
315482
315972
316024
316102
316111
316277
316442
316449
316690
316754
317011
317043
317087
317134
317151
317180
317211
317255
317301
317412
317424
317443
317454
317523
317649
317750
317797
318077
318239
318271
318395
318484
318505
318521
318599
318995
319011
319155
319297
319412
319474
319516
319517
319594
319690
320055
320094
320121
320186
320259
320275
320371
320400
320467
320604
320610
320929
321079
321136
321203
321288
321488
321785
321907
321937
321941
321956
322043
322046
322121
322122
322136
322240
322383
322862
322891
322918
323010
323137
323322
323395
323419
323455
323565
323697
323731
323734
323869
324028
324077
324294
324446
324638
324726
324751
324769
324773
325017
325153
325310
325333
325446
325460
325581
325648
326010
326101
326131
326368
326428
326463
326497
326588
326631
326695
326749
326963
326975
327044
327291
327372
327412
327549
327633
327634
327738
327789
327809
328054
328068
328194
328259
328401
328477
328606
328610
328691
328740
328749
328965
328993
329109
329124
329183
329334
329426
329498
329531
329864
329871
329907
329924
330133
330190
330317
330420
330471
330477
330525
330651
330667
330839
330844
330854
330869
330990
331041
331069
331072
331084
331185
331189
331708
331727
331766
331859
332060
332265
332422
332431
332484
332518
332547
332602
332608
332766
332807
332847
333014
333069
333292
333366
333622
333693
333734
333774
333835
333836
333907
334412
334417
334465
334559
334732
334783
334920
335164
335262
335434
335531
335584
335587
335688
335768
335990
336014
336030
336161
336167
336219
336275
336310
336436
336513
336575
336670
336791
336795
336799
336856
337004
337026
337159
337387
337509
337560
337574
337596
337738
337747
337821
337900
337959
337976
337989
338229
338321
338491
338527
338561
338689
338791
338801
338846
338849
338900
338928
338992
339067
339133
339163
339177
339221
339283
339374
339512
339717
339801
339846
339855
340077
340152
340270
340281
340349
340407
340414
340429
340549
340755
340894
340946
340974
341054
341060
341089
341211
341288
341485
341568
341850
341903
341978
342051
342251
342288
342355
342405
342521
342606
342613
342743
342792
342902
343032
343074
343115
343361
343561
343857
343884
343969
344006
344071
344162
344252
344284
344325
344332
344367
344476
344524
344554
344608
344740
344785
345004
345020
345218
345332
345342
345357
345615
345717
345864
345926
345974
346067
346092
346128
346133
346301
346334
346366
346436
346452
346636
346712
346725
346826
346831
346836
346992
347191
347234
347235
347358
347396
347536
347846
347942
348145
348160
348226
348330
348347
348367
348440
348536
348759
348773
348800
348900
349053
349086
349113
349285
349365
349454
349517
349607
349651
349668
349734
349756
349773
349820
349837
349991
350004
350272
350289
350477
350490
350503
350508
350733
350769
350947
351080
351195
351230
351240
351285
351326
351412
351483
351490
351535
351630
351643
351757
351809
351811
351904
351913
352084
352197
352208
352384
352385
352480
352522
352553
352643
352662
352707
352803
352910
353011
353155
353312
353378
353437
353507
353738
353902
354009
354071
354125
354188
354275
354362
354399
354492
354509
354611
354631
354633
354635
354690
354709
354908
355073
355147
355198
355355
355572
355788
355814
355871
355955
356263
356374
356388
356501
356541
356584
356593
356701
356803
356997
357163
357258
357262
357657
357717
357748
357777
357969
358181
358256
358354
358554
358818
358839
358873
359014
359095
359216
359341
359374
359387
359533
359876
360013
360122
360224
360295
360403
360459
360563
360581
360678
360686
360818
361034
361059
361151
361209
361257
361375
361525
361568
361779
361896
361901
362108
362139
362211
362306
362580
362781
362783
362841
362858
362894
363137
363311
363379
363477
363511
363560
363582
363634
363772
363941
364395
364420
364767
364774
364779
364878
364907
364921
365008
365051
365291
365409
365536
365582
365810
366008
366046
366125
366133
366150
366152
366177
366190
366232
366343
366391
366436
366477
366618
366622
366736
366738
366964
367007
367232
367275
367291
367323
367327
367510
367550
367617
367681
367776
368046
368173
368205
368271
368279
368340
368421
368459
368725
368744
368747
368750
368780
368854
368889
368920
369086
369126
369137
369142
369223
369265
369416
369509
369808
369982
369998
370021
370060
370081
370143
370224
370386
370480
370523
370545
370711
370720
370909
370984
371018
371154
371172
371316
371415
371640
371794
371797
371817
371820
371858
371901
371914
372173
372226
372261
372277
372331
372435
372513
372563
372740
372976
373066
373399
373401
373428
373524
373684
373714
373754
373760
373796
373850
373965
374014
374083
374140
374285
374291
374308
374333
374434
374451
374492
374534
374677
374870
374871
374987
375015
375033
375388
375638
375665
375825
375921
375924
376299
376417
376562
376753
376866
377065
377108
377151
377353
377524
377553
377556
377563
377602
377720
377742
377805
377886
378048
378057
378120
378281
378282
378307
378334
378353
378480
378500
378724
378869
378904
378925
378978
379140
379260
379347
379395
379896
379988
379989
380021
380153
380258
380384
380395
380478
380500
380629
380684
380799
380808
381004
381104
381115
381377
381461
381501
381563
381651
382083
382209
382260
382354
382368
382385
382491
382524
382558
382648
382671
382718
382954
382992
383003
383040
383056
383145
383203
383402
383557
383562
383709
383725
383766
383782
383806
383902
383935
384087
384175
384178
384245
384278
384293
384314
384336
384425
384564
384721
384740
384792
384822
384891
384930
385127
385245
385324
385460
385517
385758
385765
385844
385939
385959
385998
386001
386003
386125
386165
386246
386258
386407
386422
386423
386479
386606
386676
386713
386770
386786
386804
386879
386892
386909
386931
387024
387090
387189
387374
387500
387550
387558
387559
387583
387901
388027
388033
388098
388283
388319
388532
388558
388675
388798
388824
388914
388924
388946
388977
389100
389224
389279
389288
389313
389365
389377
389486
389551
389589
389597
389691
389736
389781
389805
389923
389945
390008
390052
390149
390215
390251
390283
390383
390567
390605
390749
390765
390854
390921
390927
390987
391003
391034
391312
391313
391435
391580
391792
391828
391880
391884
391920
391941
392068
392071
392110
392168
392209
392283
392343
392369
392392
392453
392523
392552
392564
392571
392664
393141
393153
393214
393323
393329
393429
393479
393560
393596
393647
393697
393709
393729
393755
393781
393814
393936
393952
394009
394084
394314
394491
394773
394836
394856
394937
394939
394987
395137
395187
395324
395354
395672
395676
395680
395731
395767
395808
395874
396153
396302
396441
396495
396540
396542
396696
396706
396712
396746
396861
396945
396952
397078
397242
397346
397467
397713
397738
397813
397904
397906
398104
398130
398199
398306
398344
398393
398398
398620
398712
398748
398831
398832
398841
399267
399278
399341
399392
399437
399500
399758
399837
399852
399999
400010
400097
400134
400204
400209
400217
400337
400412
400512
400561
400569
400585
400665
400750
400950
400966
401253
401308
401453
401486
401517
401577
401685
401739
401816
402008
402038
402081
402130
402135
402147
402169
402216
402388
402456
402465
402485
402605
402912
402985
403229
403343
403387
403500
403537
403763
403845
403870
403932
403953
403967
404031
404081
404104
404105
404119
404346
404360
404579
404649
404773
404832
405037
405121
405212
405345
405482
405704
405709
405761
405773
405855
406072
406131
406137
406146
406159
406162
406368
406466
406689
406753
406771
406785
406797
406818
406956
407118
407122
407171
407659
407675
407759
407765
407783
407884
407897
407974
408106
408143
408439
408856
408931
409103
409260
409404
409405
409658
409668
409698
409765
409766
409813
409957
409963
410479
410505
410564
410655
410693
410694
410873
411012
411104
411285
411421
411511
411572
411669
411780
411894
411911
412173
412322
412396
412435
412620
412654
412665
412718
412905
412945
413009
413341
413416
413432
413518
413546
413577
413603
413747
413762
413832
413835
413886
413953
414110
414114
414204
414273
414450
414497
414565
414620
414729
414776
414848
414931
414976
415167
415291
415514
415535
415592
415639
415640
415684
415732
415785
415832
415914
415976
416048
416211
416293
416307
416334
416339
416364
416376
416381
416409
416433
416804
417000
417061
417069
417286
417317
417369
417372
417374
417384
417504
417522
417612
417649
417687
417739
417769
417772
417793
417876
417937
418028
418029
418181
418286
418451
418698
418720
418726
418763
418842
419000
419040
419143
419421
419468
419550
419897
419954
420160
420334
420337
420373
420431
420440
420466
420806
420818
420847
421050
421051
421105
421466
421512
421677
421713
421786
421881
421888
421891
421934
422126
422130
422152
422200
422285
422351
422383
422530
422605
422621
422694
422708
422840
422960
422986
423146
423189
423298
423439
423749
423777
423879
423971
424002
424043
424137
424506
424508
424546
424725
424745
424797
424900
425065
425167
425174
425194
425277
425290
425295
425311
425358
425370
425431
425522
425552
425574
425655
426133
426550
426656
426696
426767
427222
427225
427274
427341
427633
427642
427879
427983
428024
428072
428300
428377
428574
428615
428634
428681
428853
428893
428948
429047
429251
429477
429599
429633
429706
429724
429782
429973
430035
430153
430274
430327
430337
430404
430557
430956
431085
431149
431371
431471
431632
431659
431880
431943
431961
432016
432031
432092
432102
432112
432232
432238
432355
432435
432483
432507
432585
432722
432781
432809
432855
433005
433099
433113
433141
433196
433248
433366
433515
433579
433624
433639
433641
433677
433751
433791
433842
433899
433909
433993
434110
434134
434355
434368
434417
434560
434573
434679
434705
434708
434715
434844
434850
434894
434996
435016
435126
435167
435181
435289
435364
435381
435472
435482
435514
435531
435579
435659
435760
435797
435998
436029
436196
436279
436441
436466
436481
436642
436656
436797
436944
436976
437038
437045
437128
437208
437249
437300
437307
437308
437332
437433
437498
437630
437632
437804
438026
438085
438097
438128
438134
438279
438345
438365
438549
438617
438683
438728
438972
439056
439087
439315
439432
439599
439710
439827
440031
440040
440062
440154
440183
440332
440441
440493
440542
440546
440703
440711
440722
440754
440771
440875
441030
441031
441260
441326
441362
441410
441419
441441
441527
441580
441633
441714
441817
441835
441897
441944
442015
442044
442113
442355
442368
442384
442386
442599
442629
442669
442845
442948
443141
443142
443194
443324
443341
443450
443495
443590
443623
443766
443862
444014
444052
444239
444271
444277
444516
444531
444590
444597
444646
444816
444832
444851
444928
445061
445109
445225
445236
445282
445391
445556
445616
445665
445722
445761
445802
445808
446071
446085
446144
446154
446173
446199
446313
446344
446372
446388
446496
446499
446639
446724
446729
446769
446894
446930
447067
447142
447151
447231
447384
447391
447506
447511
447583
447604
447714
447874
447923
448186
448356
448371
448439
448567
448684
448722
448972
449193
449264
449270
449315
449386
449413
449536
449549
449694
449845
450233
450291
450312
450380
450439
450493
450599
450712
450796
451058
451136
451231
451244
451279
451388
451479
451485
451583
451597
451695
451742
451837
451857
451874
451944
452039
452077
452087
452218
452257
452259
452264
452327
452368
452426
452432
452576
452587
452682
452753
452793
452812
452838
452899
453128
453471
453560
453588
453662
453970
453995
454156
454265
454292
454318
454424
454441
454464
454630
454636
454678
454844
454879
454977
455157
455345
455407
455421
455489
455613
455618
455643
455703
456076
456320
456349
456430
456456
456566
456608
456632
456686
456887
456891
456964
457193
457333
457346
457599
457681
457706
457715
457888
457935
457968
457979
458093
458164
458174
458200
458210
458362
458421
458530
458675
458699
458706
458748
458827
459154
459242
459350
459351
459387
459395
459422
459429
459594
459602
459651
459739
459861
459945
460001
460006
460062
460081
460106
460277
460302
460358
460407
460431
460516
460604
460794
460998
461028
461044
461050
461076
461080
461203
461242
461423
461514
461672
461980
462001
462061
462213
462339
462381
462451
462513
462613
462971
463235
463486
463528
463631
463703
463752
463780
463962
464018
464068
464086
464124
464130
464487
464596
464672
464763
464790
464927
465304
465403
465857
465872
465887
465922
465948
466021
466037
466044
466137
466263
466276
466322
466548
466579
466661
466732
466759
466794
466837
466894
466952
467067
467085
467177
467186
467245
467357
467393
467445
467581
467582
467595
467680
467683
467711
467733
467738
467802
467814
467931
467944
468095
468129
468139
468195
468333
468541
468598
468619
468703
468811
468836
468884
468957
469047
469103
469117
469136
469213
469392
469403
469466
469515
469600
469609
469621
469981
470016
470040
470078
470112
470129
470133
470153
470155
470250
470354
470481
470511
470638
470678
470708
470764
470907
470919
471241
471322
471341
471440
471505
471515
471571
471577
471592
471608
471623
471761
471840
471963
471980
472133
472138
472156
472166
472168
472361
472445
472448
472481
472571
472607
472707
472874
472931
472983
472990
473150
473250
473351
473498
473523
473551
473558
473630
473814
473872
474020
474050
474064
474217
474270
474428
474646
474707
474733
474748
474862
474869
475122
475168
475262
475268
475277
475280
475427
475720
475754
475805
475890
475975
476013
476209
476211
476224
476362
476461
476477
476756
476764
476827
476829
477041
477101
477148
477156
477213
477227
477237
477278
477420
477468
477932
478024
478204
478207
478241
478378
478424
478509
478560
478609
478779
478848
478973
479048
479056
479241
479252
479258
479291
479462
479513
479573
479624
479728
479899
479907
480040
480043
480089
480132
480170
480192
480206
480288
480578
480641
480643
480697
480770
480868
480871
480875
481316
481500
481676
481698
481722
481753
481771
481934
481953
481959
481966
481970
482112
482143
482199
482251
482314
482343
482362
482370
482374
482701
482869
482941
483121
483165
483254
483284
483592
483815
484009
484102
484167
484265
484360
484487
484499
484529
484754
484874
484886
484924
484959
485032
485152
485168
485390
485464
485969
486059
486063
486088
486284
486290
486348
486361
486766
486772
486842
486869
487233
487426
487467
487510
487667
487709
487807
487834
488050
488137
488170
488203
488218
488250
488605
488659
488741
488749
488761
488793
488869
488875
488957
489042
489044
489373
489549
489565
489665
489729
489746
489852
489872
489879
489884
489902
489939
490026
490213
490301
490605
490747
490838
490999
491017
491029
491056
491078
491146
491242
491288
491292
491305
491309
491333
491342
491369
491372
491389
491457
491470
491493
491709
491799
491999
492041
492066
492755
492984
493083
493408
493429
493501
493600
493672
493705
493707
493856
493866
493902
494165
494193
494278
494309
494356
494444
494588
494651
494705
494744
494922
494984
495052
495220
495288
495291
495346
495371
495376
495453
495565
495631
495720
495968
496135
496148
496193
496199
496217
496251
496289
496427
496582
496596
496757
496766
496767
496925
496996
497198
497206
497230
497259
497357
497395
497494
497538
497567
497643
497848
498095
498168
498198
498472
498686
498848
498906
498913
498969
499054
499216
499277
499341
499406
499440
499641
499742
499768
499809
499905
499989
500187
500306
500320
500445
500455
500467
500479
500629
500671
500857
500889
500955
500966
501013
501166
501190
501286
501377
501395
501431
501446
501644
501648
501745
501759
501963
501971
502011
502251
502263
502397
502446
502495
502522
502561
502566
502601
502658
502719
503017
503139
503142
503391
503472
503578
503686
504117
504145
504293
504332
504452
504491
504654
504759
504870
504886
504911
505140
505277
505320
505413
505478
505506
505591
505700
505725
505768
505878
505881
505892
506085
506096
506343
506412
506545
506566
506603
506650
506694
506905
506967
507003
507214
507326
507482
507489
507518
507625
507691
507856
508004
508151
508292
508309
508390
508608
508609
508624
508725
508850
508869
508916
509057
509344
509413
509434
509612
509627
509634
509742
509748
509764
509789
509799
509813
509928
509984
509985
510178
510190
510393
510454
510499
510590
510720
510840
511039
511047
511187
511249
511320
511511
511616
511621
511693
511996
512094
512121
512288
512358
512405
512549
512649
512827
512852
513059
513201
513332
513337
513383
513402
513409
513666
513817
513832
513861
513862
513985
514023
514196
514235
514312
514337
514445
514457
514525
514531
514585
514613
514772
514881
514915
514933
515043
515195
515267
515346
515367
515578
515692
515866
515902
516060
516067
516126
516156
516173
516213
516237
516259
516555
516583
516702
516747
516829
516871
517122
517292
517652
517845
517866
517892
517944
517964
518094
518152
518311
518314
518470
518735
518741
518743
518811
518987
519014
519052
519131
519552
519924
519991
520036
520294
520533
520759
520897
521136
521248
521258
521270
521422
521649
521660
521681
521707
521750
521776
521787
521821
521850
522065
522259
522398
522435
522674
522740
522845
522919
522931
522945
522966
523018
523058
523114
523218
523256
523292
523334
523341
523673
523789
523790
523822
523953
524277
524304
524476
524515
524537
524594
524634
524712
524790
524837
524882
525035
525115
525130
525265
525282
525299
525407
525449
525494
525626
525683
525737
525882
525938
525964
526011
526020
526145
526198
526290
526317
526355
526357
526564
526625
526702
526720
526791
526810
526895
526937
527026
527632
527636
527846
527933
527934
528034
528079
528091
528164
528276
528295
528314
528321
528340
528400
528428
528510
528611
528794
528798
528898
528940
528958
529055
529247
529333
529391
529456
529464
529504
529606
529616
529701
529716
529789
529838
529988
530138
530144
530153
530205
530209
530237
530272
530307
530311
530359
530404
530479
530567
530620
530686
530755
530795
530843
530869
530912
530964
531026
531091
531108
531306
531587
531595
531626
531677
531707
531789
531915
532154
532223
532407
532444
532451
532617
532758
533117
533120
533221
533294
533354
533420
533495
533536
533757
533860
534059
534084
534389
534425
534440
534489
534497
534513
534577
534715
534836
534857
534987
534998
535040
535219
535271
535414
535471
535497
535520
535553
535795
535922
535932
535995
536019
536020
536068
536123
536132
536149
536169
536216
536369
536432
536529
536552
536737
537028
537079
537113
537535
537608
537809
537859
537863
538103
538197
538473
538540
538562
538840
538934
539226
539230
539290
539372
539385
539441
539499
539533
539675
539726
539760
539766
539776
539834
539842
539879
539982
540504
540520
540594
540620
540761
540846
540873
540946
541020
541063
541113
541284
541336
541559
541571
541592
541638
541690
541925
541947
542138
542146
542189
542245
542290
542348
542385
542416
542490
542498
542511
542650
542720
542815
542844
542958
543341
543354
543365
543546
543570
543673
543791
543958
544065
544314
544332
544455
544491
544511
544556
544681
544780
545115
545118
545173
545307
545585
545739
545800
545998
546109
546183
546257
546381
546451
546503
546514
546537
546662
546713
546727
547047
547148
547167
547228
547239
547259
547380
547423
547428
547542
547644
547658
547857
548031
548065
548121
548175
548245
548257
548269
548394
548589
548670
548734
548750
548964
549416
549462
549515
549747
549886
549887
550004
550005
550060
550131
550291
550307
550318
550608
550772
550852
551282
551399
551424
551438
551456
551550
551793
552133
552332
552549
552570
552703
552773
552779
552814
552971
552987
553024
553058
553159
553279
553317
553354
553391
553436
553678
553688
553750
553760
553897
554003
554107
554228
554249
554294
554428
554471
554482
554524
554636
554654
554825
554944
555220
555279
555298
555327
555424
555439
555448
555544
555580
555629
555781
555876
555891
555922
555990
556252
556285
556307
556382
556389
556619
556700
556734
556736
556839
556927
557011
557073
557103
557117
557159
557224
557256
557272
557329
557343
557364
557407
557423
557506
557613
557736
557759
557799
557901
557910
557956
557977
557988
558223
558385
558449
558469
558515
558775
558798
558901
559083
559145
559397
559469
559558
559571
559587
559799
559825
559973
559989
560013
560036
560143
560217
560247
560256
560364
560476
560633
560771
560826
560863
560907
561060
561206
561228
561454
561462
561500
561543
561567
561588
561827
561947
562127
562133
562164
562200
562276
562277
562282
562359
562509
562629
562636
562649
562780
562792
562840
562841
562930
563049
563066
563139
563199
563631
563713
563715
563754
563778
563811
563817
563904
563953
564049
564453
564495
564507
564543
564581
564613
564616
564699
564815
564829
564856
564922
565067
565171
565281
565350
565515
565529
565555
565898
565903
565911
565974
565982
566001
566135
566288
566351
566381
566410
566508
566543
566584
566597
566658
566677
566725
567072
567203
567320
567373
567632
567646
567674
567730
567760
567859
567879
568049
568115
568161
568355
568510
568628
568652
568771
569060
569140
569287
569335
569499
569594
569824
569915
570091
570154
570171
570247
570282
570429
570483
570704
570895
571045
571133
571138
571161
571369
571462
571521
571560
571588
571639
571728
571739
571791
571831
571849
571895
571959
572021
572059
572107
572110
572130
572446
572454
572485
572557
572585
572594
572656
572697
572726
572977
572988
572990
573268
573310
573316
573344
573416
573450
573477
573749
573967
574022
574094
574151
574248
574273
574553
574558
574867
574899
574953
574966
575013
575048
575127
575425
575728
575807
575828
575915
575918
576361
576446
576621
576705
576733
576808
576966
577035
577046
577060
577367
577389
577487
577521
577737
577792
577796
577960
578278
578586
578813
579006
579075
579135
579136
579171
579393
579448
579580
579670
579689
579727
579733
579806
579883
579967
580066
580234
580254
580265
580287
580583
580625
580794
580867
580946
581006
581059
581064
581081
581207
581218
581231
581319
581336
581421
581427
581434
581450
581484
581540
581557
581761
581808
581856
581882
581963
581964
581994
582005
582063
582108
582147
582284
582350
582462
582844
582872
582955
583444
583606
583632
583831
583923
583928
583965
584080
584276
584282
584537
584595
584737
584804
584827
584830
584831
584888
584930
584949
584978
585067
585275
585278
585295
585315
585317
585331
585394
585488
585584
585627
585631
585668
585718
585864
585872
585936
586023
586104
586161
586244
586296
586318
586370
586394
586443
586451
586506
586672
586695
586704
586733
587001
587142
587279
587337
587460
587478
587506
587561
587666
587745
587753
587799
587846
587868
587969
588230
588379
588484
588774
588778
588851
588853
588898
588971
589092
589112
589136
589152
589359
589549
589577
589964
590002
590071
590074
590126
590132
590155
590229
590278
590354
590473
590500
590503
590548
590571
590742
590977
591087
591188
591361
591428
591666
591737
591861
592139
592220
592363
592364
592379
592508
592611
592654
592786
592878
593006
593189
593228
593241
593251
593302
593503
593570
593579
593732
593787
593887
594083
594159
594163
594304
594318
594504
594524
594537
594636
594783
594893
595133
595232
595249
595609
595756
595872
595902
595964
596034
596379
596414
596529
596561
596573
596615
596700
596729
596731
596905
596950
596956
597074
597081
597122
597211
597292
597375
597505
597510
597514
597697
597737
597739
597873
597876
597896
598226
598374
598429
598501
598843
598876
598893
598982
599005
599196
599212
599325
599409
599452
599473
599541
599545
599591
599620
599621
599645
600076
600170
600208
600310
600336
600364
600378
600399
601092
601174
601176
601184
601370
601413
601538
601786
601845
601864
601938
601990
602130
602296
602299
602570
602572
602653
602683
602731
602774
602816
602901
603056
603501
603508
603531
603606
603823
603863
603984
603989
604021
604160
604355
604438
604462
604527
604612
604632
604853
604862
604940
605050
605202
605299
605503
605515
605533
605567
605579
605674
605735
605766
606016
606020
606122
606269
606348
606383
606407
606506
606509
606630
606664
606665
606717
606725
606742
606775
606788
607005
607068
607151
607189
607228
607350
607453
607459
607591
607787
607903
608108
608116
608207
608294
608298
608601
608625
608639
608652
608803
608854
608962
609086
609163
609416
609420
609700
609708
609806
609997
610150
610247
610255
610329
610389
610742
610776
610871
610878
611008
611103
611131
611336
611392
611400
611529
611627
611644
611702
612070
612250
612262
612341
612346
612348
612510
612669
612675
612729
612823
612977
613146
613303
613455
613693
613806
613844
613871
613905
613916
614181
614186
614294
614391
614469
614574
614843
614873
614917
615028
615140
615267
615278
615362
615607
615685
615687
615775
615935
615948
616058
616239
616277
616310
616354
616378
616499
616502
616507
616544
616570
616575
616623
616690
616771
616782
616850
617136
617144
617204
617230
617242
617310
617320
617426
617436
617447
617452
617522
617641
617806
617842
617890
618023
618128
618168
618171
618202
618360
618556
618681
618757
618813
618875
618893
619010
619220
619437
619460
619503
619548
619705
619765
619798
619810
619876
619878
619895
619934
619938
619977
619979
620087
620119
620146
620153
620170
620276
620303
620366
620384
620481
620535
620549
620671
620732
620847
620924
621108
621113
621296
621312
621452
622143
622145
622366
622378
622620
622777
622804
622998
623019
623121
623356
623464
623551
623777
623812
623896
623967
624107
624195
624267
624441
624519
624665
624678
624803
624824
624901
624951
624963
625186
625248
625363
625554
625644
625781
625886
626034
626092
626094
626264
626269
626333
626371
626378
626457
626721
626745
626791
626965
627004
627088
627159
627244
627357
627504
627614
627682
627694
627851
627901
628036
628082
628190
628212
628264
628524
628545
628576
628599
628674
628682
628717
628808
628817
628915
628931
629088
629139
629202
629208
629244
629286
629348
629408
629464
629490
629515
629529
629612
629652
629758
629780
629912
630081
630103
630162
630197
630438
630507
630824
630902
631406
631426
631431
631469
631524
631682
631782
631788
631795
631808
631846
631867
632002
632067
632504
632722
632757
632958
633133
633160
633206
633217
633230
633231
633259
633286
633315
633436
633505
633529
633576
633786
633997
634028
634202
634290
634362
634397
634798
634893
634965
634968
634970
635004
635010
635047
635096
635123
635216
635248
635479
635631
635651
635713
635717
635885
635909
636093
636207
636285
636371
636529
636655
636882
636928
637135
637397
637448
637634
637704
637768
637785
637920
637946
637948
637953
637965
638003
638041
638152
638231
638236
638405
638433
638445
638464
638506
638509
638659
638690
638720
638827
638956
638981
639068
639090
639093
639095
639190
639209
639242
639376
639412
639563
639663
639676
639695
639770
639851
640013
640024
640148
640279
640626
640690
640856
641237
641353
641539
641606
641622
641649
641861
641970
641987
642011
642031
642120
642157
642323
642460
642616
642657
642713
642732
642770
642870
642990
643164
643211
643271
643275
643277
643338
643342
643371
643412
643423
643522
643533
643595
643646
643758
644026
644111
644138
644157
644220
644235
644328
644475
644525
644605
644790
644856
644910
644929
645000
645030
645045
645068
645219
645289
645367
645524
645655
645670
645713
645724
645830
645904
645929
645996
646057
646115
646138
646228
646264
646349
646381
646395
646492
646500
646588
646676
646882
646908
646911
646937
646999
647219
647271
647291
647352
647454
647476
647541
647791
647823
648302
648457
648483
648612
648615
648648
648786
648790
649000
649079
649253
649299
649433
649500
649654
649711
649798
649858
649898
649945
650002
650046
650196
650274
650414
650436
650501
650565
650579
650672
650679
650706
650726
650764
650776
650874
650903
650956
651041
651061
651081
651152
651346
651351
651657
651708
651721
651894
652127
652238
652253
652330
652399
652418
652503
652507
652564
653013
653046
653310
653416
653446
653485
653490
653538
653553
653570
653674
653738
653995
654103
654113
654119
654378
654551
654568
654580
654695
654798
654861
654931
654982
655062
655182
655288
655387
655426
655480
655533
655583
655594
655830
655831
655844
655884
656134
656172
656260
656405
656433
656452
656490
656687
656825
656840
656893
656941
657035
657048
657192
657487
657488
657505
657519
657535
657645
657657
657861
657934
658056
658073
658247
658251
658482
658493
658595
658668
658691
658828
658844
658896
658905
658937
658974
658991
659012
659095
659140
659141
659269
659405
659431
659504
659530
659547
659618
660000
660094
660117
660225
660236
660240
660307
660342
660414
660460
660472
660628
660656
660674
660800
661039
661167
661319
661426
661438
661472
661592
661767
661796
661800
661835
661935
661972
662006
662177
662372
662379
662427
662459
662463
662469
662516
662520
662767
662788
662793
662950
663018
663034
663045
663054
663059
663077
663215
663521
663530
663546
663579
663600
663646
663667
663683
663703
663718
663737
663743
663783
663791
664140
664225
664327
664357
664420
664468
664644
664664
664717
664852
664946
664987
665004
665021
665109
665116
665140
665170
665300
665379
665509
665527
665535
665607
665662
665718
665795
665884
665900
665947
666167
666283
666436
666454
666561
666592
666661
666705
666859
666901
666904
666912
667031
667241
667263
667265
667411
667448
667450
667455
667666
667765
667842
667872
667918
667952
668085
668206
668321
668322
668449
668623
668669
668746
668795
669047
669080
669303
669342
669392
669516
669612
669672
669702
669720
669783
669865
669945
669988
670075
670231
670275
670329
670551
670653
670776
670854
671050
671080
671107
671207
671421
671450
671476
671559
671565
672098
672300
672301
672468
672469
672625
672696
672701
672781
672870
673032
673321
673351
673362
673443
673509
673515
673638
673706
673738
673748
673793
673942
673967
674091
674109
674237
674309
674357
674373
674417
674490
674544
674590
674689
674937
674955
675017
675034
675150
675386
675655
675676
675757
675857
675902
675992
676213
676320
676344
676372
676418
676494
676542
676654
676660
676705
676753
676888
676894
676963
677108
677139
677251
677334
677341
677346
677396
677421
677672
677703
677704
677741
677765
677845
677942
677974
677988
678052
678190
678247
678272
678442
678445
678699
678857
678874
678963
679041
679080
679334
679407
679496
679497
679529
679549
679912
679944
679978
680037
680040
680259
680333
680400
680413
680431
680538
680556
680591
680710
680958
681013
681043
681094
681139
681214
681283
681298
681320
681335
681371
681415
681494
681547
681559
681678
681721
681745
681819
681895
681906
682004
682116
682208
682398
682450
682584
682705
682710
682753
682796
682824
682871
682916
683062
683077
683096
683118
683154
683230
683334
683348
683433
683719
683725
683727
683738
683957
684134
684215
684326
684354
684542
684548
684581
684861
685111
685236
685307
685366
685747
685805
685813
685829
685880
685903
686074
686154
686181
686247
686518
686600
686842
686894
686921
686961
686976
686994
687028
687085
687170
687177
687266
687524
687668
687745
688051
688143
688218
688595
688860
688931
688933
689110
689127
689183
689194
689488
689560
689721
689749
689818
689957
690019
690021
690231
690251
690365
690588
690613
690744
691040
691054
691314
691344
691713
691716
691888
691931
691934
692167
692244
692294
692313
692404
692429
692479
692500
692505
692635
692783
692819
692923
692927
692998
693117
693138
693266
693279
693309
693401
693415
693448
693653
693661
693755
693819
693966
694056
694133
694294
694329
694375
694540
694574
694654
694677
694837
694857
694928
694958
694992
695068
695167
695296
695308
695346
695369
695451
695567
695700
695741
695760
696124
696154
696232
696364
696457
696520
696597
696704
696818
696830
696894
697034
697109
697136
697209
697301
697342
697500
697670
697764
697781
697884
697928
698095
698320
698329
698375
698596
698823
698857
698905
698951
698981
699010
699014
699046
699088
699127
699284
699303
699362
699380
699447
699755
699962
699964
699999
700232
700365
700570
700709
700757
700857
700970
700971
701101
701239
701356
701427
701586
701636
701696
701906
701919
701994
702034
702378
702576
702616
702865
702971
703008
703080
703403
703854
703868
703987
704095
704106
704154
704221
704495
704752
704801
704940
704950
705034
705173
705261
705303
705361
705455
705487
705526
705680
705862
705902
705968
705990
706074
706102
706316
706393
706395
706477
706509
706563
706633
706679
706753
706787
706797
706798
706825
706834
706859
706865
706952
707039
707180
707209
707299
707568
707642
707726
707731
707733
707734
707764
707849
707949
708192
708226
708247
708349
708417
708422
708583
708631
708699
708733
708777
708823
708832
708915
708966
709082
709212
709219
709298
709363
709412
709811
709859
709950
709956
709995
710090
710242
710313
710338
710427
710557
710710
710722
710759
710783
710803
710821
711051
711059
711157
711178
711206
711323
711349
711428
711619
711648
711683
711969
712072
712118
712137
712229
712366
712377
712675
712686
712733
712782
712856
712912
713001
713118
713310
713326
713349
713519
713730
713781
713867
713994
714000
714120
714137
714482
714675
714734
714801
714806
714899
715258
715596
715618
715623
715722
715787
715790
716075
716187
716206
716328
716377
716408
716427
716651
716818
716846
716866
716929
717027
717056
717165
717369
717423
717430
717441
717473
717555
717687
717773
717947
717950
718095
718380
718505
718593
718699
718898
718945
719056
719062
719185
719322
719341
719461
719627
719768
719837
719865
719893
720121
720190
720210
720262
720416
720666
720669
720843
721078
721104
721193
721347
721447
721547
721608
721729
721772
721784
721786
721796
721826
721906
721922
721944
722387
722598
722640
722702
722800
722839
722860
722874
722894
722896
723076
723291
723345
723468
723538
723609
723709
723736
723842
723994
724245
724272
724378
724525
724575
724595
724596
724771
724916
725022
725154
725162
725176
725309
725340
725634
725700
725745
725777
725955
726079
726129
726265
726377
726395
726406
726762
726845
726905
726960
726968
727063
727103
727317
727457
727672
727684
727744
727879
727995
728189
728208
728453
728498
728588
728810
729039
729104
729189
729247
729284
729374
729388
729406
729549
729622
730122
730143
730264
730277
730298
730312
730385
730411
730482
730539
730566
730678
730833
730957
731009
731068
731086
731154
731221
731241
731307
731345
731386
731543
731593
731624
731640
731719
731799
731835
731877
731988
732048
732265
732449
732885
732911
732974
733204
733262
733466
733520
733740
733861
733988
734246
734393
734496
734521
734558
734599
734672
734691
734744
734812
734908
735155
735236
735423
735464
735477
735507
735512
735562
735614
735678
735700
736097
736174
736224
736239
736404
736454
736524
736865
737018
737187
737300
737350
737382
737562
737595
737755
737943
738043
738101
738316
738375
738638
738669
738906
739133
739174
739180
739290
739336
739399
739581
739597
739745
739785
739805
739946
740109
740120
740127
740267
740281
740381
740510
740523
740636
740800
740802
741181
741380
741514
741527
741592
741773
741789
741804
741845
741940
742101
742256
742261
742454
742473
742483
742498
742688
742696
742715
742724
742765
743043
743198
743293
743329
743611
743880
743916
743980
744073
744182
744266
745016
745039
745056
745186
745206
745339
745345
745382
745535
745574
745602
745623
745671
745726
745843
745857
745889
745921
745923
745971
746021
746058
746209
746254
746303
746439
746507
746625
746729
746732
746740
746808
746836
746860
746880
746983
747004
747111
747135
747432
747433
747499
747507
747523
747530
747652
747828
748003
748017
748171
748195
748347
748494
748528
748668
748828
748853
748884
748940
748986
749012
749063
749098
749110
749161
749166
749211
749225
749327
749361
749457
749603
749639
749760
750139
750275
750421
750422
750426
750510
750744
750801
751037
751062
751080
751228
751404
751446
751645
751740
751744
751910
752066
752140
752180
752634
752723
752884
752971
753159
753306
753308
753420
753421
753499
753555
753625
753697
753718
753759
753801
753938
753985
754041
754069
754165
754193
754519
754525
754683
754692
754702
754880
754914
755014
755203
755371
755553
755621
755691
755714
755877
755880
755994
756071
756239
756266
756305
756354
756424
756671
756993
757037
757076
757129
757275
757475
757494
757732
757736
757845
757852
757990
758071
758243
758352
758427
758456
758464
758489
758581
758792
758821
759061
759167
759174
759216
759313
759345
759387
759733
759801
759909
759914
760341
760395
760472
760588
760646
760786
760812
760979
761145
761152
761303
761538
761808
761933
762089
762110
762362
762399
762447
762500
762674
762727
762854
762902
762953
762964
763014
763076
763174
763489
763515
763671
763706
763988
764031
764230
764242
764257
764316
764333
764373
764463
764500
764576
764767
764775
764985
764988
765177
765188
765193
765710
765776
765798
765867
765938
766138
766179
766186
766343
766537
766568
766580
766623
767029
767045
767199
767601
767685
767775
767806
767811
767822
767862
767933
767941
767942
767970
767997
768154
768203
768241
768374
768734
768793
769080
769196
769264
769399
769437
769475
769497
769534
769688
769813
769836
769870
769892
769908
769961
770046
770054
770296
770345
770595
770683
770708
770773
770785
770823
771060
771146
771176
771389
771699
771723
772209
772231
772290
772346
772348
772362
772439
772463
772539
772624
772645
772707
772802
772952
773024
773045
773561
773599
773613
773665
773779
773949
773970
774055
774056
774108
774196
774325
774346
774388
774404
774410
774703
774709
774888
774931
775332
775334
775395
775445
775587
775596
775637
775691
775703
775817
775834
775922
775948
776025
776037
776102
776248
776310
776593
776597
776649
776698
776852
776872
777034
777300
777552
777711
777921
778036
778434
778447
778500
778504
778597
778712
778814
778870
778891
778997
779058
779192
779251
779468
779488
779573
779580
779606
779754
779762
779863
779932
780024
780109
780149
780196
780345
780541
780568
780582
780651
780810
780841
780872
781014
781019
781103
781220
781229
781472
781550
781584
781692
781807
781819
781938
781967
782176
782186
782264
782282
782389
782398
782487
782494
782641
782660
782710
782873
782944
782969
783169
783329
783338
783368
783395
783757
783894
784227
784258
784276
784363
784641
784663
784723
784767
784865
784926
784995
785131
785182
785400
785466
785480
785566
785787
785958
786054
786070
786281
786339
786369
786388
786563
786586
786600
786649
786666
786683
786777
786880
786889
786921
786922
787035
787086
787251
787372
787500
787510
787793
787862
787901
787932
787935
788202
788368
788631
788739
788807
788855
788863
788987
788990
789015
789017
789233
789432
789464
789502
789547
789608
789620
789661
789732
789801
789994
790027
790030
790089
790400
790406
790515
790548
790590
790887
790966
791055
791233
791459
791504
791628
791659
791780
791799
791945
792195
792236
792260
792267
792282
792331
792563
792681
792762
792816
792874
792974
793214
793236
793241
793249
793273
793310
793394
793396
793678
793770
793849
793855
793870
793915
793947
793954
794027
794078
794090
794301
794327
794441
794485
794487
794725
794739
794798
795002
795030
795031
795571
795615
795691
795824
795846
795915
795997
796144
796254
796265
796276
796440
796488
796492
796537
796579
796639
796797
796876
796907
797034
797042
797086
797207
797223
797296
797384
797475
797753
797907
797967
797973
798081
798130
798135
798138
798349
798616
798699
798737
798828
798840
798931
799074
799205
799206
799229
799328
799330
799455
799477
799777
799947
799961
800095
800142
800203
800260
800500
800565
800637
800655
800775
800804
800919
801044
801160
801312
801438
801470
801503
801542
801592
801786
801830
801838
801857
801910
801933
801983
801985
802060
802118
802135
802136
802154
802174
802209
802211
802307
802325
802348
802385
802409
802427
802589
802610
802732
802808
802859
802909
802949
803171
803219
803508
803587
803596
803626
803679
803695
803726
803802
803820
803842
803955
804028
804063
804138
804193
804305
804549
804566
804613
804639
804751
804865
804924
805079
805136
805199
805242
805509
805738
805906
806072
806087
806123
806369
806451
806453
806461
806514
806579
806666
807050
807583
807701
807793
807879
808126
808174
808177
808235
808423
808560
808571
808628
808979
809014
809145
809467
809559
809592
809651
809740
809772
809853
809880
809923
809945
810039
810183
810226
810322
810333
810344
810346
810369
810393
810459
810648
810766
810803
810807
810853
810861
810956
811140
811235
811328
811609
811784
811892
812116
812127
812469
812498
812675
812715
812749
812827
812845
813350
813460
813506
813532
813981
814043
814147
814196
814209
814262
814281
814717
814827
814844
814918
814961
814993
815090
815098
815142
815197
815264
815552
815987
816304
816415
816429
816634
816750
816817
816843
816905
816909
816947
816967
817044
817113
817141
817228
817524
817600
817652
817666
817861
817986
817993
818073
818244
818335
818377
818458
818585
818604
818665
818959
819151
819309
819339
819407
819422
819681
819790
819817
819926
820041
820213
820220
820267
820376
820576
820815
821147
821179
821209
821266
821346
821396
821417
821424
821495
821558
821685
821955
821958
822015
822021
822093
822194
822398
822427
822486
822558
822608
822634
822692
822851
822927
823136
823175
823254
823292
823374
823489
823697
823751
823755
823940
823968
823975
823987
824052
824064
824163
824319
824417
824567
824623
825052
825078
825096
825184
825299
825522
825557
825561
825784
825942
826001
826015
826071
826184
826202
826244
826331
826361
826409
826506
826616
826649
826693
826708
826713
826769
826777
826781
826980
827017
827191
827217
827261
827270
827297
827425
827509
827523
827705
827795
827929
828059
828173
828217
828219
828310
828325
828402
828713
828988
828991
829177
829195
829352
829416
829436
829460
829586
829662
829707
829770
829813
829942
829985
830192
830208
830212
830249
830266
830292
830387
830497
830702
831363
831415
831688
831775
831902
831904
831916
832040
832137
832148
832196
832204
832256
832259
832326
832327
832661
832731
832812
833023
833052
833102
833257
833462
833547
833585
833617
833741
833792
833895
833903
833927
833981
834060
834319
834456
834497
834511
834521
834638
834649
834682
834728
835025
835058
835145
835182
835244
835464
835525
835901
835985
836073
836398
836434
836471
836561
836567
836649
836826
836839
836947
837036
837096
837124
837170
837193
837229
837398
837412
837440
837469
837476
837594
837613
837671
837810
838026
838062
838076
838109
838334
838377
838397
838484
838538
838579
838635
838671
839030
839055
839194
839197
839257
839397
839414
839568
839605
839625
839652
839672
839704
839729
839766
839823
839928
839969
840115
840163
840218
840254
840271
840319
840440
840449
840472
840499
840578
840724
840837
841016
841069
841100
841115
841152
841181
841368
841510
841529
841548
841561
841937
841992
842055
842118
842139
842205
842233
842313
842461
842538
842628
842632
842712
843277
843329
843499
843574
843596
843734
843736
843743
843836
843861
844032
844136
844219
844245
844639
844813
844826
845063
845285
845319
845532
845533
845650
846152
846185
846226
846276
846363
846394
846395
846437
846491
846528
846652
846755
846768
846870
846956
846990
847140
847544
847568
847602
847635
847672
847747
847800
847806
847825
848086
848089
848096
848263
848351
848378
848468
848480
848489
848595
848625
848868
848984
849131
849216
849282
849369
849453
849459
849513
849585
850008
850048
850050
850271
850300
850374
850581
850584
850595
850656
850657
850707
850827
850880
850981
851025
851060
851064
851077
851078
851455
851472
851531
851644
851676
851710
851744
851754
851834
851893
852051
852106
852158
852165
852237
852499
852579
852600
852741
852808
852848
852945
852953
852959
853051
853061
853308
853405
853457
853479
853606
853662
853684
853705
853736
853747
853884
853925
854025
854043
854109
854173
854181
854189
854342
854387
854416
854481
854544
854556
854653
854659
854712
854789
854816
854915
855036
855079
855328
855597
855647
855654
856274
856488
856506
856550
856601
856667
856757
856778
856779
856801
856825
856834
856921
857113
857151
857223
857379
857669
857673
857702
857753
858047
858250
858362
858370
858425
858627
858909
858990
859142
859236
859406
859564
859602
859627
859821
859831
859863
859968
860068
860104
860205
860214
860274
860283
860395
860462
860639
860651
860720
860920
860940
860942
861336
861366
861412
861627
861810
861832
861921
862169
862316
862372
862392
862395
862493
862571
862585
862638
862639
862694
862702
862744
862808
862898
862908
862930
862964
863179
863405
863428
863575
863598
863665
863748
863926
863964
864085
864292
864397
864414
864520
864542
864546
864555
864728
864751
864770
864894
864987
865032
865118
865217
865284
865343
865412
865542
865559
865602
865650
865683
865774
865924
866008
866059
866095
866411
866726
866728
867095
867206
867236
867237
867549
867666
867688
867874
867937
867966
867972
868015
868282
868296
868315
868317
868325
868548
868630
868691
868724
868909
868990
869123
869275
869696
869848
869978
869996
870055
870075
870113
870131
870237
870380
870426
870737
870756
870758
870794
870865
871071
871096
871316
871372
871493
871754
871797
871826
871830
871960
871968
872472
872487
872549
872571
872717
872798
872855
872894
872930
873018
873130
873267
873420
873459
873544
873576
873589
874000
874101
874159
874309
874452
874472
874604
874629
874672
874731
874769
874820
874891
875014
875036
875066
875100
875365
875473
875514
875573
875790
875908
876241
876361
876439
876524
876536
876568
876580
876593
876743
876768
876984
877031
877044
877047
877073
877201
877203
877516
877626
877762
878344
878395
878676
878894
878896
879155
879277
879437
879562
879687
879805
879885
879915
879964
880038
880065
880331
880339
880340
880656
880657
880888
880950
881148
881149
881226
881252
881423
881437
881480
881786
882135
882273
882279
882320
882383
882444
882525
882558
882618
882641
882649
882685
882726
882806
882972
883009
883052
883132
883137
883300
883331
883387
883587
883601
883900
884000
884210
884416
884516
884520
884527
884548
884559
884574
884666
884711
884790
884806
884808
884952
884958
885004
885019
885177
885735
885792
885800
886040
886160
886193
886290
886439
886515
886687
886925
887160
887284
887372
887416
887575
887608
887641
887736
887786
887800
887946
887969
888244
888273
888411
888417
888422
888425
888574
888739
888755
888836
888854
888995
889024
889041
889079
889130
889352
889528
889665
889800
889803
889967
889971
890175
890202
890205
890219
890238
890239
890248
890256
890270
890328
890475
890485
890555
890586
890634
890766
890853
890976
891057
891297
891299
891319
891332
891433
891449
891540
891541
891742
891767
891825
891924
892055
892168
892214
892241
892257
892268
892270
892291
892350
892366
892399
892440
892734
892812
892835
893117
893174
893430
893459
893843
893977
894199
894261
894277
894406
894588
894613
894717
894729
894781
894902
894996
895099
895124
895319
895480
895582
895816
895834
895896
895942
895973
896064
896198
896299
896341
896474
896602
896604
896634
896715
896745
896839
896872
896912
896933
896944
897210
897269
897452
897515
897691
897829
897889
897899
897926
897949
897974
897993
897996
898080
898220
898288
898305
898405
898503
898526
898629
899190
899542
899562
899618
899692
899710
899734
900167
900688
900759
900802
900883
900946
901026
901237
901340
901362
901377
901379
901431
901685
901704
901724
901813
901845
901873
901938
901991
901993
902096
902132
902344
902525
902542
902561
902590
902633
902696
902707
902769
902784
902905
903274
903473
903516
903828
903833
903860
904000
904098
904406
904649
904669
904713
904737
904752
904879
905061
905116
905158
905242
905276
905287
905298
905330
905361
905509
905571
905603
905610
905613
905619
905781
905790
905817
905878
905897
905983
906038
906110
906287
906450
906510
906525
906642
906654
906813
906854
906892
906970
907040
907044
907048
907126
907184
907249
907431
907627
907714
907735
907913
908014
908033
908051
908123
908244
908531
908609
908617
908633
908679
908743
908788
908795
908815
908827
908875
908971
909080
909262
909290
909804
909855
909898
910007
910051
910062
910077
910115
910492
910524
910578
910596
910603
910698
910712
910826
910906
911011
911057
911087
911096
911208
911245
911277
911367
911369
911522
911570
911650
911677
911689
911766
911804
911875
911934
912133
912265
912316
912324
912402
912879
912900
912920
912937
913116
913215
913240
913327
913491
913535
913552
913595
913640
913668
913707
913715
913828
913855
913869
913943
914026
914123
914222
914288
914301
914385
914546
914620
914695
914830
914900
914961
914990
915164
915220
915236
915245
915349
915428
915494
915642
915686
915705
915767
916037
916051
916296
916401
916679
916695
916740
916787
916897
916998
917054
917061
917090
917160
917235
917259
917432
917550
917559
917605
917681
917735
917807
917942
918010
918071
918096
918205
918390
918407
918478
918600
918904
918972
919090
919255
919273
919503
919548
919918
919931
919993
920175
920300
920410
920443
920693
920694
920815
920883
921102
921123
921313
921570
921840
921922
921963
922048
922141
922155
922215
922277
922329
922392
922495
922507
922584
922757
923089
923132
923141
923220
923300
923335
923375
923418
923423
923431
923489
923560
923619
923713
923743
923755
923977
924026
924096
924113
924143
924168
924202
924228
924322
924376
924585
924861
924970
925146
925206
925304
925378
925463
925577
925590
925619
925817
926004
926052
926060
926104
926195
926234
926244
926323
926372
926486
926509
926633
926670
926925
926964
926990
927231
927283
927357
927480
927539
927607
927668
927699
927852
927859
928303
928657
928699
928790
928799
928850
928903
928983
929046
929096
929155
929169
929174
929211
929232
929268
929408
929472
929512
929653
929727
929814
929850
929877
930066
930129
930153
930184
930231
930250
930288
930358
930394
930525
930542
930694
930771
930785
931077
931264
931274
931326
931341
931406
931417
931469
931514
931595
931600
931619
931739
931774
931873
931969
932247
932277
932286
932357
932402
932459
932481
932718
932724
932783
932916
932934
933020
933038
933069
933265
933306
933338
933959
934055
934138
934188
934392
934417
934514
934559
934717
934744
934904
934939
935100
935112
935317
935431
935433
935470
935524
935612
935626
935638
935681
935692
935706
935755
935840
936029
936134
936199
936256
936297
936406
936587
936803
936845
936862
937157
937186
937379
937499
937562
937591
937654
937862
937884
937975
937984
938015
938068
938082
938121
938178
938676
938770
938771
938992
939054
939057
939117
939300
939647
939648
939728
939751
939767
939776
939806
939894
939931
939988
940147
940173
940191
940211
940573
940683
940727
940769
940940
941053
941149
941210
941401
941422
941443
941584
941889
942117
942249
942253
942504
942518
942581
942730
942748
942749
942841
943007
943028
943093
943131
943312
943558
943634
943695
943893
943894
944053
944149
944162
944511
944554
944600
944624
944657
944762
944774
944864
944885
945195
945203
945206
945350
945415
945418
945459
945748
945756
945763
945996
946043
946058
946120
946155
946159
946214
946297
946300
946312
946382
946454
946457
946596
946622
946737
946761
946814
946944
946979
947026
947051
947212
947245
947350
947440
947451
947491
947526
947575
947624
947630
947671
947706
947883
947908
947930
948018
948024
948096
948154
948228
948266
948574
948577
948603
948612
948690
948731
948835
948906
948941
949127
949176
949245
949363
949494
949517
949532
949540
949661
949760
949780
950159
950291
950397
950412
950478
950546
950689
950690
950708
950716
950718
950840
950945
950979
950983
951116
951235
951242
951314
951347
951391
951451
951470
951487
951585
951830
951940
952063
952104
952187
952392
952395
952471
952631
952874
952919
952929
952978
953071
953117
953129
953219
953231
953408
953713
953767
953816
953912
954143
954391
954500
954615
954656
954756
954778
954836
955054
955093
955479
955523
955795
955921
955960
956074
956199
956222
956253
956321
956337
956384
956595
956818
956876
956959
957170
957322
957326
957346
957376
957411
957491
957558
957564
957644
957686
957818
957867
957914
957983
958038
958181
958397
958464
958506
958583
958629
958643
958760
958927
958976
959070
959107
959215
959335
959408
959456
959709
959904
960073
960082
960104
960267
960400
960410
960422
960778
960797
960863
960980
960993
961033
961208
961313
961323
961464
961485
961517
961624
961814
961838
961861
961903
961948
962113
962150
962165
962179
962236
962300
962369
962407
962559
962932
962973
962979
963281
963675
963766
963787
963854
963947
963963
963998
964120
964127
964142
964174
964229
964274
964408
964411
964475
964636
964640
964756
964879
964958
965225
965338
965393
965397
965558
965565
965738
965739
966193
966202
966242
966325
966470
966563
966587
966753
966768
966800
966843
966988
967131
967296
967302
967622
967673
967738
967788
968075
968120
968157
968204
968293
968393
968449
968628
968633
968801
968954
968966
969077
969183
969192
969244
969257
969290
969453
969459
969589
969696
969719
969859
969874
969898
970097
970135
970281
970289
970368
970442
970631
970722
970773
970834
970974
971029
971084
971180
971350
971659
971753
971896
971950
972068
972159
972185
972205
972228
972436
972699
972744
972821
972908
973013
973044
973068
973078
973142
973287
973348
973444
973509
973656
973785
973809
973866
973902
973908
973963
973967
974013
974079
974109
974115
974220
974376
974507
974669
974672
974673
974969
974971
975059
975164
975520
975539
975592
975667
975718
975719
975739
975960
976000
976265
976329
976344
976410
976438
976672
976814
977039
977059
977099
977170
977322
977342
977416
977427
977473
977510
977560
977646
977754
977756
977757
977864
978027
978060
978136
978182
978184
978261
978370
978558
978723
978770
978778
978923
979022
979045
979092
979178
979185
979226
979260
979287
979300
979426
979450
979560
979693
979765
979967
979980
980257
980431
980444
980552
980553
980597
980658
980720
980752
980785
980971
981121
981448
981540
981684
981749
982103
982118
982138
982372
982505
982543
982620
982622
982658
982709
982788
983029
983042
983432
983632
983718
983756
983836
983920
983970
983998
984105
984195
984196
984500
984532
984691
984827
984830
984950
985049
985330
985488
985594
985618
985662
985665
985679
985757
986027
986128
986150
986200
986224
986307
986568
986669
986740
986900
987142
987224
987569
987652
987769
987897
987904
988115
988230
988274
988578
988791
988800
989008
989056
989062
989257
989371
989376
989427
989596
989855
989880
989884
989970
990328
990393
990417
990418
990727
990796
990920
990957
991015
991041
991154
991160
991162
991397
991627
991632
991634
991649
991682
991700
991755
991794
991960
992032
992066
992254
992278
992310
992336
992491
992508
992578
992607
992638
992682
992697
992771
992790
992859
993139
993148
993184
993517
993570
993681
993701
993740
993814
994043
994050
994338
994382
994385
994432
994511
994523
994533
994554
994648
994810
994812
994829
994976
994997
995026
995036
995081
995184
995287
995356
995429
995527
995558
995570
995612
995638
995777
995867
996198
996209
996210
996217
996437
996533
996606
996647
996735
996851
996902
997092
997172
997234
997295
997503
997673
997700
997717
997840
997865
997964
997992
998100
998198
998228
998244
998269
998386
998414
998631
998643
998742
998777
998813
998857
998952
998961
999065
999068
999158
999219
999221
999578
999666
999845
999855
999879
999949
1000114
1000120
1000194
1000334
1000629
1000723
1000800
1000913
1001113
1001169
1001363
1001642
1001664
1001725
1001730
1001828
1001829
1001981
1001985
1002009
1002047
1002060
1002104
1002129
1002159
1002166
1002297
1002314
1002528
1002542
1002871
1002940
1002945
1003003
1003040
1003223
1003345
1003403
1003446
1003495
1003524
1003682
1003683
1003759
1003982
1003992
1004023
1004033
1004092
1004166
1004437
1004440
1004519
1004544
1004618
1004651
1004701
1004805
1004864
1004877
1004930
1004984
1005265
1005533
1005590
1005645
1005709
1005712
1005715
1005802
1005893
1005903
1005945
1005983
1006086
1006219
1006475
1006493
1006496
1006586
1006587
1006887
1006900
1006928
1007140
1007232
1007311
1007330
1007366
1007415
1007431
1007674
1007753
1007787
1007894
1007905
1007913
1007970
1007989
1007993
1008074
1008149
1008337
1008381
1008521
1008620
1008836
1008865
1008984
1008991
1009033
1009050
1009076
1009113
1009173
1009245
1009319
1009343
1009599
1009634
1009700
1010092
1010112
1010181
1010243
1010260
1010362
1010428
1010480
1010619
1010837
1010909
1010930
1010966
1011058
1011071
1011095
1011345
1011590
1011609
1011628
1011693
1011705
1011806
1011980
1012037
1012081
1012221
1012231
1012240
1012368
1012731
1012860
1013101
1013133
1013336
1013412
1013490
1013634
1013636
1013670
1013737
1013787
1013929
1014062
1014201
1014212
1014478
1014560
1014579
1014588
1014663
1014675
1015019
1015113
1015120
1015281
1015472
1015539
1015551
1015679
1015730
1015814
1015957
1016196
1016212
1016217
1016256
1016258
1016274
1016356
1016414
1016797
1016848
1016966
1017348
1017368
1017488
1017657
1017714
1017745
1017781
1017782
1017790
1017823
1018017
1018644
1018751
1018778
1018780
1018855
1018865
1019007
1019029
1019042
1019070
1019199
1019248
1019258
1019374
1019400
1019421
1019606
1019609
1019662
1019769
1019942
1020087
1020159
1020212
1020230
1020489
1020523
1020631
1020723
1020804
1020854
1021002
1021013
1021103
1021147
1021317
1021333
1021536
1021562
1021632
1021642
1021715
1021727
1021735
1021758
1021773
1021925
1022018
1022044
1022148
1022229
1022344
1022569
1022599
1022609
1022745
1022853
1023247
1023266
1023359
1023390
1023515
1023556
1023587
1023646
1023652
1023687
1023716
1023747
1023913
1023924
1023991
1024072
1024079
1024158
1024245
1024271
1024310
1024439
1024444
1024510
1024689
1024697
1024743
1024921
1025015
1025028
1025081
1025098
1025115
1025122
1025215
1025277
1025364
1025428
1025483
1025524
1025543
1025558
1025635
1025669
1025697
1025917
1025994
1026129
1026182
1026371
1026423
1026521
1026644
1026669
1026704
1026816
1027022
1027091
1027143
1027161
1027182
1027193
1027383
1027771
1027940
1028082
1028132
1028135
1028197
1028225
1028311
1028345
1028470
1028598
1028632
1028866
1028941
1029008
1029050
1029061
1029163
1029231
1029239
1029243
1029346
1029368
1029622
1029672
1029737
1029860
1029975
1029993
1030081
1030262
1030301
1030768
1030779
1030796
1030818
1030968
1031022
1031185
1031490
1031698
1031768
1031778
1031796
1031888
1031954
1032115
1032150
1032440
1032570
1032600
1032605
1032835
1032904
1033025
1033227
1033257
1033386
1033493
1033498
1033503
1033514
1033516
1033602
1033622
1033638
1033676
1033688
1033708
1033743
1033812
1033860
1033900
1034044
1034090
1034153
1034234
1034285
1034383
1034391
1034405
1034410
1034413
1034417
1034461
1034463
1034481
1034561
1034566
1034631
1034695
1034773
1035058
1035113
1035261
1035300
1035515
1035526
1035612
1035690
1035842
1036060
1036228
1036385
1036389
1036415
1036429
1036436
1036572
1036575
1036582
1036592
1036597
1036609
1036698
1036824
1036847
1036869
1036910
1036943
1037017
1037145
1037190
1037284
1037349
1037383
1037401
1037577
1037660
1037842
1037979
1038179
1038240
1038251
1038332
1038433
1038582
1038769
1038840
1038917
1038940
1038972
1039063
1039321
1039382
1039524
1039555
1039556
1039628
1039778
1039885
1039922
1039932
1040159
1040222
1040244
1040264
1040314
1040354
1040435
1040590
1040623
1040654
1040769
1040946
1041162
1041225
1041312
1041385
1041490
1041569
1041786
1041873
1041951
1042217
1042221
1042423
1042438
1042470
1042600
1042690
1042832
1042852
1042949
1042953
1043000
1043094
1043097
1043178
1043336
1043469
1043604
1043781
1043839
1043848
1044006
1044030
1044224
1044252
1044550
1044564
1044572
1044592
1044774
1045001
1045056
1045099
1045108
1045278
1045384
1045433
1045454
1045576
1045618
1045746
1045880
1045909
1046203
1046292
1046345
1046355
1046482
1046534
1046561
1046569
1046712
1046818
1046852
1046961
1047172
1047248
1047253
1047287
1047358
1047480
1047524
1047547
1047624
1047675
1047928
1048007
1048311
1048630
1048699
1048703
1048793
1048948
1049101
1049140
1049186
1049513
1049592
1049636
1049652
1049901
1049954
1050063
1050381
1050384
1050396
1050556
1050636
1050670
1050753
1050905
1050949
1050979
1051057
1051126
1051248
1051319
1051346
1051416
1051509
1051834
1051878
1051886
1051906
1052073
1052129
1052141
1052261
1052300
1052412
1052760
1052775
1052881
1053046
1053130
1053347
1053397
1053405
1053566
1053615
1053658
1053771
1053803
1053837
1053895
1053920
1054244
1054268
1054335
1054400
1054728
1055023
1055029
1055201
1055243
1055334
1055368
1055726
1055763
1055927
1055984
1056132
1056203
1056377
1056380
1056608
1056879
1057014
1057073
1057085
1057103
1057515
1057791
1057890
1057895
1058018
1058265
1058303
1058378
1058505
1058538
1058599
1058629
1058702
1058758
1058782
1058896
1058932
1058936
1058945
1059009
1059048
1059098
1059237
1059240
1059249
1059250
1059259
1059272
1059316
1059487
1059680
1059788
1059802
1059872
1059986
1060020
1060040
1060049
1060283
1060374
1060432
1060444
1060449
1060736
1061104
1061114
1061229
1061286
1061306
1061458
1061743
1061793
1061804
1061853
1061869
1061897
1062100
1062184
1062276
1062370
1062425
1062550
1062872
1063022
1063085
1063379
1063384
1063470
1063482
1063566
1063643
1063782
1063794
1064030
1064076
1064173
1064232
1064245
1064311
1064462
1064468
1064498
1064559
1064579
1064596
1064785
1064807
1065046
1065089
1065135
1065138
1065202
1065222
1065233
1065234
1065332
1065483
1065566
1065636
1065727
1065844
1065935
1066177
1066307
1066367
1066386
1066455
1066542
1066615
1066692
1066737
1066772
1066791
1066883
1066999
1067137
1067182
1067186
1067309
1067327
1067384
1067486
1067509
1067542
1067548
1067660
1067740
1067762
1067782
1067828
1067843
1067910
1067926
1067997
1068030
1068038
1068070
1068117
1068164
1068179
1068245
1068443
1068786
1068894
1069033
1069227
1069312
1069466
1069643
1069734
1070006
1070166
1070179
1070191
1070241
1070277
1070308
1070335
1070342
1070424
1070472
1070894
1070898
1071049
1071099
1071210
1071215
1071304
1071366
1071389
1071391
1071402
1071495
1071643
1071648
1071695
1071749
1071773
1071800
1071801
1071907
1072055
1072150
1072417
1072436
1072497
1072542
1072640
1072727
1072802
1072858
1072874
1072997
1073044
1073088
1073183
1073243
1073244
1073279
1073454
1073603
1073615
1073631
1073680
1073689
1073730
1073752
1073777
1073833
1073957
1074075
1074144
1074146
1074149
1074171
1074247
1074355
1074389
1074413
1074461
1074531
1074538
1074688
1074759
1074879
1074894
1075005
1075104
1075193
1075251
1075313
1075336
1075364
1075442
1075679
1075761
1075949
1076101
1076176
1076348
1076420
1076461
1076497
1076524
1076715
1076760
1076854
1076900
1077022
1077060
1077153
1077384
1077446
1077518
1077607
1077660
1077747
1077755
1077840
1077942
1077965
1077983
1078049
1078122
1078151
1078214
1078324
1078524
1078635
1078649
1078737
1078785
1078843
1079073
1079098
1079175
1079421
1079550
1079572
1079594
1079790
1079876
1080117
1080150
1080268
1080346
1080493
1080565
1080635
1080789
1080863
1080882
1081065
1081166
1081465
1081487
1081510
1081536
1081551
1081593
1081629
1081661
1081760
1081766
1081799
1081853
1081974
1082003
1082140
1082237
1082541
1082547
1082663
1082718
1082732
1082783
1082794
1082962
1083059
1083065
1083349
1083414
1083629
1083653
1083685
1083754
1083886
1083892
1084015
1084058
1084393
1084512
1084598
1084618
1084624
1084654
1084788
1084809
1084831
1084865
1084973
1085093
1085421
1085531
1085574
1085600
1085707
1085737
1085790
1085842
1085987
1086190
1086214
1086244
1086318
1086407
1086713
1086872
1086938
1087014
1087243
1087298
1087301
1087427
1087488
1087497
1087505
1087521
1087709
1087854
1087884
1087933
1087936
1087959
1088183
1088185
1088219
1088233
1088301
1088366
1088596
1088934
1089023
1089055
1089183
1089190
1089284
1089609
1089639
1089667
1089811
1089863
1089890
1089922
1089923
1089934
1089981
1090023
1090043
1090155
1090159
1090160
1090256
1090267
1090410
1090729
1090778
1091014
1091060
1091142
1091205
1091234
1091394
1091469
1091526
1091528
1091642
1091651
1091738
1091772
1091773
1091794
1091809
1091811
1091949
1092109
1092282
1092336
1092337
1092442
1092513
1092607
1092728
1092831
1093126
1093164
1093361
1093667
1093716
1093744
1093787
1093891
1093929
1094065
1094113
1094131
1094174
1094230
1094364
1094427
1094545
1094580
1094794
1094819
1094823
1094874
1094937
1094979
1094982
1095061
1095109
1095233
1095237
1095285
1095393
1095568
1095741
1095757
1095781
1095895
1095917
1095945
1096068
1096089
1096198
1096211
1096307
1096419
1096435
1096492
1096599
1096614
1096626
1096758
1096848
1096992
1097107
1097149
1097318
1097328
1097404
1097479
1097691
1097718
1097719
1097805
1097813
1098016
1098082
1098109
1098168
1098250
1098261
1098342
1098348
1098408
1098445
1098547
1098628
1098758
1098821
1099112
1099275
1099276
1099299
1099454
1099469
1099637
1099717
1099809
1099833
1099837
1099842
1099849
1099892
1100162
1100220
1100315
1100412
1100483
1100506
1100595
1100695
1100917
1101011
1101075
1101361
1101539
1101573
1101579
1101604
1101708
1101709
1101813
1101997
1102093
1102286
1102439
1102496
1102561
1102600
1102619
1102667
1102750
1102816
1102903
1103110
1103124
1103180
1103196
1103261
1103292
1103317
1103443
1103498
1103671
1103727
1103808
1103832
1103883
1104159
1104283
1104299
1104412
1104593
1104939
1105101
1105169
1105299
1105315
1105469
1105507
1105535
1105572
1105855
1105888
1106138
1106154
1106250
1106304
1106334
1106377
1106391
1106430
1106470
1106498
1106500
1106600
1106607
1106826
1106867
1106875
1107027
1107095
1107252
1107427
1107587
1107621
1107796
1107955
1108030
1108061
1108210
1108228
1108265
1108560
1108856
1108869
1108881
1108919
1108923
1108996
1109046
1109106
1109187
1109226
1109301
1109542
1109730
1109943
1109962
1110178
1110692
1110791
1110854
1110902
1110964
1111253
1111430
1111584
1111661
1111732
1112130
1112193
1112204
1112254
1112298
1112357
1112374
1112593
1112628
1112658
1112774
1112790
1112889
1112905
1113025
1113166
1113351
1113444
1113449
1113601
1113614
1113991
1114049
1114065
1114175
1114185
1114195
1114208
1114221
1114303
1114393
1114484
1114709
1114767
1114833
1114908
1115011
1115049
1115192
1115660
1115663
1115751
1115825
1116114
1116132
1116192
1116222
1116471
1116491
1116584
1116640
1116980
1117026
1117050
1117078
1117141
1117145
1117151
1117238
1117349
1117351
1117427
1117478
1117636
1117680
1117781
1117858
1118041
1118083
1118166
1118217
1118222
1118236
1118260
1118465
1118471
1118556
1118615
1118707
1118869
1118920
1119187
1119467
1119528
1119614
1119737
1119768
1119889
1120026
1120121
1120123
1120295
1120419
1120445
1120576
1120707
1120762
1120783
1120803
1120990
1121332
1121354
1121415
1121465
1121541
1121616
1121635
1121766
1121774
1122019
1122194
1122237
1122254
1122315
1122413
1122459
1122508
1122550
1122577
1122811
1122944
1123019
1123101
1123109
1123124
1123233
1123269
1123313
1123374
1123560
1123598
1123687
1123731
1123878
1123970
1124020
1124149
1124493
1124524
1124536
1124631
1124815
1125100
1125177
1125530
1125595
1125627
1125651
1125693
1125862
1125991
1125999
1126000
1126027
1126107
1126262
1126337
1126348
1126537
1126604
1126684
1126813
1126900
1127035
1127037
1127107
1127182
1127235
1127245
1127669
1127895
1128005
1128075
1128091
1128118
1128265
1128303
1128361
1128896
1129045
1129103
1129133
1129188
1129279
1129536
1129538
1129625
1129694
1129793
1129865
1130049
1130159
1130224
1130250
1130352
1130541
1130663
1130790
1130875
1130978
1131080
1131180
1131373
1131452
1131617
1131665
1131719
1131839
1132243
1132440
1132613
1132783
1132983
1133571
1133671
1133702
1133746
1133770
1134133
1134188
1134225
1134368
1134408
1134437
1134584
1134856
1134877
1134975
1134986
1135109
1135139
1135172
1135210
1135284
1135345
1135356
1135388
1135425
1135476
1135501
1135607
1135971
1136010
1136021
1136048
1136087
1136108
1136186
1136332
1136480
1136562
1136577
1136637
1136762
1136810
1136873
1136956
1137227
1137269
1137298
1137305
1137487
1137533
1138095
1138136
1138199
1138243
1138283
1138340
1138401
1138425
1138429
1138551
1138683
1138806
1138910
1138914
1138942
1139053
1139093
1139218
1139377
1139389
1139462
1139499
1139563
1139634
1139680
1139694
1139719
1139733
1139763
1139871
1140041
1140198
1140229
1140317
1140331
1140360
1140390
1140601
1140608
1140844
1140862
1140925
1141008
1141196
1141296
1141305
1141348
1141484
1141748
1141857
1141894
1142198
1142284
1142589
1142662
1142664
1142718
1142769
1142915
1142923
1142933
1142988
1143048
1143055
1143173
1143195
1143467
1143571
1143586
1143691
1143754
1143782
1143799
1143817
1143827
1143893
1144061
1144095
1144122
1144196
1144462
1144545
1144599
1144649
1144792
1144834
1145011
1145073
1145107
1145187
1145193
1145341
1145524
1145936
1146011
1146040
1146062
1146148
1146284
1146285
1146433
1146521
1146534
1146644
1146690
1146694
1146762
1146884
1147046
1147163
1147195
1147226
1147384
1147387
1147436
1147525
1147619
1147857
1147888
1147902
1147955
1147992
1148152
1148195
1148208
1148316
1148359
1148420
1148530
1148611
1148879
1148897
1149352
1149381
1149459
1149468
1149500
1149518
1149560
1149684
1149895
1150010
1150078
1150103
1150189
1150302
1150312
1150346
1150611
1150645
1150659
1150751
1150811
1150860
1151006
1151102
1151236
1151291
1151318
1151587
1151630
1151859
1151935
1151941
1151966
1151981
1152026
1152067
1152184
1152239
1152264
1152268
1152273
1152398
1152408
1152563
1152610
1152675
1152815
1152852
1152934
1152946
1152990
1153227
1153351
1153417
1153584
1153762
1153806
1153809
1154154
1154239
1154285
1154317
1154393
1154453
1154488
1154650
1154742
1154846
1155168
1155180
1155200
1155306
1155307
1155484
1155497
1155554
1155618
1155712
1155819
1155828
1156025
1156042
1156118
1156592
1156660
1156710
1156714
1156754
1156778
1156902
1157162
1157269
1157290
1157293
1157331
1157344
1157349
1157451
1157587
1157678
1157862
1157946
1158106
1158140
1158155
1158702
1158704
1158835
1158906
1158985
1159119
1159121
1159270
1159302
1159333
1159644
1159740
1159772
1159904
1159975
1159983
1160223
1160399
1160443
1160615
1160704
1160711
1160966
1160996
1161274
1161421
1161426
1161537
1161584
1161612
1161613
1161639
1161646
1161653
1161733
1161741
1161828
1161832
1161877
1161935
1162014
1162059
1162425
1162713
1162793
1162841
1162877
1162905
1162912
1162924
1162934
1163147
1163160
1163193
1163407
1163493
1163657
1163674
1163822
1163910
1164017
1164127
1164152
1164214
1164342
1164361
1164463
1164671
1164728
1164784
1164973
1165026
1165057
1165076
1165095
1165098
1165285
1165329
1165491
1165527
1165743
1165969
1166151
1166328
1166413
1166807
1166833
1166855
1166966
1167220
1167272
1167285
1167502
1167670
1167758
1167868
1168258
1168362
1168575
1168656
1168663
1169021
1169375
1169390
1169403
1169449
1169474
1169532
1169597
1169767
1169921
1169970
1170000
1170073
1170222
1170401
1170536
1170880
1170945
1171002
1171064
1171163
1171406
1171671
1171769
1171832
1171965
1171978
1172095
1172145
1172168
1172195
1172251
1172253
1172335
1172336
1172367
1172426
1172495
1172534
1172538
1172753
1172850
1172961
1173067
1173134
1173330
1173343
1173366
1173378
1173425
1173517
1173530
1173675
1173730
1173750
1173802
1173828
1174085
1174167
1174189
1174341
1174471
1174512
1174580
1174589
1174623
1174742
1174766
1174811
1174816
1174829
1174830
1174881
1174890
1175218
1175327
1175481
1175631
1176001
1176059
1176065
1176140
1176146
1176221
1176291
1176309
1176440
1176545
1176749
1177043
1177126
1177350
1177400
1177479
1177561
1177597
1177717
1177908
1177945
1177951
1178042
1178211
1178483
1178543
1178545
1178556
1178671
1178689
1178795
1178908
1179270
1179609
1179619
1179722
1179780
1179785
1179875
1179888
1180197
1180251
1180408
1180492
1180496
1180514
1180547
1180601
1180728
1180969
1181317
1181340
1181449
1181451
1181653
1181956
1181983
1182197
1182267
1182323
1182366
1182394
1182464
1182467
1182574
1182760
1182783
1182893
1182999
1183019
1183163
1183348
1183431
1183737
1183939
1184066
1184122
1184496
1184553
1184630
1184637
1184774
1184820
1184852
1185186
1185339
1185340
1185459
1185503
1185606
1185766
1185767
1185803
1185887
1185942
1186449
1186568
1186602
1186640
1186737
1186916
1187087
1187091
1187138
1187145
1187173
1187243
1187365
1187515
1187783
1187880
1188145
1188207
1188241
1188257
1188302
1188306
1188357
1188361
1188378
1188417
1188420
1188448
1188583
1188718
1188971
1189066
1189067
1189201
1189715
1189734
1189790
1189862
1190218
1190275
1190398
1190550
1190622
1190632
1190818
1190853
1190875
1190948
1191091
1191126
1191132
1191217
1191548
1191591
1191703
1191752
1191785
1191786
1191876
1192279
1192440
1192500
1192513
1192575
1192576
1192659
1192674
1192707
1192708
1192795
1192825
1193057
1193346
1193440
1193516
1193525
1193579
1193785
1193867
1193957
1194016
1194119
1194253
1194273
1194632
1194646
1194691
1194772
1194775
1194780
1194801
1194985
1194987
1195012
1195294
1195530
1195902
1196063
1196083
1196185
1196357
1196407
1196450
1196695
1196711
1196772
1196787
1196921
1196940
1197110
1197329
1197370
1197435
1197529
1197578
1197703
1197745
1197868
1197956
1198082
1198578
1198654
1198735
1198930
1198972
1199390
1199392
1199486
1199568
1199624
1199666
1199740
1199876
1199932
1200022
1200067
1200246
1200367
1200466
1200474
1200788
1200921
1201168
1201402
1201671
1201713
1201791
1201816
1202194
1202317
1202365
1202369
1202452
1202514
1202620
1202677
1202770
1202803
1202812
1202837
1202940
1203006
1203023
1203046
1203237
1203422
1203668
1203694
1203777
1203840
1203847
1203868
1204048
1204054
1204119
1204246
1204362
1204641
1204817
1204929
1205002
1205022
1205044
1205272
1205339
1205425
1205599
1205687
1205704
1205891
1206060
1206097
1206112
1206192
1206488
1206888
1206894
1206923
1207017
1207074
1207324
1207338
1207462
1207492
1207496
1207531
1207577
1207581
1207636
1207663
1207725
1207745
1207837
1207860
1207886
1207904
1207938
1207942
1207984
1208074
1208135
1208308
1208437
1208461
1208539
1208555
1208692
1208763
1208796
1208834
1208852
1208950
1209016
1209086
1209223
1209224
1209250
1209264
1209470
1209721
1209741
1209792
1209829
1209851
1209884
1209908
1209974
1210068
1210195
1210217
1210261
1210360
1210529
1210899
1211092
1211220
1211244
1211307
1211331
1211361
1211537
1211627
1211661
1211829
1212127
1212130
1212167
1212227
1212230
1212460
1212490
1212551
1212768
1212795
1212802
1212879
1212900
1212909
1212952
1212975
1213310
1213321
1213751
1213818
1213830
1214066
1214272
1214378
1214494
1214503
1214574
1214676
1214681
1214737
1214796
1214897
1215057
1215066
1215077
1215191
1215693
1215802
1215821
1216003
1216083
1216151
1216206
1216250
1216258
1216278
1216327
1216393
1216660
1216702
1216707
1216725
1216788
1216902
1217065
1217139
1217365
1217447
1217548
1217638
1217648
1218024
1218054
1218123
1218156
1218243
1218310
1218494
1218696
1218753
1218757
1218792
1218887
1218898
1219001
1219027
1219158
1219248
1219343
1219392
1219414
1219492
1219643
1219786
1219807
1219835
1219901
1220036
1220037
1220127
1220145
1220191
1220223
1220310
1220342
1220665
1220751
1220773
1220820
1220909
1220932
1220976
1221065
1221100
1221139
1221228
1221375
1221390
1221487
1221562
1221630
1221663
1221803
1221862
1221898
1222023
1222086
1222131
1222292
1222386
1222433
1222525
1222681
1222765
1222837
1223005
1223056
1223147
1223214
1223288
1223372
1223453
1223486
1223604
1223605
1223623
1223691
1223951
1224005
1224046
1224067
1224121
1224278
1224364
1224382
1224405
1224437
1224598
1224672
1224753
1224919
1224944
1225145
1225175
1225212
1225257
1225353
1225467
1225577
1225630
1225678
1225840
1225851
1225906
1225933
1225956
1225982
1225988
1226031
1226098
1226126
1226241
1226353
1226420
1226679
1226762
1226873
1226918
1227005
1227015
1227045
1227133
1227284
1227297
1227346
1227430
1227549
1227738
1227742
1227748
1227779
1227817
1227909
1227931
1227962
1227987
1228044
1228061
1228077
1228236
1228237
1228259
1228488
1228590
1228746
1228793
1228830
1228861
1228903
1228911
1229045
1229049
1229150
1229409
1229521
1229771
1229803
1229856
1230456
1230521
1230550
1230562
1230707
1230774
1230872
1230901
1231052
1231072
1231121
1231322
1231404
1231424
1231571
1231665
1231757
1231854
1231877
1232068
1232097
1232244
1232247
1232469
1232612
1233025
1233239
1233405
1233425
1233747
1233773
1233789
1233809
1233899
1233999
1234069
1234106
1234177
1234187
1234217
1234249
1234250
1234277
1234333
1234975
1234981
1235071
1235114
1235135
1235194
1235553
1235646
1235668
1235754
1236240
1236390
1236487
1236668
1236746
1237025
1237247
1237311
1237322
1237426
1237458
1237614
1237749
1237767
1237779
1237825
1237895
1237923
1238018
1238066
1238141
1238210
1238255
1238265
1238328
1238621
1238650
1238789
1238893
1238900
1238910
1239058
1239061
1239237
1239268
1239294
1239401
1239431
1239515
1239595
1239631
1239641
1239960
1239970
1240058
1240079
1240198
1240207
1240351
1240383
1240452
1240487
1240552
1240693
1240722
1240755
1240989
1241032
1241101
1241131
1241169
1241270
1241726
1241762
1241764
1241826
1241855
1241860
1241886
1242179
1242373
1242383
1242436
1242459
1242625
1242665
1243148
1243287
1243379
1243746
1243785
1243798
1243920
1243926
1243946
1243986
1243998
1244065
1244113
1244171
1244238
1244303
1244395
1244505
1244643
1244796
1244808
1244852
1244998
1245134
1245188
1245241
1245267
1245352
1245481
1245510
1245606
1245731
1245751
1245787
1245811
1245832
1245857
1245886
1245925
1245939
1245992
1246269
1246571
1246585
1246714
1246740
1246907
1247113
1247131
1247218
1247283
1247366
1247524
1247992
1248264
1248379
1248557
1248596
1248738
1248784
1248788
1248823
1248852
1248874
1248910
1248976
1249027
1249080
1249092
1249124
1249240
1249276
1249455
1249517
1249613
1249776
1249814
1249820
1249860
1249989
1250077
1250131
1250168
1250276
1250301
1250315
1250325
1250398
1250566
1250735
1250762
1250826
1250920
1251074
1251078
1251199
1251256
1251300
1251301
1251332
1251464
1251498
1251596
1251603
1251700
1251717
1251977
1252302
1252343
1252918
1252964
1253162
1253275
1253406
1253447
1253505
1253818
1254027
1254123
1254160
1254176
1254264
1254287
1254353
1254553
1254690
1254786
1254992
1255150
1255202
1255270
1255461
1255624
1255701
1255744
1255870
1255948
1256238
1256267
1256296
1256402
1256453
1256475
1256680
1257060
1257062
1257113
1257166
1257271
1257313
1257413
1257458
1257564
1257600
1257705
1257716
1257743
1257766
1257976
1258118
1258142
1258266
1258569
1258606
1258696
1258884
1258933
1259048
1259125
1259159
1259229
1259291
1259351
1259570
1259593
1259617
1259619
1259675
1259785
1259988
1260161
1260260
1260277
1260331
1260432
1260520
1260528
1260530
1260684
1260722
1260873
1260962
1260976
1261147
1261161
1261257
1261434
1261585
1261693
1261697
1261766
1261774
1261795
1261839
1261905
1261972
1262058
1262094
1262161
1262214
1262239
1262422
1262582
1262611
1262647
1262748
1262783
1262839
1262867
1262878
1262938
1262979
1262996
1263119
1263490
1263592
1263601
1263615
1263764
1263831
1264022
1264453
1264652
1264746
1264798
1264843
1264861
1264908
1264938
1265076
1265104
1265304
1265337
1265383
1266205
1266463
1266497
1266561
1266562
1266570
1266610
1266671
1266705
1266880
1266897
1266912
1267033
1267082
1267151
1267265
1267432
1267555
1267616
1267630
1267670
1267757
1267774
1267794
1267981
1268086
1268176
1268182
1268251
1268300
1268320
1268362
1268391
1268417
1268610
1268698
1268785
1268818
1268944
1269017
1269027
1269038
1269213
1269262
1269288
1269314
1269376
1269510
1269799
1269826
1269963
1269991
1270053
1270163
1270177
1270197
1270328
1270337
1270372
1270427
1270616
1270764
1270804
1271086
1271132
1271475
1271486
1271644
1271983
1272010
1272050
1272132
1272145
1272278
1272385
1272423
1272553
1272580
1272708
1272760
1272974
1272976
1273075
1273114
1273122
1273356
1273466
1273557
1273689
1274004
1274131
1274186
1274223
1274331
1274421
1274496
1274626
1274694
1274772
1274842
1274887
1274998
1275254
1275272
1275291
1275346
1275502
1275622
1275661
1275730
1275755
1275786
1275843
1275863
1276009
1276079
1276222
1276316
1276446
1276468
1276519
1276520
1276540
1276562
1276686
1276688
1276734
1276840
1276974
1277013
1277313
1277481
1277513
1277552
1277654
1277656
1277802
1277849
1278092
1278107
1278496
1278541
1278564
1278769
1278778
1278958
1278970
1278981
1279046
1279251
1279562
1279773
1279821
1279909
1279930
1279931
1279950
1279962
1279995
1280229
1280290
1280361
1280399
1280501
1280595
1280704
1280715
1280919
1280940
1281726
1281880
1282065
1282253
1282264
1282271
1282332
1282360
1282394
1282396
1282475
1282658
1282706
1282774
1282865
1282889
1282977
1283008
1283049
1283144
1283218
1283556
1283631
1283784
1283815
1283875
1283985
1284162
1284386
1284627
1284645
1284907
1285045
1285213
1285427
1285550
1285638
1285802
1285851
1285984
1285998
1286049
1286117
1286139
1286160
1286282
1286328
1286361
1286363
1286377
1286485
1286522
1286617
1286768
1286772
1286816
1286918
1286977
1287117
1287122
1287126
1287219
1287231
1287379
1287421
1287432
1287641
1287654
1287720
1287775
1287817
1287999
1288194
1288215
1288350
1288352
1288545
1288547
1288588
1288633
1288634
1288637
1288668
1288872
1288948
1289068
1289324
1289480
1289597
1289652
1289848
1289865
1289960
1289968
1290112
1290146
1290190
1290207
1290238
1290339
1290386
1290434
1290563
1290618
1290801
1290837
1291056
1291098
1291212
1291248
1291329
1291412
1291438
1291501
1291555
1291563
1291644
1291752
1291807
1291823
1291832
1292130
1292139
1292222
1292461
1292470
1292515
1292739
1292742
1292830
1292965
1292981
1293004
1293130
1293165
1293407
1293410
1293545
1293814
1293869
1293928
1293997
1294035
1294082
1294133
1294151
1294202
1294216
1294235
1294240
1294410
1294673
1294709
1294745
1294748
1294757
1294815
1294974
1295003
1295038
1295456
1295526
1295528
1295630
1295702
1296162
1296262
1296298
1296334
1296369
1296415
1296513
1296560
1296709
1296747
1296774
1296964
1297044
1297261
1297266
1297313
1297394
1297424
1297450
1297492
1297505
1297536
1297607
1297705
1297707
1297713
1297816
1297900
1297945
1297993
1298037
1298195
1298345
1298466
1298533
1298536
1298606
1298607
1298864
1299491
1299532
1299581
1299584
1299648
1299706
1299836
1299875
1299898
1300075
1300079
1300128
1300132
1300208
1300261
1300262
1300471
1300497
1300690
1300691
1300698
1300792
1300813
1300893
1301040
1301167
1301193
1301266
1301316
1301360
1301424
1301667
1301685
1301716
1301836
1301870
1301985
1302005
1302062
1302259
1302281
1302342
1302359
1302426
1302541
1302591
1302702
1302799
1302801
1302897
1303044
1303136
1303244
1303282
1303360
1303394
1303410
1303512
1303519
1303552
1303588
1303815
1303908
1303989
1304001
1304048
1304258
1304358
1304525
1304604
1304750
1304793
1304817
1304836
1305220
1305227
1305486
1305630
1305666
1305689
1305780
1305802
1305805
1305820
1305869
1306092
1306110
1306206
1306211
1306233
1306241
1306478
1306538
1306570
1306677
1306733
1306820
1307148
1307172
1307672
1307685
1307775
1307858
1307949
1307965
1307993
1308171
1308272
1308313
1308335
1308378
1308427
1308660
1308801
1308843
1308938
1308996
1309166
1309276
1309398
1309526
1309528
1309564
1309570
1309925
1310005
1310157
1310158
1310174
1310307
1310317
1310349
1310468
1310716
1311051
1311538
1311593
1311778
1311821
1311826
1311844
1311878
1311929
1311951
1312100
1312130
1312199
1312204
1312326
1312468
1312576
1312585
1312600
1312653
1312663
1312918
1312964
1312971
1313015
1313281
1313303
1313416
1313500
1313609
1313672
1313701
1313862
1313896
1314090
1314261
1314403
1314404
1314548
1314690
1314786
1314791
1314837
1314861
1314905
1315093
1315138
1315244
1315580
1315627
1315676
1315718
1315795
1315811
1315949
1316001
1316080
1316249
1316400
1316418
1316436
1316507
1316802
1316919
1317038
1317088
1317093
1317105
1317125
1317387
1317403
1317420
1317438
1317443
1317719
1317858
1318074
1318089
1318092
1318103
1318106
1318194
1318252
1318571
1318887
1318896
1318928
1318932
1318975
1319108
1319111
1319180
1319307
1319353
1319405
1319512
1319601
1319798
1319904
1319906
1319944
1320072
1320180
1320607
1320764
1320845
1320989
1321064
1321176
1321289
1321487
1321499
1321532
1321544
1321601
1321723
1321747
1321848
1321921
1322056
1322255
1322470
1322494
1322502
1322637
1322944
1323021
1323128
1323164
1323259
1323355
1323386
1323407
1323419
1323497
1323563
1323596
1323690
1323759
1323928
1324005
1324181
1324263
1324267
1324270
1324297
1324310
1324349
1324478
1324562
1324574
1324658
1324687
1324756
1324921
1325213
1325358
1325511
1325955
1325958
1325963
1326001
1326081
1326158
1326242
1326356
1326406
1326417
1326425
1326625
1326642
1326687
1326698
1326805
1327116
1327164
1327170
1327331
1327336
1327459
1327629
1327638
1327681
1327730
1327797
1327825
1327902
1328151
1328262
1328398
1328560
1328563
1328565
1328834
1328853
1328855
1328867
1328975
1328999
1329171
1329208
1329219
1329292
1329435
1329445
1329567
1329689
1329739
1329763
1329909
1330243
1330433
1330476
1330487
1330570
1330600
1330722
1330794
1330964
1331429
1331481
1331498
1331591
1331842
1331852
1331947
1332143
1332201
1332234
1332274
1332349
1332519
1332699
1332938
1333133
1333193
1333194
1333606
1333621
1333686
1333741
1333753
1334270
1334275
1334430
1334532
1334680
1334794
1334901
1335013
1335061
1335078
1335096
1335101
1335102
1335153
1335181
1335247
1335325
1335412
1335447
1335456
1335573
1335684
1335741
1335773
1335859
1336040
1336109
1336712
1337000
1337068
1337109
1337128
1337246
1337258
1337350
1337642
1337904
1337983
1338021
1338032
1338207
1338256
1338330
1338342
1338386
1338475
1338518
1338530
1338532
1338822
1338911
1338990
1339122
1339156
1339373
1339498
1339505
1339672
1339773
1339867
1339892
1339954
1340082
1340102
1340213
1340294
1340349
1340450
1340511
1340703
1340735
1340743
1340814
1340816
1340866
1340916
1341004
1341036
1341091
1341213
1341244
1341262
1341264
1341309
1341330
1341370
1341514
1341560
1341562
1341565
1341640
1341724
1341770
1341774
1341956
1342056
1342084
1342099
1342119
1342121
1342214
1342231
1342373
1342379
1342652
1342654
1342731
1342787
1342871
1342881
1343136
1343246
1343292
1343365
1343485
1343741
1343870
1343900
1344110
1344159
1344173
1344275
1344282
1344416
1344550
1344866
1345150
1345516
1345588
1345632
1345804
1345819
1345938
1345996
1346042
1346052
1346214
1346294
1346321
1346346
1346347
1346399
1346408
1346662
1346676
1346889
1346915
1346931
1347022
1347066
1347218
1347436
1347744
1347814
1347823
1347913
1348007
1348135
1348158
1348163
1348233
1348241
1348427
1348476
1348640
1348795
1348866
1349103
1349126
1349221
1349261
1349416
1349446
1349518
1349533
1349553
1349585
1349673
1349748
1349890
1349946
1350128
1350134
1350149
1350156
1350181
1350185
1350196
1350205
1350323
1350366
1350410
1350443
1350721
1350894
1350922
1350973
1351070
1351151
1351248
1351252
1351268
1351316
1351325
1351328
1351551
1351643
1351709
1351734
1351777
1351831
1351971
1352056
1352192
1352213
1352259
1352269
1352325
1352416
1352462
1352909
1352912
1352932
1352949
1353047
1353063
1353204
1353213
1353217
1353262
1353404
1353443
1353494
1353522
1354012
1354168
1354181
1354260
1354379
1354533
1354859
1355028
1355076
1355142
1355372
1355381
1355400
1355505
1355547
1355560
1355632
1355911
1355998
1356009
1356037
1356173
1356219
1356267
1356324
1356431
1356453
1356604
1356672
1356789
1356911
1357020
1357052
1357253
1357298
1357385
1357450
1357461
1357552
1357559
1357584
1357592
1357596
1357601
1357676
1358363
1358379
1358421
1358441
1358567
1358718
1358748
1358807
1358989
1359065
1359367
1359596
1359703
1359939
1359953
1359985
1360058
1360108
1360155
1360254
1360256
1360263
1360340
1360425
1360447
1360487
1360514
1360680
1360824
1360905
1360938
1361076
1361184
1361268
1361298
1361343
1361446
1361454
1361466
1361475
1361549
1361580
1361593
1361597
1361868
1361972
1361997
1362110
1362233
1362238
1362275
1362286
1362348
1362386
1362633
1362729
1362924
1363032
1363054
1363174
1363264
1363270
1363361
1363626
1363629
1363636
1363668
1363693
1363708
1363828
1363831
1363846
1363849
1363870
1363906
1364069
1364113
1364151
1364208
1364270
1364372
1364416
1364426
1364443
1364482
1364515
1364776
1364784
1364916
1365041
1365062
1365101
1365251
1365429
1365434
1365527
1365542
1365558
1365679
1365736
1365761
1365864
1365924
1365951
1366076
1366547
1366649
1366662
1366724
1366749
1366902
1366993
1367010
1367041
1367061
1367083
1367215
1367374
1367471
1367624
1367689
1367752
1367788
1367822
1367910
1367932
1367970
1368059
1368134
1368321
1368382
1368454
1368478
1368524
1368560
1368608
1368690
1368697
1368907
1369127
1369146
1369189
1369199
1369422
1369427
1369472
1369530
1369531
1369718
1369754
1369928
1369981
1370067
1370204
1370220
1370402
1370611
1370732
1370771
1370820
1370857
1371111
1371235
1371742
1371751
1371777
1371832
1371922
1371999
1372173
1372292
1372412
1372686
1372687
1372738
1372805
1372842
1372900
1373028
1373324
1373385
1373444
1373457
1373473
1373517
1373556
1373668
1373848
1373880
1373912
1373928
1373967
1374003
1374033
1374039
1374207
1374238
1374276
1374312
1374323
1374404
1374560
1374761
1374996
1375039
1375075
1375076
1375142
1375185
1375224
1375245
1375262
1375275
1375296
1375298
1375492
1375552
1375816
1375917
1375975
1376110
1376399
1376410
1376875
1376934
1377215
1377273
1377303
1377317
1377318
1377409
1377789
1377886
1377943
1378045
1378055
1378130
1378242
1378640
1378649
1378653
1378863
1378882
1378900
1379007
1379212
1379285
1379298
1379331
1379416
1379483
1379561
1379655
1379720
1379742
1379808
1379992
1380015
1380059
1380304
1380316
1380321
1380350
1380484
1380493
1380598
1380824
1380827
1381036
1381052
1381183
1381229
1381293
1381344
1381474
1381483
1381490
1381616
1381685
1382014
1382047
1382137
1382332
1382413
1382424
1382442
1382478
1382648
1382866
1382869
1382929
1382931
1383205
1383355
1383377
1383399
1383417
1383538
1383560
1383666
1383748
1383765
1383902
1384087
1384391
1384433
1384459
1384521
1384771
1384788
1385147
1385156
1385302
1385404
1385466
1385737
1385740
1385758
1385763
1385773
1385857
1386000
1386067
1386107
1386224
1386333
1386424
1386509
1386552
1386719
1386776
1386861
1387009
1387011
1387043
1387228
1387237
1387241
1387417
1387438
1387547
1387625
1387807
1387830
1387877
1387885
1387917
1387935
1388119
1388155
1388197
1388338
1388391
1388417
1388478
1388519
1388566
1388728
1388787
1388807
1388856
1388875
1388915
1389025
1389114
1389192
1389223
1389327
1389584
1389680
1389776
1389898
1390094
1390284
1390320
1390430
1390571
1390671
1390734
1390877
1390895
1390955
1391173
1391176
1391242
1391384
1391418
1391464
1391598
1391629
1391695
1391852
1392001
1392016
1392270
1392316
1392327
1392596
1392745
1392765
1393082
1393132
1393199
1393215
1393322
1393529
1393533
1393789
1393883
1393894
1393906
1393933
1393966
1394068
1394185
1394258
1394342
1394457
1394601
1394744
1394788
1394844
1394878
1395010
1395069
1395089
1395211
1395268
1395325
1395425
1395452
1395607
1395663
1395667
1395670
1395976
1396147
1396155
1396200
1396211
1396263
1396285
1396560
1396616
1397307
1397335
1397400
1397643
1397971
1398010
1398211
1398314
1398396
1398496
1399012
1399042
1399080
1399089
1399117
1399141
1399351
1399406
1399410
1399550
1399688
1399793
1399829
1400148
1400197
1400198
1400458
1400478
1400558
1400648
1400803
1400847
1400860
1400862
1400971
1401004
1401150
1401180
1401279
1401459
1401483
1401542
1401716
1401960
1402037
1402048
1402128
1402254
1402349
1402400
1402443
1402475
1402634
1402775
1402812
1402904
1402997
1403112
1403121
1403171
1403238
1403267
1403323
1403364
1403461
1403489
1403568
1403676
1403770
1403838
1403866
1403894
1403965
1404185
1404373
1404461
1404615
1405019
1405057
1405085
1405089
1405269
1405446
1405473
1405504
1405542
1405558
1405658
1405714
1405878
1406032
1406074
1406166
1406278
1406288
1406335
1406343
1406368
1406382
1406506
1406636
1406667
1406793
1406813
1406815
1406871
1406874
1406907
1406982
1407028
1407151
1407172
1407312
1407322
1407344
1407429
1407513
1407523
1407763
1407843
1407970
1408192
1408235
1408436
1408532
1408540
1408543
1408544
1408658
1408809
1408812
1408998
1409015
1409053
1409182
1409277
1409289
1409336
1409353
1409440
1409464
1409471
1409494
1409515
1409624
1409731
1409863
1409880
1409921
1409958
1409986
1410079
1410086
1410184
1410225
1410403
1410444
1410537
1410690
1410752
1410951
1411230
1411324
1411570
1411615
1411687
1411735
1411740
1412008
1412185
1412254
1412302
1412411
1412525
1412531
1412675
1412980
1413167
1413171
1413175
1413342
1413374
1413376
1413402
1413568
1413614
1413678
1413714
1413780
1413838
1413883
1413911
1413914
1413978
1414043
1414231
1414316
1414418
1414534
1414554
1414653
1414734
1414940
1414982
1415005
1415095
1415211
1415537
1415680
1415824
1415855
1415943
1416018
1416060
1416075
1416103
1416321
1416387
1416616
1416719
1416727
1416834
1417020
1417061
1417101
1417204
1417271
1417400
1417435
1417452
1418053
1418215
1418265
1418326
1418384
1418703
1418812
1418825
1418991
1418992
1419014
1419073
1419130
1419131
1419248
1419387
1419614
1419636
1419689
1419882
1419925
1420017
1420045
1420114
1420187
1420191
1420355
1420472
1420482
1420492
1420545
1420618
1420623
1420803
1420844
1420987
1420999
1421009
1421195
1421276
1421399
1421450
1421558
1421618
1421686
1421852
1421900
1421920
1421932
1421973
1422100
1422215
1422342
1422344
1422456
1422525
1422530
1422692
1422764
1422862
1422908
1422963
1422977
1423005
1423196
1423379
1423388
1423535
1423556
1423710
1423778
1423956
1423958
1424009
1424120
1424201
1424265
1424433
1424644
1424650
1424682
1424780
1424841
1424866
1424870
1425132
1425385
1425526
1425537
1425627
1425707
1425891
1425982
1426080
1426096
1426204
1426234
1426269
1426323
1426435
1426649
1426719
1426737
1426875
1427144
1427233
1427334
1427335
1427428
1427591
1427871
1427929
1427967
1428033
1428067
1428080
1428111
1428216
1428222
1428234
1428451
1428476
1428529
1428567
1428679
1428710
1428736
1428752
1428891
1429144
1429159
1429176
1429217
1429251
1429286
1429311
1429370
1429465
1429480
1429516
1429537
1429542
1429553
1429573
1429614
1429948
1430101
1430189
1430250
1430259
1430275
1430442
1430514
1430706
1430726
1430777
1430788
1430891
1431039
1431070
1431089
1431097
1431214
1431424
1431499
1431544
1431616
1431648
1431668
1431818
1431851
1432134
1432244
1432353
1432387
1432548
1432741
1432745
1432824
1432957
1433013
1433171
1433325
1433383
1433409
1433510
1433620
1433632
1433721
1433939
1434011
1434050
1434068
1434112
1434130
1434158
1434255
1434300
1434307
1434592
1434716
1434717
1434756
1434912
1434972
1435059
1435137
1435140
1435284
1435586
1435694
1435830
1435838
1435865
1435919
1435924
1436018
1436082
1436185
1436315
1436337
1436345
1436346
1436472
1436489
1436506
1436667
1436749
1436777
1436779
1436815
1436862
1436923
1437069
1437155
1437215
1437435
1437637
1437828
1437914
1438020
1438155
1438253
1438294
1438610
1438682
1438820
1438877
1438882
1439039
1439109
1439173
1439401
1439436
1439506
1439532
1439568
1439813
1439826
1440283
1440348
1440566
1440602
1440629
1440646
1440761
1440800
1440844
1440910
1441254
1441284
1441476
1441483
1441500
1441593
1441662
1441685
1441939
1442066
1442075
1442108
1442371
1442451
1442542
1442874
1442985
1443091
1443142
1443152
1443352
1443438
1443709
1443834
1443844
1443913
1443933
1443937
1443938
1443957
1444107
1444171
1444527
1444645
1444654
1444660
1444733
1444897
1444914
1444924
1445056
1445070
1445119
1445195
1445214
1445306
1445318
1445579
1445611
1445801
1445809
1445870
1445876
1445965
1445966
1446114
1446446
1446462
1446517
1446680
1446757
1446785
1446827
1447026
1447066
1447137
1447170
1447257
1447340
1447437
1447517
1447730
1447794
1447800
1447816
1448179
1448226
1448285
1448290
1448363
1448440
1448555
1448647
1448969
1448990
1449022
1449312
1449336
1449338
1449350
1449441
1449509
1449767
1449794
1450005
1450106
1450280
1450341
1450417
1450418
1450437
1450657
1450673
1450683
1450694
1450792
1451100
1451110
1451128
1451162
1451264
1451467
1451523
1451580
1451675
1451677
1451807
1451906
1452094
1452102
1452114
1452161
1452199
1452232
1452242
1452262
1452327
1452343
1452426
1452528
1452608
1452663
1452765
1452804
1452841
1452916
1452991
1453389
1453395
1453423
1453482
1453524
1453628
1453745
1453769
1453870
1453979
1454022
1454128
1454165
1454190
1454287
1454353
1454583
1454667
1454919
1454981
1455119
1455378
1455582
1455808
1455944
1456195
1456278
1456375
1456484
1456551
1456587
1456591
1456607
1456694
1456752
1456759
1457206
1457378
1457416
1457593
1457924
1458042
1458214
1458311
1458327
1458391
1458505
1458698
1458744
1458841
1458874
1458991
1459013
1459026
1459072
1459115
1459197
1459259
1459352
1459622
1459671
1459748
1459935
1459969
1460081
1460097
1460147
1460208
1460322
1460689
1460706
1460963
1461178
1461471
1461472
1461695
1461762
1462126
1462141
1462496
1462618
1462645
1462671
1462715
1462869
1463020
1463083
1463153
1463295
1463577
1463698
1463701
1463819
1463987
1464007
1464063
1464180
1464234
1464251
1464462
1464594
1464614
1464661
1464769
1464786
1464855
1465021
1465080
1465087
1465215
1465241
1465552
1465553
1465562
1465564
1465603
1465894
1466020
1466223
1466267
1466293
1466451
1466637
1466734
1466787
1466875
1466979
1467352
1467358
1467372
1467439
1467515
1467599
1467614
1467685
1467793
1468003
1468138
1468142
1468200
1468273
1468334
1468351
1468481
1468509
1468748
1469205
1469259
1469401
1469488
1469520
1469522
1469582
1469592
1469603
1469655
1469710
1469773
1469955
1469983
1470139
1470169
1470221
1470237
1470359
1470685
1470800
1470964
1471027
1471073
1471088
1471090
1471177
1471453
1471526
1471679
1471703
1471725
1472041
1472118
1472242
1472246
1472354
1472685
1472727
1472730
1472972
1473128
1473146
1473202
1473276
1473306
1473390
1473425
1473681
1473704
1473785
1474049
1474301
1474312
1474525
1474591
1474637
1474652
1474870
1475154
1475184
1475210
1475270
1475294
1475431
1475502
1475610
1475670
1475980
1476346
1476463
1476503
1476590
1476614
1476873
1476880
1476991
1477087
1477156
1477229
1477338
1477424
1477574
1477700
1477757
1477792
1477908
1477983
1478011
1478176
1478395
1478641
1478669
1478735
1478805
1478808
1478831
1478905
1479213
1479241
1479258
1479432
1479438
1479749
1479757
1479773
1479873
1480045
1480083
1480217
1480479
1480692
1480756
1480808
1480915
1481037
1481087
1481094
1481142
1481225
1481287
1481312
1481332
1481383
1481447
1481468
1481478
1481504
1481530
1481533
1481538
1481554
1481577
1481814
1481893
1481969
1482057
1482208
1482283
1482521
1482645
1482742
1482796
1482806
1482876
1482893
1483538
1483551
1483639
1483665
1483900
1483916
1484026
1484563
1484691
1484707
1484824
1484919
1485031
1485049
1485135
1485231
1485324
1485343
1485423
1485432
1485455
1485555
1485583
1485814
1485864
1486115
1486135
1486293
1486570
1486880
1487056
1487106
1487172
1487357
1487417
1487538
1487584
1487666
1487703
1487757
1487902
1487928
1487931
1487976
1487986
1488366
1488380
1488520
1488801
1488838
1488840
1488876
1488881
1488938
1488971
1489020
1489048
1489104
1489324
1489561
1489591
1489661
1489690
1489864
1489995
1490017
1490073
1490248
1490312
1490325
1490463
1490499
1490514
1490664
1490725
1490970
1491010
1491314
1491418
1491478
1491728
1491770
1491931
1491935
1492085
1492104
1492368
1492435
1492859
1492889
1492988
1493064
1493115
1493134
1493174
1493268
1493273
1493571
1493607
1493667
1493760
1493937
1494065
1494208
1494266
1494443
1494467
1494594
1494738
1494897
1494900
1494902
1495043
1495306
1495467
1495801
1495837
1495851
1495903
1495973
1495982
1496181
1496211
1496270
1496339
1496456
1496635
1496705
1496744
1496842
1496927
1497023
1497066
1497225
1497286
1497360
1497401
1497447
1497478
1497486
1497508
1497625
1497870
1497935
1498396
1498425
1498437
1498580
1498588
1498677
1498811
1498959
1499026
1499046
1499080
1499178
1499221
1499227
1499450
1499629
1499645
1499684
1500150
1500177
1500376
1500422
1500487
1500501
1500517
1500576
1500615
1500642
1500646
1500690
1500790
1500898
1500936
1500961
1500984
1501068
1501083
1501097
1501304
1501420
1501483
1501502
1501633
1501689
1501935
1501947
1501950
1502435
1502538
1502656
1502687
1502704
1502862
1502953
1503018
1503089
1503153
1503247
1503389
1503492
1503568
1503601
1503688
1503749
1503762
1503815
1503952
1503977
1503991
1504007
1504088
1504111
1504173
1504185
1504296
1504742
1504775
1504958
1505125
1505134
1505280
1505415
1505475
1505487
1505598
1505910
1505925
1506008
1506056
1506117
1506255
1506270
1506434
1506456
1506518
1506520
1506569
1506691
1506750
1506901
1506952
1506999
1507026
1507091
1507198
1507400
1507416
1507608
1507619
1507656
1507707
1507797
1507888
1508173
1508506
1508963
1509184
1509324
1509339
1509528
1509743
1509764
1509792
1509869
1509944
1509960
1510089
1510164
1510169
1510172
1510232
1510464
1510505
1510599
1510639
1510710
1510847
1510904
1510983
1510987
1511062
1511197
1511280
1511340
1511590
1511591
1511859
1511882
1511952
1512166
1512238
1512417
1512425
1512466
1512480
1512539
1512588
1512664
1512678
1512822
1512920
1512925
1512965
1513050
1513083
1513244
1513383
1513542
1513676
1513685
1513974
1514033
1514164
1514365
1514376
1514551
1514763
1514767
1515002
1515035
1515101
1515126
1515346
1515348
1515382
1515602
1515771
1516028
1516036
1516243
1516324
1516443
1516514
1516583
1516690
1516794
1516841
1516927
1516970
1517162
1517194
1517221
1517242
1517289
1517537
1517705
1517762
1517785
1517810
1517814
1517818
1518156
1518174
1518198
1518226
1518388
1518390
1518451
1518564
1518609
1518662
1518685
1518790
1519079
1519392
1519612
1519713
1519737
1519753
1519883
1519954
1519969
1520035
1520102
1520185
1520207
1520279
1520497
1520512
1520541
1520604
1520686
1520851
1520949
1521264
1521280
1521435
1521524
1521564
1521566
1521700
1521735
1521788
1521812
1521876
1521909
1521912
1521946
1522057
1522119
1522298
1522347
1522627
1522852
1522899
1522988
1523576
1523580
1523696
1523718
1523794
1523805
1524126
1524266
1524443
1524540
1524541
1524544
1524550
1524878
1525237
1525580
1525650
1525702
1525780
1525831
1525908
1526132
1526270
1526477
1526676
1526789
1526816
1526885
1526898
1527020
1527077
1527107
1527406
1527502
1527620
1527875
1527879
1528067
1528081
1528101
1528112
1528181
1528259
1528337
1528415
1528424
1528450
1528527
1528540
1528681
1528811
1528875
1529051
1529246
1529478
1529509
1529546
1529598
1529696
1529777
1529933
1529959
1530018
1530061
1530150
1530218
1530297
1530627
1530724
1530967
1530986
1531123
1531225
1531237
1531304
1531345
1531410
1531487
1531540
1531650
1531745
1531803
1531991
1532072
1532075
1532103
1532148
1532167
1532206
1532259
1532377
1532408
1532522
1532546
1532674
1532678
1532695
1532767
1532783
1532795
1532796
1532931
1532971
1532991
1533007
1533064
1533271
1533281
1533299
1533312
1533362
1533502
1533663
1533714
1533760
1533826
1533926
1533985
1534158
1534524
1534739
1535098
1535224
1535317
1535403
1535406
1535435
1535458
1535534
1535661
1535706
1535762
1535900
1535958
1536128
1536206
1536236
1536484
1536637
1536678
1536711
1536742
1536769
1536786
1536948
1537016
1537061
1537064
1537090
1537171
1537174
1537195
1537280
1537396
1537420
1537463
1537541
1537584
1537587
1537754
1537855
1538017
1538046
1538088
1538171
1538448
1538629
1538677
1538683
1538795
1538822
1538847
1538872
1538873
1538906
1538933
1539028
1539285
1539306
1539362
1539479
1539493
1539547
1539622
1539727
1539746
1539785
1539940
1540035
1540036
1540060
1540132
1540153
1540311
1540319
1540897
1541154
1541314
1541387
1541415
1541472
1541538
1541589
1541628
1541728
1541847
1541942
1541954
1542127
1542141
1542247
1542290
1542292
1542377
1542444
1542532
1542574
1542609
1542718
1542904
1542932
1543077
1543261
1543316
1543367
1543452
1543493
1543505
1543546
1543556
1543565
1543585
1543607
1544006
1544065
1544249
1544261
1544278
1544331
1544393
1544430
1544558
1544579
1544686
1544768
1544861
1544906
1544979
1545091
1545119
1545427
1545464
1545503
1545994
1546051
1546212
1546232
1546251
1546278
1546316
1546390
1546513
1546629
1546654
1546824
1546891
1546909
1546958
1547047
1547179
1547204
1547223
1547343
1547463
1547527
1547636
1547801
1547894
1548004
1548044
1548052
1548101
1548759
1548945
1549016
1549058
1549254
1549261
1549375
1549927
1549930
1549957
1550031
1550159
1550171
1550191
1550220
1550286
1550338
1550448
1550564
1550616
1550676
1550727
1550922
1550936
1551186
1551228
1551410
1551429
1551478
1551511
1551735
1551936
1551970
1552010
1552116
1552180
1552190
1552199
1552300
1552472
1552481
1552516
1552563
1552704
1552836
1553133
1553221
1553269
1553395
1553414
1553432
1553448
1553625
1553661
1553726
1553883
1553892
1553905
1553910
1553947
1553988
1554026
1554093
1554238
1554365
1554634
1554638
1554654
1554735
1554826
1554866
1554923
1554988
1554991
1555007
1555088
1555194
1555678
1555716
1555773
1555915
1555978
1556213
1556342
1556395
1556483
1556512
1556542
1556546
1556564
1556626
1556638
1556781
1556956
1557063
1557212
1557271
1557324
1557367
1557410
1557445
1557481
1557724
1557878
1558002
1558124
1558269
1558304
1558480
1558529
1558559
1558661
1558672
1558677
1558892
1558913
1558915
1558954
1558980
1559276
1559358
1559401
1559602
1559723
1559804
1560033
1560208
1560297
1560302
1560453
1560480
1560521
1560537
1560573
1560677
1560736
1560818
1560878
1560954
1561134
1561137
1561270
1561355
1561410
1561413
1561598
1561600
1561608
1561619
1561738
1561920
1562020
1562091
1562174
1562191
1562204
1562228
1562236
1562341
1562390
1562421
1562468
1562546
1562704
1562725
1562837
1562853
1562983
1563027
1563234
1563261
1563304
1563389
1563491
1563539
1563571
1563638
1563792
1563834
1563975
1563994
1564039
1564060
1564286
1564375
1564406
1564487
1564488
1564529
1564549
1564560
1564727
1564766
1564821
1564914
1565039
1565119
1565291
1565317
1565358
1565496
1565534
1565573
1565693
1565715
1565819
1565823
1565871
1565914
1566021
1566043
1566079
1566128
1566229
1566259
1566333
1566371
1566380
1566486
1566523
1566696
1566919
1566927
1567043
1567045
1567094
1567258
1567316
1567377
1567612
1567715
1567738
1567827
1567841
1567936
1568037
1568063
1568128
1568129
1568176
1568283
1568349
1568360
1568573
1568616
1568634
1568765
1568784
1568802
1568838
1568885
1568906
1568937
1568981
1569247
1569354
1569370
1569380
1569382
1569615
1569653
1569739
1569911
1570185
1570197
1570358
1570444
1570463
1570469
1570830
1570843
1570893
1570996
1571015
1571028
1571204
1571260
1571268
1571450
1571481
1571581
1571695
1571752
1571755
1571833
1571875
1571897
1571925
1572060
1572209
1572346
1572445
1572481
1572529
1572542
1572556
1572593
1572614
1572689
1572696
1572886
1572958
1573178
1573525
1573610
1573621
1573626
1573630
1573767
1573867
1573930
1574026
1574204
1574347
1574399
1574530
1574580
1574625
1574700
1574716
1574797
1574800
1574828
1575007
1575209
1575285
1575422
1575619
1575721
1575781
1575834
1575875
1576020
1576069
1576182
1576264
1576394
1576422
1576460
1576532
1576548
1576805
1576821
1576843
1576859
1576900
1576974
1577093
1577187
1577383
1577408
1577467
1577496
1577689
1577736
1577786
1578273
1578274
1578341
1578397
1578504
1578596
1578743
1578830
1578903
1578970
1578975
1579172
1579195
1579315
1579419
1579468
1579524
1579540
1579556
1579681
1579786
1579836
1579917
1579963
1580027
1580038
1580220
1580297
1580339
1580383
1580494
1580621
1580691
1580694
1580698
1580717
1580727
1580859
1580959
1581092
1581243
1581309
1581384
1581487
1581497
1581787
1581893
1581918
1581996
1582067
1582119
1582137
1582262
1582272
1582438
1582461
1582529
1582646
1582658
1582961
1583027
1583182
1583256
1583499
1583503
1583590
1583679
1583835
1583908
1583935
1584029
1584033
1584058
1584087
1584131
1584175
1584234
1584323
1584400
1584437
1584482
1584499
1584603
1584621
1584681
1584695
1584719
1584728
1584755
1584839
1584868
1584870
1584917
1584954
1584983
1585085
1585097
1585261
1585554
1585679
1585729
1585889
1585963
1586091
1586104
1586283
1586563
1586631
1586727
1586771
1586815
1586971
1587029
1587031
1587104
1587107
1587182
1587324
1587429
1587494
1587545
1587554
1587751
1587764
1587895
1587950
1587969
1588064
1588156
1588173
1588317
1588321
1588347
1588456
1588517
1588566
1588621
1588730
1589015
1589093
1589104
1589152
1589161
1589368
1589459
1589500
1589529
1589533
1589542
1589591
1589771
1589772
1589802
1589945
1589999
1590123
1590127
1590219
1590239
1590562
1590611
1590618
1590782
1590807
1590938
1590963
1591146
1591197
1591239
1591241
1591286
1591362
1591363
1591409
1591478
1591848
1591936
1592061
1592074
1592200
1592364
1592611
1592722
1592783
1593048
1593164
1593217
1593353
1593558
1593648
1593706
1593766
1593771
1593922
1593933
1593972
1594029
1594071
1594241
1594474
1594553
1594566
1594680
1594794
1594815
1595205
1595299
1595353
1595459
1595599
1595673
1595807
1595882
1595898
1595994
1596281
1596296
1596307
1596570
1596574
1596836
1596885
1597085
1597182
1597190
1597326
1597471
1597482
1597483
1597509
1597584
1597738
1597778
1597842
1597866
1597877
1597906
1598038
1598063
1598174
1598176
1598196
1598308
1598378
1598579
1598632
1598647
1598695
1598749
1598774
1598860
1599014
1599067
1599329
1599357
1599406
1599455
1599470
1599568
1599849
1600004
1600077
1600161
1600371
1600489
1600518
1600807
1600818
1600833
1600967
1600981
1601008
1601172
1601387
1601508
1601626
1601633
1601670
1602041
1602049
1602178
1602303
1602337
1602475
1602502
1602610
1602742
1602927
1603034
1603088
1603176
1603302
1603414
1603419
1603430
1603550
1603596
1603629
1603648
1603676
1603705
1603834
1603911
1604083
1604171
1604195
1604277
1604300
1604400
1604590
1604709
1604905
1604924
1605049
1605084
1605093
1605114
1605144
1605256
1605346
1605361
1605561
1606038
1606087
1606107
1606428
1606486
1606562
1606873
1606962
1607039
1607174
1607242
1607509
1607523
1607628
1607679
1607688
1607716
1607782
1607860
1607946
1607950
1608239
1608249
1608449
1608534
1608608
1608622
1608662
1608684
1608694
1608706
1608731
1608810
1608968
1609011
1609197
1609498
1609533
1609718
1609721
1609942
1609956
1610059
1610066
1610247
1610260
1610269
1610439
1610539
1610642
1610644
1610727
1610769
1610801
1610945
1610950
1610962
1611054
1611094
1611155
1611174
1611372
1611500
1611505
1611648
1611675
1611693
1611733
1611783
1611832
1611837
1611860
1611908
1611983
1612230
1612255
1612415
1612446
1612822
1612890
1612954
1612977
1613051
1613127
1613250
1613404
1613791
1613983
1614326
1614515
1614630
1614655
1614656
1614702
1614726
1614734
1614996
1615000
1615075
1615110
1615156
1615159
1615287
1615301
1615391
1615396
1615472
1615689
1615752
1615772
1615932
1616102
1616256
1616295
1616494
1616622
1616882
1617028
1617107
1617183
1617187
1617259
1617589
1617607
1617881
1618030
1618057
1618162
1618210
1618220
1618258
1618343
1618484
1618497
1618655
1618660
1618839
1619032
1619121
1619249
1619269
1619320
1619517
1619665
1619689
1619722
1619755
1619848
1619904
1620335
1620502
1620514
1620685
1620735
1620893
1621009
1621068
1621200
1621254
1621533
1621626
1621717
1621889
1621936
1622191
1622211
1622252
1622346
1622421
1622543
1622557
1622567
1622587
1622592
1622638
1622642
1622705
1622904
1622914
1622918
1623033
1623063
1623197
1623269
1623320
1623408
1623611
1623619
1623620
1623659
1623795
1623807
1623891
1623940
1624007
1624049
1624193
1624200
1624261
1624300
1624427
1624439
1624462
1624464
1624477
1624814
1624918
1624988
1625159
1625208
1625251
1625299
1625384
1625642
1625795
1626059
1626224
1626231
1626274
1626358
1626569
1626595
1626822
1626940
1626945
1627030
1627089
1627142
1627280
1627348
1627569
1627723
1627724
1627743
1627779
1627812
1627814
1627863
1627884
1627983
1628142
1628503
1628539
1628810
1629035
1629051
1629137
1629176
1629179
1629195
1629201
1629290
1629325
1629411
1629426
1629444
1629448
1629566
1629597
1629807
1629906
1630141
1630187
1630225
1630284
1630337
1630374
1630550
1630591
1630592
1630613
1630633
1630865
1630888
1630971
1630987
1631031
1631050
1631068
1631238
1631351
1631390
1631406
1631736
1631750
1631777
1631778
1631884
1631901
1632203
1632290
1632406
1632419
1632662
1632848
1633001
1633163
1633240
1633242
1633338
1633358
1633578
1633631
1633692
1633694
1633726
1633728
1633873
1633913
1633914
1633964
1633981
1634215
1634272
1634449
1634685
1634841
1635013
1635165
1635354
1635540
1635579
1635598
1635702
1635749
1635827
1635892
1636010
1636028
1636172
1636485
1636521
1636670
1636838
1637153
1637410
1637475
1637501
1637746
1637747
1637785
1637793
1637898
1637915
1638012
1638143
1638176
1638224
1638227
1638286
1638451
1638517
1638946
1639066
1639312
1639359
1639369
1639371
1639606
1639705
1639840
1640058
1640192
1640211
1640370
1640790
1641011
1641126
1641238
1641255
1641258
1641338
1641640
1641771
1641792
1641882
1642016
1642027
1642096
1642105
1642244
1642265
1642692
1642884
1642964
1643159
1643167
1643209
1643259
1643399
1643436
1643478
1643657
1643688
1643691
1643739
1643915
1643921
1644020
1644147
1644167
1644278
1644318
1644380
1644430
1644508
1644515
1644684
1644733
1644794
1645225
1645319
1645338
1645426
1645497
1645718
1645759
1645802
1645968
1646014
1646049
1646151
1646163
1646289
1646349
1646596
1646705
1646820
1646987
1647183
1647263
1647485
1647649
1647670
1647723
1647861
1647873
1647905
1648003
1648034
1648298
1648505
1648599
1648673
1648706
1648858
1649024
1649038
1649248
1649349
1649374
1649419
1649630
1649704
1649724
1649741
1649863
1649951
1650026
1650144
1650164
1650305
1650740
1650907
1650947
1651132
1651153
1651460
1651684
1651700
1651724
1651783
1651836
1651869
1651945
1652093
1652396
1652469
1652726
1652732
1652920
1652925
1652942
1652963
1653032
1653139
1653144
1653203
1653272
1653383
1653444
1653523
1653643
1653659
1653694
1653856
1653864
1653913
1654015
1654026
1654154
1654168
1654373
1654380
1654534
1654553
1654907
1654997
1655190
1655349
1655489
1655745
1655749
1655802
1655851
1655906
1656123
1656139
1656144
1656194
1656271
1656366
1656468
1656555
1656645
1656668
1656723
1656792
1656840
1656909
1656923
1656969
1657039
1657456
1657488
1657560
1657621
1657659
1657711
1657740
1657769
1657771
1657833
1658182
1658458
1658540
1658701
1658722
1658782
1658882
1658900
1659004
1659128
1659225
1659294
1659447
1659659
1659683
1659704
1660007
1660291
1660390
1660454
1660531
1660542
1660628
1660677
1660718
1660744
1660802
1660880
1660899
1660960
1661022
1661076
1661141
1661266
1661443
1661485
1661533
1661685
1661809
1661898
1661976
1661984
1662012
1662059
1662134
1662500
1662617
1662625
1662768
1662977
1662981
1663247
1663250
1663383
1663420
1663516
1663559
1663601
1663722
1663998
1664033
1664117
1664206
1664214
1664864
1665182
1665252
1665296
1665585
1665606
1665756
1665808
1665936
1665954
1666104
1666216
1666348
1666412
1666498
1666547
1666617
1666783
1666806
1666858
1666913
1666932
1667031
1667231
1667675
1667952
1668049
1668227
1668630
1668709
1668783
1668831
1669001
1669016
1669072
1669193
1669327
1669525
1669553
1669690
1669766
1669866
1669882
1669994
1670028
1670272
1670409
1670419
1670444
1670537
1670584
1671239
1671320
1671372
1671391
1671542
1671636
1671756
1671806
1671968
1672033
1672082
1672091
1672338
1672413
1672674
1672774
1672818
1673014
1673051
1673094
1673103
1673118
1673238
1673262
1673350
1673442
1673466
1673527
1673614
1673670
1673709
1674051
1674083
1674093
1674214
1674608
1674753
1674871
1675018
1675047
1675111
1675269
1675338
1675352
1675432
1675472
1675678
1675761
1676532
1676570
1676617
1676666
1677093
1677096
1677183
1677283
1677438
1677444
1677515
1677739
1677748
1677861
1678029
1678201
1678294
1678373
1678669
1678682
1678796
1678875
1678880
1678894
1679082
1679154
1679205
1679221
1679241
1679292
1679333
1679372
1679385
1679407
1679701
1679789
1680019
1680186
1680273
1680311
1680319
1680399
1680499
1680541
1680571
1680589
1680611
1680656
1680868
1680891
1680911
1680939
1681006
1681071
1681101
1681145
1681212
1681277
1681320
1681390
1681450
1681496
1681520
1681541
1681563
1681620
1681790
1681910
1682076
1682102
1682163
1682417
1682615
1682655
1682673
1682705
1682831
1682840
1682942
1682987
1683099
1683376
1683381
1683436
1683637
1683717
1683824
1683871
1683947
1684135
1684338
1684445
1684663
1684691
1684703
1684739
1684759
1684884
1684910
1685042
1685353
1685557
1685559
1685622
1685663
1685677
1685735
1685861
1686057
1686064
1686204
1686234
1686503
1686758
1686773
1686795
1686893
1686911
1686952
1687052
1687102
1687189
1687208
1687300
1687310
1687337
1687488
1687508
1687617
1687711
1687937
1688047
1688080
1688082
1688204
1688205
1688668
1688831
1688919
1688928
1688946
1688950
1689012
1689125
1689163
1689178
1689242
1689345
1689446
1689476
1689489
1689537
1689685
1689752
1689762
1689809
1689904
1690016
1690079
1690229
1690511
1690523
1690638
1690639
1690688
1690699
1690740
1690912
1691054
1691113
1691234
1691240
1691508
1691637
1691791
1691796
1691804
1691875
1691905
1691967
1692398
1692575
1692605
1692666
1692723
1692835
1692930
1692975
1692986
1693001
1693276
1693434
1693482
1693533
1693583
1693784
1694071
1694246
1694413
1694472
1694645
1694791
1695103
1695293
1695332
1695434
1695438
1695585
1695910
1696012
1696028
1696059
1696069
1696259
1696302
1696398
1696606
1696631
1696640
1696698
1696920
1696922
1697040
1697046
1697120
1697287
1697290
1697336
1697404
1697516
1697557
1697627
1697665
1697675
1697692
1697693
1697906
1698102
1698133
1698172
1698255
1698362
1698382
1698401
1698464
1698505
1698684
1699131
1699177
1699188
1699346
1699352
1699667
1699742
1699764
1699912
1700030
1700212
1700216
1700257
1700280
1700290
1700480
1700621
1700666
1700697
1700757
1700885
1700932
1701019
1701125
1701175
1701260
1701276
1701328
1701340
1701373
1701381
1701565
1701576
1701606
1701653
1701675
1701945
1701997
1702132
1702197
1702233
1702310
1702318
1702367
1702463
1702516
1702527
1702614
1702651
1702687
1702768
1702914
1702919
1703033
1703035
1703083
1703181
1703388
1703561
1703661
1703865
1703896
1703917
1703941
1704041
1704044
1704284
1704294
1704298
1704325
1704610
1704667
1704815
1704949
1705033
1705062
1705089
1705395
1705478
1705574
1705663
1705855
1705862
1706022
1706154
1706219
1706265
1706281
1706341
1706369
1706376
1706450
1706688
1706801
1706853
1706955
1706993
1707008
1707160
1707202
1707229
1707278
1707422
1707433
1707545
1707677
1707695
1707785
1707828
1707866
1708094
1708276
1708356
1708413
1708490
1708512
1708537
1708547
1708569
1708722
1708743
1708765
1708820
1708835
1708850
1708987
1709138
1709185
1709192
1709263
1709359
1709363
1709367
1709397
1709404
1709448
1709475
1709578
1709603
1709776
1709811
1709993
1710359
1710422
1710469
1710569
1710686
1710689
1710691
1710777
1710893
1711215
1711356
1711471
1711498
1711522
1711607
1711755
1711786
1711871
1711981
1711989
1712090
1712181
1712290
1712370
1712670
1712705
1712789
1712903
1712919
1712982
1713050
1713090
1713180
1713197
1713279
1713384
1713706
1713737
1713880
1714152
1714199
1714299
1714356
1714503
1714614
1714709
1714725
1714732
1714794
1714798
1714858
1714931
1714961
1714998
1715048
1715178
1715192
1715265
1715412
1715524
1715554
1715589
1715701
1715776
1715934
1716098
1716100
1716276
1716325
1716329
1716378
1716389
1716426
1716552
1716554
1716672
1716814
1717088
1717377
1717477
1717785
1717905
1718337
1718363
1718562
1718599
1718606
1718713
1718737
1718984
1719036
1719187
1719542
1719704
1719714
1719799
1719817
1719908
1719918
1720150
1720192
1720216
1720678
1720721
1720816
1720832
1720851
1720862
1720962
1721008
1721073
1721174
1721222
1721395
1721423
1721661
1721694
1721798
1721800
1721808
1721942
1722001
1722040
1722184
1722296
1722327
1722523
1722570
1722619
1722627
1722712
1722840
1723005
1723081
1723175
1723448
1723470
1723811
1724022
1724112
1724194
1724212
1724692
1724728
1724825
1724930
1725043
1725126
1725158
1725353
1725385
1725388
1725431
1725518
1725556
1725669
1725846
1725858
1725874
1725886
1725899
1726038
1726149
1726419
1726420
1726496
1726510
1726673
1726715
1726818
1726860
1726958
1727160
1727193
1727357
1727394
1727447
1727470
1727555
1727678
1727691
1727928
1727955
1728003
1728234
1728265
1728330
1728343
1728523
1728745
1728797
1728818
1728847
1729056
1729077
1729160
1729229
1729302
1729344
1729351
1729539
1729958
1729994
1730015
1730246
1730419
1730427
1730450
1730472
1730655
1730689
1730706
1730737
1730760
1730839
1730908
1730910
1730956
1731035
1731094
1731129
1731199
1731209
1731533
1731578
1731776
1731875
1732097
1732352
1732462
1732551
1732592
1732785
1732786
1732944
1732976
1733181
1733204
1733681
1733690
1733880
1733893
1734131
1734168
1734299
1734305
1734329
1734363
1734539
1734608
1734640
1734738
1734841
1734934
1735319
1735378
1735580
1735624
1735944
1736108
1736140
1736189
1736201
1736346
1736717
1736792
1736958
1737014
1737030
1737221
1737223
1737317
1737400
1737443
1737481
1737485
1737513
1737761
1737791
1737844
1737882
1737900
1738220
1738479
1738485
1738547
1738587
1738727
1738883
1738910
1739057
1739063
1739083
1739137
1739229
1739290
1739409
1739413
1739469
1739516
1739587
1739703
1739866
1739896
1739936
1739949
1740107
1740153
1740155
1740179
1740289
1740574
1740580
1740615
1740715
1740754
1740822
1740861
1740990
1741029
1741042
1741142
1741305
1741429
1741463
1741471
1741497
1741669
1741745
1741793
1741867
1741964
1742225
1742290
1742308
1742516
1742897
1742983
1742994
1743013
1743148
1743253
1743366
1743376
1743392
1743488
1743542
1743784
1743786
1743817
1743818
1743829
1743853
1743898
1743907
1743927
1743945
1744260
1744321
1744387
1744443
1744467
1744561
1744604
1744662
1744756
1744971
1744973
1745187
1745469
1745530
1745711
1745738
1745765
1745889
1746377
1746547
1746575
1746632
1746737
1746756
1746827
1746836
1746884
1747025
1747085
1747171
1747262
1747298
1747334
1747489
1747586
1747611
1747800
1747805
1747920
1748005
1748050
1748057
1748138
1748154
1748330
1748577
1748723
1749165
1749177
1749374
1749470
1749561
1749701
1749704
1749889
1750005
1750083
1750132
1750424
1750459
1750652
1750691
1750705
1750831
1750856
1750957
1750963
1750977
1751202
1751411
1751515
1751530
1751814
1751876
1751898
1752021
1752235
1752398
1752673
1752771
1752781
1752892
1752942
1753015
1753052
1753133
1753136
1753298
1753397
1753600
1753614
1753667
1753915
1754084
1754138
1754441
1754540
1754680
1754787
1754846
1755076
1755077
1755234
1755249
1755590
1755592
1755696
1755982
1756046
1756213
1756254
1756397
1756545
1756566
1756669
1756835
1756875
1757081
1757160
1757189
1757227
1757330
1757507
1757658
1757739
1757959
1758189
1758215
1758354
1758462
1758516
1758595
1758735
1758855
1758998
1759010
1759223
1759267
1759284
1759317
1759647
1759773
1760252
1760420
1760432
1760465
1760562
1760705
1760875
1760964
1761029
1761035
1761207
1761283
1761332
1761515
1761604
1761694
1761713
1761733
1761764
1761817
1761872
1761927
1761940
1762077
1762195
1762337
1762367
1762560
1762604
1762713
1763069
1763104
1763402
1763420
1763437
1763465
1763507
1763586
1763915
1763952
1764131
1764264
1764337
1764442
1764616
1764667
1764689
1764814
1764965
1764975
1765117
1765283
1765348
1765460
1765506
1765511
1765715
1766023
1766080
1766146
1766758
1766855
1766973
1767021
1767158
1767188
1767247
1767251
1767426
1767470
1767487
1767584
1767713
1767775
1767789
1767801
1767803
1767809
1767874
1767934
1767935
1767947
1767979
1768012
1768046
1768066
1768167
1768200
1768352
1768358
1768391
1768456
1768471
1768490
1768554
1768585
1768739
1768772
1768799
1768811
1768965
1768989
1769033
1769369
1769626
1769716
1769757
1769841
1769892
1770222
1770484
1770631
1770682
1770839
1770872
1770941
1770984
1771042
1771167
1771177
1771191
1771268
1771294
1771305
1771340
1771441
1771449
1771546
1771560
1771619
1771681
1771774
1771797
1771949
1771993
1772012
1772037
1772195
1772493
1772577
1772583
1772617
1772647
1772751
1772814
1772902
1773095
1773109
1773135
1773216
1773360
1773377
1773394
1773462
1773679
1773783
1773787
1773788
1773817
1773885
1774038
1774075
1774194
1774231
1774307
1774356
1774363
1774395
1774396
1774766
1774836
1775100
1775141
1775212
1775225
1775254
1775255
1775288
1775299
1775758
1775777
1775904
1775995
1776028
1776164
1776284
1776287
1776369
1776446
1776454
1776531
1776619
1776693
1776824
1776903
1777026
1777071
1777081
1777192
1777378
1777738
1777948
1778012
1778191
1778204
1778215
1778343
1778423
1778447
1778562
1778635
1778674
1778684
1779095
1779183
1779245
1779441
1779637
1779656
1779687
1779788
1779792
1779865
1779870
1779920
1779997
1780076
1780121
1780252
1780441
1780635
1780666
1780944
1781058
1781109
1781234
1781320
1781535
1781586
1781605
1781743
1781749
1781825
1781840
1781875
1781975
1782041
1782124
1782271
1782274
1782327
1782491
1782558
1782563
1782605
1782637
1782676
1782685
1782694
1782730
1782998
1783141
1783210
1783264
1783491
1783702
1783773
1783838
1784168
1784235
1784390
1784441
1784468
1784611
1784688
1784708
1784887
1784902
1784990
1785140
1785174
1785188
1785263
1785335
1785437
1785650
1785795
1785904
1785965
1786091
1786371
1786631
1786865
1786986
1787229
1787245
1787274
1787283
1787288
1787290
1787624
1787697
1787911
1787950
1787964
1788081
1788231
1788467
1788516
1788626
1788719
1788769
1788861
1788962
1789120
1789269
1789350
1789372
1789551
1789582
1789753
1790000
1790007
1790047
1790070
1790099
1790131
1790135
1790150
1790239
1790254
1790262
1790561
1790627
1790965
1791074
1791111
1791328
1791399
1791421
1791453
1791496
1791571
1791649
1791823
1791841
1791929
1791993
1792106
1792216
1792295
1792318
1792353
1792513
1792620
1792691
1792725
1792916
1792982
1793042
1793089
1793170
1793179
1793240
1793250
1793443
1793497
1793535
1793560
1793663
1793759
1793891
1793955
1793962
1794014
1794028
1794033
1794070
1794083
1794116
1794132
1794198
1794299
1794312
1794334
1794356
1794392
1794408
1794412
1794421
1794544
1794607
1794632
1794659
1794753
1794945
1794952
1794958
1795054
1795138
1795208
1795210
1795301
1795363
1795424
1795479
1795490
1795637
1795752
1795753
1795839
1795910
1795963
1795995
1796016
1796033
1796100
1796255
1796352
1796652
1796654
1796776
1796858
1797005
1797066
1797112
1797123
1797249
1797402
1797604
1797665
1797770
1797964
1798081
1798155
1798223
1798317
1798409
1798495
1798622
1798691
1798867
1799011
1799074
1799287
1799400
1799703
1799747
1799877
1799999
1800064
1800139
1800162
1800382
1800413
1800443
1800511
1800531
1800804
1800844
1801257
1801378
1801383
1801440
1801485
1801729
1801752
1801943
1802095
1802333
1802345
1802404
1802444
1802537
1802554
1802635
1802653
1802657
1802825
1802856
1802873
1803108
1803190
1803245
1803370
1803699
1803708
1803950
1803993
1804000
1804013
1804027
1804093
1804191
1804498
1804601
1804674
1804750
1804794
1804994
1805064
1805255
1805261
1805316
1805460
1805558
1805823
1805842
1805849
1805996
1806017
1806055
1806106
1806155
1806206
1806382
1806435
1806634
1806664
1806755
1806861
1806893
1807003
1807021
1807044
1807125
1807152
1807311
1807422
1807573
1807615
1807653
1807677
1807754
1807755
1807852
1807913
1808022
1808058
1808067
1808088
1808199
1808227
1808304
1808497
1808614
1808668
1808780
1808804
1808878
1808962
1809180
1809267
1809554
1809593
1809825
1809880
1810041
1810054
1810151
1810204
1810357
1810486
1810923
1810962
1811097
1811238
1811282
1811598
1811612
1811859
1812052
1812163
1812220
1812224
1812377
1812705
1812706
1812718
1813166
1813240
1813489
1813525
1813612
1813613
1813709
1813769
1813947
1813959
1814131
1814174
1814179
1814248
1814258
1814266
1814350
1814463
1814475
1814512
1814579
1814597
1814635
1814806
1814866
1814906
1814928
1814970
1815058
1815091
1815261
1815314
1815404
1815484
1815526
1815574
1815639
1815658
1815995
1816036
1816154
1816178
1816219
1816263
1816412
1816417
1816796
1816817
1816898
1816970
1817042
1817113
1817164
1817242
1817308
1817461
1817562
1817594
1817614
1817816
1817860
1818079
1818088
1818278
1818281
1818372
1818450
1818587
1818637
1818954
1819037
1819102
1819247
1819337
1819348
1819428
1819429
1819556
1819577
1819600
1819612
1819676
1819722
1819731
1819827
1820254
1820269
1820282
1820357
1820358
1820385
1820475
1820616
1820666
1820750
1820882
1820934
1820996
1821196
1821873
1821938
1821944
1822143
1822267
1822332
1822443
1822497
1822529
1822579
1822612
1822817
1823228
1823286
1823291
1823396
1823480
1823529
1823619
1823662
1823838
1823861
1823927
1823935
1824006
1824081
1824135
1824247
1824281
1824286
1824490
1824537
1824851
1825020
1825342
1825372
1825373
1825439
1825582
1825880
1825954
1825968
1826132
1826135
1826269
1826298
1826350
1826358
1826383
1826579
1826660
1826667
1826715
1826745
1826835
1826994
1827000
1827012
1827064
1827403
1827551
1827565
1827637
1827698
1827716
1827757
1827855
1827901
1827996
1828081
1828257
1828290
1828586
1828617
1828732
1828880
1828950
1828986
1829087
1829116
1829346
1829479
1829529
1829589
1829600
1829636
1829764
1829816
1829847
1829965
1830048
1830051
1830149
1830238
1830286
1830311
1830403
1830504
1830511
1830743
1831069
1831142
1831320
1831739
1831977
1832058
1832154
1832165
1832217
1832321
1832380
1832621
1832789
1832801
1832929
1832951
1833013
1833114
1833135
1833141
1833149
1833245
1833250
1833281
1833419
1833440
1833463
1833468
1833676
1833784
1833792
1833794
1834224
1834245
1834393
1834407
1834497
1834630
1834647
1834818
1835042
1835281
1835403
1835457
1835466
1835597
1835672
1835686
1835688
1835866
1836153
1836408
1836600
1836794
1836869
1836946
1836985
1837018
1837029
1837132
1837147
1837276
1837499
1837628
1837677
1837709
1837874
1838168
1838251
1838388
1838516
1838521
1838725
1838735
1838821
1838971
1839055
1839162
1839216
1839226
1839289
1839412
1839566
1839663
1839681
1839822
1839961
1840035
1840362
1840591
1840710
1840927
1840981
1841013
1841014
1841075
1841101
1841128
1841197
1841365
1841379
1841381
1841398
1841470
1841478
1841495
1841660
1841939
1841960
1842085
1842204
1842260
1842330
1842419
1842429
1842485
1842499
1842575
1842615
1842647
1842750
1842780
1842796
1843003
1843285
1843333
1843546
1843659
1843679
1843775
1843848
1843911
1844295
1844392
1844407
1844609
1844718
1844734
1844874
1845187
1845250
1845292
1845297
1845407
1845492
1845494
1845552
1845715
1845764
1845881
1846022
1846067
1846106
1846139
1846372
1846443
1846509
1846522
1846540
1846646
1846821
1846875
1846934
1847075
1847363
1847427
1847650
1847837
1847934
1847940
1847955
1848086
1848161
1848201
1848383
1848385
1848428
1848561
1848820
1848834
1848971
1848980
1849045
1849101
1849218
1849361
1849389
1849853
1849986
1850018
1850020
1850026
1850113
1850197
1850333
1850411
1850442
1850628
1850751
1850768
1850940
1850979
1851085
1851136
1851294
1851326
1851397
1851535
1851537
1851558
1851608
1851675
1851681
1851818
1851865
1851944
1852069
1852387
1852466
1852517
1852595
1852598
1852604
1852650
1852874
1852879
1852891
1852909
1852990
1853242
1853304
1853385
1853433
1853517
1853563
1853580
1853648
1853762
1853986
1854005
1854009
1854030
1854176
1854178
1854477
1854487
1854495
1854496
1854657
1854680
1855031
1855075
1855243
1855250
1855253
1855279
1855326
1855452
1855529
1855589
1855620
1855675
1855721
1855915
1856214
1856441
1856457
1856525
1856548
1856726
1856848
1857162
1857295
1857321
1857463
1857738
1857812
1857928
1857992
1858006
1858047
1858055
1858099
1858145
1858249
1858252
1858271
1858295
1858315
1858615
1858741
1858761
1858826
1858859
1858930
1858945
1859038
1859300
1859306
1859358
1859375
1859457
1859701
1859703
1859714
1859835
1859841
1859865
1859888
1859907
1859983
1860047
1860139
1860281
1860334
1860337
1860549
1860652
1860916
1860952
1861203
1861231
1861471
1861489
1861520
1861554
1861630
1861684
1861783
1861831
1861888
1861987
1862187
1862238
1862279
1862333
1862336
1862341
1862377
1862408
1862410
1862417
1862456
1862700
1862899
1863344
1863359
1863399
1863444
1863508
1863787
1864047
1864111
1864155
1864238
1864412
1864537
1864554
1864596
1864650
1864764
1864770
1864816
1864998
1865174
1865394
1865603
1865649
1865731
1865850
1865877
1866018
1866354
1866617
1866753
1866766
1866779
1866824
1866833
1866951
1866979
1866998
1867036
1867043
1867321
1867440
1867569
1867600
1867641
1867844
1867960
1868108
1868111
1868162
1868407
1868525
1868533
1868621
1868671
1868686
1868711
1868827
1868845
1868914
1869055
1869071
1869179
1869269
1869375
1869529
1869731
1869890
1869935
1870002
1870080
1870129
1870163
1870174
1870201
1870316
1870524
1870577
1870660
1870846
1870863
1870873
1870907
1870992
1871051
1871234
1871271
1871301
1871443
1871579
1871791
1872029
1872096
1872388
1872445
1872599
1872615
1872641
1872705
1872764
1872938
1873056
1873057
1873213
1873235
1873326
1873653
1873733
1873762
1873832
1873923
1873928
1873943
1874030
1874102
1874190
1874260
1874282
1874566
1874624
1874664
1874670
1874732
1874949
1875087
1875219
1875289
1875485
1875489
1875532
1875539
1875583
1875600
1875633
1875644
1875922
1876044
1876180
1876253
1876317
1876448
1876659
1876711
1876774
1877056
1877134
1877167
1877234
1877239
1877367
1877417
1877488
1877661
1877694
1877991
1877993
1878319
1878457
1878503
1878554
1878851
1879157
1879283
1879559
1879728
1879832
1880016
1880090
1880122
1880278
1880342
1880449
1880454
1880524
1880548
1880582
1880622
1880683
1880855
1880874
1881017
1881042
1881210
1881342
1881377
1881747
1881906
1881952
1881983
1881987
1882021
1882071
1882092
1882160
1882196
1882331
1882464
1882465
1882482
1882576
1882585
1882741
1882754
1882798
1882815
1882908
1882947
1882974
1882985
1883107
1883174
1883245
1883315
1883774
1883777
1883855
1883875
1884126
1884388
1884470
1884782
1884810
1884888
1884957
1885097
1885119
1885143
1885335
1885421
1885574
1885645
1885684
1885689
1885750
1885905
1886255
1886307
1886383
1886385
1886417
1886467
1886512
1886679
1886801
1886834
1886964
1886996
1887094
1887136
1887198
1887298
1887393
1887619
1888057
1888083
1888136
1888277
1888321
1888326
1888347
1888470
1888532
1888573
1888885
1888984
1889052
1889109
1889146
1889154
1889203
1889268
1889440
1889449
1889538
1889583
1889629
1889754
1889770
1889771
1889920
1889976
1890219
1890286
1890323
1890355
1890372
1890438
1890488
1890515
1890605
1890718
1890885
1891011
1891038
1891072
1891113
1891133
1891267
1891301
1891459
1891593
1891661
1891837
1891871
1891875
1891879
1892153
1892292
1892331
1892351
1892361
1892368
1892387
1892404
1892616
1892665
1892678
1892780
1892781
1892923
1892958
1893138
1893147
1893383
1893418
1893502
1893533
1893710
1893814
1893853
1893913
1894021
1894053
1894089
1894121
1894224
1894268
1894401
1894418
1894557
1894755
1894817
1894841
1894937
1894942
1895251
1895289
1895324
1895366
1895431
1895441
1895686
1895688
1895867
1895902
1896046
1896211
1896377
1896509
1896511
1896514
1896527
1896756
1896767
1896812
1896859
1897006
1897209
1897591
1897640
1897682
1897704
1897724
1898032
1898112
1898172
1898200
1898341
1898361
1898449
1898456
1898493
1898523
1898548
1898576
1898675
1898767
1898780
1898834
1898913
1899143
1899468
1899590
1899600
1899655
1899772
1899893
1899974
1899981
1900201
1900208
1900216
1900250
1900336
1900339
1900354
1900480
1900633
1900717
1900903
1901028
1901056
1901183
1901221
1901327
1901510
1901759
1901816
1901850
1902016
1902051
1902297
1902301
1902381
1902442
1902588
1902671
1902718
1902725
1902740
1903061
1903278
1903638
1903674
1903718
1903761
1903838
1903882
1903901
1904110
1904320
1904700
1904751
1904787
1904832
1904856
1905084
1905387
1905691
1905780
1905811
1905885
1905916
1906022
1906026
1906043
1906142
1906159
1906333
1906441
1906574
1906648
1906702
1906750
1906757
1906835
1907110
1907123
1907162
1907232
1907360
1907544
1907666
1907721
1907797
1907823
1907970
1908004
1908346
1908369
1908416
1908625
1908707
1908736
1908891
1908983
1908986
1909018
1909129
1909200
1909279
1909333
1909376
1909409
1909425
1909674
1909867
1909965
1910074
1910121
1910295
1910399
1910404
1910459
1910517
1910520
1910692
1910792
1911329
1911351
1911428
1911478
1911526
1911795
1911889
1911913
1912037
1912103
1912177
1912346
1912536
1912550
1912731
1912782
1912791
1912859
1912882
1912999
1913067
1913131
1913133
1913282
1913476
1913509
1913622
1913729
1913738
1913764
1913897
1914122
1914282
1914291
1914367
1914382
1914391
1914478
1914479
1914527
1914700
1914706
1914719
1914757
1914812
1914873
1914918
1915119
1915165
1915191
1915420
1915573
1915588
1915907
1916106
1916221
1916331
1916371
1916492
1916511
1916604
1916688
1916761
1916981
1917037
1917339
1917495
1917626
1917680
1917712
1917813
1917885
1917916
1917931
1918008
1918050
1918091
1918130
1918140
1918150
1918314
1918333
1918349
1918398
1918436
1918676
1918678
1918722
1918762
1918781
1918877
1918935
1919006
1919046
1919306
1919444
1919460
1919640
1919654
1919678
1919880
1920103
1920212
1920227
1920230
1920355
1920381
1920499
1920640
1920693
1920710
1920714
1920749
1920865
1920939
1920962
1921133
1921142
1921207
1921247
1921525
1921559
1921593
1921752
1922017
1922077
1922111
1922126
1922164
1922250
1922288
1922357
1922589
1922592
1922627
1922681
1922804
1922825
1922869
1923065
1923135
1923423
1923632
1923678
1923707
1923714
1923751
1924265
1924282
1924532
1924580
1924610
1924745
1924750
1924907
1925121
1925144
1925147
1925444
1925448
1925449
1925536
1925600
1925603
1925842
1926028
1926107
1926126
1926144
1926160
1926169
1926182
1926223
1926225
1926417
1926677
1926693
1926756
1926785
1926912
1927001
1927022
1927174
1927302
1927390
1927828
1928089
1928175
1928197
1928605
1928949
1929036
1929081
1929276
1929339
1929364
1930095
1930158
1930263
1930491
1930683
1930744
1930905
1930913
1930984
1931031
1931090
1931234
1931235
1931296
1931443
1931463
1931739
1932029
1932122
1932179
1932590
1932650
1932717
1932729
1933145
1933352
1933428
1933453
1933558
1933574
1933614
1933635
1933651
1933710
1933729
1933898
1933939
1934174
1934212
1934214
1934247
1934394
1934502
1934605
1934632
1934699
1934709
1934841
1934877
1934883
1934951
1935091
1935237
1935313
1935316
1935319
1935375
1935386
1935423
1935514
1935633
1935658
1935786
1935962
1936095
1936096
1936189
1936218
1936449
1936606
1936686
1936837
1936878
1937166
1937322
1937342
1937385
1937389
1937596
1937610
1937631
1937742
1937815
1937999
1938039
1938126
1938432
1938740
1938773
1938783
1938880
1938901
1938902
1939045
1939181
1939534
1939622
1939680
1939799
1939904
1939969
1940019
1940105
1940141
1940194
1940253
1940326
1940381
1940398
1940526
1940552
1940632
1940696
1941227
1941228
1941321
1941369
1941475
1941537
1941552
1941559
1941624
1941636
1941808
1942042
1942163
1942235
1942319
1942359
1942619
1942650
1942801
1943018
1943247
1943256
1943330
1943344
1943383
1943419
1943426
1943452
1943586
1943678
1943920
1944320
1944706
1944735
1944782
1944819
1944852
1945060
1945128
1945196
1945235
1945381
1945415
1945421
1945492
1945734
1945739
1945796
1945817
1945869
1945915
1945987
1946179
1946211
1946267
1946353
1946432
1946509
1946565
1946608
1946637
1946711
1946888
1946958
1947040
1947062
1947418
1947436
1947603
1947768
1947785
1947825
1947898
1947918
1947981
1948043
1948305
1948353
1948381
1948452
1948526
1948677
1948876
1948900
1949044
1949097
1949173
1949239
1949273
1949563
1949652
1949716
1949725
1949741
1949804
1949912
1949941
1950093
1950110
1950355
1950546
1950629
1950793
1950809
1950957
1950979
1951007
1951237
1951372
1951465
1951592
1951715
1951719
1951782
1951785
1951853
1951997
1952082
1952218
1952247
1952311
1952342
1952559
1952580
1952639
1952682
1952714
1952863
1952867
1952994
1953103
1953187
1953330
1953409
1953456
1953468
1953589
1953603
1953759
1953800
1953973
1953984
1954008
1954101
1954143
1954153
1954185
1954253
1954393
1954467
1954953
1955016
1955130
1955348
1955495
1955590
1955650
1955729
1955741
1955785
1955812
1955886
1955957
1955983
1956124
1956183
1956446
1956633
1956657
1956724
1956742
1956766
1956783
1956956
1956963
1957287
1957321
1957371
1957380
1957525
1957610
1957625
1957774
1957801
1957909
1958027
1958152
1958225
1958334
1958339
1958346
1958544
1958613
1958676
1958822
1958881
1958970
1959073
1959090
1959147
1959267
1959271
1959392
1959394
1959432
1959442
1959687
1959749
1959991
1960043
1960220
1960523
1960757
1960833
1960906
1960997
1961098
1961207
1961400
1961493
1961550
1961708
1961780
1961805
1962097
1962137
1962285
1962349
1962461
1962487
1962563
1962778
1962829
1962836
1962928
1962931
1963134
1963162
1963169
1963195
1963267
1963531
1963628
1963711
1963879
1963902
1964022
1964055
1964397
1964529
1964673
1964795
1964802
1964822
1964825
1964884
1964923
1965039
1965099
1965163
1965390
1965408
1965432
1965711
1965791
1965941
1965949
1965999
1966348
1966377
1966439
1966504
1966624
1966714
1966729
1966733
1966758
1966807
1966948
1966954
1966962
1966983
1966986
1966988
1966991
1967024
1967123
1967227
1967269
1967294
1967336
1967429
1967514
1967602
1967627
1967681
1967686
1967775
1968138
1968176
1968370
1968579
1968604
1968689
1968969
1969017
1969067
1969102
1969316
1969346
1969734
1969869
1969900
1969914
1970280
1970307
1970654
1970656
1970714
1970940
1970942
1970998
1971004
1971049
1971071
1971078
1971590
1971704
1971741
1971809
1971941
1972056
1972308
1972551
1972565
1972614
1972693
1972725
1972753
1972795
1972883
1972982
1973042
1973074
1973306
1973459
1973675
1973971
1974031
1974036
1974165
1974280
1974340
1974799
1974971
1974995
1975016
1975056
1975067
1975118
1975185
1975538
1975550
1975711
1975903
1975959
1975969
1976018
1976227
1976481
1976704
1976809
1976939
1977041
1977081
1977103
1977215
1977573
1977637
1977664
1977696
1977778
1977790
1977932
1977933
1977977
1977982
1978002
1978019
1978195
1978210
1978225
1978594
1978669
1978690
1978726
1978924
1979032
1979058
1979238
1979317
1979601
1979683
1979825
1980114
1980328
1980382
1980475
1980549
1980616
1980846
1980857
1981082
1981190
1981278
1981279
1981384
1981403
1981588
1981724
1981806
1982126
1982209
1982361
1982371
1982434
1982458
1982666
1982878
1983012
1983129
1983171
1983271
1983331
1983488
1983620
1983624
1983660
1983676
1984105
1984165
1984503
1984623
1984647
1984922
1985138
1985223
1985299
1985303
1985527
1985557
1985607
1985828
1985862
1985923
1985937
1985981
1986110
1986452
1986545
1986826
1987009
1987060
1987218
1987310
1987331
1987450
1987607
1987646
1987745
1987788
1987834
1987900
1987939
1987946
1988002
1988028
1988123
1988266
1988622
1988804
1988869
1988870
1988936
1989002
1989041
1989076
1989159
1989166
1989338
1989414
1989416
1989492
1989646
1989775
1989786
1989959
1990064
1990115
1990201
1990256
1990259
1990298
1990328
1990372
1990522
1990785
1990853
1990892
1990963
1990973
1990979
1991100
1991151
1991318
1991417
1991462
1991569
1991581
1991613
1991651
1991917
1992050
1992054
1992075
1992098
1992206
1992230
1992382
1992405
1992453
1992652
1992678
1992831
1992838
1992855
1992894
1992932
1992968
1992977
1993146
1993424
1993471
1993543
1993627
1993658
1993842
1993857
1994106
1994265
1994460
1994524
1994617
1994680
1994705
1994803
1994877
1994907
1995102
1995108
1995170
1995208
1995212
1995266
1995280
1995332
1995351
1995488
1995626
1995628
1996152
1996157
1996193
1996218
1996248
1996333
1996402
1996475
1996494
1996581
1996627
1996647
1996788
1996803
1996838
1996869
1996930
1996973
1997035
1997052
1997182
1997251
1997272
1997299
1997351
1997398
1997715
1997844
1997900
1998109
1998595
1998697
1998959
1999112
1999228
1999331
1999467
1999482
1999559
1999768
1999794
1999825
1999899
2000073
2000165
2000385
2000390
2000514
2000712
2001032
2001348
2001463
2001548
2001618
2001666
2001944
2002055
2002160
2002466
2002581
2002621
2002881
2003002
2003014
2003192
2003426
2003461
2003538
2003589
2003675
2003914
2004131
2004196
2004276
2004390
2004420
2004454
2004573
2004637
2004810
2004854
2004957
2005055
2005094
2005144
2005196
2005297
2005377
2005475
2005570
2005602
2005676
2005818
2005882
2005977
2006070
2006244
2006330
2006333
2006339
2006497
2006540
2006556
2006593
2006653
2006787
2006794
2006980
2007001
2007048
2007078
2007168
2007304
2007333
2007516
2007781
2008239
2008331
2008412
2008479
2008711
2008719
2008919
2008956
2008972
2008979
2009024
2009131
2009142
2009147
2009190
2009438
2009752
2009780
2009834
2009843
2010005
2010223
2010269
2010658
2010875
2010887
2011136
2011203
2011276
2011354
2011412
2011443
2011462
2011490
2011492
2011538
2011673
2011751
2012001
2012055
2012097
2012182
2012257
2012305
2012481
2012567
2012568
2012765
2013161
2013344
2013390
2013506
2013602
2013614
2013799
2013924
2014185
2014227
2014232
2014314
2014367
2014479
2014572
2014585
2014713
2014725
2014752
2015034
2015058
2015103
2015159
2015424
2015430
2015477
2015518
2015568
2015625
2015863
2016240
2016683
2016744
2016765
2016826
2016899
2016939
2017041
2017076
2017149
2017333
2017435
2017442
2018047
2018134
2018327
2018357
2018522
2018543
2018783
2018875
2018960
2019008
2019144
2019145
2019170
2019175
2019191
2019279
2019334
2019426
2019443
2019514
2019663
2019812
2019911
2019920
2019959
2020083
2020109
2020778
2020975
2021194
2021364
2021389
2021481
2021503
2021657
2022082
2022161
2022400
2022864
2022892
2022938
2023092
2023150
2023171
2023400
2023509
2023685
2023875
2023907
2024047
2024314
2024439
2024668
2024671
2024678
2024717
2024844
2024898
2025027
2025054
2025068
2025132
2025245
2025249
2025593
2025693
2025707
2025780
2025796
2025812
2026067
2026250
2026345
2026359
2026597
2026657
2026695
2026750
2026787
2026842
2026934
2027209
2027212
2027532
2027684
2027722
2027762
2027919
2027975
2028148
2028182
2028249
2028262
2028304
2028439
2028485
2028496
2028533
2028643
2028828
2028839
2028877
2029024
2029039
2029118
2029338
2029458
2029728
2029833
2030125
2030146
2030259
2030292
2030462
2030474
2030543
2030784
2030815
2030823
2030839
2030863
2030959
2031243
2031326
2031706
2031769
2031875
2031976
2032149
2032318
2032368
2032472
2032548
2032633
2032752
2032812
2032936
2032998
2033059
2033240
2033391
2033429
2033555
2033639
2033720
2033722
2033759
2033853
2033854
2033864
2033989
2034017
2034037
2034083
2034402
2034420
2034467
2034511
2034567
2034574
2034681
2034847
2034942
2035053
2035124
2035449
2035451
2035551
2035657
2035803
2035835
2035962
2036092
2036108
2036164
2036181
2036193
2036243
2036396
2036447
2036456
2036659
2036696
2037130
2037156
2037218
2037290
2037335
2037461
2037585
2037706
2037736
2037845
2038038
2038155
2038165
2038239
2038302
2038321
2038427
2038551
2038658
2038875
2038901
2038908
2038944
2038960
2039015
2039022
2039078
2039138
2039333
2039338
2039477
2039499
2039708
2039710
2039751
2040085
2040098
2040157
2040164
2040206
2040305
2040323
2040325
2040351
2040368
2040392
2040397
2040435
2040460
2040470
2040803
2040828
2040893
2041054
2041132
2041161
2041246
2041259
2041376
2041439
2041485
2041612
2041822
2042202
2042272
2042503
2042558
2042591
2042636
2042671
2042730
2042806
2042873
2043140
2043214
2043304
2043628
2043701
2043795
2043853
2043910
2043912
2044021
2044440
2044458
2044588
2044733
2044735
2044794
2044847
2044848
2044853
2044932
2044965
2045019
2045038
2045107
2045242
2045251
2045254
2045438
2045560
2045621
2045674
2045851
2045893
2045944
2045956
2046091
2046338
2046466
2046537
2046588
2046618
2046690
2046870
2046992
2047012
2047160
2047260
2047285
2047331
2047466
2047556
2047582
2047688
2047818
2047941
2047994
2047996
2048126
2048203
2048228
2048699
2048937
2048957
2048999
2049002
2049190
2049273
2049352
2049374
2049542
2049551
2049657
2049665
2049706
2049713
2049769
2049864
2049903
2049926
2050130
2050403
2050409
2050447
2050600
2050617
2050659
2050852
2051124
2051219
2051265
2051282
2051361
2051528
2051760
2052057
2052083
2052092
2052186
2052242
2052267
2052409
2052429
2052527
2052559
2052740
2052950
2053268
2053381
2053429
2053577
2053588
2053661
2053696
2053738
2053777
2053925
2054082
2054354
2054383
2054582
2054800
2055087
2055146
2055196
2055270
2055285
2055402
2055407
2055492
2055590
2055591
2055678
2055696
2055742
2055756
2056027
2056139
2056156
2056392
2056476
2056480
2056612
2056713
2056743
2056850
2057477
2057661
2057684
2057704
2057713
2057722
2057838
2057851
2058073
2058195
2058247
2058269
2058415
2058484
2058836
2058871
2058923
2058929
2059110
2059251
2059314
2059779
2059810
2059846
2059926
2059970
2059988
2060169
2060266
2060660
2060731
2060897
2060983
2061174
2061357
2061513
2061592
2061628
2061707
2061724
2061850
2061882
2061926
2062164
2062219
2062261
2062401
2062514
2062613
2062810
2062825
2062840
2062997
2063169
2063203
2063223
2063320
2063359
2063363
2063651
2063725
2063855
2063887
2064124
2064190
2064472
2064507
2064803
2064813
2064843
2065022
2065131
2065141
2065232
2065588
2065603
2065636
2065744
2065765
2065863
2066067
2066068
2066074
2066213
2066524
2066538
2066617
2066697
2066732
2066903
2067027
2067244
2067320
2067507
2067577
2067709
2067712
2067757
2067983
2068103
2068135
2068262
2068276
2068364
2068416
2068421
2068638
2068697
2068704
2068867
2068896
2068915
2069094
2069130
2069200
2069263
2069347
2069550
2069552
2069642
2069858
2070045
2070217
2070226
2070284
2070395
2070557
2070669
2070770
2070956
2071198
2071610
2071736
2071737
2071750
2071842
2071947
2071969
2072019
2072025
2072129
2072291
2072482
2072489
2072506
2072575
2072671
2072834
2072869
2072923
2072934
2072949
2073013
2073124
2073189
2073214
2073261
2073431
2073465
2073517
2073533
2073737
2073823
2074161
2074357
2074408
2074451
2074500
2074558
2074740
2074774
2075079
2075115
2075174
2075178
2075269
2075339
2075366
2075486
2075568
2075708
2075793
2075799
2075844
2075866
2076074
2076256
2076370
2076375
2076434
2076458
2076665
2076788
2076823
2076856
2077033
2077090
2077345
2077467
2077482
2077491
2077600
2077608
2077699
2077758
2077990
2078031
2078125
2078146
2078200
2078237
2078318
2078421
2078441
2078465
2078650
2078655
2078714
2078751
2079087
2079184
2079297
2079568
2079607
2079641
2079812
2079986
2080086
2080125
2080184
2080214
2080271
2080333
2080356
2080387
2080390
2080438
2080453
2080548
2080613
2080627
2081193
2081277
2081291
2081320
2081345
2081352
2081374
2081467
2081477
2081491
2081507
2081688
2081835
2081872
2081925
2082032
2082062
2082073
2082134
2082429
2082444
2082884
2083278
2083332
2083456
2083488
2083589
2083610
2084048
2084142
2084143
2084343
2084730
2084757
2084888
2084925
2084961
2085175
2085261
2085363
2085384
2085427
2085505
2085585
2085622
2085735
2085837
2085860
2086070
2086199
2086233
2086243
2086249
2086288
2086413
2086424
2086626
2086761
2086834
2086894
2086962
2086974
2087001
2087217
2087271
2087361
2087373
2087400
2087408
2087453
2087456
2087571
2087615
2087647
2087747
2087834
2087870
2087889
2087985
2088036
2088116
2088195
2088254
2088258
2088270
2088303
2088334
2088422
2088510
2088577
2088703
2088780
2088856
2088977
2089005
2089086
2089120
2089122
2089188
2089245
2089338
2089499
2089613
2089627
2089743
2089873
2089927
2089967
2090610
2090657
2090794
2090928
2090948
2091017
2091132
2091580
2091584
2091605
2091796
2091808
2091881
2092006
2092084
2092179
2092191
2092200
2092239
2092340
2092401
2092684
2092733
2092743
2093310
2093569
2093736
2093822
2093972
2094362
2094372
2094594
2094685
2094798
2095077
2095106
2095346
2095538
2095554
2095558
2095591
2095625
2095681
2095807
2095881
2096057
2096300
2096530
2096662
2096666
2096746
2096792
2096823
2096867
2096925
2096967
2097002
2097039
2097094
2097107
2097124
2097265
2097274
2097354
2097760
2097769
2097772
2097801
2097951
2098072
2098167
2098214
2098290
2098497
2098505
2098675
2098699
2098880
2098930
2099168
2099241
2099403
2099427
2099455
2099488
2099556
2099607
2099639
2099646
2099677
2099702
2099712
2099789
2099837
2099868
2099998
2100019
2100122
2100125
2100215
2100421
2100501
2100536
2100684
2101110
2101407
2101515
2101528
2101552
2101601
2101608
2101637
2101732
2101742
2101802
2101996
2102041
2102132
2102439
2102523
2102609
2102668
2102755
2102936
2102940
2102984
2103197
2103199
2103232
2103250
2103401
2103457
2103690
2103734
2103793
2103899
2103957
2104097
2104211
2104249
2104309
2104369
2104440
2104502
2104510
2104598
2104633
2104699
2104716
2104736
2104768
2105032
2105239
2105284
2105392
2105403
2105572
2105682
2106101
2106186
2106226
2106255
2106301
2106333
2106336
2106547
2106603
2106712
2106756
2106758
2106775
2106974
2107024
2107075
2107271
2107372
2107460
2107541
2107542
2107881
2107897
2108033
2108130
2108145
2108173
2108193
2108203
2108218
2108374
2108438
2108471
2108572
2108631
2108668
2108713
2108800
2108965
2109031
2109066
2109159
2109226
2109236
2109245
2109288
2109462
2109567
2109597
2109638
2109836
2109889
2109903
2110300
2110313
2110357
2110482
2110535
2110538
2110578
2110636
2110770
2110811
2110942
2110946
2110969
2111044
2111045
2111056
2111141
2111274
2111466
2111478
2111502
2111618
2111700
2111709
2111729
2111748
2111790
2111795
2111887
2111992
2112020
2112255
2112416
2112424
2112489
2112566
2112813
2112993
2113004
2113081
2113266
2113498
2113617
2113682
2114089
2114104
2114295
2114302
2114374
2114522
2114640
2114815
2115221
2115241
2115265
2115369
2115544
2115678
2115726
2115944
2115987
2116037
2116167
2116289
2116355
2116486
2116656
2116667
2116681
2116720
2116737
2116817
2116842
2116935
2117131
2117132
2117382
2117394
2117450
2117511
2117746
2117783
2117816
2117904
2118026
2118159
2118487
2118531
2118534
2118790
2118830
2118916
2118962
2119040
2119149
2119177
2119548
2119573
2119587
2119676
2119690
2119743
2119887
2119992
2120024
2120031
2120091
2120220
2120434
2120456
2120571
2120790
2120852
2120879
2120918
2121005
2121171
2121254
2121500
2121557
2121674
2121938
2122213
2122215
2122250
2122408
2122562
2122715
2122982
2123284
2123293
2123320
2123412
2123836
2123844
2123941
2124112
2124209
2124285
2124286
2125034
2125063
2125163
2125164
2125188
2125348
2125393
2125430
2125491
2125498
2125535
2125640
2125807
2125893
2126038
2126098
2126329
2126341
2126420
2126433
2126497
2126600
2126809
2126960
2127018
2127090
2127095
2127098
2127127
2127282
2127405
2127481
2127675
2127843
2127948
2127961
2128001
2128029
2128071
2128149
2128165
2128425
2128462
2128603
2128853
2128914
2128928
2128994
2129068
2129236
2129288
2129719
2130008
2130141
2130179
2130286
2130365
2130368
2130440
2130622
2130718
2130854
2130867
2130924
2130932
2131092
2131224
2131311
2131337
2131529
2131691
2131700
2131853
2131916
2131997
2132023
2132226
2132450
2132736
2132797
2132958
2133033
2133136
2133251
2133332
2133429
2133557
2133605
2133639
2133665
2133752
2133790
2133806
2133960
2134074
2134080
2134227
2134228
2134388
2134551
2134754
2134838
2134917
2134955
2134995
2134998
2135015
2135048
2135152
2135199
2135428
2135575
2135701
2135713
2135747
2135946
2136236
2136358
2136512
2136528
2136547
2136727
2136843
2136860
2137055
2137276
2137280
2137416
2137429
2137453
2137634
2137721
2137722
2137825
2137896
2137912
2138265
2138275
2138346
2138396
2138439
2138634
2138806
2139038
2139362
2139454
2139888
2139988
2140237
2140356
2140393
2140462
2140482
2140602
2140745
2140779
2140829
2140955
2141022
2141083
2141206
2141376
2141400
2141474
2141616
2141705
2141753
2141757
2141812
2141830
2141893
2142135
2142154
2142267
2142356
2142454
2142525
2142691
2142713
2143160
2143186
2143240
2143249
2143326
2143414
2143761
2144016
2144129
2144159
2144383
2144456
2144464
2144617
2144639
2144719
2144791
2144938
2145213
2145568
2145696
2145790
2146054
2146159
2146177
2146235
2146397
2146552
2146590
2146599
2146614
2146671
2146763
2146776
2146844
2146845
2146925
2146978
2146989
2147256
2147316
2147321
2147380
2147392
2147635
2147636
2147647
2147662
2147753
2147919
2148002
2148124
2148168
2148189
2148265
2148296
2148337
2148599
2148619
2148719
2148724
2148813
2148829
2149156
2149185
2149239
2149261
2149271
2149311
2149354
2149371
2149455
2149467
2149606
2149614
2149653
2149854
2149864
2149896
2149993
2150171
2150179
2150185
2150393
2150540
2150607
2150642
2150676
2150678
2150710
2150839
2150958
2150978
2150985
2151067
2151137
2151214
2151362
2151400
2151408
2151447
2151488
2151633
2151651
2151731
2151887
2151968
2152347
2152411
2152795
2152848
2152865
2152905
2153073
2153230
2153274
2153292
2153373
2153390
2153662
2153669
2153688
2153694
2153711
2153764
2153815
2153948
2154030
2154197
2154218
2154417
2154628
2154640
2154652
2154724
2154763
2155216
2155341
2155509
2155643
2155815
2155954
2156016
2156031
2156129
2156513
2156658
2156754
2157014
2157163
2157390
2157441
2157450
2157456
2157472
2157508
2157680
2157697
2157939
2158023
2158045
2158116
2158141
2158151
2158177
2158188
2158189
2158420
2158477
2158505
2158512
2158552
2158623
2158759
2158992
2159018
2159079
2159326
2159442
2159673
2159697
2159814
2159871
2159891
2159917
2159988
2160317
2160581
2160647
2160685
2160689
2160701
2160761
2160850
2160914
2160939
2161155
2161403
2161417
2161551
2161841
2161867
2161970
2162026
2162147
2162293
2162297
2162298
2162384
2162439
2162459
2162481
2162610
2162721
2162797
2162988
2163082
2163207
2163230
2163331
2163492
2163505
2163597
2163712
2163813
2163846
2163858
2163883
2163953
2163958
2164013
2164297
2164548
2164826
2164950
2165129
2165186
2165342
2165443
2165756
2165812
2165866
2165950
2166092
2166112
2166116
2166139
2166347
2166468
2166554
2166589
2166670
2166674
2166840
2166989
2167027
2167183
2167259
2167637
2167839
2167857
2167905
2167954
2168048
2168131
2168299
2168520
2168557
2168571
2168759
2168781
2168799
2168808
2169066
2169181
2169222
2169312
2169379
2169527
2169547
2169589
2169662
2169786
2169983
2170034
2170360
2170364
2170422
2170441
2170502
2170537
2170554
2170612
2170846
2170924
2170930
2171079
2171403
2171445
2171464
2171484
2171503
2171615
2171710
2171823
2172004
2172012
2172123
2172160
2172574
2172663
2172823
2172929
2172950
2173010
2173129
2173173
2173297
2173323
2173336
2173343
2173348
2173534
2173581
2173825
2174018
2174054
2174097
2174123
2174169
2174190
2174263
2174340
2174593
2174725
2174873
2175041
2175114
2175262
2175514
2175612
2175710
2175713
2175797
2175824
2175840
2176072
2176128
2176275
2176378
2176391
2176431
2176529
2176771
2176860
2176995
2177031
2177277
2177315
2177508
2177763
2177868
2177966
2178111
2178213
2178232
2178264
2178292
2178337
2178345
2178504
2178591
2178721
2178842
2179223
2179346
2179384
2179429
2179430
2179479
2179575
2179602
2179877
2180132
2180146
2180159
2180272
2180346
2180463
2180517
2180586
2180622
2180664
2180715
2180744
2180980
2180999
2181056
2181176
2181187
2181333
2181404
2181405
2181409
2181450
2181562
2181578
2181739
2181885
2182011
2182046
2182122
2182198
2182221
2182227
2182249
2182487
2182520
2182561
2182579
2182602
2182604
2182693
2182851
2182919
2183064
2183083
2183316
2183361
2183584
2183612
2183633
2183720
2183802
2183886
2183888
2183901
2183920
2183938
2184057
2184085
2184175
2184272
2184444
2184479
2184535
2184928
2184947
2185075
2185103
2185247
2185263
2185303
2185326
2185523
2185558
2185570
2185783
2185815
2185845
2185987
2186021
2186080
2186085
2186135
2186159
2186209
2186232
2186315
2186502
2186583
2186586
2186659
2186978
2187063
2187112
2187550
2187828
2188069
2188112
2188271
2188292
2188353
2188485
2188552
2188647
2188673
2188738
2188752
2188758
2188805
2188896
2189228
2189387
2189499
2189532
2189625
2189666
2189695
2189697
2189803
2189927
2190219
2190234
2190259
2190354
2190551
2190593
2190600
2190709
2190742
2191006
2191138
2191178
2191239
2191347
2191427
2191538
2191629
2191677
2191986
2192007
2192160
2192245
2192270
2192360
2192375
2192386
2192457
2192587
2192602
2192636
2192689
2192765
2192773
2192880
2192980
2193116
2193133
2193138
2193195
2193254
2193432
2193649
2193747
2193931
2194175
2194616
2194619
2194676
2194789
2194923
2195066
2195385
2195440
2195512
2195773
2195947
2196049
2196084
2196610
2196669
2196736
2196748
2196753
2196801
2196826
2196935
2196995
2197003
2197089
2197270
2197302
2197303
2197328
2197341
2197390
2197613
2197872
2197919
2197993
2198013
2198204
2198274
2198278
2198287
2198413
2198430
2198496
2198628
2198653
2198993
2199017
2199162
2199236
2199396
2199448
2199632
2199758
2199858
2199944
2200352
2200460
2200463
2200530
2200852
2201035
2201144
2201367
2201407
2201491
2201720
2201770
2202057
2202059
2202090
2202098
2202210
2202317
2202344
2202407
2202566
2202792
2202830
2202872
2202912
2202966
2202967
2203001
2203072
2203218
2203488
2203520
2203583
2203599
2203766
2204088
2204137
2204334
2204641
2204714
2204776
2204821
2204876
2204908
2205028
2205114
2205126
2205138
2205163
2205299
2205382
2205400
2205431
2205511
2205529
2205611
2205659
2205737
2205936
2206084
2206135
2206142
2206159
2206248
2206268
2206391
2206404
2206576
2206652
2206950
2206994
2207022
2207130
2207139
2207160
2207196
2207227
2207282
2207306
2207386
2207747
2207817
2208046
2208204
2208437
2208584
2208591
2208617
2208639
2208702
2208732
2208753
2208922
2209063
2209077
2209151
2209263
2209642
2209663
2209826
2209882
2210162
2210199
2210241
2210243
2210442
2210857
2210955
2211026
2211030
2211107
2211108
2211215
2211261
2211366
2211492
2211522
2211549
2211643
2212093
2212216
2212273
2212387
2212420
2212429
2212450
2212571
2212661
2212859
2212866
2213009
2213028
2213177
2213184
2213194
2213248
2213357
2213358
2213386
2213938
2213975
2214153
2214220
2214256
2214484
2214645
2214655
2214717
2214750
2214779
2214795
2214812
2214930
2214965
2215234
2215376
2215560
2215561
2215731
2215849
2215858
2215952
2215956
2215963
2216029
2216351
2216386
2216437
2216486
2216487
2216556
2216670
2217000
2217170
2217204
2217288
2217342
2217371
2217476
2217602
2217643
2217667
2217672
2217704
2217711
2217737
2217832
2217949
2217999
2218064
2218155
2218157
2218247
2218294
2218318
2218452
2218571
2218597
2218642
2218727
2218731
2218986
2219034
2219266
2219376
2219379
2219544
2219786
2219817
2219876
2219933
2220034
2220187
2220359
2220368
2220419
2220501
2220526
2220676
2220740
2220863
2220948
2220997
2221007
2221218
2221266
2221328
2221371
2221415
2221540
2221595
2221666
2221746
2221839
2221874
2221881
2221968
2222018
2222275
2222527
2222539
2222697
2222726
2222734
2222757
2222815
2222834
2222841
2222863
2222920
2222989
2222995
2223111
2223115
2223191
2223211
2223223
2223232
2223325
2223357
2223463
2223789
2224029
2224061
2224620
2224711
2224747
2225140
2225159
2225239
2225443
2225460
2225485
2225497
2225586
2225645
2225719
2226038
2226210
2226226
2226262
2226318
2226401
2226516
2226701
2226732
2226812
2226850
2227049
2227261
2227486
2227550
2227637
2227753
2227967
2227993
2228120
2228312
2228383
2228481
2228598
2228619
2228622
2228696
2228827
2229010
2229208
2229231
2229293
2229296
2229300
2229348
2229419
2229444
2229657
2229785
2229885
2229921
2230048
2230051
2230054
2230099
2230215
2230388
2230463
2230544
2230563
2230640
2230715
2230811
2230863
2230912
2231051
2231087
2231285
2231333
2231347
2231376
2231448
2231534
2231577
2231894
2232234
2232261
2232436
2232589
2232644
2232668
2233030
2233119
2233187
2233191
2233246
2233352
2233385
2233649
2233716
2233719
2233724
2233772
2233922
2233943
2233959
2233985
2234167
2234208
2234266
2234279
2234363
2234560
2234660
2234670
2234735
2234742
2234978
2235251
2235306
2235477
2235547
2235760
2235824
2236138
2236309
2236366
2236589
2236594
2236688
2236751
2236839
2236855
2236904
2237116
2237128
2237242
2237316
2237560
2237706
2237863
2238238
2238246
2238380
2238516
2238533
2238560
2238714
2238746
2238823
2238858
2238922
2239014
2239098
2239160
2239282
2239323
2239646
2239879
2239914
2239969
2240093
2240215
2240237
2240260
2240414
2240422
2240750
2240801
2240855
2240886
2240900
2240916
2241079
2241176
2241274
2241283
2241349
2241448
2241577
2241645
2241696
2242064
2242131
2242334
2242363
2242456
2242478
2242503
2242558
2242677
2242723
2242736
2242740
2242838
2242936
2242981
2243054
2243065
2243163
2243228
2243538
2243586
2243634
2243726
2243894
2243996
2244101
2244139
2244599
2244803
2244881
2244969
2245086
2245185
2245344
2245404
2245563
2245664
2245677
2245683
2245690
2245912
2245974
2246018
2246023
2246197
2246364
2246378
2246403
2246406
2246594
2246651
2246656
2246857
2246949
2247344
2247363
2247749
2247779
2247904
2247929
2248305
2248460
2248604
2248687
2248784
2249092
2249319
2249458
2249608
2249660
2249664
2249845
2249958
2250122
2250152
2250197
2250627
2250730
2250739
2250798
2250806
2250849
2250880
2250998
2251170
2251275
2251480
2251742
2251995
2252134
2252183
2252294
2252351
2252387
2252460
2252478
2252561
2252661
2252791
2252842
2252874
2253101
2253152
2253251
2253295
2253560
2253589
2253665
2253789
2254040
2254267
2254301
2254344
2254350
2254444
2254451
2254589
2254624
2254759
2254825
2254890
2254900
2254939
2254951
2254965
2255030
2255075
2255081
2255126
2255355
2255669
2255745
2255854
2255894
2256137
2256174
2256305
2256378
2256412
2256607
2256852
2256979
2257008
2257076
2257151
2257282
2257401
2257477
2257511
2257680
2257808
2258131
2258299
2258303
2258326
2258475
2258612
2258687
2258764
2258768
2258789
2258935
2258941
2258976
2259080
2259084
2259497
2259729
2259756
2259772
2259780
2259791
2260085
2260263
2260376
2260734
2260800
2260816
2260912
2260943
2261261
2261474
2261500
2261667
2261742
2261797
2262051
2262082
2262110
2262194
2262222
2262265
2262368
2262482
2262547
2262589
2262643
2262741
2262791
2262800
2263145
2263152
2263221
2263292
2263402
2263538
2263808
2263824
2263911
2263948
2264141
2264197
2264300
2264364
2264453
2264502
2264516
2264526
2264808
2264832
2264834
2264883
2264951
2264986
2265204
2265255
2265320
2265416
2265633
2265681
2265792
2265810
2265947
2266298
2266464
2266605
2266675
2266803
2266809
2266986
2266988
2267052
2267156
2267325
2267473
2267522
2267523
2267643
2267711
2267852
2267859
2267866
2267911
2268129
2268171
2268309
2268434
2268566
2268585
2268810
2268889
2268897
2268946
2268995
2269016
2269237
2269459
2269569
2269730
2269988
2269995
2270063
2270121
2270226
2270309
2270314
2270333
2270463
2270470
2270474
2270563
2270576
2270675
2270689
2271103
2271334
2271341
2271555
2271730
2271777
2271782
2271783
2271823
2271879
2271895
2271902
2272525
2272618
2272624
2272661
2272877
2272897
2272947
2273060
2273101
2273213
2273230
2273232
2273297
2273423
2273746
2273869
2274378
2274435
2274566
2274637
2274658
2274767
2274873
2274891
2274956
2275097
2275136
2275171
2275238
2275255
2275436
2275919
2276004
2276350
2276487
2276553
2276638
2276777
2276814
2276817
2276894
2276908
2276987
2277072
2277175
2277184
2277192
2277408
2277507
2277559
2277644
2277690
2277748
2277761
2277791
2277822
2277827
2278055
2278065
2278108
2278189
2278191
2278259
2278271
2278305
2278359
2278632
2278643
2278658
2278702
2278790
2278843
2278865
2278985
2278994
2279007
2279028
2279051
2279065
2279111
2279129
2279448
2279651
2279656
2279684
2279974
2280092
2280340
2280387
2280533
2280593
2280621
2280750
2280766
2280830
2280831
2280940
2281074
2281244
2281440
2281513
2281539
2281686
2281807
2281862
2281974
2281993
2282108
2282201
2282240
2282299
2282306
2282488
2282897
2283119
2283193
2283231
2283336
2283367
2283461
2283622
2283866
2283870
2283877
2283896
2283921
2283939
2284047
2284237
2284380
2284401
2284488
2284543
2284577
2284784
2284830
2284835
2284999
2285156
2285188
2285370
2285398
2285448
2285465
2285481
2285596
2285707
2285776
2285789
2285865
2285937
2286011
2286075
2286109
2286272
2286371
2286460
2286528
2286593
2286857
2286981
2287061
2287105
2287192
2287272
2287339
2287379
2287492
2287530
2287678
2287708
2287882
2288076
2288217
2288273
2288350
2288472
2288484
2288515
2288541
2288664
2288772
2288826
2288947
2288987
2289080
2289105
2289301
2289324
2289487
2289505
2289541
2289642
2289663
2289771
2289936
2290099
2290108
2290221
2290239
2290342
2290547
2290573
2290843
2290959
2291042
2291095
2291107
2291263
2291287
2291311
2291387
2291423
2291560
2291598
2291611
2291708
2292024
2292168
2292459
2292496
2292501
2292636
2292647
2292808
2292854
2292989
2293127
2293285
2293340
2293379
2293440
2293459
2293514
2293536
2293728
2293769
2293890
2293943
2294056
2294116
2294146
2294328
2294364
2294489
2294494
2294504
2294546
2294869
2294925
2294963
2295129
2295197
2295415
2295438
2295592
2295677
2295743
2295768
2295917
2296177
2296181
2296208
2296533
2296672
2296686
2296714
2296914
2296938
2296999
2297008
2297174
2297297
2297534
2297553
2297724
2297825
2297912
2297933
2298041
2298170
2298297
2298365
2298456
2298567
2298812
2299004
2299047
2299060
2299232
2299489
2299500
2299598
2299644
2299783
2299788
2299822
2299880
2299977
2300097
2300416
2300427
2300493
2300513
2300536
2300625
2300662
2300674
2300828
2300996
2301285
2301330
2301743
2301809
2301849
2301898
2302050
2302086
2302087
2302106
2302141
2302160
2302392
2302546
2302586
2302872
2302913
2302982
2303020
2303057
2303070
2303308
2303327
2303340
2303427
2303435
2303471
2303662
2303670
2303688
2303732
2304040
2304139
2304333
2304404
2304540
2304547
2304664
2304686
2304779
2304819
2305006
2305129
2305189
2305322
2305332
2305433
2305996
2306016
2306018
2306389
2306499
2306686
2306732
2306804
2306877
2306920
2307080
2307082
2307680
2307829
2308109
2308110
2308232
2308255
2308333
2308471
2308586
2308677
2308824
2308866
2309039
2309125
2309198
2309279
2309327
2309660
2310160
2310192
2310238
2310419
2310502
2310540
2310672
2310673
2310691
2310694
2310757
2310815
2310876
2311132
2311354
2311366
2311488
2311513
2311556
2311582
2311609
2311681
2311782
2311902
2311931
2312042
2312058
2312091
2312215
2312293
2312306
2312354
2312400
2312527
2312541
2312745
2312768
2312868
2312878
2312978
2313091
2313225
2313420
2313518
2313558
2313847
2314010
2314039
2314325
2314382
2314402
2314408
2314598
2314618
2314673
2314758
2314873
2314883
2314911
2314966
2315070
2315209
2315264
2315275
2315379
2315507
2315554
2315662
2315733
2315866
2315917
2315940
2315975
2316017
2316171
2316229
2316239
2316465
2316712
2316741
2316761
2316850
2317063
2317248
2317290
2317293
2317475
2317506
2317624
2317703
2317867
2317939
2318008
2318048
2318161
2318245
2318265
2318428
2318715
2318747
2318766
2318933
2319032
2319153
2319274
2319303
2319658
2319823
2319875
2319905
2319911
2319918
2320056
2320255
2320303
2320324
2320416
2320462
2320508
2320635
2320713
2320733
2320744
2320847
2320948
2320983
2321112
2321218
2321263
2321321
2321622
2321812
2321956
2321990
2322215
2322289
2322389
2322470
2322705
2322917
2323285
2323451
2323647
2323666
2323706
2323846
2323885
2323934
2323946
2324022
2324059
2324261
2324321
2324421
2324668
2324816
2324846
2324869
2325322
2325453
2325608
2325661
2325739
2325798
2325856
2325869
2325992
2325995
2326058
2326623
2326663
2326679
2326746
2326932
2326972
2327138
2327153
2327189
2327211
2327261
2327307
2327337
2327403
2327462
2327652
2327795
2327845
2327895
2327946
2328017
2328513
2328539
2328687
2328806
2328927
2328987
2329001
2329008
2329059
2329181
2329244
2329343
2329369
2329391
2329442
2329722
2329973
2330016
2330047
2330197
2330415
2330491
2330505
2330534
2330934
2331197
2331345
2331663
2331779
2331944
2332108
2332119
2332262
2332482
2332610
2332654
2332719
2332945
2333124
2333325
2333412
2333464
2333732
2333851
2334259
2334626
2334843
2334938
2334952
2335079
2335147
2335346
2335496
2335515
2335582
2335587
2335800
2335817
2335837
2335886
2336174
2336177
2336288
2336489
2336510
2336554
2336969
2336972
2336975
2337017
2337032
2337059
2337278
2337361
2337402
2337492
2337515
2337784
2337813
2337840
2338174
2338304
2338389
2338471
2338579
2338621
2338652
2338678
2338712
2338731
2338736
2338750
2339030
2339107
2339155
2339314
2339390
2339452
2339732
2339885
2339982
2340014
2340063
2340248
2340269
2340449
2340652
2341215
2341246
2341449
2341451
2341458
2341611
2341690
2341848
2341949
2341968
2342020
2342030
2342059
2342135
2342167
2342515
2342555
2342619
2342660
2342777
2342957
2343035
2343085
2343128
2343156
2343257
2343287
2343301
2343643
2343889
2343964
2343971
2344088
2344229
2344244
2344519
2344673
2344733
2344831
2344860
2344936
2345019
2345134
2345161
2345781
2345793
2346183
2346247
2346291
2346342
2346359
2346365
2346375
2346516
2346753
2346819
2347212
2347435
2347845
2348178
2348731
2348887
2348930
2349201
2349256
2349590
2349620
2349777
2349819
2349948
2350005
2350310
2350313
2350324
2350824
2351119
2351316
2351392
2351527
2351560
2351606
2351622
2351742
2352245
2352251
2352280
2352440
2352474
2352483
2352647
2352812
2352915
2353249
2353312
2353362
2353384
2353477
2353482
2353484
2353506
2353525
2353526
2353547
2353643
2353657
2353901
2353945
2354110
2354159
2354339
2354353
2354606
2354616
2354698
2354993
2355229
2355255
2355312
2355402
2355488
2355752
2355780
2355795
2355903
2355929
2356079
2356514
2356559
2356774
2356970
2357146
2357349
2357373
2357377
2357497
2357505
2357663
2357748
2357898
2358156
2358176
2358211
2358228
2358395
2358483
2358504
2358583
2358593
2358594
2358906
2359000
2359011
2359016
2359224
2359419
2359443
2359562
2359587
2359595
2359654
2359748
2359778
2360273
2360465
2360551
2360603
2360694
2360781
2360876
2360969
2361022
2361283
2361489
2361611
2361813
2362179
2362267
2362338
2362397
2362683
2362843
2362925
2363257
2363326
2363423
2363469
2363635
2363804
2363861
2364155
2364247
2364250
2364376
2364431
2364562
2364573
2364823
2364902
2364989
2365151
2365223
2365700
2365760
2365800
2365993
2366146
2366327
2366358
2366393
2366648
2366906
2367121
2367132
2367155
2367194
2367199
2367277
2367381
2367494
2367632
2367768
2367813
2367819
2367878
2367882
2368275
2368287
2368303
2368318
2368548
2368616
2368623
2368790
2369160
2369245
2369271
2369282
2369323
2369368
2369566
2369577
2369657
2369732
2369806
2369864
2370097
2370146
2370152
2370259
2370380
2370506
2370578
2370591
2370739
2370786
2370862
2370896
2370952
2370997
2371232
2371357
2371454
2371492
2371697
2371823
2372302
2372391
2372504
2372515
2372735
2372783
2372940
2373193
2373214
2373399
2373416
2373466
2373623
2373728
2373763
2373820
2373970
2373986
2374025
2374081
2374357
2374538
2374641
2374672
2374676
2374944
2374946
2375227
2375445
2375508
2375512
2375885
2375931
2376426
2376468
2376636
2376739
2376740
2376765
2376857
2376865
2376885
2376949
2377186
2377218
2377492
2377607
2377630
2377750
2377788
2377898
2377928
2377996
2378019
2378051
2378088
2378182
2378194
2378319
2378498
2378506
2378560
2378580
2378596
2378597
2378784
2378847
2379098
2379167
2379169
2379184
2379274
2379380
2379399
2379593
2379633
2379712
2380235
2380251
2380258
2380516
2380637
2380645
2380663
2380718
2380867
2381066
2381086
2381161
2381192
2381194
2381253
2381463
2381467
2381566
2381715
2381727
2381854
2382067
2382228
2382832
2382842
2383085
2383131
2383171
2383321
2383504
2383712
2383827
2383828
2383832
2383852
2383983
2384026
2384256
2384338
2384343
2384391
2384516
2384677
2384805
2384896
2384957
2384997
2385061
2385870
2385971
2385989
2386147
2386148
2386177
2386188
2386199
2386241
2386319
2386411
2386853
2386984
2387109
2387587
2387778
2387793
2387933
2387944
2388116
2388162
2388167
2388185
2388268
2388289
2388395
2388544
2388596
2388627
2388660
2388685
2388820
2389120
2389248
2389366
2389388
2389404
2389471
2389496
2389553
2389852
2389978
2389989
2390166
2390195
2390321
2390429
2390526
2390565
2390668
2390707
2390759
2390803
2390893
2390914
2390966
2391370
2391427
2391607
2391841
2391883
2392067
2392381
2392447
2392674
2392678
2392714
2392793
2392834
2392979
2392994
2393002
2393080
2393099
2393203
2393421
2393570
2393607
2393753
2393775
2393780
2393858
2394219
2394549
2394668
2394763
2394786
2394917
2395234
2395317
2395336
2395355
2395523
2395649
2395739
2395869
2396151
2396159
2396222
2396244
2396314
2396382
2396410
2396490
2396539
2396752
2396833
2396889
2396964
2397048
2397073
2397095
2397097
2397207
2397254
2397533
2397653
2397839
2397874
2398019
2398032
2398197
2398281
2398315
2398454
2398485
2398557
2398709
2398858
2398875
2398933
2398968
2399139
2399213
2399245
2399267
2399270
2399414
2399477
2399578
2399583
2399656
2399989
2400162
2400313
2400471
2400525
2400825
2400854
2401200
2401243
2401351
2401370
2401547
2401617
2401734
2401743
2401856
2401900
2401907
2401913
2401914
2402118
2402138
2402189
2402246
2402386
2402849
2402869
2402930
2403150
2403201
2403210
2403385
2403583
2403701
2403710
2403803
2403863
2403916
2403985
2404070
2404250
2404292
2404319
2404877
2404879
2404937
2404962
2405082
2405372
2405402
2405598
2405807
2405935
2406097
2406265
2406313
2406463
2406710
2406806
2406838
2406863
2406890
2406984
2407204
2407336
2407506
2407628
2407676
2407726
2407750
2407778
2407789
2407949
2407953
2407957
2408004
2408013
2408016
2408061
2408109
2408568
2408622
2408634
2408708
2408804
2408888
2408925
2409086
2409221
2409349
2409466
2409476
2409482
2409577
2409759
2409909
2410108
2410181
2410246
2410253
2410301
2410366
2410425
2410536
2410699
2410789
2410795
2410940
2410960
2410995
2411035
2411138
2411198
2411274
2411631
2411657
2411740
2411857
2411909
2412031
2412095
2412109
2412115
2412240
2412279
2412292
2412306
2412373
2412581
2412770
2412783
2412814
2413099
2413143
2413163
2413292
2413309
2413408
2413579
2413600
2413908
2413981
2413994
2413996
2414012
2414094
2414282
2414385
2414517
2414576
2414609
2414639
2414825
2414861
2415065
2415100
2415107
2415353
2415407
2415475
2415732
2415935
2416029
2416141
2416254
2416362
2416421
2416436
2416556
2416636
2416752
2416834
2416975
2416994
2417019
2417036
2417129
2417311
2417317
2417346
2417410
2417504
2418036
2418435
2418595
2418760
2418761
2418918
2419199
2419322
2419343
2419393
2419481
2419503
2419649
2419925
2419983
2419996
2420059
2420061
2420074
2420154
2420330
2420470
2420512
2420669
2420792
2420811
2420889
2420901
2420913
2421040
2421142
2421396
2421489
2421522
2421737
2421760
2422149
2422479
2422577
2422704
2422745
2422869
2422906
2422962
2423038
2423228
2423285
2423344
2423447
2423534
2423540
2423563
2423591
2423592
2423669
2423727
2423778
2423838
2424231
2424249
2424512
2424731
2424848
2424998
2425049
2425188
2425238
2425375
2425433
2425489
2425556
2425754
2425822
2426047
2426205
2426464
2426761
2426984
2427061
2427169
2427244
2427346
2427360
2427451
2427553
2427568
2427782
2427811
2427828
2427830
2427864
2427968
2428033
2428179
2428371
2428372
2428380
2428420
2428562
2428615
2428621
2428772
2428814
2428899
2428928
2429139
2429239
2429257
2429433
2429692
2429716
2429866
2429952
2430003
2430127
2430211
2430225
2430238
2430328
2430446
2430571
2430693
2430727
2430732
2431036
2431149
2431349
2431350
2431411
2431584
2431658
2431677
2431843
2431865
2431866
2431887
2431910
2432134
2432240
2432515
2432749
2432776
2432893
2432916
2432959
2432998
2433181
2433350
2433405
2433413
2433551
2433582
2433675
2433703
2433775
2433886
2433887
2433952
2434030
2434039
2434207
2434245
2434441
2434831
2434931
2434956
2434966
2435053
2435092
2435195
2435272
2435332
2435853
2435862
2436208
2436278
2436284
2436464
2436478
2436699
2436716
2436735
2436779
2436840
2436851
2436969
2437054
2437274
2437281
2437363
2437515
2437542
2437650
2437713
2437714
2437859
2437875
2437944
2437952
2437955
2437993
2438344
2438428
2438484
2438494
2438647
2438655
2438696
2438711
2438713
2438817
2438827
2438828
2438890
2439009
2439031
2439137
2439171
2439196
2439215
2439323
2439401
2439488
2439628
2439642
2439708
2440500
2440535
2440647
2440827
2440856
2440933
2441074
2441129
2441218
2441307
2441391
2441514
2441516
2441983
2442120
2442167
2442229
2442285
2442475
2442615
2442629
2442786
2442963
2442983
2443245
2443271
2443479
2443731
2443790
2443886
2443971
2443994
2444012
2444053
2444263
2444321
2444363
2444437
2444538
2444614
2444792
2444848
2444858
2444935
2445007
2445054
2445178
2445375
2445389
2445742
2445942
2445976
2445998
2446020
2446111
2446210
2446277
2446520
2446573
2446634
2446698
2446930
2446970
2447139
2447425
2447459
2447559
2447639
2447651
2447699
2447740
2447852
2447860
2447873
2448034
2448234
2448315
2448419
2448463
2448569
2448599
2448936
2449044
2449289
2449367
2449384
2449418
2449465
2449476
2449698
2449723
2449832
2449967
2450332
2450367
2450496
2450508
2450533
2450536
2450588
2450714
2450734
2450940
2450964
2450967
2451022
2451029
2451061
2451279
2451308
2451337
2451455
2451472
2451635
2451732
2451762
2451802
2451907
2451984
2452049
2452079
2452183
2452202
2452247
2452447
2452551
2452895
2453160
2453185
2453411
2453425
2453478
2453549
2453650
2453827
2453903
2453930
2454052
2454105
2454207
2454364
2454441
2454448
2454612
2454646
2454731
2454779
2454851
2454971
2455325
2455531
2455637
2455727
2455730
2455742
2455795
2455806
2456000
2456259
2456377
2456497
2456578
2456839
2456869
2456877
2457345
2457358
2457360
2457756
2457778
2457781
2457886
2457913
2458004
2458084
2458251
2458274
2458352
2458439
2458487
2458617
2458639
2458847
2458934
2458941
2459136
2459288
2459613
2459628
2459677
2459705
2459801
2459952
2459974
2460225
2460277
2460301
2460383
2460415
2460654
2460710
2460785
2460804
2460877
2460913
2461099
2461528
2461625
2461800
2462175
2462279
2462282
2462362
2462507
2462582
2462702
2462826
2462947
2462997
2463076
2463101
2463203
2463230
2463242
2463319
2463493
2463498
2463554
2463854
2463918
2463958
2463997
2464174
2464180
2464188
2464293
2464326
2464340
2464480
2464763
2464784
2464978
2465071
2465088
2465259
2465310
2465339
2465535
2465544
2465725
2465762
2465795
2466055
2466115
2466124
2466197
2466258
2466459
2466577
2466604
2466607
2466728
2466906
2466973
2467199
2467269
2467297
2467470
2467493
2467626
2467670
2467727
2467748
2467853
2467927
2468079
2468158
2468262
2468266
2468358
2468360
2468562
2468586
2468620
2469127
2469153
2469221
2469267
2469342
2469370
2469490
2469539
2469683
2469688
2469694
2469721
2469784
2469825
2469902
2470136
2470204
2470282
2470464
2470517
2470591
2470670
2470767
2470994
2471002
2471139
2471297
2471659
2471772
2471787
2471829
2471866
2472045
2472257
2472286
2472492
2472528
2472636
2472711
2472721
2472997
2473103
2473530
2473602
2473644
2473763
2473785
2473807
2473930
2473935
2474003
2474283
2474332
2474433
2474542
2474962
2475106
2475108
2475203
2475251
2475260
2475305
2475395
2475680
2475723
2475741
2475801
2475845
2475897
2475985
2476053
2476117
2476128
2476283
2476511
2476586
2476715
2476717
2476720
2476789
2476947
2476954
2476959
2477412
2477452
2477455
2477643
2477802
2477940
2478007
2478066
2478285
2478422
2478431
2478642
2478653
2478981
2479060
2479114
2479273
2479286
2479313
2479362
2479381
2479838
2479841
2479872
2480043
2480079
2480147
2480293
2480577
2480604
2480619
2480799
2480899
2480975
2481027
2481083
2481235
2481476
2481599
2481637
2481922
2481936
2482049
2482144
2482158
2482186
2482239
2482246
2482266
2482544
2482558
2482588
2482630
2482669
2482714
2482733
2482771
2482792
2482857
2482906
2482926
2483078
2483185
2483289
2483310
2483353
2483592
2483641
2483711
2483728
2483851
2484082
2484732
2484784
2484894
2484926
2484947
2485173
2485242
2485304
2485310
2485329
2485403
2485469
2485474
2485588
2485836
2485871
2485918
2485922
2485938
2486073
2486146
2486173
2486213
2486336
2486461
2486685
2486699
2486726
2486727
2487111
2487135
2487256
2487361
2487470
2487553
2487826
2487972
2488089
2488097
2488249
2488311
2488540
2488907
2488989
2489086
2489245
2489292
2489351
2489499
2489546
2489628
2489766
2489862
2489931
2490036
2490067
2490105
2490134
2490324
2490342
2490385
2490549
2490560
2490580
2490627
2490750
2490880
2490993
2491397
2491760
2491789
2491795
2491958
2492214
2492265
2492354
2492368
2492513
2492529
2492654
2492726
2492771
2492869
2492959
2493022
2493204
2493235
2493268
2493328
2493335
2493424
2493425
2493729
2493851
2493915
2493939
2493957
2493966
2494122
2494413
2494417
2494460
2494473
2494474
2494478
2494532
2494919
2495054
2495337
2495388
2495508
2495635
2495708
2495777
2495836
2495920
2496002
2496155
2496301
2496336
2496509
2496514
2496595
2496648
2496665
2496687
2496786
2496789
2496838
2496952
2497110
2497115
2497257
2497362
2497370
2497425
2497483
2497932
2498135
2498162
2498208
2498218
2498432
2498498
2498791
2498845
2498927
2498971
2499011
2499126
2499212
2499229
2499292
2499306
2499320
2499394
2499578
2499601
2499745
2499773
2499801
2499935
2499962
2500132
2500213
2500344
2500424
2500439
2500456
2500514
2500560
2500722
2500871
2500894
2500995
2501013
2501021
2501123
2501150
2501161
2501227
2501240
2501275
2501285
2501297
2501433
2501440
2501646
2501848
2502185
2502284
2502454
2502480
2502485
2502778
2502904
2503030
2503154
2503248
2503346
2503492
2503539
2503580
2503716
2503897
2503981
2504007
2504072
2504252
2504292
2504436
2504500
2504701
2504745
2504766
2504892
2504911
2504948
2504969
2505038
2505247
2505404
2505467
2505483
2505575
2505834
2505923
2506096
2506261
2506406
2506510
2506593
2506639
2506678
2506734
2507012
2507031
2507119
2507233
2507314
2507338
2507516
2507550
2507619
2507668
2507675
2507792
2507902
2508022
2508048
2508060
2508200
2508295
2508365
2508430
2508613
2508664
2508692
2508947
2509070
2509089
2509128
2509201
2509307
2509479
2509840
2509893
2509907
2510032
2510514
2510642
2510928
2510937
2511023
2511156
2511190
2511426
2511437
2511458
2511751
2511754
2512183
2512213
2512232
2512360
2512494
2512599
2512700
2512703
2512843
2512956
2513016
2513072
2513147
2513278
2513297
2513316
2513337
2513745
2513861
2513939
2513978
2514175
2514512
2514549
2515001
2515052
2515150
2515264
2515277
2515365
2515429
2515528
2515632
2515681
2515715
2515800
2515807
2516026
2516028
2516101
2516196
2516297
2516363
2516442
2516569
2516578
2516626
2516948
2517048
2517373
2517453
2517460
2517572
2517764
2517912
2517987
2518138
2518207
2518225
2518246
2518324
2518426
2518694
2518704
2518776
2518826
2518861
2518936
2519064
2519199
2519246
2519273
2519357
2519422
2519762
2519781
2519815
2519876
2519998
2520134
2520193
2520594
2520632
2520642
2520719
2520810
2520876
2521140
2521173
2521328
2521500
2521589
2521599
2521699
2521726
2521876
2522122
2522296
2522310
2522443
2522666
2522723
2522726
2522899
2522985
2523014
2523082
2523230
2523291
2523371
2523394
2523443
2523506
2523613
2523658
2523715
2523735
2523845
2523862
2523864
2523975
2524278
2524461
2524514
2524626
2524654
2524688
2524864
2525050
2525205
2525251
2525528
2525707
2525786
2525937
2525970
2526170
2526378
2526428
2526595
2526899
2526939
2526949
2526973
2527086
2527398
2527411
2527700
2527704
2527898
2527921
2528082
2528364
2528394
2528423
2528724
2528763
2528773
2528883
2528956
2529027
2529160
2529201
2529240
2529355
2529357
2529464
2529603
2529608
2529653
2529878
2529921
2529968
2530227
2530247
2530326
2530460
2530483
2530485
2530503
2530534
2530612
2530962
2531118
2531124
2531139
2531152
2531172
2531262
2531279
2531282
2531341
2531466
2531652
2531707
2531761
2531772
2531778
2531903
2532041
2532303
2532476
2532581
2532591
2532625
2532689
2532864
2532928
2532934
2533021
2533069
2533219
2533298
2533424
2533465
2533500
2534048
2534139
2534236
2534363
2534369
2534688
2534755
2535040
2535321
2535430
2535809
2535811
2535847
2535937
2536287
2536494
2536513
2536523
2536558
2536577
2536741
2536744
2536966
2537333
2537378
2537546
2537810
2537870
2537979
2538258
2538371
2538377
2538393
2538457
2538527
2538695
2538737
2538791
2538959
2538980
2539072
2539364
2539460
2539512
2540028
2540186
2540273
2540393
2540436
2540534
2540596
2540685
2540696
2540703
2540888
2541174
2541350
2541482
2541520
2541681
2541711
2541793
2541794
2541801
2542056
2542080
2542225
2542244
2542368
2542388
2542391
2542409
2542467
2542577
2542657
2542803
2543244
2543328
2543421
2543449
2543471
2543726
2543781
2543830
2543871
2543918
2544061
2544124
2544176
2544182
2544191
2544267
2544349
2544409
2544479
2544520
2544607
2544884
2544935
2544968
2545149
2545241
2545328
2545398
2545463
2545574
2545595
2545664
2545722
2545756
2545891
2545919
2546008
2546046
2546060
2546080
2546208
2546311
2546394
2546494
2546538
2546689
2547015
2547108
2547123
2547223
2547341
2547387
2547404
2547564
2547601
2547861
2547984
2548220
2548400
2548402
2548418
2548449
2548588
2548667
2548843
2548947
2548959
2548968
2548969
2549231
2549247
2549315
2549446
2549534
2549871
2550105
2550215
2550235
2550352
2550541
2550552
2550633
2550957
2550981
2551028
2551057
2551334
2551371
2551386
2551508
2551590
2551808
2552204
2552264
2552274
2552435
2552520
2552551
2552591
2552633
2552776
2552792
2552838
2552865
2552966
2553292
2553349
2553354
2553416
2553457
2553503
2553713
2554026
2554089
2554090
2554211
2554294
2554573
2554574
2554707
2554752
2554795
2555134
2555163
2555241
2555297
2555528
2555549
2555758
2555767
2555940
2556010
2556056
2556113
2556216
2556474
2556627
2556693
2556731
2556767
2556848
2556867
2556990
2557090
2557131
2557159
2557401
2557540
2557780
2557873
2557908
2557972
2558026
2558089
2558343
2558492
2558518
2558539
2558734
2558860
2558879
2558897
2558905
2558948
2559103
2559141
2559169
2559371
2559439
2559528
2559594
2559720
2559748
2559856
2560076
2560089
2560169
2560188
2560194
2560305
2560381
2560487
2560494
2560543
2560858
2560878
2560882
2560962
2561066
2561073
2561137
2561171
2561181
2561186
2561238
2561309
2561325
2561420
2561422
2561479
2561492
2561496
2561647
2561683
2561692
2561711
2561762
2561883
2562324
2562848
2562879
2562890
2563057
2563293
2563365
2563421
2563516
2563611
2563735
2563740
2563855
2563971
2564170
2564224
2564252
2564262
2564461
2564619
2564712
2564835
2564903
2564996
2565004
2565097
2565113
2565298
2565502
2565535
2565536
2565826
2565827
2566239
2566245
2566255
2566289
2566317
2566445
2566540
2566617
2566843
2567163
2567457
2567529
2567561
2567590
2567643
2567715
2567810
2567900
2568040
2568149
2568179
2568238
2568362
2568423
2568494
2568568
2568644
2568868
2569051
2569112
2569191
2569224
2569520
2569534
2569709
2569727
2569729
2569796
2569803
2569910
2569934
2569968
2570227
2570341
2570363
2570569
2570707
2570756
2570851
2570951
2571057
2571371
2571421
2571454
2571527
2571691
2571901
2571960
2571977
2572027
2572204
2572331
2572337
2572375
2572445
2572459
2572536
2572608
2572664
2572730
2572746
2573096
2573097
2573138
2573291
2573363
2573407
2573488
2573671
2573865
2573919
2573985
2574025
2574047
2574237
2574239
2574316
2574335
2574434
2574522
2574530
2574761
2575045
2575274
2575300
2575316
2575318
2575371
2575492
2575584
2575812
2575878
2576100
2576328
2576382
2576647
2576702
2576938
2577007
2577091
2577300
2577336
2577501
2577555
2577715
2577836
2577855
2577873
2577878
2578050
2578441
2578445
2578636
2578742
2578768
2578883
2579123
2579125
2579163
2579217
2579239
2579241
2579244
2579283
2579343
2579411
2579510
2579791
2579909
2580017
2580142
2580190
2580275
2580470
2580620
2580661
2580694
2580698
2580766
2580877
2580929
2581073
2581094
2581143
2581160
2581400
2581465
2581561
2581586
2581724
2581757
2581893
2581984
2582381
2582435
2582761
2583031
2583081
2583128
2583299
2583321
2583388
2583501
2583600
2583798
2584115
2584251
2584343
2584470
2584644
2584770
2584849
2584871
2584873
2584884
2584885
2584935
2585205
2585219
2585235
2585265
2585351
2585467
2585689
2585852
2586017
2586118
2586137
2586157
2586284
2586301
2586340
2586432
2586513
2586577
2586587
2586732
2586754
2586755
2586850
2586863
2586979
2586982
2587068
2587121
2587152
2587153
2587320
2587379
2587392
2587411
2587517
2587551
2587809
2587926
2588027
2588284
2588482
2588651
2588681
2588692
2588696
2588876
2588880
2588972
2589063
2589098
2589181
2589609
2589630
2589662
2589676
2589681
2589713
2589722
2590081
2590084
2590269
2590308
2590335
2590343
2590347
2590352
2590398
2590880
2590890
2590953
2591083
2591308
2591317
2591357
2591645
2591680
2591738
2591762
2592002
2592034
2592141
2592225
2592234
2592322
2592348
2592428
2592501
2592601
2592674
2592751
2592773
2592928
2592987
2593059
2593085
2593103
2593275
2593334
2593347
2593691
2593693
2593858
2594188
2594280
2594291
2594309
2594664
2594682
2594709
2594817
2594868
2594897
2594941
2595003
2595081
2595091
2595124
2595204
2595321
2595339
2595352
2595383
2595539
2595563
2595658
2595700
2595869
2595915
2596044
2596138
2596247
2596335
2596614
2596628
2596896
2596985
2597028
2597090
2597246
2597318
2597433
2597534
2597741
2597748
2597852
2597884
2597935
2597979
2598053
2598070
2598189
2598529
2598636
2598637
2598671
2598685
2598719
2598806
2598868
2598906
2598979
2599065
2599095
2599156
2599196
2599355
2599387
2599455
2599619
2599643
2599682
2600004
2600330
2600389
2600426
2600427
2600682
2600743
2600807
2600867
2600996
2601055
2601286
2601454
2601463
2601726
2601880
2602189
2602298
2602491
2602494
2602614
2602629
2602702
2602776
2602841
2603031
2603046
2603264
2603465
2603680
2603717
2603786
2603859
2604076
2604093
2604245
2604533
2604870
2604889
2605204
2605384
2605426
2605446
2605631
2605738
2605817
2605847
2606068
2606244
2606523
2606654
2606742
2606918
2606932
2606943
2606994
2607069
2607257
2607317
2607466
2607521
2607537
2607608
2607631
2607656
2607695
2607781
2607956
2607983
2608539
2608585
2608701
2608880
2609012
2609108
2609132
2609209
2609378
2609405
2609420
2609694
2609705
2609804
2609889
2610078
2610134
2610316
2610533
2610548
2610768
2610773
2610829
2610938
2611084
2611288
2611418
2611545
2611600
2611656
2611703
2611806
2612141
2612276
2612329
2612466
2612581
2612632
2612833
2612900
2612994
2613069
2613155
2613420
2613483
2613516
2613622
2613633
2613678
2613750
2613973
2614066
2614076
2614149
2614151
2614306
2614484
2614529
2614576
2614681
2614791
2614850
2614857
2614936
2615002
2615079
2615093
2615135
2615152
2615206
2615297
2615301
2615444
2615655
2615724
2615768
2616019
2616223
2616241
2616248
2616592
2616622
2616658
2616781
2616812
2616909
2616921
2616938
2616982
2617001
2617489
2617530
2617605
2617844
2618091
2618183
2618291
2618301
2618314
2618344
2618396
2618454
2618491
2618531
2618559
2618614
2618742
2618802
2618935
2618949
2618959
2618971
2619214
2619322
2619348
2619398
2619466
2619535
2619873
2619897
2619912
2619919
2619974
2620158
2620182
2620258
2620350
2620368
2620458
2620664
2620706
2620766
2620860
2620867
2620887
2621000
2621083
2621124
2621285
2621438
2621558
2621720
2621768
2621799
2621839
2622011
2622090
2622181
2622453
2622466
2622743
2622793
2622842
2622911
2623054
2623339
2623370
2623495
2623517
2623839
2623846
2623915
2624139
2624154
2624362
2624417
2624467
2624479
2624485
2624680
2624905
2625029
2625062
2625515
2625688
2625700
2625706
2625984
2626315
2626427
2626467
2626653
2626754
2626795
2626813
2626858
2627251
2627340
2627397
2627479
2627927
2627947
2628130
2628347
2628514
2628740
2628852
2629175
2629185
2629300
2629373
2629376
2629401
2629433
2629561
2629588
2629674
2629713
2629724
2629909
2630004
2630064
2630156
2630311
2630406
2630431
2630451
2630512
2630534
2630693
2630892
2631106
2631144
2631149
2631236
2631277
2631288
2631308
2631356
2631396
2631469
2631476
2631697
2631704
2631790
2631813
2631865
2631901
2631904
2632037
2632087
2632303
2632507
2632676
2632940
2633017
2633043
2633089
2633101
2633107
2633464
2633520
2633523
2633537
2633551
2633569
2633597
2633599
2633650
2633667
2633707
2633737
2633914
2634134
2634166
2634215
2634258
2634261
2634342
2634549
2634634
2634703
2634822
2635073
2635232
2635287
2635354
2635470
2635667
2636038
2636219
2636282
2636406
2636413
2636428
2636496
2636743
2636818
2636824
2636856
2637080
2637087
2637127
2637156
2637256
2637336
2637355
2637381
2637384
2637396
2637439
2637450
2637540
2637569
2637728
2637752
2637783
2638018
2638213
2638274
2638571
2638633
2638638
2638790
2638834
2638845
2638971
2639214
2639307
2639347
2639448
2639744
2639994
2640009
2640043
2640049
2640291
2640389
2640432
2640521
2640600
2640762
2640828
2640939
2641045
2641058
2641086
2641300
2641319
2641331
2641356
2641488
2641717
2641766
2641845
2641868
2641886
2641990
2641996
2642053
2642079
2642344
2642467
2642513
2642593
2642631
2642645
2642996
2643038
2643120
2643259
2643463
2643604
2643621
2643867
2643921
2643981
2644043
2644076
2644160
2644566
2644681
2644757
2644883
2645127
2645190
2645256
2645258
2645425
2645514
2645600
2645910
2646042
2646255
2646260
2646341
2646394
2646533
2646618
2646634
2646655
2646722
2646738
2646768
2646815
2646887
2646953
2647096
2647120
2647128
2647231
2647323
2647329
2647346
2647359
2647402
2647607
2647638
2647643
2647736
2647762
2647771
2647842
2648111
2648215
2648251
2648367
2648408
2648526
2648581
2648932
2648954
2649014
2649129
2649374
2649422
2649481
2649500
2649731
2649998
2650068
2650141
2650178
2650241
2650258
2650308
2650367
2650380
2650465
2650523
2650893
2650976
2651005
2651066
2651100
2651262
2651283
2651293
2651473
2651528
2651711
2651725
2652291
2652318
2652378
2652497
2652498
2652847
2653005
2653058
2653264
2653451
2653518
2653563
2653732
2653778
2653840
2654141
2654223
2654547
2654709
2654797
2655011
2655021
2655056
2655110
2655216
2655385
2655541
2655544
2655602
2655691
2655905
2656211
2656334
2656355
2656530
2656636
2656698
2656790
2656848
2656880
2656931
2656967
2656971
2657006
2657043
2657050
2657122
2657377
2657532
2657647
2657991
2658053
2658071
2658101
2658246
2658308
2658314
2658337
2658422
2658627
2658658
2658770
2658912
2659006
2659061
2659378
2659391
2659496
2659574
2659628
2659633
2659660
2659661
2659745
2659811
2659947
2659948
2660005
2660012
2660045
2660058
2660113
2660219
2660239
2660243
2660399
2660494
2660500
2660544
2660557
2660600
2660639
2660670
2660703
2660715
2660835
2660969
2660998
2661013
2661105
2661177
2661214
2661396
2661530
2661608
2661659
2661837
2661843
2661904
2661945
2662009
2662056
2662135
2662197
2662227
2662238
2662291
2662642
2662682
2662811
2662903
2662995
2663168
2663254
2663321
2663362
2663734
2663887
2664056
2664060
2664074
2664082
2664122
2664125
2664307
2664406
2664407
2664524
2664565
2664577
2664723
2664778
2665083
2665264
2665380
2665442
2665491
2665612
2665655
2665814
2665844
2665998
2666332
2666369
2666579
2666617
2667109
2667535
2667558
2667621
2667709
2667785
2667795
2667850
2667882
2667895
2668013
2668048
2668108
2668143
2668167
2668168
2668206
2668325
2668362
2668382
2668386
2668483
2668520
2668566
2668630
2668635
2668763
2668846
2668877
2669055
2669340
2669397
2669611
2669643
2669652
2669714
2669757
2669765
2669916
2669973
2669989
2670221
2670289
2670511
2670514
2670538
2670575
2670743
2670753
2670897
2671036
2671111
2671135
2671137
2671499
2671631
2671738
2671785
2671936
2672307
2672327
2672616
2672688
2672810
2673326
2673415
2673432
2673672
2673802
2673834
2673877
2673939
2674021
2674058
2674132
2674149
2674230
2674353
2674363
2674369
2674401
2674506
2674556
2674720
2674793
2674827
2674878
2674919
2674990
2675115
2675332
2675338
2675426
2675521
2675538
2675820
2675866
2676407
2676494
2676664
2676772
2676820
2676824
2676842
2676889
2676952
2677031
2677052
2677290
2677636
2677817
2677920
2678083
2678087
2678219
2678461
2678634
2678648
2678833
2678884
2679096
2679124
2679694
2679806
2679941
2679973
2680059
2680252
2680317
2680483
2680684
2680774
2680892
2681081
2681175
2681328
2681499
2681619
2681638
2681719
2681893
2681950
2681961
2681968
2682099
2682165
2682203
2682360
2682539
2682571
2682611
2682673
2682755
2682764
2682951
2683168
2683251
2683254
2683366
2683423
2683483
2683520
2683790
2683892
2683922
2683969
2684010
2684353
2684502
2684591
2684610
2684668
2684711
2684771
2684823
2684875
2684905
2684945
2685202
2685238
2685432
2685481
2685579
2685609
2685819
2686080
2686183
2686496
2686502
2686659
2686672
2686729
2686813
2686870
2686957
2686992
2687003
2687029
2687333
2687443
2687529
2687619
2687714
2687956
2687969
2688243
2688261
2688295
2688302
2688435
2688466
2688480
2688544
2688652
2688674
2688694
2688704
2688751
2688801
2688963
2689168
2689197
2689214
2689303
2689313
2689562
2689563
2689694
2689831
2690222
2690316
2690515
2690544
2690725
2690874
2691003
2691198
2691274
2691333
2691962
2691975
2692017
2692136
2692380
2692605
2692634
2692857
2692927
2692957
2693029
2693040
2693229
2693284
2693607
2693614
2693889
2693922
2693927
2693942
2694086
2694196
2694344
2694516
2694624
2694625
2694633
2694797
2694801
2695038
2695126
2695249
2695260
2695323
2695341
2695458
2695467
2695591
2695652
2695699
2695726
2695841
2695919
2696051
2696209
2696226
2696263
2696307
2696422
2696527
2696550
2696638
2696730
2696858
2696902
2696949
2696977
2697222
2697233
2697334
2697510
2697531
2697597
2697692
2697726
2697752
2697905
2697925
2698030
2698073
2698152
2698170
2698328
2698732
2698745
2698768
2698770
2698961
2699030
2699176
2699245
2699259
2699322
2699365
2699396
2699428
2699474
2699521
2699604
2699674
2699740
2699876
2699916
2699946
2699958
2700056
2700069
2700077
2700137
2700313
2700419
2700670
2700770
2700799
2700837
2701255
2701463
2701472
2701639
2701714
2701839
2701919
2702036
2702071
2702194
2702278
2702325
2702339
2702364
2702370
2702853
2702928
2702969
2703090
2703198
2703211
2703283
2703341
2703633
2703692
2704169
2704271
2704427
2704598
2704703
2704811
2704938
2704956
2705036
2705131
2705278
2705289
2705315
2705445
2705527
2705536
2705565
2705619
2705659
2705790
2705816
2705876
2705941
2705952
2706136
2706146
2706181
2706433
2706479
2706538
2706713
2706773
2707011
2707018
2707104
2707474
2707485
2707651
2707668
2707827
2708059
2708093
2708193
2708462
2708521
2708558
2708635
2708721
2708858
2708939
2708988
2709031
2709506
2709541
2709578
2709699
2709900
2709906
2709960
2710059
2710061
2710148
2710157
2710229
2710238
2710292
2710374
2710442
2710498
2710555
2710881
2710991
2711120
2711164
2711236
2711254
2711523
2711527
2711683
2712443
2712555
2712562
2712602
2712844
2712921
2713010
2713159
2713198
2713205
2713416
2713573
2713698
2713723
2713804
2713894
2713920
2713978
2714161
2714189
2714357
2714471
2714553
2714570
2714587
2714814
2715106
2715225
2715257
2715498
2715510
2715521
2715698
2715710
2716052
2716107
2716270
2716550
2716799
2717066
2717549
2717742
2717862
2717936
2717998
2718119
2718164
2718275
2718311
2718438
2718446
2718559
2718584
2718683
2718812
2718865
2719286
2719321
2719517
2719654
2719686
2719702
2719868
2719953
2720163
2720200
2720310
2720381
2720457
2720521
2720581
2720665
2720927
2720929
2720980
2721388
2721447
2721491
2721502
2721510
2721641
2721679
2721748
2722021
2722119
2722464
2722497
2722727
2722761
2722955
2722956
2723030
2723237
2723367
2723415
2723452
2723505
2723627
2723657
2723709
2724000
2724009
2724032
2724118
2724129
2724157
2724245
2724295
2724365
2724801
2725361
2725558
2725620
2725657
2725673
2726014
2726082
2726092
2726146
2726277
2726331
2726384
2726435
2726489
2726556
2726648
2726698
2726754
2726828
2726891
2726907
2726908
2726922
2727152
2727166
2727200
2727308
2727359
2727391
2727559
2727592
2727731
2727781
2727820
2728338
2728341
2728507
2728530
2728548
2728719
2728733
2728746
2728748
2728781
2728823
2729179
2729239
2729411
2729449
2729667
2729696
2729704
2729729
2729750
2729843
2729861
2730006
2730007
2730191
2730276
2730308
2730313
2730639
2731055
2731084
2731199
2731228
2731362
2731852
2731953
2732114
2732315
2732555
2732599
2732762
2732863
2732942
2733051
2733054
2733193
2733234
2733407
2733639
2733694
2733810
2733813
2733822
2733830
2734078
2734248
2734363
2734373
2734670
2734817
2734826
2734925
2735038
2735063
2735064
2735070
2735172
2735239
2735353
2735400
2735777
2735800
2735840
2735856
2736042
2736611
2736876
2737346
2737598
2737643
2737921
2737945
2738146
2738273
2738445
2738655
2738828
2738850
2738867
2738870
2739053
2739159
2739178
2739180
2739348
2739877
2739958
2740017
2740539
2740661
2740720
2740960
2740967
2740983
2741000
2741072
2741083
2741448
2741492
2741521
2741749
2741784
2742242
2742378
2742594
2742799
2742960
2742976
2743027
2743049
2743059
2743187
2743240
2743352
2743676
2743694
2743761
2743846
2743961
2743969
2744140
2744594
2744737
2744974
2745002
2745079
2745124
2745506
2745624
2745649
2745670
2745731
2745795
2745832
2745937
2745993
2746096
2746111
2746232
2746318
2746492
2746560
2746623
2746663
2746678
2746852
2746895
2746969
2746984
2747044
2747179
2747247
2747257
2747342
2747411
2747485
2747529
2747846
2748126
2748148
2748228
2748319
2748351
2748502
2748546
2748569
2748587
2748697
2749065
2749209
2749329
2749499
2749533
2749548
2749677
2749690
2749730
2749807
2749826
2750090
2750149
2750155
2750202
2750225
2750271
2750403
2750516
2750635
2750766
2750860
2751022
2751421
2751525
2751769
2751929
2752237
2752247
2752410
2752428
2752459
2752468
2752558
2752626
2752655
2752702
2752729
2752755
2752800
2752856
2752905
2752964
2753106
2753108
2753142
2753254
2753322
2753451
2753497
2753509
2753540
2753582
2753589
2753598
2753626
2753649
2753749
2753782
2753922
2753939
2753989
2754036
2754105
2754112
2754186
2754201
2754224
2754233
2754240
2754340
2754352
2754426
2754467
2754725
2755116
2755198
2755260
2755450
2755520
2755529
2755531
2755673
2755800
2755819
2756025
2756040
2756385
2756466
2756469
2756530
2756559
2756771
2757013
2757035
2757083
2757221
2757381
2757435
2757472
2757507
2757516
2757547
2757638
2757737
2757997
2758011
2758100
2758113
2758122
2758298
2758314
2758437
2758452
2758504
2758546
2758845
2759033
2759064
2759072
2759537
2759572
2759681
2759737
2759849
2759852
2760012
2760033
2760186
2760200
2760201
2760220
2760504
2760511
2760581
2760883
2760923
2761027
2761170
2761227
2761270
2761556
2761691
2761766
2761824
2761879
2762062
2762254
2762258
2762379
2762383
2762558
2762590
2762736
2762754
2762764
2763249
2763512
2763909
2763967
2764034
2764459
2764510
2764588
2764638
2764652
2764757
2764846
2764894
2764981
2765155
2765165
2765179
2765273
2765298
2765516
2765545
2765583
2765586
2765666
2765810
2765818
2766032
2766061
2766108
2766114
2766158
2766388
2766670
2766742
2766751
2766767
2766785
2766922
2766932
2767026
2767275
2767591
2767638
2767815
2768272
2768291
2768299
2768494
2768714
2768718
2769472
2769563
2769790
2769894
2769937
2770137
2770141
2770199
2770221
2770280
2770332
2770432
2770514
2770599
2770944
2771009
2771131
2771158
2771201
2771345
2771360
2771593
2771599
2771642
2771758
2771940
2772081
2772104
2772137
2772269
2772545
2772562
2772688
2772700
2772812
2772861
2772923
2772940
2772981
2773085
2773245
2773393
2773440
2773609
2773617
2773623
2773669
2773725
2774060
2774097
2774106
2774321
2774521
2774523
2774532
2774639
2774652
2774860
2774870
2774992
2775060
2775118
2775139
2775143
2775163
2775597
2775607
2775611
2775728
2775748
2775793
2776177
2776290
2776396
2776458
2777004
2777118
2777344
2777629
2777664
2777788
2777819
2777920
2777957
2777978
2778249
2778253
2778803
2778844
2778918
2779009
2779214
2779332
2779342
2779511
2779815
2780022
2780059
2780099
2780207
2780296
2780373
2780375
2780433
2780500
2780542
2780593
2780855
2780898
2780994
2781049
2781064
2781093
2781096
2781148
2781352
2781354
2781825
2782023
2782139
2782245
2783038
2783338
2783391
2783501
2783509
2783549
2783555
2783557
2783588
2783597
2783622
2783650
2783706
2783838
2783851
2783921
2783974
2784084
2784126
2784250
2784364
2784445
2784634
2784695
2784713
2784787
2785008
2785083
2785234
2785630
2785684
2785780
2786175
2786735
2786893
2786932
2786993
2787174
2787192
2787446
2787593
2787726
2788286
2788338
2788353
2788354
2788397
2788407
2788460
2788477
2788512
2788668
2788762
2789142
2789362
2789367
2789382
2789592
2789601
2789766
2789965
2790371
2790804
2790842
2791049
2791142
2791176
2791384
2791637
2791954
2792014
2792039
2792113
2792353
2792407
2792526
2792614
2792620
2792797
2793297
2793313
2793414
2793728
2793828
2794056
2794083
2794175
2794323
2794340
2794427
2794428
2794437
2794495
2794586
2794684
2794783
2794915
2795107
2795183
2795263
2795333
2795523
2795634
2795746
2795860
2796180
2796543
2796701
2796783
2796965
2797027
2797100
2797149
2797353
2797544
2797614
2797762
2797822
2798153
2798402
2798541
2798662
2798907
2798986
2799065
2799109
2799523
2799618
2799629
2799651
2799668
2799945
2799971
2800003
2800016
2800114
2800265
2800365
2800458
2800489
2800817
2800830
2801004
2801217
2801240
2801386
2801406
2801482
2801574
2801685
2801973
2802084
2802276
2802323
2802366
2802384
2802441
2802624
2802733
2802792
2802794
2802913
2803096
2803220
2803580
2803623
2803635
2803648
2803676
2803739
2803813
2803917
2803951
2803957
2804104
2804268
2804489
2804860
2804897
2805000
2805052
2805103
2805122
2805207
2805275
2805293
2805611
2805695
2805749
2805760
2805858
2805931
2805965
2806086
2806130
2806214
2806337
2806579
2806588
2806633
2806665
2806814
2806832
2807170
2807366
2807411
2807536
2807847
2807999
2808110
2808206
2808245
2808502
2808578
2808738
2808890
2809062
2809169
2809285
2809525
2809836
2809843
2809952
2810059
2810202
2810402
2810423
2810434
2810552
2810597
2810663
2810807
2810909
2811013
2811062
2811128
2811165
2811292
2811398
2811490
2811526
2811700
2811762
2811951
2811985
2811994
2812015
2812087
2812203
2812286
2812401
2812405
2812463
2812749
2813070
2813102
2813154
2813438
2813587
2813592
2813610
2813618
2813774
2813823
2813906
2813932
2813948
2813957
2814038
2814133
2814399
2814510
2814516
2814555
2814710
2815047
2815067
2815148
2815168
2815224
2815491
2815569
2815582
2815701
2815895
2815944
2815965
2816103
2816122
2816221
2816276
2816315
2816330
2816447
2816468
2816844
2816912
2816995
2817004
2817005
2817144
2817147
2817969
2818442
2818515
2818521
2818578
2818637
2819102
2819438
2819499
2819699
2819816
2819981
2820031
2820101
2820106
2820187
2820258
2820400
2820414
2820448
2820464
2820497
2820527
2820725
2820885
2820967
2821024
2821303
2821344
2821409
2821563
2821675
2821687
2821733
2821739
2822011
2822257
2822342
2822367
2822421
2822443
2822483
2822499
2822666
2822860
2822861
2822973
2823068
2823191
2823265
2823551
2823559
2823656
2823658
2823672
2823880
2823888
2823968
2824043
2824103
2824461
2824500
2824605
2824617
2824649
2824712
2824816
2824928
2825027
2825152
2825169
2825291
2825503
2825694
2825712
2825816
2825847
2826034
2826059
2826125
2826140
2826174
2826194
2826654
2826656
2827047
2827207
2827245
2827345
2827374
2827558
2827748
2827909
2827999
2828599
2828709
2828773
2828857
2828866
2828871
2828966
2828983
2829221
2829224
2829287
2829319
2829373
2829426
2829549
2829673
2830067
2830119
2830131
2830296
2830546
2830569
2830603
2830683
2830824
2830979
2830986
2831067
2831489
2831529
2831531
2831642
2831744
2831964
2831972
2832262
2832283
2832350
2832775
2833079
2833137
2833195
2833217
2833420
2833438
2833460
2833519
2833551
2833614
2833693
2833971
2834123
2834137
2834247
2834290
2834320
2834396
2834399
2834596
2834669
2834705
2834792
2835161
2835228
2835560
2835830
2835987
2836057
2836199
2836220
2836567
2836610
2836633
2836654
2836779
2836808
2836883
2836885
2836956
2837157
2837160
2837312
2837384
2837461
2837510
2837617
2837638
2837677
2837864
2837868
2837897
2838173
2838471
2838616
2838725
2839040
2839275
2839378
2839693
2839776
2839901
2839960
2840153
2840175
2840243
2840332
2840368
2840643
2840644
2840980
2841206
2841248
2841577
2841954
2841972
2842152
2842190
2842195
2842215
2842365
2842440
2842499
2842501
2842723
2842822
2842883
2842906
2842977
2843069
2843124
2843337
2843407
2843444
2843548
2843704
2843719
2843848
2843869
2843961
2844187
2844399
2844518
2844541
2844606
2844632
2844750
2844761
2844809
2844997
2845105
2845193
2845236
2845310
2845375
2845519
2845630
2845673
2845689
2845852
2845865
2846347
2846488
2846555
2846625
2846810
2846883
2847002
2847129
2847496
2847749
2848223
2848344
2848487
2848494
2848632
2848851
2848953
2848965
2849098
2849125
2849350
2849369
2849417
2849654
2850165
2850253
2850261
2850267
2850343
2850371
2850525
2850557
2850561
2850613
2850729
2850744
2850763
2850805
2850886
2850949
2851359
2851393
2851416
2851510
2851608
2851627
2851742
2851813
2851983
2852142
2852184
2852233
2852243
2852357
2852694
2852821
2853049
2853056
2853179
2853344
2853376
2853377
2853513
2853652
2853673
2853726
2853960
2853972
2854041
2854071
2854107
2854282
2854565
2854572
2854729
2855235
2855280
2855293
2855673
2855877
2855905
2856006
2856124
2856256
2856327
2856453
2856470
2856566
2856816
2857073
2857118
2857330
2857645
2857677
2857876
2858063
2858079
2858088
2858107
2858271
2858301
2858419
2858427
2858430
2858443
2858484
2858563
2858691
2858803
2858939
2859013
2859383
2859412
2859472
2859486
2859554
2859706
2859943
2860003
2860057
2860149
2860171
2860180
2860216
2860250
2860425
2860434
2860490
2860564
2860598
2860821
2861109
2861246
2861262
2861343
2861918
2862196
2862488
2862535
2862574
2862621
2862637
2862735
2862757
2862799
2862891
2863031
2863098
2863229
2863325
2863560
2863614
2863755
2863792
2863858
2864335
2864484
2864584
2864622
2864639
2864728
2864887
2864971
2865059
2865123
2865149
2865195
2865217
2865256
2865273
2865283
2865386
2865572
2865600
2865612
2865710
2865749
2865884
2865891
2866102
2866320
2866406
2866523
2866557
2866569
2866607
2866920
2867016
2867207
2867250
2867427
2867563
2867603
2867785
2867795
2867864
2868114
2868139
2868164
2868319
2868555
2868586
2868620
2868848
2869014
2869015
2869036
2869153
2869211
2869225
2869490
2869771
2869926
2870227
2870411
2870444
2870463
2870510
2870806
2870829
2871235
2871313
2871491
2871503
2871640
2871862
2872369
2872426
2872507
2872547
2872557
2872684
2872740
2872903
2873039
2873145
2873243
2873275
2873350
2873394
2873889
2874068
2874114
2874119
2874134
2874177
2874236
2874325
2874344
2874357
2874395
2874443
2874560
2874668
2874874
2875411
2875425
2875554
2875602
2875744
2875810
2875949
2876043
2876122
2876233
2876317
2876465
2876773
2876995
2877074
2877075
2877097
2877143
2877185
2877236
2877328
2877432
2877528
2877624
2877724
2877834
2877879
2878319
2878479
2878588
2878604
2878679
2878733
2878815
2878901
2879138
2879168
2879246
2879567
2879669
2879727
2879790
2879952
2879979
2880056
2880160
2880168
2880544
2880687
2880698
2880753
2880821
2880995
2881036
2881077
2881233
2881282
2881358
2881362
2881402
2881594
2881852
2882056
2882073
2882296
2882344
2882585
2882609
2882795
2883029
2883146
2883355
2883362
2883367
2883597
2883600
2883700
2883880
2884046
2884235
2884662
2884713
2884754
2884788
2885021
2885249
2885636
2885894
2886178
2886229
2886261
2886273
2886312
2886381
2886501
2886622
2886684
2887130
2887329
2887441
2887450
2887542
2887852
2887856
2887929
2888015
2888167
2888311
2888446
2888454
2888458
2888762
2889124
2889126
2889194
2889212
2889277
2889324
2889358
2889688
2889772
2889951
2889955
2890083
2890093
2890164
2890227
2890464
2890489
2890557
2890590
2890601
2890766
2890797
2890903
2891019
2891309
2891356
2891367
2891393
2891506
2891523
2891623
2891698
2891699
2891700
2891783
2891891
2892026
2892035
2892040
2892064
2892230
2892453
2892548
2892792
2892878
2892959
2892988
2893066
2893122
2893213
2893224
2893310
2893365
2893415
2893478
2893650
2893704
2893718
2893723
2893833
2894124
2894144
2894216
2894362
2894455
2894513
2894717
2894748
2894849
2894884
2894982
2895431
2895593
2895719
2895907
2895956
2896252
2896289
2896334
2896365
2896440
2896494
2896513
2896852
2897481
2897611
2897920
2897976
2898062
2898169
2898316
2898567
2898646
2898652
2898789
2898955
2898978
2899038
2899052
2899143
2899228
2899244
2899479
2899521
2899615
2899665
2899679
2899812
2899943
2900069
2900473
2900515
2900614
2901117
2901419
2901528
2901539
2901601
2901925
2902030
2902345
2902419
2902440
2902510
2902772
2902778
2902809
2903050
2903052
2903236
2903804
2903958
2903974
2904045
2904248
2904480
2904588
2904708
2904783
2904849
2904982
2905157
2905466
2905672
2905703
2905898
2905918
2906051
2906179
2906193
2906195
2906321
2906362
2906497
2906508
2906523
2906530
2906582
2906608
2906648
2906695
2906717
2906954
2907107
2907353
2907578
2907604
2907883
2908158
2908200
2908527
2908605
2908775
2908814
2908816
2908933
2908999
2909008
2909019
2909038
2909254
2909482
2909656
2909727
2909747
2909963
2909994
2910062
2910221
2910292
2910364
2910529
2910530
2910795
2910851
2910861
2910940
2911009
2911050
2911528
2911700
2911747
2911768
2911790
2911802
2911947
2912178
2912243
2912468
2912505
2912511
2912529
2912701
2912740
2912995
2913131
2913132
2913145
2913562
2913625
2913798
2913939
2913940
2913985
2914096
2914167
2914201
2914223
2914379
2914416
2914449
2914496
2914754
2914755
2914803
2914838
2914890
2915069
2915379
2915396
2915439
2915475
2915540
2916262
2916628
2916875
2917078
2917165
2917340
2917468
2917473
2917668
2917743
2917861
2917892
2917943
2918210
2918245
2918465
2918494
2918515
2918600
2918889
2918968
2919007
2919042
2919051
2919148
2919178
2919314
2919409
2919596
2919640
2919761
2919949
2920118
2920226
2920253
2920298
2920302
2920518
2920619
2920771
2920837
2920880
2920981
2921282
2921321
2921386
2921393
2921394
2921410
2921650
2921819
2921984
2922003
2922030
2922107
2922395
2922493
2922538
2922725
2922768
2922863
2922875
2922885
2922953
2922960
2923006
2923060
2923147
2923345
2923392
2923568
2923614
2923632
2923655
2923680
2923699
2923736
2923864
2923977
2923995
2924004
2924050
2924208
2924254
2924318
2924484
2924546
2924577
2924711
2924923
2925082
2925268
2925329
2925376
2925517
2925726
2925741
2926203
2926375
2926586
2926597
2926624
2926640
2926670
2926784
2926884
2926984
2926985
2927054
2927159
2927173
2927190
2927223
2927298
2927382
2927679
2927752
2927759
2927762
2927885
2927988
2928010
2928180
2928602
2928899
2929019
2929032
2929083
2929220
2929301
2929340
2929401
2929403
2929427
2929461
2929562
2929566
2929753
2929824
2929838
2929856
2929888
2929912
2930028
2930321
2930458
2930655
2930656
2930685
2930735
2930818
2931001
2931075
2931264
2931331
2931675
2931723
2931866
2931963
2932280
2932306
2932321
2932404
2932410
2932440
2932535
2932566
2932639
2932646
2932693
2932734
2932849
2932987
2932992
2933089
2933104
2933205
2933414
2933500
2933517
2933682
2933727
2934041
2934085
2934246
2934327
2934580
2934932
2935013
2935460
2935470
2935650
2935745
2935977
2936132
2936225
2936351
2936451
2936475
2936567
2936732
2936771
2936825
2936912
2937260
2937268
2937293
2937510
2937514
2937682
2937845
2937857
2937928
2938014
2938165
2938190
2938339
2938389
2938396
2938409
2938488
2938517
2938632
2938686
2939206
2939264
2939437
2939584
2939642
2939851
2939871
2939878
2939910
2940008
2940027
2940328
2940329
2940365
2940471
2940494
2940564
2940575
2940711
2940713
2941223
2941228
2941251
2941445
2941522
2941771
2941783
2941838
2941963
2942078
2942106
2942207
2942256
2942383
2942411
2942440
2942537
2942588
2942614
2942629
2942901
2943071
2943126
2943243
2943530
2943682
2943750
2943841
2944134
2944140
2944264
2944333
2944382
2944419
2944454
2944468
2944523
2944570
2944693
2944757
2944775
2944855
2944877
2945034
2945182
2945192
2945317
2945319
2945620
2945794
2946016
2946079
2946232
2946301
2946347
2946408
2946461
2946666
2946928
2947087
2947119
2947353
2947521
2947539
2947544
2947673
2947694
2947835
2947845
2947984
2948042
2948065
2948137
2948164
2948181
2948369
2948508
2948515
2948525
2948663
2948679
2948726
2948887
2949056
2949089
2949432
2949445
2949657
2949701
2949745
2949784
2949787
2950032
2950198
2950267
2950653
2950765
2950770
2950847
2950854
2950931
2951008
2951196
2951258
2951292
2951501
2951579
2951627
2951642
2951760
2951962
2952125
2952155
2952276
2952292
2952371
2952394
2952529
2952559
2952585
2952705
2952857
2953200
2953405
2953461
2953561
2953615
2953623
2953858
2953872
2954188
2954193
2954197
2954882
2954900
2954931
2955155
2955271
2955274
2955280
2955391
2955450
2955457
2955480
2955592
2955758
2955823
2955924
2956058
2956367
2956588
2956686
2956697
2956762
2956882
2956902
2956924
2957108
2957250
2957295
2957376
2957418
2957593
2957845
2957934
2957954
2958014
2958128
2958236
2958386
2958749
2958829
2958989
2959133
2959248
2959307
2959380
2959396
2959397
2959484
2959532
2959747
2959795
2960136
2960221
2960322
2960417
2960511
2960985
2961020
2961114
2961146
2961397
2961564
2961650
2961712
2961764
2961807
2961912
2961919
2962000
2962065
2962101
2962187
2962294
2962329
2962341
2962357
2962669
2962679
2962781
2962881
2962954
2963232
2963283
2963395
2963662
2963711
2963883
2963892
2963918
2963964
2963993
2964006
2964708
2964849
2964880
2964950
2964977
2965049
2965344
2965481
2965565
2965652
2965734
2965799
2965868
2965920
2965941
2965953
2966119
2966315
2966378
2966395
2966428
2966452
2966564
2966654
2966665
2966666
2966743
2966800
2966922
2966969
2967002
2967010
2967088
2967423
2967612
2967757
2967797
2967895
2968359
2968435
2968607
2968921
2969275
2969277
2969555
2969688
2969845
2970302
2970333
2970445
2970593
2970686
2970748
2970796
2970818
2970998
2971083
2971122
2971143
2971259
2971296
2971421
2971462
2971463
2971580
2971766
2971821
2971880
2972183
2972243
2972304
2972338
2972553
2972650
2972666
2972796
2973104
2973349
2973371
2973446
2973472
2973598
2973687
2973727
2974026
2974206
2974463
2974513
2974534
2974578
2974678
2974702
2974784
2974818
2974909
2975132
2975197
2975224
2975426
2975479
2975658
2975706
2975797
2975812
2976263
2976302
2976479
2976559
2976599
2976729
2976896
2976959
2977106
2977181
2977233
2977253
2977381
2977410
2977554
2977723
2977758
2977818
2977825
2977840
2977855
2977909
2977968
2978032
2978114
2978281
2978285
2978394
2978854
2979097
2979142
2979170
2979219
2979283
2979386
2979458
2979541
2979767
2980277
2980371
2980444
2980508
2980609
2980686
2980749
2980763
2980774
2980887
2980911
2981315
2981368
2981409
2981462
2981599
2981675
2981697
2981734
2981768
2981939
2982368
2982504
2982555
2982731
2982781
2982942
2982967
2983023
2983110
2983148
2983401
2983692
2983723
2983851
2983893
2983894
2984023
2984147
2984350
2984439
2985095
2985281
2985295
2985542
2985611
2985800
2985883
2986046
2986202
2986213
2986360
2986408
2986426
2986548
2986558
2986652
2987053
2987109
2987253
2987391
2987448
2987501
2987608
2987808
2987903
2988003
2988132
2988139
2988275
2988298
2988413
2988745
2988856
2988871
2989113
2989218
2989333
2989343
2989730
2989818
2989851
2989946
2990659
2991033
2991047
2991074
2991391
2991443
2991561
2991843
2992019
2992344
2992674
2992859
2992864
2993049
2993142
2993241
2993314
2993408
2993544
2993681
2993791
2993901
2993974
2994022
2994114
2994325
2994347
2994434
2994592
2994752
2994769
2994925
2994979
2995023
2995048
2995074
2995139
2995245
2995283
2995290
2995650
2995699
2995723
2995874
2995912
2996058
2996170
2996184
2996205
2996383
2996416
2996624
2996670
2996728
2996766
2997444
2998125
2998230
2998285
2998318
2998396
2999002
2999127
2999207
2999321
2999450
2999477
2999520
2999611
2999861
2999953
3000053
3000074
3000210
3000294
3000515
3000541
3000575
3000745
3000750
3000759
3000801
3000915
3000964
3001075
3001130
3001283
3001433
3001550
3001886
3001953
3001976
3002113
3002340
3002367
3002376
3002394
3002434
3002448
3002482
3002679
3002833
3002838
3002851
3002954
3003018
3003032
3003173
3003282
3003407
3003436
3003483
3003491
3003657
3003886
3003951
3004079
3004090
3004147
3004162
3004172
3004235
3004306
3004375
3004397
3004467
3004492
3004508
3004704
3004889
3004937
3005335
3005364
3005399
3005409
3005529
3005619
3005902
3006095
3006125
3006205
3006252
3006413
3006618
3006661
3006676
3006789
3006944
3007012
3007145
3007186
3007405
3007628
3007836
3007938
3008045
3008155
3008165
3008223
3008297
3008455
3008463
3008577
3009110
3009225
3009230
3009270
3009335
3009363
3009383
3009398
3009415
3009440
3009524
3009689
3010103
3010131
3010207
3010221
3010294
3010554
3010674
3010718
3010769
3010797
3010986
3011162
3011212
3011760
3011888
3012002
3012038
3012144
3012269
3012324
3012794
3012806
3013011
3013064
3013107
3013143
3013176
3013272
3013427
3013494
3013569
3013738
3013819
3013828
3013890
3013891
3013892
3013899
3014145
3014229
3014330
3014380
3014805
3014880
3014898
3015087
3015120
3015135
3015367
3015467
3015826
3015852
3015863
3016013
3016274
3016500
3016540
3016624
3016758
3016898
3016989
3017123
3017203
3017206
3017262
3017280
3017282
3017563
3017685
3017778
3018053
3018232
3018250
3018309
3018323
3018497
3018645
3018770
3018835
3018995
3019045
3019139
3019196
3019230
3019287
3019289
3019305
3019390
3019410
3019452
3019462
3019474
3019500
3019507
3020141
3020220
3020266
3020484
3020612
3020958
3021084
3021116
3021326
3021459
3021474
3021941
3022099
3022204
3022458
3022883
3023043
3023236
3023262
3023335
3023408
3023604
3023752
3023754
3023755
3024083
3024173
3024250
3024267
3024461
3024542
3024559
3024700
3024722
3024739
3024867
3024876
3024928
3025089
3025157
3025561
3025713
3025791
3025979
3026134
3026152
3026267
3026270
3026322
3026529
3026710
3026804
3027124
3027125
3027187
3027405
3027439
3027447
3027471
3027718
3027783
3027889
3028039
3028196
3028510
3028611
3028682
3028684
3028860
3029086
3029108
3029205
3029261
3029291
3029445
3029460
3029578
3029649
3029705
3029721
3029915
3030069
3030081
3030132
3030295
3030350
3030442
3030771
3030897
3030989
3031047
3031072
3031131
3031137
3031506
3031725
3031790
3031830
3031908
3032088
3032210
3032305
3032391
3032395
3032522
3032633
3032782
3032813
3032830
3032887
3033096
3033137
3033237
3033310
3033365
3033376
3033544
3033565
3033573
3033801
3033870
3034439
3034514
3034862
3034989
3035564
3035681
3035784
3035895
3035897
3036054
3036090
3036245
3036370
3036373
3036495
3036635
3036697
3036959
3036989
3037137
3037200
3037221
3037329
3037425
3037454
3037628
3037699
3037740
3038039
3038173
3038452
3038744
3038826
3038875
3039006
3039124
3039221
3039282
3039371
3039502
3039596
3039624
3039671
3039759
3039777
3039889
3039935
3039958
3040013
3040259
3040554
3040598
3040623
3040645
3040738
3040797
3041048
3041302
3041308
3041323
3041379
3041452
3041530
3041542
3041590
3041740
3041852
3041947
3041975
3041981
3041998
3042062
3042114
3042140
3042522
3042767
3042772
3042800
3042868
3042975
3042986
3043072
3043209
3043505
3043737
3043809
3043850
3044168
3044189
3044258
3044435
3044504
3044728
3044770
3044777
3045372
3045482
3045517
3045527
3045861
3045866
3045901
3045906
3045986
3046083
3046218
3046380
3046435
3046461
3046602
3046755
3046768
3046796
3046902
3047139
3047397
3047630
3047865
3047935
3048190
3048199
3048387
3048449
3048512
3048513
3048586
3048588
3048811
3049199
3049395
3049636
3049869
3050007
3050097
3050286
3050370
3050606
3050683
3050847
3050949
3051113
3051319
3051565
3051696
3051767
3051851
3051957
3052025
3052207
3052237
3052313
3052444
3052499
3052749
3052994
3053172
3053477
3053566
3053608
3053650
3053679
3053841
3053986
3054088
3054138
3054307
3054393
3054549
3054566
3054616
3054652
3054763
3054818
3054847
3054892
3055032
3055046
3055193
3055265
3055403
3055566
3055695
3056042
3056097
3056288
3056334
3056464
3056476
3056758
3056773
3056996
3057005
3057324
3057326
3057398
3057403
3057444
3057495
3057515
3057658
3057939
3057986
3058054
3058121
3058135
3058781
3058912
3058940
3059051
3059404
3059651
3059674
3059740
3059812
3059814
3059815
3059926
3059958
3060025
3060268
3060360
3060486
3060553
3060730
3060765
3061106
3061263
3061291
3061374
3061431
3061496
3061532
3061614
3061621
3061722
3061774
3062119
3062208
3062227
3062251
3062353
3062547
3062893
3063022
3063029
3063205
3063243
3063343
3063457
3063506
3063686
3063688
3063693
3063744
3063853
3063905
3063922
3063937
3063940
3063967
3063988
3064107
3064229
3064258
3064359
3064432
3064521
3064593
3064808
3064886
3064921
3065192
3065206
3065216
3065255
3065369
3065641
3065729
3065741
3065746
3065776
3065936
3066003
3066013
3066095
3066166
3066259
3066341
3066342
3066571
3066688
3066837
3066840
3066898
3066909
3066915
3067140
3067148
3067364
3067462
3067499
3067593
3067836
3067900
3067980
3068019
3068200
3068272
3068424
3068438
3068492
3068512
3068605
3068710
3068711
3068819
3068867
3069186
3069265
3069331
3069409
3069431
3069437
3069501
3069528
3069639
3069713
3069723
3070051
3070149
3070166
3070278
3070345
3070496
3070627
3070654
3070672
3070697
3070804
3070838
3070855
3070908
3070940
3070952
3071091
3071207
3071238
3071313
3071420
3071571
3071587
3071975
3072177
3072200
3072488
3072611
3072818
3072952
3072977
3073084
3073210
3073219
3073274
3073416
3073474
3073572
3073624
3073625
3073637
3073664
3073721
3074265
3074329
3074362
3074474
3074660
3074698
3074852
3074861
3075022
3075129
3075603
3075680
3075730
3075797
3075801
3075842
3075991
3076101
3076444
3076493
3076584
3076595
3076740
3076829
3076848
3076892
3077048
3077060
3077123
3077234
3077271
3077295
3077441
3077642
3077662
3077693
3077703
3077728
3077780
3077854
3078005
3078033
3078111
3078223
3078244
3078248
3078711
3078779
3078827
3079161
3079217
3079563
3079607
3079756
3079938
3079943
3080082
3080238
3080313
3080439
3080487
3080669
3080699
3080722
3081107
3081222
3081477
3081596
3081620
3081797
3081820
3081934
3081986
3082079
3082116
3082123
3082197
3082270
3082511
3082513
3082580
3082621
3082634
3082694
3082892
3082926
3083003
3083008
3083244
3083512
3083557
3083576
3083599
3083771
3083881
3083916
3084225
3084255
3084258
3084308
3084326
3084520
3084620
3084645
3084653
3084759
3084807
3085002
3085139
3085204
3085536
3085629
3085646
3085964
3085976
3086085
3086151
3086259
3086395
3086553
3086752
3086880
3086898
3086917
3087234
3087271
3087338
3087378
3087423
3087424
3087489
3087613
3087737
3087813
3087908
3088258
3088362
3088394
3088416
3088501
3088503
3088670
3088766
3088871
3088951
3088962
3089224
3089397
3089761
3089818
3089842
3089905
3089915
3089996
3090003
3090090
3090124
3090173
3090402
3090509
3090534
3090643
3090658
3090769
3090793
3090906
3091182
3091296
3091304
3091439
3091560
3091568
3091580
3091584
3091679
3091685
3091759
3091773
3091814
3092067
3092124
3092269
3092326
3092407
3092460
3092473
3092477
3092705
3092886
3093003
3093095
3093342
3093358
3093367
3093478
3093573
3093610
3093618
3093672
3094028
3094090
3094282
3094347
3094447
3094491
3094794
3094795
3094877
3095037
3095237
3095281
3095364
3095560
3095717
3095740
3095906
3096019
3096072
3096324
3096476
3096522
3096691
3096802
3096811
3096994
3097035
3097123
3097177
3097181
3097293
3097316
3097343
3097454
3097767
3098000
3098018
3098027
3098260
3098265
3098389
3098608
3098731
3099041
3099047
3099056
3099090
3099202
3099347
3099421
3099825
3099974
3100067
3100078
3100267
3100274
3100280
3100373
3100415
3100418
3100591
3100654
3100690
3100768
3100848
3101010
3101088
3101377
3101459
3101519
3101564
3101583
3101658
3101912
3102050
3102088
3102155
3102231
3102303
3102368
3102429
3102468
3102522
3102543
3103291
3103370
3103417
3103607
3103657
3104114
3104131
3104262
3104473
3104484
3104524
3104540
3104577
3104697
3104799
3104823
3104923
3105081
3105244
3105318
3105352
3105453
3105483
3106128
3106285
3106338
3106486
3106537
3106655
3106693
3107014
3107146
3107169
3107521
3107805
3107932
3107956
3107971
3108171
3108208
3108303
3108441
3108713
3108752
3108945
3108986
3109055
3109208
3109474
3109475
3109580
3109790
3109871
3110051
3110195
3110236
3110294
3110391
3110458
3110463
3110525
3110564
3110860
3110896
3110924
3110985
3111053
3111081
3111103
3111111
3111133
3111245
3111263
3111356
3111449
3111451
3111574
3111806
3112417
3112430
3112640
3112855
3112978
3113034
3113097
3113256
3113328
3113606
3113647
3113652
3113721
3114038
3114109
3114273
3114318
3114366
3114387
3114405
3114423
3114465
3114554
3114603
3114718
3114762
3114870
3114996
3115034
3115149
3115154
3115249
3115307
3115436
3115575
3115622
3116209
3116210
3116246
3116321
3116386
3116577
3116651
3116721
3116735
3116739
3116773
3116910
3116992
3117033
3117096
3117144
3117229
3117444
3117505
3117616
3117774
3118079
3118324
3118336
3118523
3118577
3118649
3118812
3119105
3119114
3119424
3119488
3119490
3119518
3119596
3119621
3119660
3119678
3119899
3119927
3120008
3120339
3120495
3120541
3120764
3120927
3120968
3121005
3121073
3121192
3121197
3121228
3121303
3121457
3121611
3121759
3121945
3122000
3122106
3122257
3122259
3122325
3122668
3123135
3123262
3123316
3123318
3123484
3123635
3123691
3123804
3123900
3124088
3124362
3124708
3124735
3124898
3125378
3125440
3125528
3125614
3125724
3125742
3125849
3125886
3126219
3126238
3126403
3126461
3126465
3126530
3126569
3126633
3127039
3127073
3127201
3127229
3127459
3127543
3127549
3127853
3127972
3128063
3128238
3128413
3128425
3128660
3128802
3128934
3129193
3129328
3129445
3129614
3129662
3129673
3129688
3129842
3130050
3130197
3130382
3130429
3130506
3130514
3130521
3130637
3130707
3130735
3130879
3131012
3131225
3131459
3131628
3131822
3131898
3131904
3131944
3132212
3132301
3132502
3132518
3132630
3132668
3132729
3132981
3133059
3133065
3133139
3133243
3133492
3133575
3133593
3133684
3133753
3133786
3133892
3133926
3133929
3134109
3134133
3134213
3134276
3134290
3134302
3134333
3134352
3134560
3134574
3134582
3134628
3134765
3134814
3134836
3134848
3134982
3135162
3135224
3135381
3135502
3135523
3135605
3135617
3135745
3135771
3135841
3135960
3136175
3136355
3136596
3136877
3136884
3136902
3137032
3137105
3137170
3137280
3137351
3137533
3137738
3137743
3137908
3137948
3137977
3138435
3138462
3138520
3138571
3138582
3138597
3138649
3138781
3138799
3138810
3138844
3138953
3139024
3139143
3139146
3139642
3139648
3139708
3139853
3139902
3139906
3139947
3140090
3140140
3140232
3140362
3140405
3140429
3140605
3140709
3140737
3140797
3140888
3141031
3141212
3141217
3141255
3141298
3141354
3141455
3141651
3141725
3142176
3142298
3142391
3142555
3142568
3142666
3142805
3142825
3142864
3143123
3143176
3143186
3143256
3143271
3143275
3143326
3143336
3143549
3143828
3143938
3143944
3144040
3144146
3144325
3144364
3144841
3145037
3145106
3145183
3145315
3145553
3145894
3145912
3146059
3146060
3146403
3146663
3147141
3147143
3147304
3147382
3147478
3147528
3147658
3147738
3148106
3148365
3148496
3148500
3148538
3148562
3148588
3148679
3148712
3148758
3148761
3148812
3148936
3148972
3149004
3149011
3149121
3149239
3149661
3149756
3149770
3150019
3150248
3150249
3150348
3150377
3150516
3150553
3150554
3150599
3150742
3150803
3150841
3151522
3151702
3151794
3151941
3152027
3152323
3152472
3152478
3152505
3152702
3152808
3152887
3152896
3153284
3153521
3153964
3154023
3154063
3154068
3154219
3154825
3155013
3155020
3155044
3155092
3155269
3155423
3155476
3155514
3155678
3155884
3155897
3156069
3156442
3156815
3156962
3156978
3157214
3157659
3157799
3157828
3158003
3158007
3158155
3158278
3158304
3158343
3158373
3158419
3158758
3159011
3159054
3159307
3159419
3159423
3159630
3159743
3159822
3159902
3160125
3160331
3160535
3160860
3160947
3161108
3161339
3161385
3161532
3161555
3161632
3161653
3161750
3161779
3161896
3161960
3162238
3162272
3162333
3162336
3162597
3162745
3162773
3162825
3162884
3162907
3162993
3163030
3163092
3163108
3163121
3163316
3163381
3163411
3163425
3163847
3163854
3163880
3163905
3163947
3163966
3164009
3164109
3164200
3164226
3164296
3164447
3164546
3164622
3164881
3165012
3165024
3165089
3165098
3165109
3165183
3165202
3165473
3165505
3165556
3165561
3165912
3165915
3166010
3166047
3166509
3166887
3166899
3167011
3167061
3167217
3167276
3167340
3167367
3167674
3167683
3167800
3167879
3168155
3168393
3168632
3168639
3168665
3168715
3168804
3169014
3169106
3169138
3169203
3169292
3169360
3169554
3169760
3169786
3169914
3169925
3170127
3170134
3170193
3170221
3170380
3170464
3170681
3170825
3171258
3171265
3171456
3171683
3171960
3171965
3171983
3172139
3172195
3172236
3172344
3172362
3172419
3172445
3172460
3172516
3172550
3172687
3172719
3172933
3173023
3173098
3173172
3173248
3173365
3173456
3173714
3173724
3174017
3174044
3174060
3174197
3174427
3174696
3174754
3175030
3175133
3175421
3175590
3175616
3175725
3175864
3176164
3176191
3176274
3176299
3176371
3176465
3176733
3176782
3177042
3177075
3177121
3177377
3177583
3177852
3177923
3177998
3178104
3178545
3178605
3178972
3178985
3179068
3179082
3179137
3179163
3179250
3179307
3179435
3179517
3179759
3179989
3180284
3180320
3180502
3180538
3180613
3180676
3180696
3181114
3181227
3181241
3181255
3181344
3181393
3181562
3181626
3181730
3181764
3181979
3182037
3182273
3182387
3182414
3182511
3182718
3182721
3182884
3183046
3183374
3184029
3184193
3184356
3184533
3184849
3184997
3185025
3185121
3185159
3185279
3185393
3185426
3185717
3185723
3185776
3185894
3185949
3186026
3186076
3186546
3186566
3186617
3186646
3186661
3187088
3187159
3187207
3187465
3187642
3187722
3187839
3187885
3187976
3187983
3187987
3188087
3188106
3188113
3188238
3188312
3188322
3188361
3188452
3188534
3188647
3188730
3188857
3189112
3189403
3189436
3189464
3189576
3189635
3189659
3189660
3189670
3189677
3190050
3190297
3190436
3190523
3190549
3190564
3190615
3190954
3190984
3191013
3191170
3191350
3191479
3191541
3191749
3191788
3191863
3191918
3192005
3192053
3192133
3192369
3192525
3192614
3192631
3192722
3192751
3193103
3193180
3193206
3193246
3193284
3193325
3193949
3194009
3194020
3194046
3194075
3194092
3194524
3194690
3194872
3194911
3195025
3195049
3195323
3195415
3195760
3195925
3196289
3196491
3196889
3196968
3196977
3197026
3197171
3197239
3197284
3197436
3197528
3197793
3198063
3198176
3198191
3198193
3198236
3198248
3198272
3198442
3198491
3198610
3198714
3198851
3198930
3199102
3199195
3199219
3199250
3199294
3199483
3199487
3199504
3200083
3200159
3200162
3200166
3200369
3200610
3200967
3200968
3200991
3201005
3201511
3201547
3201780
3201845
3201973
3202323
3202660
3202943
3203022
3203046
3203468
3203594
3203873
3203942
3204013
3204058
3204096
3204363
3204387
3204600
3204626
3204766
3204802
3204890
3204968
3205128
3205155
3205161
3205315
3205480
3205652
3205665
3205722
3205876
3205943
3206178
3206226
3206311
3206387
3206755
3206827
3206878
3206920
3206980
3207160
3207284
3207507
3207630
3207680
3207703
3207788
3207905
3208092
3208179
3208238
3208330
3208658
3208779
3208903
3208971
3209084
3209272
3209282
3209410
3209417
3209456
3209467
3209494
3209540
3209597
3209632
3209803
3209818
3209880
3209945
3209999
3210023
3210109
3210163
3210206
3210824
3210936
3210997
3211059
3211099
3211182
3211385
3211632
3211678
3211708
3211771
3211800
3211882
3211916
3212062
3212298
3212598
3212660
3212894
3212972
3213125
3213131
3213213
3213325
3213441
3213446
3213475
3213657
3213678
3213761
3213788
3213798
3213828
3214039
3214074
3214277
3214483
3214543
3214619
3214851
3215250
3215349
3215350
3215393
3215409
3215442
3215534
3215565
3215679
3215775
3215778
3215829
3215851
3216017
3216049
3216391
3216611
3216679
3216823
3217050
3217115
3217215
3217404
3217424
3217509
3217730
3217734
3217765
3217895
3217989
3218122
3218123
3218135
3218192
3218342
3218408
3218571
3218785
3218857
3218934
3218951
3219071
3219075
3219305
3219310
3219350
3219476
3219684
3219843
3219991
3220151
3220163
3220305
3220693
3220793
3220799
3220843
3220863
3220887
3221233
3221317
3221530
3221597
3221644
3221787
3222170
3222686
3222765
3223017
3223068
3223474
3223739
3223761
3223943
3224170
3224337
3224366
3224425
3224492
3224512
3224836
3224894
3224918
3224938
3225151
3225197
3225201
3225487
3225584
3225601
3225658
3225893
3225947
3226090
3226135
3226281
3226461
3226495
3226725
3226789
3227275
3227290
3227445
3227483
3227496
3227625
3227791
3227919
3227922
3227964
3228066
3228116
3228140
3228265
3228548
3228606
3229117
3229169
3229332
3229459
3229464
3229785
3229846
3230075
3230202
3230363
3230404
3230640
3230671
3230687
3230708
3230739
3230786
3230860
3231008
3231097
3231130
3231145
3231153
3231741
3231751
3231755
3232148
3232205
3232628
3232688
3232693
3232715
3232780
3233075
3233312
3233437
3233463
3233516
3233598
3233895
3233998
3234225
3234404
3234455
3234617
3234846
3235260
3235296
3235316
3235527
3235763
3235784
3236087
3236433
3236449
3236497
3236580
3236627
3236664
3236991
3237041
3237049
3237226
3237227
3237669
3237682
3237719
3237763
3237959
3237964
3237976
3238000
3238066
3238230
3238445
3238690
3238860
3238892
3238933
3238936
3239071
3239314
3239372
3239403
3239410
3239511
3239634
3239730
3239733
3239751
3239845
3240000
3240054
3240131
3240138
3240145
3240209
3240628
3240639
3241274
3241280
3241333
3241839
3241903
3241915
3241972
3242071
3242082
3242137
3242138
3242374
3242382
3242581
3242980
3243844
3244011
3244048
3244463
3244735
3245004
3245096
3245180
3245216
3245255
3245317
3245460
3245525
3246107
3246152
3246168
3246396
3246557
3246582
3246727
3246730
3246793
3246796
3246868
3246874
3247131
3247197
3247205
3247455
3247499
3247515
3247579
3247720
3247939
3247949
3247961
3248222
3248281
3248356
3248361
3248366
3248386
3248434
3248585
3248857
3248909
3248917
3249027
3249101
3249111
3249164
3249313
3249389
3249400
3249662
3249754
3249928
3249978
3250135
3250227
3250940
3250942
3250983
3251101
3251309
3251366
3251705
3251721
3251849
3251975
3252572
3252692
3252698
3252716
3252800
3252879
3252915
3252974
3252997
3253025
3253128
3253353
3253387
3253577
3253610
3253662
3253711
3253747
3254105
3254119
3254125
3254212
3254388
3254421
3254434
3254458
3254522
3254541
3254605
3255038
3255132
3255365
3255415
3255512
3255688
3255822
3255906
3255935
3256075
3256358
3256360
3256538
3256657
3256708
3257113
3257130
3257201
3257423
3257509
3257671
3257704
3257709
3257911
3258126
3258270
3258506
3258705
3258912
3258913
3258918
3259136
3259175
3259203
3259232
3259415
3259431
3259455
3259492
3259530
3259661
3259672
3259717
3259816
3259938
3260187
3260890
3261053
3261062
3261144
3261160
3261275
3261337
3261355
3261551
3261699
3261803
3261986
3262047
3262067
3262093
3262177
3262437
3262486
3262566
3262808
3263114
3263130
3263354
3263439
3263472
3263546
3263566
3263627
3263654
3263670
3263717
3263763
3264081
3264132
3264183
3264232
3264234
3264358
3264419
3264866
3264886
3264891
3264961
3265041
3265104
3265384
3265412
3265425
3265520
3265577
3265704
3265742
3265756
3265791
3266073
3266216
3266334
3266533
3266594
3266680
3266705
3266814
3266939
3266945
3267034
3267059
3267096
3267181
3267252
3267598
3267646
3267674
3267741
3267798
3267812
3267900
3267936
3268125
3268423
3268473
3268545
3268776
3268790
3268860
3268984
3269150
3269261
3269451
3269614
3269766
3269817
3269889
3270161
3270206
3270338
3270524
3270912
3270982
3271118
3271322
3271578
3271638
3271820
3272052
3272173
3272389
3272395
3272674
3272682
3272735
3272904
3273106
3273169
3273324
3273507
3273641
3273934
3274038
3274044
3274056
3274267
3274274
3274280
3274322
3274563
3274738
3274910
3274984
3275179
3275287
3275478
3275487
3275520
3275685
3275756
3275898
3275931
3275995
3276189
3276226
3276273
3276328
3276399
3276751
3276831
3276840
3276961
3277077
3277242
3277343
3277473
3277527
3277788
3278182
3278343
3278355
3278405
3278678
3278681
3279114
3279242
3279296
3279302
3279489
3279512
3279560
3279714
3279903
3279914
3279957
3280090
3280120
3280192
3280195
3280202
3280328
3280388
3280394
3280501
3280553
3280565
3280603
3280623
3280751
3280804
3281075
3281216
3281364
3281367
3281379
3281450
3281571
3281837
3281844
3282016
3282104
3282121
3282340
3282600
3283011
3283122
3283530
3283575
3283661
3283902
3283926
3283963
3284169
3284173
3284185
3284399
3284498
3284736
3284784
3284926
3284934
3285078
3285272
3285285
3285316
3285360
3285364
3285496
3285617
3285866
3286196
3286217
3286408
3286615
3286875
3287038
3287095
3287126
3287142
3287202
3287528
3287552
3287596
3287623
3287682
3287741
3287756
3287908
3288162
3288197
3288718
3289009
3289286
3289377
3289421
3289863
3290031
3290217
3290285
3290487
3290515
3290572
3290852
3290880
3291045
3291170
3291219
3291270
3291482
3291528
3291599
3291681
3291810
3291928
3292183
3292530
3292595
3292633
3292929
3292946
3292949
3293027
3293083
3293305
3293392
3293524
3293526
3293532
3293614
3293638
3293719
3294102
3294116
3294173
3294208
3294503
3294536
3294566
3294584
3294595
3294619
3294680
3294745
3294753
3294761
3295122
3295193
3295437
3295499
3295544
3295642
3295939
3296314
3296403
3296440
3296534
3296610
3296687
3296805
3296825
3296953
3297072
3297101
3297231
3297365
3297485
3297625
3297661
3297963
3298155
3298162
3298224
3298233
3298346
3298423
3298613
3298793
3298863
3299150
3299202
3299203
3299206
3299218
3299493
3299642
3299828
3299893
3300040
3300063
3300552
3300684
3300716
3300798
3300965
3301016
3301236
3301263
3301282
3301834
3301852
3302076
3302460
3302465
3302786
3303362
3303407
3303416
3303572
3303644
3303714
3303726
3304300
3304506
3304794
3305181
3305242
3305442
3305467
3305876
3305914
3305960
3305996
3306090
3306352
3306447
3306487
3306554
3306569
3306646
3306945
3306947
3307543
3307741
3307853
3307919
3307981
3308201
3308352
3308899
3308920
3308938
3309028
3309188
3309248
3309288
3309319
3309464
3309547
3309733
3309883
3310046
3310083
3310186
3310333
3310474
3310518
3310586
3310714
3310889
3311016
3311094
3311095
3311202
3311228
3311295
3311425
3311494
3311697
3311805
3311946
3312000
3312012
3312089
3312108
3312151
3312175
3312224
3312278
3312319
3312390
3312422
3312542
3312609
3312648
3312650
3313211
3313475
3313495
3313630
3313874
3314092
3314273
3314363
3314401
3314780
3314864
3314892
3314988
3315033
3315212
3315291
3315496
3315508
3315524
3315547
3315573
3315610
3315669
3315835
3315848
3316113
3316170
3316531
3316546
3316634
3316741
3316864
3316906
3316909
3317161
3317165
3317588
3317703
3317915
3318227
3318313
3318356
3318493
3318622
3318639
3318665
3318798
3318975
3319054
3319116
3319348
3319483
3319511
3319513
3319547
3319554
3319642
3319758
3320090
3320113
3320283
3320311
3320908
3321017
3321054
3321190
3321346
3321548
3321783
3321802
3321921
3322003
3322203
3322228
3322268
3322322
3322330
3322479
3322586
3322607
3322781
3322800
3322982
3323122
3323384
3323433
3323472
3323740
3323859
3323987
3324127
3324240
3324347
3324592
3324930
3324959
3325027
3325530
3325625
3325644
3325654
3325793
3325862
3326130
3326220
3326251
3326410
3326527
3326539
3326660
3326813
3327252
3327334
3327626
3327776
3327840
3328005
3328248
3328447
3328556
3328710
3328741
3328823
3328994
3329021
3329086
3329088
3329120
3329154
3329205
3329229
3329332
3329410
3329561
3329645
3329660
3329746
3329904
3329949
3329979
3330051
3330121
3330136
3330189
3330439
3330514
3330703
3330728
3330757
3330779
3330994
3331145
3331511
3331550
3331690
3332223
3332390
3332511
3332525
3332594
3332651
3332855
3332945
3332989
3333587
3333593
3333640
3333642
3333690
3333801
3333891
3333968
3334479
3334561
3334695
3335060
3335067
3335105
3335201
3335312
3335551
3335770
3336019
3336045
3336123
3336405
3336631
3336674
3336883
3336911
3337105
3337119
3337668
3337724
3337751
3337865
3337927
3337939
3338045
3338048
3338113
3338119
3338217
3338328
3338452
3338663
3338861
3339131
3339379
3339487
3339536
3339649
3339810
3340107
3340190
3340277
3340335
3340484
3340623
3340648
3340969
3341008
3341295
3341338
3341395
3341408
3341458
3341559
3341653
3341755
3342100
3342191
3342327
3342661
3342723
3342727
3342818
3342864
3343034
3343138
3343207
3343372
3343421
3343486
3343518
3343639
3343938
3344044
3344178
3344300
3344361
3344419
3344530
3344553
3344975
3345046
3345236
3345240
3345290
3345392
3345717
3346012
3346033
3346080
3346230
3346248
3346254
3346292
3346495
3346877
3346909
3346943
3347598
3347909
3348112
3348164
3348190
3348262
3349229
3349233
3349310
3349666
3349698
3349750
3349813
3349836
3350062
3350214
3350304
3350316
3350584
3350626
3350641
3350700
3350719
3350815
3350825
3350907
3350918
3351067
3351150
3351203
3351237
3351303
3351324
3351340
3351424
3351903
3352054
3352134
3352756
3352810
3352864
3352898
3352899
3353003
3353017
3353214
3353255
3353563
3353597
3353883
3353922
3354072
3354096
3354150
3354166
3354178
3354311
3354391
3354507
3354727
3354994
3355144
3355201
3355215
3355432
3355600
3355617
3355882
3355982
3355985
3356389
3356487
3356591
3356625
3356691
3356735
3356962
3357310
3357445
3357471
3357483
3357538
3357760
3357835
3357975
3358065
3358184
3358404
3358575
3358806
3358829
3358920
3359086
3359177
3359232
3359371
3359376
3359473
3359579
3359787
3359833
3359916
3359970
3360164
3360236
3360301
3360304
3360307
3360411
3360528
3360560
3360605
3360921
3360974
3361147
3361188
3361226
3361567
3361619
3361626
3361756
3361982
3362062
3362158
3362181
3362238
3362899
3362965
3363007
3363012
3363050
3363125
3363196
3363221
3363383
3363495
3363712
3363935
3364138
3364168
3364870
3365117
3365173
3365535
3365561
3365894
3366138
3366436
3366517
3366641
3366718
3366723
3366784
3366882
3366888
3366912
3367056
3367161
3367249
3367310
3367459
3367474
3367591
3367693
3367750
3367945
3367947
3368109
3368123
3368142
3368437
3368525
3368632
3368812
3368924
3369013
3369259
3369299
3369325
3369353
3369701
3369762
3369874
3369983
3370045
3370170
3370179
3370310
3370667
3370716
3370725
3370750
3370911
3370959
3371261
3371631
3371792
3371833
3371911
3372256
3372393
3372397
3372462
3372509
3372513
3372578
3372689
3372732
3372741
3372946
3373113
3373221
3373227
3373656
3373746
3374140
3374191
3374298
3374384
3374491
3374510
3374562
3374626
3374852
3375052
3375274
3375379
3375437
3375480
3375636
3375676
3375703
3375732
3375805
3375835
3375868
3376281
3376929
3377330
3377352
3377475
3377480
3377676
3377696
3377704
3377996
3378241
3378348
3378454
3378663
3378852
3379133
3379184
3379276
3379278
3379315
3379390
3379402
3379656
3379690
3379838
3379843
3379913
3379980
3380102
3380285
3380324
3380447
3380694
3380767
3380961
3381090
3381218
3381363
3381365
3381383
3381737
3381883
3381933
3381980
3381981
3381985
3381988
3382134
3382170
3382214
3382276
3382297
3382533
3382591
3382631
3382633
3382743
3382889
3382907
3382974
3383020
3383397
3383503
3383694
3383742
3383842
3384115
3384394
3384559
3384613
3384631
3384652
3384720
3384976
3384999
3385120
3385499
3385500
3385565
3385641
3385683
3385695
3385757
3386253
3386281
3386311
3386492
3386875
3386922
3386979
3387026
3387423
3387682
3387714
3387733
3387790
3387797
3387923
3387985
3388423
3388471
3388598
3388656
3388728
3388924
3389043
3389088
3389124
3389274
3389707
3389853
3390285
3390888
3391121
3391635
3391746
3391758
3391822
3391892
3391965
3391984
3392051
3392131
3392132
3392256
3392639
3392690
3392869
3393200
3393307
3393498
3393734
3393994
3393998
3394016
3394378
3394564
3394643
3394655
3394709
3394777
3394997
3395006
3395328
3395336
3395584
3395737
3395885
3396216
3396238
3396512
3396590
3396593
3396661
3396811
3397166
3397185
3397358
3397482
3397492
3397517
3397539
3397829
3397972
3398227
3398231
3398295
3398584
3398737
3398750
3398826
3398946
3399046
3399346
3399381
3399453
3399899
3400295
3400317
3400381
3400391
3400723
3400789
3400920
3401254
3401292
3401317
3401324
3401370
3401478
3401554
3401565
3401778
3402036
3402065
3402199
3402508
3402608
3402624
3402860
3402927
3402988
3403021
3403451
3403481
3403482
3403504
3403637
3403683
3403865
3403925
3403960
3404081
3404151
3404299
3404344
3404365
3404381
3404436
3404581
3404653
3404757
3404826
3404919
3405002
3405092
3405174
3405211
3405264
3405312
3405331
3405353
3405382
3405425
3405609
3405653
3405716
3405721
3405875
3406412
3406501
3406525
3406717
3406762
3406773
3406774
3406797
3406842
3407500
3407716
3407825
3407972
3408049
3408277
3408508
3408586
3408643
3408746
3408750
3408772
3409071
3409114
3409241
3409322
3409489
3409621
3409867
3410178
3410274
3410352
3410411
3410518
3410938
3411038
3411201
3411341
3411540
3412041
3412097
3412257
3412259
3412430
3412582
3412950
3413012
3413063
3413141
3413503
3413717
3413885
3414008
3414016
3414065
3414078
3414484
3414494
3414587
3414818
3415036
3415179
3415308
3415345
3415366
3415677
3415679
3415818
3415952
3415968
3416022
3416207
3416435
3416575
3416821
3417289
3417331
3417335
3417435
3417676
3417701
3417978
3417980
3418064
3418107
3418331
3418686
3418710
3418794
3418922
3419106
3419369
3419409
3419445
3419492
3419664
3419789
3419885
3420808
3420898
3421200
3421283
3421290
3421315
3421344
3421358
3421438
3422034
3422058
3422063
3422076
3422083
3422491
3422497
3422566
3422620
3422621
3422867
3423055
3423114
3423164
3423232
3423244
3423558
3423655
3423698
3423734
3424360
3424395
3424492
3424550
3424594
3424686
3424698
3424827
3424844
3425011
3425075
3425100
3425380
3425417
3425493
3425559
3425888
3426134
3426208
3426268
3426387
3426454
3426827
3426881
3427123
3427134
3427151
3427210
3427456
3427692
3427752
3427763
3428282
3428322
3428352
3428417
3428578
3428603
3428828
3428967
3429043
3429119
3429164
3429286
3429470
3429545
3429652
3429675
3429679
3429917
3429924
3430048
3430055
3430412
3430434
3430469
3430594
3430753
3430793
3430814
3430878
3430951
3431038
3431455
3431473
3431537
3431929
3432265
3432622
3432814
3432824
3433207
3433210
3433316
3433331
3433438
3433451
3433583
3433686
3433978
3433991
3434038
3434060
3434103
3434249
3434545
3434572
3434732
3434739
3434825
3435022
3435118
3435349
3435501
3435529
3435603
3435632
3435730
3435961
3436189
3436342
3436413
3436611
3436620
3436667
3436937
3436971
3437001
3437007
3437214
3437458
3437613
3437810
3438148
3438200
3438241
3438263
3438282
3438298
3438398
3438457
3438635
3438677
3439100
3439360
3439625
3439729
3439788
3439973
3439991
3440131
3440143
3440314
3440461
3440472
3440541
3440810
3440816
3440962
3441118
3441358
3441457
3441559
3441716
3441744
3441995
3442295
3442554
3442569
3442616
3442667
3442689
3442791
3442839
3443336
3443362
3443393
3443423
3443563
3443963
3443967
3444094
3444146
3444221
3444272
3444364
3444602
3444814
3444835
3444925
3444927
3445201
3445373
3445422
3445433
3445538
3446109
3446267
3446425
3446447
3446675
3446864
3447024
3447028
3447036
3447168
3447214
3447253
3447306
3447488
3447629
3447756
3447905
3448049
3448192
3448240
3448334
3448575
3448635
3448648
3448878
3448896
3449014
3449066
3449071
3449263
3449595
3449611
3449714
3449814
3449873
3449913
3449939
3450131
3450152
3450288
3450533
3450713
3450782
3450873
3451135
3451449
3451469
3451727
3451825
3451855
3451889
3452110
3452163
3452181
3452360
3452522
3452732
3452762
3452988
3453048
3453053
3453207
3453267
3453473
3453524
3453526
3453534
3453550
3453636
3453696
3453742
3453927
3453993
3454017
3454303
3454704
3454863
3454936
3455240
3455273
3455728
3455800
3455879
3455916
3456016
3456109
3456246
3456382
3456566
3456600
3456654
3456711
3456815
3456876
3457118
3457335
3457362
3457613
3457900
3457902
3458228
3458766
3458797
3458837
3458930
3458972
3459076
3459157
3459975
3459980
3459985
3460055
3460514
3460866
3460894
3461036
3461224
3461416
3461492
3461552
3461706
3461738
3461849
3461919
3462335
3462405
3462534
3462699
3462963
3463201
3463299
3463453
3463534
3463587
3463690
3463902
3464102
3464191
3464257
3464264
3464585
3464593
3464709
3464758
3464821
3464868
3465179
3465397
3465460
3465695
3465889
3465938
3466136
3466200
3466221
3466324
3466669
3466872
3467239
3467260
3467457
3467527
3467581
3467602
3467671
3467795
3467844
3467970
3468303
3468465
3468608
3468724
3468934
3468942
3469193
3469239
3469354
3469434
3469490
3469536
3469645
3469661
3469810
3469820
3470079
3470165
3470247
3470287
3470455
3470500
3470669
3470699
3470753
3470821
3470835
3470902
3470956
3471409
3471428
3471465
3471497
3471514
3471630
3471642
3471831
3472252
3472269
3472653
3472668
3472838
3473026
3473144
3473282
3473289
3473311
3473437
3473442
3473444
3473447
3473569
3473642
3474038
3474055
3474236
3474428
3474563
3474697
3474805
3474908
3474930
3474942
3475124
3475318
3475392
3475477
3475537
3475586
3475710
3475908
3475911
3475936
3475969
3476018
3476053
3476073
3476186
3476269
3476445
3476557
3476670
3476707
3477420
3477462
3477881
3477995
3478157
3478222
3478235
3478302
3478760
3478803
3478806
3478887
3478926
3479149
3479152
3479165
3479486
3479759
3479998
3480055
3480311
3480613
3480823
3480836
3480860
3480987
3481009
3481024
3481423
3481547
3481632
3481806
3481957
3482009
3482422
3482577
3482769
3482796
3482914
3483021
3483121
3483190
3483205
3483496
3483510
3483705
3483731
3483796
3483963
3484294
3484329
3484557
3484589
3484636
3484731
3484893
3484898
3485052
3485144
3485202
3485215
3485298
3485382
3485395
3485484
3485677
3485743
3486004
3486078
3486134
3486233
3486438
3486483
3486541
3486765
3486777
3486874
3487017
3487196
3487267
3487322
3487405
3487741
3487924
3487938
3488437
3488466
3488706
3488906
3488943
3488997
3489050
3489095
3489150
3489553
3489652
3490100
3490318
3490449
3490705
3490729
3490737
3490837
3491000
3491115
3491500
3491614
3491681
3491844
3491904
3491925
3491941
3491957
3492224
3492281
3492524
3492703
3492862
3492875
3493298
3493405
3493613
3494025
3494210
3494396
3494457
3494516
3494561
3494735
3494781
3494901
3494970
3495059
3495269
3495642
3495657
3496018
3496335
3496366
3496372
3496384
3496664
3496804
3496918
3496998
3497112
3497193
3497327
3497345
3497446
3497555
3497920
3498068
3498150
3498211
3498472
3498517
3499071
3499122
3499231
3499369
3499538
3499615
3499672
3500064
3500161
3500193
3500238
3500376
3500404
3500418
3500653
3500727
3500882
3501108
3501125
3501186
3501301
3501321
3501717
3501782
3502183
3502339
3502352
3502503
3502549
3502562
3502584
3502766
3502990
3503282
3503428
3503498
3503513
3503702
3504242
3504308
3504347
3504411
3504435
3504585
3504597
3504637
3504847
3504983
3505039
3505045
3505382
3505410
3505572
3505582
3505633
3505752
3505818
3505832
3506010
3506032
3506180
3506213
3506215
3506230
3506475
3506695
3506745
3507044
3507149
3507235
3507433
3507576
3507660
3507751
3507905
3507928
3508240
3508416
3508475
3508539
3508619
3508639
3508700
3508750
3508912
3509023
3509064
3509221
3509296
3509316
3509402
3509525
3509731
3509732
3509752
3509777
3509892
3509957
3510165
3510184
3510255
3510380
3510434
3510638
3510696
3511007
3511035
3511177
3511191
3511254
3511267
3511502
3511504
3511565
3511746
3511799
3511857
3511893
3511925
3512034
3512081
3512115
3512138
3512300
3512341
3512470
3512581
3512750
3512835
3512925
3513059
3513238
3513453
3513532
3513552
3513775
3513837
3514096
3514202
3514223
3514604
3514790
3514811
3514869
3514897
3514958
3515137
3515231
3515335
3515396
3515732
3515737
3515799
3515858
3515945
3516021
3516176
3516337
3516419
3516427
3516453
3516571
3516579
3516750
3516823
3516830
3516908
3517202
3517266
3517619
3517641
3517973
3518171
3518178
3518407
3518499
3519164
3519216
3519267
3519737
3519805
3519852
3519881
3520094
3520147
3520157
3520228
3520521
3520576
3520679
3520680
3520807
3520845
3520862
3521028
3521041
3521185
3521339
3521383
3521559
3521881
3521987
3522014
3522132
3522151
3522173
3522178
3522411
3522672
3523034
3523167
3523333
3523414
3523431
3523537
3523552
3523771
3523984
3524021
3524249
3524256
3524285
3524395
3524427
3524446
3524464
3524817
3525272
3525479
3525637
3525655
3525694
3525750
3525754
3525836
3526027
3526125
3526468
3526472
3526567
3526666
3526764
3526788
3526815
3526962
3527164
3527214
3527462
3527470
3527473
3527774
3528133
3528206
3528253
3528997
3529059
3529324
3529350
3529711
3529785
3529866
3529935
3530079
3530155
3530296
3530395
3530424
3530461
3530595
3530723
3530746
3530771
3530864
3530932
3531137
3531264
3531412
3531802
3531982
3532017
3532317
3532453
3532580
3532601
3532831
3532879
3532936
3532951
3533089
3533154
3533190
3533191
3533256
3533263
3533900
3533928
3534155
3534210
3534256
3534393
3534711
3534843
3534891
3534968
3535031
3535201
3535214
3535333
3535397
3535431
3535452
3535555
3535767
3535808
3535952
3536126
3536189
3536237
3536259
3536420
3536597
3536602
3536605
3536661
3536809
3537143
3537269
3537345
3537595
3537687
3537704
3537794
3537831
3537923
3538021
3538070
3538199
3538277
3538533
3538669
3538675
3538796
3538890
3539087
3539130
3539151
3539214
3539750
3540293
3540496
3540500
3540639
3540649
3540716
3540785
3540955
3541026
3541054
3541384
3541395
3541580
3541895
3542191
3542362
3542451
3542689
3542748
3542754
3542832
3542975
3543065
3543212
3543620
3543689
3543733
3543955
3544062
3544115
3544116
3544549
3545112
3545272
3545360
3545648
3545719
3545820
3545939
3546008
3546082
3546413
3546936
3546937
3546983
3547080
3547096
3547346
3547512
3547730
3547822
3547864
3547881
3547978
3548251
3548258
3548287
3548712
3548738
3548742
3548839
3548891
3548920
3549072
3549164
3549243
3549353
3549384
3549491
3549592
3549646
3549719
3549862
3550101
3550306
3550385
3550559
3550697
3550736
3550769
3550779
3550806
3550825
3550930
3551093
3551162
3551236
3551394
3551555
3551703
3551762
3551770
3551794
3551809
3551882
3551963
3552204
3552207
3552477
3552582
3552696
3552821
3552878
3553198
3553200
3553237
3553265
3553395
3553479
3553529
3553663
3553696
3553700
3553819
3553852
3553905
3554413
3554489
3554663
3554870
3554887
3555588
3555805
3555845
3555979
3556007
3556098
3556207
3556222
3556523
3556596
3556709
3556967
3557040
3557063
3557102
3557177
3557206
3557253
3557276
3557302
3557367
3557484
3557494
3557610
3557646
3557826
3558097
3558480
3558608
3558692
3558725
3558880
3558942
3558946
3559102
3559291
3559337
3559552
3559667
3559686
3559802
3559820
3559830
3559931
3560367
3560397
3560717
3560797
3561064
3561519
3561623
3561636
3561706
3561755
3561925
3561978
3562100
3562577
3562728
3563100
3563165
3563245
3563266
3563657
3563682
3563976
3564087
3564311
3564381
3564474
3564549
3564599
3564634
3564862
3565309
3565626
3565811
3565968
3566182
3566233
3566269
3566387
3566565
3567270
3567326
3567535
3567576
3567578
3567685
3567900
3567992
3568163
3568336
3568415
3568419
3568492
3568640
3568645
3569276
3569387
3569914
3570043
3570453
3570638
3571069
3571256
3571362
3571530
3571684
3571883
3572045
3572550
3572651
3572832
3573007
3573405
3573555
3573575
3573597
3573611
3573629
3573742
3573744
3573813
3574134
3574175
3574352
3574373
3574415
3574508
3574520
3574865
3574930
3574943
3575088
3575156
3575211
3575279
3575432
3575495
3575530
3575749
3575796
3575935
3576002
3576056
3576138
3576200
3576246
3576348
3576418
3576580
3576589
3576608
3576650
3576686
3576987
3577204
3577215
3577255
3577302
3577325
3577493
3577497
3577505
3577642
3577864
3578193
3578311
3578361
3578457
3578477
3578479
3578480
3578524
3578892
3579026
3579027
3579064
3579109
3579304
3579421
3579503
3579514
3579521
3579828
3580501
3580752
3580799
3581072
3581074
3581094
3581367
3581741
3581760
3582028
3582039
3582079
3582142
3582254
3582264
3582330
3582492
3582501
3582704
3583230
3583282
3583324
3583328
3583349
3583538
3583740
3583825
3583906
3583984
3584042
3584103
3584111
3584190
3584251
3584305
3584683
3584861
3584941
3584947
3585186
3585342
3585575
3585788
3586003
3586242
3586341
3586353
3586415
3586588
3586721
3586755
3586852
3586890
3586956
3587182
3587231
3587301
3587443
3587521
3587701
3587880
3587940
3587989
3588518
3588581
3588635
3588655
3588705
3588844
3588928
3588933
3589346
3589368
3589468
3589778
3589831
3590078
3590275
3590287
3590453
3590497
3590970
3591066
3591197
3591320
3591332
3591385
3591397
3591688
3592033
3592039
3592114
3592311
3592482
3592525
3592642
3592697
3592717
3592718
3592805
3592867
3592930
3593066
3593202
3593369
3593460
3593540
3594025
3594156
3594213
3594499
3594737
3594802
3594837
3595055
3595148
3595367
3595499
3595822
3595888
3595991
3596240
3596307
3596403
3596411
3596743
3596819
3596859
3597133
3597169
3597327
3597428
3597618
3597814
3598264
3598268
3598359
3598420
3598514
3598577
3598590
3598628
3598875
3599051
3599079
3599397
3599686
3599734
3599961
3599982
3600146
3600319
3600381
3600696
3600740
3600887
3600984
3601141
3601191
3601291
3601497
3602281
3602325
3602366
3602522
3602568
3602570
3602796
3602820
3602915
3602984
3603486
3603746
3604034
3604095
3604113
3604118
3604282
3604383
3604603
3604864
3604929
3605034
3605110
3605217
3605524
3605601
3605667
3605778
3605819
3606345
3606736
3607142
3607260
3607390
3607484
3607603
3607612
3607665
3607747
3607784
3608090
3608206
3608392
3608532
3608564
3608581
3608683
3608791
3608873
3608903
3608996
3609002
3609066
3609450
3609496
3609589
3609647
3609694
3609715
3609849
3609910
3610016
3610061
3610078
3610273
3610651
3610807
3610961
3611042
3611209
3611302
3611307
3611312
3611486
3611604
3612143
3612452
3612529
3612537
3612539
3612826
3612880
3613181
3613248
3613405
3613700
3613923
3613947
3613957
3614116
3614280
3614319
3614329
3614342
3614500
3614527
3614661
3614684
3614685
3614722
3614769
3614857
3614908
3614943
3614965
3614981
3615084
3615293
3615371
3615453
3615598
3615877
3615912
3615963
3616011
3616086
3616187
3616360
3616530
3616616
3616741
3617723
3617938
3618054
3618073
3618086
3618096
3618133
3618253
3618258
3618352
3618784
3618971
3619148
3619167
3619333
3619539
3619693
3619924
3619958
3620033
3620111
3620240
3620267
3620417
3620499
3621146
3621169
3621206
3621228
3621276
3621744
3621803
3621807
3621979
3622123
3622181
3622223
3622516
3622615
3622722
3623135
3623169
3623175
3623201
3623360
3623377
3623561
3623904
3623990
3624328
3624372
3624555
3624641
3624721
3624934
3625255
3625522
3625652
3625722
3625982
3626128
3626147
3626162
3626313
3626335
3626370
3626376
3626601
3626782
3626796
3626797
3626946
3627058
3627184
3627262
3627286
3627324
3627426
3627427
3627460
3627518
3627535
3627603
3627682
3627759
3628230
3628254
3628419
3628638
3628745
3629131
3629167
3629217
3629239
3629261
3629366
3629654
3629783
3629830
3630062
3630281
3630490
3630619
3630688
3630924
3631001
3631006
3631249
3631263
3631373
3631386
3631712
3631751
3631847
3632213
3632258
3632793
3632904
3633057
3633108
3633157
3633298
3633306
3633349
3633441
3633450
3633684
3633747
3633871
3634127
3634163
3634488
3634586
3634779
3634929
3634931
3635045
3635088
3635109
3635155
3635178
3635343
3635439
3635522
3635530
3635618
3635704
3635850
3636005
3636512
3636593
3636654
3636696
3636846
3636901
3636918
3637233
3637275
3637282
3637522
3637566
3637680
3638293
3638416
3638493
3638907
3639068
3639160
3639302
3639315
3639454
3639513
3639543
3639607
3639795
3639859
3639901
3639962
3640265
3640587
3640602
3640619
3640668
3640696
3641157
3641234
3641243
3641297
3641474
3641633
3641777
3641787
3641906
3641949
3641978
3642125
3642162
3642592
3642606
3642614
3642671
3642744
3642797
3642806
3642897
3642942
3643052
3643384
3643439
3643573
3643658
3643673
3643910
3643967
3644116
3644122
3644329
3644352
3644509
3644570
3644619
3644788
3645103
3645107
3645220
3645251
3645318
3645596
3645616
3645624
3646190
3646382
3646588
3646772
3646792
3647022
3647166
3647243
3647321
3647371
3647403
3647428
3647462
3647793
3647816
3647876
3647976
3648150
3648245
3648314
3648347
3648445
3648919
3649000
3649033
3649063
3649269
3649286
3649365
3649515
3649540
3649775
3649790
3649809
3650042
3650113
3650121
3650254
3650278
3650381
3650420
3650422
3650554
3650765
3651019
3651073
3651414
3651429
3651507
3651560
3651622
3651788
3652110
3652317
3652320
3652475
3652617
3652729
3652819
3652895
3653010
3653179
3653186
3653284
3653362
3653538
3653565
3653750
3653771
3653970
3654028
3654096
3654364
3654380
3654785
3655014
3655138
3655230
3655358
3655428
3655506
3655514
3655696
3655945
3655995
3656046
3656081
3656373
3656552
3656655
3656819
3656983
3657199
3657271
3657796
3657832
3657884
3658096
3658355
3658420
3658573
3658710
3658834
3658880
3659089
3659157
3659205
3659249
3659302
3659430
3659443
3659461
3659487
3659671
3659954
3659968
3660085
3660272
3660367
3660431
3660471
3660476
3660645
3660745
3660851
3660905
3660938
3661148
3661340
3661353
3661481
3661482
3661665
3661693
3661854
3662057
3662221
3662245
3662376
3662699
3662785
3662830
3662950
3663166
3663448
3663498
3663584
3663761
3663884
3663969
3664052
3664427
3664476
3664532
3664810
3664866
3664915
3665092
3665155
3665209
3665280
3665311
3665325
3665441
3665460
3665589
3665816
3665998
3666215
3666234
3666366
3666371
3666422
3666509
3666615
3666855
3666901
3666995
3667204
3667293
3667326
3667358
3667469
3667473
3667490
3667656
3667935
3668260
3668778
3668798
3668862
3668993
3669195
3669341
3669400
3669476
3669500
3669529
3669571
3669614
3669623
3669625
3669741
3669795
3670046
3670057
3670135
3670258
3670540
3670609
3670696
3670720
3670771
3670844
3670893
3671070
3671243
3671252
3671480
3671495
3671540
3671599
3671715
3672188
3672222
3672257
3672427
3672485
3672496
3672535
3673129
3673152
3673163
3673346
3673385
3673449
3673507
3673541
3673543
3673573
3673876
3673901
3673940
3674054
3674081
3674257
3674415
3674434
3674686
3674832
3674883
3675047
3675575
3675716
3675727
3675888
3676189
3676200
3676256
3676358
3676391
3676442
3676464
3676743
3676748
3676869
3676955
3676956
3676994
3677148
3677198
3677285
3677561
3677703
3678084
3678310
3678339
3678387
3678586
3678591
3678613
3678775
3679008
3679049
3679056
3679195
3679531
3679584
3679650
3679873
3679960
3680126
3680430
3680476
3680507
3680724
3680860
3681292
3681311
3681525
3681646
3681817
3681848
3682059
3682060
3682382
3682455
3682521
3682562
3682706
3682754
3682771
3682853
3682922
3682943
3682973
3683036
3683157
3683182
3683441
3683495
3683537
3683547
3683605
3683695
3683737
3683803
3683842
3683868
3683993
3684056
3684179
3684252
3684403
3684752
3684753
3684787
3684872
3684930
3685093
3685097
3685098
3685141
3685217
3685278
3685314
3685388
3685394
3685517
3685578
3685585
3685894
3686147
3686258
3686835
3686963
3687029
3687132
3687187
3687230
3687342
3687383
3687454
3687572
3687593
3687666
3687801
3687991
3687995
3688102
3688211
3688240
3688428
3688883
3688892
3688959
3689541
3689606
3689647
3689656
3689758
3689821
3689844
3689916
3690067
3690278
3690494
3690721
3690881
3690963
3691185
3691532
3691697
3691800
3691989
3692177
3692296
3692305
3692607
3692628
3692804
3692807
3692866
3693257
3693622
3693695
3693730
3694125
3694181
3694201
3694210
3694229
3694281
3694476
3694547
3694666
3694667
3694686
3694736
3694814
3694919
3694974
3694995
3695204
3695417
3695434
3695443
3695616
3695642
3695670
3695722
3696038
3696115
3696176
3696234
3696242
3696472
3696623
3696629
3696648
3696669
3697356
3697506
3697812
3697836
3698165
3698481
3698836
3698891
3698892
3699091
3699218
3699370
3699486
3699676
3699833
3699858
3700092
3700152
3700196
3700583
3700612
3700719
3700941
3700991
3701010
3701015
3701017
3701021
3701199
3701235
3701343
3701610
3701665
3701797
3702027
3702127
3702304
3702402
3702473
3702703
3702831
3703384
3703476
3703649
3703770
3704001
3704167
3704356
3704523
3704585
3704662
3704695
3704729
3704779
3704844
3704860
3704978
3704991
3705034
3705144
3705258
3705260
3705434
3706153
3706202
3706358
3706473
3707081
3707266
3707327
3707718
3707950
3707982
3708035
3708308
3708336
3708526
3708676
3708742
3708802
3708813
3708844
3709114
3709878
3709898
3709954
3709961
3710007
3710252
3710314
3710519
3710766
3710825
3710959
3711053
3711101
3711304
3711349
3711498
3711869
3711933
3711946
3712026
3712067
3712086
3712139
3712193
3712352
3712402
3712509
3712521
3712730
3712851
3712960
3712992
3713173
3713299
3713375
3713650
3713837
3714317
3714551
3714600
3714607
3715114
3715802
3715834
3715991
3715995
3716250
3716428
3716532
3716657
3716679
3716778
3716787
3716971
3716990
3717034
3717359
3717411
3717457
3717874
3718287
3718366
3718493
3718502
3718553
3719019
3719231
3719414
3719427
3719452
3719596
3720060
3720384
3720423
3720442
3720499
3720630
3720633
3720886
3721065
3721104
3721107
3721460
3721465
3721478
3721572
3721646
3722036
3722051
3722234
3722404
3723053
3723477
3723490
3723504
3723678
3723706
3724101
3724206
3724716
3724744
3724786
3724995
3725075
3725093
3725112
3725299
3725353
3725360
3725398
3725506
3725526
3725529
3725666
3725695
3725703
3725715
3725737
3726335
3726449
3726543
3726678
3726760
3727390
3727453
3727567
3727606
3727843
3728139
3728276
3728421
3728438
3728542
3728825
3728985
3729100
3729158
3729442
3729618
3729704
3729720
3730004
3730042
3730077
3730092
3730694
3730761
3730772
3730900
3731052
3731161
3731224
3731459
3731686
3731725
3731784
3731877
3731999
3732165
3732287
3732348
3732614
3732674
3732885
3732887
3733016
3733271
3733434
3733497
3733618
3734300
3734336
3734384
3734473
3734483
3734634
3734714
3734731
3734888
3735201
3735256
3735308
3735406
3735560
3735617
3735663
3735669
3735676
3735799
3735826
3735868
3736221
3736257
3736392
3736507
3736653
3736997
3737017
3737035
3737231
3737263
3737278
3737476
3737481
3737665
3737705
3738059
3738097
3738102
3738329
3738439
3738832
3738850
3739050
3739057
3739167
3739581
3739629
3739687
3739864
3739887
3740117
3740247
3740480
3740509
3740717
3740888
3741075
3741117
3741135
3741142
3741170
3741183
3741192
3741244
3741324
3741355
3741455
3741769
3741870
3742263
3742438
3742505
3742526
3742576
3743005
3743037
3743041
3743101
3743197
3743423
3743661
3743796
3743869
3743944
3743998
3744107
3744161
3744347
3744652
3744830
3745008
3745046
3745066
3745214
3745561
3745615
3745632
3745801
3745844
3745974
3746090
3746127
3746517
3746738
3746822
3746844
3746849
3746910
3746921
3746992
3747046
3747144
3747188
3747312
3747459
3747558
3747633
3747639
3747699
3747822
3747963
3747971
3748138
3748310
3748340
3748367
3748862
3748911
3748918
3749164
3749407
3749519
3749562
3749588
3749822
3750026
3750219
3750487
3750587
3750721
3750733
3750757
3750790
3751123
3751275
3751342
3751500
3751681
3751799
3752126
3752164
3752379
3752442
3752466
3752497
3752732
3752735
3752815
3753111
3753126
3753308
3753461
3753944
3753969
3754012
3754276
3754365
3754474
3754547
3754778
3754858
3754949
3755120
3755492
3755711
3755731
3755838
3756074
3756279
3756411
3756470
3756563
3756565
3756728
3756821
3756824
3756874
3756954
3757073
3757422
3757568
3757792
3757943
3758218
3758228
3758263
3758540
3758665
3758726
3758783
3758993
3759181
3759271
3759281
3759303
3759491
3759535
3759603
3759746
3759905
3759993
3760233
3760341
3760449
3760535
3760634
3760882
3760898
3760907
3761171
3761209
3761501
3761523
3761566
3761592
3761661
3761693
3761849
3761904
3762151
3762250
3762421
3762446
3762554
3762641
3762724
3762787
3762851
3763005
3763012
3763093
3763145
3763267
3763397
3763482
3763512
3763533
3763650
3764053
3764070
3764146
3764562
3764749
3764901
3764968
3765271
3765447
3765604
3765620
3765820
3765831
3765887
3766106
3766115
3766120
3766193
3766258
3766273
3766670
3766723
3766763
3766827
3766833
3766880
3766934
3767059
3767274
3767284
3767818
3768229
3768389
3768608
3768856
3768893
3768938
3769005
3769088
3769096
3769209
3769396
3769581
3770185
3770591
3770715
3770841
3770978
3771083
3771125
3771141
3771504
3771526
3771664
3771680
3771719
3771772
3771866
3772032
3772180
3772219
3772360
3772372
3772421
3772532
3772683
3772794
3773000
3773419
3773494
3773646
3773676
3773686
3773731
3773826
3773955
3773998
3774094
3774191
3774327
3774339
3774390
3774568
3775421
3775500
3775825
3776020
3776067
3776073
3776286
3776335
3776621
3776622
3776769
3776802
3776844
3776852
3777090
3777244
3777353
3777384
3777527
3777655
3777852
3777987
3778281
3778294
3778482
3778585
3778599
3778739
3778931
3778944
3778960
3779243
3779346
3779415
3779439
3779517
3779573
3779586
3779843
3779850
3779966
3780188
3780442
3780564
3780773
3780894
3781099
3781139
3781219
3781280
3781311
3781563
3782084
3782230
3782397
3782498
3782645
3782816
3783014
3783048
3783090
3783148
3783343
3783439
3783445
3783723
3783797
3783926
3783946
3784133
3784148
3784190
3784336
3784489
3784700
3784730
3784820
3784877
3784940
3784948
3784954
3785177
3785221
3785335
3785802
3785885
3786065
3786201
3786265
3786273
3786374
3786378
3786673
3786768
3787132
3787170
3787265
3787445
3787628
3787663
3787778
3788078
3788079
3788441
3788459
3788787
3788896
3788956
3789183
3789197
3789282
3789684
3789730
3789803
3790214
3790286
3790397
3790467
3790509
3790724
3790774
3790792
3791184
3791186
3791691
3791730
3791792
3791904
3791945
3792022
3792156
3792302
3792887
3793193
3793194
3793932
3793995
3794131
3794351
3794369
3794705
3794978
3795131
3795311
3795389
3795735
3795764
3795771
3795778
3796198
3796277
3796564
3796591
3796723
3796918
3797141
3797326
3797927
3798323
3798329
3798737
3799098
3799154
3799320
3799582
3799675
3799760
3800233
3800391
3800445
3800789
3800828
3800870
3800994
3801011
3801453
3801466
3801474
3801608
3801706
3801899
3801915
3802009
3802027
3802602
3803509
3803850
3804177
3804344
3804400
3804463
3804482
3804584
3804617
3804642
3804996
3805098
3805364
3805414
3805551
3805769
3805786
3805894
3806164
3806195
3806264
3806291
3806454
3806628
3806658
3806662
3806806
3806887
3807108
3807235
3807243
3807361
3807513
3807756
3807878
3808307
3808519
3808609
3809157
3809347
3809401
3809616
3809668
3809848
3809941
3810020
3810077
3810250
3810596
3810761
3811051
3811133
3811138
3811368
3811587
3811773
3811840
3811940
3812267
3812283
3812341
3812443
3812461
3812736
3812874
3812904
3812931
3813253
3813319
3813898
3814117
3814209
3814470
3814967
3815053
3815246
3815300
3815503
3815517
3815646
3815751
3815799
3815961
3815972
3816001
3816020
3816385
3816548
3816656
3816789
3816792
3816827
3816836
3816932
3817250
3817386
3817436
3817443
3817572
3817767
3817812
3817849
3817992
3818516
3818709
3819085
3819334
3819403
3819586
3819859
3819898
3819947
3819986
3820020
3820091
3820100
3820315
3820525
3820852
3820939
3821432
3821607
3821714
3821720
3821765
3821837
3821889
3821959
3822054
3822578
3822600
3822621
3822769
3822861
3823001
3823050
3823151
3823697
3823822
3823954
3823989
3824404
3824893
3825099
3825233
3825282
3825406
3825551
3825846
3826087
3826197
3826202
3826270
3826572
3826725
3826737
3826757
3826761
3826857
3826974
3826983
3827432
3827650
3827662
3827708
3828097
3828120
3828652
3828663
3829082
3829173
3829185
3829977
3830019
3830518
3830738
3830795
3830862
3831117
3831379
3831381
3831643
3831759
3831903
3832106
3832116
3832214
3832246
3832257
3832529
3832552
3832715
3832847
3832874
3832939
3832971
3833194
3833522
3833558
3833566
3833730
3833780
3833832
3834058
3834068
3834092
3834192
3834246
3834267
3834678
3834728
3834892
3835324
3835413
3835443
3835456
3835652
3835696
3835743
3835760
3835951
3836021
3836542
3836569
3836675
3837004
3837150
3837176
3837287
3837301
3837532
3837539
3837545
3837680
3837715
3837792
3837969
3838121
3838175
3838403
3838473
3838560
3838690
3838750
3838767
3838940
3838992
3839277
3839379
3839935
3840451
3840524
3840644
3840938
3840975
3841147
3841567
3841980
3842055
3842110
3842160
3842219
3842335
3842491
3842757
3842892
3843264
3843507
3843522
3843863
3843933
3844181
3844366
3844536
3844675
3844826
3845207
3845288
3845391
3845484
3845591
3845696
3845723
3845748
3845869
3845937
3846106
3846219
3846499
3846552
3847037
3847185
3847272
3847314
3847338
3847632
3847762
3847913
3848087
3848536
3848576
3849205
3849283
3849358
3849395
3849549
3850044
3850344
3850867
3850887
3850893
3851053
3851323
3851384
3851507
3851512
3851952
3852560
3852597
3853328
3853761
3853824
3853954
3854146
3854328
3854424
3854444
3854607
3854689
3855025
3855510
3855517
3855832
3855874
3855914
3856011
3856022
3856120
3856213
3856505
3857023
3857161
3857325
3857421
3857503
3857519
3857875
3858006
3858251
3858273
3858349
3858383
3858392
3858843
3858979
3859070
3859182
3859284
3859312
3859370
3859821
3859993
3860143
3860285
3860425
3860461
3860580
3860655
3860696
3860732
3860897
3861118
3861145
3861225
3861336
3861404
3861497
3861525
3861581
3861614
3861653
3861683
3861880
3861945
3861967
3862012
3862127
3862150
3862251
3862568
3862963
3863013
3863068
3863292
3863345
3863408
3863602
3864309
3864355
3864428
3864474
3864547
3864859
3865060
3865110
3865269
3865448
3865518
3866356
3866622
3866872
3866898
3866999
3867384
3867398
3867935
3868016
3868166
3868474
3868555
3868620
3869119
3869246
3869413
3869634
3869673
3869747
3869818
3869985
3870191
3870489
3870593
3870747
3870766
3870919
3870971
3871043
3871284
3871345
3871799
3871849
3871942
3872101
3872293
3872606
3872635
3872876
3872942
3873042
3873254
3873273
3873452
3873543
3873591
3873596
3873627
3873855
3874021
3874103
3874145
3874229
3874323
3874351
3874521
3874624
3874643
3874727
3875172
3875190
3875199
3875852
3875869
3875899
3876145
3876222
3876429
3876507
3876745
3876747
3876750
3876786
3876888
3877371
3877481
3877530
3877601
3877833
3878020
3878289
3878357
3878944
3878948
3878999
3879373
3879416
3879518
3879850
3879987
3880012
3880062
3880231
3880766
3880809
3881052
3881381
3881829
3881850
3882390
3882437
3882805
3883006
3883222
3883479
3883487
3883570
3883960
3884076
3884436
3884973
3885110
3885299
3885380
3885447
3885575
3885610
3885792
3885869
3885911
3885960
3886022
3886088
3886236
3886455
3886817
3886848
3886868
3887143
3887156
3887258
3887365
3887480
3887565
3887734
3888135
3888301
3888353
3888427
3888438
3888585
3888716
3889082
3889357
3889554
3889733
3889998
3890678
3890957
3890974
3891099
3891143
3891314
3891373
3891418
3891436
3891449
3891505
3891531
3891801
3891805
3891965
3892014
3892063
3892103
3892259
3892339
3892835
3892836
3892906
3892933
3893071
3893248
3893378
3893773
3893790
3893839
3893912
3894080
3894126
3894180
3894221
3894375
3894422
3894578
3894625
3894938
3894965
3895524
3895643
3895657
3895682
3895770
3895895
3895925
3896091
3896347
3896524
3896591
3896654
3896770
3896893
3897077
3897276
3897807
3897934
3898032
3898108
3898460
3898507
3898508
3898563
3898806
3899199
3899556
3899570
3899597
3899601
3899669
3899680
3900050
3900213
3900569
3900672
3900720
3901006
3901174
3901404
3901695
3901768
3901992
3902031
3902139
3902178
3902200
3902441
3902569
3902653
3902681
3902688
3902863
3903283
3903375
3903383
3903501
3903593
3903874
3903900
3904181
3904252
3904401
3904440
3904475
3904572
3904655
3904775
3904796
3904907
3904951
3905023
3905338
3905546
3905591
3905697
3905707
3905745
3905851
3905943
3906001
3906251
3906271
3906295
3906350
3906597
3906728
3906740
3906764
3906924
3907045
3907756
3907828
3907931
3907979
3908123
3908124
3908270
3908301
3908310
3908439
3908468
3908507
3908941
3908944
3909091
3909168
3909542
3909546
3909574
3909734
3909763
3910001
3910008
3910298
3910472
3910509
3910529
3910996
3911393
3911437
3911510
3911633
3911642
3912304
3912353
3912462
3912753
3912822
3912935
3913079
3913271
3913557
3913760
3913904
3914230
3914648
3914758
3914874
3914884
3914922
3914950
3915266
3915408
3915472
3915525
3915620
3915629
3915723
3915750
3915883
3915925
3915938
3916093
3916102
3916226
3916443
3917179
3917468
3917747
3918264
3918333
3918454
3919014
3919044
3919073
3919415
3919446
3919676
3919685
3919697
3919916
3920358
3920626
3920956
3920962
3921117
3921312
3921386
3921573
3921969
3922096
3922428
3922432
3922520
3922680
3922891
3922899
3923331
3923497
3923608
3923665
3923898
3923899
3924004
3924098
3924169
3924253
3924441
3924446
3924949
3924950
3925236
3925382
3925425
3925499
3925685
3926019
3926199
3926366
3926451
3926520
3926560
3926561
3927099
3927260
3928012
3928030
3928106
3928261
3928634
3928756
3928774
3929161
3929371
3929436
3929700
3929876
3930161
3930337
3930442
3930627
3930644
3930669
3930787
3931151
3931352
3931434
3931480
3931554
3931670
3931865
3931920
3931979
3932053
3932438
3932477
3932508
3932581
3932599
3932635
3932759
3932911
3933026
3933654
3933989
3934234
3934526
3934560
3935074
3935167
3935259
3935524
3935579
3935656
3935768
3935834
3936026
3936038
3936297
3936421
3936643
3936760
3936777
3937127
3937284
3937318
3937403
3937594
3937806
3937889
3937900
3938074
3938279
3938417
3938945
3939221
3939490
3939589
3940411
3940483
3940497
3940512
3940774
3940999
3941001
3941192
3941352
3941573
3941589
3941714
3941735
3942173
3942464
3942507
3942622
3942709
3942752
3942883
3942965
3943096
3943459
3943637
3943643
3943777
3944002
3944055
3944362
3944593
3944989
3945058
3945123
3945267
3945391
3945491
3945772
3945790
3945984
3946264
3946463
3946479
3946676
3946736
3946798
3947064
3947094
3947096
3947098
3947167
3947209
3947320
3947487
3947673
3947737
3948055
3948265
3948286
3948344
3948549
3948599
3948646
3949077
3949129
3949319
3949359
3949415
3949456
3949608
3949612
3949721
3949831
3949883
3950058
3950070
3950128
3950172
3950726
3950757
3951363
3951840
3952164
3952400
3952410
3952430
3952449
3952746
3952805
3952941
3953084
3953129
3953436
3953474
3953498
3953617
3953725
3953930
3954099
3954155
3954434
3954435
3954506
3954640
3954660
3954872
3954991
3955059
3955490
3955816
3956083
3956168
3956265
3956309
3956331
3956563
3956652
3956920
3957094
3957220
3957583
3957774
3957907
3957986
3958136
3958257
3958308
3958392
3958634
3958699
3958781
3958959
3959430
3959445
3959546
3959705
3959724
3959746
3959762
3959791
3959836
3960055
3960127
3960327
3960677
3960940
3960958
3960992
3961210
3961255
3961480
3961663
3961973
3962081
3962121
3962170
3962175
3962427
3962481
3962526
3962590
3962604
3962869
3963210
3963320
3963486
3963739
3964048
3964061
3964748
3964767
3964882
3964913
3965163
3965283
3965317
3965354
3965853
3965898
3966075
3966202
3966250
3966370
3967349
3967492
3967646
3968071
3968242
3968491
3968895
3968954
3968965
3969134
3969272
3969284
3969294
3969420
3969461
3969695
3970201
3970308
3970442
3970615
3970960
3971084
3971090
3971329
3971883
3972039
3972081
3972446
3972545
3972620
3972725
3972735
3972752
3972879
3973029
3973065
3973211
3973233
3973379
3973794
3973874
3973884
3973885
3973944
3974017
3974329
3974336
3974468
3974514
3974532
3974542
3974820
3975186
3975510
3975525
3975717
3976051
3976081
3976176
3976203
3976248
3976385
3976560
3976662
3976670
3977077
3977278
3977300
3977369
3977429
3977434
3977799
3977819
3977906
3977996
3978053
3978113
3978170
3978199
3978295
3978437
3978491
3978594
3978657
3978720
3978735
3978799
3978977
3979025
3979048
3979183
3979730
3979750
3979831
3979885
3980534
3980615
3980834
3981236
3981440
3981541
3981861
3982504
3982563
3982608
3982744
3982845
3983094
3983382
3983521
3983688
3983710
3984091
3984354
3984439
3984526
3984864
3985010
3985083
3985159
3985261
3985281
3985328
3985611
3985736
3985768
3985828
3985839
3986004
3986041
3986443
3986905
3987089
3987317
3987396
3987535
3987562
3987727
3987786
3987952
3988626
3988686
3988823
3989025
3989411
3989441
3989838
3990006
3990010
3990667
3990908
3990915
3990938
3991114
3991349
3991358
3991488
3991550
3991612
3991672
3992055
3992343
3992462
3992492
3993022
3993241
3993387
3993438
3993477
3993592
3993671
3993770
3993780
3994064
3994114
3994180
3994306
3994325
3994415
3994441
3994621
3994658
3994711
3994802
3994912
3994913
3995027
3995101
3995496
3995570
3995679
3995708
3995710
3995964
3996094
3996210
3996252
3996282
3996478
3996612
3996616
3996777
3996788
3997326
3997397
3997454
3997579
3997641
3997865
3997981
3998273
3998364
3998555
3998603
3998666
3998742
3999205
3999253
3999438
3999496
3999774
3999836
4000213
4000228
4000297
4000365
4000530
4000624
4000670
4000788
4000847
4000892
4001050
4001814
4001828
4002011
4002079
4002102
4002252
4002315
4002341
4002506
4002711
4003102
4003104
4003207
4003586
4003709
4003923
4004118
4004303
4004356
4004368
4004444
4004603
4004743
4005056
4005262
4005272
4005310
4005351
4005491
4005519
4005885
4006412
4006720
4006848
4007191
4007197
4007309
4007352
4007363
4007444
4007499
4007533
4007586
4007671
4007778
4008077
4008307
4008366
4008512
4008734
4008922
4008962
4008971
4009031
4009087
4009314
4009807
4009888
4010003
4010036
4010236
4010289
4010596
4010868
4010975
4011027
4011202
4011407
4011476
4011583
4011712
4011757
4011935
4012001
4012122
4012223
4012228
4012268
4012361
4012424
4012450
4012605
4012746
4013032
4013042
4013620
4014240
4014478
4014528
4014561
4014569
4014625
4014693
4014749
4014803
4014960
4015000
4015007
4015213
4015255
4016030
4016597
4016670
4016698
4016741
4017029
4017399
4017529
4017654
4017762
4017938
4017958
4018015
4018065
4018153
4018396
4018639
4018688
4018887
4018931
4018982
4019271
4019641
4019650
4019846
4020003
4020155
4020398
4020491
4020494
4020523
4020828
4020927
4021093
4021314
4021591
4021669
4021713
4021844
4022181
4022438
4022485
4022488
4022549
4022595
4022655
4022708
4022909
4023054
4023080
4023533
4023538
4023677
4023775
4023794
4023817
4024098
4024558
4024735
4024867
4024942
4024998
4025202
4025603
4025691
4025855
4025916
4025979
4026002
4026113
4026171
4026469
4026897
4026965
4027093
4027190
4027355
4027483
4027695
4027846
4027851
4027861
4027880
4028353
4028409
4028484
4028515
4028643
4028687
4029038
4029073
4029563
4029845
4029892
4029988
4030041
4030119
4030269
4030438
4030676
4030690
4030972
4031004
4031013
4031250
4031267
4031275
4031592
4031957
4031977
4032006
4032044
4032089
4032102
4032195
4032261
4032447
4032514
4032551
4032730
4032789
4032826
4033234
4033335
4033386
4033426
4033667
4033770
4033809
4033992
4034249
4034293
4034541
4034559
4034649
4034727
4035070
4035134
4035194
4035231
4035536
4036000
4036031
4036095
4036451
4036480
4036539
4036624
4036645
4036664
4036950
4037357
4037439
4037787
4038277
4038376
4038449
4038525
4038547
4038628
4039131
4039194
