11
216
286
317
365
419
458
459
551
935
963
1000
1095
1240
1499
1512
1569
1586
1645
1663
1791
1887
1949
1968
2082
2406
2420
2606
2672
2792
2838
2857
2924
2956
2958
2976
2998
3008
3066
3073
3140
3368
3398
3527
3546
3725
3768
3875
4401
4584
4705
4801
4808
4859
4924
4950
4976
5221
5295
5296
5425
5441
5668
5688
5773
5960
6036
6070
6098
6124
6128
6222
6274
6312
6433
6441
6507
6565
6905
6945
6969
7037
7197
7346
7382
7451
7539
7575
7706
7725
7833
7861
7907
8003
8022
8246
8290
8512
8540
8543
8574
8583
8596
8635
8675
8775
8817
8945
8964
8998
9004
9015
9302
9357
9392
9493
9560
9562
9597
9755
9763
9879
9889
9992
10099
10101
10332
10466
10496
10510
10620
11003
11083
11197
11344
11569
11595
11753
11806
11826
11866
12114
12115
12186
12192
12248
12472
12601
12602
12615
12717
12729
12880
12960
12968
12969
13134
13220
13285
13296
13396
13482
13565
13633
13750
13753
13759
13914
14012
14022
14067
14218
14408
14423
14496
14547
14565
14688
14918
14997
15008
15116
15209
15210
15237
15411
15467
15476
15484
15617
15641
15775
15903
15952
16045
16060
16218
16456
16467
16683
16708
16865
16899
17293
17442
17476
17529
17564
17649
17877
17879
17894
17909
17932
17946
18074
18152
18326
18413
18441
18451
18659
18759
18781
18880
18968
18989
18994
19116
19122
19268
19309
19313
19368
19396
19437
19533
19612
19806
19882
19915
20101
20159
20160
20235
20683
20767
20871
20905
21193
21259
21333
21503
21539
21666
21667
21765
21806
22037
22153
22252
22282
22365
22382
22391
22408
22414
22473
22487
22539
22551
22697
22797
22947
22979
23187
23218
23448
23457
23501
23573
23642
23665
23669
23755
23787
23912
24050
24062
24221
24286
24292
24310
24311
24469
24643
24685
24694
24800
24895
24933
24983
25005
25033
25034
25108
25199
25391
25464
25814
26094
26103
26116
26325
26459
26477
26530
26671
26690
26852
26902
27019
27054
27134
27149
27208
27221
27228
27513
27607
27674
27679
27708
27730
27758
27816
27885
27965
28184
28211
28355
28402
28416
28474
28537
28541
28552
28599
28635
28883
28896
29046
29145
29201
29244
29248
29294
29349
29516
29522
29965
30054
30259
30263
30333
30487
30493
30588
30696
30789
30803
30991
31024
31025
31072
31095
31099
31121
31146
31184
31207
31269
31280
31332
31341
31450
31522
31568
31614
31619
31772
32086
32354
32473
32503
32566
32603
32612
32916
33115
33205
33241
33353
33410
33544
33564
33594
33712
33726
33811
33862
33876
34043
34074
34238
34341
34373
34423
34589
34666
34722
34751
34973
35014
35016
35072
35092
35216
35297
35299
35374
35478
35520
35522
35699
35774
35811
35831
35833
36087
36191
36348
36357
36473
36518
36562
36803
36822
36875
36982
37140
37280
37336
37375
37531
37534
37602
37616
37695
37813
37896
37906
38187
38197
38238
38255
38294
38390
38417
38441
38531
38610
38787
38865
38937
39057
39123
39161
39174
39225
39282
39286
39371
39602
39674
39907
39938
39942
39945
39946
39975
40040
40120
40136
40174
40240
40252
40511
40611
40679
40718
40757
40867
40874
40883
40917
40962
41195
41244
41259
41308
41351
41450
41553
41577
41750
41798
41838
41845
41862
42056
42062
42146
42227
42270
42648
42659
42975
42979
43093
43261
43284
43295
43305
43311
43341
43548
43654
43689
43773
43790
43831
43877
43980
44264
44369
44375
44402
44691
44692
44700
44743
44793
44832
45153
45217
45265
45384
45640
45802
45848
46217
46297
46385
46463
46577
46669
46670
46779
47086
47110
47230
47339
47389
47403
47555
47746
47773
47791
47836
47865
48025
48130
48307
48441
48650
48688
48961
48979
49003
49008
49068
49081
49300
49330
49489
49501
49521
49628
49651
49688
49762
49814
49909
49996
50088
50136
50257
50273
50338
50346
50476
50511
50557
50772
51065
51114
51179
51269
51316
51340
51393
51456
51541
52078
52145
52294
52314
52408
52503
52709
52786
52801
52875
53166
53169
53229
53284
53451
53518
53537
53559
53755
53886
53913
53915
54086
54161
54173
54196
54323
54347
54368
54424
54461
54492
54502
54517
54899
54968
55062
55153
55174
55204
55248
55287
55367
55728
55825
56012
56214
56237
56285
56392
56646
56690
56698
56703
56812
56824
56864
56878
57258
57305
57427
57437
57516
57531
57541
57561
57637
57697
57728
57753
57765
57908
57921
57948
58255
58450
58611
59077
59089
59107
59122
59192
59243
59337
59358
59364
59476
59532
59546
59727
59740
59877
59887
59969
59997
60060
60130
60170
60258
60299
60453
60470
60579
60635
60686
60738
60831
60842
60844
60896
60946
61042
61179
61205
61536
61786
61847
61891
61904
62092
62202
62402
62435
62511
62534
62574
62605
62616
62640
62645
62695
62768
62829
62839
62873
62987
63091
63138
63146
63193
63273
63291
63301
63364
63413
63566
63572
63621
63706
63717
63841
63851
63859
63864
63932
63945
63977
64001
64107
64110
64204
64217
64272
64314
64323
64401
64471
64472
64485
64781
64804
64817
65042
65084
65109
65172
65191
65220
65274
65374
65410
65431
65578
65615
65790
65881
65915
65940
66042
66064
66170
66440
66602
66615
66645
66664
66665
66666
66737
66901
66902
66918
66938
66947
66972
66973
67052
67192
67325
67415
67468
67491
67501
67528
67677
67722
67886
67912
67956
68018
68087
68182
68271
68551
68607
68652
68702
68742
69030
69107
69337
69355
69361
69529
69581
69603
69695
69722
69864
69886
70139
70350
70456
70572
70602
70701
70745
70800
70944
70968
70999
71132
71168
71182
71184
71339
71372
71499
71547
71595
71679
71946
72102
72106
72111
72138
72246
72251
72531
72545
72606
72616
72689
72879
73090
73121
73157
73230
73269
73754
74172
74190
74230
74253
74405
74486
74788
74808
74861
74908
74948
75058
75094
75133
75176
75272
75276
75287
75362
75401
75432
75743
75802
75920
75950
75964
76032
76058
76120
76162
76181
76262
76277
76528
76572
76901
76941
76956
77027
77031
77059
77238
77333
77403
77828
77935
78022
78099
78178
78186
78405
78657
78696
78794
78835
78845
78857
78941
78982
79257
79270
79283
79402
79535
79557
79597
79739
79745
79841
79857
79922
79989
80016
80037
80132
80173
80195
80213
80248
80368
80433
80439
80455
80565
80760
80763
80797
80803
80907
80959
81006
81027
81127
81270
81279
81315
81369
81417
81521
81541
81731
81889
81930
82022
82133
82275
82352
82380
82448
82503
82514
82563
82673
82713
82733
82737
82895
83043
83090
83195
83241
83289
83634
83712
83910
84019
84064
84111
84363
84376
84389
84461
84550
84645
84813
84835
84873
84972
84987
85040
85132
85272
85291
85298
85444
85531
85545
85551
85553
85565
85587
85682
85709
85775
85854
85869
86118
86162
86180
86231
86276
86344
86442
86514
86533
86681
86699
86892
86933
87064
87115
87232
87252
87423
87436
87498
87515
87534
87794
88011
88042
88114
88142
88395
88422
88494
88526
88589
88615
88726
88810
88932
89105
89327
89439
89505
89597
89646
89652
89675
89718
89773
89933
90049
90082
90156
90215
90274
90341
90437
90514
90517
90539
90544
90658
90661
90672
90711
90821
91037
91317
91320
91353
91373
91417
91619
91764
91817
91911
91923
92029
92090
92233
92366
92397
92529
92556
92572
92736
92904
92951
93009
93030
93312
93321
93508
93601
93857
93894
94010
94082
94203
94305
94413
94452
94676
94685
94773
94890
94944
94988
95103
95154
95175
95233
95559
95708
96171
96250
96271
96379
96415
96472
96558
96579
96583
96696
96741
96902
97079
97307
97365
97388
97441
97447
97461
97510
97515
98014
98098
98100
98190
98349
98371
98441
98540
98615
98712
98790
98814
98889
98901
98968
99021
99028
99054
99082
99093
99208
99333
99574
99576
99695
99871
99988
100096
100152
100232
100247
100298
100348
100352
100398
100495
100678
100898
101089
101108
101342
101376
101399
101438
101486
101511
101682
101690
101779
101833
101866
101896
102022
102213
102331
102399
102600
102606
102652
102674
102718
102753
102854
102855
102914
102942
102995
103077
103108
103206
103254
103345
103376
103381
103482
103507
103549
103717
103789
103840
103850
103989
103996
104003
104119
104130
104287
104334
104335
104357
104435
104523
104674
104804
104955
105045
105255
105864
105929
106001
106026
106154
106227
106388
106498
106575
106668
106888
106907
106918
106955
107157
107187
107246
107274
107378
107401
107516
107592
107622
107661
107678
107744
107866
107917
107940
107988
108005
108008
108137
108184
108304
108337
108348
108426
108468
108512
108841
108846
108849
108871
108879
109211
109338
109354
109400
109454
109543
109617
109655
109707
109718
109776
109986
110000
110024
110064
110097
110115
110143
110146
110159
110178
110290
110378
110647
110659
110700
110753
110771
111114
111233
111235
111258
111301
111386
111456
111515
111586
111625
111890
111938
112008
112075
112136
112210
112638
112729
112789
112918
112988
113000
113055
113093
113122
113145
113312
113423
113654
113687
113766
113812
113878
113893
113946
113977
113981
113983
114068
114075
114173
114174
114245
114288
114499
114587
114651
114665
114681
114707
114763
114776
114897
114934
115000
115111
115116
115234
115285
115296
115320
115343
115377
115431
115451
115530
115562
115706
115822
115904
115940
115971
116011
116296
116452
116471
116493
116540
116779
116807
116985
117211
117224
117248
117284
117288
117310
117395
117440
117459
117640
117827
118002
118083
118175
118213
118221
118241
118413
118491
118661
118723
118734
118965
119079
119100
119155
119186
119237
119508
119599
119812
119827
119852
120022
120041
120184
120194
120361
120407
120465
120497
120513
120561
120589
120748
120823
120877
120958
121032
121090
121161
121167
121311
121509
121595
121654
121725
121742
121793
121806
122119
122135
122187
122310
122392
122421
122611
122653
122662
122736
122748
122835
122887
123126
123129
123155
123205
123259
123310
123335
123359
123364
123415
123667
123946
124028
124120
124292
124318
124399
124465
124476
124530
124579
124599
124750
124814
124862
124893
124910
124979
125096
125097
125110
125120
125323
125432
125517
125648
125740
125781
125891
125972
126161
126235
126256
126277
126281
126359
126471
126599
126609
126629
126726
126748
126829
126860
126942
126944
127097
127128
127145
127500
127549
127743
127952
128187
128198
128209
128221
128245
128253
128375
128411
128493
128749
128752
128963
129014
129283
129347
129392
129498
129758
130070
130362
130385
130420
130427
130509
130768
130928
131030
131151
131259
131338
131354
131509
131536
131638
131848
131911
132043
132065
132098
132099
132304
132391
132445
132523
132754
132791
132940
132971
132985
133051
133068
133399
133422
133480
133588
133593
133594
133663
133944
134097
134156
134263
134490
134764
134778
134830
135036
135082
135197
135220
135230
135310
135403
135443
135482
135788
135800
135907
135963
136027
136126
136132
136159
136273
136443
136471
136575
136773
136793
136829
136843
136844
136865
136903
136951
137062
137185
137310
137330
137359
137372
137586
137741
137785
137833
137901
137923
137942
138084
138094
138441
138540
138554
138620
138636
138709
138783
138957
138965
138997
139029
139237
139250
139261
139362
139370
139376
139439
139470
139533
139546
139751
139847
139961
140084
140209
140219
140412
140436
140502
140563
140600
140671
140674
140797
140969
140989
141102
141187
141266
141272
141401
141441
141524
141575
141908
141990
142343
142366
142479
142678
142684
142701
142712
142759
142768
142775
142828
142948
143050
143067
143125
143163
143198
143381
143473
143519
143541
143675
143684
143737
143809
143955
144032
144054
144121
144143
144326
144341
144420
144520
144705
144708
144734
144744
144789
144888
145080
145137
145307
145369
145776
146436
146437
146450
146569
146666
146698
146739
146921
147041
147113
147327
147343
147539
147558
147641
147660
147665
147696
147698
147739
147863
147879
147883
147952
147953
148044
148124
148229
148248
148593
148710
148765
148999
149000
149020
149083
149142
149383
149391
149399
149434
149560
149664
149776
150014
150089
150090
150127
150147
150215
150270
150273
150354
150399
150539
150541
150605
150702
150736
151071
151171
151172
151232
151286
151350
151460
151468
151508
151516
151522
151657
151806
151885
152081
152087
152119
152221
152296
152412
152582
152658
152678
152737
152790
152828
152907
152951
153013
153121
153246
153282
153325
153511
153689
153728
154006
154090
154094
154170
154288
154385
154388
154507
154518
154608
154631
154746
154888
154960
155182
155270
155326
155420
155509
155590
155655
155737
155798
155828
155957
156014
156142
156333
156465
156711
156880
156986
157007
157210
157263
157347
157478
157616
157647
157842
157904
158081
158133
158304
158559
158750
158862
158902
159115
159165
159175
159217
159272
159325
159373
159437
159461
159528
159574
159699
159734
159801
159882
160230
160257
160299
160629
160642
160693
160852
160953
160962
160967
161090
161238
161245
161292
161384
161389
161394
161439
161446
161569
161622
161625
161664
162022
162235
162309
162322
162332
162359
162522
162578
162580
162739
162761
162824
162882
163012
163124
163182
163200
163230
163259
163440
163448
163722
163729
163794
163856
163906
164000
164155
164232
164402
164412
164419
164442
164454
164528
164558
164719
164747
164879
165005
165108
165146
165267
165513
165514
165522
165541
165735
165747
165836
165873
166055
166068
166135
166193
166298
166318
166390
166422
166516
166551
166632
166685
166692
166705
166735
166906
167154
167194
167479
167502
167712
168099
168189
168195
168246
168277
168351
168392
168398
168501
168687
168754
168822
168872
168908
168987
169112
169141
169207
169284
169366
169398
169613
169628
169717
169907
169954
170017
170055
170059
170067
170105
170133
170147
170183
170264
170370
170495
170527
170613
170786
170844
170918
171044
171095
171133
171157
171197
171237
171270
171417
171434
171448
171451
171535
171562
171591
171655
171874
171941
172145
172157
172163
172194
172354
172406
172467
172522
172686
172794
172803
172862
172867
172917
172919
173144
173178
173438
173573
173578
173580
173594
173620
173628
173630
173639
173838
173881
174150
174181
174203
174336
174343
174430
174527
174612
174695
174720
175138
175206
175248
175257
175261
175264
175288
175366
175475
175644
175693
175701
175721
175846
175903
175951
175955
176040
176122
176182
176297
176608
176627
176959
177076
177175
177219
177226
177243
177395
177412
177437
177483
177507
177639
177738
177768
177832
177901
177948
177960
178102
178104
178363
178427
178443
178457
178506
178564
178622
178682
178755
178978
179045
179087
179137
179164
179184
179282
179346
179455
179569
179603
179821
179823
180069
180139
180522
180711
180737
180854
180874
180876
180909
181043
181324
181329
181470
181592
181604
181652
181658
181789
181800
181886
181951
182074
182227
182307
182583
182604
182642
182657
182787
182903
182923
183015
183029
183070
183095
183328
183384
183471
183506
183596
183726
183793
183857
183877
183936
184003
184031
184092
184238
184278
184660
184690
184780
184858
184917
184938
184942
184956
185003
185020
185024
185053
185222
185258
185284
185372
185407
185419
185443
185484
185662
185775
185786
185967
185973
186053
186157
186197
186261
186412
186449
186539
186542
186620
186625
186706
186817
187113
187207
187246
187289
187442
187552
187687
187934
187995
188072
188161
188264
188271
188647
188738
188887
188941
188957
189084
189095
189237
189273
189305
189447
189483
189524
189728
189821
189910
189965
189971
190269
190360
190378
190379
190477
190750
190764
190824
190841
190867
191038
191218
191219
191289
191337
191364
191453
191500
191536
191577
191794
191796
191859
191913
191974
192177
192196
192215
192252
192288
192440
192570
192587
192763
192814
192892
192933
192997
193069
193074
193088
193098
193119
193144
193196
193367
193404
193500
193549
193682
193723
193740
193928
193957
194124
194173
194263
194388
194533
194638
194833
195001
195097
195192
195199
195269
195287
195331
195357
195397
195405
195427
195586
195684
195930
195940
195945
196001
196022
196170
196243
196277
196302
196338
196424
196773
196781
196820
197206
197250
197276
197426
197429
197448
197577
197589
197682
197752
197754
197783
197862
197992
198048
198098
198562
198577
198582
198871
198907
198939
198941
199145
199260
199341
199465
199554
199560
199588
199654
199787
199889
199900
199955
199976
199992
200023
200121
200289
200372
200394
200539
200582
200640
200802
200854
200880
201016
201028
201121
201241
201244
201306
201488
201525
201593
201609
201611
201641
201645
201788
201843
201871
201890
201935
202070
202155
202251
202340
202351
202423
202685
202727
202805
202842
202942
202978
202979
203026
203234
203527
203534
203630
203696
203770
203832
203872
203966
204000
204015
204242
204371
204450
204454
204533
204547
204570
204645
204736
204860
204886
204953
205278
205453
205476
205489
205611
205619
205620
205804
205894
205906
206005
206075
206184
206387
206417
206579
206583
206603
206611
206646
206663
206721
206722
206738
206760
206813
206822
206831
206846
206865
206937
206987
207017
207126
207159
207233
207266
207428
207519
207541
207591
207638
207709
207891
207912
207931
208032
208050
208092
208302
208463
208494
208593
208675
208700
208822
208847
208863
208967
209000
209214
209256
209337
209452
209525
209584
209598
209707
209821
209832
209935
210023
210048
210194
210234
210275
210321
210349
210408
210427
210459
210465
210472
210560
210603
210659
210703
210798
210820
210824
211061
211079
211150
211256
211337
211413
211476
211528
211572
211597
211700
211967
212060
212122
212158
212167
212176
212513
212545
212574
212579
212614
212635
213059
213089
213095
213110
213221
213243
213246
213274
213359
213369
213379
213596
213861
213937
213988
214090
214124
214153
214194
214217
214464
214502
214773
214909
215067
215100
215170
215175
215222
215358
215419
215488
215564
215673
215786
215824
215844
215995
216176
216182
216193
216206
216327
216369
216374
216437
216476
216563
216575
216755
216820
216859
216891
216985
217067
217123
217125
217193
217198
217318
217323
217352
217437
217492
217638
217656
217663
217712
217733
217800
217814
217870
217888
217890
217915
217920
217973
217999
218138
218310
218404
218447
218509
218588
218666
218701
219230
219261
219380
219577
219606
219677
220326
220421
220471
220581
220592
220671
220696
220980
221001
221020
221064
221122
221162
221178
221199
221263
221295
221367
221416
221614
221631
221685
221750
221756
221961
222490
222523
222555
222562
222607
222643
222650
222657
222894
223214
223230
223251
223309
223348
223367
223429
223465
223481
223872
223889
223964
223998
224004
224071
224098
224136
224340
224350
224394
224408
224455
224604
224650
224752
224757
224769
224781
224816
225079
225261
225287
225406
225439
225479
225485
225720
225734
225739
225757
225960
225970
226128
226199
226206
226542
226700
226704
226755
226786
226818
227118
227243
227312
227572
227669
227730
227920
228000
228081
228087
228134
228155
228191
228406
228416
228425
228699
228839
228876
228977
229109
229128
229165
229189
229241
229325
229353
229372
229495
229518
229519
229720
229881
230152
230234
230480
230660
230954
231060
231191
231222
231344
231368
231435
231568
231670
231799
231953
231962
232032
232139
232278
232333
232732
232841
232952
232994
233009
233070
233337
233653
233689
233771
234008
234245
234253
234483
234691
234787
234827
234847
234858
234964
235156
235381
235388
235479
235596
235682
235710
235790
235842
236033
236041
236214
236300
236328
236708
236772
236790
236808
236938
237092
237271
237273
237370
237373
237402
237420
237476
237477
237502
237523
237551
237893
237987
238073
238092
238303
238384
238487
238506
238553
238554
238601
238624
238633
238708
238711
238786
238906
238997
239184
239189
239270
239322
239368
239391
239406
239463
239501
239692
239802
239808
239838
239923
239932
240023
240051
240234
240326
240329
240334
240552
240754
240779
240871
241204
241356
241411
241561
241621
241639
241805
241806
241807
241860
241921
242028
242051
242054
242168
242192
242305
242450
242538
242983
243317
243387
243476
243925
244367
244509
244543
244761
244940
245062
245157
245193
245332
245443
245471
245504
245565
245957
245994
246012
246049
246116
246143
246180
246269
246368
246562
246602
246739
246906
246932
246950
247006
247032
247116
247212
247325
247384
247392
247651
247674
247781
247915
247925
247972
248133
248134
248139
248218
248224
248425
248432
248548
248574
248603
248631
248678
248720
248790
248956
248963
249068
249316
249452
249471
249545
249602
249708
249742
249834
249892
249901
249908
249951
249998
250032
250285
250345
250584
250733
250749
250768
250790
250884
250997
251130
251158
251270
251550
251621
251631
251641
251728
251730
252056
252121
252139
252238
252358
252371
252419
252559
252668
252675
252679
252705
252738
252920
252970
253000
253095
253189
253230
253558
253611
253849
254007
254146
254155
254185
254191
254193
254403
254425
254462
254676
254711
254847
254852
254903
254908
255118
255210
255219
255340
255358
255389
255420
255461
255508
255607
255836
255860
255865
255959
255969
256015
256021
256160
256228
256246
256373
256374
256431
256584
256652
256673
256907
257076
257205
257229
257230
257376
257546
257579
257773
257837
257991
258002
258009
258013
258119
258191
258200
258243
258271
258368
258370
258386
258411
258621
258655
258667
258826
259032
259130
259225
259399
259465
259578
259600
259764
259858
259914
259921
259988
260083
260131
260150
260230
260460
260664
260690
260938
260939
260975
261019
261114
261303
261834
261902
262185
262191
262274
262313
262400
262425
262449
262498
262557
262590
262719
262799
262828
262917
262943
263061
263131
263191
263221
263352
263521
263528
263580
263606
263617
263662
263665
263668
263687
263796
263858
263888
264033
264061
264122
264167
264173
264282
264510
264530
264621
264698
264726
264754
264790
264887
264951
264967
265071
265179
265182
265258
265265
265607
265649
265650
265661
265848
265893
265924
265929
265966
265986
266037
266071
266141
266185
266550
266737
267073
267102
267258
267437
267527
267660
267756
267838
267862
267896
267911
267913
267993
268038
268043
268068
268101
268765
268873
269030
269043
269104
269289
269318
269320
269382
269777
269846
269883
270054
270058
270083
270234
270235
270343
270387
270562
270584
270752
270826
270917
271121
271254
271296
271385
271433
271480
271525
271823
272027
272050
272092
272099
272311
272344
272425
272641
272785
272857
272870
272908
273006
273126
273154
273173
273279
273431
273579
273580
273711
273838
273855
273865
274113
274157
274266
274349
274458
274461
274487
274570
274779
274940
274954
275085
275133
275147
275207
275213
275219
275235
275302
275311
276024
276063
276069
276188
276189
276326
276626
276693
276712
276722
276870
276886
276980
277101
277130
277309
277394
277426
277436
277458
277543
277580
277627
277788
277820
277975
278129
278177
278355
278501
278538
278564
278652
278694
278775
278974
279146
279253
279528
279622
279726
279773
279780
279914
280129
280239
280319
280327
280328
280338
280387
280832
281123
281222
281312
281336
281560
281686
281837
281907
282081
282122
282231
282253
282265
282411
282506
282546
282570
282607
282708
282758
282826
283026
283130
283143
283204
283218
283379
283556
283613
283654
283679
283841
283964
284059
284064
284260
284327
284346
284436
284449
284471
284636
284721
284729
284769
284805
284836
284838
284852
285035
285109
285129
285137
285244
285486
285577
285589
285706
285878
285913
286019
286045
286131
286135
286174
286184
286209
286366
286421
286686
286702
286759
286775
286853
286972
287022
287085
287118
287136
287357
287400
287451
287504
287528
287807
287850
287857
288021
288209
288510
288516
288664
288912
288915
288942
289006
289095
289124
289159
289268
289272
289282
289283
289414
289517
289523
289570
289610
289708
289926
289966
290005
290084
290132
290155
290161
290209
290245
290499
290580
290600
290606
290720
290953
291102
291126
291259
291299
291424
291478
291607
291687
291836
291912
292153
292169
292192
292294
292304
292415
292479
292514
292631
292654
292655
292781
292795
292927
293004
293144
293160
293180
293350
293407
293473
293487
293500
293524
293561
293659
293674
293729
293756
293784
293821
293912
293918
294005
294032
294071
294072
294091
294309
294734
294751
294806
294824
295129
295142
295284
295292
295293
295323
295355
295356
295393
295462
295703
295856
295858
296009
296024
296097
296111
296148
296293
296311
296349
296517
296536
296581
296623
296655
296696
296858
296867
296924
297438
297519
297573
297652
297728
297786
297901
298098
298137
298163
298169
298210
298458
298720
298759
298885
298930
299011
299211
299296
299365
299501
299555
299631
299654
299661
299736
299807
299826
299868
300027
300042
300051
300148
300206
300411
300414
300471
300519
300523
300620
300650
300688
300778
300961
301057
301084
301112
301279
301382
301438
301465
301546
301604
301675
301857
302015
302065
302105
302172
302314
302503
302528
302596
302809
302917
302928
302953
302961
303026
303067
303166
303199
303248
303369
303381
303435
303625
303905
303936
304143
304274
304392
304458
304470
304609
304714
304843
304915
305015
305028
305032
305160
305192
305534
305612
305681
306003
306112
306145
306694
306757
307087
307323
307787
307868
307941
308023
308122
308196
308284
308442
308566
308748
308820
309109
309246
309257
309506
309591
309628
309635
309670
309683
309703
309806
309908
310044
310052
310177
310345
310352
310423
310440
310476
310506
310692
310700
310743
310763
310829
310932
311014
311294
311338
311362
311428
311554
311579
311594
311636
311637
311647
311785
311857
311915
312021
312039
312177
312256
312355
312382
312429
312431
312444
312451
312454
312525
312526
312566
312607
312661
312666
312860
312893
312948
312958
312963
312986
313022
313026
313094
313367
313454
313631
313704
313890
314190
314229
314248
314252
314439
314449
314461
314504
314594
314789
314892
314913
314918
314948
315357
315373
315521
315550
315762
315792
315820
315875
315950
315988
316021
316056
316353
316358
316452
316467
316501
316559
316612
316620
316822
316863
316886
316983
317013
317064
317344
317409
317410
317416
317608
317634
317847
317852
317912
317913
317990
318045
318306
318324
318339
318343
318410
318432
318609
318624
318703
318749
318760
318763
318900
318917
318953
318969
319122
319368
319432
319736
319780
319835
319893
319970
319974
319979
320266
320347
320350
320384
320426
320539
320904
320915
320952
320993
321039
321060
321072
321088
321105
321154
321388
321410
321537
321587
321674
321684
321692
321713
321837
321882
321921
321954
322004
322111
322294
322583
322700
322771
322888
323013
323238
323281
323302
323311
323415
323665
323688
323762
323798
323972
323990
324043
324102
324106
324167
324174
324199
324216
324298
324378
324479
324495
324501
324563
324606
324752
324843
324847
324997
325081
325266
325287
325290
325303
325379
325503
325508
325727
325838
325862
325916
326081
326101
326201
326215
326281
326286
326375
326635
326741
326854
326925
327140
327335
327355
327380
327533
327863
327883
328113
328136
328267
328288
328300
328712
328764
328823
328956
329143
329148
329151
329166
329185
329361
329465
329598
329617
329684
329732
329800
329973
330015
330105
330139
330250
330319
330322
330486
330526
330701
331100
331196
331200
331248
331382
331409
331523
331554
331604
331626
331823
331966
332030
332051
332136
332142
332358
332441
332478
332486
332712
332807
332960
333017
333020
333105
333116
333151
333172
333211
333366
333535
333635
333639
333746
334177
334230
334289
334389
334440
334561
334585
334812
334831
334994
335134
335198
335219
335495
335567
335588
335966
336173
336214
336293
336490
336641
336798
337101
337117
337213
337272
337282
337307
337391
337534
337596
337614
337633
337818
337939
337985
338033
338054
338070
338178
338234
338297
338322
338365
338437
338543
338557
338574
338596
338622
338649
338742
338783
338888
338932
338960
339082
339089
339156
339205
339257
339316
339366
339439
339455
339525
339536
339681
339700
339760
339856
340128
340498
340548
340597
340777
341021
341136
341152
341197
341233
341252
341358
341396
341595
341604
341671
341681
341721
341747
341754
341898
342182
342227
342427
342432
342442
342459
342460
342496
342544
342723
342833
342906
343019
343050
343093
343101
343160
343252
343260
343278
343381
343433
343462
343538
343642
343867
343926
343945
344019
344483
344521
344532
344617
344679
344756
344855
345081
345092
345276
345377
345397
345539
345550
345561
345610
345674
345840
345886
345904
345905
346048
346063
346079
346086
346275
346395
346426
346455
346491
346545
346631
346634
346674
346936
346954
346998
347183
347323
347410
347504
347669
347728
348057
348158
348219
348248
348491
348670
348791
348809
348880
348948
348990
349017
349133
349182
349208
349260
349559
349585
349725
349744
349980
350134
350246
350283
350285
350307
350370
350382
350461
350492
350517
350527
350540
350770
350795
350984
351001
351016
351020
351194
351209
351239
351282
351337
351356
351626
351677
351874
351929
351961
352197
352256
352259
352263
352287
352291
352309
352334
352436
352565
352674
352698
352702
352751
352780
352791
352799
352853
352923
352982
353049
353067
353236
353251
353357
353403
353428
353565
353641
353718
353735
353963
354009
354157
354163
354298
354303
354465
354572
354679
354791
354828
354890
355098
355151
355152
355180
355348
355401
355501
355541
355614
355890
356114
356147
356207
356220
356259
356491
356597
356708
356768
357255
357397
357575
357676
357681
357729
357805
358151
358182
358198
358383
358723
358737
358916
359019
359098
359160
359197
359323
359542
359606
359723
359935
359959
359975
360030
360133
360180
360235
360248
360297
360317
360389
360484
360512
360591
360974
360993
361011
361021
361042
361092
361147
361158
361223
361238
361259
361271
361276
361320
361323
361437
361464
361598
361620
361772
361798
361801
361903
362070
362073
362200
362256
362265
362345
362488
362598
362884
363096
363131
363134
363201
363265
363280
363584
363650
363853
363858
363892
364081
364139
364191
364321
364374
364408
364752
364777
364794
364825
364885
365088
365165
365205
365412
365679
365697
365728
365893
366119
366153
366169
366335
366336
366356
366692
366780
366950
367055
367190
367198
367214
367232
367253
367298
367307
367442
368113
368213
368291
368297
368380
368730
368807
369046
369164
369174
369267
369282
369291
369486
369561
369731
369780
369853
369908
370200
370211
370252
370349
370529
370624
370717
370836
370841
370880
370996
371062
371090
371176
371538
371567
371758
371957
371993
372097
372146
372170
372200
372222
372352
372407
372490
372511
372548
372663
372718
372854
372866
372893
373053
373084
373164
373188
373377
373705
373893
373989
374254
374471
374564
374586
374655
374692
374704
374807
374938
374997
375078
375125
375127
375345
375430
375504
375621
375648
375652
375725
375750
375804
376083
376285
376378
376392
376662
376709
376817
377084
377194
377406
377618
377648
377667
377697
377745
377842
377865
378059
378316
378352
378402
378512
378639
378737
378783
378851
378855
378945
379259
379312
379375
379540
379584
379686
379698
379710
379711
379731
379759
379818
379946
379951
380013
380038
380289
380304
380511
380671
380732
380920
381044
381077
381090
381165
381167
381191
381238
381535
381652
381723
381821
381889
381914
381915
382030
382038
382070
382127
382302
382347
382374
382510
382566
382698
382733
382739
382777
382932
383060
383162
383214
383261
383378
383487
383634
383653
383896
383950
384403
384417
384508
384560
384971
385014
385160
385225
385507
385599
385643
385933
386075
386095
386119
386134
386551
386680
387044
387250
387259
387389
387435
387438
387582
387619
387884
387972
388059
388135
388194
388288
388315
388340
388511
388513
388577
388579
388602
388656
388799
388827
389116
389275
389291
389293
389377
389389
389424
389479
389650
389729
389736
389896
390147
390367
390431
390490
390538
390650
390746
390800
390905
391025
391058
391079
391185
391240
391350
391380
391428
391445
391563
391746
391805
391917
392016
392055
392067
392142
392322
392362
392448
392489
392516
392570
392580
392663
392713
393165
393244
393250
393298
393414
393456
393465
393471
393546
393784
393866
393912
393989
393996
394054
394087
394217
394310
394393
394450
394511
394548
394567
394646
394769
394849
394856
394861
394894
395071
395184
395377
395405
395477
395499
395504
395581
395701
395769
395799
396008
396038
396089
396361
396521
396533
396620
396710
396720
396872
396917
396956
397002
397066
397243
397274
397384
397395
397477
397555
397568
397610
397708
397814
397843
397860
397918
397963
397980
398011
398084
398121
398237
398260
398266
398479
398506
398527
398582
398724
398733
398827
398837
398949
399198
399311
399324
399377
399477
399515
399723
399798
399841
399950
399954
400021
400129
400205
400679
400779
400838
400839
400840
400923
401196
401264
401265
401270
401292
401296
401384
401442
401473
401569
401641
401678
401731
401886
402003
402065
402169
402176
402217
402299
402749
402911
402951
403115
403127
403153
403239
403286
403392
403435
403469
403532
403737
403763
403822
403863
403979
404060
404282
404326
404532
404578
404622
404715
404722
404743
404823
404828
405102
405106
405166
405198
405283
405425
405498
405590
405689
405732
405770
405840
405959
406049
406130
406246
406248
406262
406271
406324
406406
406635
406637
406679
406682
406756
406867
406909
407025
407164
407187
407410
407473
407582
407664
407675
407790
407817
407827
407934
408061
408151
408355
408454
408582
408611
408640
408832
408838
408884
408935
408995
409042
409057
409337
409424
409488
409498
409517
409649
409660
409734
409814
409822
409861
409882
409921
410033
410101
410163
410170
410309
410314
410358
410527
410657
410740
410797
410889
410951
410969
410984
411096
411099
411194
411200
411498
411594
411635
411670
411692
411719
411746
412070
412092
412252
412284
412374
412420
412731
412891
412925
412940
412964
413010
413189
413205
413257
413274
413555
413587
413607
413943
413968
414055
414174
414233
414508
414536
414581
414731
414784
414854
414912
414921
415004
415045
415130
415319
415377
415442
415474
415557
415573
415647
415795
415885
416056
416293
416343
416666
416920
416952
417012
417079
417355
417424
417438
417486
417667
417735
417760
417830
417833
417987
418152
418158
418203
418206
418310
418357
418531
418537
418565
418576
418636
418676
418738
418782
418932
418942
418945
418970
418984
419232
419252
419300
419469
419570
419736
419776
419817
419842
420007
420087
420112
420193
420336
420493
420545
420570
420605
420631
420655
420721
420891
421251
421363
421403
421444
421500
421611
421713
421819
421837
421839
421846
421879
422292
422493
422545
422563
422564
422715
422753
422889
422928
423029
423059
423096
423303
423442
423503
423654
423668
423696
423705
423944
423945
424005
424153
424195
424397
424441
424460
424485
424589
424603
424640
424725
424813
424848
424853
424898
424996
425017
425172
425487
425532
425542
425617
425621
425697
425791
426007
426069
426073
426134
426247
426377
426398
426618
426619
426660
426705
426727
426784
426837
427122
427221
427227
427335
427387
427414
427455
427639
427672
427679
427743
427864
427869
427871
427981
428005
428010
428168
428199
428200
428347
428399
428549
428565
428637
428767
428793
428826
429042
429065
429134
429253
429265
429271
429311
429314
429356
429479
429522
429686
429789
429858
429918
430212
430264
430390
430724
430797
430837
431114
431137
431297
431325
431396
431548
431897
432186
432193
432228
432393
432430
432527
432698
432837
432970
433023
433046
433133
433165
433200
433387
433500
433578
433595
433648
433670
433745
433842
434072
434388
434488
434639
434664
434711
434781
434819
434966
435009
435128
435181
435235
435358
435407
435421
435508
435538
435565
435567
435682
435783
435817
435853
435902
436002
436026
436226
436265
436358
436517
436566
436580
436640
436710
436712
436741
436781
436789
436841
436925
436928
437127
437158
437192
437280
437306
437314
437464
437516
437597
437629
437631
437730
437748
437751
438011
438057
438064
438118
438317
438359
438500
438509
438608
438678
438801
438948
439122
439128
439306
439409
439488
439494
439507
439517
439543
439765
439816
439919
440020
440046
440134
440317
440362
440433
440458
440503
440775
440859
441022
441084
441103
441219
441228
441387
441419
441558
441736
441800
441859
441961
441992
442058
442252
442325
442461
442489
442577
442631
442905
443162
443420
443702
443842
443920
444039
444079
444177
444419
444425
445037
445299
445498
445594
445706
445923
445947
445955
445977
446021
446107
446216
446227
446266
446297
446437
446499
446646
446652
446695
446743
446776
446814
446984
447246
447291
447401
447441
447843
448215
448304
448351
448404
448449
448475
448521
448633
448738
448761
448797
448881
448911
448966
449004
449016
449063
449095
449146
449158
449562
449630
449717
449721
449728
449872
449958
449983
449991
450016
450324
450383
450768
450785
450805
451077
451250
451393
451692
451980
452052
452184
452228
452245
452261
452493
452634
452675
452751
452783
452870
453529
453579
453613
453677
453730
453792
453826
453908
453973
454057
454128
454290
454397
454414
454666
454699
454780
454860
454946
454947
455279
455307
455351
455451
455713
455785
455811
455911
455930
455992
456031
456164
456182
456240
456290
456455
456555
456866
456961
457132
457258
457307
457346
457367
457419
457521
457833
457912
458072
458145
458364
458412
458475
458608
458614
458774
458819
458951
458984
459013
459209
459281
459342
459412
459430
459547
459620
459693
459709
459713
459788
459804
459815
459963
459968
460006
460019
460059
460164
460486
460553
460576
460693
460862
460915
460917
460937
461000
461313
461395
461439
461461
461472
461544
461668
461670
461675
461779
461869
461876
462014
462035
462082
462102
462112
462125
462239
462392
462437
462495
462687
462896
463160
463367
463659
463767
463791
463837
463855
463863
463964
464153
464269
464465
464674
464696
464761
464810
464839
464980
465018
465107
465137
465273
465377
465628
465717
465728
465859
465873
466010
466094
466100
466427
466461
466534
466552
466577
466609
466728
466861
466867
467054
467191
467347
467361
467382
467415
467496
467513
467556
467615
467859
467886
468022
468169
468270
468421
468424
468430
468563
468632
468719
468765
468853
468993
469033
469089
469314
469334
469714
469828
469868
469998
470005
470027
470066
470180
470274
470285
470304
470314
470319
470577
470581
470639
470695
470706
470790
470841
470906
471045
471052
471068
471567
471655
471899
472106
472125
472303
472321
472361
472455
472480
472510
472693
472705
472769
472944
472991
472994
473005
473072
473241
473260
473323
473382
473517
473585
473714
474035
474042
474270
474298
474539
474701
474745
474816
474840
474932
475010
475038
475075
475094
475263
475399
475489
475631
475738
475947
476033
476176
476187
476197
476310
476353
476615
476780
476812
476836
476874
476945
476969
477061
477139
477155
477206
477234
477459
477619
477634
477679
477721
477778
477937
478014
478103
478258
478503
478545
478582
478583
478619
478690
478905
479054
479057
479182
479339
479613
479714
479775
479791
479991
479992
480004
480183
480321
480337
480388
480462
480589
480617
480770
480945
481182
481317
481585
481654
481664
481690
481807
481844
481915
482098
482280
482282
482289
482375
482423
482682
482723
482728
482742
482862
482872
483141
483245
483338
483466
483524
483526
483613
483674
483758
483801
483889
483979
484115
484192
484211
484284
484301
484304
484336
484340
484371
484621
484694
484960
485055
485062
485127
485488
485540
485659
485765
486012
486055
486108
486207
486381
486521
486650
486767
486831
486861
486880
486967
487020
487076
487077
487217
487234
487246
487285
487350
487387
487464
487754
487961
487982
487991
488014
488132
488202
488268
488391
488454
488644
488647
488656
488777
488791
488869
488938
488980
489043
489060
489068
489135
489211
489254
489296
489297
489351
489429
489691
489764
489789
490058
490129
490306
490407
490550
490571
490655
490668
490709
490772
490799
491134
491261
491484
491510
491532
491545
491604
491738
491841
491923
491949
491955
491963
491973
491980
492022
492101
492141
492164
492199
492311
492481
492543
492635
492638
492740
492755
492930
493089
493111
493172
493285
493325
493385
493397
493428
493512
493616
493703
493731
493896
493913
494330
494345
494373
494532
494540
494566
494585
494678
494680
494759
495102
495360
495370
495376
495426
495590
495644
495740
495859
496176
496253
496315
496431
496515
496539
496701
496883
497067
497080
497133
497305
497341
497360
497424
497456
497545
497602
497681
497776
497914
498037
498202
498437
498592
498915
499081
499082
499215
499339
499412
499415
499423
499609
499614
499674
499952
500232
500264
500379
500686
500746
500834
500905
501155
501173
501199
501205
501399
501436
501473
501495
501545
501668
501725
501742
501754
501784
501790
501971
502052
502060
502079
502130
502275
502320
502447
502675
502693
502743
502827
502898
503022
503075
503130
503180
503220
503322
503473
503650
503690
503714
503726
503968
504077
504087
504101
504138
504268
504281
504610
504799
505014
505110
505114
505152
505206
505356
505468
505578
505595
505614
505882
505885
506156
506497
506646
506660
506684
506832
506863
506951
507193
507280
507355
507361
507687
507689
507703
507713
507785
507790
507809
507896
508052
508055
508105
508117
508248
508418
508430
508483
508498
508532
508556
508598
508623
508641
508795
508828
508852
508937
509088
509159
509207
509299
509482
509535
509622
509649
509653
509727
509751
509790
509834
509852
509867
509946
510101
510268
510594
510675
510769
510838
510906
510939
511064
511118
511126
511161
511222
511326
511447
511518
511678
511821
512256
512438
512517
512759
512781
512794
513137
513167
513328
513330
513374
513417
513519
513692
513698
513721
513880
513991
514046
514111
514224
514261
514301
514502
514549
514554
514588
514592
514672
514714
514736
515004
515198
515273
515331
515490
515520
515570
515766
515771
515772
515863
515874
515897
515937
515970
516006
516161
516256
516417
516449
516463
516506
516713
516785
516885
516922
517000
517227
517273
517387
517478
517569
517588
517754
517763
517936
518099
518244
518275
518556
518570
518805
518833
519005
519073
519107
519123
519133
519206
519232
519284
519430
519470
519496
519602
519610
519630
519666
519699
519788
519867
519918
519956
520012
520114
520199
520252
520265
520282
520395
520769
520799
520866
520898
520934
521176
521213
521312
521395
521476
521619
521733
521759
521765
521786
521873
522007
522204
522394
522511
522613
522614
522637
522660
522969
523169
523220
523229
523274
523376
523515
523534
523576
523632
523716
523718
523748
523831
524025
524047
524099
524214
524438
524451
524500
524715
524743
524744
525091
525240
525394
525485
525514
525811
525913
525930
525938
525966
526147
526175
526288
526386
526430
526453
526475
526497
526907
526908
526949
527140
527233
527238
527239
527286
527353
527362
527391
527398
527424
527514
527572
527580
527590
527651
527694
527718
527733
527862
527863
528131
528211
528213
528231
528283
528409
528419
528836
528849
528859
528901
528913
529020
529264
529297
529350
529370
529589
529897
530080
530315
530626
530659
530668
530681
530861
530865
530890
531108
531184
531280
531358
531412
531752
531947
531965
532011
532104
532136
532380
532390
532568
532853
533111
533112
533230
533250
533321
533376
533646
533971
534036
534046
534073
534101
534116
534128
534190
534282
534351
534373
534522
534566
534615
534875
534991
535007
535023
535102
535454
536139
536147
536350
536389
536425
536441
536445
536500
536517
536558
536626
536815
536948
537074
537285
537566
537714
537964
538017
538132
538137
538143
538212
538283
538288
538289
538318
538451
538519
538535
538537
538538
538585
538787
538977
539032
539048
539140
539282
539582
539668
539694
539710
539795
539825
539878
540089
540632
540722
540914
541185
541333
541350
541421
541498
541583
541800
541857
541873
541888
542179
542464
542510
542540
542548
542583
542591
542648
542649
542663
542831
543060
543075
543092
543136
543272
543430
543488
543495
543507
543585
543820
543957
543987
544062
544105
544228
544354
544593
544600
544620
544654
544740
544792
544880
544882
544894
544988
545136
545342
545479
545540
545562
545566
545875
545954
546154
546173
546205
546283
546342
546451
546561
546952
547077
547093
547105
547185
547400
547459
547621
547731
547864
547889
547902
548068
548113
548480
548492
548604
548658
548661
548741
548794
549019
549036
549038
549206
549250
549330
549360
549383
549384
549494
549570
549729
549778
549943
549971
550058
550090
550116
550215
550299
550431
550588
550639
550856
551072
551073
551328
551410
551448
551473
551609
551697
551777
551784
551808
551863
552006
552107
552274
552342
552413
552415
552421
552589
552627
552646
552695
552697
552882
552923
553148
553378
553462
553512
553614
553636
553646
553663
553699
553867
553923
553924
553957
554088
554131
554255
554300
554393
554440
554622
554647
554698
554737
554778
554789
554921
555077
555094
555107
555463
555526
555643
555698
555904
556103
556268
556299
556311
556315
556335
556358
556374
556675
556740
556751
556836
556871
556888
556908
556948
557010
557053
557198
557253
557412
557561
557642
558026
558071
558176
558200
558599
558613
558676
558759
558959
559143
559198
559204
559238
559286
559376
559382
559480
559583
559632
559639
559701
559716
559768
559790
559802
559895
559930
560022
560290
560322
560383
560416
560427
560587
560805
560816
560847
560899
561037
561056
561071
561096
561202
561253
561281
561445
561534
561549
561563
561823
561832
561887
562007
562089
562633
562724
562822
562887
562902
562989
563053
563264
563344
563534
563544
563680
563733
563813
563938
564047
564081
564108
564110
564123
564229
564254
564322
564469
564487
564499
564642
564810
564836
565043
565186
565336
565376
565459
565584
565614
565642
565683
565763
565815
565863
565974
566049
566092
566135
566160
566182
566188
566197
566363
566382
566465
566638
566725
566793
566923
566944
567029
567067
567229
567439
567447
567455
567466
567574
567586
567647
567752
567781
567784
567841
567908
568244
568290
568400
568420
568572
568581
568604
568692
568924
569047
569070
569179
569223
569313
569561
569562
569629
569704
569733
569764
569788
569808
569910
569948
570038
570040
570158
570206
570311
570377
570418
570582
570599
570712
570857
570886
570957
571144
571197
571218
571299
571492
571529
571651
571778
571918
571923
572000
572050
572275
572627
572658
572706
572736
572753
572841
572919
572932
573003
573013
573052
573175
573203
573243
573245
573323
573679
573981
574100
574198
574214
574228
574275
574443
574579
574604
574641
574693
574745
574765
574863
574873
575077
575177
575245
575324
575429
575481
575796
575965
576132
576219
576323
576492
576560
576590
576594
576697
576711
576741
576743
576965
577000
577028
577137
577150
577196
577254
577296
577318
577555
577596
577615
577693
577784
577836
577978
578105
578163
578234
578249
578294
578346
578370
578413
578601
578610
578641
578970
579038
579145
579200
579205
579306
579362
579836
579974
579996
580001
580045
580094
580115
580151
580225
580272
580324
580474
580487
580492
580611
580701
580905
580942
581113
581151
581181
581193
581228
581298
581398
581485
581494
581643
581866
582023
582283
582327
582529
582567
582618
582675
582701
582882
582993
583040
583147
583300
583310
583315
583322
583331
583343
583446
583530
583597
583729
583831
583832
583934
583938
583955
584136
584150
584240
584279
584307
584312
584417
584462
584556
584598
584622
584633
584675
584765
585052
585119
585167
585177
585446
585522
585588
585613
585659
585704
585777
585821
585851
585912
586065
586214
586398
586439
586443
586789
586858
587039
587052
587106
587115
587158
587277
587473
587483
587497
587677
587689
587742
587767
587821
587896
588103
588117
588122
588197
588301
588400
588500
588648
588777
588789
589156
589169
589322
589358
589488
589489
589490
589584
589615
589631
589691
589841
590017
590092
590257
590283
590294
590328
590359
590377
590401
590440
590741
590785
590802
590823
590966
590983
591131
591161
591324
591332
591400
591590
591661
591711
591742
591867
592051
592064
592086
592117
592179
592373
592407
592459
592509
592721
592902
592992
593232
593269
593297
593320
593355
593562
593732
593999
594103
594306
594310
594448
594450
594568
594636
594769
594872
594873
595543
595626
595849
595873
596001
596013
596020
596035
596348
596387
596388
596462
596513
596534
596655
596677
596745
596806
596930
596976
596990
597072
597113
597120
597150
597247
597303
597391
597462
597666
597708
597809
597862
598166
598277
598371
598469
598558
598623
598712
598735
598826
598921
598943
598967
599290
599389
599398
599543
599563
599891
599936
600013
600014
600091
600174
600210
600407
600529
600646
600684
600755
600761
600786
600790
601023
601528
601655
601714
601966
602130
602285
602355
602444
602553
602614
602779
602857
602869
602923
603044
603083
603173
603179
603284
603299
603964
604104
604196
604321
604392
604429
604509
604528
604588
604694
604784
604796
604859
604929
605119
605205
605260
605263
605420
605586
605602
605678
605773
606238
606307
606332
606387
606679
606791
606898
606949
607059
607081
607090
607106
607224
607551
607721
607792
608024
608110
608112
608208
608368
608414
608448
608461
608508
608510
608516
608558
608637
608663
608752
608816
609140
609174
609377
609420
609481
609580
609610
609688
609765
609851
609937
610052
610327
610387
610429
610578
610594
610700
610709
610730
610825
610831
610903
610922
611087
611096
611172
611887
612013
612030
612073
612376
612591
612674
612867
613090
613442
613456
613557
613661
613665
613687
613793
613857
614148
614373
614509
614594
614610
614641
614734
614769
614939
614979
615213
615266
615346
615414
615481
615526
615601
616200
616239
616274
616381
616514
617053
617371
617431
617561
617627
617867
617930
617955
617998
618005
618045
618062
618073
618249
618362
618476
618669
618775
618957
619133
619250
619427
619477
620159
620232
620305
620354
620423
620428
620464
620753
620827
620949
621024
621063
621085
621090
621171
621344
621366
621416
621662
621933
622032
622134
622169
622276
622421
622665
622673
622905
622965
623035
623110
623150
623311
623462
623543
623554
623640
623741
623800
623822
623837
623863
623867
624202
624223
624382
624419
624430
624481
624546
624639
624778
624798
624839
624939
625036
625071
625112
625113
625115
625174
625258
625364
625707
625757
625987
626048
626123
626251
626295
626363
626422
626452
626506
626576
626621
626708
626725
626817
626896
627085
627120
627157
627204
627340
627376
627463
627538
627591
627770
627785
627905
627939
627942
627968
627971
628189
628400
628491
628517
628556
628648
628663
628709
628933
628972
629162
629171
629180
629687
629701
629758
629777
629803
629912
629913
629984
630054
630065
630195
630309
630324
630339
630349
630548
630626
630646
630785
630860
631031
631063
631084
631118
631188
631203
631204
631208
631250
631272
631442
631488
631676
631698
631702
631954
632005
632187
632208
632426
632459
632495
632572
632578
632645
632774
632880
632890
632908
632924
632961
633000
633103
633127
633172
633210
633215
633276
633303
633326
633339
633445
633545
633587
633668
634064
634099
634113
634131
634213
634254
634276
634291
634306
634337
634608
634788
635012
635125
635160
635201
635202
635238
635271
635412
635516
635538
635562
635863
635893
636256
636279
636347
636437
636891
636906
636934
636974
637028
637044
637091
637165
637170
637242
637246
637369
637440
637560
637807
637817
637896
637905
637949
637978
638011
638055
638304
638419
638465
638511
638595
638752
638799
638931
639009
639156
639243
639269
639287
639446
639453
639490
639521
639579
639687
639694
639698
639851
639993
640048
640149
640152
640276
640515
640612
640683
640829
641035
641286
641346
641418
641481
641501
641791
641926
642065
642134
642380
642548
642618
642751
642764
642798
643064
643119
643143
643362
643439
643448
643549
643556
643611
643702
644198
644290
644315
644320
644346
644348
644503
644750
644937
645041
645092
645116
645134
645346
645472
645573
645623
645658
645677
645857
645861
645972
645999
646085
646215
646229
646332
647287
647380
647446
647517
647519
647575
647611
647650
647693
647706
647725
647825
648070
648083
648316
648339
648729
648774
648836
648851
648903
648966
648976
649043
649059
649060
649190
649332
649549
649675
649818
649901
649986
649995
650012
650039
650059
650208
650218
650241
650275
650501
650532
650602
650707
650742
650999
651207
651254
651369
651500
651654
651713
651715
651730
651853
651982
652189
652368
652375
652441
652601
652691
652767
652805
652897
652961
653144
653153
653165
653189
653215
653342
653375
653443
653681
653716
653780
653961
654008
654263
654389
654597
654619
654634
654639
654655
654840
654853
655118
655123
655196
655320
655389
655469
655587
655591
655610
655866
655956
655986
656244
656303
656575
656678
656679
656702
656719
656741
656755
656771
656870
656885
657321
657357
657474
657553
657557
657591
657599
657652
657657
657826
658055
658091
658162
658223
658305
658334
658363
658552
658827
659036
659233
659335
659366
659370
659453
659483
659517
659526
659528
659584
659619
659645
659719
659786
659832
659836
659848
659909
659924
660085
660095
660209
660314
660339
660353
660368
660445
660697
660932
660974
661226
661246
661322
661454
661498
661540
661668
661721
661735
661980
661993
662029
662130
662132
662166
662169
662306
662438
662440
662455
662468
662472
662550
662634
662683
662973
663044
663066
663256
663258
663375
663381
663470
663504
663568
663584
663594
663702
663708
663722
663754
663797
663859
663879
663962
664009
664289
664417
664442
664495
664496
664655
664710
664811
665241
665466
665492
665711
665727
665962
665972
666055
666083
666290
666385
666604
666681
666698
666903
667228
667286
667303
667332
667368
667454
667491
667643
667654
667730
667752
667825
667857
667972
667997
668171
668272
668287
668388
668399
668403
668581
668640
668707
668778
668907
669027
669292
669354
669487
669506
669688
669710
669756
669802
669876
669913
670008
670067
670191
670198
670310
670313
670314
670377
670400
670438
670646
670742
670816
670873
671026
671041
671061
671146
671147
671240
671301
671359
671681
671832
671833
671925
671957
672127
672178
672230
672238
672561
672604
672903
672989
672994
673062
673066
673126
673184
673357
673428
673531
673658
673684
673692
673693
673699
673890
673914
674015
674049
674213
674320
674396
674495
674593
674717
674854
674899
675081
675093
675347
675385
675473
675504
675514
675564
675997
676035
676053
676070
676191
676199
676237
676298
676341
676637
676721
676989
677120
677127
677152
677187
677638
677709
677906
677930
678016
678187
678219
678290
678394
678395
678461
678580
678638
678868
678902
678954
678965
679080
679359
679430
679530
679617
679635
679639
679651
679755
679774
679998
680084
680222
680292
680437
680460
680763
680768
681355
681403
681781
681965
682191
682214
682293
682299
682339
682394
682498
682665
682720
682750
682775
682879
682931
683041
683077
683108
683571
683630
683654
683749
683921
684050
684116
684134
684136
684213
684233
684296
684324
684413
684426
684452
684527
684714
684842
684875
685064
685080
685094
685132
685137
685181
685239
685327
685451
685477
685694
685850
685859
685948
685996
686029
686061
686185
686225
686245
686298
686632
686714
686820
686936
686945
686969
687067
687086
687087
687096
687168
687277
687386
687513
687599
687690
687737
687846
687916
687942
688010
688093
688122
688144
688439
688582
688644
688720
688932
688977
689043
689048
689100
689109
689135
689254
689267
689404
689593
689663
689715
689915
689942
689949
689983
690104
690109
690148
690179
690196
690227
690358
690408
690453
690510
690821
690964
691002
691049
691148
691160
691211
691217
691316
691435
691480
691495
691548
691656
691725
691799
691838
691881
692165
692296
692435
692478
692590
692796
692884
692895
692896
692901
693029
693081
693102
693143
693189
693229
693287
693398
693426
693548
693624
693647
693652
693813
693818
693930
693954
694011
694037
694133
694292
694310
694389
694430
694509
694662
694672
694777
694827
694953
695008
695077
695120
695394
695520
695667
695701
695732
695737
695818
695822
695930
695936
696004
696005
696010
696087
696169
696253
696285
696350
696379
696478
696517
696968
697005
697248
697354
697436
697459
697462
697500
697516
697528
697567
697638
697657
697747
697787
697920
698031
698049
698284
698321
698331
698594
698780
698830
699031
699152
699200
699240
699433
699524
699765
699885
699899
700216
700292
700394
700438
700492
700652
700859
700880
700893
701073
701324
701347
701371
701380
701430
701704
701750
701752
702016
702019
702022
702159
702177
702283
702353
702377
702381
702409
702760
702817
702849
702859
702878
702987
703141
703175
703178
703185
703261
703287
703323
703330
703357
703393
703420
703531
703789
703872
704048
704200
704459
704658
704674
704709
704813
704870
704927
705207
705222
705267
705333
705550
705609
705625
705689
705754
705970
706086
706193
706330
706378
706455
706470
706545
706662
706799
706939
707134
707246
707256
707360
707407
707529
707654
707655
707771
707917
708032
708149
708185
708529
708551
708571
708675
708688
708730
708910
708940
709005
709162
709252
709291
709350
709506
709793
709917
709959
710046
710078
710214
710241
710285
710598
710627
710715
710735
710843
710906
711186
711261
711301
711326
711348
711395
711537
711549
711585
711792
711827
711884
711960
711979
711985
712225
712302
712468
712611
712662
712726
712981
713102
713181
713250
713267
713313
713421
713495
713515
713573
713619
713708
713737
713826
714029
714188
714233
714254
714338
714377
714513
714731
714795
714991
715058
715064
715210
715324
715550
715584
715598
715728
715763
715790
715823
715869
715988
716005
716156
716177
716358
716384
716553
716635
716758
716820
716972
717003
717037
717058
717114
717143
717154
717157
717234
717369
717489
717562
717626
718030
718127
718180
718283
718340
718470
718631
718650
718682
719115
719145
719214
719340
719362
719450
719580
719604
719791
720060
720586
720597
720932
720942
721134
721221
721426
721486
721507
721551
721704
721706
721835
721911
721950
721989
722150
722236
722264
722494
722542
722549
722613
722707
722792
722960
723055
723102
723202
723233
723271
723286
723313
723363
723381
723537
723621
723652
723734
723749
723895
723919
724008
724062
724079
724328
724419
724479
724573
725060
725145
725179
725221
725365
725427
725457
725471
725743
725745
725927
726197
726207
726369
726657
726889
726962
726976
727042
727130
727239
727349
727450
727634
727665
727707
727805
727832
727888
727902
728046
728120
728152
728288
728303
728316
728351
728394
728574
728743
728900
728912
728986
729013
729124
729212
729541
729587
729698
729827
729931
729948
729999
730005
730092
730546
730587
730614
730647
730738
730744
730888
730911
731074
731122
731144
731160
731235
731330
731367
731489
731554
731580
731754
731874
731994
732023
732146
732201
732271
732397
732413
732452
732487
732546
732562
732637
732868
732943
733054
733230
733322
733352
733502
733711
733727
734082
734140
734153
734244
734273
734336
734487
734725
734777
734797
734879
734962
735078
735102
735226
735534
735630
735741
735772
735785
736046
736148
736190
736202
736415
736504
736537
736561
736777
736869
737107
737109
737144
737322
737432
737513
737599
737751
737873
737886
737987
738087
738194
738392
738719
738761
738844
738867
738980
738984
739038
739139
739148
739154
739364
739448
739994
740120
740445
740473
740497
740511
740580
740592
740670
740818
740857
740936
740947
741003
741035
741038
741210
741211
741284
741725
741802
741850
742006
742137
742205
742301
742352
742409
742474
742480
742652
742728
742805
742932
742969
743084
743105
743177
743217
743307
743337
743384
743494
743548
743602
743612
743633
743686
743783
743864
744014
744141
744209
744312
744390
744454
744626
744630
744855
744876
744911
744990
744999
745020
745109
745415
745441
745646
745797
745845
745922
745978
746007
746024
746153
746208
746264
746368
746573
746832
746931
747062
747098
747193
747287
747297
747401
747491
747545
747553
747768
747834
747926
747984
748070
748116
748298
748332
748395
748725
748976
748981
748986
749042
749333
749377
749451
749497
749574
749619
749922
749975
750003
750162
750271
750373
750436
750530
750671
750726
750880
750886
750965
750979
751050
751237
751311
751380
751486
751489
751540
751547
751770
751833
751931
752119
752316
752398
752684
752756
752764
752852
752856
752872
752898
752946
752977
753024
753051
753126
753158
753207
753246
753518
753537
753586
753610
753693
753754
753800
753806
753808
753822
753962
753972
753999
754022
754096
754196
754334
754356
754371
754414
754442
754607
754642
755089
755430
755608
755735
755788
755865
755925
756006
756069
756173
756272
756552
756562
756569
756640
756695
756760
756914
756931
756983
757048
757067
757116
757121
757170
757258
757300
757383
757479
757690
757699
757712
757823
757844
757950
757960
757966
757976
758194
758278
758533
758564
758594
758889
759112
759220
759267
759382
759385
759485
759633
759771
760037
760041
760168
760354
760386
760721
760777
760813
760830
760832
760863
760912
760977
761001
761060
761140
761155
761192
761265
761524
761648
761816
761908
762141
762221
762322
762410
762495
762557
762611
762732
762935
763027
763135
763203
763611
763625
763783
763966
764049
764091
764196
764257
764285
764441
764536
764558
764590
764721
764808
765105
765117
765123
765126
765581
765657
765717
765868
765926
765973
766020
766048
766108
766161
766215
766223
766319
766329
766367
766382
766422
766423
766469
766549
766723
766847
767202
767327
767692
767797
768058
768138
768295
768347
768351
768609
768694
768735
768796
768811
768816
768817
768820
768839
768850
768890
768894
768935
768946
769236
769364
769588
769605
769750
769760
770003
770152
770304
770602
770670
770731
770808
770962
770967
771137
771209
771363
771499
771509
771668
771677
771690
771907
772219
772282
772437
772481
772529
773015
773082
773092
773195
773307
773720
773858
773872
773904
774170
774278
774438
774625
774744
774762
774830
774834
774932
775059
775092
775100
775141
775349
775600
775691
775932
775977
775991
776267
776356
776360
776474
776576
776630
776771
776772
776818
777240
777280
777496
777652
777660
777690
777704
777724
777826
777932
777966
778140
778150
778208
778262
778555
778590
778695
779018
779024
779042
779259
779337
779370
779391
779617
779689
779892
779896
780003
780048
780149
780163
780276
780352
780503
780599
780609
780657
780956
780983
781137
781194
781354
781378
781420
781585
781652
781810
781825
781872
782057
782060
782183
782368
782436
782541
782591
782760
782774
782831
782833
782844
782868
782907
782969
783018
783024
783192
783269
783340
783415
783444
783449
783477
783530
783695
783795
783867
783951
784006
784019
784041
784061
784084
784098
784221
784514
784540
784547
784677
784776
784825
785040
785101
785157
785173
785417
785461
785572
785613
785638
785745
785889
785967
786214
786242
786284
786303
786319
786346
786397
786405
786471
786651
786890
786931
787045
787050
787166
787186
787223
787324
787378
787535
787571
787600
787697
787749
787751
787776
787930
788046
788050
788091
788118
788127
788176
788271
788283
788369
788443
788557
788844
788904
788909
788961
788997
789097
789120
789162
789183
789624
789862
789880
789971
789975
789977
790090
790174
790352
790439
790457
790510
790985
790990
790991
791135
791253
791396
791540
791582
791645
791654
791664
791682
791729
791795
791805
791948
791957
791961
792047
792100
792254
792679
792739
792844
793125
793155
793226
793234
793299
793548
793796
793868
794171
794177
794179
794237
794379
794526
794566
794575
794594
794598
794682
794760
794798
795058
795205
795302
795436
795641
795721
795785
795864
795892
795999
796014
796126
796256
796335
796403
796606
796796
796837
796845
796861
796877
797465
797737
797740
798125
798137
798242
798315
798343
798465
798585
798668
798691
798725
798727
798765
798775
798811
798816
798964
799012
799058
799277
799397
799523
799538
799630
799663
799943
799974
800074
800156
800199
800213
800234
800299
800605
800659
800965
801036
801124
801161
801242
801293
801326
801348
801351
801403
801620
801635
801643
801812
801919
801947
801993
802023
802025
802168
802178
802262
802350
802500
802552
802639
802697
802838
803271
803316
803464
803553
803614
803720
803822
803900
803916
804163
804287
804347
804596
804716
804788
804811
804826
805041
805093
805177
805219
805241
805398
805443
805547
805552
805828
806042
806297
806370
806660
806737
806760
806772
806795
806872
807136
807201
807244
807296
807354
807414
807528
807564
807579
807586
807669
807694
807700
807791
807998
808243
808330
808347
808452
808643
808859
808902
808947
808963
809106
809263
809344
809364
809373
809396
809480
809574
809589
809633
809695
809781
809843
809862
810039
810049
810087
810126
810163
810209
810311
810315
810370
810444
810633
810827
810892
810923
811053
811146
811207
811248
811290
811368
811381
811511
811535
811613
811624
811644
811740
811749
811762
811877
811927
811961
812210
812338
812360
812400
812530
812706
812771
812843
812929
812939
812960
813006
813014
813024
813051
813141
813207
813215
813254
813607
813675
813807
813997
814065
814104
814352
814394
814410
814476
814479
814598
814673
814797
814808
814829
815000
815035
815051
815142
815159
815255
815264
815266
815394
815412
815479
815504
815813
815854
815871
815877
816199
816362
816388
816501
816596
816705
816706
816728
816799
816856
816910
816946
816951
816976
817178
817354
817392
817405
817464
817677
817763
817830
817943
818357
818381
818681
818772
818787
818847
818867
819015
819159
819322
819406
819473
819598
820018
820380
820560
820726
820844
820858
820882
820924
821028
821192
821233
821280
821324
821391
821440
821589
821698
821792
821807
821810
821853
821859
821872
821900
822278
822367
822370
822403
822600
822845
822962
823011
823074
823197
823273
823301
823312
823632
823735
823785
824007
824081
824303
824438
824470
824576
824712
824730
824892
824898
824931
825022
825049
825061
825140
825407
825516
825612
825787
825883
826191
826218
826582
826596
826658
826751
827152
827157
827181
827296
827349
827389
827468
827492
827644
827678
827698
827861
828090
828137
828157
828165
828226
828292
828521
828600
828668
828675
828726
829160
829186
829224
829327
829384
829386
829406
829524
829580
829585
829632
830060
830075
830102
830143
830247
830285
830306
830407
830423
830481
830492
830596
830621
830732
830917
830921
831076
831100
831303
831354
831391
831626
831648
831908
831939
831963
832078
832134
832457
832503
832569
832719
832749
832795
832831
832910
833203
833220
833240
833380
833444
833449
833566
833648
834127
834135
834157
834241
834319
834419
834686
834784
834954
834967
835058
835073
835142
835225
835255
835365
835453
835548
835748
835975
835978
836002
836005
836288
836291
836302
836452
836604
836670
836706
836819
836849
836951
836962
837012
837049
837151
837161
837167
837281
837309
837427
837866
837905
837974
838100
838374
838569
838793
838812
838867
838931
839176
839186
839318
839415
839490
839500
839562
839606
839609
839647
839754
839871
839872
840267
840298
840341
840555
840580
840610
840676
840803
840907
841080
841091
841102
841145
841249
841370
841780
841942
842159
842616
842752
842895
843076
843132
843269
843305
843390
843425
843468
843539
843596
843831
843879
843958
844037
844042
844136
844215
844554
844560
844665
844791
844828
845076
845204
845206
845353
845632
845698
845770
845859
846016
846181
846356
846359
846781
846903
846922
846960
847063
847065
847203
847250
847361
847377
847458
847507
847591
847669
847758
847960
847985
848065
848077
848187
848256
848291
848313
848370
848458
848474
848481
848582
848651
848794
848886
849052
849056
849068
849228
849257
849315
849428
849554
849640
849641
849656
849686
849845
850032
850037
850132
850212
850271
850309
850369
850383
850392
850566
850640
850718
850726
850889
851278
851402
851480
851803
851978
852006
852124
852203
852216
852434
852549
852629
852646
852660
852706
852737
852877
852884
852898
852967
853010
853028
853070
853202
853236
853252
853345
853378
853533
853781
854079
854182
854198
854312
854344
854348
854355
854360
854517
854524
854534
854536
854715
854717
854991
855091
855276
855420
855494
855596
855699
855812
855823
855912
855926
855968
855993
856149
856182
856585
856704
856735
856764
857017
857126
857340
857414
857440
857498
857515
857519
857632
857712
858141
858210
858298
858413
858693
858800
858892
858907
859071
859428
859479
859515
859630
859698
859927
860019
860026
860074
860084
860087
860093
860127
860161
860206
860218
860331
860347
860401
860501
860710
860886
861085
861132
861184
861354
861377
861508
861532
861572
861636
861646
861777
862004
862056
862063
862305
862320
862515
862562
862592
862633
862716
862767
862863
863160
863235
863250
863264
863300
863328
863372
863386
863699
863843
863883
863937
863965
863984
864039
864229
864280
864404
864503
864596
864624
864759
864844
864846
865128
865134
865554
865774
865856
866027
866042
866066
866109
866334
866520
866785
866987
867027
867038
867085
867154
867166
867381
867475
867633
867656
867697
867816
867829
867898
868011
868014
868051
868093
868222
868228
868348
868400
868599
868633
868728
869045
869117
869128
869153
869172
869259
869333
869421
869557
869563
869807
869840
870042
870048
870124
870164
870190
870222
870316
870414
870428
870470
870599
870600
870613
870654
870670
870673
870680
870702
870763
870811
870885
871056
871118
871185
871211
871233
871255
871572
871636
871641
871665
871690
871742
871823
871940
872133
872189
872330
872983
873007
873272
873275
873509
873719
873840
873946
874165
874203
874208
874398
874422
874458
874532
874538
874754
874776
874818
874862
874865
874895
874946
875052
875191
875198
875200
875314
875446
875560
875589
875616
875696
875723
875733
875925
876130
876134
876203
876358
876585
876629
876670
876819
876843
876944
876962
876969
877008
877015
877039
877053
877225
877227
877316
877383
877712
877756
877901
877953
877990
878027
878060
878071
878114
878159
878196
878416
878518
878561
878689
878861
878880
878987
878990
879001
879032
879105
879114
879218
879398
879425
879533
879778
879903
879954
880125
880259
880610
880624
880674
880703
881056
881142
881251
881256
881467
881468
881492
881542
881552
881568
881721
881932
882199
882210
882257
882271
882290
882417
882445
882448
882515
882573
882586
882668
882712
882768
882885
882923
882951
882956
882959
882967
883130
883265
883316
883339
883508
883619
883715
883968
884029
884296
884384
884415
884460
884508
884519
884542
884555
884596
884628
884829
884837
884850
884914
884927
885014
885051
885059
885101
885234
885257
885259
885429
885454
885462
885590
885746
885862
886133
886216
886253
886282
886448
886464
886740
886774
886963
886990
886991
887036
887040
887071
887155
887198
887315
887329
887527
887772
888030
888196
888243
888390
888394
888428
888439
888457
888467
888503
888539
888708
888946
889000
889172
889267
889315
889328
889399
889403
889413
889448
889511
889624
889806
889835
889892
889946
890128
890216
890258
890298
890374
890380
890460
890517
890645
890728
890750
890873
890956
890971
891123
891184
891202
891216
891236
891239
891281
891379
891443
891673
891689
891728
891761
891839
892093
892179
892192
892198
892322
892405
892494
892515
892710
892801
892959
893061
893067
893201
893295
893361
893475
893494
893495
893676
893717
893754
893939
893956
894000
894003
894258
894265
894517
894638
894673
894720
894765
894766
894965
894998
895042
895044
895478
895495
895924
895970
896029
896070
896221
896234
896247
896469
896597
896644
896686
896745
896799
896845
896849
896879
897012
897089
897175
897219
897457
897513
897519
897615
897635
897690
897732
897822
897860
897868
897916
897918
897931
898008
898230
898243
898442
898551
898705
898719
898878
899027
899137
899432
899447
899811
900132
900264
900268
900721
900752
900825
900979
901031
901060
901070
901181
901216
901231
901244
901406
901615
901675
901825
901891
901934
902022
902139
902364
902428
902441
902496
902539
902690
902839
902845
903029
903119
903170
903321
903400
903435
903556
903608
903769
903780
903825
903887
903920
903985
904004
904013
904025
904083
904113
904498
904577
904589
904690
904726
904835
904955
905018
905219
905315
905407
905449
905473
905537
905594
905689
905760
905902
906127
906182
906242
906320
906403
906407
906469
906497
906503
906579
906617
906700
906769
906844
906908
906979
907021
907026
907165
907288
907461
907493
907564
907591
907683
907729
907865
907884
907985
908045
908080
908155
908320
908370
908374
908411
908719
908806
908916
909077
909132
909197
909208
909257
909350
909473
909646
909675
909694
909700
909749
910321
910337
910408
910463
910506
910531
910549
910551
910568
910649
910893
910943
910947
910978
911177
911344
911446
911477
911501
911506
911508
911542
911818
911827
911968
912372
912656
913062
913189
913317
913445
913596
913694
913883
913924
913993
914022
914049
914104
914201
914243
914469
914692
914704
914728
914881
914931
914945
914993
915087
915094
915248
915408
915618
915645
915774
915781
915802
915893
915962
916037
916072
916186
916218
916232
916255
916371
916373
916538
916577
916665
916764
916772
916801
916860
916959
917173
917290
917379
917445
917467
917510
917619
917629
917866
917957
918143
918155
918202
918243
918441
918454
918500
918582
918595
918605
918666
918721
918903
918916
918968
918988
919010
919026
919050
919051
919096
919312
919324
919382
919522
919560
919660
919788
919883
920059
920223
920229
920245
920485
920538
920562
920677
921037
921189
921234
921237
921520
921525
921617
921683
921740
921754
921792
921836
921899
921906
922058
922207
922253
922315
922435
922709
922761
922823
922886
923233
923248
923332
923337
923964
924045
924095
924354
924366
924395
924444
924530
924559
924563
924591
924595
924622
924747
924755
924805
924839
925311
925338
925349
925375
925387
925480
925632
925688
925827
925889
926139
926158
926329
926333
926355
926401
926431
926508
926673
926742
926791
926893
927058
927074
927183
927289
927362
927426
927542
927547
927681
927857
927973
927999
928090
928150
928171
928193
928337
928374
928378
928409
928423
928427
928438
928515
928670
928680
928707
928731
928755
928843
928857
928953
928961
929040
929067
929119
929188
929218
929280
929297
929347
929399
929474
929515
929518
929591
929676
929718
929757
929796
929901
930158
930214
930278
930579
930615
930892
930940
931026
931089
931174
931196
931233
931266
931786
931959
932079
932104
932139
932161
932171
932346
932387
932510
932550
932628
932637
932664
932717
932905
933062
933215
933324
933336
933674
933749
933783
933851
933879
934481
934664
934757
934792
934814
934906
934925
934997
935058
935083
935087
935123
935198
935382
935451
935739
935825
935866
935931
935954
935979
936062
936080
936115
936167
936327
936374
936442
936457
936500
936641
936716
936878
936934
937017
937020
937048
937086
937115
937174
937207
937287
937391
937410
937589
937686
937789
937917
937937
937949
937959
938022
938129
938168
938409
938479
938548
938642
938675
938742
938920
938924
939052
939073
939079
939149
939253
939333
939342
939528
939741
939790
939830
939869
939898
939925
939972
940042
940046
940133
940334
940371
940379
940480
940534
940802
940951
940974
941165
941376
941455
941589
941629
941713
941723
941840
941936
941961
942188
942212
942255
942755
942854
942967
942994
943152
943163
943199
943223
943258
943403
943487
943610
943629
943710
943789
943807
943810
943942
943989
944011
944157
944334
944412
944413
944516
944526
944929
944943
945202
945257
945388
945519
945547
945747
945776
945970
946187
946220
946324
946337
946378
946441
946492
946592
946759
946763
946919
946948
947000
947150
947244
947572
947577
947639
947642
947702
947793
947915
947928
948211
948294
948313
948451
948459
948484
948556
948682
948706
948743
948870
949148
949160
949216
949307
949502
949639
949678
950023
950043
950074
950132
950200
950222
950287
950316
950345
950505
950646
950723
950797
950962
951002
951069
951311
951331
951445
951487
951647
951657
951839
951853
951916
951954
951965
951970
952143
952169
952210
952334
952363
952381
952497
952600
952776
952895
953056
953138
953239
953253
953419
953481
953508
953532
953540
953823
953923
954062
954421
954433
954556
954611
954711
954855
955002
955009
955152
955226
955243
955642
955935
956027
956243
956252
956400
956471
956526
956624
956662
956682
956887
957075
957223
957352
957391
957425
957460
957638
957640
957644
957716
957862
957989
958043
958091
958205
958233
958364
958437
958467
958496
958664
958703
958707
958754
958964
959114
959146
959164
959168
959182
959225
959300
959336
959471
959509
959511
959544
959586
959686
959694
959749
959771
959924
960040
960089
960189
960248
960292
960352
960385
960482
960518
960549
960614
960670
960839
960868
960922
961097
961206
961232
961353
961453
961521
961559
961702
961733
961759
962019
962204
962271
962355
962377
962626
962836
962848
962852
962867
962975
963042
963057
963214
963245
963266
963270
963292
963486
963766
963817
964132
964142
964146
964372
964376
964555
964556
964603
964691
964720
964724
964750
964808
964812
964912
964965
965180
965256
965345
965672
965795
965826
966284
966345
966353
966458
966809
966863
966958
966971
967082
967159
967179
967526
967585
967711
967788
967857
967941
967967
968040
968070
968157
968340
968407
968474
968489
968674
968682
968730
968762
968777
968973
968974
968976
969036
969068
969076
969283
969382
969512
969544
969615
969923
969942
970025
970030
970170
970373
970401
970478
970783
970820
970917
970935
970989
971037
971218
971226
971271
971313
971422
971486
971535
971626
971639
971759
972112
972186
972335
972356
972475
972538
972686
972715
972744
972757
972770
972906
972920
972960
972976
973141
973159
973299
973335
973536
973709
973716
973721
973731
973732
973806
974061
974186
974188
974224
974230
974298
974434
974442
974476
974628
974689
974723
974795
974892
974984
974986
975024
975396
975480
975531
975544
975676
975727
975740
975788
975887
975919
975924
975948
976023
976046
976171
976232
976412
976505
976529
976569
976571
976706
976737
976745
976869
977082
977117
977184
977198
977278
977289
977320
977474
977493
977586
977678
977721
977773
977996
978082
978102
978112
978207
978248
978250
978265
978322
978401
978503
978531
978678
978694
978728
978774
978850
978875
979000
979043
979101
979139
979177
979383
979499
979654
979782
979928
979947
979986
980040
980056
980236
980477
980519
980575
980601
980605
980780
980981
981089
981224
981360
981402
981436
981592
981799
981831
981845
982109
982178
982194
982382
982481
982785
982861
983049
983216
983221
983353
983362
983403
983409
983499
983578
983797
983804
983893
983919
984039
984126
984181
984187
984448
984484
984521
984707
984789
984928
985119
985145
985314
985483
985493
985579
985594
985620
985622
985687
985893
985930
985951
986120
986141
986148
986231
986254
986272
986306
986388
986390
986440
986516
986517
986642
986746
986756
986803
986910
986946
987020
987096
987136
987140
987146
987157
987267
987434
987436
987476
987569
987579
987648
987653
987741
987798
987849
987883
988003
988050
988060
988285
988309
988388
988506
988606
988667
988702
988752
988789
988795
988833
988917
988985
989051
989086
989193
989315
989448
989523
989559
989734
989794
989840
989846
989964
990068
990102
990111
990479
990544
990803
990878
990881
991089
991454
991530
991759
992040
992152
992262
992395
992428
992435
992515
992585
992720
992742
992779
992918
992950
992958
993019
993176
993278
993325
993337
993504
993643
994105
994202
994551
994577
994595
994796
994898
994913
995084
995350
995672
995698
995770
995849
995886
995901
995917
996003
996026
996060
996136
996178
996213
996259
996264
996267
996353
996449
996700
997011
997046
997126
997340
997347
997432
997436
997441
997489
997637
997702
997707
997849
997942
997982
997990
998016
998172
998213
998231
998338
998496
998499
998514
998578
998693
998756
998807
998815
998886
999001
999142
999346
999356
999359
999368
999385
999493
999698
999715
999733
999880
1000087
1000132
1000167
1000173
1000275
1000363
1000370
1000386
1000519
1000591
1000619
1000718
1000862
1000968
1001041
1001064
1001138
1001172
1001203
1001256
1001289
1001481
1001533
1001689
1001694
1001828
1002144
1002152
1002154
1002231
1002446
1002516
1002855
1002864
1002904
1003066
1003156
1003280
1003419
1003470
1003551
1003575
1003769
1003813
1003822
1003854
1004059
1004091
1004141
1004187
1004354
1004368
1004453
1004473
1004494
1004779
1004963
1005060
1005114
1005184
1005375
1005414
1005570
1005632
1005962
1006061
1006072
1006214
1006333
1006437
1007051
1007225
1007292
1007297
1007351
1007372
1007378
1007383
1007422
1007448
1007452
1007510
1008132
1008169
1008222
1008304
1008328
1008401
1008595
1008596
1008612
1008654
1008699
1008844
1008878
1008958
1009321
1009338
1009400
1009432
1009439
1009554
1009577
1009710
1009834
1009837
1009976
1010165
1010177
1010303
1010511
1010548
1010716
1010725
1010772
1011242
1011262
1011341
1011475
1011609
1011672
1011676
1011677
1011683
1011718
1011741
1011753
1011756
1011789
1011865
1011918
1011970
1012003
1012041
1012136
1012353
1012556
1012628
1012629
1012726
1012758
1012801
1013147
1013278
1013366
1013511
1013528
1013588
1013601
1013664
1013691
1013711
1013770
1013807
1013868
1013899
1013982
1014078
1014278
1014383
1014522
1014743
1014764
1014808
1014917
1015068
1015130
1015349
1015377
1015379
1015390
1015397
1015443
1015478
1015542
1015572
1015603
1015669
1015723
1015743
1015839
1015896
1015953
1016017
1016111
1016172
1016182
1016294
1016375
1016717
1016840
1017033
1017316
1017428
1017544
1017596
1017620
1017750
1017789
1017903
1017951
1017985
1018291
1018461
1018536
1018615
1018758
1018814
1018843
1018851
1018868
1019006
1019120
1019254
1019275
1019383
1019387
1019420
1019477
1019572
1019577
1019892
1019945
1020020
1020228
1020252
1020294
1020337
1020365
1020367
1020386
1020591
1020723
1020749
1020828
1020889
1021028
1021043
1021177
1021268
1021287
1021311
1021473
1021551
1021630
1021737
1021806
1021850
1021877
1021880
1021913
1021929
1022146
1022176
1022210
1022253
1022262
1022291
1022519
1022780
1022846
1022865
1023047
1023264
1023361
1023386
1023395
1023422
1023520
1023601
1023661
1023779
1024083
1024160
1024188
1024455
1024592
1024731
1024777
1024811
1024889
1024918
1024958
1024992
1025002
1025069
1025108
1025188
1025274
1025411
1025481
1025485
1025493
1025507
1025512
1025771
1025777
1025798
1025874
1025909
1026110
1026135
1026214
1026328
1026486
1026599
1026741
1026814
1026990
1027017
1027093
1027154
1027183
1027208
1027230
1027244
1027257
1027312
1027374
1027386
1027442
1027443
1027566
1027656
1027705
1027737
1027819
1027861
1027919
1027940
1027992
1027993
1028050
1028371
1028381
1028524
1028670
1028700
1028900
1028948
1028958
1029097
1029101
1029124
1029446
1029496
1029541
1029607
1029722
1029764
1029775
1030059
1030065
1030174
1030286
1030363
1030389
1030541
1030774
1030822
1030854
1031108
1031113
1031139
1031278
1031405
1031500
1031560
1031633
1031845
1031853
1031992
1032043
1032057
1032060
1032167
1032215
1032219
1032387
1032427
1032432
1032647
1032882
1032901
1032979
1033359
1033419
1033529
1033569
1033592
1033609
1033632
1033669
1033700
1033795
1034071
1034111
1034249
1034348
1034400
1034476
1034488
1034491
1034624
1034643
1034645
1034747
1034840
1035026
1035189
1035202
1035277
1035279
1035284
1035347
1035368
1035409
1035410
1035418
1035487
1035575
1035609
1035685
1035803
1035805
1036021
1036141
1036318
1036322
1036335
1036338
1036393
1036456
1036530
1036666
1036809
1036866
1036900
1037298
1037339
1037396
1037432
1037450
1037472
1037614
1037627
1037852
1037925
1038003
1038030
1038249
1038294
1038318
1038447
1038450
1038533
1038563
1038604
1038727
1038876
1038927
1039042
1039135
1039214
1039477
1039491
1039497
1039871
1039876
1039895
1039909
1039921
1040154
1040162
1040184
1040294
1040408
1040428
1040433
1040459
1040500
1040628
1040638
1040846
1040921
1040971
1040989
1041006
1041294
1041518
1041567
1041706
1041735
1041851
1041856
1041960
1041983
1041997
1042042
1042165
1042410
1042414
1042492
1042533
1042542
1042752
1042883
1043040
1043109
1043166
1043218
1043337
1043363
1043436
1043587
1043704
1043892
1043929
1043966
1043982
1044053
1044063
1044081
1044236
1044409
1044576
1044805
1044831
1044941
1044949
1045170
1045332
1045434
1045435
1045531
1045550
1045709
1045844
1045986
1046074
1046080
1046258
1046413
1046493
1046543
1046597
1046788
1046809
1046837
1046884
1046994
1047076
1047115
1047236
1047357
1047372
1047551
1047565
1047616
1047626
1047648
1047740
1047946
1047948
1048064
1048070
1048149
1048354
1048496
1048599
1048665
1048671
1048686
1048695
1048728
1048946
1048953
1048971
1049135
1049234
1049244
1049518
1049585
1049718
1049793
1049816
1049882
1049931
1050007
1050008
1050030
1050084
1050109
1050134
1050148
1050160
1050172
1050242
1050320
1050327
1050364
1050643
1050693
1050816
1050820
1050926
1050983
1051154
1051238
1051331
1051449
1051489
1051493
1051534
1051571
1051684
1051746
1051991
1052112
1052119
1052188
1052189
1052222
1052360
1052427
1052477
1052533
1052576
1052617
1052641
1052786
1052796
1052840
1052910
1053038
1053082
1053208
1053213
1053366
1053411
1053439
1053541
1053961
1053989
1054110
1054144
1054207
1054322
1054351
1054448
1054488
1054840
1054958
1055124
1055232
1055354
1055427
1055492
1055498
1055507
1055634
1055677
1055933
1055953
1055964
1056010
1056329
1056541
1056563
1056612
1056695
1056804
1056811
1056883
1056900
1057020
1057147
1057150
1057256
1057394
1057472
1057482
1057501
1057741
1057822
1057916
1057957
1057969
1058122
1058529
1058565
1058647
1058648
1058762
1058912
1058976
1059248
1059451
1059814
1059929
1060284
1060291
1060311
1060349
1060500
1060522
1060608
1060620
1060645
1060652
1060713
1060740
1060803
1060818
1061061
1061128
1061165
1061261
1061288
1061542
1061751
1061881
1061966
1062002
1062055
1062172
1062218
1062376
1062479
1062577
1062595
1062696
1062705
1062764
1062795
1063221
1063263
1063361
1063529
1063557
1063593
1063666
1063694
1063705
1063761
1063787
1064087
1064110
1064262
1064284
1064498
1064616
1064697
1064744
1064923
1064941
1065052
1065134
1065368
1065402
1065657
1065773
1065840
1066061
1066117
1066225
1066236
1066344
1066379
1066580
1066831
1067099
1067209
1067220
1067346
1067389
1067454
1067459
1067486
1067492
1067662
1067767
1067792
1067877
1067890
1068160
1068227
1068278
1068378
1068502
1068668
1068734
1068857
1068883
1068900
1069112
1069181
1069300
1069321
1069342
1069592
1069660
1069698
1069711
1069830
1069996
1070023
1070029
1070202
1070229
1070234
1070385
1070418
1070424
1070434
1070457
1070596
1070807
1070837
1070854
1071170
1071333
1071424
1071450
1071592
1071632
1071654
1071701
1071744
1071794
1071892
1071955
1071960
1072247
1072706
1072738
1072762
1072812
1072818
1072855
1072861
1072869
1072917
1072940
1072984
1073006
1073292
1073302
1073428
1073490
1073853
1073877
1073971
1074088
1074398
1074573
1074769
1074813
1074821
1075004
1075011
1075072
1075187
1075245
1075272
1075641
1075872
1075906
1075915
1075974
1076015
1076158
1076270
1076320
1076536
1076610
1076727
1076755
1076844
1076856
1076894
1077028
1077127
1077175
1077255
1077328
1077344
1077377
1077438
1077772
1077864
1077883
1077926
1077947
1078131
1078179
1078325
1078408
1078433
1078467
1078536
1078671
1079036
1079172
1079233
1079543
1079709
1079775
1079806
1079938
1079951
1080028
1080425
1080675
1080787
1080821
1080824
1080889
1080999
1081008
1081015
1081291
1081365
1081596
1081666
1081727
1082036
1082048
1082150
1082375
1082403
1082456
1082933
1082940
1082942
1083082
1083130
1083206
1083374
1083415
1083495
1083573
1083587
1083744
1083862
1083919
1083927
1084001
1084056
1084169
1084224
1084413
1084502
1084713
1084773
1084923
1085048
1085071
1085163
1085229
1085329
1085466
1085674
1085727
1085765
1085768
1085834
1085835
1085967
1086226
1086670
1086712
1086848
1086988
1087039
1087118
1087231
1087237
1087306
1087380
1087460
1087481
1087607
1087676
1087721
1087737
1087753
1087800
1087849
1087850
1087937
1087972
1088001
1088178
1088235
1088247
1088606
1088868
1088887
1089099
1089175
1089260
1089470
1089620
1089687
1089740
1089776
1089960
1090303
1090320
1090366
1090384
1090553
1090629
1090675
1090706
1090874
1090990
1091004
1091259
1091301
1091313
1091339
1091395
1091894
1091909
1091919
1091973
1092049
1092118
1092150
1092166
1092195
1092303
1092321
1092476
1092501
1092685
1092722
1092943
1093079
1093383
1093404
1093487
1093524
1093529
1093579
1093632
1093671
1093726
1093824
1094017
1094092
1094120
1094252
1094257
1094345
1094421
1094552
1094580
1094614
1094625
1094632
1094732
1094764
1094946
1094967
1094980
1095275
1095350
1095351
1095390
1095395
1095506
1095694
1095739
1095761
1095811
1095926
1096029
1096086
1096097
1096118
1096133
1096196
1096463
1096486
1096511
1096669
1096701
1096706
1096928
1096954
1096959
1096990
1097050
1097195
1097211
1097303
1097376
1097429
1097510
1097688
1097811
1097920
1097954
1097970
1097976
1098003
1098377
1098441
1098654
1098662
1098808
1098904
1098914
1098945
1099056
1099115
1099395
1099404
1099492
1099509
1099621
1099716
1099741
1099824
1100105
1100170
1100248
1100543
1100569
1100599
1100638
1100674
1100762
1100833
1100883
1100919
1100939
1100993
1101098
1101189
1101522
1101563
1101581
1101607
1101680
1102284
1102304
1102415
1102515
1102541
1102718
1102799
1102814
1102862
1102986
1103098
1103249
1103298
1103395
1103903
1103955
1104167
1104246
1104255
1104347
1104371
1104511
1104721
1104733
1104736
1104804
1104993
1105538
1105622
1105772
1105866
1105868
1106027
1106102
1106147
1106211
1106351
1106376
1106559
1106567
1106908
1106937
1107215
1107228
1107423
1107466
1107556
1107618
1107681
1107684
1107711
1107902
1108041
1108064
1108105
1108136
1108138
1108164
1108231
1108274
1108332
1108396
1108618
1108760
1108817
1108853
1108884
1108942
1109014
1109260
1109374
1109490
1109605
1109822
1109857
1109885
1109969
1109979
1109999
1110010
1110041
1110512
1110610
1110841
1111099
1111131
1111157
1111210
1111409
1111450
1111455
1111472
1111557
1111860
1111913
1112072
1112145
1112383
1112579
1112632
1112769
1112853
1112900
1113062
1113166
1113273
1113404
1113421
1113645
1113753
1113823
1114003
1114127
1114260
1114265
1114322
1114323
1114334
1114336
1114657
1114700
1114777
1114796
1114915
1115044
1115124
1115156
1115245
1115337
1115347
1115369
1115404
1115409
1115489
1115514
1115760
1115947
1116021
1116107
1116206
1116360
1116730
1116805
1116869
1116970
1117107
1117284
1117338
1117357
1117504
1117598
1117706
1117792
1117831
1117903
1117944
1117960
1118014
1118017
1118038
1118056
1118219
1118241
1118328
1118496
1118504
1118531
1118585
1118689
1118850
1119083
1119152
1119223
1119518
1119519
1119553
1119599
1119684
1119730
1119835
1119885
1119941
1119947
1119982
1120102
1120130
1120273
1120282
1120350
1120458
1120555
1120561
1120652
1120700
1120786
1120817
1120888
1121057
1121268
1121288
1121323
1121556
1121669
1121766
1121786
1121796
1121834
1121872
1121930
1121962
1122109
1122222
1122224
1122305
1122476
1122568
1122737
1122756
1122757
1122772
1122957
1123091
1123107
1123134
1123164
1123206
1123230
1123315
1123362
1123465
1123479
1123651
1123751
1123755
1123902
1123976
1124279
1124350
1124418
1124492
1124552
1124564
1124589
1124735
1124843
1124926
1125118
1125148
1125216
1125325
1125367
1125407
1125575
1125719
1125876
1125900
1125980
1126181
1126235
1126271
1126466
1126470
1126632
1126652
1126672
1126733
1126780
1126885
1126975
1127076
1127092
1127297
1127392
1127541
1127625
1127645
1127726
1127823
1128015
1128126
1128252
1128276
1128340
1128487
1128504
1128516
1128556
1128569
1128646
1128686
1128816
1128894
1129117
1129158
1129247
1129452
1129498
1129537
1129549
1129567
1129588
1129592
1129619
1129629
1130050
1130280
1130295
1130424
1130451
1130493
1130536
1130868
1130934
1131092
1131190
1131270
1131374
1131403
1131404
1131429
1131497
1131582
1131891
1131899
1131974
1132047
1132089
1132145
1132196
1132350
1132406
1132467
1132583
1132602
1132640
1132701
1132761
1132765
1132816
1132817
1132849
1132929
1132977
1132994
1132995
1133073
1133088
1133171
1133489
1133702
1133761
1133780
1133883
1134029
1134123
1134164
1134173
1134254
1134328
1134332
1134401
1134545
1134644
1134712
1134858
1134863
1134945
1134979
1135165
1135229
1135316
1135551
1135598
1135650
1135665
1135719
1135731
1135846
1135855
1135859
1135924
1136153
1136188
1136252
1136335
1136348
1136393
1136423
1136446
1136518
1136645
1136684
1136752
1137227
1137312
1137402
1137692
1137997
1138009
1138046
1138099
1138123
1138219
1138250
1138270
1138397
1138407
1138439
1138444
1138451
1138709
1138839
1138840
1139027
1139343
1139383
1139415
1139451
1139495
1139535
1139557
1139606
1139707
1139916
1139919
1140055
1140096
1140160
1140272
1140331
1140567
1140610
1140627
1140699
1140717
1140720
1140759
1140807
1140897
1140927
1141183
1141195
1141420
1141651
1141658
1141697
1141842
1141882
1141961
1141965
1141999
1142095
1142177
1142340
1142450
1142544
1142704
1142911
1143069
1143104
1143108
1143146
1143234
1143238
1143467
1143610
1143612
1143941
1143982
1144097
1144206
1144335
1144465
1144486
1144548
1144726
1144884
1145160
1145229
1145264
1145383
1145477
1145502
1145549
1145721
1146086
1146163
1146178
1146190
1146208
1146258
1146295
1146410
1146477
1146584
1146729
1146754
1146869
1146993
1147207
1147211
1147260
1147272
1147498
1147520
1147663
1147687
1147801
1147888
1147889
1148176
1148515
1148730
1148773
1148929
1148999
1149170
1149290
1149418
1149464
1149468
1149545
1149633
1149635
1149671
1149699
1149861
1149989
1150104
1150118
1150162
1150180
1150283
1150476
1150524
1150566
1150776
1150958
1151079
1151191
1151282
1151304
1151361
1151453
1151541
1151599
1151629
1151686
1151832
1151869
1151907
1152202
1152503
1152602
1152619
1152711
1152759
1152769
1152854
1152861
1152898
1152912
1153000
1153136
1153181
1153422
1153476
1153632
1153761
1153878
1154157
1154226
1154395
1154405
1154407
1154441
1154518
1154588
1154677
1154702
1154709
1154723
1154793
1155119
1155296
1155612
1155641
1155667
1155681
1155723
1155799
1155811
1156029
1156121
1156279
1156376
1156495
1156571
1156623
1156638
1156859
1156883
1157156
1157158
1157231
1157377
1157454
1157480
1157539
1157579
1157596
1157687
1157744
1157922
1158031
1158211
1158392
1158407
1158554
1158664
1158669
1158722
1158801
1158844
1159048
1159111
1159325
1159383
1159482
1159732
1159823
1159871
1159984
1160178
1160206
1160308
1160311
1160345
1160391
1160443
1160562
1160582
1160689
1160752
1160753
1160895
1160983
1161060
1161373
1161576
1161784
1161836
1161846
1161872
1161919
1162059
1162118
1162208
1162444
1162674
1162678
1162863
1162881
1162890
1162925
1162927
1163051
1163076
1163113
1163272
1163289
1163339
1163374
1163424
1163519
1163690
1163779
1163795
1163849
1163881
1164014
1164041
1164138
1164224
1164387
1164420
1164473
1164535
1164594
1164746
1165004
1165028
1165056
1165223
1165389
1165432
1165444
1165610
1165664
1165676
1165687
1165779
1166038
1166042
1166046
1166175
1166206
1166208
1166329
1166453
1166502
1166613
1166851
1167047
1167145
1167223
1167339
1167375
1167622
1167766
1167870
1167903
1168064
1168141
1168337
1168553
1168582
1168694
1168847
1168867
1168960
1169001
1169029
1169080
1169338
1169351
1169384
1169510
1169543
1169562
1169600
1169728
1169753
1169892
1169936
1170008
1170017
1170199
1170204
1170246
1170281
1170347
1170485
1170563
1170568
1170589
1170662
1170977
1171017
1171024
1171333
1171466
1171535
1171545
1171730
1171933
1171969
1171983
1171985
1171992
1172079
1172158
1172254
1172323
1172430
1172529
1172590
1173048
1173091
1173119
1173206
1173291
1173387
1173389
1173398
1173425
1173601
1173605
1173747
1173779
1173789
1173820
1173850
1174000
1174192
1174419
1174481
1174499
1174551
1174609
1174648
1174659
1174803
1174807
1174897
1174945
1175040
1175185
1175230
1175506
1175532
1175558
1175628
1176052
1176315
1176456
1176495
1176501
1176600
1176676
1176899
1176916
1176962
1177152
1177274
1177477
1177558
1177569
1177671
1177673
1177699
1177705
1177813
1177880
1178133
1178415
1178451
1178480
1178575
1178588
1178696
1178740
1178788
1178892
1179281
1179309
1179339
1179477
1179479
1179543
1179777
1179789
1179814
1179895
1179897
1179940
1180356
1180417
1180418
1180419
1180459
1180592
1180682
1180722
1180843
1180915
1180956
1180989
1181034
1181035
1181104
1181120
1181400
1181437
1181513
1181538
1181555
1181656
1181666
1181755
1181842
1181896
1182066
1182189
1182198
1182225
1182318
1182401
1182403
1182601
1182724
1182866
1182869
1182939
1183039
1183213
1183396
1183605
1183618
1183708
1183789
1183837
1183867
1183954
1184112
1184189
1184444
1184598
1184783
1184823
1184856
1184872
1184998
1185145
1185341
1185389
1185404
1185406
1185458
1185466
1185626
1185775
1185903
1185906
1185947
1186076
1186404
1186609
1186703
1186706
1186882
1186921
1187041
1187063
1187110
1187194
1187268
1187284
1187298
1187337
1187493
1187553
1187601
1187798
1187838
1187854
1187897
1187899
1187905
1188503
1188651
1188714
1188768
1188843
1189061
1189083
1189181
1189186
1189382
1189574
1189622
1189757
1190013
1190014
1190062
1190105
1190325
1190329
1190398
1190424
1190488
1190715
1190749
1190786
1190802
1190823
1191189
1191236
1191337
1191343
1191446
1191510
1191549
1191631
1191852
1192120
1192333
1192455
1192598
1192674
1192963
1193100
1193117
1193379
1193637
1193715
1193737
1194029
1194052
1194088
1194192
1194255
1194266
1194635
1195028
1195032
1195080
1195122
1195124
1195272
1195344
1195371
1195388
1195405
1195531
1195537
1195695
1195896
1196075
1196077
1196106
1196162
1196236
1196423
1196435
1196521
1196567
1196673
1196783
1196800
1196823
1196829
1197058
1197240
1197306
1197483
1197765
1198084
1198204
1198296
1198324
1198372
1199007
1199122
1199123
1199178
1199249
1199423
1199457
1199460
1199518
1199542
1199559
1199594
1199598
1199632
1199634
1199810
1199838
1200050
1200132
1200256
1200611
1200636
1200893
1200964
1200996
1201022
1201108
1201177
1201183
1201199
1201206
1201240
1201320
1201344
1201489
1201962
1202111
1202135
1202140
1202221
1202272
1202282
1202437
1202536
1202632
1202740
1202818
1203049
1203066
1203206
1203221
1203270
1203336
1203462
1203471
1203569
1203580
1203649
1203834
1203865
1203907
1203933
1204087
1204136
1204271
1204373
1204400
1204723
1204814
1204826
1204879
1204940
1205088
1205093
1205119
1205149
1205215
1205520
1205527
1205634
1205958
1206150
1206294
1206342
1206363
1206386
1206486
1206590
1206734
1206769
1206882
1206944
1207011
1207029
1207216
1207231
1207351
1207519
1207544
1207645
1207833
1207859
1207924
1207978
1207981
1208018
1208039
1208092
1208184
1208185
1208188
1208196
1208217
1208219
1208230
1208239
1208346
1208382
1208467
1208513
1208525
1208559
1208590
1208648
1208792
1208805
1209022
1209039
1209186
1209212
1209247
1209252
1209562
1209656
1209660
1209793
1209804
1209814
1209931
1209956
1209995
1210000
1210002
1210105
1210179
1210244
1210299
1210308
1210351
1210360
1210361
1210450
1210464
1210537
1210623
1210749
1210813
1210888
1210992
1211138
1211144
1211335
1211455
1211677
1211719
1211848
1211885
1211890
1211902
1212078
1212211
1212298
1212410
1212461
1212509
1212529
1212545
1212575
1212587
1212617
1212660
1212806
1212822
1212836
1212864
1213054
1213055
1213305
1213430
1213893
1214280
1214346
1214364
1214443
1214495
1214543
1214625
1214682
1214824
1214831
1214859
1214993
1215090
1215178
1215509
1215519
1215644
1215707
1215869
1216078
1216138
1216139
1216174
1216176
1216200
1216456
1216574
1216657
1216735
1216744
1216909
1216986
1217065
1217120
1217128
1217176
1217578
1217592
1217623
1217627
1217719
1217876
1217928
1217968
1217999
1218020
1218034
1218149
1218513
1218519
1218523
1218630
1219193
1219208
1219237
1219537
1219692
1219885
1219991
1220070
1220086
1220244
1220337
1220386
1220586
1220698
1220830
1220950
1221129
1221286
1221303
1221413
1221453
1221574
1221597
1221816
1221841
1221906
1221913
1221959
1221964
1222055
1222079
1222503
1222633
1222665
1222820
1222874
1223004
1223039
1223380
1223440
1223462
1223481
1223548
1223661
1223691
1224103
1224153
1224183
1224206
1224287
1224315
1224371
1224417
1224588
1224737
1224806
1224808
1224862
1224945
1224994
1225027
1225122
1225129
1225199
1225302
1225471
1225503
1225512
1225663
1225666
1225726
1225916
1225960
1225974
1226001
1226268
1226280
1226292
1226310
1226373
1226468
1226546
1226578
1226632
1226859
1226922
1226997
1226998
1227016
1227148
1227235
1227344
1227345
1227475
1227582
1227641
1227662
1227749
1227806
1227880
1227907
1228029
1228337
1228487
1228649
1228734
1228767
1228820
1228850
1228924
1228992
1229061
1229154
1229226
1229267
1229279
1229403
1229583
1229687
1229867
1229971
1230416
1230494
1230535
1230878
1230943
1230981
1231292
1231494
1231498
1231694
1231873
1231992
1232018
1232148
1232160
1232276
1232398
1232421
1232497
1232681
1232853
1232923
1233008
1233046
1233114
1233234
1233341
1233524
1233554
1233649
1233889
1234011
1234140
1234159
1234267
1234453
1234458
1234632
1234778
1234779
1234889
1235107
1235229
1235368
1235481
1235606
1235613
1235645
1235672
1235705
1235850
1235900
1236038
1236086
1236183
1236236
1236393
1236407
1236542
1236612
1236724
1236828
1236922
1237023
1237158
1237225
1237413
1237476
1237512
1237627
1237653
1237746
1237823
1237878
1238145
1238160
1238164
1238198
1238290
1238580
1238659
1238718
1238975
1239250
1239321
1239419
1239542
1239637
1239759
1239817
1239844
1239857
1240039
1240065
1240129
1240343
1240366
1240419
1240459
1240479
1240554
1240656
1240895
1240897
1241125
1241233
1241451
1241482
1241484
1241725
1241839
1241892
1242137
1242220
1242226
1242324
1242514
1242663
1242782
1242815
1243077
1243185
1243235
1243410
1243456
1243674
1243690
1243871
1243960
1243995
1244224
1244280
1244330
1244343
1244350
1244357
1244361
1244374
1244399
1244416
1244707
1244750
1244860
1244918
1245022
1245047
1245081
1245291
1245356
1245434
1245489
1245612
1245738
1245834
1245948
1246232
1246299
1246391
1246438
1246471
1246714
1246811
1246844
1247060
1247077
1247083
1247109
1247146
1247158
1247297
1247309
1247373
1247417
1247554
1247557
1247684
1247701
1247833
1247852
1247968
1248084
1248132
1248212
1248377
1248534
1248579
1248759
1248803
1248969
1249031
1249040
1249075
1249142
1249169
1249188
1249350
1249386
1249475
1249530
1249556
1249639
1249652
1249714
1249840
1249848
1249869
1250105
1250122
1250270
1250301
1250556
1250573
1250732
1250798
1250957
1251042
1251160
1251173
1251379
1251422
1251547
1251684
1251820
1251920
1252137
1252193
1252257
1252737
1252806
1252935
1253052
1253100
1253115
1253178
1253246
1253402
1253474
1253507
1253609
1253613
1253684
1253690
1253720
1253758
1253795
1253802
1253857
1253923
1254266
1254346
1254349
1254430
1254434
1254495
1254562
1254697
1254978
1255062
1255122
1255629
1255842
1255939
1255941
1255966
1256038
1256223
1256430
1256842
1256899
1256909
1256929
1257001
1257132
1257178
1257255
1257277
1257301
1257323
1257367
1257412
1257493
1257872
1257928
1258122
1258136
1258224
1258234
1258255
1258323
1258358
1258364
1258509
1258599
1258619
1258623
1258777
1258810
1258853
1259096
1259194
1259287
1259375
1259490
1259512
1259626
1259663
1259720
1259965
1260086
1260092
1260115
1260138
1260331
1260400
1260461
1260531
1260557
1260561
1260581
1260593
1260642
1260778
1260839
1260850
1260858
1260879
1261048
1261083
1261245
1261385
1261469
1261473
1261705
1261706
1261711
1261848
1262001
1262070
1262453
1262496
1262524
1262531
1262586
1262674
1262872
1262887
1262895
1263066
1263076
1263207
1263344
1263417
1263438
1263512
1263769
1263957
1264124
1264185
1264235
1264265
1264380
1264518
1264555
1264558
1264613
1265074
1265289
1265339
1265481
1265528
1265547
1265587
1265717
1265962
1266047
1266088
1266165
1266264
1266297
1266389
1266401
1266418
1266430
1266456
1266543
1266624
1266678
1266872
1266907
1266942
1266947
1266993
1267133
1267511
1267559
1267619
1267644
1267754
1267857
1267952
1268034
1268060
1268066
1268138
1268205
1268344
1268401
1268587
1268611
1268629
1268658
1268713
1268726
1268843
1269008
1269193
1269400
1269591
1269629
1269683
1270174
1270187
1270417
1270486
1270516
1270659
1270848
1270888
1270889
1271234
1271502
1271592
1271665
1271687
1271883
1272126
1272157
1272444
1272470
1272556
1272696
1272719
1272868
1273152
1273228
1273247
1273496
1273543
1273699
1273705
1273848
1273891
1274029
1274079
1274118
1274160
1274221
1274222
1274255
1274280
1274446
1274499
1274524
1274543
1274570
1274621
1274623
1274626
1274859
1275078
1275221
1275298
1275389
1275429
1275455
1275537
1275622
1275642
1275955
1276014
1276090
1276115
1276203
1276329
1276349
1276367
1276391
1276712
1276777
1276870
1276873
1276917
1276923
1277085
1277133
1277174
1277207
1277212
1277214
1277241
1277287
1277474
1277485
1277558
1277640
1277691
1277719
1277744
1277841
1278049
1278090
1278266
1278613
1278692
1278796
1278845
1278871
1278943
1279041
1279177
1279212
1279230
1279273
1279375
1279441
1279539
1279653
1279766
1279816
1279878
1279956
1279963
1280452
1280508
1280725
1281026
1281031
1281056
1281369
1281864
1282092
1282109
1282150
1282305
1282465
1282541
1282543
1282572
1282609
1282841
1282942
1282980
1283140
1283153
1283323
1283454
1283643
1283676
1283887
1283955
1284118
1284125
1284268
1284338
1284543
1284705
1284761
1284817
1284875
1284877
1284936
1284945
1285281
1285297
1285303
1285328
1285359
1285502
1285527
1285529
1285677
1285799
1285847
1285868
1285948
1286002
1286035
1286039
1286079
1286223
1286266
1286351
1286356
1286517
1286709
1286767
1286807
1286903
1287095
1287098
1287162
1287207
1287321
1287388
1287444
1287710
1287732
1287743
1288026
1288238
1288325
1288374
1288379
1288448
1288472
1288513
1288596
1288658
1288738
1288788
1288920
1289049
1289134
1289138
1289145
1289233
1289240
1289260
1289425
1289553
1289679
1289683
1289992
1290140
1290149
1290179
1290201
1290211
1290327
1290354
1290381
1290413
1290432
1290639
1290646
1290691
1290754
1290824
1290865
1290874
1291022
1291065
1291140
1291158
1291189
1291194
1291338
1291396
1291507
1291721
1291873
1291920
1291989
1292042
1292050
1292100
1292411
1292457
1292611
1292650
1292934
1292990
1292995
1293092
1293149
1293355
1293548
1293670
1293822
1293838
1293936
1294019
1294263
1294318
1294484
1294679
1294741
1294833
1294844
1295007
1295055
1295075
1295161
1295234
1295285
1295556
1295738
1295739
1295781
1295848
1296132
1296159
1296503
1296546
1296612
1296853
1296950
1297512
1297562
1297589
1297700
1297753
1297758
1297864
1297993
1298024
1298034
1298073
1298175
1298542
1298691
1298789
1298828
1299027
1299076
1299210
1299596
1299632
1299654
1299759
1299860
1299883
1299897
1299941
1300032
1300113
1300161
1300225
1300293
1300313
1300343
1300489
1300693
1300786
1300817
1300901
1300994
1301026
1301256
1301297
1301326
1301451
1301459
1301829
1302013
1302014
1302129
1302193
1302289
1302304
1302848
1302869
1303012
1303036
1303186
1303206
1303217
1303448
1303475
1303501
1303563
1304040
1304077
1304155
1304248
1304308
1304371
1304501
1304660
1304689
1304696
1304733
1304735
1305064
1305164
1305339
1305525
1305707
1305731
1305861
1306021
1306025
1306110
1306145
1306232
1306338
1306423
1306570
1306583
1306649
1306887
1306962
1307154
1307347
1307352
1307361
1307390
1307461
1307816
1308135
1308270
1308281
1308306
1308433
1308517
1308548
1308601
1308691
1308699
1308724
1308796
1308807
1308839
1308846
1308851
1308927
1308968
1309343
1309422
1309442
1309452
1309470
1309490
1309688
1309702
1309792
1309808
1309959
1309978
1310047
1310215
1310345
1310378
1310643
1310836
1310911
1310936
1310937
1310964
1311011
1311022
1311032
1311186
1311220
1311361
1311379
1311396
1311619
1311924
1311979
1311980
1311983
1312011
1312030
1312038
1312086
1312110
1312123
1312328
1312487
1312569
1312653
1312809
1313021
1313081
1313174
1313191
1313222
1313226
1313259
1313417
1313450
1313531
1313594
1313646
1313832
1313857
1313870
1313949
1314140
1314282
1314391
1314520
1314535
1314571
1314732
1314739
1314743
1314801
1314825
1315223
1315332
1315360
1315481
1315922
1315981
1315984
1316056
1316352
1316371
1316480
1316485
1316602
1316737
1316879
1316983
1317146
1317434
1317665
1317723
1317748
1318112
1318276
1318323
1318418
1318478
1318483
1318517
1318519
1318598
1318615
1318683
1318802
1318958
1319190
1319245
1319422
1319645
1319682
1319708
1319733
1319903
1319907
1319908
1320560
1320723
1320746
1320872
1320913
1320968
1321057
1321099
1321127
1321351
1321428
1321585
1321684
1321790
1321973
1322011
1322080
1322234
1322256
1322414
1322480
1322583
1322638
1322697
1322810
1322825
1322844
1322919
1322924
1322946
1323156
1323300
1323313
1323316
1323630
1323661
1323705
1323807
1323829
1323907
1323999
1324034
1324131
1324254
1324276
1324365
1324380
1324417
1324512
1324603
1324707
1324913
1325054
1325122
1325123
1325154
1325300
1325333
1325560
1325595
1325898
1325939
1326085
1326152
1326244
1326372
1326608
1326675
1326747
1327001
1327039
1327216
1327436
1327438
1327492
1327543
1327576
1327586
1327722
1327730
1327796
1327811
1327928
1327980
1327991
1328171
1328232
1328508
1328630
1328754
1328796
1328824
1328838
1328943
1329000
1329018
1329120
1329393
1329614
1329856
1329943
1329974
1330184
1330225
1330248
1330263
1330313
1330317
1330371
1330416
1330836
1330991
1331013
1331139
1331169
1331241
1331293
1331450
1331467
1331727
1331741
1331867
1331945
1332086
1332213
1332279
1332406
1332585
1332645
1332763
1332787
1332916
1333033
1333092
1333108
1333397
1333462
1333495
1333518
1333631
1333637
1333754
1333801
1333844
1333847
1333925
1333953
1333980
1334050
1334203
1334467
1334545
1334710
1334824
1334937
1335035
1335107
1335261
1335360
1335487
1335588
1335704
1335718
1335794
1335815
1335965
1336056
1336088
1336233
1336274
1336319
1336367
1336555
1336783
1336797
1336839
1336879
1336885
1336941
1337320
1337371
1337509
1337511
1337615
1337624
1337806
1338018
1338092
1338119
1338162
1338447
1338595
1338744
1338759
1338838
1338972
1339007
1339512
1339544
1339592
1339614
1339684
1339730
1339947
1340002
1340189
1340266
1340365
1340519
1340591
1340602
1340610
1340964
1341208
1341262
1341349
1341509
1341566
1341597
1341712
1341826
1341927
1341983
1342047
1342048
1342100
1342235
1342416
1342495
1342565
1342637
1342740
1342884
1342924
1343014
1343053
1343121
1343180
1343321
1343347
1343906
1344048
1344228
1344297
1344312
1344457
1344541
1344588
1344827
1344868
1345198
1345209
1345220
1345222
1345242
1345564
1345745
1345892
1345930
1345942
1346072
1346093
1346237
1346298
1346519
1346543
1346760
1346986
1347129
1347280
1347301
1347356
1347358
1347395
1347436
1347453
1347524
1347532
1347722
1347857
1348123
1348550
1348823
1348845
1348929
1349042
1349082
1349127
1349236
1349290
1349395
1349468
1349471
1349680
1349702
1349814
1349997
1350030
1350140
1350175
1350451
1350455
1350649
1350656
1350928
1350998
1351017
1351075
1351251
1351301
1351322
1351355
1351409
1351423
1351627
1351637
1351638
1351747
1351881
1352005
1352034
1352084
1352108
1352153
1352217
1352227
1352289
1352496
1352498
1352941
1352949
1352953
1352957
1352993
1353106
1353194
1353673
1353702
1353764
1353792
1353820
1353891
1354034
1354168
1354331
1354352
1354567
1354577
1354603
1354821
1354876
1354887
1354894
1354932
1354984
1355014
1355191
1355248
1355296
1355387
1355414
1355450
1355484
1355495
1355541
1355591
1355651
1355846
1355874
1355906
1355936
1355991
1356194
1356241
1356319
1356426
1356457
1356530
1356630
1356868
1357051
1357052
1357072
1357103
1357164
1357278
1357565
1357675
1357744
1357761
1357838
1357983
1358018
1358210
1358292
1358373
1358382
1358502
1358553
1358991
1359137
1359339
1359583
1359585
1359617
1359707
1359755
1359799
1359848
1359889
1359959
1360019
1360497
1360768
1360899
1361301
1361401
1361440
1361475
1361481
1361555
1361695
1361833
1361889
1362013
1362035
1362139
1362239
1362293
1362381
1362417
1362449
1362614
1362667
1362724
1362749
1362873
1363000
1363135
1363189
1363212
1363271
1363386
1363443
1363599
1363657
1363677
1363713
1363740
1363991
1364120
1364149
1364166
1364256
1364359
1364499
1364501
1364603
1364651
1364733
1364797
1364816
1364867
1364943
1364990
1365055
1365113
1365255
1365298
1365374
1365461
1365537
1365574
1365642
1365908
1365926
1365952
1365956
1366171
1366263
1366383
1366591
1366621
1366708
1366807
1366989
1367009
1367011
1367096
1367122
1367141
1367224
1367228
1367354
1367415
1367458
1367489
1367501
1367676
1367699
1367844
1367936
1368169
1368300
1368361
1368383
1368386
1368481
1368511
1368540
1368569
1368580
1368638
1368675
1368779
1368878
1368886
1368946
1368955
1368986
1369024
1369045
1369197
1369233
1369279
1369330
1369366
1369573
1369789
1369866
1369913
1369952
1370050
1370583
1370617
1370650
1370725
1370733
1371059
1371211
1371261
1371366
1371369
1371618
1371950
1371996
1372016
1372074
1372261
1372391
1372597
1372734
1372779
1372982
1373042
1373106
1373162
1373186
1373204
1373237
1373375
1373495
1373531
1373702
1373888
1373915
1374024
1374124
1374182
1374301
1374358
1374599
1374610
1374628
1374638
1374691
1374812
1374911
1375236
1375418
1375449
1375471
1375472
1375610
1375645
1375691
1375827
1375896
1375897
1375955
1375968
1376051
1376307
1376414
1376605
1376784
1377111
1377113
1377148
1377165
1377190
1377278
1377368
1377454
1377614
1377851
1378147
1378211
1378314
1378615
1378748
1378849
1379561
1379572
1379876
1380070
1380089
1380252
1380262
1380272
1380429
1380483
1380562
1380606
1381196
1381269
1381402
1381507
1381784
1381967
1381971
1381980
1381995
1382051
1382114
1382188
1382221
1382548
1382604
1382646
1382676
1382912
1383017
1383176
1383223
1383237
1383257
1383446
1383650
1383692
1383743
1383995
1384033
1384208
1384320
1384390
1384394
1384480
1384963
1385026
1385102
1385250
1385325
1385330
1385332
1385523
1385724
1385739
1385827
1386014
1386106
1386212
1386271
1386341
1386577
1386719
1386730
1386791
1386816
1386997
1387084
1387182
1387272
1387399
1387558
1387727
1387743
1387803
1387934
1387977
1388036
1388055
1388154
1388250
1388316
1388569
1388584
1388710
1388827
1388828
1389032
1389065
1389248
1389283
1389341
1389357
1389406
1389432
1389568
1389573
1389838
1389858
1389949
1390130
1390140
1390418
1390467
1390544
1390546
1390653
1390753
1390814
1390829
1390837
1390878
1390890
1390902
1390966
1391078
1391133
1391171
1391218
1391369
1391386
1391479
1391481
1391521
1391588
1391611
1391630
1391669
1391671
1391826
1391827
1391847
1391910
1391923
1391928
1392023
1392068
1392070
1392126
1392237
1392238
1392288
1392374
1392412
1392519
1392563
1392706
1392707
1392780
1392896
1393062
1393090
1393176
1393333
1393375
1393719
1393760
1393796
1393820
1393960
1393994
1394074
1394109
1394172
1394240
1394323
1394408
1394413
1394464
1394505
1394843
1395125
1395176
1395211
1395278
1395347
1395377
1395423
1395524
1395575
1395622
1395656
1395930
1396081
1396160
1396171
1396208
1396309
1396399
1396520
1396558
1396780
1396953
1397005
1397025
1397115
1397191
1397194
1397206
1397276
1397294
1397315
1397501
1397931
1397980
1398064
1398216
1398245
1398516
1398542
1398781
1398784
1398821
1398923
1398992
1399061
1399122
1399134
1399357
1399505
1399603
1399738
1399798
1399889
1400157
1400306
1400345
1400346
1400458
1400818
1400930
1400975
1401014
1401231
1401556
1401727
1401936
1401954
1402059
1402193
1402351
1402400
1402441
1402548
1402683
1402772
1402798
1402857
1402893
1403022
1403036
1403123
1403178
1403715
1403865
1403969
1404224
1404444
1404484
1404672
1404767
1404877
1404890
1404981
1404992
1405048
1405120
1405390
1405399
1405412
1405476
1405651
1405719
1405800
1406053
1406135
1406140
1406200
1406237
1406283
1406378
1406577
1406619
1406664
1406682
1406706
1406907
1406963
1406975
1407033
1407063
1407343
1407361
1407373
1407543
1407718
1407766
1407917
1408084
1408171
1408362
1408516
1408721
1408787
1408794
1408845
1408853
1408855
1409090
1409266
1409269
1409349
1409674
1409736
1410032
1410208
1410231
1410282
1410314
1410365
1410408
1410431
1410791
1410901
1410914
1410933
1410970
1410981
1410988
1411025
1411136
1411168
1411251
1411269
1411280
1411387
1411403
1411448
1411505
1411515
1411619
1411653
1411948
1411957
1412047
1412411
1412440
1412540
1412568
1412610
1412616
1412698
1412747
1413117
1413246
1413312
1413675
1413786
1413789
1413873
1413943
1413945
1414238
1414332
1414474
1414475
1414623
1414683
1414853
1414974
1414987
1415055
1415102
1415198
1415227
1415269
1415475
1415701
1415734
1415761
1415773
1415898
1415922
1416123
1416202
1416366
1416408
1416410
1416426
1416453
1416511
1416552
1416759
1416916
1417128
1417162
1417382
1417561
1417616
1417638
1417795
1417883
1418091
1418371
1418543
1418546
1418606
1418611
1418641
1418669
1418763
1418786
1418796
1418852
1418913
1418953
1418976
1419082
1419224
1419241
1419274
1419611
1419768
1419829
1419902
1419911
1420299
1420340
1420412
1420621
1420654
1420670
1420703
1420868
1420909
1421113
1421214
1421220
1421254
1421303
1421345
1421349
1421377
1421544
1421676
1422057
1422074
1422338
1422447
1422453
1422588
1422592
1422625
1422829
1423086
1423127
1423354
1423368
1423558
1423604
1423691
1423710
1423836
1424102
1424324
1424443
1424715
1424840
1424895
1424955
1425096
1425224
1425229
1425366
1425529
1425534
1425656
1425840
1425879
1425909
1425970
1426144
1426415
1426444
1426567
1426614
1426712
1426899
1426943
1426964
1427051
1427140
1427171
1427209
1427291
1427305
1427342
1427430
1427490
1427802
1427817
1427862
1427953
1427959
1428024
1428073
1428117
1428143
1428305
1428424
1428697
1428701
1428731
1428740
1428766
1428795
1428804
1429062
1429080
1429106
1429156
1429334
1429520
1429772
1429786
1429794
1429888
1430022
1430139
1430225
1430226
1430234
1430283
1430399
1430457
1430459
1430461
1430812
1430914
1431008
1431020
1431131
1431293
1431304
1431346
1431361
1431455
1431510
1431593
1431619
1431648
1432017
1432074
1432287
1432730
1432833
1432910
1432930
1432956
1433185
1433340
1433402
1433516
1433661
1433689
1433873
1433887
1433915
1434049
1434050
1434187
1434193
1434253
1434300
1434372
1434479
1434483
1434582
1434852
1434998
1435098
1435164
1435321
1435551
1435622
1435690
1435901
1435935
1435971
1436125
1436148
1436307
1436320
1436330
1436359
1436464
1436552
1436587
1436674
1437019
1437037
1437140
1437211
1437370
1437539
1437583
1437673
1437927
1437956
1438057
1438233
1438414
1438506
1438644
1438863
1438873
1439047
1439134
1439167
1439180
1439301
1439398
1439582
1439599
1439796
1439843
1439907
1439981
1440086
1440095
1440107
1440191
1440278
1440382
1440503
1440584
1440736
1440739
1440742
1440841
1441225
1441301
1441366
1441541
1441847
1441849
1441875
1441877
1441893
1441894
1442149
1442391
1442496
1442519
1443059
1443089
1443101
1443131
1443276
1443458
1443740
1443897
1443942
1443943
1444172
1444173
1444248
1444515
1444661
1444666
1444669
1444827
1444879
1445102
1445110
1445120
1445159
1445172
1445202
1445511
1445559
1445593
1445609
1445624
1445869
1445977
1446012
1446110
1446227
1446306
1446655
1446688
1446708
1446771
1446869
1446920
1446939
1447081
1447092
1447120
1447155
1447220
1447224
1447365
1447423
1447530
1447599
1447653
1447685
1448093
1448186
1448229
1448254
1448304
1448341
1448450
1448518
1448561
1448651
1448682
1448704
1448750
1448751
1448758
1448838
1448990
1449077
1449173
1449342
1449603
1449667
1449794
1450047
1450130
1450203
1450283
1450292
1450327
1450421
1450592
1450686
1450813
1450882
1450888
1450906
1450927
1451083
1451186
1451198
1451223
1451499
1451579
1451653
1451670
1451791
1451940
1451945
1452099
1452466
1452468
1452612
1452615
1452677
1452714
1452802
1452811
1452990
1453024
1453213
1453315
1453370
1453380
1453468
1453477
1453558
1453641
1453708
1453776
1453918
1454076
1454113
1454294
1454307
1454313
1454559
1454730
1454786
1454867
1454917
1455012
1455049
1455076
1455150
1455323
1455426
1455514
1455604
1455750
1455889
1455899
1455936
1456110
1456152
1456246
1456336
1456440
1456661
1457079
1457182
1457239
1457273
1457307
1457333
1457446
1457447
1457577
1457650
1457926
1458046
1458262
1458328
1458379
1458426
1458455
1458479
1458674
1458703
1458809
1458946
1459011
1459030
1459059
1459071
1459100
1459204
1459213
1459348
1459402
1459440
1459451
1459476
1459631
1459690
1459814
1460060
1460063
1460254
1460460
1460464
1460550
1460594
1460704
1460736
1460823
1461009
1461011
1461066
1461378
1461389
1461474
1461519
1461522
1461691
1461776
1461834
1461850
1462155
1462176
1462296
1462307
1462332
1462345
1462513
1462556
1462573
1462615
1462695
1462886
1462939
1462968
1463019
1463085
1463087
1463207
1463252
1463368
1463452
1463609
1463660
1463873
1463914
1463989
1464184
1464539
1464588
1464633
1464644
1464780
1464861
1464868
1464934
1464980
1465112
1465116
1465222
1465247
1465531
1465601
1465622
1465906
1466032
1466038
1466044
1466262
1466266
1466332
1466523
1466536
1466567
1466593
1466638
1466782
1466790
1466877
1466948
1466961
1467070
1467213
1467222
1467240
1467343
1467469
1467524
1467530
1467557
1467618
1467708
1467743
1467846
1468185
1468220
1468233
1468490
1468540
1468639
1468646
1468843
1468881
1469105
1469118
1469256
1469301
1469305
1469383
1469410
1469456
1469505
1469529
1469754
1469778
1469801
1469912
1469950
1470398
1470489
1470501
1470510
1470516
1470743
1470772
1470834
1470869
1470914
1470918
1471016
1471050
1471165
1471211
1471237
1471251
1471368
1471414
1471479
1471565
1471682
1472017
1472053
1472055
1472084
1472138
1472636
1472903
1472945
1472987
1473250
1473307
1473558
1473559
1473654
1473809
1473831
1473890
1473994
1474090
1474135
1474142
1474181
1474450
1474585
1474681
1474702
1474874
1474894
1474986
1475073
1475075
1475087
1475092
1475321
1475398
1475472
1475543
1475628
1475658
1475713
1475745
1475885
1475895
1475957
1476152
1476165
1476398
1476460
1476583
1476743
1476807
1476866
1477120
1477167
1477178
1477421
1477491
1477715
1477721
1477986
1478024
1478141
1478177
1478192
1478193
1478312
1478334
1478353
1478483
1478500
1478546
1478625
1478649
1478682
1478908
1478965
1479110
1479136
1479170
1479204
1479214
1479288
1479337
1479342
1479376
1479628
1479686
1479755
1479934
1480029
1480255
1480354
1480439
1480481
1480548
1480628
1480691
1480722
1480827
1480860
1481005
1481393
1481748
1481866
1481910
1481938
1481966
1482008
1482019
1482139
1482414
1482569
1482866
1482887
1482904
1483029
1483046
1483278
1483453
1483689
1483690
1483956
1484083
1484139
1484179
1484224
1484270
1484286
1484321
1484378
1484381
1484809
1484936
1484951
1485202
1485420
1485444
1485552
1485580
1485636
1485858
1485887
1485916
1486117
1486268
1486501
1486655
1486717
1486727
1486854
1487212
1487229
1487332
1487404
1487442
1487449
1487468
1487659
1487672
1487679
1487688
1487781
1487783
1487810
1487846
1487970
1488011
1488044
1488065
1488289
1488348
1488390
1488512
1488891
1488944
1488958
1489079
1489125
1489173
1489360
1489365
1489382
1489627
1489706
1489792
1489794
1489818
1489867
1489936
1490090
1490203
1490296
1490303
1490392
1490398
1490492
1490776
1490816
1490947
1491024
1491258
1491324
1491415
1491445
1491580
1491603
1491753
1491831
1491832
1491901
1492019
1492045
1492204
1492283
1492300
1492353
1492358
1492415
1492434
1492505
1492877
1492879
1493020
1493042
1493059
1493092
1493103
1493198
1493388
1493396
1493421
1493499
1493550
1493854
1493910
1494164
1494168
1494252
1494302
1494559
1494709
1494737
1494757
1494784
1494819
1494949
1494967
1495101
1495207
1495212
1495519
1495553
1495657
1495667
1495806
1495812
1495826
1495866
1495985
1496050
1496053
1496117
1496537
1496553
1496583
1496643
1496828
1496873
1496906
1496926
1496937
1497033
1497057
1497129
1497212
1497231
1497268
1497298
1497499
1497571
1497804
1497836
1497938
1497944
1498056
1498078
1498134
1498200
1498294
1498298
1498416
1498486
1498712
1498745
1498808
1498839
1499119
1499125
1499301
1499350
1499577
1499598
1499688
1499759
1499826
1499916
1499929
1500062
1500110
1500142
1500160
1500352
1500400
1500424
1500507
1500663
1500695
1500872
1501115
1501136
1501264
1501350
1501566
1501636
1501738
1501762
1501780
1501865
1501903
1501933
1501943
1501961
1502269
1502418
1502530
1502719
1502722
1502787
1502914
1502923
1503016
1503100
1503165
1503347
1503364
1503373
1503496
1503520
1503599
1503651
1503982
1503999
1504080
1504255
1504370
1504401
1504498
1504514
1504841
1504894
1505228
1505306
1505516
1505822
1505894
1505936
1506006
1506212
1506214
1506265
1506401
1506463
1506489
1506711
1506775
1506818
1506831
1506909
1506923
1507002
1507008
1507019
1507135
1507220
1507235
1507270
1507442
1507577
1507759
1507784
1507979
1507989
1508020
1508119
1508314
1508519
1508626
1508727
1508769
1508816
1509011
1509055
1509110
1509213
1509246
1509251
1509285
1509455
1509525
1509630
1509680
1509751
1509811
1509887
1509922
1509934
1509947
1510098
1510143
1510248
1510403
1510408
1510453
1510636
1510647
1510707
1510734
1510794
1511067
1511142
1511339
1511370
1511382
1511433
1511608
1511638
1511715
1511776
1512053
1512099
1512234
1512249
1512252
1512335
1512384
1512427
1512434
1512527
1512709
1512736
1512745
1512849
1512898
1513072
1513254
1513354
1513463
1513526
1513548
1513594
1513761
1513943
1513959
1514142
1514158
1514164
1514289
1514402
1514567
1514580
1514967
1514994
1515202
1515250
1515389
1515605
1515630
1515646
1515716
1515830
1515863
1516181
1516327
1516341
1516487
1516666
1516696
1516714
1516809
1516844
1516995
1517030
1517120
1517132
1517231
1517235
1517304
1517381
1517557
1517707
1517870
1517907
1518074
1518133
1518264
1518290
1518313
1518674
1518791
1518792
1518939
1519160
1519185
1519212
1519551
1519682
1519700
1519731
1519746
1519922
1519966
1520026
1520366
1520462
1520630
1520698
1520727
1520763
1520916
1520957
1521170
1521224
1521256
1521269
1521289
1521379
1521381
1521481
1521526
1521560
1521676
1521743
1521949
1522027
1522068
1522151
1522249
1522287
1522314
1522352
1522430
1522446
1522854
1522906
1523361
1523419
1523549
1523593
1523594
1523706
1523717
1523750
1523796
1523916
1524059
1524111
1524138
1524258
1524450
1524532
1524594
1524596
1524683
1524857
1525092
1525253
1525390
1525403
1525614
1525617
1525645
1525801
1525856
1525929
1525938
1526075
1526080
1526086
1526098
1526207
1526229
1526378
1526411
1526425
1526706
1526729
1526817
1526882
1526991
1527012
1527049
1527143
1527172
1527180
1527400
1527418
1527427
1527661
1527683
1528103
1528143
1528431
1528594
1528727
1528742
1528820
1528829
1528901
1529017
1529047
1529142
1529170
1529192
1529194
1529314
1529386
1529572
1529710
1529724
1529737
1529781
1529823
1529831
1529854
1529907
1530006
1530030
1530129
1530261
1530551
1530761
1530797
1530830
1530833
1530853
1530863
1531207
1531270
1531291
1531375
1531413
1531438
1531665
1531757
1532062
1532065
1532111
1532150
1532218
1532404
1532516
1532687
1532926
1533014
1533016
1533028
1533339
1533486
1533552
1533585
1533711
1533901
1534257
1534292
1534661
1534836
1535176
1535486
1535500
1535505
1535520
1535525
1535585
1535625
1535630
1535785
1535821
1535970
1536217
1536219
1536538
1536571
1536630
1536682
1536845
1537024
1537169
1537354
1537467
1537568
1537797
1537877
1537906
1538329
1538517
1538555
1538604
1538650
1538680
1538712
1538804
1539031
1539255
1539256
1539307
1539371
1539551
1539559
1539573
1539647
1539735
1539760
1539774
1539873
1539877
1539899
1539906
1540133
1540159
1540184
1540199
1540203
1540204
1540451
1540587
1540592
1540671
1540760
1540770
1540858
1540907
1541145
1541435
1541616
1541625
1541904
1541990
1542005
1542140
1542164
1542166
1542277
1542440
1542457
1542534
1542876
1543242
1543548
1543678
1543788
1543850
1543956
1544060
1544096
1544322
1544337
1544373
1544503
1544664
1544842
1545209
1545458
1545651
1545722
1546079
1546088
1546166
1546233
1546248
1546371
1546373
1546591
1546618
1546660
1546697
1546829
1546857
1546921
1546951
1546976
1546997
1547157
1547196
1547215
1547304
1547346
1547426
1547473
1547516
1547624
1547668
1547733
1547735
1547836
1547928
1547957
1548029
1548176
1548178
1548391
1548558
1548559
1548561
1548981
1548996
1549019
1549043
1549117
1549226
1549272
1549491
1549497
1549593
1549612
1549643
1549693
1549852
1550083
1550225
1550458
1550482
1550500
1550641
1550725
1550747
1551035
1551038
1551039
1551059
1551075
1551238
1551242
1551452
1551458
1551665
1551736
1551739
1551872
1551886
1551904
1551943
1552008
1552080
1552127
1552199
1552298
1552376
1552383
1552424
1552569
1552653
1552753
1552806
1552970
1553112
1553119
1553143
1553211
1553354
1553485
1553501
1553504
1553638
1553811
1553827
1553874
1553967
1554199
1554217
1554311
1554349
1554392
1554523
1554580
1554596
1554597
1554638
1554703
1554713
1554753
1554796
1554835
1554934
1555041
1555091
1555173
1555193
1555198
1555245
1555274
1555275
1555402
1555449
1555695
1556269
1556391
1556475
1556603
1556698
1556750
1556827
1556828
1556849
1557026
1557146
1557259
1557464
1557525
1557526
1557610
1557614
1557641
1557735
1557937
1558027
1558098
1558363
1558388
1558419
1558478
1558517
1558525
1558838
1558871
1558878
1558947
1559033
1559046
1559102
1559168
1559349
1559364
1559371
1559396
1559466
1559483
1559855
1559925
1559933
1560007
1560036
1560081
1560174
1560232
1560351
1560368
1560395
1560467
1560708
1560733
1560778
1560799
1560890
1560974
1561054
1561188
1561334
1561355
1561494
1561534
1561553
1561719
1561736
1561737
1561766
1561805
1561811
1561887
1561924
1562020
1562057
1562112
1562355
1562358
1562388
1562514
1562586
1562780
1562800
1562947
1563052
1563195
1563209
1563224
1563296
1563325
1563409
1563838
1564343
1564438
1564439
1564468
1564531
1564546
1564577
1564614
1564828
1564973
1564990
1565006
1565149
1565157
1565158
1565206
1565308
1565368
1565554
1565667
1565685
1565695
1566003
1566025
1566065
1566196
1566403
1566566
1566859
1566925
1566986
1567045
1567054
1567182
1567189
1567589
1567658
1567727
1567784
1567911
1567944
1567947
1568173
1568205
1568279
1568408
1568423
1568573
1568587
1568737
1568912
1568942
1569005
1569077
1569287
1569469
1569472
1569591
1569675
1569721
1569908
1570030
1570042
1570116
1570142
1570163
1570408
1570442
1570560
1570583
1570713
1570730
1571009
1571081
1571117
1571168
1571201
1571224
1571249
1571400
1571419
1571438
1571466
1571550
1571667
1571749
1571857
1571876
1571878
1571964
1572017
1572125
1572188
1572237
1572327
1572433
1572682
1572733
1572948
1572963
1572966
1573066
1573124
1573235
1573324
1573571
1573586
1573619
1573630
1574149
1574221
1574289
1574440
1574449
1574475
1574531
1574569
1574804
1574826
1575041
1575226
1575344
1575461
1575464
1575475
1575522
1575678
1575682
1575729
1575888
1575907
1575938
1576000
1576034
1576127
1576250
1576319
1576395
1576411
1576485
1576539
1576595
1577012
1577028
1577236
1577365
1577398
1577488
1577570
1577657
1577802
1577853
1577894
1578048
1578119
1578239
1578279
1578342
1578346
1578593
1578667
1578736
1578909
1578933
1579001
1579032
1579094
1579105
1579256
1579273
1579352
1579405
1579466
1579596
1579603
1579618
1579630
1579871
1579877
1579918
1579920
1579954
1580042
1580083
1580105
1580158
1580200
1580204
1580352
1580359
1580366
1580387
1580419
1580462
1580512
1580564
1580676
1580680
1580976
1581123
1581173
1581320
1581379
1581397
1581458
1581465
1581586
1581731
1581739
1581785
1581821
1581916
1581962
1581964
1582096
1582320
1582435
1582576
1582607
1582617
1582665
1582725
1582907
1582911
1582961
1582964
1582966
1582974
1582977
1583095
1583110
1583186
1583197
1583201
1583257
1583383
1583460
1583784
1583822
1583926
1584008
1584116
1584176
1584209
1584216
1584226
1584316
1584362
1584473
1584717
1584750
1584816
1584981
1585023
1585034
1585192
1585206
1585324
1585373
1585487
1585649
1585654
1585832
1585967
1586005
1586285
1586300
1586325
1586539
1586632
1586647
1586714
1586925
1586938
1586989
1587019
1587057
1587336
1587425
1587430
1587478
1587540
1587634
1587807
1587821
1587874
1587976
1587991
1588062
1588123
1588205
1588281
1588333
1588412
1588436
1588697
1588713
1588726
1588838
1588850
1589137
1589272
1589322
1589404
1589505
1589548
1589577
1589586
1589639
1589671
1589784
1589920
1590095
1590113
1590116
1590310
1590323
1590480
1590570
1590577
1590608
1590697
1590758
1590981
1591135
1591160
1591216
1591219
1591260
1591264
1591279
1591450
1591453
1591637
1591721
1591795
1591829
1591886
1592012
1592106
1592109
1592164
1592165
1592175
1592203
1592265
1592296
1592515
1592534
1592540
1592770
1592833
1592838
1593064
1593374
1593429
1593510
1593773
1593802
1593850
1593856
1593888
1594029
1594037
1594055
1594114
1594208
1594441
1594601
1594622
1594928
1595037
1595231
1595399
1595452
1595675
1595717
1595737
1595965
1595966
1596052
1596070
1596177
1596254
1596261
1596375
1596380
1596393
1596457
1596467
1596474
1596516
1596615
1596706
1596791
1596820
1597057
1597115
1597137
1597208
1597324
1597422
1597489
1597521
1597699
1597784
1597806
1597841
1597894
1597991
1598071
1598080
1598318
1598399
1598412
1598494
1598510
1598555
1598669
1598688
1598762
1598954
1599067
1599099
1599140
1599265
1599405
1599518
1599823
1599843
1600024
1600087
1600098
1600116
1600261
1600350
1600413
1600487
1600680
1600716
1601064
1601119
1601125
1601288
1601514
1601645
1601655
1601872
1602053
1602223
1602228
1602231
1602321
1602343
1602476
1602577
1602595
1602810
1602898
1602936
1603065
1603569
1603659
1603804
1603829
1603969
1604052
1604062
1604104
1604114
1604138
1604308
1604320
1604457
1604613
1604768
1604785
1604806
1604919
1604971
1605103
1605293
1605304
1605341
1605355
1605621
1605666
1606024
1606311
1606335
1606343
1606457
1606511
1606548
1606620
1606674
1607089
1607165
1607188
1607327
1607453
1607500
1607636
1607726
1607781
1607825
1607886
1607905
1607962
1608045
1608221
1608498
1608680
1608699
1608923
1609033
1609109
1609139
1609182
1609212
1609218
1609239
1609398
1609625
1609688
1609786
1609821
1609839
1609871
1609909
1609993
1610030
1610041
1610045
1610095
1610272
1610540
1610677
1610695
1610700
1610709
1610772
1610872
1610945
1610993
1611030
1611124
1611283
1611293
1611353
1611383
1611441
1611465
1611478
1611532
1611615
1611811
1611893
1611946
1611959
1612298
1612349
1612352
1612411
1612440
1612510
1612567
1612640
1612834
1612884
1612897
1612900
1612926
1613047
1613145
1613209
1613256
1613283
1613326
1613381
1613429
1613519
1613678
1613754
1613814
1613924
1613982
1614038
1614089
1614290
1614524
1614529
1614611
1614787
1614928
1614955
1615025
1615382
1615516
1615711
1615771
1615808
1615810
1615827
1615880
1615977
1616003
1616004
1616114
1616163
1616180
1616210
1616250
1616309
1616313
1616377
1616395
1616443
1616598
1616609
1616638
1616720
1616745
1616852
1617383
1617471
1617570
1617600
1617681
1617717
1617735
1617785
1618057
1618204
1618282
1618344
1618352
1618641
1618702
1618714
1618726
1618862
1618919
1619088
1619101
1619141
1619188
1619238
1619276
1619327
1619397
1619404
1619539
1619636
1619760
1619914
1620078
1620081
1620108
1620236
1620268
1620411
1620491
1620498
1620536
1620792
1620794
1620806
1620996
1621197
1621199
1621217
1621381
1621427
1621555
1622095
1622185
1622200
1622410
1622438
1622457
1622520
1622576
1622619
1622720
1622937
1622973
1622976
1623036
1623212
1623383
1623389
1623508
1623651
1623659
1623733
1623899
1623915
1624127
1624147
1624266
1624456
1624497
1624526
1624624
1624742
1624775
1624916
1625111
1625252
1625367
1625413
1625452
1625598
1625659
1625690
1625724
1625749
1625943
1625963
1625971
1626008
1626172
1626219
1626313
1626336
1626359
1626360
1626458
1626563
1626643
1626680
1626778
1626792
1626930
1627055
1627057
1627125
1627282
1627401
1627575
1627830
1627906
1627966
1628140
1628333
1628474
1628484
1628838
1628953
1628970
1629182
1629345
1629459
1629496
1629560
1629583
1629690
1629723
1629777
1629854
1630018
1630060
1630091
1630150
1630190
1630239
1630303
1630335
1630418
1630467
1630601
1630629
1630872
1630891
1630899
1630977
1631013
1631087
1631142
1631528
1631594
1631687
1631714
1631764
1631853
1632029
1632426
1632604
1632747
1632843
1632864
1632888
1633084
1633106
1633227
1633229
1633265
1633374
1633579
1633613
1633682
1633685
1633727
1633821
1633850
1633917
1634040
1634046
1634060
1634088
1634139
1634406
1634589
1634701
1634733
1635134
1635208
1635292
1635452
1635504
1635565
1635587
1635894
1636049
1636069
1636149
1636238
1636368
1636379
1636386
1636460
1636493
1636593
1636687
1637033
1637115
1637193
1637199
1637368
1637374
1637646
1637896
1637993
1638190
1638203
1638587
1638762
1638842
1638941
1638972
1639411
1639532
1639643
1639664
1639727
1639756
1639872
1639887
1639993
1640005
1640109
1640479
1640513
1640553
1640589
1640629
1640630
1640658
1640686
1641025
1641059
1641309
1641341
1641520
1641532
1641666
1641675
1641843
1641914
1642195
1642405
1642434
1642589
1642595
1642597
1642886
1642976
1642993
1643068
1643237
1643382
1643419
1643434
1643590
1643599
1643826
1643888
1643909
1643916
1644328
1644545
1644673
1644684
1644719
1644809
1644877
1645054
1645089
1645124
1645140
1645314
1645378
1645379
1645471
1645720
1645909
1645960
1646054
1646065
1646179
1646248
1646282
1646325
1646425
1646426
1646487
1646539
1646568
1646617
1646808
1647083
1647089
1647112
1647345
1647369
1647456
1647469
1647697
1647713
1647904
1648027
1648162
1648279
1648457
1648632
1648639
1648887
1648897
1648903
1648980
1649133
1649150
1649186
1649193
1649444
1649465
1649493
1649560
1649583
1649672
1649761
1649781
1649859
1649863
1650028
1650074
1650131
1650138
1650263
1650368
1650538
1650544
1650722
1650859
1650880
1651020
1651130
1651182
1651250
1651308
1651391
1651782
1651899
1651967
1652014
1652164
1652398
1652726
1652796
1652867
1652958
1653206
1653290
1653302
1653391
1653552
1653737
1653877
1654166
1654425
1654459
1654538
1654548
1654647
1654780
1654926
1654976
1654990
1655183
1655202
1655238
1655261
1655365
1655506
1655550
1655568
1655623
1655759
1655841
1655946
1656117
1656118
1656127
1656295
1657068
1657123
1657132
1657217
1657253
1657365
1657491
1657560
1657660
1657665
1657745
1657800
1657934
1657987
1658230
1658303
1658428
1658564
1658621
1658637
1658653
1658654
1658751
1658929
1659018
1659240
1659512
1659757
1659876
1659948
1659965
1659982
1660238
1660264
1660270
1660292
1660337
1660411
1660480
1660541
1660559
1660592
1660598
1660632
1660871
1660998
1661153
1661178
1661224
1661228
1661234
1661409
1661545
1661611
1661783
1661822
1662091
1662132
1662240
1662310
1662317
1662333
1662464
1662680
1662728
1662755
1662884
1662908
1662938
1663114
1663129
1663146
1663153
1663196
1663245
1663384
1663595
1663671
1663736
1663768
1663892
1664037
1664172
1664177
1664179
1664215
1664312
1664398
1664520
1664622
1664717
1664721
1664757
1664856
1665039
1665103
1665150
1665257
1665301
1665322
1665427
1665615
1665742
1665814
1665834
1665892
1666076
1666186
1666300
1666329
1666355
1666360
1666363
1666441
1666460
1666485
1666622
1666955
1667070
1667240
1667480
1667526
1667621
1667705
1667801
1667808
1667866
1667873
1667886
1668027
1668235
1668380
1668409
1668653
1668771
1668804
1668891
1668894
1669048
1669053
1669094
1669152
1669251
1669349
1669362
1669390
1669457
1669550
1669637
1669665
1669737
1669888
1669947
1670001
1670017
1670110
1670166
1670170
1670230
1670308
1670391
1670475
1670506
1670565
1670582
1670613
1670649
1670655
1670888
1670922
1670992
1671393
1671471
1671533
1671709
1671824
1671962
1672097
1672101
1672131
1672216
1672360
1672448
1672464
1672733
1672844
1672847
1672889
1672953
1672986
1673244
1673262
1673282
1673328
1673373
1673439
1673495
1673801
1673903
1673929
1673971
1674098
1674111
1674116
1674174
1674266
1674422
1674441
1674478
1674493
1674617
1674840
1674859
1675055
1675124
1675259
1675274
1675409
1675456
1675701
1675720
1675724
1675981
1676018
1676250
1676265
1676331
1676388
1676447
1676498
1676520
1676624
1676666
1676757
1676822
1676922
1676952
1676993
1677019
1677146
1677207
1677229
1677350
1677468
1677592
1677665
1677715
1677981
1678003
1678188
1678606
1678640
1678658
1678751
1678845
1678906
1679095
1679477
1679633
1679703
1679772
1679811
1679818
1679855
1679869
1679935
1680114
1680129
1680219
1680224
1680288
1680322
1680477
1680493
1680995
1681148
1681155
1681180
1681312
1681363
1681414
1681782
1682119
1682244
1682313
1682323
1682487
1682596
1682627
1682667
1682718
1682747
1682806
1682829
1682938
1683045
1683114
1683259
1683363
1683388
1683759
1683800
1683885
1683917
1683918
1683942
1683946
1684015
1684106
1684240
1684377
1684649
1684832
1684968
1684981
1685079
1685129
1685138
1685174
1685411
1685460
1685554
1685593
1685621
1685675
1685852
1686167
1686178
1686201
1686280
1686320
1686669
1686744
1686862
1686868
1687040
1687167
1687206
1687287
1687432
1687599
1687819
1687868
1687882
1687917
1687953
1688036
1688054
1688315
1688357
1688407
1688449
1688586
1688644
1688693
1688843
1688885
1689026
1689128
1689161
1689359
1689696
1689804
1689884
1689936
1690077
1690144
1690303
1690338
1690341
1690358
1690437
1690593
1690611
1690659
1690685
1690790
1690862
1691034
1691223
1691257
1691608
1691618
1691631
1691865
1691903
1692042
1692046
1692269
1692542
1692544
1692593
1692698
1692852
1692960
1693099
1693128
1693190
1693282
1693391
1693431
1693509
1693519
1693522
1693527
1693554
1693669
1694127
1694161
1694200
1694688
1694870
1695021
1695056
1695127
1695159
1695287
1695308
1695339
1695561
1695751
1695759
1695915
1696054
1696056
1696138
1696236
1696323
1696380
1696425
1696693
1696741
1696804
1696843
1696852
1696962
1697309
1697352
1697504
1697717
1697856
1697951
1698059
1698151
1698206
1698346
1698353
1698465
1698542
1698569
1698587
1699005
1699022
1699103
1699151
1699440
1699718
1699770
1699777
1699814
1700325
1700389
1700448
1700463
1700505
1700607
1700740
1700820
1701006
1701036
1701066
1701215
1701300
1701415
1701618
1701702
1701911
1701961
1702125
1702130
1702265
1702293
1702419
1702593
1702740
1702771
1702843
1702863
1703307
1703405
1703481
1703572
1703644
1703661
1703753
1704051
1704096
1704266
1704286
1704322
1704400
1704479
1704548
1704592
1704627
1704668
1704695
1704908
1704982
1705179
1705326
1705549
1705563
1705759
1705807
1705892
1705947
1706004
1706107
1706115
1706185
1706190
1706466
1706672
1706751
1706818
1707148
1707286
1707330
1707411
1707460
1707517
1707733
1707761
1707772
1708354
1708399
1708436
1708542
1708783
1708851
1708969
1709000
1709045
1709090
1709287
1709296
1709517
1709857
1709860
1709913
1709919
1709949
1710007
1710272
1710292
1710324
1710432
1710504
1710527
1711061
1711153
1711236
1711345
1711407
1711449
1711679
1711738
1711789
1711828
1711859
1712124
1712186
1712333
1712511
1712521
1712543
1712692
1712827
1713011
1713050
1713136
1713270
1713282
1713405
1713466
1713502
1713519
1713776
1713848
1713951
1714130
1714155
1714295
1714416
1714438
1714567
1714672
1714751
1714872
1715024
1715391
1715393
1715399
1715418
1715516
1715554
1715866
1715929
1716008
1716072
1716191
1716215
1716237
1716319
1716325
1716396
1716403
1716565
1716699
1716706
1716717
1716839
1716871
1716891
1716996
1717069
1717198
1717229
1717234
1717647
1717652
1717686
1717851
1717882
1717932
1718095
1718167
1718220
1718275
1718330
1718336
1718410
1718430
1718432
1718453
1718510
1718559
1718576
1718613
1718718
1718799
1718833
1718861
1718864
1718953
1719017
1719076
1719145
1719159
1719304
1719463
1719499
1719564
1719573
1719856
1719857
1719892
1719965
1719997
1720142
1720159
1720314
1720427
1720752
1720801
1720871
1720918
1720931
1721122
1721165
1721820
1721911
1722235
1722389
1722405
1722499
1722500
1722584
1722612
1722634
1722709
1723067
1723307
1723448
1723463
1723802
1723899
1723900
1723911
1724226
1724299
1724315
1724349
1724383
1724389
1724448
1724806
1724823
1724848
1725071
1725195
1725242
1725373
1725590
1725633
1725970
1726116
1726127
1726154
1726164
1726261
1726319
1726326
1726447
1726503
1726539
1726631
1726742
1726790
1726903
1726987
1727087
1727270
1727477
1727487
1727496
1727601
1727678
1727778
1727816
1727936
1727988
1727995
1728018
1728072
1728096
1728171
1728265
1728280
1728325
1728717
1728782
1728868
1728913
1729147
1729159
1729161
1729205
1729310
1729784
1729828
1730001
1730140
1730163
1730251
1730455
1730493
1730607
1730638
1730754
1731131
1731136
1731194
1731211
1731254
1731315
1731374
1731460
1731503
1731655
1731732
1731917
1731986
1732025
1732113
1732147
1732157
1732171
1732241
1732576
1732583
1732598
1732791
1732978
1733183
1733242
1733278
1733318
1733476
1733562
1733629
1733650
1733662
1733736
1733812
1733851
1733927
1733950
1734068
1734103
1734108
1734190
1734327
1734373
1734449
1734593
1734637
1734639
1734930
1735013
1735170
1735367
1735464
1735611
1735670
1735695
1735700
1735863
1736034
1736186
1736437
1736584
1736678
1736721
1736851
1736862
1737265
1737283
1737400
1737472
1737490
1737502
1737586
1737613
1737650
1737730
1737779
1737788
1737830
1737907
1738049
1738454
1738473
1738539
1738803
1738957
1739026
1739100
1739279
1739361
1739372
1739527
1739811
1739831
1739920
1739999
1740120
1740346
1740507
1740522
1740577
1740605
1740771
1740779
1740809
1740901
1740933
1740981
1741113
1741141
1741157
1741272
1741397
1741442
1741708
1741750
1741764
1741766
1741944
1741986
1742022
1742155
1742192
1742208
1742244
1742420
1742433
1742492
1742522
1742673
1742704
1742912
1743004
1743033
1743247
1743347
1743365
1743366
1743448
1743495
1743653
1743672
1743802
1743860
1743974
1743999
1744065
1744372
1744506
1744552
1744567
1744576
1744730
1744761
1744812
1744838
1744847
1744959
1744982
1745170
1745841
1745909
1746023
1746241
1746291
1746336
1746446
1746644
1746656
1746792
1747052
1747072
1747135
1747213
1747257
1747323
1747431
1747522
1747647
1747811
1747848
1747887
1747908
1747936
1747984
1747995
1747998
1748102
1748182
1748299
1748307
1748344
1748364
1748424
1748429
1748474
1748586
1748769
1748775
1749095
1749459
1749765
1749805
1749874
1749894
1750133
1750153
1750407
1750431
1750579
1750700
1750952
1751042
1751137
1751181
1751215
1751245
1751390
1751458
1751466
1751564
1751608
1751637
1751650
1751832
1751894
1751901
1751917
1751993
1752051
1752322
1752363
1752469
1752520
1752624
1752646
1752702
1752785
1752800
1752854
1753009
1753016
1753080
1753142
1753273
1753320
1753444
1753498
1753588
1753637
1753686
1753789
1753908
1754137
1754185
1754205
1754281
1754495
1754511
1754542
1754553
1754795
1754876
1754971
1754991
1755025
1755148
1755194
1755356
1755435
1755449
1755484
1755514
1755519
1755529
1755677
1755761
1755877
1755967
1756014
1756071
1756072
1756136
1756145
1756268
1756330
1756333
1756465
1756580
1756708
1756857
1756909
1756916
1757124
1757178
1757293
1757309
1757453
1757521
1757679
1757917
1758025
1758202
1758361
1758387
1758437
1758479
1758503
1758637
1758795
1758908
1758951
1758992
1759007
1759074
1759153
1759384
1759610
1759765
1759970
1759976
1760015
1760097
1760181
1760538
1760632
1760752
1761139
1761255
1761264
1761414
1761491
1761492
1761705
1761877
1761943
1761966
1761980
1762117
1762319
1762551
1762760
1762812
1762826
1762851
1762960
1763032
1763137
1763274
1763321
1763381
1763455
1763501
1763723
1763743
1763750
1763785
1763819
1763823
1763948
1764190
1764232
1764264
1764287
1764381
1764485
1764517
1764521
1764633
1764666
1764889
1764898
1765090
1765188
1765232
1765318
1765403
1765444
1765542
1765552
1765600
1765627
1765650
1765771
1765830
1766001
1766006
1766142
1766153
1766353
1766638
1766873
1766916
1767251
1767255
1767406
1767464
1767570
1767723
1767875
1767986
1768010
1768031
1768128
1768457
1768539
1768582
1768834
1768859
1769014
1769093
1769127
1769327
1769354
1769492
1769544
1769693
1769728
1769973
1770029
1770594
1770664
1770756
1770777
1770965
1771076
1771241
1771571
1771574
1771835
1771928
1771940
1772030
1772108
1772135
1772197
1772206
1772496
1772538
1772541
1772556
1772660
1772761
1772878
1772919
1772924
1772954
1773021
1773133
1773270
1773586
1773591
1773640
1773747
1773798
1773841
1774085
1774165
1774336
1774439
1774450
1774649
1774714
1774745
1774960
1774968
1775046
1775136
1775139
1775210
1775244
1775339
1775765
1775865
1775944
1776167
1776347
1776357
1776411
1776479
1776644
1776851
1776905
1776919
1776933
1777224
1777366
1777536
1777577
1777610
1777891
1777896
1778010
1778044
1778198
1778282
1778318
1778577
1778606
1779032
1779033
1779034
1779090
1779122
1779242
1779291
1779333
1779335
1779548
1779873
1779919
1780049
1780122
1780212
1780266
1780269
1780626
1780632
1780669
1780882
1780894
1780922
1780975
1781076
1781194
1781271
1781453
1781469
1781471
1781493
1781542
1781588
1781596
1781683
1781702
1781752
1781826
1781910
1781973
1782167
1782209
1782330
1782403
1782437
1782495
1782506
1782565
1782636
1782741
1782899
1782932
1782935
1783063
1783085
1783105
1783319
1783489
1783582
1783764
1783910
1784225
1784310
1784442
1784529
1784534
1784654
1784675
1784677
1784701
1784731
1784754
1784873
1785040
1785243
1785324
1785605
1785654
1785659
1785697
1785815
1786040
1786255
1786365
1786378
1786440
1786536
1786560
1786726
1786760
1786833
1786868
1786938
1786943
1787071
1787367
1787405
1787459
1787650
1787656
1787710
1787728
1787814
1787964
1788125
1788134
1788251
1788273
1788344
1788727
1788728
1788764
1788990
1789165
1789240
1789257
1789345
1789358
1789468
1789539
1789552
1789578
1789638
1789689
1789749
1789770
1789803
1790098
1790115
1790558
1790974
1791217
1791336
1791401
1791532
1791538
1791823
1791920
1792018
1792063
1792145
1792203
1792353
1792459
1792527
1792615
1792671
1792890
1792929
1793048
1793074
1793290
1793299
1793304
1793329
1793337
1793390
1793545
1793687
1793839
1794142
1794203
1794257
1794434
1794468
1794506
1794605
1794625
1794644
1794654
1794709
1794863
1794877
1794930
1794956
1794958
1794961
1794975
1795269
1795297
1795332
1795340
1795447
1796200
1796208
1796420
1796502
1796778
1796848
1797083
1797112
1797142
1797264
1797419
1797461
1797524
1797666
1797715
1797839
1797921
1798037
1798065
1798200
1798212
1798449
1798706
1798723
1798740
1798752
1798799
1798942
1798948
1798958
1798985
1798994
1799185
1799251
1799264
1799649
1799810
1799890
1799959
1799985
1800142
1800185
1800316
1800363
1800410
1800488
1800536
1800561
1800609
1800779
1800788
1800793
1800858
1800991
1801120
1801214
1801219
1801328
1801367
1801377
1801402
1801445
1801468
1801496
1801517
1801518
1801583
1801617
1801629
1801718
1801730
1801757
1801760
1801867
1801899
1801929
1802126
1802137
1802175
1802290
1802576
1802662
1802784
1802785
1802964
1803080
1803210
1803241
1803472
1803568
1803576
1803710
1803716
1803784
1803788
1804056
1804167
1804369
1804399
1804450
1804454
1804611
1804692
1804693
1804838
1804970
1805149
1805249
1805279
1805311
1805388
1805390
1805765
1805949
1805955
1806036
1806243
1806359
1806424
1806434
1806447
1806538
1806541
1806688
1807178
1807242
1807355
1807374
1807438
1807567
1807773
1807797
1807798
1807938
1807967
1808001
1808433
1808571
1808695
1808812
1808825
1808992
1809327
1809496
1809498
1809584
1809587
1809620
1809681
1809732
1809794
1809852
1809857
1809955
1809966
1810095
1810254
1810276
1810341
1810441
1810605
1810645
1810713
1810807
1810928
1810960
1811344
1811362
1811451
1811612
1811630
1811659
1811660
1811814
1811912
1811931
1811989
1812198
1812244
1812448
1812586
1812591
1812623
1812786
1812791
1812976
1813373
1813392
1813543
1813843
1814008
1814068
1814071
1814093
1814212
1814222
1814234
1814257
1814263
1814276
1814290
1814300
1814384
1814690
1814691
1815233
1815238
1815358
1815436
1815474
1815478
1815528
1815577
1815579
1815873
1815880
1816067
1816220
1816237
1816259
1816279
1816346
1816632
1816960
1817051
1817090
1817134
1817154
1817197
1817225
1817246
1817288
1817322
1817335
1817472
1817570
1817665
1817756
1817759
1817800
1818118
1818173
1818315
1818331
1818382
1818458
1818623
1818626
1818783
1818820
1818939
1818991
1819142
1819193
1819223
1819333
1819340
1819549
1819564
1819677
1819752
1819886
1820039
1820156
1820162
1820266
1820281
1820291
1820377
1820546
1820582
1820642
1820700
1820885
1820927
1820935
1820953
1820999
1821233
1821312
1821335
1821338
1821343
1821546
1821572
1821665
1821734
1821836
1821842
1821948
1822147
1822306
1822556
1822818
1822917
1822957
1823249
1823285
1823335
1823431
1823475
1823586
1823745
1823857
1823863
1823982
1823984
1824071
1824214
1824476
1824602
1824788
1824828
1824872
1824914
1824924
1824953
1824977
1824981
1825050
1825141
1825362
1825459
1825474
1825607
1825701
1825766
1825836
1825953
1825966
1826053
1826102
1826144
1826279
1826306
1826324
1826378
1826397
1826409
1826565
1826636
1826680
1826726
1826766
1826896
1826989
1827087
1827119
1827137
1827146
1827225
1827270
1827554
1827583
1827616
1827768
1827881
1827895
1827915
1827966
1827985
1828236
1828329
1828378
1828413
1828557
1828602
1828644
1828691
1828760
1829060
1829061
1829157
1829241
1829265
1829441
1829532
1829607
1829874
1829877
1829949
1829999
1830053
1830099
1830167
1830173
1830237
1830354
1830553
1830566
1830681
1830682
1830685
1830877
1831022
1831075
1831397
1831577
1831609
1831635
1831640
1831875
1831893
1831895
1831927
1832204
1832208
1832219
1832331
1832599
1832707
1832798
1832818
1833309
1833397
1833426
1833528
1833529
1833538
1833651
1833723
1833808
1833812
1833899
1834182
1834304
1834467
1834758
1834900
1835219
1835295
1835331
1835338
1835387
1835458
1835511
1835605
1835695
1835800
1835891
1836039
1836199
1836308
1836390
1836529
1836593
1836639
1836692
1836738
1837061
1837160
1837214
1837282
1837344
1837377
1837385
1837415
1837525
1837584
1837624
1837707
1837736
1837852
1837909
1837962
1837974
1838238
1838240
1838261
1838360
1838464
1838478
1838496
1838573
1838664
1838863
1838864
1838996
1839179
1839300
1839580
1839656
1839790
1839823
1839884
1839949
1840001
1840016
1840022
1840130
1840151
1840163
1840334
1840497
1840598
1840611
1840818
1840906
1841149
1841185
1841207
1841211
1841263
1841299
1841494
1841604
1841767
1841853
1841857
1841894
1842059
1842246
1842385
1842444
1842985
1843137
1843301
1843504
1843671
1843784
1843825
1843879
1843973
1844016
1844194
1844315
1844318
1844435
1844488
1844513
1844535
1844665
1844697
1844730
1844774
1844997
1845018
1845178
1845198
1845219
1845318
1845369
1845371
1845428
1845620
1845764
1845860
1845928
1846402
1846430
1846464
1846508
1846808
1846854
1846873
1847079
1847330
1847373
1847391
1847421
1847453
1847480
1847654
1847715
1847819
1848539
1848594
1848675
1848731
1848922
1849065
1849113
1849133
1849258
1849425
1849496
1849566
1849701
1849785
1849943
1850125
1850126
1850143
1850269
1850515
1850587
1850676
1850807
1850819
1850830
1850979
1850992
1851009
1851026
1851076
1851465
1851476
1851569
1851573
1851655
1851786
1851877
1851969
1852032
1852266
1852376
1852458
1852628
1853093
1853200
1853227
1853294
1853994
1854104
1854203
1854285
1854361
1854393
1854557
1854716
1854726
1854735
1854780
1854817
1854941
1855071
1855193
1855326
1855396
1855439
1855535
1855615
1855711
1855940
1856119
1856240
1856438
1856519
1856749
1856819
1856944
1856963
1856975
1857041
1857121
1857154
1857428
1857445
1857613
1857754
1858037
1858133
1858434
1858477
1858484
1858488
1858536
1858624
1858692
1858719
1858782
1858800
1858927
1858954
1858957
1859031
1859093
1859111
1859244
1859416
1859433
1859694
1859791
1860044
1860049
1860050
1860068
1860073
1860155
1860168
1860730
1860796
1860875
1860994
1861028
1861112
1861259
1861513
1861543
1861592
1861635
1861928
1861959
1861983
1862074
1862156
1862164
1862181
1862335
1862504
1862646
1862783
1862962
1863042
1863052
1863239
1863428
1863466
1863479
1863498
1863552
1863567
1863953
1863996
1864265
1864301
1864411
1864418
1864482
1864553
1864670
1864705
1864771
1864964
1865061
1865203
1865243
1865266
1865413
1865749
1865803
1865819
1866071
1866088
1866103
1866224
1866599
1866707
1866763
1866789
1866879
1866931
1866943
1866973
1867045
1867078
1867119
1867295
1867387
1867430
1867444
1867512
1867686
1868061
1868182
1868342
1868366
1868457
1868491
1869132
1869136
1869400
1869861
1869887
1870111
1870284
1870372
1870377
1870413
1870447
1870448
1870576
1870656
1870726
1870779
1870859
1871018
1871067
1871069
1871132
1871231
1871372
1871569
1871678
1871724
1871744
1871746
1871749
1871798
1872003
1872066
1872366
1872558
1872606
1872644
1872855
1873037
1873539
1873597
1873606
1873634
1873761
1873870
1874022
1874289
1874554
1874662
1874705
1874790
1874806
1874900
1874920
1875207
1875254
1875272
1875353
1875491
1875524
1875717
1875723
1875775
1875792
1875796
1875955
1876113
1876136
1876173
1876202
1876275
1876527
1876698
1876756
1876946
1877033
1877034
1877234
1877273
1877377
1877530
1877555
1877707
1878052
1878201
1878413
1878606
1878746
1878812
1878878
1878921
1879227
1879338
1879344
1879375
1879428
1879588
1879633
1879689
1879745
1879808
1880109
1880226
1880249
1880309
1880485
1880492
1880593
1880759
1880851
1880889
1880942
1881037
1881422
1881743
1881841
1882012
1882066
1882095
1882114
1882360
1882498
1882506
1882550
1882629
1882636
1882803
1882878
1883000
1883175
1883201
1883229
1883260
1883353
1883494
1883607
1883618
1883668
1883751
1883800
1883921
1883930
1883971
1884087
1884126
1884357
1884361
1884413
1884703
1884718
1884721
1884815
1884859
1884873
1885100
1885196
1885301
1885443
1885561
1885563
1885919
1886000
1886010
1886021
1886022
1886189
1886275
1886421
1886458
1886590
1886596
1886732
1886792
1886915
1886948
1887008
1887114
1887164
1887263
1887480
1887596
1887600
1887629
1887840
1887920
1887937
1887995
1888010
1888200
1888212
1888336
1888493
1888680
1888699
1888704
1888792
1888819
1888858
1889052
1889307
1889368
1889431
1889449
1889451
1889453
1889562
1889758
1889821
1889907
1889909
1889934
1889980
1890048
1890159
1890169
1890177
1890178
1890311
1890314
1890752
1890783
1890846
1890957
1890988
1891089
1891144
1891206
1891289
1891292
1891531
1891798
1891888
1891932
1892157
1892175
1892235
1892251
1892336
1892623
1892625
1892714
1892884
1892933
1893073
1893134
1893484
1893559
1893589
1893922
1894185
1894232
1894264
1894285
1894313
1894458
1894554
1894602
1894751
1894817
1895086
1895264
1895367
1895403
1895406
1895461
1895475
1895562
1895623
1895701
1895808
1895971
1895999
1896007
1896263
1896267
1896372
1896404
1896519
1896539
1896641
1896690
1896781
1896829
1896883
1896940
1897150
1897180
1897527
1897698
1897846
1897876
1897905
1897909
1898003
1898294
1898305
1898516
1898739
1898754
1898778
1898997
1899085
1899121
1899269
1899334
1899419
1899444
1899513
1899713
1899721
1899748
1899868
1899962
1899963
1900162
1900356
1900478
1900562
1900855
1900877
1900926
1901029
1901108
1901310
1901442
1901447
1901627
1901686
1901717
1901824
1901885
1901943
1901958
1901970
1902043
1902178
1902222
1902279
1902440
1902462
1902560
1902972
1903003
1903020
1903136
1903214
1903333
1903343
1903360
1903401
1903464
1903516
1903529
1903603
1904015
1904474
1904477
1904666
1904893
1904960
1905077
1905108
1905168
1905229
1905416
1905757
1905829
1905885
1906164
1906276
1906646
1906761
1906772
1906880
1907053
1907099
1907102
1907184
1907187
1907224
1907393
1907576
1907865
1907875
1907945
1908036
1908067
1908072
1908237
1908250
1908339
1908461
1908466
1908549
1908603
1908605
1908642
1908919
1909018
1909052
1909157
1909451
1909787
1909789
1909896
1909931
1909966
1910119
1910364
1910397
1910530
1910537
1910744
1910766
1911181
1911182
1911575
1911673
1911678
1911680
1911681
1911798
1912040
1912141
1912217
1912219
1912317
1912337
1912359
1912384
1912636
1912748
1913035
1913041
1913246
1913247
1913287
1913317
1913526
1913728
1914091
1914105
1914208
1914303
1914411
1914569
1914572
1914606
1914686
1915022
1915219
1915247
1915319
1915352
1915470
1915473
1915585
1915745
1915747
1916093
1916100
1916334
1916392
1916468
1916540
1916734
1916885
1916915
1917090
1917092
1917232
1917422
1917454
1917477
1917515
1917613
1917708
1917821
1917831
1917849
1917879
1917902
1918005
1918024
1918111
1918325
1918421
1918440
1918539
1918542
1918583
1918612
1918686
1918811
1918839
1918867
1918963
1918978
1919116
1919204
1919386
1919542
1919648
1920089
1920149
1920232
1920279
1920295
1920368
1920433
1920523
1920598
1920673
1920819
1920847
1920864
1920900
1920995
1921058
1921059
1921098
1921153
1921186
1921225
1921618
1921721
1921761
1921764
1921785
1921871
1921999
1922033
1922082
1922205
1922255
1922331
1922355
1922433
1922500
1922536
1922601
1922669
1922728
1922760
1922877
1922920
1923149
1923287
1923380
1923639
1923641
1923734
1923788
1923830
1923831
1923855
1923933
1924107
1924196
1924394
1924526
1924547
1924823
1925136
1925271
1925327
1925547
1925561
1925621
1926000
1926005
1926012
1926144
1926206
1926451
1926583
1926586
1926630
1926782
1926824
1926865
1926929
1926936
1927002
1927012
1927044
1927125
1927146
1927240
1927357
1927641
1927665
1927696
1927896
1928015
1928075
1928086
1928256
1928395
1928417
1928455
1928594
1928798
1928912
1928920
1928950
1929387
1929419
1929474
1929582
1929697
1929715
1929716
1929829
1929875
1929882
1929955
1930043
1930055
1930066
1930337
1930346
1930462
1930529
1930643
1930788
1930975
1931043
1931244
1931294
1931333
1931606
1931871
1931894
1931935
1932154
1932357
1932411
1932469
1932641
1932659
1932671
1932675
1932716
1932736
1932806
1932810
1933051
1933268
1933284
1933301
1933334
1933395
1933563
1933565
1933583
1933663
1933675
1933686
1934070
1934180
1934448
1934462
1934550
1934607
1934649
1934692
1934785
1934799
1934865
1934927
1934945
1935117
1935131
1935142
1935156
1935302
1935346
1935554
1935756
1935769
1935789
1935808
1935907
1935941
1936036
1936043
1936176
1936319
1936631
1936700
1936730
1937246
1937265
1937327
1937329
1937410
1937479
1937524
1937573
1937584
1937691
1937730
1937817
1938071
1938146
1938241
1938459
1938552
1938618
1938695
1938708
1938764
1938950
1938995
1939008
1939302
1939348
1939422
1939493
1939494
1939587
1939625
1939815
1939859
1939954
1939963
1940225
1940229
1940320
1940332
1940467
1940608
1940722
1940819
1940946
1941296
1941384
1941591
1941598
1941674
1941697
1941823
1941861
1941897
1941913
1941964
1942048
1942054
1942110
1942207
1942278
1942356
1942577
1942700
1942701
1942708
1942793
1942828
1942853
1942884
1942897
1943032
1943048
1943092
1943185
1943319
1944036
1944214
1944283
1944327
1944372
1944419
1944458
1944625
1944698
1944767
1944805
1944828
1944907
1944959
1945319
1945737
1945764
1945789
1945911
1945994
1946012
1946021
1946064
1946169
1946231
1946264
1946393
1946618
1946970
1947063
1947086
1947359
1947371
1947381
1947499
1947537
1947606
1947700
1947748
1948001
1948105
1948380
1948461
1948481
1948534
1948575
1948625
1948726
1948756
1948975
1949032
1949049
1949325
1949348
1949349
1949605
1949659
1949784
1949814
1950002
1950184
1950431
1950477
1950549
1950588
1950819
1950866
1951050
1951121
1951123
1951179
1951619
1951638
1951708
1951713
1951805
1951871
1951917
1952247
1952347
1952349
1952637
1952956
1953045
1953118
1953123
1953247
1953315
1953362
1953421
1953466
1953526
1953585
1953684
1953712
1953792
1953942
1954035
1954143
1954370
1954729
1954846
1955092
1955174
1955397
1955476
1955521
1955776
1955778
1956266
1956407
1956453
1956474
1956588
1956736
1956911
1957100
1957200
1957312
1957415
1957502
1957593
1957782
1957852
1957864
1957897
1958182
1958233
1958298
1958327
1958368
1958384
1958519
1958554
1958740
1959010
1959047
1959101
1959410
1959413
1959474
1959650
1959749
1959755
1959772
1959825
1959903
1960082
1960130
1960168
1960204
1960372
1960410
1960596
1960634
1960672
1960674
1960814
1960816
1961059
1961128
1961511
1961670
1961820
1961891
1962008
1962028
1962077
1962093
1962263
1962289
1962301
1962306
1962360
1962571
1962734
1962824
1962887
1963172
1963348
1963360
1963367
1963391
1963415
1963425
1963676
1963690
1963829
1963850
1963920
1963926
1963973
1963994
1964077
1964183
1964338
1964578
1964665
1964750
1964801
1965037
1965314
1965390
1965595
1965738
1965754
1966014
1966178
1966188
1966339
1966451
1966478
1966557
1966573
1966702
1966751
1966874
1966923
1966965
1967024
1967048
1967142
1967432
1967452
1967574
1967638
1967654
1967672
1967687
1967850
1967889
1967966
1967986
1967989
1968025
1968466
1968492
1968519
1968557
1968563
1968594
1968648
1968801
1968857
1968985
1969001
1969158
1969290
1969352
1969435
1969467
1969479
1969505
1969527
1969680
1969710
1969772
1969802
1969806
1969834
1969920
1970146
1970291
1970557
1970586
1970735
1970797
1970821
1971003
1971024
1971144
1971146
1971324
1971573
1971686
1971762
1971868
1971894
1972033
1972105
1972124
1972230
1972454
1972488
1972676
1972796
1973106
1973161
1973202
1973214
1973309
1973346
1973512
1973544
1973711
1973762
1973769
1973861
1974301
1974717
1974750
1974773
1974816
1974974
1975198
1975225
1975284
1975677
1976077
1976271
1976459
1976465
1976588
1976751
1976808
1976815
1976861
1976869
1976957
1976988
1977056
1977150
1977303
1977470
1977635
1977809
1977880
1977891
1977909
1977964
1978109
1978240
1978288
1978328
1978479
1978963
1979151
1979215
1979258
1979266
1979367
1979394
1979452
1979485
1979576
1979686
1979738
1979794
1979811
1979867
1979894
1980002
1980120
1980155
1980249
1980285
1980318
1980478
1980551
1980572
1980594
1980738
1980979
1980999
1981038
1981188
1981196
1981239
1981586
1981724
1981728
1981839
1981909
1981986
1981991
1982017
1982047
1982055
1982507
1982608
1982835
1982848
1982910
1982932
1983077
1983581
1983624
1983681
1983793
1983835
1984146
1984159
1984416
1984512
1984548
1984563
1984568
1984654
1984938
1985087
1985113
1985171
1985267
1985350
1985436
1985478
1985826
1985838
1985859
1985956
1986187
1986287
1986318
1986329
1986421
1986572
1986641
1986757
1986779
1986789
1986875
1987096
1987142
1987199
1987208
1987303
1987351
1987461
1987539
1987644
1987716
1987737
1987792
1987943
1987957
1988028
1988048
1988054
1988476
1988637
1988671
1988880
1989027
1989057
1989183
1989218
1989319
1989356
1989774
1989834
1989893
1989946
1990043
1990126
1990167
1990229
1990304
1990575
1990916
1990956
1990976
1991151
1991726
1991844
1992136
1992317
1992449
1992506
1992598
1992700
1992984
1993093
1993118
1993173
1993233
1993248
1993264
1993341
1993361
1993401
1993411
1993419
1993645
1993654
1993666
1993793
1994003
1994008
1994024
1994056
1994246
1994502
1994581
1994674
1994861
1994936
1994962
1995464
1995625
1995862
1995961
1996067
1996421
1996537
1996558
1996632
1996642
1996727
1996770
1996799
1997044
1997231
1997326
1997344
1997435
1997618
1997635
1997650
1997803
1997834
1998089
1998324
1998548
1998665
1998684
1998803
1999027
1999032
1999150
1999170
1999201
1999339
1999396
1999525
1999550
1999641
1999742
1999755
1999828
1999882
2000018
2000200
2000222
2000263
2000318
2000319
2000430
2000512
2000823
2001031
2001034
2001052
2001066
2001119
2001271
2001370
2001627
2001701
2001723
2001849
2001871
2001878
2001989
2001992
2001999
2002016
2002237
2002345
2002448
2002732
2002834
2002926
2002979
2003037
2003066
2003204
2003536
2003570
2003599
2003609
2003756
2003837
2004249
2004488
2004783
2004802
2004972
2005056
2005142
2005472
2005580
2005675
2005734
2005915
2005963
2005988
2006038
2006083
2006128
2006170
2006275
2006400
2006497
2006548
2006775
2006968
2007011
2007329
2007485
2007598
2007685
2007709
2007790
2007796
2007865
2008096
2008234
2008243
2008359
2008410
2008575
2008577
2008662
2008665
2008805
2008816
2008837
2008851
2008854
2009011
2009210
2009446
2009660
2009705
2009871
2009930
2009936
2010082
2010138
2010166
2010192
2010272
2010300
2010357
2010426
2010479
2010621
2010888
2010920
2011073
2011092
2011181
2011191
2011305
2011422
2011541
2011654
2011729
2011975
2012022
2012176
2012224
2012237
2012816
2012865
2012878
2012919
2012955
2013189
2013225
2013262
2013282
2013294
2013405
2013410
2013476
2013501
2013647
2013660
2013674
2013829
2013948
2014176
2014424
2014556
2014592
2014604
2014638
2014718
2014734
2014736
2014746
2014905
2014968
2015066
2015155
2015355
2015361
2015880
2016108
2016163
2016256
2016353
2016361
2016408
2016721
2016733
2016831
2016882
2017210
2017215
2017293
2017388
2017489
2017496
2017582
2017632
2017799
2017897
2017990
2018104
2018232
2018327
2018346
2018504
2018526
2018530
2018536
2018540
2018606
2018791
2018814
2018826
2018923
2018966
2019018
2019092
2019217
2019630
2019730
2019754
2019855
2019941
2019964
2020009
2020040
2020049
2020169
2020177
2020212
2020236
2020271
2020305
2020333
2020355
2020402
2020419
2020518
2020554
2020701
2020802
2021042
2021088
2021128
2021226
2021239
2021304
2021381
2021387
2021484
2021696
2021929
2022147
2022209
2022211
2022231
2022341
2022501
2022560
2022586
2022780
2022800
2022984
2023076
2023442
2023490
2023651
2023802
2023824
2023883
2023931
2024345
2024661
2024764
2024829
2024985
2025091
2025154
2025183
2025222
2025257
2025354
2025418
2025515
2025613
2025661
2025667
2025919
2026034
2026064
2026341
2026503
2026508
2026518
2026585
2026618
2026624
2026685
2026757
2026839
2026889
2027331
2027389
2027500
2027501
2027507
2027544
2027563
2027671
2027727
2027919
2027999
2028041
2028061
2028064
2028110
2028252
2028461
2028476
2028540
2028597
2028665
2028712
2028985
2029018
2029027
2029054
2029194
2029260
2029275
2029312
2029330
2029359
2029402
2029415
2029429
2029441
2029911
2029947
2030097
2030175
2030235
2030326
2030527
2030554
2031102
2031165
2031416
2031472
2031631
2031657
2031774
2031834
2031933
2031953
2031963
2032109
2032126
2032301
2032674
2032941
2032996
2033088
2033193
2033335
2033340
2033455
2033581
2033591
2033626
2033644
2033713
2033909
2033915
2033971
2034006
2034025
2034053
2034073
2034075
2034324
2034505
2034517
2034547
2034618
2034630
2034886
2035062
2035231
2035288
2035362
2035895
2036109
2036254
2036347
2036358
2036392
2036535
2036573
2036607
2036711
2036725
2036822
2037079
2037085
2037188
2037351
2037491
2037673
2037812
2037813
2037816
2037983
2038138
2038298
2038431
2038553
2038604
2038625
2038858
2038973
2039023
2039055
2039203
2039271
2039285
2039343
2039526
2039732
2039740
2039944
2039967
2040031
2040156
2040321
2040468
2040506
2040535
2040629
2040964
2041042
2041098
2041285
2041340
2041349
2041427
2041545
2041610
2042127
2042177
2042195
2042300
2042505
2042573
2042627
2042704
2043023
2043122
2043134
2043254
2043291
2043351
2043419
2043509
2043951
2043993
2044011
2044025
2044191
2044205
2044371
2044458
2044747
2044785
2044815
2045086
2045243
2045262
2045284
2045386
2045389
2045453
2045773
2045838
2045877
2045895
2046098
2046152
2046273
2046279
2046761
2046840
2046988
2046998
2047109
2047115
2047171
2047366
2047395
2047612
2047665
2047682
2047831
2047913
2047923
2047945
2047972
2048084
2048123
2048236
2048417
2048592
2048671
2048787
2048791
2048809
2048988
2048994
2048997
2049121
2049153
2049156
2049256
2049271
2049428
2049602
2049658
2049671
2049691
2049744
2049855
2050235
2050704
2050789
2050886
2050942
2051152
2051184
2051347
2051513
2051576
2051611
2051646
2051786
2051799
2051905
2051909
2051961
2051967
2052215
2052338
2052432
2052540
2052592
2052727
2053031
2053205
2053325
2053393
2053419
2053568
2053613
2053782
2053789
2053869
2054361
2054474
2054491
2054509
2054560
2054664
2054738
2054922
2055139
2055150
2055180
2055236
2055272
2055349
2055569
2055614
2055675
2055709
2055757
2055813
2055982
2056207
2056334
2056361
2056454
2056965
2057010
2057110
2057112
2057137
2057149
2057155
2057166
2057176
2057404
2057412
2057706
2057836
2057891
2057954
2058193
2058263
2058332
2058567
2058726
2058758
2058805
2058967
2059373
2059418
2059557
2059585
2059628
2059947
2059959
2060065
2060354
2060521
2060858
2060910
2060928
2061036
2061169
2061214
2061524
2061628
2061881
2061950
2062032
2062052
2062162
2062290
2062332
2062425
2062553
2062597
2062932
2063120
2063270
2063378
2063565
2063581
2063770
2063829
2063979
2063993
2064266
2064268
2064300
2064509
2064562
2064668
2064718
2064875
2064892
2065024
2065098
2065165
2065201
2065280
2065465
2065481
2065591
2065660
2065809
2065832
2065948
2065968
2066038
2066107
2066133
2066139
2066220
2066286
2066302
2066309
2066341
2066389
2066409
2066475
2066487
2066827
2066829
2066891
2066906
2067088
2067090
2067251
2067356
2067363
2067562
2067576
2067708
2067928
2067935
2068217
2068315
2068403
2068474
2068579
2068630
2068734
2068837
2069263
2069272
2069359
2069557
2069570
2069844
2069875
2070007
2070077
2070132
2070368
2070382
2070619
2070757
2070835
2070936
2070940
2071259
2071316
2071325
2071329
2071422
2071458
2071549
2071609
2071647
2071659
2071883
2072341
2072358
2072377
2072453
2072681
2072796
2072798
2072805
2072861
2072949
2073127
2073163
2073237
2073291
2073396
2073738
2073752
2074229
2074298
2074311
2074373
2074828
2074950
2075069
2075186
2075273
2075316
2075456
2075557
2075564
2075720
2075880
2075886
2075932
2075985
2076016
2076037
2076045
2076346
2076987
2077012
2077045
2077064
2077067
2077208
2077235
2077245
2077298
2077536
2077605
2078018
2078260
2078493
2078529
2078578
2078604
2079241
2079296
2079326
2079481
2079669
2079696
2079761
2079807
2080307
2080462
2080491
2080553
2080621
2080659
2080732
2080895
2080972
2081016
2081029
2081047
2081214
2081218
2081244
2081319
2081467
2081480
2081488
2081629
2081669
2081740
2081762
2081823
2081856
2082293
2082336
2082549
2082587
2082694
2082765
2082774
2082984
2083015
2083024
2083192
2083207
2083367
2083713
2083730
2084009
2084095
2084119
2084122
2084423
2084428
2084444
2084469
2084511
2084769
2084828
2085096
2085112
2085135
2085164
2085257
2085280
2085323
2085441
2085476
2085546
2085606
2085620
2085656
2086243
2086458
2086498
2086549
2086768
2086804
2086855
2086881
2086911
2087273
2087354
2087362
2087376
2087614
2087652
2087676
2087723
2087768
2087825
2087920
2088241
2088260
2088501
2088550
2088556
2088611
2088693
2088719
2088722
2088776
2088904
2088976
2089065
2089120
2089149
2089207
2089305
2089345
2089446
2089456
2089501
2089522
2089617
2089693
2089794
2089964
2090056
2090183
2090321
2090329
2090523
2090563
2090795
2090954
2091047
2091101
2091356
2091431
2091455
2091563
2091606
2091625
2091685
2091702
2091718
2091799
2091833
2092032
2092081
2092190
2092264
2092417
2092421
2092461
2092484
2092780
2092783
2092896
2092928
2092937
2092952
2093004
2093117
2093176
2093180
2093225
2093255
2093534
2093610
2093720
2093728
2093828
2093876
2093927
2094030
2094291
2094293
2094326
2094478
2094526
2094623
2094640
2094761
2094824
2094889
2095010
2095041
2095467
2095472
2095520
2095733
2095798
2096037
2096167
2096233
2096239
2096274
2096321
2096397
2096416
2096418
2096447
2096478
2096532
2096686
2096744
2097086
2097261
2097372
2097454
2097477
2097610
2097614
2097648
2097712
2097842
2098058
2098140
2098213
2098264
2098451
2098493
2098799
2098979
2099254
2099325
2099349
2099391
2099392
2099528
2099603
2099811
2099873
2099886
2099960
2100089
2100132
2100274
2100457
2100478
2100653
2100669
2100744
2100887
2100889
2100913
2100953
2101008
2101029
2101034
2101097
2101257
2101278
2101466
2101488
2101613
2101679
2101746
2101787
2101807
2102016
2102026
2102052
2102124
2102144
2102175
2102239
2102355
2102418
2102969
2102989
2103195
2103308
2103378
2103573
2103589
2103752
2103772
2103883
2103904
2103967
2104037
2104047
2104050
2104134
2104227
2104334
2104353
2104585
2104762
2104784
2104850
2104912
2104970
2105148
2105236
2105269
2105433
2105471
2105639
2105705
2105784
2105859
2106321
2106432
2106533
2106645
2106726
2106749
2106756
2106789
2106804
2106867
2106884
2106899
2106941
2107286
2107360
2107475
2107557
2107702
2108051
2108288
2108322
2108353
2108405
2108429
2108479
2108526
2108677
2108784
2108794
2108868
2109113
2109175
2109247
2109369
2109493
2109921
2109946
2110057
2110061
2110078
2110159
2110196
2110269
2110279
2110447
2110459
2110469
2110471
2110566
2110586
2110591
2110620
2110669
2110688
2110698
2110811
2110857
2110992
2111372
2111698
2111741
2111779
2111918
2111929
2112511
2112563
2112646
2112763
2112797
2112809
2112826
2112857
2112875
2112962
2113028
2113163
2113358
2113500
2113536
2113627
2113794
2113798
2113862
2113908
2113997
2114027
2114114
2114296
2114496
2114554
2114754
2114830
2114902
2115133
2115177
2115463
2115575
2115610
2115728
2115875
2115932
2115943
2116011
2116020
2116023
2116039
2116171
2116329
2116348
2116390
2116681
2116710
2116776
2116991
2117199
2117890
2118036
2118075
2118175
2118224
2118346
2118435
2118601
2118736
2118992
2119017
2119142
2119472
2119492
2119723
2119741
2120005
2120042
2120078
2120376
2120635
2120674
2120704
2120729
2120858
2120863
2120895
2121176
2121229
2121411
2121490
2121532
2121548
2121699
2122196
2122204
2122519
2122623
2122818
2122880
2122897
2123129
2123180
2123221
2123300
2123396
2123589
2123618
2123806
2123874
2123889
2124037
2124192
2124293
2124295
2124364
2124587
2124810
2124876
2124949
2125059
2125111
2125278
2125349
2125380
2125421
2125427
2125499
2125585
2125593
2125619
2125777
2126010
2126176
2126179
2126223
2126254
2126278
2126293
2126337
2126624
2126637
2127014
2127049
2127105
2127129
2127146
2127205
2127299
2127389
2127460
2127465
2127759
2127784
2127813
2127993
2128007
2128053
2128221
2128255
2128452
2128641
2128706
2128799
2128902
2128919
2128997
2129239
2129329
2129420
2129530
2129580
2129797
2129838
2129887
2129981
2130054
2130173
2130214
2130247
2130466
2130475
2130585
2130632
2130666
2130842
2130859
2130906
2130917
2131163
2131565
2131643
2131773
2131830
2131895
2131999
2132088
2132119
2132164
2132320
2132471
2133126
2133166
2133398
2133558
2133696
2133706
2133774
2133791
2133863
2133866
2134032
2134222
2134346
2134562
2134830
2134883
2134888
2135184
2135426
2135478
2135593
2135663
2135790
2135959
2136019
2136234
2136249
2136428
2136488
2136576
2136653
2136670
2136754
2136858
2136867
2136887
2137225
2137290
2137359
2137497
2137761
2137803
2138008
2138069
2138136
2138168
2138342
2139045
2139050
2139053
2139098
2139274
2139359
2139391
2139641
2139668
2139974
2140020
2140042
2140058
2140223
2140225
2140297
2140432
2140575
2140727
2140921
2141154
2141219
2141222
2141371
2141430
2141771
2141971
2142138
2142189
2142240
2142299
2142312
2142348
2142560
2142699
2142778
2142905
2143041
2143098
2143124
2143161
2143226
2143368
2143400
2143597
2143763
2143872
2143960
2144131
2144146
2144223
2144339
2144503
2144548
2144660
2144670
2144686
2144711
2144846
2144919
2145013
2145202
2145533
2145554
2145590
2145638
2145671
2145688
2145789
2145839
2145919
2145948
2146057
2146127
2146185
2146429
2146438
2146562
2146570
2146610
2146688
2146900
2146951
2147371
2147393
2147400
2147528
2147702
2147797
2147800
2147886
2147929
2148095
2148153
2148209
2148228
2148386
2148448
2148594
2148704
2148856
2149118
2149179
2149204
2149272
2149373
2149390
2149562
2150451
2150623
2150763
2150875
2150878
2151205
2151351
2151390
2151491
2151709
2151918
2151951
2152182
2152185
2152569
2152720
2152746
2152774
2152960
2153213
2153556
2153682
2153697
2153800
2153814
2153835
2153890
2154049
2154050
2154300
2154373
2154508
2154590
2154682
2154860
2155098
2155153
2155160
2155202
2155223
2155237
2155271
2155288
2155294
2155306
2155378
2155676
2155709
2155711
2155776
2155800
2155948
2156016
2156025
2156035
2156037
2156061
2156246
2156271
2156330
2156422
2156462
2156472
2156812
2157113
2157255
2157290
2157356
2157432
2157534
2157557
2157582
2157806
2157936
2158014
2158033
2158427
2158521
2158574
2158613
2158697
2158750
2158913
2158919
2158970
2158992
2159127
2159148
2159447
2159467
2159743
2159806
2159993
2160027
2160145
2160172
2160344
2160635
2160647
2160653
2160783
2160954
2161145
2161386
2161412
2161541
2161661
2161676
2161792
2161842
2161926
2162122
2162127
2162132
2162145
2162262
2162265
2162266
2162428
2162446
2162450
2162543
2162557
2162583
2162932
2163052
2163103
2163193
2163201
2163205
2163356
2163533
2163616
2163685
2163713
2163776
2163804
2164028
2164047
2164100
2164433
2164484
2165115
2165133
2165345
2165603
2165632
2165984
2166015
2166020
2166053
2166220
2166357
2166431
2166574
2166719
2166749
2166822
2166829
2166933
2167194
2167307
2167346
2167539
2167754
2167770
2167773
2167873
2168019
2168052
2168241
2168757
2168786
2168938
2169052
2169056
2169062
2169100
2169132
2169153
2169205
2169245
2169308
2169318
2169500
2169514
2169700
2169770
2169823
2169916
2169926
2170150
2170164
2170214
2170355
2170374
2170400
2170468
2170519
2170666
2170928
2171006
2171191
2171348
2171407
2171595
2171731
2171750
2171770
2171951
2172251
2172347
2172643
2172726
2172795
2172884
2172940
2172971
2173127
2173145
2173243
2173249
2173257
2173265
2173369
2173508
2173689
2173697
2173835
2173858
2173988
2174359
2174475
2174629
2175028
2175033
2175043
2175122
2175184
2175188
2175238
2175257
2175416
2175481
2175598
2175659
2175774
2175838
2176025
2176036
2176039
2176070
2176334
2176341
2176397
2176492
2176663
2177000
2177042
2177061
2177062
2177216
2177259
2177372
2177529
2177629
2177631
2177830
2177847
2178032
2178180
2178231
2178350
2178481
2178582
2178608
2178645
2178878
2178954
2179216
2179639
2179780
2179909
2180044
2180087
2180119
2180274
2180363
2180369
2180379
2180666
2180847
2181058
2181213
2181242
2181249
2181563
2181697
2181811
2181828
2181857
2181967
2182129
2182174
2182178
2182366
2182416
2182551
2182575
2182692
2182802
2182818
2182864
2182893
2183473
2183496
2183667
2183685
2183877
2184094
2184404
2184452
2184524
2184703
2184721
2184826
2184878
2185174
2185259
2185342
2185629
2185752
2185762
2185768
2185847
2186049
2186098
2186115
2186248
2186323
2186480
2186517
2186547
2186555
2186733
2186750
2186764
2186902
2187074
2187158
2187236
2187249
2187273
2187283
2187289
2187331
2187401
2187430
2187480
2187762
2187906
2188096
2188455
2188680
2188891
2188998
2189013
2189259
2189301
2189316
2189333
2189340
2189414
2189551
2189620
2189737
2189811
2189859
2190080
2190098
2190165
2190326
2190362
2190454
2190500
2190503
2190520
2190561
2190563
2190584
2190590
2190595
2190605
2190634
2191020
2191070
2191121
2191316
2191437
2191520
2191732
2191754
2191877
2192056
2192105
2192173
2192231
2192232
2192434
2192474
2192485
2192615
2192626
2192633
2192855
2192921
2193165
2193199
2193207
2193330
2193374
2193421
2193470
2193549
2193772
2193803
2193946
2193947
2193994
2194081
2194281
2194307
2194505
2194589
2194596
2194686
2194855
2195054
2195060
2195196
2195481
2195531
2195566
2195587
2195627
2195662
2195691
2195853
2195857
2195955
2196110
2196380
2196686
2196722
2196743
2196758
2196780
2196899
2196912
2196943
2197007
2197237
2197349
2197503
2197555
2197678
2197733
2197739
2197817
2197838
2198086
2198136
2198295
2198329
2198406
2198575
2198577
2198610
2199069
2199080
2199214
2199352
2199374
2199562
2199720
2199722
2199800
2199862
2199945
2200044
2200049
2200115
2200159
2200224
2200325
2200436
2200576
2200695
2200764
2200773
2200891
2200935
2201090
2201139
2201157
2201351
2201457
2201510
2201518
2201527
2201536
2201598
2201923
2202011
2202065
2202258
2202259
2202353
2202504
2202564
2202639
2202891
2203027
2203047
2203095
2203128
2203221
2203315
2203407
2203577
2203693
2203726
2203769
2203895
2203995
2204028
2204190
2204303
2204447
2204485
2204509
2204539
2204780
2204828
2204833
2205014
2205019
2205095
2205210
2205220
2205290
2205337
2205402
2205555
2205598
2205625
2205800
2205929
2206006
2206164
2206217
2206270
2206338
2206396
2206425
2206590
2206605
2206851
2206858
2206958
2207028
2207097
2207110
2207240
2207381
2207544
2207612
2207618
2207636
2207749
2207905
2208033
2208090
2208335
2208356
2208434
2208476
2208539
2208565
2208585
2208633
2208675
2208776
2208782
2208794
2209052
2209105
2209265
2209358
2209471
2209553
2209742
2209853
2210308
2210382
2210476
2210499
2210568
2210575
2210744
2210804
2211614
2211667
2212119
2212197
2212263
2212301
2212432
2212590
2212982
2213018
2213061
2213115
2213252
2213273
2213274
2213367
2213452
2213683
2213723
2213767
2213924
2213981
2213983
2214037
2214245
2214469
2214499
2214589
2214663
2214986
2215006
2215118
2215280
2215314
2215656
2215695
2215794
2215810
2215815
2215896
2216093
2216300
2216520
2216528
2216538
2216930
2216957
2217310
2217339
2217402
2217479
2217565
2217614
2217636
2217687
2217784
2217800
2217885
2218150
2218381
2218507
2218846
2218987
2219301
2219526
2219561
2219790
2219836
2219955
2220054
2220111
2220176
2220179
2220215
2220220
2220321
2220579
2220691
2220906
2220954
2220972
2221040
2221056
2221210
2221313
2221332
2221469
2221486
2221521
2221598
2221635
2221682
2221824
2221946
2222011
2222055
2222057
2222096
2222367
2222553
2222608
2222711
2222753
2222833
2222864
2222873
2222910
2223483
2223555
2223902
2223907
2224069
2224092
2224181
2224243
2224317
2224342
2224362
2224539
2224542
2224645
2224653
2224675
2224761
2224815
2224970
2225009
2225186
2225202
2225302
2225536
2225559
2225634
2225730
2225903
2226003
2226117
2226186
2226365
2226448
2226628
2226691
2226744
2226770
2226800
2226970
2226980
2227036
2227048
2227118
2227409
2227426
2227459
2227601
2227702
2227738
2227900
2228215
2228360
2228401
2228409
2228537
2228597
2228730
2228774
2228808
2228935
2229049
2229340
2229356
2229415
2229505
2229524
2229602
2229876
2229980
2229983
2230161
2230187
2230322
2230387
2230502
2230505
2230530
2230710
2230717
2230752
2230945
2230958
2231114
2231189
2231253
2231386
2231390
2231573
2231599
2231775
2232040
2232148
2232379
2232404
2232494
2232591
2232655
2232987
2233107
2233123
2233307
2233399
2233566
2233771
2233886
2233979
2234324
2234400
2234508
2234682
2234724
2234879
2235043
2235070
2235341
2235405
2235500
2235637
2235696
2235858
2235889
2235929
2236077
2236150
2236412
2236530
2236540
2236555
2236890
2236902
2237061
2237114
2237290
2237294
2237435
2237448
2237509
2237538
2237637
2237659
2237665
2237729
2237904
2238085
2238184
2238469
2238497
2238512
2238551
2238604
2238637
2238661
2238666
2238692
2238693
2238924
2238995
2239095
2239436
2239827
2240039
2240603
2240610
2240703
2240728
2240768
2240886
2241244
2241322
2241362
2241478
2241622
2241689
2241731
2242146
2242216
2242309
2242327
2242332
2242451
2242457
2242468
2242537
2242589
2242744
2242805
2242844
2243026
2243128
2243162
2243250
2243324
2243370
2243377
2243421
2243524
2243607
2243639
2243747
2243765
2243946
2243960
2243986
2244128
2244218
2244348
2244392
2244468
2244472
2244488
2244506
2244514
2244567
2244570
2244780
2244797
2244859
2245003
2245193
2245222
2245281
2245337
2245357
2245422
2245462
2245848
2245853
2245874
2246066
2246157
2246184
2246188
2246344
2246487
2246500
2246594
2246650
2246867
2247099
2247395
2247562
2247602
2247750
2248128
2248321
2248455
2248459
2248508
2248560
2248871
2249003
2249020
2249124
2249140
2249157
2249184
2249246
2249366
2249393
2249443
2249547
2249643
2249757
2249878
2249936
2250004
2250061
2250068
2250360
2250429
2250495
2250559
2250631
2250641
2250696
2250791
2251191
2251481
2251485
2251532
2251754
2251791
2251799
2251889
2251937
2252031
2252068
2252270
2252356
2252397
2252685
2253083
2253132
2253185
2253260
2253314
2253377
2253434
2253578
2253611
2253645
2253752
2253851
2253967
2253997
2254066
2254182
2254193
2254302
2254309
2254340
2254360
2254363
2254612
2254748
2254851
2254875
2255016
2255084
2255112
2255203
2255235
2255306
2255433
2255453
2255728
2255847
2255861
2255890
2256276
2256284
2256332
2256446
2256575
2256674
2256737
2256864
2256985
2257034
2257128
2257158
2257207
2257494
2257514
2257554
2257567
2257629
2257643
2257755
2258143
2258251
2258284
2258287
2258364
2258388
2258407
2258423
2258454
2258548
2258551
2258651
2258734
2258798
2258834
2259099
2259157
2259167
2259183
2259294
2259499
2259505
2259604
2259627
2259664
2259747
2259819
2259906
2259933
2260039
2260486
2260574
2260621
2260672
2260745
2260909
2260943
2261150
2261158
2261216
2261290
2261347
2261550
2261667
2261754
2261921
2261941
2261955
2262023
2262080
2262089
2262131
2262161
2262234
2262255
2262620
2262703
2262828
2263337
2263563
2263640
2263684
2264328
2264332
2264541
2264557
2264591
2264609
2265080
2265336
2265497
2265524
2265699
2265817
2265884
2265947
2266041
2266150
2266186
2266221
2266294
2266776
2266819
2266899
2267016
2267156
2267236
2267433
2267477
2267625
2267711
2267962
2268094
2268121
2268141
2268165
2268197
2268229
2268236
2268300
2268354
2268603
2268719
2268721
2268765
2268926
2268949
2268964
2268966
2268971
2269023
2269587
2269598
2269874
2269910
2270166
2270254
2270568
2270722
2270776
2270929
2271004
2271096
2271099
2271203
2271503
2271630
2271642
2271735
2271746
2271751
2271804
2272139
2272184
2272297
2272366
2272370
2272375
2272433
2272536
2272546
2272551
2272776
2272837
2273101
2273187
2273261
2273419
2273531
2273542
2273568
2273635
2273738
2273747
2273931
2274213
2274389
2274408
2274426
2274534
2274643
2274647
2274709
2274779
2274999
2275047
2275172
2275293
2275312
2275406
2275446
2275558
2275732
2275826
2275897
2276009
2276105
2276187
2276387
2276414
2276593
2276977
2277159
2277233
2277265
2277747
2277773
2277776
2277796
2277889
2278022
2278136
2278198
2278329
2278483
2278658
2278659
2278706
2278725
2278908
2278929
2279316
2279516
2279573
2279622
2279665
2279995
2280012
2280098
2280111
2280310
2280400
2280532
2280535
2280614
2280640
2280786
2280854
2281113
2281151
2281298
2281342
2281406
2281430
2281435
2281495
2281673
2281767
2281811
2281919
2282104
2282192
2282252
2282256
2282284
2282466
2282502
2282550
2282560
2282576
2282622
2282713
2282775
2282830
2283104
2283124
2283296
2283369
2283551
2283615
2283863
2284010
2284027
2284127
2284147
2284241
2284243
2284420
2284475
2284559
2284663
2284791
2285004
2285285
2285453
2285490
2285527
2285570
2285770
2285855
2286017
2286021
2286090
2286092
2286099
2286110
2286172
2286180
2286440
2286485
2286510
2286580
2286662
2286797
2286819
2286823
2286902
2286951
2286976
2287065
2287307
2287447
2287486
2287561
2287572
2287644
2287649
2287723
2287785
2287821
2287936
2288182
2288253
2288392
2288458
2288496
2288511
2288573
2288601
2289005
2289072
2289245
2289263
2289377
2289443
2289473
2289539
2289542
2290035
2290111
2290525
2290673
2290755
2290855
2291260
2291347
2291382
2291551
2291657
2291686
2291743
2291905
2291912
2291934
2292008
2292101
2292334
2292485
2292498
2292784
2292793
2292857
2292882
2292997
2293342
2293346
2293373
2293474
2293763
2294068
2294310
2294323
2294351
2294475
2294479
2294534
2294589
2294664
2294973
2295009
2295491
2295611
2295667
2295854
2296240
2296329
2296439
2296662
2296743
2296936
2297210
2297617
2297708
2297796
2298058
2298084
2298182
2298413
2298430
2298594
2298613
2298632
2298778
2298857
2298923
2299000
2299140
2299148
2299186
2299411
2299454
2299479
2299950
2300070
2300102
2300246
2300398
2300485
2300770
2301084
2301175
2301201
2301443
2301512
2301616
2301746
2301797
2301986
2302146
2302269
2302280
2302468
2302512
2302542
2302575
2302801
2302833
2303012
2303277
2303294
2303337
2303433
2303476
2303572
2303599
2303782
2303788
2303794
2303862
2303916
2304049
2304055
2304140
2304159
2304186
2304238
2304274
2304305
2304334
2304374
2304388
2304452
2304576
2304764
2304801
2304818
2304945
2305169
2305176
2305204
2305314
2305389
2305445
2305571
2305612
2305722
2305800
2305807
2305945
2306014
2306041
2306131
2306231
2306563
2306610
2306617
2306928
2307267
2307524
2307821
2307844
2307879
2307948
2307973
2307981
2308134
2308234
2308298
2308341
2308371
2308403
2308480
2308501
2308614
2308729
2308805
2308814
2308854
2308872
2308960
2308966
2308995
2309025
2309315
2309420
2309479
2309500
2309516
2309547
2309643
2309899
2310077
2310085
2310105
2310107
2310115
2310156
2310252
2310263
2310279
2310367
2310503
2310673
2310762
2310774
2310796
2310943
2311023
2311214
2311510
2311563
2311800
2311931
2311973
2311974
2312042
2312125
2312536
2312655
2312671
2312794
2312832
2313050
2313077
2313116
2313209
2313253
2313513
2313556
2313619
2313664
2313876
2313989
2314579
2314639
2314640
2314671
2314741
2314825
2314900
2314951
2315085
2315094
2315178
2315213
2315418
2315529
2315858
2315881
2315925
2316185
2316238
2316485
2316498
2316693
2316804
2316863
2316939
2317233
2317334
2317527
2317553
2317576
2317625
2317685
2317686
2317711
2317807
2317857
2317861
2318283
2318301
2318304
2318429
2318460
2318471
2318483
2318495
2318618
2319028
2319118
2319348
2319411
2319947
2319972
2320136
2320431
2320681
2320860
2321242
2321558
2321755
2321975
2321990
2322030
2322123
2322127
2322153
2322204
2322292
2322479
2322611
2322639
2322663
2322762
2322787
2322805
2322807
2322982
2323092
2323137
2323428
2323430
2323503
2323639
2323701
2323830
2323875
2323939
2324032
2324057
2324134
2324135
2324149
2324151
2324180
2324199
2324401
2324494
2324639
2324678
2325240
2325259
2325411
2325499
2325595
2325611
2325736
2325763
2325798
2325940
2326019
2326108
2326191
2326232
2326421
2326504
2326514
2326688
2326721
2326941
2326963
2326976
2327080
2327240
2327249
2327319
2327373
2327451
2327537
2327611
2327675
2327901
2327933
2328170
2328683
2328873
2328958
2328963
2328989
2329011
2329042
2329061
2329070
2329073
2329082
2329090
2329226
2329414
2329578
2329606
2330035
2330087
2330120
2330401
2330658
2330703
2330920
2331503
2331709
2331722
2331781
2331917
2331968
2332028
2332064
2332340
2332456
2332519
2332606
2332619
2332667
2332750
2332760
2333041
2333084
2333483
2333496
2333525
2333628
2333629
2333762
2333782
2333806
2333827
2333851
2333862
2333886
2334347
2334401
2334704
2334829
2335002
2335052
2335066
2335191
2335207
2335254
2335265
2335281
2335294
2335299
2335449
2335477
2335483
2335530
2335645
2335781
2335901
2335911
2335924
2336283
2336285
2336482
2336524
2336529
2336540
2336724
2336727
2336796
2336900
2336930
2337077
2337112
2337253
2337282
2337381
2337390
2337391
2337405
2337438
2337452
2337561
2337577
2337613
2337683
2337720
2337897
2338018
2338710
2338769
2338835
2338886
2338975
2339012
2339066
2339072
2339284
2339797
2339843
2339861
2340088
2340196
2340514
2340788
2340803
2340903
2341126
2341309
2341347
2341554
2341557
2341844
2342025
2342130
2342204
2342277
2342321
2342542
2342631
2342654
2342854
2343031
2343164
2343297
2343431
2343587
2343813
2343885
2343907
2343934
2343957
2344060
2344147
2344238
2344314
2344986
2344994
2345215
2345326
2345369
2345562
2345602
2345664
2345684
2345781
2345870
2345915
2346021
2346040
2346663
2346845
2346897
2347451
2347473
2347475
2347537
2347596
2347692
2347757
2347780
2347984
2348185
2348219
2348295
2348787
2348822
2348823
2348834
2348857
2348863
2348918
2349044
2349087
2349132
2349370
2349513
2349698
2349717
2349756
2349779
2349797
2349802
2349982
2350052
2350146
2350220
2350248
2350347
2350640
2350670
2350828
2350906
2350916
2350923
2351033
2351035
2351107
2351178
2351211
2351471
2351515
2351652
2351738
2351760
2351807
2351869
2351917
2351965
2352457
2352458
2352464
2352510
2352553
2352741
2352806
2352964
2353069
2353103
2353147
2353247
2353282
2353322
2353446
2353543
2353645
2353682
2353787
2353953
2353983
2354009
2354088
2354212
2354301
2354308
2354344
2354362
2354369
2354398
2354474
2354662
2354874
2355088
2355099
2355282
2355293
2355395
2355463
2355501
2355564
2355589
2355866
2355886
2355979
2356098
2356194
2356250
2356299
2356337
2356466
2356529
2356736
2356860
2357157
2357178
2357215
2357311
2357316
2357384
2357395
2357428
2357473
2357476
2357549
2357607
2357644
2357676
2357714
2357741
2358378
2358686
2359213
2359307
2359345
2359395
2359423
2359467
2359469
2359561
2359660
2359737
2359882
2359890
2359977
2359985
2360093
2360101
2360142
2360160
2360228
2360271
2360308
2360315
2360432
2360607
2360656
2360699
2360818
2361091
2361182
2361238
2361257
2361312
2361498
2361554
2361572
2361587
2361608
2361685
2361750
2361753
2361785
2362091
2362135
2362320
2362355
2362456
2362566
2362658
2362797
2362811
2362856
2362862
2363002
2363034
2363053
2363135
2363170
2363193
2363345
2363414
2363461
2363488
2363602
2363749
2364145
2364187
2364298
2364441
2364549
2364945
2365058
2365076
2365323
2365325
2365367
2365491
2365607
2365681
2365852
2365966
2366187
2366246
2366319
2366440
2366630
2366775
2366780
2367002
2367208
2367233
2367366
2367655
2367740
2367755
2367903
2368204
2368416
2368474
2368587
2368636
2368676
2368726
2368735
2368775
2368825
2368837
2368871
2368912
2368994
2369025
2369316
2369400
2369402
2369417
2369462
2369524
2369538
2369540
2369814
2370000
2370008
2370069
2370132
2370206
2370621
2370664
2370795
2370829
2371044
2371156
2371255
2371383
2371467
2371501
2371588
2371647
2371729
2371731
2371931
2371956
2372148
2372198
2372244
2372258
2372440
2372553
2372558
2373061
2373319
2373394
2373561
2373608
2373704
2373875
2374208
2374242
2374302
2374384
2374759
2374775
2374797
2374837
2374891
2374929
2374941
2374946
2374951
2374953
2375015
2375195
2375370
2375469
2375519
2375697
2375770
2375779
2375918
2375948
2375993
2376079
2376408
2376550
2376651
2376670
2376775
2376806
2376973
2377001
2377241
2377262
2377268
2377385
2377429
2377886
2377908
2377962
2378092
2378138
2378249
2378290
2378359
2378461
2378548
2378622
2378687
2378835
2378872
2378961
2379078
2379164
2379370
2379536
2379595
2379611
2379893
2380215
2380398
2380595
2380632
2380655
2380719
2380765
2380814
2380870
2380920
2381237
2381297
2381470
2381576
2381703
2381706
2381794
2381985
2382109
2382134
2382138
2382172
2382700
2382708
2382717
2382762
2383086
2383238
2383428
2383434
2383715
2383803
2383919
2384019
2384036
2384045
2384292
2384410
2384478
2384479
2384585
2384942
2384987
2385024
2385028
2385219
2385309
2385721
2385732
2385745
2385784
2385856
2385879
2385943
2385999
2386001
2386014
2386152
2386175
2386414
2386453
2386584
2386835
2386896
2386930
2387126
2387159
2387193
2387197
2387229
2387394
2387749
2387853
2388037
2388253
2388310
2388366
2388413
2388438
2388706
2388725
2388843
2388896
2388915
2388918
2389102
2389265
2389327
2389391
2389508
2389514
2389677
2389681
2389808
2389894
2389903
2389944
2390013
2390095
2390154
2390572
2390751
2390769
2390920
2390946
2390979
2391139
2391144
2391328
2391401
2391663
2391693
2391783
2392005
2392007
2392205
2392260
2392485
2392568
2392823
2392963
2393581
2393615
2393768
2393821
2393887
2393924
2394170
2394278
2394280
2394291
2394327
2394418
2394526
2394601
2394936
2395042
2395047
2395183
2395208
2395273
2395377
2395400
2395446
2395451
2395452
2395453
2395464
2395465
2395538
2395675
2395782
2395846
2395951
2395961
2396012
2396077
2396083
2396207
2396261
2396285
2396735
2396761
2396924
2396959
2397110
2397139
2397221
2397283
2397298
2397300
2397324
2397564
2397666
2397766
2397807
2397880
2397963
2398412
2398427
2398632
2399087
2399468
2399570
2399680
2399705
2399723
2399816
2399964
2400116
2400174
2400259
2400500
2400602
2400630
2400703
2400711
2400783
2400801
2400803
2400827
2400936
2401089
2401156
2401267
2401447
2401519
2401702
2401741
2401761
2401900
2402063
2402077
2402131
2402198
2402229
2402528
2402685
2402869
2403042
2403058
2403075
2403174
2403354
2403804
2403897
2403901
2404095
2404209
2404741
2405042
2405060
2405240
2405418
2405466
2405613
2405746
2405748
2405888
2406125
2406269
2406386
2406407
2406459
2406467
2406495
2406500
2406541
2406623
2406873
2407120
2407124
2407615
2407762
2407835
2407847
2407987
2408023
2408035
2408105
2408113
2408216
2408301
2408484
2408493
2408621
2408770
2408809
2408856
2409078
2409520
2409626
2409687
2409711
2409826
2410166
2410177
2410183
2410239
2410417
2410524
2410537
2410549
2410805
2410998
2411270
2411443
2411499
2411562
2411655
2411689
2411874
2411949
2412384
2412430
2412563
2412694
2412747
2412893
2412902
2413005
2413852
2413906
2413921
2413944
2413945
2414133
2414152
2414202
2414441
2414496
2414578
2414635
2414815
2414871
2414878
2415232
2415295
2415427
2415480
2415532
2415640
2415758
2415835
2415837
2415905
2415951
2416084
2416101
2416226
2416601
2416685
2416734
2416790
2416929
2417016
2417042
2417069
2417085
2417188
2417199
2417327
2417379
2417488
2417678
2417723
2417774
2417853
2417993
2418003
2418225
2418329
2418364
2418418
2418486
2418761
2418918
2418972
2419068
2419293
2419391
2419445
2419463
2419532
2419626
2419720
2419787
2419911
2419940
2419985
2420221
2420248
2420288
2420339
2420384
2420442
2420481
2420503
2420642
2420742
2420830
2420930
2420976
2420999
2421052
2421173
2421233
2421285
2421290
2421295
2421418
2421452
2421605
2421693
2422224
2422233
2422511
2422612
2422709
2422745
2422782
2422953
2423081
2423216
2423219
2423232
2423363
2423571
2423607
2423715
2423943
2424128
2424148
2424162
2424365
2424389
2424410
2424447
2424509
2424807
2424913
2425448
2425479
2425646
2425758
2425985
2425993
2426155
2426183
2426251
2426338
2426346
2426438
2426451
2426580
2426646
2426658
2426812
2426868
2427175
2427178
2427229
2427245
2427258
2427334
2427528
2427805
2427997
2428190
2428365
2428431
2428528
2428660
2428718
2428857
2428934
2428956
2429064
2429197
2429636
2429671
2429684
2430168
2430210
2430247
2430408
2430444
2430530
2430667
2431072
2431096
2431106
2431108
2431177
2431193
2431202
2431588
2431762
2431807
2431896
2432006
2432060
2432176
2432293
2432315
2432326
2432332
2432456
2432567
2432599
2432640
2432814
2432924
2432997
2433048
2433264
2433315
2433602
2433865
2433933
2434136
2434228
2434234
2434580
2434619
2434693
2434903
2435142
2435167
2435177
2435575
2435757
2435841
2435851
2436120
2436146
2436185
2436274
2436736
2436753
2436766
2437109
2437420
2437560
2437569
2437738
2437918
2438076
2438228
2438296
2438340
2438486
2438558
2438587
2438679
2438882
2438898
2439073
2439106
2439195
2439270
2439350
2439776
2439811
2439963
2440029
2440322
2440383
2440386
2440510
2440566
2440594
2440772
2440776
2440793
2440820
2440836
2440875
2440922
2440930
2440942
2440947
2441036
2441180
2441354
2441412
2441507
2441667
2441796
2441877
2442031
2442133
2442142
2442266
2442270
2442352
2442406
2442484
2442530
2442589
2442602
2442639
2442766
2442779
2442802
2442828
2442836
2442843
2442871
2442919
2442943
2442977
2443060
2443184
2443236
2443383
2443530
2443624
2443786
2443825
2443840
2444148
2444262
2444277
2444584
2444746
2444857
2444954
2445083
2445313
2445388
2445553
2445610
2445650
2445730
2445762
2446257
2446822
2446842
2447220
2447474
2447587
2447645
2448504
2448785
2449413
2449432
2449453
2449598
2449613
2449615
2449632
2449957
2450088
2450640
2450665
2451003
2451187
2451276
2451295
2451346
2451496
2451531
2451741
2451778
2451887
2452045
2452065
2452116
2452258
2452589
2452614
2453003
2453048
2453209
2453495
2453540
2453612
2453803
2453855
2453863
2453897
2453924
2453927
2454057
2454120
2454209
2454272
2454275
2454588
2454597
2454648
2454904
2454922
2455024
2455084
2455224
2455293
2455308
2455334
2455345
2455439
2455523
2455615
2455647
2455651
2455729
2455752
2455998
2456021
2456184
2456207
2456355
2456363
2456806
2456810
2456891
2456909
2456960
2457002
2457032
2457039
2457093
2457109
2457205
2457226
2457246
2457435
2457784
2457810
2458019
2458212
2458400
2458417
2458474
2458574
2458715
2458780
2458783
2458828
2458839
2458953
2459191
2459277
2459473
2459556
2459719
2459745
2459883
2459912
2459923
2460061
2460135
2460172
2460236
2460266
2460357
2460363
2460557
2460562
2460596
2460944
2461021
2461024
2461115
2461265
2461688
2461721
2461899
2462230
2462427
2462488
2462904
2463161
2463249
2463694
2463720
2463788
2463801
2463830
2464041
2464178
2464185
2464251
2464363
2464462
2464496
2464622
2464628
2464663
2464680
2464768
2464773
2464806
2464839
2464918
2464927
2464957
2465018
2465086
2465125
2465224
2465258
2465363
2465413
2465419
2465468
2465486
2465556
2465685
2465708
2465717
2465811
2465847
2465848
2465942
2465973
2466028
2466058
2466101
2466308
2466635
2466782
2466942
2466976
2466988
2467048
2467324
2467453
2467536
2467542
2467781
2467924
2467930
2467966
2468003
2468009
2468097
2468351
2468525
2468553
2468579
2468603
2468897
2468930
2469016
2469061
2469162
2469225
2469251
2469256
2469551
2469566
2469696
2469884
2469962
2470125
2470159
2470176
2470259
2470261
2470269
2470329
2470434
2470483
2470595
2470641
2470698
2470752
2470817
2470819
2470830
2470859
2470941
2470998
2471036
2471138
2471177
2471286
2471381
2471384
2471448
2471476
2471576
2471794
2472097
2472156
2472282
2472371
2472547
2472668
2472715
2472978
2473005
2473054
2473189
2473412
2473765
2473786
2473867
2474087
2474132
2474325
2474552
2474657
2474667
2474675
2474910
2474911
2475245
2475702
2475723
2475839
2475934
2476169
2476392
2476460
2476674
2476693
2476748
2476794
2476865
2477020
2477115
2477156
2477444
2477458
2477495
2477516
2477584
2477810
2477923
2477972
2478057
2478086
2478132
2478214
2478353
2478418
2478527
2478620
2478680
2478719
2478745
2478997
2479501
2479554
2479692
2479844
2479898
2479922
2480074
2480150
2480331
2480371
2480621
2480644
2480809
2480915
2480966
2480967
2481122
2481228
2481307
2481381
2481391
2481534
2481637
2481647
2481947
2481993
2482030
2482119
2482182
2482205
2482387
2482477
2482555
2482574
2482792
2483116
2483319
2483326
2483332
2483465
2483488
2484001
2484015
2484165
2484205
2484219
2484367
2484438
2484628
2485143
2485157
2485301
2485457
2485468
2485637
2485641
2485745
2485782
2485861
2485919
2485951
2486042
2486099
2486175
2486199
2486426
2486460
2486963
2486986
2487053
2487125
2487161
2487471
2487508
2487593
2487684
2487704
2487786
2487853
2487894
2488038
2488257
2488308
2488337
2488434
2488488
2488678
2488751
2488917
2489035
2489047
2489245
2489296
2489424
2489433
2489450
2489522
2489690
2489886
2489916
2490020
2490045
2490069
2490079
2490332
2490387
2490418
2490423
2490620
2490732
2491146
2491247
2491269
2491361
2491494
2491516
2491554
2491569
2491586
2491600
2491681
2491839
2492455
2492468
2492516
2492645
2492756
2492800
2492841
2492870
2492954
2493021
2493044
2493204
2493230
2493317
2493380
2493382
2493489
2493492
2493519
2493554
2494061
2494136
2494221
2494357
2494523
2494531
2494673
2494679
2494685
2494973
2495010
2495053
2495077
2495162
2495178
2495197
2495255
2495331
2495335
2495361
2495440
2495602
2495617
2495872
2496197
2496284
2496414
2496420
2496562
2496777
2496908
2496927
2496932
2497103
2497175
2497256
2497261
2497585
2497870
2498011
2498037
2498141
2498164
2498194
2498271
2498391
2498564
2498567
2498948
2498964
2499035
2499100
2499244
2499282
2499337
2499575
2499627
2499698
2499745
2499756
2499871
2499924
2500055
2500063
2500281
2500338
2500595
2500606
2500775
2500897
2500902
2500981
2501079
2501097
2501115
2501227
2501258
2501304
2501398
2501431
2501483
2501543
2501587
2501590
2501626
2502133
2502283
2502301
2502479
2502514
2502539
2503148
2503294
2503389
2503837
2503855
2504065
2504104
2504399
2504481
2504483
2504488
2504560
2504650
2504704
2504724
2504756
2504911
2504920
2504989
2505234
2505240
2505251
2505410
2505524
2505645
2505954
2506048
2506051
2506144
2506352
2506593
2506651
2506892
2506939
2507042
2507089
2507329
2507493
2507575
2507771
2507820
2507846
2507975
2508012
2508274
2508339
2508428
2508435
2508525
2508582
2508669
2508873
2508917
2508980
2509009
2509064
2509493
2509597
2509609
2509624
2509844
2509976
2509979
2509988
2510056
2510094
2510296
2510304
2510329
2510396
2510409
2510599
2510605
2510626
2510628
2510732
2510740
2510787
2510793
2510870
2510884
2510961
2511024
2511234
2511295
2511304
2511409
2511563
2511572
2511599
2511896
2512050
2512105
2512116
2512267
2512352
2512493
2512519
2512542
2512580
2512636
2512806
2512807
2512818
2512868
2513075
2513231
2513296
2513525
2513689
2513720
2513777
2513812
2513980
2514327
2514454
2514460
2514491
2514612
2514833
2514854
2514885
2515356
2515397
2515548
2515570
2515706
2515743
2516178
2516203
2516221
2516318
2516366
2516378
2516594
2516651
2516673
2516818
2516912
2516917
2516935
2517331
2517560
2517582
2517625
2517783
2517839
2517993
2518007
2518068
2518087
2518190
2518463
2518479
2518534
2518707
2518744
2519341
2519449
2519475
2519496
2519797
2519985
2520113
2520144
2520203
2520258
2520319
2520362
2520552
2520569
2520666
2520836
2520963
2521041
2521146
2521223
2521316
2521346
2521499
2521625
2521647
2521786
2521788
2521835
2521884
2522056
2522117
2522203
2522352
2522369
2522660
2522810
2522829
2522861
2522932
2523027
2523292
2523305
2523415
2523443
2523487
2523804
2523969
2524070
2524305
2524639
2524660
2524786
2524916
2525093
2525188
2525611
2525813
2525814
2525997
2526086
2526297
2526631
2526647
2526697
2527112
2527118
2527129
2527134
2527290
2527400
2527415
2527551
2527645
2527769
2527830
2527938
2528093
2528248
2528606
2528640
2528782
2528867
2529300
2529323
2529568
2529598
2529700
2529837
2529848
2529891
2529935
2530172
2530263
2530305
2530734
2531291
2531424
2531435
2531550
2531693
2531734
2531997
2532074
2532101
2532128
2532324
2532449
2532514
2532534
2532581
2532781
2532816
2533257
2533300
2533339
2533344
2533390
2533442
2533501
2533641
2533796
2533801
2533816
2533838
2533993
2534058
2534111
2534142
2534403
2534454
2534484
2534539
2534646
2534848
2534997
2535090
2535168
2535388
2535418
2535494
2535497
2535583
2535943
2535948
2536069
2536234
2536732
2536738
2537100
2537410
2537413
2537421
2537502
2537537
2537555
2537556
2537575
2537719
2537843
2538063
2538230
2538317
2538337
2538361
2538556
2538602
2538680
2538788
2538802
2538857
2538881
2538979
2539086
2539114
2539132
2539220
2539249
2539381
2539391
2539393
2539406
2539744
2539776
2539972
2539981
2540024
2540507
2540511
2540524
2540563
2540589
2540695
2540826
2540957
2541051
2541186
2541382
2541499
2541605
2541663
2541899
2541945
2542086
2542569
2542792
2543062
2543124
2543226
2543266
2543274
2543290
2543531
2543750
2543773
2543855
2543857
2543967
2544118
2544221
2544227
2544442
2544533
2544577
2544678
2544705
2544927
2544997
2545004
2545067
2545293
2545300
2545370
2545502
2545602
2545641
2546065
2546126
2546144
2546284
2546417
2546500
2546636
2546776
2546837
2546972
2546979
2547412
2547483
2547512
2547641
2547901
2548032
2548035
2548083
2548095
2548147
2548161
2548190
2548194
2548429
2548718
2548739
2548944
2549106
2549133
2549341
2549345
2549438
2549455
2549461
2549732
2549859
2549893
2549946
2549972
2550009
2550240
2550351
2550502
2550922
2551071
2551243
2551305
2551365
2551471
2551579
2551585
2551679
2551768
2551822
2552034
2552226
2552409
2552501
2552665
2552982
2553089
2553249
2553273
2553552
2553589
2553753
2553819
2553869
2553942
2554077
2554213
2554507
2554607
2554755
2554770
2554814
2554864
2555131
2555303
2555310
2555454
2555534
2555676
2555795
2555895
2555924
2556229
2556363
2556377
2556425
2556432
2556462
2556469
2556522
2556752
2556760
2556907
2557224
2557313
2557348
2557722
2557842
2557867
2558189
2558336
2558349
2558425
2558710
2558766
2558942
2559010
2559164
2559176
2559452
2559476
2559487
2559707
2559708
2559772
2559776
2559829
2559867
2559920
2560015
2560102
2560218
2560227
2560444
2560532
2560858
2560960
2561015
2561129
2561152
2561185
2561427
2561537
2561589
2561644
2561841
2562398
2562454
2562704
2562759
2562779
2562803
2562924
2563041
2563214
2563285
2563314
2563322
2563507
2563672
2563748
2563955
2563980
2563982
2564188
2564359
2564387
2564506
2564512
2564515
2564520
2564582
2564769
2564864
2564893
2565016
2565161
2565282
2565390
2565536
2565563
2565749
2565768
2565786
2565837
2565902
2565993
2566009
2566126
2566166
2566192
2566807
2566834
2566882
2567166
2567277
2567323
2567591
2567760
2567766
2567791
2567872
2567996
2568217
2568708
2568731
2568770
2569363
2569367
2569407
2569644
2569809
2569869
2569932
2569982
2570109
2570483
2570490
2570522
2570564
2570743
2570835
2570851
2570918
2571219
2571306
2571350
2571561
2571564
2571579
2571621
2571690
2571768
2571892
2572102
2572203
2572304
2572451
2572596
2573005
2573025
2573289
2573466
2573711
2573910
2573977
2573979
2573982
2574054
2574071
2574120
2574171
2574261
2574322
2574454
2574615
2574829
2574966
2574993
2575002
2575172
2575424
2575843
2575889
2575920
2575944
2576096
2576097
2576102
2576253
2576257
2576487
2576537
2576576
2576648
2576766
2576821
2577324
2577332
2577517
2577545
2577551
2577646
2577757
2577794
2577978
2577985
2578131
2578199
2578304
2578382
2578432
2578684
2578761
2578911
2578931
2579211
2579503
2579613
2580112
2580191
2580278
2580380
2580419
2580960
2581109
2581161
2581184
2581429
2581464
2581647
2581754
2582207
2582337
2582375
2582395
2582499
2582552
2582571
2583010
2583176
2583388
2583700
2583974
2584049
2584123
2584203
2584219
2584261
2584263
2584472
2584671
2584975
2585047
2585127
2585278
2585366
2585686
2585836
2585849
2585851
2585916
2586043
2586058
2586104
2586320
2586351
2586452
2586459
2586816
2587140
2587214
2587291
2587401
2587620
2587787
2587886
2587965
2588062
2588064
2588108
2588198
2588292
2588333
2588708
2588840
2589269
2589678
2589785
2589959
2590081
2590084
2590086
2590298
2590609
2590614
2590653
2590686
2590773
2590968
2591176
2591282
2591426
2591567
2591576
2591722
2591780
2591880
2591903
2591939
2591940
2591983
2592006
2592151
2592217
2592419
2592454
2592474
2592484
2592528
2592562
2592660
2592718
2592858
2592986
2593072
2593118
2593200
2593234
2593346
2593349
2593455
2593559
2593576
2594000
2594051
2594351
2594565
2594633
2594661
2594729
2595069
2595335
2595417
2595492
2595494
2595565
2595950
2596181
2596283
2596368
2596428
2596452
2596502
2596567
2596745
2596860
2597018
2597023
2597122
2597284
2597499
2597502
2597526
2597529
2597618
2597664
2597667
2597971
2598003
2598084
2598097
2598227
2598252
2598253
2598334
2598469
2598503
2598541
2598720
2598781
2598793
2598990
2599053
2599379
2599451
2599502
2599518
2599521
2599693
2599770
2599831
2599987
2600177
2600279
2600339
2600409
2600412
2600422
2600619
2600669
2600745
2600896
2601143
2601305
2601526
2601805
2601888
2601953
2602271
2602333
2602377
2602394
2602753
2602908
2602950
2602996
2603058
2603324
2603410
2603616
2603618
2603684
2603732
2603853
2604019
2604029
2604072
2604125
2604146
2604197
2604281
2604343
2604554
2604620
2604667
2604740
2604899
2604919
2604954
2604994
2605029
2605451
2605575
2605954
2605995
2606021
2606196
2606444
2606446
2606470
2606510
2606642
2606675
2607143
2607283
2607346
2607374
2607438
2607450
2607723
2607801
2607894
2608025
2608316
2608447
2608602
2608641
2608644
2608671
2608680
2608703
2608755
2609010
2609244
2609432
2609579
2609687
2609883
2610075
2610327
2610364
2610411
2610587
2610629
2610643
2610712
2610776
2610807
2611136
2611236
2611304
2611336
2611417
2611605
2611664
2611853
2612141
2612258
2612432
2612559
2612989
2613071
2613143
2613188
2613193
2613306
2613324
2613465
2613670
2614012
2614174
2614201
2614254
2614406
2614426
2614443
2614492
2614676
2614835
2614906
2614935
2615167
2615459
2615666
2615786
2615918
2615940
2616255
2616342
2616419
2616525
2616558
2616755
2617271
2617318
2617327
2617332
2617376
2617404
2617450
2617466
2617476
2617508
2617588
2617648
2617753
2617787
2617789
2618464
2618553
2618666
2618792
2618799
2619016
2619103
2619116
2619194
2619211
2619318
2619604
2619650
2619654
2619873
2619971
2620154
2620199
2620229
2620393
2620490
2620526
2620542
2620586
2620702
2620705
2620762
2620805
2620934
2620984
2621090
2621097
2621457
2621649
2621866
2621985
2622045
2622074
2622287
2622503
2622504
2622937
2623141
2623322
2623329
2623365
2623651
2623916
2624041
2624058
2624151
2624430
2624472
2624609
2624723
2624759
2624933
2624960
2624970
2625351
2625443
2625525
2625820
2625844
2626121
2626238
2626249
2626335
2626345
2626454
2626689
2626791
2626841
2626864
2626874
2627105
2627231
2627251
2627458
2627486
2627647
2627704
2628087
2628397
2628434
2628510
2628624
2628680
2628712
2628868
2628891
2628898
2628955
2629183
2629393
2629484
2629745
2629861
2629888
2630111
2630122
2630599
2630643
2630677
2630779
2630848
2630954
2631000
2631031
2631226
2631356
2631423
2631469
2631533
2631958
2631966
2632110
2632212
2632229
2632643
2632675
2633064
2633162
2633171
2633595
2633768
2634022
2634104
2634197
2634208
2634227
2634329
2634407
2634587
2634737
2634794
2634983
2635062
2635136
2635456
2635662
2635675
2635813
2635905
2635983
2636015
2636054
2636104
2636168
2636331
2636336
2636488
2636579
2636642
2636687
2636724
2636933
2636964
2637082
2637118
2637262
2637340
2637431
2637581
2637643
2637645
2637663
2637724
2637762
2637846
2637848
2637921
2638252
2638270
2638403
2638640
2638670
2638693
2638860
2638952
2639209
2639426
2639626
2639705
2639863
2639954
2640005
2640260
2640334
2640487
2640571
2640598
2640746
2640778
2640809
2640850
2640918
2640949
2641141
2641302
2641493
2641750
2641881
2642048
2642057
2642080
2642205
2642209
2642360
2642447
2642531
2642622
2642738
2642771
2642797
2642912
2643112
2643139
2643168
2643294
2643680
2643894
2643953
2644036
2644073
2644123
2644168
2644280
2644403
2644427
2644494
2644502
2644767
2644850
2644868
2644950
2644967
2644968
2645199
2645229
2646280
2646559
2646679
2646797
2646803
2646825
2646840
2646931
2647140
2647208
2647240
2647348
2647630
2647727
2647813
2647849
2647935
2648075
2648181
2648285
2648499
2648507
2648727
2649238
2649247
2649321
2649426
2649610
2649971
2650063
2650115
2650278
2650336
2650453
2650484
2650523
2650722
2650872
2650920
2651231
2651325
2651334
2651381
2651503
2651715
2651754
2651959
2652018
2652090
2652188
2652487
2652499
2652643
2652753
2652819
2652827
2652976
2653161
2653259
2653286
2653309
2653578
2653622
2654091
2654642
2654816
2654821
2655078
2655085
2655377
2655382
2655495
2655776
2655871
2655905
2655978
2656083
2656112
2656115
2656144
2656415
2656457
2656466
2656659
2656699
2656867
2656931
2656937
2656985
2657262
2657298
2657316
2657373
2657483
2657484
2657579
2657585
2657688
2657755
2657991
2658018
2658784
2658793
2658846
2658886
2658960
2658987
2658998
2659065
2659068
2659099
2659162
2659961
2660122
2660195
2660201
2660239
2660257
2660509
2660726
2660768
2660805
2660849
2660865
2660922
2661465
2661549
2661630
2661641
2662086
2662121
2662695
2662923
2662951
2663152
2663243
2663286
2663300
2663523
2663738
2663787
2663893
2663902
2663958
2664045
2664174
2664400
2664404
2664442
2664523
2664534
2664646
2664726
2664764
2664832
2664907
2664919
2665343
2665380
2665404
2665434
2665449
2665731
2665765
2665841
2665943
2666087
2666129
2666283
2666365
2666388
2666397
2666399
2666412
2666510
2666631
2666687
2666695
2666995
2667098
2667268
2667365
2667551
2667570
2667664
2667862
2667919
2667984
2668008
2668149
2668359
2668361
2668562
2668602
2668986
2669018
2669079
2669164
2669431
2669559
2669566
2669602
2669737
2669740
2669746
2669786
2669845
2669947
2670191
2670219
2670229
2670245
2670421
2670910
2670951
2671002
2671007
2671048
2671053
2671161
2671194
2671198
2671571
2671755
2671772
2671803
2671837
2672017
2672376
2672390
2672456
2672477
2672764
2672901
2673089
2673230
2673587
2673719
2673815
2673971
2674038
2674263
2674298
2674428
2674591
2674776
2674924
2675064
2675069
2675086
2675105
2675114
2675201
2675356
2675395
2675440
2675472
2675672
2675746
2675883
2675917
2676268
2676411
2676488
2676508
2676514
2676532
2676578
2676579
2676587
2676608
2676825
2676896
2677032
2677151
2677246
2677267
2677397
2677849
2677863
2677978
2678057
2678128
2678207
2678347
2678355
2678369
2678428
2678483
2678749
2678817
2679032
2679125
2679195
2679377
2679428
2679517
2679567
2679579
2679885
2680079
2680154
2680337
2680606
2680651
2680672
2680773
2680784
2680862
2680887
2681081
2681204
2681378
2681765
2681866
2681893
2681923
2681952
2682075
2682204
2682241
2682263
2682294
2682414
2682553
2682712
2682822
2683027
2683046
2683112
2683170
2683223
2683260
2683315
2683388
2683579
2683688
2683963
2684072
2684213
2684493
2684527
2684941
2684974
2685132
2685182
2685183
2685345
2685373
2685418
2685525
2685640
2685689
2685716
2685775
2685828
2686001
2686008
2686157
2686179
2686232
2686506
2686557
2686566
2686581
2686690
2686697
2686776
2686925
2686955
2686987
2687030
2687110
2687179
2687209
2687268
2687272
2687309
2687372
2687498
2687615
2687869
2688146
2688682
2688726
2688841
2688900
2688928
2688990
2689052
2689172
2689543
2689547
2689563
2689625
2689694
2689696
2690055
2690123
2690178
2690224
2690239
2690434
2690601
2690696
2690808
2690869
2691071
2691083
2691186
2691332
2691338
2691431
2691629
2691718
2691726
2691769
2691794
2691809
2691897
2692032
2692081
2692505
2692647
2692799
2693236
2693691
2693772
2693995
2694023
2694037
2694153
2694329
2694424
2694908
2694910
2695425
2695470
2695641
2695767
2695958
2696001
2696309
2696429
2696780
2696796
2696869
2696954
2697335
2697706
2697733
2697799
2698012
2698038
2698070
2698107
2698246
2698329
2698578
2698595
2698619
2698761
2698999
2699088
2699330
2699404
2699484
2699515
2699623
2699753
2699756
2699774
2699820
2699902
2700159
2700341
2700366
2700901
2700999
2701003
2701361
2701460
2701462
2701504
2701707
2701828
2701873
2702007
2702086
2702090
2702171
2702347
2702397
2702414
2702471
2702475
2702589
2702787
2702824
2702838
2702875
2702904
2702941
2702976
2703137
2703146
2703250
2703781
2703814
2703828
2704090
2704445
2704452
2704473
2704632
2704685
2704821
2705616
2705670
2705802
2705898
2706158
2706191
2706391
2706425
2706498
2706499
2706513
2706543
2706567
2706722
2706806
2706822
2707044
2707061
2707447
2707629
2707893
2707894
2707967
2708048
2708074
2708136
2708154
2708351
2708376
2708593
2708628
2708769
2708939
2708948
2708970
2709037
2709372
2709382
2709491
2709631
2709883
2710029
2710072
2710364
2710507
2710516
2710717
2710752
2710754
2710767
2711175
2711223
2711246
2711317
2711371
2711727
2711875
2711974
2712185
2712229
2712271
2712774
2712830
2712847
2713034
2713139
2713216
2713382
2713563
2713588
2713593
2713728
2714053
2714173
2714284
2714310
2714383
2714722
2714881
2714961
2715055
2715071
2715094
2715098
2715165
2715298
2715366
2715642
2715937
2715974
2716223
2716280
2716533
2716946
2717118
2717143
2717183
2717319
2717431
2717449
2717564
2717626
2717645
2717715
2717808
2717822
2718009
2718138
2718511
2718567
2718688
2718784
2719031
2719125
2719130
2719160
2719359
2719502
2719691
2719724
2720003
2720037
2720247
2720417
2720570
2720727
2720849
2721248
2721251
2721466
2721596
2721691
2721701
2721714
2721777
2721817
2721944
2722052
2722119
2722121
2722196
2722437
2722753
2722948
2723272
2723359
2723538
2723558
2723707
2723794
2723800
2723942
2724116
2724165
2724243
2724270
2724323
2724396
2724496
2724643
2724976
2725115
2725135
2725527
2725672
2725700
2725713
2725719
2725969
2726516
2726652
2726777
2726932
2727369
2727440
2727665
2727717
2727838
2728077
2728085
2728127
2728471
2728478
2728523
2728711
2728741
2728768
2728770
2728801
2728886
2728959
2729119
2729358
2729948
2730050
2730120
2730301
2730494
2730685
2730708
2730739
2730979
2731183
2731487
2731536
2731599
2731609
2731655
2731764
2731818
2731939
2732053
2732069
2732099
2732336
2732380
2732823
2732914
2732966
2733110
2733194
2733296
2733747
2733995
2734118
2734389
2734423
2734714
2734725
2734798
2734847
2734944
2735069
2735122
2735343
2735408
2735523
2735778
2735786
2735891
2736064
2736105
2736305
2736391
2736518
2736756
2736941
2737181
2737251
2737266
2737272
2737310
2737477
2737527
2737783
2737858
2738075
2738176
2738267
2738420
2738472
2738593
2738885
2738901
2738961
2738991
2739152
2739186
2739208
2739235
2739608
2739610
2739930
2739984
2740077
2740180
2740433
2740447
2740462
2740483
2740488
2740581
2740768
2740836
2740903
2741035
2741086
2741129
2741171
2741212
2741256
2741429
2741514
2741547
2741592
2741702
2741973
2742035
2742303
2742380
2742521
2742557
2742645
2742953
2743018
2743026
2743049
2743071
2743237
2743351
2743412
2743494
2743642
2743677
2743698
2743816
2743848
2744006
2744151
2744199
2744266
2744278
2744295
2744306
2744478
2744499
2744514
2744615
2744628
2744792
2744851
2744883
2744958
2745025
2745099
2745318
2745664
2745709
2745750
2745980
2746059
2746146
2746467
2746476
2746486
2746515
2746811
2746893
2746904
2746912
2746950
2746959
2747030
2747054
2747060
2747157
2747158
2747165
2747182
2747280
2747289
2747705
2747713
2747916
2748020
2748079
2748121
2748132
2748162
2748253
2748279
2748506
2748703
2749075
2749551
2749665
2749691
2749771
2750011
2750033
2750100
2750572
2750901
2750912
2751066
2751226
2751312
2751326
2751344
2751360
2751481
2751575
2752399
2752423
2752469
2752478
2752493
2752530
2752620
2752622
2752704
2752940
2752945
2753033
2753086
2753221
2753316
2753402
2753664
2753734
2754000
2754094
2754490
2754532
2754676
2754699
2754727
2754806
2755028
2755036
2755286
2755290
2755318
2755342
2755555
2755598
2755639
2755664
2755700
2755755
2755824
2755838
2755840
2755892
2755968
2756185
2756241
2756414
2756871
2756970
2757043
2757082
2757263
2757420
2757493
2757605
2757606
2757635
2757707
2757884
2757968
2757975
2758159
2758205
2758273
2758354
2758435
2758438
2758458
2758548
2758577
2758707
2758737
2758880
2759144
2759277
2759381
2759395
2759403
2759456
2759490
2759742
2759788
2760622
2760751
2760793
2760892
2760980
2761139
2761159
2761255
2761649
2761870
2762059
2762118
2762168
2762234
2762379
2762442
2762457
2762705
2762784
2762786
2762827
2762869
2762884
2762894
2762912
2762947
2762971
2763260
2763533
2763578
2763613
2763814
2763930
2764003
2764128
2764137
2764138
2764147
2764269
2764342
2764771
2764931
2765014
2765175
2765270
2765362
2765578
2765584
2765780
2765797
2765838
2766076
2766255
2766293
2766326
2766587
2766590
2766633
2766641
2766714
2767284
2767593
2767624
2767956
2767966
2768048
2768098
2768211
2768304
2768334
2768688
2768731
2768795
2769006
2769367
2769455
2769512
2769613
2769801
2770160
2770346
2770376
2770411
2770858
2770916
2770919
2771007
2771668
2771685
2771957
2771961
2772147
2772689
2772788
2772819
2772906
2773200
2773358
2773444
2773469
2773514
2773581
2773679
2773786
2773833
2773960
2773981
2774046
2774072
2774091
2774177
2774279
2774358
2774430
2774568
2774608
2774740
2774782
2774997
2775368
2775393
2775428
2775466
2775557
2775708
2776010
2776102
2776387
2776438
2776464
2776676
2776819
2776827
2777026
2777117
2777221
2777299
2777368
2777384
2777438
2777454
2777575
2777817
2777819
2777870
2777890
2777897
2778010
2778197
2778262
2778288
2778293
2778309
2778319
2779041
2779167
2779266
2779477
2779507
2779513
2779547
2779629
2779780
2780017
2780056
2780495
2780497
2780803
2781076
2781129
2781351
2781583
2781608
2781644
2781656
2781685
2782044
2782151
2782389
2782508
2782688
2783149
2783265
2783320
2783360
2783398
2783444
2783632
2783651
2783667
2783850
2783887
2783898
2783988
2784234
2784328
2784374
2784450
2784547
2784586
2784612
2784695
2784757
2784809
2784826
2784910
2784965
2784991
2785048
2785127
2785296
2785466
2785703
2785711
2786103
2786241
2786273
2786603
2786684
2786748
2786856
2786895
2786985
2787047
2787200
2787258
2787333
2787397
2787412
2787453
2787497
2787546
2787605
2787627
2787658
2787759
2787795
2787836
2787845
2787850
2787959
2787981
2788000
2788020
2788052
2788115
2788130
2788499
2788623
2788708
2789063
2789205
2789402
2789696
2789703
2789755
2789790
2789807
2789822
2790109
2790202
2790265
2790310
2790717
2790782
2790871
2791111
2791216
2791498
2791525
2791619
2791813
2791988
2792004
2792013
2792210
2792266
2792345
2792854
2792900
2792928
2793216
2793315
2793494
2793529
2793637
2793775
2793906
2793946
2794163
2794400
2794459
2794490
2794638
2794711
2794721
2794979
2794980
2795026
2795113
2795235
2795267
2795317
2795397
2795441
2795512
2795563
2795590
2795755
2795781
2795790
2795811
2795839
2796052
2796148
2796162
2796186
2796276
2796286
2796346
2796389
2796460
2796472
2796504
2796729
2797006
2797009
2797043
2797162
2797165
2797243
2797365
2797426
2797473
2797530
2797981
2798233
2798268
2798406
2798522
2798847
2799133
2799198
2799289
2799409
2799451
2799489
2799784
2799790
2799968
2800359
2800511
2800726
2800805
2800913
2800995
2801026
2801141
2801183
2801207
2801263
2801348
2801531
2801739
2801799
2801879
2802065
2802299
2802354
2802405
2802696
2802904
2802907
2803160
2803282
2803546
2803598
2803627
2803703
2803893
2803929
2804140
2804316
2804346
2804667
2804965
2805044
2805045
2805156
2805327
2805394
2805425
2805598
2806318
2806587
2806751
2807020
2807021
2807028
2807153
2807275
2807334
2807337
2807341
2807466
2807592
2807719
2807886
2807936
2808004
2808138
2808158
2808276
2808281
2808312
2808414
2808501
2808746
2808960
2809075
2809140
2809235
2809413
2809429
2809471
2809712
2809764
2810030
2810156
2810309
2810357
2810535
2811003
2811017
2811059
2811158
2811169
2811245
2811583
2811762
2812114
2812195
2812368
2812371
2812448
2812479
2812492
2812645
2812670
2812694
2812783
2812814
2812908
2813009
2813035
2813082
2813507
2813581
2813611
2813624
2814081
2814136
2814190
2814192
2814197
2814480
2814831
2815187
2815249
2815251
2815561
2816200
2816207
2816248
2816431
2816517
2816656
2816668
2816704
2816740
2816833
2816940
2817202
2817286
2817371
2817376
2817448
2817518
2817751
2817905
2817995
2818141
2818303
2818319
2818409
2818492
2818493
2818495
2819053
2819286
2819324
2819360
2819459
2819519
2819698
2819732
2820143
2820147
2820233
2820387
2820424
2820555
2820588
2820620
2820769
2820844
2820916
2820955
2821287
2821320
2821357
2821452
2821525
2821836
2821874
2821906
2821945
2822193
2822332
2822367
2822452
2822556
2822707
2822987
2823692
2823800
2823921
2823948
2824097
2824260
2824281
2824402
2824521
2824800
2824804
2825025
2825063
2825077
2825208
2825273
2825628
2825771
2825819
2825843
2825910
2825927
2826125
2826175
2826428
2826655
2826803
2826885
2826981
2827092
2827352
2827420
2827440
2827821
2827978
2828045
2828269
2828413
2828456
2828478
2828508
2828702
2828752
2828871
2828889
2829036
2829057
2829130
2829142
2829379
2829635
2829725
2829786
2829821
2829957
2830000
2830017
2830026
2830031
2830054
2830082
2830371
2830398
2830470
2830746
2830773
2830894
2830914
2830921
2831055
2831146
2831252
2831319
2831470
2831566
2831799
2831812
2832039
2832090
2832096
2832354
2832373
2832459
2832622
2832872
2832980
2833046
2833277
2833291
2833295
2833426
2834457
2834614
2834635
2834706
2834750
2835065
2835121
2835198
2835258
2835313
2835345
2835433
2835611
2835628
2835757
2835850
2835899
2835950
2835968
2835991
2836242
2836748
2836840
2837019
2837036
2837042
2837602
2837673
2838188
2838460
2838514
2838857
2838984
2839080
2839126
2839252
2839308
2839522
2839534
2839630
2839664
2839741
2839835
2839880
2839881
2840055
2840085
2840092
2840266
2840323
2840339
2840372
2840410
2840731
2841029
2841048
2841230
2841261
2841355
2841390
2841496
2841538
2841664
2841712
2841729
2841939
2842245
2842341
2842572
2842602
2842617
2842706
2842708
2843209
2843344
2843564
2843576
2843605
2843714
2843731
2843749
2843772
2843785
2843917
2843954
2843977
2844084
2844152
2844186
2844351
2844422
2844592
2844618
2844649
2844727
2844769
2844812
2844960
2845071
2845151
2845262
2845303
2845460
2845774
2845817
2845842
2845885
2845923
2846117
2846444
2846588
2846802
2847158
2847219
2847267
2847285
2847406
2847443
2847447
2847709
2847778
2847897
2847902
2847916
2847942
2848211
2848338
2848517
2848527
2848730
2848993
2849252
2849320
2849427
2849579
2849632
2849761
2849763
2849773
2849779
2849818
2849849
2850020
2850065
2850078
2850283
2850372
2850446
2850639
2850783
2850927
2851303
2851465
2851477
2851534
2851565
2851739
2851776
2851848
2851997
2852060
2852123
2852210
2852251
2852340
2852390
2852411
2852445
2852530
2852619
2852621
2852756
2852794
2852801
2852902
2852913
2852982
2853088
2853514
2853612
2853829
2854094
2854158
2854431
2854509
2854578
2854632
2854637
2854641
2854942
2855099
2855120
2855787
2856132
2856318
2856342
2856549
2856717
2856798
2856800
2857016
2857083
2857275
2857290
2857463
2857520
2857562
2857624
2857821
2858107
2858132
2858134
2858194
2858293
2858456
2858506
2858530
2858554
2858761
2858861
2859231
2859291
2859597
2859601
2859972
2860015
2860087
2860224
2860292
2860420
2860422
2860566
2860806
2861038
2861076
2861087
2861161
2861185
2861252
2861435
2861734
2861911
2862022
2862141
2862143
2862186
2862202
2862241
2862344
2862345
2862352
2862370
2862440
2862735
2862792
2863061
2863110
2863150
2863194
2863200
2863403
2863530
2863553
2863746
2863767
2863984
2864121
2864134
2864155
2864202
2864465
2864557
2864857
2864976
2865024
2865044
2865115
2865365
2865685
2865870
2866019
2866030
2866161
2866470
2866524
2866633
2866658
2866731
2866822
2866859
2867055
2867178
2867296
2867322
2867368
2867396
2867473
2867583
2867785
2867841
2867878
2867925
2868079
2868182
2868591
2868619
2868635
2868816
2868968
2869077
2869101
2869104
2869219
2869316
2869816
2870173
2870299
2870541
2870646
2870979
2871316
2871356
2871566
2871590
2871733
2871985
2872314
2872363
2872695
2872848
2872858
2872922
2872933
2872942
2873043
2873064
2873227
2873367
2873476
2873500
2874035
2874397
2874407
2874476
2874538
2874759
2874981
2874986
2875105
2875118
2875150
2875198
2875534
2875624
2875747
2875909
2875956
2876164
2876231
2876257
2876304
2876343
2876545
2876640
2877014
2877045
2877127
2877252
2877410
2877536
2877623
2877681
2878072
2878141
2878239
2878693
2878747
2878813
2879015
2879172
2879403
2879602
2879623
2879647
2879729
2879845
2879854
2879945
2879982
2880182
2880269
2880635
2880663
2880738
2880826
2880955
2881055
2881067
2881097
2881139
2881569
2881572
2881852
2881861
2881959
2882072
2882237
2882384
2882404
2882442
2882552
2882566
2882758
2882808
2882888
2882919
2883058
2883109
2883141
2883178
2883244
2883282
2883359
2883436
2883474
2883551
2883614
2883883
2883912
2883914
2884063
2884579
2884581
2884694
2884735
2884849
2884911
2885025
2885184
2885339
2885434
2885858
2885867
2885909
2886054
2886132
2886205
2886331
2886588
2886654
2886687
2886935
2887195
2887361
2887518
2887657
2887682
2887706
2888007
2888015
2888033
2888113
2888120
2888216
2888224
2888243
2888335
2888538
2888777
2888856
2889032
2889139
2889514
2889540
2889879
2889881
2890292
2890362
2890406
2890411
2890514
2890532
2890611
2890753
2890874
2890921
2890941
2891069
2891207
2891217
2891267
2891290
2891685
2891705
2891710
2891994
2892010
2892026
2892043
2892174
2892335
2892511
2892702
2892747
2892834
2892852
2893230
2893251
2893390
2893544
2893585
2893698
2893784
2893849
2893934
2894112
2894161
2894170
2894182
2894402
2894569
2894687
2894774
2895035
2895423
2895606
2895820
2895883
2895944
2895955
2896050
2896055
2896285
2896298
2896524
2896814
2897284
2897466
2897639
2897838
2897880
2898062
2898072
2898075
2898296
2898419
2898510
2898687
2898848
2898868
2898932
2898939
2898971
2899103
2899126
2899165
2899169
2899242
2899413
2899433
2899616
2899701
2899709
2899881
2900054
2900273
2900370
2900389
2900509
2900565
2900889
2901254
2901329
2901483
2901693
2901695
2902128
2902251
2902409
2902601
2903105
2903432
2903474
2903544
2903622
2903662
2903804
2903816
2903819
2904140
2904291
2904463
2904498
2904525
2904545
2904717
2904868
2904917
2905119
2905236
2905342
2905421
2905528
2905569
2905932
2905976
2906030
2906070
2906180
2906193
2906369
2906429
2906456
2906569
2906629
2906649
2906782
2906921
2906977
2907060
2907135
2907194
2907325
2907386
2907421
2907672
2908158
2908239
2908386
2908417
2908478
2908573
2908671
2908690
2908754
2908775
2908856
2908998
2909023
2909166
2909232
2909280
2909452
2909537
2909628
2909636
2909789
2909919
2909945
2909947
2909973
2910368
2910495
2910600
2910819
2911045
2911180
2911233
2911235
2911845
2911897
2912012
2912397
2912753
2913154
2913402
2913446
2913793
2913839
2913870
2913873
2913884
2913998
2914181
2914305
2914447
2914758
2914951
2914973
2914991
2915089
2915256
2915480
2915848
2915960
2915969
2916015
2916019
2916055
2916101
2916323
2916354
2916397
2916818
2916882
2917103
2917121
2917195
2917306
2917553
2917619
2918085
2918187
2918249
2918264
2918367
2918586
2918612
2918878
2918946
2918960
2919031
2919245
2919533
2919568
2919679
2919958
2920465
2920859
2920938
2920998
2921136
2921256
2921294
2921318
2921327
2921388
2921405
2921613
2921635
2921755
2921977
2922059
2922065
2922079
2922104
2922121
2922158
2922218
2922416
2922452
2922616
2922624
2923013
2923049
2923066
2923082
2923426
2923732
2923895
2924032
2924368
2924430
2924496
2924500
2924617
2924619
2924778
2924908
2925099
2925189
2925680
2925753
2925790
2925792
2926061
2926102
2926119
2926214
2926433
2926493
2926515
2926542
2926608
2926660
2926844
2926903
2927694
2927776
2927952
2927977
2928753
2928776
2928800
2928945
2929011
2929059
2929400
2929521
2929764
2929811
2929883
2930207
2930294
2930315
2930557
2931020
2931052
2931128
2931506
2931520
2931913
2931933
2932018
2932199
2932310
2932430
2932490
2932840
2932888
2932931
2932987
2933104
2933277
2933339
2933574
2933775
2933900
2933936
2933938
2934142
2934198
2934275
2934471
2934489
2934526
2934656
2934871
2935361
2935423
2935457
2935469
2935473
2935568
2935642
2935796
2935895
2935972
2936071
2936207
2936286
2936646
2936680
2936705
2937180
2937464
2937529
2937563
2937768
2938092
2938113
2938271
2938326
2938594
2938809
2938818
2938993
2938997
2939011
2939044
2939177
2939307
2939312
2939372
2939461
2940056
2940109
2940181
2940236
2940241
2940321
2940498
2940525
2940577
2940738
2940871
2940943
2940956
2940962
2941012
2941175
2941308
2941317
2941326
2941442
2941460
2941519
2941577
2941950
2942020
2942122
2942131
2942235
2942239
2942423
2942929
2943101
2943140
2943193
2943282
2943297
2943483
2943533
2943626
2943641
2943767
2943871
2944196
2944402
2944418
2944657
2944780
2944837
2944937
2944993
2945102
2945109
2945201
2945503
2945716
2945750
2945909
2945918
2946131
2946132
2946249
2946451
2946550
2946599
2946642
2946790
2946836
2946990
2947279
2947336
2947566
2947651
2947733
2947788
2947829
2947877
2947964
2948084
2948109
2948200
2948464
2948594
2948631
2948718
2948808
2948873
2948894
2948952
2948996
2949628
2949705
2949789
2949975
2949988
2950025
2950055
2950281
2950360
2950472
2950555
2950607
2950688
2950801
2950872
2950951
2950968
2950990
2951405
2951699
2951848
2951951
2952170
2952250
2952375
2952437
2952444
2952551
2953223
2953365
2953570
2953583
2953708
2954095
2954108
2954252
2954290
2954436
2954488
2954735
2954761
2954797
2954838
2954918
2955154
2955290
2955348
2955501
2955538
2955668
2955738
2955782
2955888
2956017
2956229
2956323
2956332
2956502
2956568
2956573
2956744
2956995
2957201
2957320
2957527
2957571
2957629
2957700
2957746
2957878
2957979
2958158
2958363
2958642
2958728
2958954
2959322
2959396
2959446
2959662
2959837
2959881
2959940
2960062
2960223
2960258
2960425
2960439
2960526
2960721
2961134
2961197
2961262
2961426
2961570
2961604
2961736
2961762
2961812
2961951
2962000
2962210
2962262
2962387
2962526
2962892
2962905
2963081
2963155
2963272
2963411
2963547
2963696
2963780
2963864
2964021
2964207
2964363
2964427
2964652
2964710
2965254
2965386
2965488
2965777
2965820
2965850
2966002
2966004
2966255
2966290
2966364
2966499
2966506
2966737
2966777
2966944
2967188
2967372
2967388
2967406
2967550
2967720
2967766
2967870
2968001
2968013
2968185
2968233
2968284
2968339
2968492
2969033
2969073
2969337
2969497
2969675
2969857
2969943
2969959
2970019
2970109
2970217
2970266
2970499
2970525
2970939
2971065
2971235
2971430
2971578
2971632
2971700
2971739
2971740
2971856
2972276
2972528
2972582
2972618
2972621
2972622
2972633
2972646
2972869
2973001
2973002
2973283
2973288
2973437
2973612
2973649
2973720
2973721
2974470
2974596
2974706
2974758
2974897
2974929
2975022
2975076
2975104
2975136
2975341
2975444
2975797
2976250
2976655
2976696
2976860
2976918
2976978
2977036
2977049
2977355
2977439
2977475
2977651
2977659
2977695
2977994
2978429
2978480
2978546
2978605
2978739
2979271
2979381
2979426
2979461
2979578
2979625
2979745
2979757
2979904
2980314
2980538
2980608
2980679
2980899
2981051
2981213
2981458
2981560
2981834
2981837
2981943
2982205
2982225
2982498
2982522
2982557
2982583
2982897
2983145
2983196
2983279
2983594
2984080
2984122
2984283
2984316
2984376
2984508
2984743
2984792
2985018
2985076
2985202
2985282
2985370
2985427
2985457
2985529
2985578
2985697
2985853
2985955
2986038
2986280
2986344
2986455
2986467
2986544
2986560
2986623
2986794
2986852
2986892
2986925
2987067
2987151
2987172
2987261
2987278
2987432
2987481
2987684
2987795
2987812
2988069
2988166
2988169
2988296
2988968
2989134
2989301
2989352
2989390
2989406
2989473
2989643
2989699
2989704
2990134
2990168
2990170
2990310
2990528
2990561
2990591
2990745
2990769
2990869
2991064
2991165
2991324
2991394
2991661
2991668
2991761
2991768
2991811
2992069
2992349
2992430
2992459
2992489
2992531
2992611
2992632
2992695
2992712
2992786
2992829
2992984
2993014
2993267
2993673
2993698
2994266
2994434
2994443
2994448
2994555
2994587
2994656
2994912
2995132
2995234
2995362
2995455
2995469
2995590
2995733
2995886
2995926
2995938
2996004
2996086
2996093
2996168
2996424
2996439
2996440
2996507
2996655
2996711
2996750
2996907
2997010
2997019
2997261
2997488
2997556
2997768
2997883
2998064
2998184
2998481
2998630
2999026
2999360
2999637
2999725
2999748
2999760
2999807
3000298
3000422
3000679
3000973
3001123
3001214
3001396
3001456
3001534
3001578
3001605
3001687
3001886
3002016
3002020
3002080
3002447
3002598
3002599
3002676
3002856
3002918
3003162
3003206
3003266
3003464
3003892
3003957
3004104
3004188
3004515
3004525
3004589
3004746
3004774
3004810
3004995
3004996
3005381
3005408
3005410
3005583
3005678
3005693
3005709
3005779
3006061
3006196
3006231
3006413
3006465
3006586
3006587
3006739
3006778
3006824
3006895
3006964
3007008
3007010
3007035
3007085
3007143
3007154
3007206
3007295
3007799
3007885
3007953
3008021
3008086
3008152
3008210
3008686
3008925
3008932
3008969
3009042
3009074
3009292
3009455
3010318
3010443
3010615
3010639
3010679
3010726
3011044
3011077
3011093
3011127
3011162
3011211
3011299
3011343
3011400
3011546
3011559
3011643
3011668
3011794
3011886
3011906
3011953
3012140
3012156
3012297
3012552
3012561
3012600
3012669
3012830
3012983
3013003
3013058
3013191
3013196
3013306
3013326
3013332
3013589
3013627
3013780
3013917
3014270
3014340
3014355
3014434
3014670
3014716
3014816
3014910
3014971
3014974
3015047
3015092
3015155
3015317
3015326
3015330
3015364
3015411
3015425
3015462
3015494
3015559
3015657
3015771
3016130
3016359
3016470
3016583
3016639
3016820
3017213
3017270
3017293
3017393
3017547
3017610
3017637
3017752
3017961
3018060
3018255
3018335
3018384
3018469
3018580
3018603
3018638
3018843
3019027
3019140
3019282
3019330
3019340
3019443
3019507
3019648
3019906
3019920
3020194
3020307
3020546
3020595
3020670
3020859
3021080
3021159
3021195
3021217
3021243
3021276
3021300
3021340
3021395
3021454
3021583
3021633
3021661
3021679
3021920
3021948
3022045
3022061
3022156
3022559
3022706
3022771
3022829
3022831
3022853
3022999
3023026
3023076
3023353
3023509
3023633
3023787
3024069
3024234
3024824
3024966
3024969
3025035
3025197
3025224
3025285
3025309
3025663
3026147
3026269
3026286
3026337
3026356
3026426
3026777
3026885
3027026
3027185
3027220
3027639
3027757
3027961
3028313
3028371
3028416
3028528
3028646
3028678
3028891
3028992
3029294
3029307
3029692
3029854
3029908
3029957
3030000
3030030
3030216
3030266
3030357
3030521
3030545
3030549
3030652
3030664
3030751
3031022
3031542
3031580
3031717
3032156
3032344
3032368
3032888
3033060
3033164
3033203
3033250
3033298
3033382
3033407
3033638
3033775
3034257
3034287
3034359
3034552
3034591
3034667
3034725
3034728
3034802
3035070
3035123
3035167
3035187
3035196
3035207
3035250
3035411
3035433
3035608
3035816
3035891
3036226
3036374
3036440
3036511
3036816
3037056
3037076
3037096
3037217
3037334
3037388
3037399
3037471
3037479
3037529
3037572
3037781
3038025
3038492
3038769
3038845
3038868
3038945
3038977
3039209
3039236
3039331
3039388
3039521
3039607
3040137
3040228
3040253
3040356
3040567
3040625
3040761
3040873
3040941
3041029
3041111
3041177
3041250
3041283
3041408
3041484
3041695
3041802
3041841
3041977
3041979
3041992
3042028
3042193
3042198
3042340
3042354
3042375
3042748
3042752
3042848
3043029
3043082
3043215
3043264
3043590
3043598
3043710
3043720
3043841
3044288
3044309
3044369
3044484
3044891
3045020
3045308
3045526
3045608
3045609
3045623
3045738
3045741
3045881
3045907
3045944
3046325
3046370
3046468
3046480
3046588
3046770
3046836
3046868
3046916
3047171
3047219
3047465
3047488
3047607
3047728
3047857
3048230
3048244
3048401
3048496
3048518
3048614
3048671
3049007
3049015
3049156
3050284
3050314
3050413
3050425
3050486
3050570
3050748
3050862
3051028
3051341
3051417
3051442
3051466
3051532
3051544
3051572
3051650
3051686
3051855
3051979
3051980
3052017
3052162
3052222
3052229
3052640
3052850
3053032
3053238
3053337
3053880
3054008
3054027
3054089
3054230
3054632
3054863
3054904
3054939
3054949
3054977
3055010
3055123
3055556
3055824
3055885
3055998
3056033
3056219
3056506
3056507
3056512
3056526
3056547
3056797
3056866
3056917
3056989
3057008
3057027
3057036
3057075
3057203
3057323
3057342
3057577
3058034
3058219
3058259
3058312
3058332
3058498
3058686
3058704
3059026
3059412
3059549
3059628
3060354
3060383
3060420
3060447
3060468
3060597
3060811
3060847
3060949
3061071
3061509
3061558
3061822
3061895
3062305
3062306
3062436
3062599
3062937
3063063
3063080
3063240
3063682
3063693
3063731
3063810
3063861
3064143
3064182
3064254
3064298
3064340
3064529
3064769
3064869
3064975
3065148
3065391
3065445
3065479
3065494
3065499
3065524
3065585
3065617
3065759
3065763
3065806
3065880
3065988
3066208
3066361
3066444
3066500
3066509
3066517
3066564
3066687
3066757
3066870
3067019
3067143
3067157
3067175
3067177
3067700
3068006
3068180
3068187
3068235
3068252
3068270
3068277
3068561
3068603
3068860
3068903
3069140
3069184
3069272
3069282
3069298
3069655
3069883
3069893
3069994
3070250
3070379
3070383
3070538
3070600
3070614
3070701
3070819
3070826
3070918
3070990
3070996
3071056
3071343
3071369
3071595
3071644
3071976
3072194
3072591
3072706
3072846
3072916
3072966
3072968
3073061
3073307
3073458
3073486
3073500
3073554
3073571
3073612
3073633
3073908
3073938
3073965
3074041
3074128
3074140
3074220
3074366
3074428
3074458
3074548
3074591
3074662
3074885
3074943
3074950
3075049
3075095
3075131
3075132
3075376
3075385
3075397
3075401
3075466
3076051
3076124
3076188
3076219
3076379
3076435
3076727
3076789
3076883
3076982
3077002
3077050
3077160
3077319
3077346
3077580
3077623
3077665
3078335
3078494
3078648
3078713
3078774
3079104
3079194
3079470
3079496
3079828
3079869
3080071
3080180
3080224
3080409
3080427
3080455
3080462
3080475
3080621
3080676
3080854
3081057
3081359
3081527
3081725
3081904
3082087
3082246
3082274
3082287
3082442
3082503
3082608
3082706
3082747
3083039
3083064
3083395
3083718
3083761
3084181
3084230
3084278
3084386
3084588
3084711
3084733
3084853
3085068
3085182
3085266
3085491
3085551
3085673
3085720
3085987
3086321
3086351
3086416
3086518
3086586
3086827
3086889
3086969
3087121
3087264
3087338
3087556
3087561
3087593
3088342
3088369
3088416
3088491
3088633
3088746
3089117
3089221
3089743
3089793
3089848
3090356
3090440
3090464
3090761
3091129
3091148
3091170
3091180
3091181
3091283
3091466
3091514
3091546
3091574
3091665
3091670
3091738
3091791
3091797
3092026
3092106
3092189
3092375
3092487
3092619
3092735
3093142
3093635
3093781
3093942
3094238
3094425
3094465
3094560
3094573
3094588
3094625
3094745
3095483
3095661
3096315
3096341
3096407
3096423
3096470
3096529
3096749
3096944
3096946
3097003
3097019
3097026
3097188
3097257
3097895
3097910
3097968
3098007
3098117
3098247
3098535
3098821
3098915
3098965
3099060
3099106
3099176
3099293
3099386
3099483
3099957
3100093
3100096
3100164
3100200
3100241
3100523
3100623
3100644
3100762
3100845
3101388
3101590
3101781
3101800
3101994
3102063
3102256
3102281
3102364
3102774
3102822
3103037
3103072
3103318
3103333
3103386
3103413
3103473
3103784
3103931
3104151
3104399
3104581
3104641
3104893
3105109
3105224
3105234
3105337
3105355
3105381
3105423
3105457
3105501
3105581
3105765
3105798
3105923
3105952
3106201
3106319
3106374
3106386
3107156
3107499
3107668
3107671
3107699
3107750
3107900
3107911
3107993
3108033
3108265
3108277
3108292
3108335
3108345
3108409
3108669
3108694
3108796
3109005
3109141
3109411
3109425
3109443
3109478
3109779
3109885
3109939
3109972
3110004
3110020
3110055
3110124
3110321
3110353
3110389
3110436
3110608
3111067
3111404
3111447
3111452
3111665
3111752
3111813
3112216
3112326
3112439
3112677
3112696
3113510
3113630
3113690
3113768
3113780
3114110
3114216
3114298
3114415
3115009
3115132
3115176
3115253
3115525
3115532
3115632
3115642
3115702
3115772
3115873
3116050
3116194
3116396
3116403
3116518
3116809
3116875
3117418
3117760
3117774
3117995
3118120
3118136
3118236
3118342
3118472
3118692
3118712
3118854
3118880
3119004
3119099
3119290
3119365
3119455
3119659
3119969
3120028
3120036
3120070
3120221
3120257
3120281
3120301
3120353
3120400
3120542
3120655
3120731
3120741
3120748
3120825
3120868
3120888
3121018
3121032
3121047
3121085
3121451
3121516
3121687
3121763
3121959
3122123
3122294
3122295
3122324
3122438
3122491
3122821
3123130
3123239
3123308
3123522
3123726
3123728
3123814
3124968
3125136
3125441
3126035
3126204
3126295
3126363
3126503
3126679
3126952
3127007
3127200
3127271
3127525
3127678
3127781
3127850
3128076
3128135
3128340
3128439
3128915
3128944
3128990
3129177
3129178
3129330
3129342
3129346
3129419
3129662
3129952
3130053
3130085
3130160
3130739
3130874
3130970
3131173
3131192
3131237
3131275
3131367
3131404
3131479
3131780
3131950
3132192
3132277
3132495
3132698
3132866
3132879
3133147
3133788
3133789
3133889
3133905
3133997
3134149
3134244
3134351
3134467
3134697
3134704
3134899
3134951
3135301
3135309
3135396
3135469
3135471
3135574
3135651
3135693
3135766
3135927
3135989
3136017
3136048
3136177
3136383
3136551
3136674
3137020
3137062
3137100
3137194
3137548
3137600
3137742
3137953
3137990
3138147
3138264
3138416
3138477
3138643
3138841
3138975
3138983
3139064
3139258
3139320
3139327
3139328
3139472
3139532
3139954
3140016
3140063
3140207
3140448
3140511
3140591
3141134
3141225
3141271
3141308
3141454
3141539
3141608
3141653
3141708
3142033
3142040
3142090
3142354
3142424
3142441
3142786
3143142
3143339
3143657
3143660
3143903
3143983
3144348
3144403
3144418
3144550
3144696
3144729
3145140
3145336
3145401
3145436
3145604
3145825
3145865
3145932
3145937
3146100
3146130
3146324
3146418
3146548
3146979
3147041
3147124
3147637
3147668
3147785
3147892
3148122
3148171
3148312
3148562
3148604
3148732
3148874
3148875
3148934
3148959
3149210
3149216
3149516
3149563
3149657
3149685
3149717
3149955
3150028
3150145
3150290
3150334
3150377
3150401
3150553
3150630
3151025
3151354
3151553
3151732
3151959
3152071
3152093
3152185
3152256
3152360
3152386
3152669
3152860
3152873
3153046
3153191
3153205
3153331
3153529
3153570
3153577
3153578
3153682
3153850
3154167
3154189
3154347
3154378
3154398
3154470
3154511
3154519
3154588
3154633
3154679
3154698
3154900
3154924
3154958
3155072
3155124
3155193
3155218
3155332
3155355
3155471
3155604
3155607
3155760
3156003
3156016
3156142
3156182
3156208
3156458
3156775
3156848
3156906
3156971
3157071
3157199
3157397
3157517
3157528
3157667
3157693
3157925
3158049
3158150
3158330
3158394
3158434
3158548
3158847
3158877
3158919
3159138
3159372
3159476
3159578
3159702
3159772
3159952
3160004
3160281
3160484
3160636
3160770
3160785
3160931
3161032
3161285
3161286
3161292
3161373
3161457
3161699
3161909
3161965
3162054
3162073
3162228
3162366
3162424
3162560
3163149
3163223
3163284
3163440
3163493
3163677
3163701
3163812
3163852
3163868
3163880
3163954
3163978
3164181
3164209
3164229
3164380
3164609
3164785
3164789
3164823
3165116
3165298
3166029
3166304
3166437
3166451
3166461
3166516
3166590
3166594
3166694
3166858
3166902
3167084
3167187
3167263
3167356
3167464
3167549
3167567
3167574
3167582
3167782
3167936
3168078
3168096
3168145
3168287
3168448
3168738
3168748
3168754
3168807
3169006
3169014
3169101
3169183
3169283
3169444
3169519
3169596
3169605
3169660
3169720
3169760
3169789
3169818
3170000
3170190
3170229
3170513
3170740
3170752
3170868
3171001
3171237
3171400
3171914
3172013
3172165
3172304
3172499
3172622
3172711
3172765
3172834
3172914
3173058
3173117
3173170
3173594
3173761
3173850
3174037
3174063
3174068
3174227
3174314
3174389
3174466
3174468
3174759
3174805
3174822
3174897
3175036
3175133
3175496
3175508
3175563
3175583
3175903
3176037
3176083
3176304
3176335
3176452
3176622
3176822
3176874
3177021
3177100
3177216
3177228
3177368
3177616
3177690
3177783
3177871
3177973
3178171
3178591
3178641
3178843
3179028
3179055
3179104
3179286
3179418
3179474
3179523
3179658
3179747
3179850
3180004
3180107
3180116
3180228
3180239
3180262
3180296
3180403
3180499
3180591
3180624
3180660
3180784
3180868
3180886
3180960
3180990
3181042
3181165
3181265
3181290
3181331
3181386
3181567
3181677
3182534
3182678
3182826
3183026
3183032
3183103
3183194
3183324
3183332
3183340
3183377
3183653
3184005
3184344
3184819
3184971
3185037
3185151
3185229
3185269
3185303
3185351
3185565
3185837
3186300
3186636
3186683
3186854
3187281
3188007
3188161
3188193
3188452
3188470
3188583
3188771
3188936
3189099
3189103
3189176
3189318
3189529
3189592
3189836
3190129
3190221
3190298
3190519
3190571
3190738
3190804
3190955
3191087
3191259
3191356
3191384
3191752
3191967
3191971
3192248
3192405
3192423
3192437
3192476
3192674
3192720
3192800
3192941
3193055
3193066
3193086
3193188
3193348
3193465
3193475
3193670
3193686
3194081
3194093
3194502
3194560
3194668
3194844
3194882
3194914
3194958
3195577
3195618
3195677
3195700
3195777
3195941
3196000
3196057
3196093
3196128
3196359
3196376
3196858
3196958
3197059
3197077
3197083
3197085
3197193
3197442
3197534
3197535
3197554
3197597
3197711
3197780
3197810
3198307
3198391
3198428
3198586
3198667
3198935
3198944
3198958
3198978
3199235
3199301
3199341
3199436
3199573
3199850
3199936
3200043
3200056
3200227
3200589
3200691
3200840
3200855
3200994
3201080
3201162
3201292
3201434
3201499
3202227
3202353
3202403
3202451
3203030
3203176
3203198
3203287
3203292
3203484
3203531
3203782
3203832
3203864
3203895
3204151
3204167
3204324
3204438
3204479
3204524
3205115
3205116
3205215
3205235
3205578
3206083
3206556
3206811
3206831
3206890
3207106
3207159
3207192
3207232
3207395
3207473
3207512
3207626
3207703
3207707
3207814
3207931
3207977
3208047
3208074
3208103
3208335
3208510
3208566
3208685
3208884
3209193
3209206
3209240
3209477
3209577
3209665
3209965
3210142
3210368
3210387
3210444
3210558
3210593
3210794
3210955
3211324
3211489
3211643
3211750
3211800
3211943
3212035
3212124
3212417
3212431
3212513
3212603
3212631
3212635
3212645
3212746
3212755
3212900
3213009
3213029
3213110
3213320
3213347
3213396
3213443
3213470
3213785
3213857
3213974
3214064
3214065
3214143
3214370
3214379
3214426
3214555
3214628
3214694
3214862
3214929
3215089
3215181
3215305
3215346
3215388
3215508
3215595
3215631
3215648
3215666
3215920
3215978
3216278
3216538
3216612
3216651
3216748
3217011
3217084
3217155
3217253
3217408
3217457
3217518
3217537
3217564
3217953
3218031
3218393
3218402
3218528
3218684
3218817
3218920
3219076
3219202
3219255
3219289
3219441
3219447
3219487
3219566
3219653
3220163
3220185
3220227
3220450
3220522
3220535
3220540
3220559
3220845
3221000
3221299
3221417
3221473
3221578
3221589
3221760
3221787
3221937
3222087
3222100
3222159
3222209
3222298
3222872
3222962
3222968
3223000
3223043
3223147
3223283
3223606
3223917
3224024
3224097
3224180
3224291
3224295
3224357
3224394
3224418
3224460
3224688
3224711
3224766
3224933
3225119
3225306
3225315
3225347
3225501
3225603
3225709
3225945
3226295
3226329
3226330
3226363
3227295
3227362
3227390
3227556
3227675
3228069
3228080
3228141
3228198
3228200
3228332
3228480
3228722
3228743
3228887
3229031
3229049
3229098
3229481
3229711
3229779
3229895
3229934
3229944
3230175
3230232
3230270
3230283
3230501
3230515
3231148
3231186
3231201
3231441
3231456
3231541
3231689
3231729
3231834
3231872
3231929
3232010
3232071
3232101
3232104
3232177
3232374
3232435
3232776
3232862
3233082
3233091
3233221
3233224
3233395
3233461
3233490
3233752
3233889
3234029
3234034
3234227
3234233
3234447
3234868
3234952
3235047
3235053
3235062
3235190
3235319
3235370
3235989
3236242
3236324
3236432
3236478
3236659
3236729
3236838
3236842
3236891
3236925
3237054
3237210
3237481
3237523
3237891
3237937
3238223
3238277
3238398
3238412
3238558
3238693
3239234
3239393
3239956
3239971
3240053
3240091
3240198
3240208
3241010
3241051
3241259
3241394
3241490
3241585
3241833
3242441
3242492
3242690
3242900
3242941
3242955
3243109
3243113
3243700
3243913
3244098
3244125
3244260
3244296
3244326
3244506
3244558
3244588
3244850
3244884
3244975
3244987
3245279
3245292
3245333
3245343
3245442
3245685
3245861
3245956
3246130
3246146
3246287
3246312
3246465
3246542
3246543
3246682
3246718
3246764
3246809
3247026
3247297
3247391
3247486
3247501
3247582
3247604
3247716
3247797
3247804
3247901
3247973
3248029
3248251
3248276
3248358
3248623
3248684
3248704
3248778
3248864
3248920
3249027
3249080
3249227
3249359
3249508
3249555
3249557
3249621
3249645
3249732
3249785
3249892
3250066
3250583
3250736
3250994
3251163
3251206
3251405
3251568
3251685
3251780
3252045
3252115
3252215
3252332
3252637
3253098
3253139
3253440
3253460
3253473
3253513
3253585
3253592
3253873
3253928
3254109
3254187
3254370
3254395
3254621
3254820
3255029
3255119
3255201
3255287
3255374
3255707
3255978
3256485
3256497
3257032
3257188
3257446
3257473
3257503
3257551
3257649
3257909
3257958
3257972
3258362
3258381
3258552
3258570
3258667
3258685
3258762
3258797
3258871
3258904
3259140
3259308
3259336
3259360
3259399
3259431
3259495
3259521
3259776
3259817
3259822
3259857
3260124
3260125
3260238
3260337
3260535
3261077
3261281
3261321
3261357
3261706
3262377
3262565
3262711
3262905
3263502
3263672
3263699
3263782
3264018
3264024
3264402
3264446
3265008
3265482
3265633
3265685
3265688
3265755
3265871
3265884
3266052
3266148
3266181
3266364
3266484
3266494
3266685
3266771
3266840
3267054
3267284
3267310
3267410
3267666
3267737
3267899
3268150
3268281
3268443
3268496
3268560
3268620
3268629
3268786
3268856
3269121
3269233
3269357
3269466
3269626
3269910
3269948
3270367
3270459
3270495
3270587
3270629
3270738
3270755
3270843
3271109
3271187
3271515
3271715
3271920
3272327
3272332
3272398
3272438
3272505
3272534
3272975
3273024
3273508
3273782
3273910
3273911
3273939
3273943
3273960
3273967
3274054
3274089
3274091
3274266
3274342
3274432
3274440
3274709
3274739
3274745
3275049
3275172
3275422
3275540
3275572
3275609
3275817
3275933
3275971
3276042
3276346
3276366
3276537
3277237
3277484
3277594
3277814
3277923
3277936
3278049
3278467
3278561
3278960
3279022
3279279
3279636
3279747
3279820
3279846
3279959
3280054
3280354
3280501
3280575
3280609
3281063
3281135
3281247
3281463
3281499
3281585
3281600
3281652
3281872
3281904
3281946
3282033
3282166
3282205
3282207
3282390
3282552
3282762
3282766
3282977
3282986
3283269
3283586
3284229
3284238
3284310
3284314
3284396
3284669
3284684
3284857
3284967
3284980
3285064
3285354
3285668
3285823
3285880
3286027
3286054
3286115
3286230
3286335
3286377
3286553
3286807
3287019
3287131
3287293
3287325
3287455
3287703
3287810
3288202
3288259
3288429
3288471
3288472
3288540
3288614
3288616
3288755
3288759
3288765
3288998
3289255
3289531
3289808
3289962
3290002
3290144
3290294
3290550
3290818
3290876
3290883
3291048
3291123
3291124
3291143
3291195
3292238
3292564
3293140
3293543
3293544
3293572
3293791
3293979
3294018
3294270
3294766
3294908
3294924
3294997
3295186
3295451
3295577
3295608
3295646
3295668
3295697
3295958
3296245
3296324
3296424
3296696
3296699
3297110
3297219
3297488
3297536
3297685
3298071
3298080
3298297
3298358
3298598
3298868
3298912
3298950
3299127
3299135
3299176
3299412
3299599
3299752
3299893
3300147
3300367
3300432
3300856
3300919
3301258
3301553
3301572
3301613
3301699
3301701
3301802
3301896
3301972
3302035
3302148
3302428
3302971
3303300
3303474
3303527
3303745
3303749
3304189
3304255
3304499
3304529
3304555
3304876
3305098
3305118
3305184
3305250
3305352
3305611
3305689
3305738
3305947
3305948
3306035
3306061
3306139
3307019
3307307
3307463
3307489
3307535
3307541
3307720
3307792
3308011
3308078
3308372
3308539
3308577
3308784
3308860
3308998
3309007
3309120
3309224
3309723
3310026
3310030
3310526
3310548
3310915
3310917
3311032
3311119
3311234
3311262
3311372
3311427
3311553
3311564
3311638
3311675
3311747
3311833
3311887
3312157
3312398
3312512
3312586
3312650
3312658
3313070
3313298
3313305
3313480
3313505
3313565
3313651
3313968
3313997
3314124
3314382
3314585
3314717
3315060
3315061
3315077
3315086
3315138
3315321
3315413
3315421
3315537
3315595
3315723
3315787
3315792
3315793
3315911
3315912
3315980
3316293
3316346
3316528
3316684
3317007
3317009
3317169
3317196
3317210
3317232
3317615
3317664
3317993
3318289
3318556
3318775
3318863
3318930
3318961
3318996
3319395
3319632
3319684
3319796
3319890
3320071
3320316
3320567
3320604
3320654
3320676
3320983
3321009
3321167
3321357
3321361
3321876
3322091
3322185
3322254
3322342
3322396
3322440
3322460
3322586
3322635
3322674
3322794
3322859
3323045
3323183
3323429
3323804
3323938
3324125
3324295
3324307
3324308
3324506
3324543
3324573
3324661
3324727
3324831
3325055
3325179
3325231
3325400
3325567
3325732
3325763
3325879
3325945
3326181
3326317
3326450
3326837
3327231
3327449
3327641
3327721
3328018
3328168
3328295
3328302
3328343
3328467
3328552
3328618
3328648
3328656
3328762
3329197
3329484
3329663
3329706
3329790
3329842
3330009
3330057
3330184
3330253
3330266
3330343
3330389
3330403
3330466
3330698
3330858
3331165
3331242
3331334
3331491
3331576
3331712
3331836
3331854
3332052
3332159
3332268
3332365
3332392
3332508
3332677
3332752
3332754
3333099
3333297
3333305
3333652
3333716
3333785
3333900
3333909
3333944
3334323
3334790
3334946
3335035
3335142
3335233
3335601
3335721
3335802
3335847
3335850
3335865
3335874
3335966
3335992
3336130
3336374
3336410
3336653
3337445
3337506
3337508
3337624
3337917
3338348
3338561
3338722
3338748
3338754
3338919
3338930
3338975
3338993
3339020
3339177
3339347
3339415
3339470
3339480
3339519
3339549
3339780
3339993
3340019
3340042
3340065
3340234
3340506
3340660
3340737
3340767
3340792
3340851
3341164
3341274
3341332
3341411
3341439
3341588
3341848
3341896
3342026
3342116
3342192
3342336
3342513
3342643
3342756
3342883
3343355
3343514
3343531
3343567
3343568
3343737
3343747
3343975
3343982
3344026
3344190
3344249
3344449
3344475
3344506
3344594
3344835
3345098
3345370
3345704
3345734
3345740
3346026
3346067
3346312
3346518
3346619
3346671
3346800
3346896
3346946
3347005
3347081
3347267
3347879
3347898
3347920
3348034
3348044
3348079
3348093
3348299
3348343
3348378
3348411
3348728
3348808
3348877
3348957
3348999
3349303
3349631
3349742
3349815
3349967
3350607
3350653
3350784
3351369
3351487
3351499
3351800
3351835
3351883
3351957
3352051
3352185
3352677
3352725
3352807
3352833
3353068
3353091
3353131
3353157
3353418
3353446
3353507
3353610
3353844
3353882
3354039
3354265
3354286
3354310
3354350
3354363
3354421
3354526
3354751
3354921
3355177
3355222
3355293
3355527
3355789
3355871
3355922
3356099
3356498
3356641
3356698
3356705
3356715
3356784
3356790
3356853
3356953
3356977
3357064
3357170
3357275
3357465
3357470
3357487
3357519
3357757
3357768
3357783
3357790
3358010
3358133
3358161
3358202
3358256
3358262
3358461
3358629
3358739
3358932
3358998
3359306
3359551
3359572
3359612
3359884
3359907
3360126
3360143
3360192
3360246
3360519
3360772
3360923
3361257
3361318
3361472
3361584
3361795
3361961
3362111
3362457
3362803
3362899
3363273
3363409
3363588
3363760
3363866
3364060
3364153
3364300
3364407
3364445
3364463
3364829
3364964
3365300
3365346
3366426
3366653
3366861
3367248
3367254
3367492
3367564
3367812
3367989
3368425
3368466
3368672
3368815
3369321
3369415
3369445
3369623
3369709
3369987
3370029
3370424
3370514
3370549
3370568
3370651
3370848
3370954
3371210
3371217
3371319
3371559
3371608
3371717
3371723
3371967
3371977
3372176
3372197
3372327
3372804
3373006
3373025
3373107
3373194
3373399
3373703
3373891
3373925
3374304
3375217
3375227
3375303
3375623
3375753
3375811
3375972
3375979
3376014
3376228
3376267
3376305
3376385
3376406
3376421
3376705
3376801
3376906
3377168
3377846
3378169
3378251
3378419
3379020
3379138
3379645
3379819
3379998
3380052
3380121
3380176
3380216
3380436
3380877
3380900
3381101
3381441
3381706
3381868
3381874
3381954
3382381
3382535
3382673
3383092
3383359
3383450
3383460
3383523
3383736
3383892
3383922
3384221
3384314
3384760
3384766
3384771
3384776
3384859
3384877
3384882
3385132
3385368
3385642
3385649
3385788
3385887
3386088
3386266
3386273
3386379
3386733
3386740
3386746
3386749
3386760
3387115
3387196
3387412
3387477
3387482
3387556
3387738
3387752
3387792
3387806
3388033
3388062
3388402
3388594
3388744
3388756
3389103
3389250
3389267
3389517
3389673
3389726
3390105
3390123
3390538
3390582
3390881
3391437
3391470
3391634
3391678
3391936
3391985
3392047
3392231
3392448
3392495
3392576
3392695
3392836
3392953
3393219
3393260
3393295
3393320
3393456
3393748
3394237
3394276
3394304
3394307
3394371
3394495
3394563
3394639
3394747
3394962
3395035
3395518
3395521
3395679
3395917
3395976
3396076
3396259
3396296
3396402
3396489
3396511
3396682
3396760
3396763
3396823
3397019
3397187
3397295
3397358
3397385
3397633
3397692
3397832
3397836
3397938
3398058
3398251
3398260
3398269
3398307
3398449
3398738
3398790
3398894
3398941
3399076
3399746
3400156
3400321
3400528
3400828
3400894
3401029
3401123
3401724
3402626
3402744
3402858
3402994
3403060
3403092
3403164
3403344
3403779
3403994
3404001
3404027
3404107
3404214
3404396
3404423
3404455
3404456
3405162
3405663
3405730
3405752
3405796
3405868
3406732
3406743
3406831
3406961
3407120
3407127
3407512
3407766
3407804
3407844
3407854
3407966
3408212
3408360
3408401
3408426
3408860
3409275
3409352
3409383
3409402
3409430
3409672
3409675
3409773
3409854
3410056
3410168
3410226
3410292
3410396
3410536
3410787
3410963
3411033
3411057
3411333
3411403
3412213
3412315
3412520
3412756
3413059
3413295
3413301
3413303
3413405
3413555
3413663
3413681
3413708
3413860
3414494
3414891
3415005
3415024
3415087
3415180
3415649
3415652
3415704
3415812
3415910
3415911
3416078
3416303
3416449
3416512
3416618
3416756
3416765
3416863
3416928
3417026
3417640
3417698
3417763
3417798
3418045
3418313
3418409
3418418
3418520
3418874
3419209
3419447
3419667
3419757
3419769
3419782
3419847
3419864
3419917
3420223
3420420
3420459
3420474
3420487
3420975
3421013
3421096
3421248
3421508
3421548
3421566
3421683
3421687
3421723
3421862
3421898
3421962
3422023
3422151
3422485
3423238
3423385
3423474
3423661
3423708
3423925
3424107
3424417
3424943
3425164
3425194
3425239
3425314
3425453
3425607
3425759
3425772
3425791
3425973
3426103
3426183
3426276
3426356
3426403
3426428
3426493
3426706
3426762
3426776
3426837
3426951
3427036
3427205
3427210
3427276
3427410
3427609
3427797
3427923
3428089
3428121
3428170
3428265
3428301
3428740
3428945
3429093
3429114
3429394
3429472
3429508
3429861
3430103
3430236
3430248
3430306
3430338
3430344
3430682
3430710
3430974
3431250
3431277
3431294
3431322
3431418
3431538
3431719
3431950
3431958
3432293
3432304
3432335
3432426
3432876
3433175
3433497
3433504
3433756
3433893
3433954
3433978
3434131
3434208
3434290
3434310
3434320
3434355
3434626
3434632
3435351
3435718
3435735
3435818
3435987
3436172
3436278
3436280
3436328
3436517
3436689
3436824
3436859
3436883
3437217
3437285
3437427
3437533
3437580
3437622
3437733
3437966
3437992
3438214
3438429
3438457
3438813
3438901
3439007
3439044
3439098
3439278
3439363
3439422
3439434
3439452
3439533
3439577
3439653
3439816
3439911
3439931
3440129
3440193
3440384
3440679
3440734
3440835
3441014
3441053
3441228
3441803
3441937
3442161
3442181
3442292
3442601
3442676
3442921
3442922
3443108
3443132
3443360
3443601
3443996
3444067
3444106
3444170
3444290
3444669
3444752
3444852
3445154
3445164
3445364
3445407
3445489
3445773
3446124
3446182
3446206
3446379
3446907
3446972
3448067
3448289
3448423
3448496
3449085
3449101
3449397
3449464
3449596
3450161
3450444
3450457
3450656
3450783
3450787
3451045
3451227
3451432
3451468
3451620
3451788
3452014
3452052
3452096
3452099
3452647
3453030
3453067
3453278
3453279
3453348
3453784
3454200
3454249
3454391
3454676
3454715
3454825
3454885
3454917
3455125
3455236
3455431
3455908
3456179
3456193
3456196
3456235
3456360
3456497
3457098
3457118
3457132
3457329
3457536
3457781
3458081
3458400
3458437
3458439
3458582
3458643
3458776
3458919
3458934
3459038
3459549
3459580
3459636
3459685
3459899
3459934
3459996
3460066
3460402
3460433
3460614
3460629
3460836
3460907
3461499
3461511
3461704
3461744
3461899
3461921
3461985
3461996
3462016
3462187
3462250
3462283
3462341
3462546
3462553
3462641
3462739
3462796
3462892
3463124
3463269
3463355
3463582
3463645
3463758
3463801
3463977
3464128
3464136
3464158
3464196
3464890
3464997
3465024
3465286
3465408
3465541
3465857
3466020
3466234
3466518
3466522
3466569
3466701
3466735
3466742
3466920
3466959
3467107
3467168
3467275
3467436
3467538
3467581
3467651
3467767
3467787
3467841
3467917
3467991
3468290
3468302
3468479
3468741
3468986
3469263
3469872
3469966
3470197
3470304
3470354
3470392
3470864
3471133
3471237
3471368
3471416
3471483
3471513
3471751
3471885
3472194
3472264
3472515
3472788
3472896
3473070
3473138
3473233
3473322
3473584
3474188
3474515
3474551
3474974
3475106
3475172
3475298
3475447
3475590
3475636
3475657
3475990
3476348
3476461
3476554
3477131
3477390
3477514
3477827
3478049
3478072
3478184
3478224
3478301
3478450
3478480
3478852
3478956
3479254
3479586
3479767
