18
95
155
309
405
485
497
521
544
633
733
763
941
990
1008
1077
1106
1198
1244
1418
1472
1536
1693
1708
1741
1746
1851
1852
1897
1905
1920
1980
1986
2122
2137
2254
2308
2384
2416
2703
2744
2802
2863
2906
3084
3408
3421
3583
3774
3870
3928
3948
3960
3968
4022
4059
4092
4155
4201
4207
4230
4289
4307
4324
4478
4552
4847
4954
5023
5103
5111
5163
5204
5234
5396
5800
5848
6084
6106
6158
6176
6209
6214
6228
6242
6250
6268
6350
6370
6465
6501
6615
6745
6781
6893
6902
6948
6955
7311
7605
7658
7742
7824
7894
7990
8060
8308
8388
8744
8908
9016
9024
9051
9176
9194
9289
9302
9361
9534
9908
10352
10802
10853
10961
11024
11101
11113
11165
11307
11356
11436
11447
11456
11482
11667
11745
11753
11759
11777
11793
11823
11887
12074
12111
12257
12347
12499
12533
12652
12787
12796
12875
12997
13159
13235
13280
13537
13539
13645
13762
13836
13935
14195
14302
14334
14375
14746
14954
15202
15330
15372
15430
15460
15481
15559
15607
15665
15672
15673
15724
15780
15844
15890
16086
16103
16304
16309
16488
16640
16683
16891
16893
16901
17011
17031
17099
17384
17443
17507
17556
17700
17861
17915
17956
18005
18093
18130
18290
18356
18502
18653
18704
18762
18906
19043
19104
19149
19162
19163
19530
19543
19547
19627
19671
19764
19808
19815
19889
19949
19984
20014
20248
20563
20854
20898
20955
20964
21035
21133
21135
21182
21192
21258
21396
21706
21726
21802
22036
22260
22426
22441
22635
22654
22677
22949
23071
23110
23135
23382
23469
23547
23575
23627
23642
23643
23654
23710
23735
23851
23998
24038
24078
24091
24249
24271
24294
24382
24449
24695
24729
24753
24756
24757
24832
24882
24985
25043
25172
25179
25199
25250
25465
25514
25588
25701
25901
25949
26025
26100
26119
26129
26143
26153
26225
26229
26267
26422
26547
26748
27040
27198
27407
27529
27538
27720
27827
27949
27991
28205
28217
28424
28804
28968
29014
29042
29045
29191
29249
29312
29433
29631
29651
29941
29947
29966
30101
30196
30217
30637
30673
30688
30702
30808
30879
30881
30914
31069
31092
31266
31288
31482
31588
31743
31804
31928
32052
32078
32089
32133
32138
32139
32240
32341
32396
32615
32647
32704
32726
32810
32875
32946
33002
33138
33251
33308
33324
33342
33452
33523
33536
33558
33567
33570
33714
33822
33851
33884
33916
33979
33991
34010
34011
34020
34031
34082
34195
34269
34337
34436
34747
34797
34817
34899
34921
35024
35032
35087
35142
35350
35379
35570
35654
35700
35756
35861
36064
36283
36374
36454
36491
36493
36578
36636
36814
37030
37100
37120
37176
37449
37455
37528
37550
37558
37586
37845
37864
37869
38056
38123
38126
38189
38592
38620
38909
38961
39062
39190
39381
39642
39686
39760
39820
39841
40002
40013
40101
40160
40213
40222
40253
40537
40649
40856
40931
41061
41111
41273
41340
41465
41529
41573
41584
41621
41744
41891
41935
41944
42155
42296
42308
42391
42407
42521
42685
42738
42813
42853
42952
42988
43023
43111
43203
43206
43245
43249
43417
43614
43787
43790
43830
43861
43925
43935
43940
44055
44060
44105
44237
44624
44682
44719
44880
45017
45085
45123
45163
45180
45251
45333
45359
45498
45541
45610
45795
45874
45946
45998
46155
46405
46406
46696
46717
47251
47343
47423
47453
47481
47483
47562
47821
47917
47941
47954
48030
48225
48255
48276
48304
48455
48485
48506
48522
48603
48712
48788
48859
48867
48968
49005
49038
49157
49215
49218
49383
49393
49431
49707
49763
49779
49923
49954
49988
50601
50711
50924
51104
51183
51196
51287
51456
51564
51648
51704
51745
51754
51763
51775
51913
51957
51961
51982
51996
52029
52072
52132
52183
52195
52210
52274
52433
52447
52491
52511
52667
52708
52951
52960
53058
53094
53296
53316
53337
53448
53543
53549
53596
53786
53801
53954
54093
54155
54176
54237
54373
54474
54517
54573
54599
54613
54652
54670
54671
54708
54723
54737
54799
54935
54959
54982
55150
55192
55254
55546
55635
55638
55712
55807
56046
56201
56232
56271
56294
56358
56385
56418
56441
56450
56471
56479
56481
56532
56610
56621
56631
56636
56749
56816
57009
57065
57141
57280
57357
57363
57702
57731
57753
57781
57789
57829
57841
57871
57873
57999
58015
58070
58086
58138
58217
58229
58277
58363
58403
58600
58932
58941
58944
58959
59000
59034
59455
59574
59638
59646
59688
59738
59811
60112
60341
60359
60363
60382
60402
60430
60455
60470
60502
60606
60656
60666
60689
60878
61155
61276
61329
61426
61456
61550
61664
61732
61821
61826
61937
62020
62076
62140
62200
62321
62600
62617
62774
62809
62850
62855
62886
62995
63092
63179
63288
63476
63567
63581
63651
63667
63721
63904
63937
63950
64004
64063
64336
64339
64415
64433
64504
64510
64522
64595
64599
64716
64763
64770
64786
64857
64864
64907
65076
65094
65147
65168
65172
65233
65471
65905
65991
66113
66116
66209
66276
66415
66456
66516
66574
66742
66757
66943
66950
66973
67090
67117
67234
67281
67349
67365
67564
67611
67695
67701
68514
68558
68584
68606
68684
68759
68806
68870
68880
68896
68934
68960
68987
69399
69401
69495
69564
69565
69882
70045
70060
70070
70223
70278
70314
70352
70402
70570
70576
70605
70664
70699
70813
70858
70879
70910
71007
71077
71137
71143
71150
71214
71319
71517
71749
71888
71954
71982
72128
72135
72142
72164
72227
72278
72290
72323
72333
72394
72498
72673
72922
72946
73001
73069
73144
73165
73174
73251
73373
73416
73511
73608
73699
73739
73801
73810
73874
73933
73934
73960
74035
74061
74108
74296
74337
74392
74492
74495
74503
74544
74586
74701
74751
74779
74780
74820
74854
74872
74955
74969
75156
75173
75185
75213
75229
75374
75425
75488
75590
75647
75746
75749
75785
75788
75791
75818
75917
76064
76182
76234
76358
76384
76393
76404
76460
76484
76578
76604
76617
76668
76800
76801
76828
76975
77001
77076
77164
77234
77255
77264
77336
77455
77666
77701
77752
77989
78049
78153
78333
78363
78507
78579
78633
78650
78678
78777
78782
78811
78985
79171
79236
79278
79374
79526
79624
79637
79847
79928
79991
80035
80153
80192
80227
80245
80347
80363
80364
80396
80417
80491
80515
80625
80684
80757
80793
80872
80910
80983
81038
81113
81287
81308
81373
81390
81465
81489
81585
81604
81692
81758
81778
81916
81968
82072
82507
82551
82721
82767
82811
82869
83013
83136
83407
83537
83585
83706
83829
83866
84051
84191
84241
84259
84262
84317
84333
84406
84451
84463
84619
84665
84730
84813
84944
85013
85137
85273
85329
85333
85499
85555
86023
86101
86141
86326
86338
86411
86428
86520
86630
86708
86735
86759
86790
86834
86993
87022
87104
87448
87834
88002
88205
88319
88388
88487
88511
88529
88619
88860
89030
89148
89153
89173
89292
89321
89344
89458
89573
89705
89877
89980
90028
90131
90260
90265
90315
90378
90445
90584
90659
90939
90997
91057
91280
91298
91343
91680
91701
91789
91803
91854
91855
91921
92001
92108
92179
92460
92525
92586
92790
92849
92989
93015
93021
93098
93168
93216
93631
93709
93825
93875
94117
94125
94189
94222
94272
94300
94643
94793
94855
95230
95265
95546
95633
95643
95824
95894
96090
96203
96233
96235
96371
96401
96523
96558
96771
96961
96966
97183
97233
97663
97778
97907
98081
98092
98220
98356
98362
98377
98553
98577
98617
98802
98884
98957
98988
99112
99243
99298
99349
99362
99376
99392
99459
99530
99554
99600
99645
99668
99717
99794
99801
99824
99841
99927
100109
100177
100267
100375
100604
100816
100821
100831
100872
100909
100944
101224
101275
101349
101484
101870
101933
102008
102101
102106
102182
102286
102458
102513
102581
102646
102689
102739
102746
102835
102890
103093
103117
103135
103163
103204
103297
103338
103436
103570
103645
103648
103697
103740
103824
103993
104022
104093
104130
104142
104491
104552
104798
104903
104975
105129
105185
105276
105284
105301
105318
105464
105520
105592
105741
105862
105875
106005
106056
106191
106415
106421
106457
106481
106613
106616
106620
106628
106680
106780
106787
106882
106897
107090
107153
107220
107536
107745
107759
107786
107822
107873
107948
107954
108058
108089
108153
108162
108181
108423
108689
108741
108846
108875
109035
109254
109417
109687
109774
109785
109805
110134
110222
110274
110291
110317
110335
110399
110445
110504
110528
110543
110924
110957
111027
111063
111140
111410
111471
111480
111551
111637
111787
111813
111829
111916
112054
112365
112576
112624
112684
112691
112720
112731
112796
112934
112955
112958
113074
113386
113392
113459
113508
113540
113740
113821
113958
114033
114103
114122
114151
114212
114278
114423
114595
114667
114716
114759
114782
114862
114865
114891
115084
115099
115123
115149
115223
115254
115321
115738
115786
115798
115836
116009
116034
116055
116168
116217
116281
116600
116651
116687
116706
116960
117019
117097
117432
117476
117620
117685
117811
118009
118092
118121
118199
118344
118391
118415
118507
118559
118683
118703
118844
118855
118961
119052
119140
119171
119295
119633
119743
119761
119804
119810
119911
119977
120045
120075
120107
120384
120650
120693
120817
120874
121372
121394
121592
121616
121690
121977
122126
122309
122408
122499
122515
122517
122631
122734
122810
122992
123052
123094
123242
123436
123665
123798
123821
123854
123863
123867
123872
123918
123930
124052
124097
124495
124669
124670
124808
125186
125200
125222
125322
125351
125541
125762
125872
125946
125984
126209
126254
126332
126358
126390
126398
126456
126473
126544
126606
126644
126797
126819
127052
127230
127402
127632
127656
127679
127827
127847
127964
128078
128080
128321
128744
128787
129104
129150
129416
129684
129687
129744
129780
129849
129922
130047
130085
130172
130206
130208
130277
130570
130615
130710
130764
130866
131075
131110
131381
131406
131422
131539
131590
131673
131897
131918
131922
131933
131949
132049
132057
132075
132169
132214
132267
132315
132348
132411
132515
132683
132761
132801
132913
133020
133113
133208
133309
133346
133371
133415
133527
133557
133595
133793
133896
133932
134230
134250
134383
134475
134483
134511
134552
134615
134625
134691
134713
134716
134737
134769
135026
135056
135323
135342
135674
135698
135799
135939
135992
136031
136165
136230
136326
136371
136584
136762
136771
136804
136884
136926
136931
136986
137023
137171
137208
137259
137291
137506
137684
137782
137843
137945
138209
138250
138470
138540
138560
138965
139025
139097
139123
139167
139214
139226
139389
139425
139426
139507
139511
139528
139565
139596
139822
139995
139998
140068
140149
140214
140217
140278
140365
140366
140427
140505
140511
140757
140889
140899
141016
141129
141164
141302
141492
141494
141523
141537
141545
141706
141791
141795
141875
142067
142193
142253
142310
142341
142346
142530
142720
142812
142998
143031
143246
143291
143311
143429
143460
143561
143569
143600
143602
143670
143694
143758
143857
143863
144020
144034
144127
144151
144159
144229
144233
144460
144510
144570
144616
144677
144718
144849
144905
145017
145088
145208
145364
145436
145446
145536
145578
145923
145978
146016
146024
146188
146211
146328
146364
146493
146539
146742
146758
146771
146782
146877
146881
147048
147091
147093
147169
147209
147311
147574
147625
147857
147923
147964
148007
148119
148183
148357
148405
148548
148699
148797
148823
149075
149116
149133
149338
149339
149359
149421
149699
149765
149774
149894
149913
150085
150164
150192
150216
150220
150249
150329
150430
150446
150467
150480
150553
150616
150674
150692
150816
150883
150888
150994
151068
151099
151141
151184
151302
151474
151664
151685
151831
151840
151886
151923
151929
151965
152217
152432
152596
152648
152673
152842
152852
152919
152931
152977
153004
153009
153036
153221
153235
153246
153284
153298
153424
153772
153794
153885
153986
154020
154024
154162
154231
154277
154302
154356
154449
154472
154561
154676
154679
154851
155007
155036
155059
155132
155169
155287
155335
155363
155375
155412
155503
155504
155511
155587
155603
155634
155845
155995
156126
156171
156472
156475
156554
156577
156658
156688
156709
156960
157095
157433
157441
157454
157455
157562
157584
157935
158102
158182
158250
158302
158336
158563
158670
158896
158929
158960
158988
159056
159142
159250
159309
159340
159367
159413
159418
159628
159638
159689
159729
159885
159947
159973
160091
160220
160333
160345
160467
160498
160507
160533
160827
160871
161027
161156
161314
161349
161366
161397
161484
161561
161620
161628
161707
161891
161901
162070
162109
162316
162387
162444
162451
162461
162552
162635
162743
162938
162963
163010
163140
163204
163218
163326
163338
163391
163578
163610
163737
163760
163776
163917
164494
164508
164599
164613
164698
164902
165229
165259
165267
165311
165316
165371
165551
165728
165741
165790
165951
165955
165975
166079
166215
166228
166332
166372
166495
166510
166621
166649
166856
166920
167027
167073
167085
167121
167223
167296
167298
167348
167364
167367
167517
167544
167582
167989
168076
168098
168126
168165
168280
168378
168546
168555
168591
168667
168677
168684
168807
168845
168970
168999
169000
169060
169067
169141
169190
169498
169526
169564
169584
169708
169821
169890
169963
169980
170072
170134
170185
170209
170228
170447
170452
170491
170515
170551
170720
170788
170882
171051
171069
171213
171301
171520
172260
172322
172333
172505
172518
172522
172586
172716
172723
172750
172883
172934
173014
173069
173251
173523
173664
173858
173983
174064
174071
174077
174160
174193
174277
174278
174317
174405
174473
174676
174699
174875
174888
174916
174961
175044
175163
175271
175545
175566
175672
175808
175927
175989
175999
176028
176232
176415
176449
176487
176612
176643
176660
176827
176848
176977
177022
177084
177105
177152
177326
177387
177562
177565
177682
177860
177932
177998
178180
178277
178347
178369
178408
178613
178713
178848
178905
178947
178958
179062
179103
179113
179283
179501
179559
179796
179800
180130
180199
180296
180333
180402
180697
180709
180711
180819
180915
180933
181007
181116
181199
181403
181406
181478
181521
181564
181684
181877
182078
182225
182281
182372
182385
182427
182479
182487
182689
182809
182928
182979
183632
183652
183682
183727
183779
183818
183825
183893
183904
184073
184307
184478
184633
184811
184842
184885
184969
185004
185038
185085
185097
185137
185211
185220
185426
185726
185752
185755
185777
185823
185917
185998
186018
186056
186115
186167
186217
186232
186310
186359
186443
186529
186756
186910
187065
187097
187116
187416
187452
187519
187636
187685
187711
187839
187898
188228
188238
188282
188326
188551
188604
188867
188872
189053
189058
189066
189094
189118
189143
189253
189331
189370
189395
189469
189671
189709
189783
189980
190021
190140
190214
190297
190360
190413
190517
190562
190628
190638
190708
190716
190796
190824
190844
190915
190962
191008
191192
191365
191415
191530
191596
191693
191694
191757
191957
192089
192161
192194
192204
192292
192305
192406
192422
192528
192779
192908
192964
193051
193054
193216
193260
193322
193476
193490
193515
193525
193798
193815
193911
193960
194035
194460
194520
194526
194582
194639
194702
194841
194924
195112
195144
195278
195415
195558
195562
195635
195684
195870
195877
196065
196126
196265
196365
196410
196413
196475
196525
196729
196784
196809
197265
197405
197492
197565
197598
197719
197777
197793
197873
197941
197946
197969
198011
198068
198190
198221
198299
198310
198365
198480
198496
198545
198693
199004
199023
199072
199076
199078
199157
199170
199222
199260
199261
199330
199374
199449
199499
199588
199610
199707
199731
199844
200051
200150
200218
200310
200380
200397
200635
200637
200697
200734
200908
200967
200987
201049
201074
201095
201256
201501
201708
201844
201898
202009
202037
202045
202068
202083
202117
202126
202207
202238
202537
202642
202656
202752
202960
202963
203058
203069
203110
203124
203225
203241
203463
203483
203489
203560
203561
203649
203682
203691
203709
203784
203868
203962
203971
204083
204126
204224
204225
204287
204330
204352
204366
204465
204613
204633
204686
204687
204700
204706
204926
205098
205152
205268
205343
205468
205511
205577
205698
205804
205948
206062
206441
206543
206712
206734
206996
207038
207063
207109
207136
207258
207342
207484
207594
207614
207735
207773
207874
207922
207989
208027
208034
208048
208052
208283
208324
208522
208626
208662
208697
208730
208866
208977
209082
209157
209256
209423
209433
209512
209517
209573
209582
209597
209845
209870
210054
210139
210282
210417
210572
210639
210739
210920
210970
211050
211063
211167
211257
211330
211459
211512
211550
211579
211680
211818
211955
212360
212542
212612
212626
212656
212658
212726
212736
212774
213019
213024
213268
213338
213619
213771
214001
214248
214298
214302
214512
214620
214634
214683
214689
214768
214780
214870
215009
215033
215128
215427
215461
215495
215662
215673
215712
215941
215945
215971
216023
216031
216055
216077
216175
216191
216204
216249
216265
216291
216342
216711
216917
216940
217096
217195
217229
217313
217440
217508
217543
217674
217685
217744
217811
217856
217920
218252
218316
218336
218342
218402
218452
218525
218686
218771
218841
218886
218909
219030
219070
219079
219251
219340
219356
219375
219411
219426
219452
219492
219571
219593
219628
219982
220041
220186
220295
220390
220413
220432
220497
220503
220597
220817
221025
221342
221424
221462
221471
221556
221570
221607
221678
221720
221894
221925
221951
222012
222181
222310
222350
222399
222471
222505
222570
222667
222715
222727
222956
223001
223011
223042
223135
223231
223277
223280
223465
223550
223596
223619
223733
223783
223791
223826
223889
223933
224132
224409
224785
224786
224844
224874
224938
224984
225089
225128
225303
225339
225535
225643
225771
225816
226041
226064
226336
226351
226504
226538
226544
226644
226692
226954
227047
227164
227285
227309
227384
227755
227765
227855
227965
227996
228221
228381
228423
228577
228655
228754
228783
228938
228957
228997
229001
229048
229169
229178
229264
229270
229296
229459
229547
229584
229585
229854
229870
230083
230216
230261
230459
230495
230734
230790
231057
231108
231346
231394
231604
231841
232095
232143
232292
232339
232359
232361
232437
232744
232804
232837
233192
233303
233333
233415
233511
233523
233546
233592
233628
233999
234384
234406
234413
234605
234905
234921
235285
235299
235326
235587
235661
235730
235815
235828
235833
235875
235922
236137
236148
236171
236305
236465
236637
236830
237012
237051
237154
237349
237506
237550
237683
237692
237721
237743
237840
237981
238265
238659
238730
238817
238858
238884
238926
238935
238944
239161
239240
239251
239304
239433
239570
239644
239764
239808
239817
239838
239903
239906
239979
240028
240056
240062
240101
240148
240184
240252
240385
240407
240412
240587
240614
240673
240683
240697
240739
240840
240888
240895
241471
241494
241567
241627
241742
241878
241960
242052
242075
242153
242495
242912
243085
243185
243235
243245
243364
243430
243520
243529
243608
243705
243831
243905
243963
244010
244163
244186
244342
244425
244517
244538
244562
244663
244758
244774
244827
244896
245085
245277
245329
245575
245583
245658
245821
245991
246111
246112
246134
246150
246168
246330
246371
246648
246811
246920
246921
246933
247013
247167
247206
247268
247300
247455
247748
247829
247887
247891
248396
248586
248665
248716
248719
248743
248858
248903
249027
249120
249346
249491
249529
249621
249680
249879
250092
250122
250203
250378
250421
250424
250468
250600
250778
250804
250937
250939
251018
251031
251102
251138
251344
251492
251522
251557
251630
251823
251889
251896
251986
252032
252090
252168
252200
252235
252240
252264
252307
252448
252489
252589
252715
252740
252759
252843
253014
253023
253041
253188
253246
253256
253341
253371
253372
253374
253464
253561
253596
253680
253703
253740
253836
253911
254024
254055
254098
254119
254218
254231
254266
254340
254367
254390
254482
254545
254621
254879
254891
254896
254975
255005
255060
255079
255223
255239
255703
255735
255763
255937
255940
256070
256228
256447
256762
256778
256925
257070
257171
257402
257495
257971
257994
258224
258235
258258
258293
258467
258621
258770
258843
259015
259086
259092
259202
259276
259329
259403
259591
259602
259625
259648
259652
259776
259791
259890
259923
259938
260146
260187
260205
260257
260258
260291
260295
260308
260337
260405
260425
260535
260801
260909
260914
260918
260959
260992
261125
261156
261181
261192
261193
261195
261223
261231
261253
261322
261345
261412
261556
261761
261816
261865
262001
262261
262288
262293
262396
262525
262681
262707
262828
262949
262986
263050
263110
263216
263260
263273
263378
263428
263611
263698
263742
263758
263766
263799
263814
263938
264005
264033
264066
264108
264114
264121
264253
264404
264485
264520
264524
264618
264700
264705
264814
264834
264946
264959
265154
265171
265181
265247
265359
265390
265553
265742
265761
265783
265797
265924
265954
265974
266235
266364
266391
266445
266561
266565
266721
266731
266750
266810
266965
267071
267259
267293
267297
267380
267444
267453
267465
267605
267617
267856
268235
268275
268297
268304
268319
268367
268406
268456
268555
268611
268668
268863
268892
268906
269195
269392
269394
269808
269815
269896
269897
269900
269940
270280
270298
270304
270344
270408
270498
270757
270766
270847
270897
270948
270985
270997
271191
271199
271354
271383
271396
271553
271730
271783
271786
271839
271851
271898
271919
271970
272022
272123
272136
272209
272269
272299
272313
272362
272422
272432
272611
272626
272679
272815
272847
272868
272880
272965
273203
273205
273266
273282
273374
273434
273458
273507
273574
273587
273600
273640
273804
273883
273904
273909
274099
274503
274528
274960
275008
275037
275117
275179
275362
275370
275398
275407
275467
275555
275577
275605
275624
275626
275688
275757
275829
275947
275985
276106
276233
276399
276494
276531
276721
276771
276982
277047
277083
277101
277104
277117
277183
277254
277374
277379
277474
277779
277791
278013
278060
278074
278093
278097
278101
278189
278260
278263
278264
278292
278345
278557
278703
278735
278766
278787
278794
278924
278935
279015
279019
279109
279332
279376
279395
279598
279605
279802
279813
279839
279843
279874
279944
280105
280186
280288
280294
280310
280462
280536
280613
280673
280724
280820
280932
281127
281178
281263
281273
281314
281325
281348
281411
281580
281595
281692
281697
281775
281806
281839
281953
282004
282027
282142
282328
282390
282961
282979
283123
283144
283196
283205
283221
283226
283447
283616
283762
283786
283905
283959
284216
284273
284278
284297
284383
284546
284573
284683
284752
284907
284924
284956
284968
284999
285057
285262
285432
285615
285843
286174
286357
286637
286914
286953
287262
287347
287411
287457
287472
287485
287641
287802
288017
288071
288077
288296
288371
288402
288456
288563
288639
288756
288777
289108
289113
289225
289317
289449
289544
289566
289685
289992
290313
290325
290524
290542
290611
290692
290713
290745
291103
291117
291125
291187
291191
291294
291333
291343
291352
291428
291454
291516
291918
291956
291998
292079
292394
292413
292469
292568
292715
292805
292857
292874
292952
293126
293222
293290
293449
293450
293627
293655
293727
294036
294238
294446
294481
294522
294650
294662
294828
294859
294917
295027
295086
295104
295136
295171
295194
295268
295391
295439
295443
295478
295485
295567
295855
296084
296240
296299
296346
296415
296418
296439
296516
296686
296702
296921
297104
297113
297179
297229
297246
297250
297268
297283
297331
297420
297519
297549
297591
297625
297817
297946
298137
298148
298160
298399
298439
298475
298496
298659
298935
298994
299162
299379
299404
299405
299473
299509
299614
299766
299930
299995
300002
300126
300325
300367
300399
300591
300610
300698
300737
300859
300915
300960
301017
301150
301193
301259
301290
301749
301982
302187
302200
302214
302216
302234
302307
302445
302535
302716
302778
302877
303017
303043
303048
303061
303088
303146
303165
303296
303306
303380
303443
303470
303704
303732
303754
303780
303873
303897
303950
304081
304359
304370
304389
304395
304482
304485
304550
304594
304604
304795
304824
304957
304984
305013
305037
305044
305180
305285
305339
305398
305491
305581
305659
305670
305713
305773
305880
305951
306020
306122
306296
306303
306387
306390
306482
306540
306592
306651
306725
306734
306763
306782
307046
307050
307124
307201
307223
307290
307315
307497
307536
307554
307567
307595
307608
307797
307834
307974
308138
308216
308267
308273
308382
308500
308586
308608
308645
308668
308775
308787
308856
308947
308979
309011
309090
309257
309339
309437
309449
309528
309640
309748
309838
309906
309938
310183
310258
310304
310316
310381
310513
310687
310734
310805
310884
310916
310932
311048
311087
311141
311155
311195
311454
311543
311636
311813
311895
312138
312525
312591
312703
312770
312794
312816
312887
313129
313210
313246
313374
313385
313405
313491
313528
313631
313688
313690
313733
313769
313786
313931
314042
314275
314308
314348
314458
314471
314532
314678
314879
314923
314955
314982
315030
315036
315255
315325
315357
315521
315552
315565
315682
315702
315729
315795
316153
316692
316827
316949
316950
316969
317011
317167
317305
317329
317377
317468
317511
317793
317833
317862
317916
318011
318046
318281
318716
318792
318889
318925
318927
318972
319203
319213
319221
319300
319351
319391
319419
319443
319573
319601
319879
319940
319951
319972
320168
320222
320298
320301
320353
320365
320366
320433
320493
320573
320687
320727
320785
320798
321009
321019
321201
321252
321277
321342
321351
321617
321704
321799
321824
321889
321902
322016
322256
322484
322514
322528
322618
322669
322797
322990
323060
323224
323243
323529
323530
323625
323725
323756
323758
323774
323801
323942
324037
324137
324200
324207
324254
324356
324418
324420
324509
324545
324554
324584
324611
324655
324727
324900
325059
325126
325140
325164
325224
325637
325732
325832
326133
326172
326285
326367
326391
326418
326800
326827
326964
327041
327050
327080
327203
327255
327499
327504
327627
327651
327703
327753
327824
327930
327941
328183
328206
328338
328562
328758
328768
328791
328849
328860
328922
329183
329196
329200
329259
329338
329362
329365
329408
329489
329538
329637
329672
329706
329911
330010
330015
330165
330207
330495
330780
330931
330980
331130
331170
331218
331381
331411
331710
331744
331809
331965
332031
332120
332151
332479
332558
332561
332656
332681
332733
332920
333113
333164
333213
333251
333265
333331
333443
333487
333539
333825
333950
333977
334135
334370
334428
334510
334614
334618
334727
334965
334985
334996
335016
335113
335381
335413
335641
335865
336037
336101
336103
336194
336257
336388
336415
336429
336446
336457
336580
336772
336825
336848
336894
337009
337068
337091
337097
337397
337405
337709
337733
337892
337937
338267
338302
338369
338372
338389
338390
338551
338697
338725
338906
338969
339192
339216
339311
339358
339378
339538
339627
339689
339695
339715
339741
339845
340112
340195
340219
340304
340407
340436
340723
340816
340950
341032
341162
341233
341251
341252
341265
341326
341348
341614
341907
342021
342025
342112
342117
342172
342294
342313
342342
342535
342546
342581
342610
342623
342693
342708
343041
343066
343157
343302
343320
343354
343377
343401
343403
343558
343656
344205
344231
344258
344350
344450
344615
344645
344706
344711
344715
344775
344803
344851
345046
345064
345185
345305
345307
345421
345619
345775
345800
345959
346021
346050
346109
346185
346370
346403
346426
346499
346583
346639
346653
346656
346713
346755
346879
346955
347110
347150
347194
347418
347541
347573
347733
347875
347923
347964
348018
348124
348190
348235
348310
348349
348525
348532
348627
348628
348637
348656
348690
348763
349002
349036
349060
349251
349293
349342
349452
349585
349800
349828
350045
350228
350244
350618
350724
350769
350790
350806
350869
351596
351712
351764
351918
352120
352168
352188
352217
352245
352254
352310
352366
352419
352477
352513
352532
352591
352665
352672
352746
352762
352804
353049
353087
353145
353280
353308
353360
353502
353509
353540
353557
353622
353817
353843
354062
354215
354254
354328
354547
354752
354782
355101
355134
355146
355564
355618
355703
355719
355851
355868
355944
356020
356089
356146
356187
356332
356373
356387
356413
356498
356524
356540
356562
356661
356716
356876
356920
357082
357281
357387
357543
357572
357935
357958
358116
358166
358227
358230
358240
358394
358463
358482
358498
358622
358628
358718
358732
358735
358957
359003
359105
359197
359355
359475
359666
359732
359794
359888
359932
359941
359996
360066
360175
360399
360517
360567
360646
360656
360684
360706
360745
360838
360869
360891
360905
360920
361028
361155
361165
361255
361263
361319
361383
361504
361587
361625
361786
361798
362115
362195
362224
362257
362390
362503
362525
362557
362602
362631
362649
362686
362698
362705
362766
362875
363116
363129
363190
363195
363223
363291
363368
363411
363460
363488
363576
363579
363631
363756
363906
364148
364255
364405
364422
364602
364608
364746
364769
364982
365016
365316
365477
365532
365670
365674
365707
365718
365728
365841
365929
365963
366074
366107
366147
366181
366368
366378
366406
366445
366544
366667
366774
367013
367060
367203
367325
367364
367440
367545
367728
367810
367857
367906
368065
368254
368286
368471
368547
368563
368608
368713
368950
368982
369195
369288
369353
369402
369403
369499
369516
369527
369602
369680
369764
369948
369996
370169
370262
370328
370350
370387
370390
370428
370500
370598
370670
370674
370719
371182
371198
371294
371420
371476
371519
371547
371703
371892
372040
372318
372372
372560
372564
372606
372635
372637
372665
372710
372797
372867
373031
373049
373068
373187
373324
373375
373383
373572
373701
373866
373872
374013
374016
374060
374113
374182
374388
374458
374505
374568
374964
374990
375181
375184
375195
375222
375351
375392
375431
375525
375653
375712
375768
375786
375800
375808
375822
376136
376172
376199
376234
376453
376492
376578
376643
376745
376779
376883
377117
377132
377192
377207
377247
377292
377340
377530
377545
377580
377637
377680
377732
377786
377951
378018
378296
378413
378500
378510
378529
378791
378945
379111
379171
379302
379357
379439
379477
379597
379648
379670
379759
379791
379987
380047
380050
380110
380139
380479
380507
380684
380990
380999
381033
381146
381337
381363
381391
381395
381476
381584
381869
381879
381893
382198
382302
382598
382749
382809
382869
383233
383290
383346
383453
383534
383668
383796
383805
384005
384076
384131
384357
384461
384504
384643
384826
384839
384877
384934
385171
385245
385262
385308
385519
385623
385677
385700
385783
385795
385803
385848
385865
385880
385897
385941
386009
386026
386085
386135
386143
386258
386314
386391
386414
386459
386675
386684
386712
386732
387052
387108
387418
387448
387514
387585
387603
387631
387671
387780
387810
387832
387916
388376
388460
388589
388939
388954
389040
389110
389185
389263
389321
389487
389764
389832
390021
390178
390263
390314
390426
390534
390542
390614
390630
390665
390731
390765
390802
390909
390994
390997
391011
391029
391041
391398
391563
391663
391664
391825
391950
391967
391969
391992
392165
392228
392317
392418
392503
392673
392884
392892
392955
392960
393054
393204
393239
393251
393548
393561
393669
393698
393712
393804
393852
393882
393887
393894
393970
394116
394287
394312
394470
394539
394612
394617
394660
394705
394843
394887
394949
394964
394991
395027
395198
395253
395320
395321
395440
395519
395564
395576
395598
395671
395693
395704
395731
395854
395867
395944
395976
396271
396468
396543
396579
396596
396608
396712
396872
396939
397011
397320
397382
397430
397445
397458
397465
397764
397780
397936
398071
398160
398230
398306
398427
398512
398543
398601
398633
398637
398640
398695
398792
398894
398919
398944
398987
399078
399126
399192
399240
399581
399677
399784
399928
399936
400080
400088
400261
400359
400400
400652
400702
400809
400881
400972
401065
401076
401111
401138
401186
401208
401357
401453
401501
401577
401657
401852
401937
401967
402109
402186
402318
402355
402384
402398
402656
402704
402736
402742
402782
402907
402985
403046
403057
403097
403159
403202
403333
403360
403494
403538
403646
403651
403712
403762
403770
403789
403791
403816
403867
403900
403912
404007
404030
404115
404175
404614
404667
404928
405030
405231
405365
405574
405713
405735
405933
406199
406213
406372
406477
406509
406541
406708
406791
406817
406833
406851
406859
406868
406980
407015
407095
407122
407177
407180
407303
407363
407419
407593
407757
407789
407853
407956
407972
407978
408032
408073
408116
408239
408279
408290
408340
408382
408438
408469
408612
408742
408927
408971
409042
409073
409111
409127
409177
409181
409187
409201
409229
409355
409580
409584
409600
409675
410003
410029
410171
410216
410382
410437
410583
410835
411067
411144
411162
411352
411546
411560
411633
411670
411680
411810
411816
411945
412029
412139
412224
412295
412368
412430
412474
412526
412553
412642
412697
412915
412997
413051
413088
413130
413320
413457
413471
413490
413500
413605
413620
413697
413707
413713
413725
413812
413894
413955
414017
414022
414058
414108
414150
414182
414238
414345
414355
414567
414632
414697
414703
414705
414715
414816
414827
414865
415023
415092
415117
415150
415229
415299
415366
415465
415469
415483
415594
415690
415701
415767
415801
415927
416093
416106
416167
416291
416368
416398
416457
416513
416686
416834
416870
416910
416930
416933
416977
417124
417136
417137
417161
417308
417333
417384
417433
417519
417660
417762
418261
418418
418510
418515
418528
418531
418541
418642
418730
418808
418863
418911
418916
419112
419316
419318
419324
419336
419406
419490
419650
419745
419936
419998
420065
420165
420196
420269
420334
420337
420396
420454
420492
420566
420568
420609
420677
420744
420772
420944
420980
421307
421369
421470
421479
421613
421858
422003
422039
422091
422137
422192
422241
422248
422257
422265
422348
422392
422393
422415
422486
422533
422599
422609
422714
422730
422846
422869
422884
422885
423072
423078
423086
423373
423434
423436
423437
423804
423884
424065
424073
424081
424085
424098
424182
424404
424476
424496
424509
424593
424681
424691
424762
424780
424885
424897
424930
425227
425396
425485
425505
425529
425709
425774
425852
425942
425954
426104
426205
426220
426242
426331
426362
426419
426441
426450
426453
426468
426493
426526
426852
426934
427055
427083
427137
427220
427246
427428
427471
427480
427531
427596
427688
427709
427885
427967
428005
428113
428125
428175
428321
428384
428657
428701
428723
428748
428829
429036
429098
429313
429315
429621
429835
429935
430027
430062
430159
430286
430365
430639
430669
430777
430859
430860
430887
430938
430972
431047
431088
431229
431407
431494
431809
432054
432196
432227
432228
432242
432262
432383
432469
432506
432534
432592
432687
432745
432764
432895
433004
433249
433343
433378
433442
433518
433748
433752
433764
433869
434020
434031
434056
434104
434178
434281
434342
434416
434520
434652
434735
434739
434825
434933
435143
435556
435602
435627
435647
435689
435710
435884
435933
436211
436221
436243
436276
436318
436328
436408
436538
436598
436625
436646
436656
436833
436860
436862
436992
437003
437373
437392
437495
437638
437657
437678
437729
437900
437940
437949
437995
438099
438141
438209
438258
438279
438312
438362
438368
438590
438621
438722
438736
438745
438867
438882
438937
438977
439026
439077
439099
439355
439550
439595
439629
439922
440004
440100
440195
440203
440275
440330
440434
440660
440701
440763
440824
440903
441017
441132
441196
441304
441329
441365
441596
441620
441732
441806
441849
441902
442023
442381
442560
442583
442789
442838
442852
443006
443017
443044
443058
443147
443218
443242
443263
443293
443316
443483
443521
443577
443933
443989
444008
444088
444175
444232
444441
444459
444481
444760
445090
445169
445188
445224
445337
445365
445394
445423
445467
445498
445724
445758
445832
445928
445964
446306
446319
446396
446445
446744
446748
446784
446904
446914
446967
447129
447202
447432
447518
447543
447569
447602
447609
447669
447756
448004
448139
448171
448200
448210
448250
448256
448469
448558
448601
448700
448753
448829
448899
449021
449327
449532
449553
449670
449740
450073
450149
450211
450212
450346
450375
450376
450439
450507
450612
450655
450706
450769
450840
450880
451067
451143
451171
451194
451209
451211
451281
451285
451367
451449
451536
451611
451735
451749
451830
451966
452001
452002
452099
452354
452377
452536
452664
452838
453004
453021
453073
453083
453324
453468
453490
453663
453699
453816
453912
453993
454068
454122
454128
454158
454267
454401
454438
454612
454689
454706
454807
454914
454985
454995
455194
455275
455385
455572
455585
455627
455652
455676
455962
455996
456044
456047
456250
456264
456320
456323
456433
456619
456666
456674
456815
456830
456947
456970
457019
457282
457291
457341
457395
457584
457586
457690
457724
457798
458016
458075
458078
458197
458272
458415
458681
458716
459198
459534
459592
459672
459691
459754
459783
459815
459829
459853
459868
459920
459966
460093
460124
460185
460272
460357
460365
460395
460448
460460
460570
460599
460616
460675
460718
460892
460949
460951
461081
461094
461124
461151
461169
461239
461472
461590
461672
461896
461971
461974
462376
462420
462565
462689
462740
462764
462780
463025
463042
463091
463110
463162
463181
463260
463331
463491
463508
463592
463747
463799
463811
463867
463944
464059
464096
464131
464211
464250
464373
464412
464415
464475
465013
465019
465123
465276
465288
465388
465480
465526
465618
465714
465793
465800
465857
465944
466281
466392
466507
466539
466877
466899
467115
467127
467309
467317
467347
467392
467456
467586
467594
467616
467917
467938
468234
468293
468430
468534
468647
468699
468781
468825
469103
469366
469461
469525
469745
469774
469899
469970
470036
470104
470121
470131
470141
470150
470162
470209
470275
470286
470339
470437
470617
470625
470650
470748
470859
470979
471048
471066
471175
471177
471227
471242
471310
471425
471680
471709
471743
472045
472212
472296
472300
472437
472565
472678
472718
472752
472979
473047
473108
473146
473162
473193
473201
473246
473392
473448
473626
473664
473707
473847
473907
474057
474137
474149
474208
474221
474323
474331
474432
474657
474755
474824
474847
474914
475004
475112
475134
475323
475614
475939
476009
476022
476181
476229
476237
476354
476391
476484
476619
476636
476889
476944
476952
476985
477360
477378
477464
477551
477586
477619
477636
477686
477869
478002
478135
478165
478313
478366
478392
478496
478544
478643
478785
478818
478945
479046
479058
479242
479257
479357
479440
479540
479555
479570
480163
480214
480297
480341
480642
480655
480657
480776
480818
480946
481062
481072
481215
481267
481298
481486
481645
481681
481815
482023
482030
482118
482160
482376
482549
482660
482732
482744
482799
482875
482903
483043
483367
483371
483373
483374
483390
483421
483462
483484
483574
483636
483658
483674
483869
484009
484191
484192
484293
484345
484638
484694
484704
484710
484789
484846
485019
485152
485171
485191
485409
485584
485853
486118
486312
486383
486520
486568
486620
486624
486923
486999
487103
487132
487193
487205
487292
487299
487311
487343
487565
487604
487634
487699
487759
487825
487876
488120
488157
488196
488388
488561
488665
488752
488821
488845
488927
489033
489090
489093
489131
489136
489182
489284
489311
489445
489485
489535
489557
489725
489841
489993
490155
490261
490396
490398
490741
490764
490875
490945
490982
491036
491065
491102
491340
491353
491402
491454
491505
491512
491572
491604
491645
491667
491811
492000
492025
492063
492071
492125
492184
492259
492274
492309
492313
492511
492529
492604
492642
492726
492728
492950
492965
493003
493127
493544
493605
493626
493692
493858
494076
494152
494265
494488
494685
494783
494824
494846
494970
495041
495180
495212
495262
495335
495453
495526
495633
495646
495676
495703
495908
495921
495924
495931
496047
496136
496472
496820
496895
496956
496974
497040
497052
497142
497210
497539
497558
497733
497738
497905
498031
498052
498080
498233
498293
498342
498432
498657
498928
499103
499228
499261
499294
499333
499380
499385
499435
499608
499751
500007
500014
500024
500064
500102
500126
500305
500319
500373
500427
500450
500542
500627
500683
500684
500867
501107
501304
501343
501395
501435
501495
501561
501748
501859
501921
502114
502471
502495
502502
502523
502547
502747
502749
502758
502765
502919
502927
502928
502960
503022
503138
503353
503546
503653
503727
503886
503989
504028
504072
504074
504347
504474
504507
504591
504643
504646
504650
504703
504758
504809
505004
505064
505159
505485
505559
505571
505800
505805
505939
506037
506123
506138
506165
506205
506218
506303
506333
506369
506388
506435
506467
506486
506662
506666
506760
506825
506878
507029
507043
507049
507189
507226
507238
507547
507630
507700
507860
508068
508225
508315
508366
508817
508833
508992
509137
509308
509404
509539
509817
509871
509964
510012
510039
510162
510216
510244
510300
510352
510429
510430
510448
510496
510672
510802
510804
511016
511074
511161
511171
511227
511304
511340
511354
511397
511451
511509
511527
511594
511866
511949
512082
512173
512395
512424
512456
512471
512512
512576
512594
512695
512724
513033
513410
513452
513495
513631
513689
513758
513821
513832
513880
513929
514093
514108
514144
514193
514466
514533
514563
514587
514622
514628
514802
514900
514905
514925
514973
514976
515036
515123
515194
515211
515314
515334
515353
515456
515673
515771
515893
515903
515924
515933
516296
516310
516449
516658
516946
517042
517135
517206
517283
517292
517405
517415
517465
517487
517586
517592
517628
517987
517996
518010
518134
518151
518178
518510
518603
518649
518860
519060
519091
519131
519318
519395
519481
519507
519516
519542
519568
519674
519839
519996
520080
520133
520195
520254
520540
520585
520667
520719
520825
520942
521031
521320
521451
521513
521528
521580
521643
521762
521904
521916
522000
522048
522049
522051
522179
522253
522255
522412
522472
522486
522506
522555
522702
522711
522789
522907
522988
522992
523009
523104
523137
523190
523201
523294
523304
523308
523313
523463
523487
523530
523584
523639
523646
523657
523783
523802
523938
523955
524126
524227
524242
524392
524509
524621
524646
524683
524797
524814
524827
524835
524863
524939
524985
525112
525311
525405
525509
525513
525566
525899
525960
526026
526107
526180
526274
526309
526333
526372
526605
526617
526638
526679
526781
526808
526822
526905
526966
527154
527246
527368
527465
527580
527587
527630
527668
527695
527701
527761
527823
528007
528229
528405
528442
528455
528541
528570
528630
528694
528719
528849
528875
528890
528903
529191
529296
529456
529571
529677
529945
530067
530098
530189
530225
530317
530347
530450
530540
530556
530606
530633
530665
530757
530909
530934
530954
530962
531098
531396
531540
531600
531719
531808
531828
531844
531945
531961
532063
532086
532111
532151
532169
532279
532403
532407
532611
532984
533052
533088
533118
533223
533600
533679
533707
534069
534112
534278
534398
534450
534498
534531
534644
534715
534817
534899
534909
535199
535398
535766
535775
535816
535818
535946
535968
536144
536192
536239
536303
536431
536444
536445
536451
536476
536576
536595
536597
536639
536786
536948
537003
537255
537281
537371
537480
537500
537622
537624
537825
537991
538405
538610
538819
538955
539058
539085
539101
539271
539280
539294
539482
539503
539554
539600
539601
539605
539616
539621
539724
539833
540231
540542
540570
540579
540582
540610
540688
540781
540820
540859
540888
541118
541137
541386
541387
541457
541465
541809
541892
541919
541980
541981
542014
542089
542151
542226
542246
542259
542383
542400
542425
542680
542736
542981
543024
543069
543134
543227
543364
543419
543454
543467
543482
543498
543524
543556
543605
543621
543637
543664
543685
543692
543717
543874
543924
544130
544245
544248
544309
544456
544470
544590
544659
544735
544829
544862
544872
544924
544929
544990
545053
545083
545200
545222
545250
545348
545518
545593
545694
545756
545835
545884
546038
546065
546069
546134
546314
546323
546441
546540
546548
546671
546791
546806
546808
546883
547046
547049
547164
547312
547349
547594
547743
547784
548158
548214
548440
548493
548498
548517
548612
548646
548649
548731
548791
548820
548887
548923
548925
548960
549037
549080
549216
549362
549383
549420
549427
549487
549520
549604
549651
549749
549826
549902
550030
550233
550313
550494
550566
550589
550614
550620
550729
550730
550751
550846
550902
550954
551014
551018
551137
551246
551311
551434
551476
551536
551596
552112
552244
552294
552365
552397
552470
552517
552600
552831
552910
552943
552979
553030
553042
553405
553470
553712
553713
553765
554085
554134
554278
554292
554384
554391
554480
554567
554613
554647
554786
554795
554797
554936
554951
555212
555222
555227
555399
555439
555690
555928
556108
556138
556179
556182
556340
556385
556411
556572
556732
556763
556816
556855
556916
557050
557060
557076
557094
557345
557571
557832
557925
558055
558069
558088
558115
558171
558365
558475
558493
558528
558604
558754
558799
558857
558919
558969
559016
559244
559280
559305
559336
559484
559523
559613
559621
559640
559839
559983
560037
560049
560122
560188
560301
560318
560400
560772
560786
560795
560816
561046
561079
561088
561322
561404
561701
561784
561895
562080
562108
562110
562155
562165
562291
562570
562614
562745
562801
562871
562882
562902
562991
563002
563054
563568
563571
563578
563603
563739
563752
563771
563790
563850
563867
563889
564113
564178
564679
564717
564812
564868
564975
565107
565241
565419
565491
565594
565649
565652
565674
565743
565810
566119
566284
566305
566369
566470
566513
566627
566657
566708
566763
566889
566892
566935
566947
567056
567067
567323
567332
567335
567458
567545
567547
567711
567733
567819
567834
567841
568119
568121
568251
568334
568397
568444
568504
568829
568893
568948
569208
569274
569362
569448
569510
569578
569646
569704
569749
569757
569770
569802
569818
570249
570320
570465
570515
570597
570722
570823
570905
571008
571039
571057
571105
571165
571224
571299
571396
571485
571672
571804
572004
572053
572055
572063
572105
572122
572206
572244
572276
572463
572525
572567
572643
572769
572775
572881
572936
572950
572955
572996
573087
573178
573180
573204
573275
573309
573532
573603
573669
573704
573818
573937
574072
574195
574231
574247
574300
574358
574500
574652
574861
574957
575080
575113
575115
575130
575179
575782
575879
575931
575952
576021
576069
576250
576257
576286
576302
576311
576357
576395
576626
576694
576751
577070
577255
577408
577436
577483
577709
577733
577781
577795
578053
578116
578155
578302
578345
578432
578527
578533
578548
578697
578706
578822
578824
578870
578926
579119
579246
579251
579295
579302
579336
579347
579349
579504
579533
579576
579580
579593
579614
579861
579941
579982
580105
580237
580254
580628
580661
580674
581025
581175
581296
581359
581630
581720
581815
581930
582180
582536
582580
582670
582676
582694
582726
582732
582810
582906
583015
583034
583187
583208
583359
583393
583419
583437
583505
583595
583802
583838
583861
584025
584032
584073
584273
584281
584283
584297
584553
584562
584578
584579
584626
584632
584739
584759
585145
585246
585248
585408
585505
585768
585794
585816
585846
585873
585960
585979
586204
586340
586460
586535
586570
586607
586634
586720
586774
586793
587203
587224
587516
588054
588075
588238
588370
588482
588511
588581
588718
588847
588855
589198
589279
589449
589685
589799
589893
589933
590042
590062
590441
590530
590728
590829
590846
590847
590855
591003
591064
591103
591268
591441
591625
591664
591815
591857
591946
592124
592150
592178
592233
592303
592329
592486
592497
592606
592676
592812
592821
592910
593083
593117
593147
593151
593215
593222
593339
593363
593466
593503
593518
593634
593727
593806
593940
594007
594062
594256
594353
594475
594650
594687
594691
594710
594787
594887
595051
595077
595109
595132
595268
595311
595464
595567
595573
595831
595889
595932
595984
596111
596221
596318
596388
596496
596528
596694
596774
596857
596880
596913
596945
596973
597007
597246
597450
597536
597596
597672
597991
598076
598131
598161
598175
598215
598358
598362
598426
598455
598605
598796
598805
598900
599118
599178
599210
599308
599362
599396
599476
599486
599665
599679
599830
599935
599939
600043
600112
600454
600582
600593
600610
600690
600804
600941
600944
601060
601116
601220
601272
601279
601290
601494
601515
601802
601870
601915
601982
602052
602086
602151
602293
602319
602587
602720
602761
602833
602975
603036
603193
603299
603348
603354
603384
603416
603528
603601
603654
603702
603707
603776
603934
604081
604087
604150
604283
604371
604677
604682
604804
604828
604868
604983
604986
605069
605077
605112
605125
605230
605298
605574
605615
605662
605674
605815
605963
606085
606167
606171
606442
606653
606702
607041
607158
607195
607232
607286
607298
607325
607328
607395
607603
607657
607694
607773
607776
607829
607961
608092
608165
608206
608243
608309
608313
608497
608523
608569
608608
608613
608654
608689
608743
609110
609221
609358
609454
609572
609654
609716
609717
609768
609780
609874
609983
610108
610138
610264
610271
610373
610448
610555
610798
611012
611118
611194
611200
611201
611282
611529
611552
611768
611912
611970
612174
612459
612547
612674
612676
612761
612766
612890
613084
613179
613190
613376
613523
613561
613712
613740
613780
613969
614088
614165
614185
614224
614353
614367
614482
614488
614635
614664
614826
615035
615089
615204
615221
615260
615381
615412
615416
615473
615557
615601
615657
615713
615734
615766
615891
615930
615997
616037
616106
616309
616311
616415
616548
616628
616673
616685
616874
617011
617034
617113
617167
617267
617371
617396
617595
617612
617659
617783
617802
617854
617866
617883
618010
618111
618131
618292
618309
618325
618327
618352
618353
618371
618390
618464
618720
618824
618870
618972
619009
619076
619145
619197
619235
619299
619400
619450
619548
619566
619618
619705
619837
619868
619882
619924
619946
619969
619976
620066
620077
620206
620255
620277
620493
620573
620604
620673
620692
620758
620822
621053
621067
621229
621322
621414
621669
621865
622020
622054
622314
622365
622508
622530
622683
622698
622770
623015
623063
623191
623322
623644
623949
623974
623977
623996
624012
624088
624143
624149
624154
624155
624188
624237
624323
624338
624395
624411
624419
624505
624668
624813
624878
624931
624979
625002
625014
625024
625047
625071
625081
625120
625128
625136
625183
625321
625367
625430
625462
625513
625664
625714
625851
625866
625873
625898
625956
626002
626188
626369
626407
626567
626570
626699
626748
626754
626805
626965
627013
627021
627154
627723
627816
627825
627885
628008
628097
628239
628354
628382
628482
628637
628698
628767
628791
628997
629275
629368
629376
629516
629549
629621
629640
629686
629842
629873
629874
629963
630020
630349
630385
630433
630537
630538
630547
630760
630863
631086
631195
631251
631289
631294
631356
631437
631585
631632
631869
631954
632172
632196
632204
632223
632508
632632
632714
632770
632803
632838
632985
633160
633175
633298
633332
633387
633438
633620
633623
633683
633704
633713
633818
633908
634080
634123
634576
634623
634666
635087
635154
635249
635337
635439
635781
635823
635938
635993
636062
636108
636131
636332
636419
636468
636781
636915
636974
636989
637043
637073
637133
637182
637194
637357
637490
637520
637561
637682
637755
637776
637802
637967
638005
638170
638176
638483
638546
638681
638775
638808
638858
638964
639166
639511
639513
639530
639555
639647
639755
639795
639848
639886
639988
640008
640150
640177
640238
640243
640272
640376
640538
640604
640612
640802
640857
640985
641109
641124
641258
641468
641600
641797
641906
642084
642200
642550
642559
642594
642661
642807
642891
643159
643351
643449
643720
643831
643872
643936
643963
644119
644120
644296
644486
644709
645039
645087
645577
645623
645790
645849
646006
646056
646197
646290
646329
646407
646420
646513
646573
646608
646627
646723
646731
646804
646859
647010
647080
647098
647190
647306
647380
647562
647567
647569
647652
647734
647902
647905
647916
648367
648519
648663
648760
648762
648836
648839
648880
648888
649102
649209
649332
649406
649421
649490
649574
649608
649748
649889
649919
649923
650029
650048
650120
650143
650155
650178
650207
650281
650536
650657
650693
650736
650792
650919
651300
651386
651456
651473
651764
651834
651867
651873
651878
652048
652072
652105
652160
652277
652336
652356
652614
652666
652837
653163
653220
653233
653440
653793
653911
654006
654150
654162
654185
654550
654587
654915
655013
655104
655140
655171
655199
655225
655271
655406
655547
655552
655583
655641
655668
655682
655684
655829
655857
655887
655912
655963
656088
656328
656478
656498
656560
656603
656784
656866
657248
657320
657437
657629
657651
657729
657807
657891
657964
657983
658011
658143
658213
658301
658739
659102
659140
659215
659372
659393
659493
659502
659557
659735
659859
659900
660060
660112
660128
660202
660301
660431
660443
660740
660746
660898
660930
661087
661110
661209
661240
661303
661411
661431
661517
661545
661579
661599
661657
661818
661820
661940
661967
662270
662331
662482
662853
662881
662942
663386
663459
663482
663729
663966
664191
664296
664336
664511
664688
664757
664855
664887
664932
665082
665090
665111
665131
665198
665365
665561
665626
665627
665752
665832
665901
665904
666090
666149
666161
666209
666216
666478
666623
666776
666844
666901
666981
667039
667089
667092
667148
667552
667591
667599
667824
667857
667891
668021
668193
668213
668471
668714
668769
668776
668791
669003
669020
669147
669166
669256
669587
669631
669726
669875
669941
670134
670239
670296
670309
670507
670534
670699
670722
670748
671105
671203
671230
671339
671343
671360
671403
671443
671521
671523
671711
671727
671842
671990
672063
672188
672210
672235
672274
672279
672337
672356
672362
672421
672533
672678
672997
673044
673208
673483
673666
673672
673855
674019
674092
674226
674235
674277
674462
674489
674593
674693
674730
674732
674773
674798
674917
675071
675113
675116
675226
675242
675337
675533
675625
675690
675700
675757
676097
676168
676262
676307
676359
676439
676488
676706
676836
676921
676922
677142
677158
677193
677267
677466
677530
677576
677599
677641
677687
677742
677744
677768
677801
677816
677986
678005
678609
678671
678907
679145
679158
679159
679179
679241
679436
679438
679444
679475
679530
679536
679619
679724
679805
679929
679961
680092
680147
680445
680507
680646
680848
680865
680921
680986
681018
681093
681120
681152
681239
681282
681291
681302
681487
681492
681555
681681
681778
681915
682106
682188
682256
682304
682356
682405
682524
682707
682748
682848
682875
682928
683240
683301
683371
683428
683569
683646
683649
683970
684130
684233
684276
684290
684356
684362
684437
684536
684548
684631
684693
684724
684827
684892
684916
684953
685511
685606
685660
685715
685717
685831
685899
686073
686129
686131
686315
686323
686345
686379
686432
686482
686642
686787
686918
686931
686933
687010
687011
687058
687203
687322
687436
687567
687584
687622
687632
687636
687664
687679
687714
687738
687760
687868
688085
688270
688478
688584
688825
689108
689273
689372
689467
689545
689573
689629
689863
689876
689877
689973
689981
689999
690025
690028
690050
690243
690345
690391
690487
690582
690596
690703
690781
690910
690917
691452
691461
691649
691675
691741
691839
691848
691852
691872
692282
692323
692330
692369
692381
692386
692404
692433
692508
692536
692624
692674
692712
692813
692958
693006
693236
693373
693421
693502
693559
693664
693687
693776
693785
693878
693936
693952
694113
694114
694196
694213
694331
694400
694443
694860
694919
695050
695175
695411
695608
695660
695863
696125
696237
696397
696557
696586
696602
696855
696899
697000
697056
697093
697142
697143
697156
697346
697681
697830
697895
698034
698057
698079
698086
698170
698290
698301
698363
698399
698526
698579
698656
698791
698904
699046
699117
699135
699247
699252
699312
699345
699376
699398
699477
699481
699569
699586
699617
699686
699879
700003
700145
700216
700227
700327
700332
700365
700457
700567
700698
700780
700811
700886
701030
701183
701230
701234
701244
701317
701487
701510
701517
701726
701746
701779
701781
701800
701831
701877
701939
702032
702141
702282
702405
702460
702776
702797
703393
703446
703628
703717
703747
703750
703845
703920
704050
704137
704287
704335
704362
704551
704555
704581
704708
704710
704737
704746
704761
704844
704879
705002
705107
705249
705373
705386
705441
705483
705588
705605
705695
705774
705865
705889
705906
705956
705974
705991
706279
706407
706527
706543
706550
706736
706753
706847
706922
707121
707123
707228
707250
707410
707613
707641
707649
707691
707787
708081
708092
708173
708195
708228
708410
708562
708604
708618
708624
708640
708650
708717
708771
708773
708789
708841
708875
708883
708962
709134
709226
709234
709280
709538
709702
709890
709902
710050
710073
710479
710711
710816
710821
710925
710981
711025
711082
711090
711260
711367
711471
711547
711665
711762
711825
711902
711911
711923
711943
711979
712015
712057
712065
712077
712095
712168
712360
712361
712462
712507
712572
712620
712677
712683
712710
713035
713036
713118
713308
713383
713404
713410
713412
713457
713514
713660
713770
713800
713839
713939
713968
714103
714221
714353
714708
714713
714847
714965
714974
715162
715208
715273
715288
715323
715412
715442
715516
715538
715645
715655
715669
715870
715939
715978
716310
716354
716357
716420
716608
716818
716880
716933
716948
717228
717466
717495
717522
717536
717550
717674
717683
717699
717861
717882
718185
718206
718212
718345
718374
718409
718425
718504
718509
718521
718553
718614
718659
718840
718863
718912
718992
719040
719079
719282
719291
719349
719702
719810
719898
719992
720005
720014
720095
720192
720225
720239
720312
720319
720504
720585
720604
720716
720744
720932
720993
721015
721019
721154
721377
721404
721480
721819
722048
722052
722207
722224
722241
722356
722498
722626
722644
722725
722779
722930
723238
723362
723400
723426
723581
723641
723697
723733
723825
723888
723929
724294
724518
724624
724658
724668
724919
725053
725172
725252
725312
725366
725390
725451
725675
725687
725784
725940
726030
726108
726531
726578
726831
726926
726956
727109
727196
727321
727436
727477
727488
727565
727625
727651
727714
727804
727911
728002
728059
728110
728163
728224
728310
728339
728376
728395
728415
728492
728520
728698
728769
728787
728795
728864
728878
728891
728902
728907
728958
729187
729268
729280
729359
729371
729510
729512
729633
729692
729906
729959
730090
730200
730207
730312
730328
730407
730425
730516
730545
730588
730698
730815
730948
731039
731139
731220
731323
731424
731538
731675
731769
731846
732003
732301
732305
732343
732397
732427
732434
732521
732632
732649
732674
732729
732861
732871
732922
732988
733251
733252
733254
733339
733370
733379
733476
733493
733797
733826
733841
733892
733915
734270
734361
734653
734752
734891
734941
735030
735043
735168
735255
735333
735359
735431
735573
735871
735922
735938
735954
736384
736411
736508
736810
736942
736987
737042
737171
737360
737366
737482
737597
737603
737657
737774
737805
737864
737918
737976
737998
738218
738505
738552
738608
738741
738792
738798
738807
738946
738988
739079
739478
739691
739743
740012
740047
740090
740104
740204
740347
740406
740454
740469
740492
740552
740564
740568
740636
740700
740786
741148
741258
741380
741405
741420
741454
741511
741662
741793
741800
741834
742174
742268
742371
742374
742443
742540
742612
742981
743053
743064
743142
743146
743150
743384
743408
743436
743540
743549
743553
743666
743725
743778
743977
743982
744059
744094
744106
744112
744157
744177
744277
744392
744419
744461
744469
744471
744661
744792
744819
744826
744838
744842
744947
745133
745290
745312
745353
745449
745504
745539
745594
745640
745688
745770
745911
745931
746139
746156
746165
746179
746646
746765
746805
747022
747031
747109
747114
747212
747222
747259
747293
747326
747359
747388
747453
747479
747530
747531
747578
747624
747675
747680
747759
747808
747973
747999
748084
748113
748337
748383
748503
748639
748690
748822
748839
748960
748996
749086
749132
749169
749296
749465
749715
749993
750102
750263
750281
750353
750428
750473
750719
750759
750853
751265
751381
751481
751507
751524
751562
751660
751733
751736
751902
752198
752431
752440
752511
752545
752551
752559
752636
752700
752756
752819
752837
752889
752968
753002
753245
753533
753551
753624
753634
753758
753772
753845
753903
754015
754296
754345
754347
754392
754502
754515
754780
754809
754810
754843
754891
755076
755098
755180
755226
755291
755349
755429
755536
755623
755632
755664
755668
755718
755850
756119
756170
756182
756434
756460
756466
756502
756772
756871
757003
757089
757123
757142
757168
757206
757369
757914
757996
758075
758235
758387
758500
758654
758817
758883
758898
759120
759235
759315
759329
759347
759394
759421
759855
759928
760005
760164
760355
760428
760433
760454
760607
760740
760908
760976
760988
761015
761117
761180
761190
761202
761422
761571
761593
761773
761791
761824
761932
761995
762003
762146
762294
762425
762452
762542
762777
763048
763332
763402
763427
763503
763609
763622
763710
763948
763963
764036
764117
764131
764171
764191
764363
764426
764435
764820
764834
764838
764839
764853
764924
765007
765026
765058
765128
765179
765370
765406
765535
765769
765858
766102
766192
766302
766318
766375
766501
766543
766564
766896
766927
766980
767195
767271
767301
767319
767326
767349
767393
767430
767441
767467
767503
767552
767553
767555
767610
767669
767672
767690
767732
767742
768170
768190
768298
768318
768441
768468
768482
768514
768537
768596
768934
769003
769006
769024
769133
769304
769429
769442
769599
769672
769696
769970
770077
770190
770197
770293
770393
770493
770612
770651
770675
770684
770749
770852
771030
771075
771270
771291
771345
771379
771512
771811
771827
771916
771948
771968
771987
772002
772066
772151
772259
772271
772363
772734
772939
773160
773239
773345
773439
773513
773683
773919
773962
774088
774186
774347
774553
774589
774822
774989
775118
775141
775339
775375
775496
775527
775600
775727
775755
776061
776194
776375
776395
776703
776706
776747
776774
776847
776873
776921
776985
777038
777057
777066
777266
777330
777401
777463
777488
777556
777581
777790
777907
778001
778088
778090
778094
778206
778346
778352
778625
778644
778728
778739
778775
778825
778868
778960
779061
779070
779110
779164
779235
779429
779452
779713
779743
779758
779834
779907
780070
780087
780186
780188
780290
780331
780652
780663
780917
780951
781041
781241
781292
781377
781378
781444
781446
781595
781621
781708
781893
781957
781968
782198
782292
782333
782508
782904
782927
782939
782954
783044
783181
783220
783243
783250
783321
783410
783432
783602
783621
783644
783790
784061
784132
784143
784156
784225
784250
784254
784255
784338
784344
784379
784418
784482
784866
785024
785059
785060
785582
785603
785727
785869
785925
785974
785980
786007
786098
786284
786487
786563
786592
786690
786764
786978
786993
787145
787238
787287
787335
787381
787434
787574
787585
787622
787659
787712
787846
787923
787938
788092
788120
788203
788685
788769
788785
788823
789077
789096
789108
789227
789269
789275
789301
789502
789747
789783
789958
790030
790175
790217
790222
790269
790307
790380
790451
790550
790781
790824
790836
790989
791102
791118
791146
791149
791862
791916
792095
792117
792341
792448
792697
792735
792795
792868
792880
793055
793107
793185
793231
793689
793714
793762
793849
793918
794107
794170
794325
794410
794513
794591
794639
794737
794950
795012
795113
795194
795362
795460
795511
795587
795830
795882
795905
795912
795915
796075
796077
796198
796250
796251
796381
796402
796461
796607
796895
796928
797004
797077
797197
797301
797306
797379
797384
797517
797664
797703
797907
798005
798060
798072
798115
798177
798228
798330
798447
798466
798471
798529
798552
798601
798699
798854
798914
798936
799092
799176
799399
799408
799577
799656
799788
799791
799792
799829
799925
800129
800255
800330
800383
800416
800432
800465
800582
800688
800842
800852
800877
801062
801180
801355
801387
801504
801540
801591
801594
801666
801898
801919
801962
801975
801989
802030
802108
802263
802330
802370
802464
802498
802689
802698
802740
802743
802767
802810
802986
803295
803376
803454
803535
803542
803613
803933
803997
804024
804045
804142
804246
804251
804536
804600
804607
804680
804942
804971
805094
805208
805302
805541
805633
805647
805716
805850
805871
805964
805999
806028
806055
806134
806183
806227
806305
806378
806461
806483
806661
806902
806931
806990
807079
807172
807248
807353
807858
807946
807951
808032
808103
808167
808187
808265
808393
808644
808873
808889
809012
809064
809079
809110
809153
809156
809363
809414
809429
809550
809578
809597
809808
809818
809836
809906
810048
810125
810298
810486
810564
810717
810779
810790
810882
810938
811045
811265
811326
811570
811639
811969
812451
812453
812490
812783
812796
812814
812831
812845
812888
812894
812911
812922
812967
813057
813058
813069
813111
813220
813325
813341
813383
813601
813619
813654
813674
813723
813750
813767
813833
814041
814136
814203
814322
814369
814400
814413
814433
814496
814534
814546
814589
814837
814853
815028
815076
815118
815127
815207
815219
815284
815287
815342
815380
815465
815471
815476
815510
815550
815787
815971
816066
816091
816106
816332
816392
816415
816601
816685
816712
816805
816821
816883
816908
816912
816941
816951
816981
817045
817097
817153
817176
817333
817358
817364
817381
817418
817428
817538
817566
817660
817698
817770
817803
817895
818020
818124
818382
818407
818492
818510
818847
818884
818956
818976
819113
819118
819180
819181
819331
819344
819573
819576
819633
819641
819670
819739
819767
819947
820075
820076
820409
820426
820473
820521
820529
820557
820574
820586
820605
820782
820898
820997
821132
821140
821449
821675
821716
821738
821753
821760
821806
821866
821976
822096
822115
822181
822312
822321
822559
822579
822649
822669
822755
822767
822859
822917
822992
823053
823090
823130
823192
823254
823307
823336
823352
823708
823823
823865
823943
824229
824243
824247
824284
824376
824482
824714
824823
824850
825124
825321
825377
825406
825457
825532
825598
825655
825755
826108
826174
826366
826532
826553
826555
826603
826658
826755
826839
826855
826891
826921
826929
826975
827192
827287
827972
828048
828071
828076
828105
828131
828244
828484
828741
828766
828791
829004
829393
829410
829527
829591
829714
829748
829807
829860
829868
830265
830304
830347
830348
830360
830450
830457
830495
830503
830510
830544
830555
830572
830575
830602
830758
830816
830956
830977
831144
831237
831273
831295
831438
831477
831628
831635
831644
831664
831691
831742
831827
831889
832203
832234
832248
832504
832535
832585
832675
832694
832738
832757
832806
832829
832877
833111
833119
833253
833356
833496
833601
833732
833799
833802
833920
834023
834120
834214
834215
834276
834375
834380
834432
834496
834578
834721
834756
834767
834786
834962
835089
835247
835611
835697
835745
835747
835827
835990
836020
836243
836302
836348
836358
836372
836404
836413
836568
836597
836752
836866
836888
837009
837151
837257
837293
837314
837321
837489
837512
837519
837841
837907
838001
838042
838084
838251
838301
838328
838368
838393
838417
838423
838514
838527
838572
838587
838658
838707
838733
838751
838762
838874
838996
838999
839135
839149
839163
839192
839268
839361
839450
839543
839592
839619
839620
839677
839728
839879
840033
840082
840130
840243
840288
840406
840466
840523
840570
840808
840868
840952
841121
841156
841245
841265
841351
841648
841713
841820
841970
842034
842076
842123
842130
842543
842705
842771
842782
842883
842887
842992
843088
843270
843296
843313
843339
843669
843681
843734
843775
843975
844186
844210
844231
844325
844418
844495
844620
844681
844685
844830
844922
844982
844983
844996
845168
845174
845318
845319
845424
845642
845741
845746
845833
845885
845889
845928
846002
846081
846128
846570
847249
847272
847302
847484
847495
847546
847633
847785
847862
847880
847935
848079
848118
848465
848672
848681
848694
848695
848984
849066
849107
849109
849164
849207
849357
849513
849623
849669
849793
849809
849858
850003
850135
850231
850486
850555
850610
850748
850850
851030
851213
851472
851480
851558
851580
851643
851686
851724
851820
851904
851925
852056
852138
852206
852421
852597
852721
852774
852837
853144
853234
853266
853512
853706
853720
853740
853758
854038
854106
854159
854278
854289
854561
854564
854840
854934
854952
855011
855051
855052
855208
855277
855354
855400
855553
855594
855641
855799
855915
856046
856054
856156
856307
856438
856483
856540
856548
856572
856582
856585
856962
857000
857128
857225
857295
857338
857400
857411
857415
857609
857673
857981
857993
858063
858089
858135
858147
858371
858392
858486
858645
858695
858749
858817
858829
858894
858911
858959
859010
859042
859101
859160
859234
859256
859492
859735
860301
860339
860419
860476
860524
860672
860705
860709
860742
861051
861175
861231
861248
861317
861369
861582
861638
861666
861753
861828
861836
861895
862183
862349
862372
862419
862576
862676
862830
862840
862880
863076
863116
863555
863592
863666
863743
863901
863908
863947
864399
864430
864460
864700
864843
865258
865420
865502
865540
865541
865629
865630
865896
866086
866325
866368
866371
866397
866730
866761
866958
866961
866962
867124
867217
867265
867302
867354
867360
867722
867788
867823
868112
868347
868367
868427
868497
868578
868599
868614
868615
868686
868696
868749
868771
868785
868850
868954
869045
869052
869119
869142
869227
869299
869407
869452
869453
869550
869554
869874
869968
870001
870026
870158
870162
870232
870379
870432
870435
870453
870479
870612
870683
870785
870821
870867
870994
871108
871130
871220
871256
871303
871365
871376
871410
871601
871647
871994
872139
872207
872433
872446
872504
872588
872595
872757
872791
872841
872901
872943
873026
873076
873138
873150
873237
873386
873406
873421
873608
873612
873770
873790
873987
874020
874058
874100
874202
874231
874359
874449
874525
874636
874668
874693
874701
874779
874781
874870
874900
875026
875068
875271
875287
875307
875349
875455
875530
875717
875760
875985
876018
876190
876225
876246
876265
876304
876453
876567
876848
877083
877197
877243
877336
877341
877501
877523
877641
877763
877825
877844
877859
877969
877977
878279
878556
878566
878578
878691
878724
878799
878990
878993
879250
879255
879452
879462
879479
879520
879640
879644
879676
879716
879855
879890
879914
879952
880136
880316
880347
880503
880994
881305
881411
881475
881492
881777
881840
881850
881872
881919
881921
882009
882067
882073
882154
882227
882253
882257
882269
882294
882333
882503
882563
883020
883026
883114
883150
883172
883494
883545
883848
884245
884253
884270
884447
884600
884829
884844
885070
885110
885321
885467
885484
885546
885853
885916
885938
885939
886188
886235
886475
886589
886655
886701
886737
886918
886969
886986
887011
887019
887039
887088
887185
887243
887249
887546
887590
887613
887629
887681
887725
887744
887879
887894
887974
888224
888303
888344
888352
888365
888409
888411
888562
888657
888692
888871
889029
889152
889200
889204
889233
889295
889313
889513
889608
889649
889695
889710
889718
889875
890045
890073
890165
890361
890494
890589
890625
890651
890783
890882
891074
891142
891148
891168
891297
891343
891432
891554
891763
891875
891928
891948
892058
892073
892137
892289
892335
892513
892612
892767
892982
893168
893183
893233
893288
893399
893634
893657
893728
893969
894029
894083
894463
894465
894675
894718
894758
894771
894785
894840
894854
894983
895064
895259
895349
895404
895410
895564
895871
895916
895922
896084
896223
896329
896382
896395
896476
896494
896590
896649
896799
896832
896860
896870
897150
897476
897680
897695
897719
897965
898093
898197
898204
898329
898707
898828
898911
898923
898948
898961
898995
899102
899122
899133
899320
899550
899827
900174
900397
900398
900577
900649
900691
900903
901032
901050
901143
901191
901449
901462
901595
901664
901901
901989
902094
902574
903016
903046
903136
903211
903423
903461
903596
903611
903689
903693
903703
903764
903810
903940
904207
904211
904250
904378
904394
904530
904605
904612
904651
904830
904853
905015
905151
905260
905328
905350
905403
905546
905547
905718
905734
905750
905781
906026
906175
906250
906287
906313
906448
906593
906626
906660
906667
906683
906767
906901
907011
907030
907114
907141
907143
907197
907297
907375
907480
907540
907580
907602
907711
907713
907808
907963
907997
908045
908280
908301
908431
908458
908646
908706
908799
908800
908866
908959
908990
909073
909148
909156
909182
909231
909235
909262
909315
909471
909697
909727
909973
910000
910083
910122
910291
910418
910434
910682
910889
910906
910972
911061
911078
911181
911210
911235
911240
911476
911587
911622
911730
912029
912040
912301
912310
912316
912451
912478
912589
912781
912793
912807
912890
912962
912982
913553
913599
913852
914002
914115
914116
914239
914450
914658
914705
914712
914992
915012
915017
915151
915614
915657
915733
915750
915758
915833
915950
916048
916091
916095
916296
916497
916518
916564
916567
916579
916668
916673
916680
916726
916771
916782
916923
917080
917191
917446
917459
917470
917497
917568
917569
917644
917773
917830
917896
918084
918117
918217
918234
918443
918480
918496
918550
918705
918738
918763
918816
918828
918897
919044
919053
919299
919483
919533
919638
919833
919844
919869
919891
920389
920556
920614
920807
920883
920945
921025
921149
921172
921192
921223
921321
921474
921477
921776
921777
921898
922030
922044
922103
922163
922190
922191
922192
922205
922432
922495
922506
922584
922812
922819
922909
922966
922984
923043
923140
923322
923518
923537
923548
923583
923600
923766
923791
923883
923884
924032
924054
924085
924237
924241
924457
924478
924508
924594
924855
924893
925115
925244
925249
925295
925467
925673
925861
925953
926023
926030
926120
926121
926271
926280
926349
926392
926421
926434
926556
926573
926651
926720
926818
926918
926941
927092
927134
927285
927323
927637
927661
927799
927821
927897
927998
928068
928307
928472
928511
928737
928791
928843
929020
929053
929076
929132
929147
929202
929209
929317
929411
929568
929608
929697
929786
929812
929973
930020
930028
930135
930323
930413
930505
930605
930655
930664
930820
931154
931323
931398
931604
931725
931769
931894
932068
932106
932217
932245
932373
932420
932493
932541
932653
932677
932806
932933
932992
933071
933170
933264
933293
933399
933415
933482
933761
933865
933955
934011
934028
934080
934099
934137
934417
934423
934526
934628
934654
934705
934775
934777
934892
934909
934917
934996
935098
935446
935725
935830
935924
935932
936023
936043
936250
936351
936359
936447
936454
936599
936616
936618
936758
936814
936833
936855
936913
936921
936953
937049
937134
937203
937403
937550
937604
937641
937657
937867
938097
938169
938360
938405
938568
938778
938783
938805
938839
938859
938913
939057
939071
939121
939122
939165
939260
939282
939305
939373
939484
939547
939720
939758
939817
939892
940038
940058
940222
940389
940423
940472
940553
940909
940959
941014
941035
941111
941157
941351
941487
941500
941677
941680
941746
941758
941775
941863
942131
943014
943029
943086
943091
943255
943262
943631
944107
944116
944120
944122
944216
944345
944450
944598
944772
945224
945227
945233
945266
945296
945363
945427
945579
945672
945681
945725
945796
946125
946258
946352
946428
946540
946559
946824
946851
946858
946950
946951
947058
947146
947166
947203
947239
947282
947504
947638
947644
947740
947935
947981
948270
948299
948316
948401
948411
948452
948524
948764
948769
948905
948977
949162
949205
949256
949282
949359
949423
949559
949607
949780
949822
949869
950062
950146
950248
950364
950701
950736
950787
950951
950973
951011
951104
951282
951311
951331
951398
951481
951619
951805
951950
952007
952074
952076
952090
952161
952235
952296
952461
952723
952734
952902
953012
953050
953105
953136
953162
953178
953239
953410
953432
953442
953624
953691
953966
954026
954064
954129
954183
954224
954290
954315
954356
954430
954477
954677
954748
954958
955006
955133
955218
955229
955339
955340
955460
955492
955605
955639
955925
955993
956074
956219
956320
956515
956538
956690
956789
956910
957096
957228
957269
957303
957324
957399
957564
957697
957760
957786
957860
957902
957948
958015
958041
958049
958432
958468
958645
959076
959146
959148
959221
959246
959453
959460
959544
959580
959704
959792
959804
959814
960055
960085
960121
960186
960271
960305
960319
960419
960457
960494
960692
960698
960712
960760
960792
960807
960830
960938
961024
961072
961155
961226
961338
961443
961469
961521
961595
961828
961886
961930
962046
962194
962244
962369
962389
962426
962546
962610
962674
962822
962940
962996
963019
963102
963209
963249
963257
963477
963490
963501
963674
963836
963936
963996
964157
964248
964376
964404
964462
964474
964689
964871
964883
964897
964942
965016
965060
965315
965388
965564
965577
965883
965884
966024
966096
966098
966243
966263
966282
966322
966365
966504
966637
966642
966781
966977
967082
967137
967152
967361
967373
967568
967578
967942
968003
968006
968113
968240
968317
968354
968438
968718
968832
968937
969033
969083
969141
969244
969253
969490
969496
969543
969723
969744
969817
969834
969839
969904
969941
970125
970170
970383
970433
970550
970625
970630
970646
970713
970818
970894
971009
971031
971071
971103
971257
971281
971531
971535
971601
971643
971651
971823
971878
971925
971927
971932
971953
972131
972173
972246
972332
972379
972435
972459
972818
972822
972957
973012
973063
973186
973317
973343
973365
973506
973556
973671
973755
973768
973802
973809
973882
973900
973939
973973
974193
974450
974713
975019
975095
975161
975163
975344
975517
975575
975996
976088
976179
976204
976477
976490
976737
976962
976966
977009
977027
977113
977227
977306
977373
977491
977665
977697
977752
977804
977881
977902
977904
977971
977989
978093
978226
978379
978813
978968
979000
979167
979384
979407
979497
979605
979621
979802
979932
979966
980080
980090
980153
980164
980195
980369
980598
980678
980860
980929
980972
980990
981011
981178
981286
981415
981478
981510
981630
981707
981711
981973
982144
982162
982198
982281
982372
982459
982489
982522
982632
982805
982876
982997
983073
983129
983189
983204
983228
983240
983295
983391
983689
983752
983889
984228
984299
984493
984557
984812
984987
984997
985088
985230
985520
985579
985661
985678
985857
985897
986196
986275
986280
986287
986336
986395
986431
986501
986568
986744
986746
986936
987050
987107
987335
987367
987449
987458
987739
987846
987913
987949
988009
988019
988089
988108
988318
988325
988503
988554
988637
988665
988699
988997
989022
989048
989132
989218
989388
989651
989781
989800
989874
989919
989966
989984
990038
990227
990257
990331
990358
990466
990524
990528
990745
990940
990952
991105
991439
991503
991590
991605
991655
991704
991742
991804
991814
991831
991922
992104
992515
992546
992549
992743
992844
992854
992969
993204
993229
993259
993395
993415
993490
993522
993774
993947
994095
994579
994648
994671
994872
994948
995050
995284
995393
995456
995517
995656
995658
995709
995746
995789
995838
995972
996047
996060
996117
996122
996282
996396
996403
996414
996533
996806
996830
996863
997242
997294
997330
997515
997716
997718
997721
997826
998078
998113
998118
998129
998168
998185
998235
998411
998582
998657
998663
998700
998777
998972
999149
999331
999405
999512
999526
999537
999538
999540
999583
999656
999792
999855
999876
1000015
1000125
1000390
1000470
1000641
1000647
1000676
1000692
1000733
1000778
1000836
1000885
1001031
1001069
1001308
1001352
1001378
1001417
1001441
1001480
1001718
1001834
1001887
1001896
1001964
1001986
1002071
1002131
1002289
1002342
1002546
1002617
1002662
1002667
1002669
1002764
1002808
1002840
1002909
1003050
1003060
1003305
1003350
1003391
1003467
1003550
1003587
1003753
1003807
1003818
1003985
1004061
1004243
1004447
1004544
1004852
1004952
1005070
1005112
1005271
1005290
1005509
1005736
1005871
1005876
1005946
1006001
1006075
1006091
1006099
1006154
1006206
1006213
1006216
1006226
1006234
1006259
1006455
1006629
1006719
1006724
1006761
1007013
1007062
1007128
1007167
1007490
1007690
1007732
1007740
1007743
1007749
1007817
1008044
1008186
1008220
1008268
1008300
1008345
1008356
1008415
1008452
1008470
1008540
1008720
1008727
1008774
1008830
1008846
1008849
1008920
1009025
1009086
1009126
1009150
1009303
1009305
1009317
1009347
1009447
1009664
1009769
1009905
1010043
1010112
1010562
1010648
1010717
1010762
1010767
1011020
1011056
1011079
1011178
1011217
1011266
1011282
1011299
1011321
1011647
1011654
1011800
1011814
1011872
1011920
1012013
1012312
1012329
1012331
1012373
1012428
1012434
1012523
1012556
1012557
1012575
1012703
1012843
1012877
1013073
1013086
1013367
1013459
1013537
1013602
1013618
1013640
1013771
1013773
1014017
1014138
1014383
1014398
1014461
1014578
1014760
1014764
1014910
1014955
1014956
1015122
1015135
1015461
1015550
1015872
1015894
1015898
1015945
1016016
1016127
1016141
1016337
1016371
1016438
1016447
1016510
1016817
1016846
1016914
1017203
1017360
1017362
1017421
1017594
1017619
1017629
1017801
1017863
1017955
1017994
1018019
1018085
1018087
1018686
1018912
1019052
1019134
1019284
1019443
1019575
1019627
1019628
1019678
1019774
1019852
1019979
1020039
1020135
1020223
1020303
1020408
1020468
1020512
1020798
1020840
1020853
1020876
1020912
1020926
1021030
1021047
1021489
1021532
1021700
1021816
1021974
1022013
1022021
1022107
1022241
1022275
1022342
1022396
1022594
1022700
1022730
1022853
1022880
1022884
1022914
1022939
1023014
1023124
1023256
1023356
1023376
1023519
1023617
1023645
1023825
1023941
1024046
1024388
1024480
1024556
1024702
1025069
1025179
1025234
1025288
1025352
1025399
1025426
1025608
1025822
1025849
1026102
1026229
1026265
1026358
1026527
1026906
1026935
1026936
1027055
1027201
1027243
1027329
1027550
1027570
1027613
1027669
1027854
1027941
1028040
1028198
1028293
1028363
1028495
1028655
1028739
1028760
1028773
1028818
1029006
1029014
1029089
1029270
1029349
1029377
1029558
1029589
1029678
1029704
1029778
1029849
1029933
1029977
1030050
1030099
1030148
1030175
1030290
1030306
1030323
1030494
1030678
1030730
1030786
1030787
1030947
1031114
1031140
1031141
1031190
1031343
1031352
1031550
1031581
1031582
1031629
1031643
1031750
1031848
1032029
1032073
1032103
1032235
1032675
1032712
1032841
1032908
1032960
1033175
1033199
1033236
1033416
1033482
1033561
1033631
1033799
1034046
1034298
1034513
1034679
1034730
1034816
1035064
1035119
1035341
1035372
1035397
1035458
1035515
1035517
1035530
1035536
1035782
1035830
1035855
1035893
1036057
1036104
1036121
1036175
1036184
1036248
1036342
1036370
1036376
1036453
1036537
1036662
1036808
1036930
1036955
1037170
1037179
1037209
1037250
1037358
1037530
1037645
1037931
1037953
1037997
1038219
1038232
1038269
1038821
1038838
1039019
1039056
1039071
1039274
1039522
1039730
1039774
1040077
1040128
1040198
1040460
1040628
1040798
1040836
1040954
1040976
1041023
1041085
1041237
1041470
1041585
1041801
1041820
1042032
1042068
1042238
1042248
1042288
1042361
1042366
1042400
1042450
1042527
1042713
1042827
1042873
1042955
1042973
1043051
1043177
1043188
1043229
1043242
1043354
1043449
1043452
1043453
1043495
1043558
1043711
1043806
1043812
1043856
1043977
1043987
1044123
1044221
1044319
1044328
1044370
1044432
1044443
1044515
1044637
1044658
1044875
1044919
1045004
1045285
1045340
1045420
1045463
1045522
1045570
1045881
1046036
1046049
1046185
1046200
1046295
1046339
1046360
1046417
1046442
1046578
1046689
1046779
1047067
1047153
1047220
1047290
1047329
1047386
1047456
1047560
1047625
1047770
1047810
1047819
1048051
1048103
1048145
1048168
1048178
1048189
1048271
1048273
1048460
1048477
1048621
1048624
1048699
1048738
1048991
1049145
1049241
1049280
1049287
1049316
1049326
1049539
1049646
1049698
1049715
1050224
1050305
1050361
1050405
1050450
1050568
1050659
1050674
1050818
1050838
1050909
1050917
1051043
1051052
1051089
1051149
1051293
1051327
1051401
1051555
1051620
1051698
1051778
1051801
1052059
1052133
1052155
1052157
1052186
1052190
1052209
1052533
1052556
1052604
1052727
1052740
1052754
1052818
1052942
1053055
1053239
1053327
1053407
1053458
1053479
1053527
1053546
1053573
1053653
1053762
1053807
1053871
1054085
1054123
1054366
1054444
1054561
1054582
1054586
1054851
1054892
1054922
1055017
1055200
1055247
1055284
1055770
1055944
1056133
1056425
1056432
1056491
1056506
1056578
1056595
1056619
1056742
1057016
1057333
1057359
1057413
1057446
1057547
1057628
1057693
1057734
1057757
1057827
1057900
1057994
1058194
1058302
1058349
1058477
1058510
1058598
1058645
1058676
1058786
1058937
1058957
1059044
1059078
1059085
1059113
1059182
1059216
1059290
1059499
1059557
1059747
1059759
1059875
1059892
1059947
1060009
1060031
1060115
1060149
1060218
1060432
1060463
1060477
1060664
1060738
1060932
1061086
1061154
1061178
1061216
1061365
1061454
1061619
1061626
1061929
1061960
1062009
1062018
1062046
1062059
1062138
1062355
1062413
1062426
1062508
1062816
1062898
1062967
1063135
1063194
1063268
1063448
1063661
1063753
1063797
1064051
1064087
1064722
1065232
1065488
1065585
1065690
1065734
1065751
1065776
1065848
1065865
1065915
1066080
1066110
1066260
1066352
1066353
1066483
1066497
1066597
1066791
1066803
1066896
1066925
1067153
1067283
1067561
1067668
1067731
1067760
1067765
1067823
1068040
1068129
1068168
1068203
1068245
1068338
1068462
1068473
1068559
1068716
1068763
1069181
1069231
1069287
1069312
1069318
1069321
1069433
1069602
1069609
1069646
1069677
1069812
1069839
1070059
1070303
1070306
1070320
1070607
1070735
1070754
1070783
1070880
1071057
1071066
1071300
1071305
1071362
1071499
1071507
1071537
1071802
1071891
1071907
1071923
1071938
1071957
1072177
1072192
1072328
1072441
1072447
1072501
1072566
1072639
1072757
1072777
1072951
1073071
1073244
1073293
1073320
1073356
1073477
1073539
1073817
1074009
1074022
1074298
1074500
1074528
1074614
1074685
1074700
1074711
1075047
1075091
1075136
1075183
1075493
1075518
1075574
1075654
1075717
1076025
1076340
1076591
1076775
1076874
1076999
1077035
1077076
1077093
1077113
1077291
1077539
1077696
1077738
1077745
1077762
1077819
1077977
1078050
1078052
1078286
1078325
1078597
1078667
1078689
1078805
1078894
1079104
1079132
1079145
1079167
1079191
1079250
1079255
1079298
1079340
1079527
1079534
1079649
1079714
1079819
1079851
1079933
1079939
1080018
1080090
1080133
1080134
1080150
1080161
1080234
1080310
1080423
1080444
1080503
1080505
1080627
1080647
1080661
1080751
1080815
1080845
1080856
1080877
1081084
1081192
1081218
1081277
1081561
1081571
1081584
1081666
1081669
1081749
1081817
1081933
1081940
1082101
1082189
1082211
1082222
1082231
1082353
1082474
1082600
1082610
1082664
1082864
1082898
1082919
1082923
1083042
1083188
1083245
1083323
1083556
1083699
1083722
1083734
1083821
1084094
1084377
1084448
1084527
1084724
1084728
1084782
1084833
1084852
1084870
1084991
1084993
1085064
1085106
1085127
1085199
1085225
1085536
1085689
1085765
1085795
1085936
1086008
1086026
1086233
1086579
1086607
1086613
1086635
1086790
1086883
1086955
1087130
1087164
1087253
1087300
1087409
1087459
1087507
1087610
1087618
1087653
1087703
1087719
1087833
1087866
1087943
1087964
1087967
1088000
1088007
1088238
1088472
1088778
1088808
1088838
1088868
1088881
1088998
1089011
1089061
1089106
1089198
1089261
1089331
1089439
1089464
1089601
1089642
1089646
1089729
1089739
1089816
1089941
1090387
1090393
1090482
1090553
1090582
1090850
1090947
1091004
1091100
1091140
1091200
1091276
1091301
1091635
1091738
1091842
1091879
1091930
1091972
1092077
1092100
1092117
1092142
1092299
1092455
1092818
1092829
1092994
1093160
1093162
1093179
1093226
1093251
1093314
1093337
1093398
1093492
1093513
1093597
1093628
1093671
1093733
1093742
1093843
1093850
1094028
1094080
1094136
1094156
1094398
1094709
1094769
1094811
1094862
1094867
1094885
1094977
1094990
1094999
1095007
1095190
1095600
1095624
1095630
1095708
1095746
1095825
1095894
1096119
1096328
1096567
1096633
1096759
1096857
1097157
1097163
1097250
1097259
1097378
1097474
1097618
1097830
1098219
1098252
1098275
1098283
1098337
1098539
1098552
1098601
1098638
1098656
1098892
1099070
1099169
1099203
1099261
1099284
1099352
1099458
1099460
1099463
1099814
1099869
1099944
1100006
1100013
1100058
1100069
1100079
1100080
1100119
1100164
1100194
1100315
1100432
1100555
1100578
1100599
1100735
1100835
1100845
1100860
1101029
1101094
1101107
1101186
1101258
1101285
1101325
1101351
1101533
1101549
1101600
1101741
1101797
1101852
1101918
1101938
1102056
1102060
1102115
1102142
1102249
1102354
1102541
1102765
1102862
1102864
1102891
1103225
1103281
1103288
1103527
1103571
1103575
1103639
1103696
1103766
1103767
1103770
1103920
1104099
1104142
1104174
1104299
1104328
1104413
1104415
1104495
1104643
1104705
1104739
1104783
1104896
1105024
1105033
1105065
1105066
1105090
1105163
1105287
1105437
1105442
1105494
1105592
1105624
1105745
1105876
1105925
1106015
1106220
1106267
1106311
1106409
1106446
1106595
1106607
1106684
1106830
1106873
1106874
1106911
1106980
1107073
1107175
1107312
1107393
1107429
1107466
1107512
1107771
1107837
1107943
1107982
1107995
1108043
1108063
1108119
1108206
1108211
1108367
1108396
1108412
1108579
1108668
1108817
1108894
1108945
1109034
1109068
1109096
1109147
1109191
1109332
1109424
1109433
1109482
1109594
1109978
1109997
1110006
1110219
1110272
1110311
1110516
1110547
1110555
1110588
1110600
1110614
1110635
1110709
1110787
1110979
1110990
1111373
1111495
1111553
1111621
1111629
1111645
1111685
1111922
1112073
1112200
1112519
1112567
1112592
1112607
1112671
1112704
1112813
1112819
1112861
1112908
1113179
1113201
1113308
1113336
1113392
1113528
1113572
1113613
1113618
1113699
1113719
1113761
1113842
1113893
1113959
1114063
1114100
1114174
1114458
1114536
1114634
1114707
1114757
1114758
1114811
1114843
1114908
1114960
1115027
1115220
1115473
1115532
1115943
1116268
1116307
1116350
1116516
1116526
1116595
1116686
1116880
1116899
1116955
1117061
1117098
1117111
1117115
1117246
1117357
1117436
1117460
1117700
1117767
1117880
1117922
1118155
1118177
1118388
1118446
1118457
1118501
1118800
1118858
1119450
1119452
1119539
1119661
1119744
1119864
1119935
1119952
1119971
1120000
1120006
1120026
1120069
1120272
1120291
1120309
1120434
1120444
1120505
1120565
1120658
1120682
1120690
1120713
1120723
1120873
1121008
1121066
1121099
1121112
1121131
1121170
1121245
1121248
1121331
1121377
1121378
1121379
1121404
1121504
1121553
1121599
1121642
1121685
1121688
1121690
1121747
1121836
1121903
1122057
1122261
1122352
1122366
1122432
1122630
1122720
1122778
1122857
1122936
1122968
1122987
1123005
1123037
1123230
1123308
1123332
1123466
1123574
1123607
1123683
1123953
1124089
1124110
1124419
1124552
1124817
1124900
1125204
1125225
1125244
1125315
1125346
1125672
1125833
1125962
1126010
1126041
1126237
1126255
1126264
1126278
1126285
1126327
1126340
1126593
1126614
1126719
1126861
1126928
1126930
1127349
1127625
1127921
1127951
1127995
1128168
1128282
1128459
1128494
1128506
1128719
1129393
1129481
1129593
1129617
1129638
1129679
1129705
1129740
1129776
1129881
1129979
1130033
1130158
1130177
1130300
1130379
1130445
1130754
1130793
1131115
1131188
1131215
1131326
1131344
1131466
1131678
1131712
1131727
1131803
1131840
1131858
1131867
1131987
1132007
1132315
1132357
1132423
1132428
1132603
1132636
1132846
1133248
1133265
1133410
1133512
1133572
1133603
1133775
1133791
1133835
1133855
1134007
1134071
1134083
1134163
1134195
1134224
1134673
1134691
1134870
1134921
1135230
1135251
1135328
1135428
1135443
1135646
1135793
1135956
1136086
1136170
1136358
1136483
1136521
1136606
1136619
1136680
1136743
1136821
1136885
1136904
1137044
1137216
1137226
1137457
1137540
1137585
1137786
1138000
1138078
1138251
1138270
1138274
1138312
1138401
1138545
1138685
1138692
1138751
1138778
1138800
1138818
1138833
1138977
1139058
1139082
1139115
1139134
1139209
1139267
1139398
1139442
1139461
1139468
1139516
1139534
1139787
1139845
1139869
1139906
1140025
1140171
1140260
1140318
1141019
1141029
1141066
1141157
1141274
1141291
1141314
1141335
1141470
1141525
1141686
1141705
1141733
1141801
1141862
1142052
1142055
1142182
1142413
1142553
1142588
1142606
1142655
1142682
1143025
1143236
1143617
1143627
1143645
1143779
1143790
1143817
1143944
1144053
1144069
1144196
1144199
1144213
1144332
1144370
1144440
1144441
1144685
1144864
1144907
1145100
1145107
1145616
1145631
1145782
1145817
1145949
1146390
1146558
1146617
1146625
1146649
1146686
1146781
1146914
1147019
1147059
1147161
1147185
1147200
1147369
1147548
1147669
1147786
1147887
1148044
1148130
1148290
1148295
1148385
1148409
1148454
1148466
1148836
1148851
1149190
1149259
1149289
1149349
1149377
1149395
1149536
1149799
1149923
1149955
1149989
1150026
1150050
1150121
1150133
1150239
1150315
1150416
1150421
1150452
1150489
1150649
1150655
1150704
1150777
1150913
1150931
1151016
1151091
1151111
1151117
1151174
1151191
1151199
1151253
1151545
1151678
1151687
1151717
1151817
1151840
1151843
1151915
1151943
1152100
1152104
1152119
1152232
1152284
1152526
1152574
1152675
1152756
1152835
1152928
1152968
1153000
1153094
1153106
1153256
1153279
1153398
1153469
1153524
1153708
1153714
1153786
1154025
1154062
1154177
1154418
1154457
1154518
1154732
1154944
1155009
1155300
1155406
1155563
1155630
1155661
1155697
1155857
1155963
1155969
1156022
1156053
1156088
1156419
1156551
1156628
1156644
1156747
1156996
1157194
1157386
1157426
1157541
1157674
1157752
1157866
1157879
1157883
1157966
1158151
1158230
1158386
1158431
1158465
1158542
1158563
1158590
1158611
1158635
1158713
1158803
1158845
1158872
1158976
1158982
1159066
1159181
1159185
1159256
1159259
1159532
1159739
1159883
1159954
1159968
1160041
1160096
1160203
1160213
1160228
1160262
1160311
1160334
1160558
1160598
1160637
1160945
1161005
1161200
1161339
1161568
1161625
1161701
1161732
1161835
1161921
1162022
1162098
1162187
1162197
1162346
1162395
1162471
1162525
1162688
1162697
1162724
1162842
1163012
1163043
1163096
1163298
1163585
1163593
1164046
1164169
1164203
1164335
1164379
1164406
1164420
1164758
1164858
1164859
1164901
1165085
1165116
1165133
1165163
1165165
1165326
1165369
1165422
1165461
1165513
1165550
1165618
1165731
1165767
1165816
1166011
1166019
1166020
1166046
1166169
1166217
1166265
1166281
1166471
1166508
1166589
1166629
1166758
1166819
1166854
1166922
1167049
1167113
1167126
1167208
1167254
1167258
1167382
1167385
1167647
1167845
1167878
1167931
1167958
1167962
1168018
1168355
1168484
1168540
1168629
1168692
1168929
1168939
1169008
1169086
1169108
1169267
1169355
1169373
1169474
1169549
1169608
1169632
1169639
1169809
1169903
1169952
1169955
1170198
1170254
1170501
1170558
1170923
1170977
1171348
1171624
1171716
1171879
1171890
1172003
1172147
1172238
1172264
1172345
1172414
1172463
1172493
1172628
1172705
1173019
1173079
1173086
1173111
1173376
1173626
1173851
1174122
1174134
1174300
1174421
1174429
1174507
1174518
1174548
1174588
1174685
1174848
1175031
1175061
1175179
1175220
1175321
1175482
1175488
1175535
1175602
1175606
1175779
1175820
1175932
1176143
1176362
1176610
1176674
1176698
1177193
1177238
1177286
1177304
1177342
1177483
1177605
1177676
1177693
1177793
1177961
1177976
1177989
1178099
1178133
1178158
1178205
1178298
1178350
1178431
1178501
1178791
1178831
1178867
1178890
1178933
1178958
1179051
1179230
1179335
1179661
1179744
1179749
1180019
1180112
1180375
1180377
1180693
1180722
1180867
1180932
1180961
1181104
1181201
1181339
1181369
1181399
1181835
1182036
1182076
1182078
1182164
1182263
1182318
1182336
1182533
1182573
1182659
1182669
1182773
1182815
1182855
1182949
1183251
1183441
1183520
1183620
1183658
1183710
1183728
1183773
1183891
1183978
1184072
1184305
1184461
1184464
1184484
1184661
1184673
1184799
1184927
1184974
1185075
1185093
1185262
1185417
1185446
1185455
1185457
1185590
1185794
1185914
1186076
1186077
1186113
1186135
1186269
1186329
1186486
1186579
1186598
1186668
1186686
1186853
1187310
1187442
1187583
1187585
1187624
1187682
1187713
1187987
1188150
1188166
1188341
1188386
1188447
1188617
1188702
1188778
1188850
1188881
1189011
1189170
1189304
1189428
1189521
1189540
1189619
1189625
1189642
1189710
1189886
1189986
1190043
1190081
1190101
1190273
1190291
1190313
1190327
1190329
1190348
1190409
1190493
1190561
1190646
1190657
1190731
1190764
1190841
1190866
1190972
1191013
1191069
1191100
1191139
1191255
1191287
1191302
1191665
1191671
1191900
1191939
1192205
1192214
1192345
1192346
1192347
1192551
1192579
1192715
1192828
1192866
1192867
1192915
1192962
1193004
1193044
1193090
1193280
1193290
1193346
1193431
1193561
1193812
1193863
1193936
1194240
1194339
1194365
1194386
1194417
1194757
1194767
1194781
1194831
1194928
1194979
1195112
1195239
1195241
1195654
1195850
1195977
1195985
1195996
1196026
1196047
1196087
1196122
1196194
1196199
1196239
1196252
1196467
1196549
1196560
1196606
1196870
1196980
1197026
1197471
1197503
1197619
1197722
1197958
1198024
1198206
1198405
1198495
1198530
1198729
1198851
1198887
1198926
1199057
1199114
1199187
1199298
1199306
1199353
1199390
1199533
1199637
1199673
1199999
1200010
1200197
1200372
1200596
1200862
1200997
1201062
1201185
1201215
1201317
1201446
1201598
1201763
1201868
1201904
1201958
1201965
1202133
1202177
1202282
1202362
1202548
1202632
1202642
1202833
1202838
1202870
1202871
1203045
1203120
1203142
1203411
1203429
1203433
1203463
1203545
1203739
1203749
1204134
1204175
1204233
1204360
1204362
1204397
1204430
1204446
1204641
1204668
1205147
1205267
1205279
1205362
1205397
1205441
1205602
1205632
1205773
1206040
1206072
1206082
1206115
1206121
1206172
1206264
1206346
1206431
1206467
1206476
1206554
1206685
1206827
1206858
1206942
1207213
1207221
1207416
1207449
1207538
1207991
1208001
1208094
1208274
1208337
1208414
1208510
1208631
1208641
1208658
1208670
1208700
1208755
1209051
1209094
1209107
1209151
1209357
1209378
1209405
1209437
1209528
1209804
1209918
1210058
1210179
1210383
1210456
1210463
1210471
1210495
1210504
1210516
1211076
1211196
1211201
1211266
1211555
1211675
1211724
1211733
1211748
1211782
1211862
1211954
1212015
1212167
1212419
1212436
1212494
1212498
1212552
1212573
1212595
1212891
1212980
1213000
1213039
1213158
1213208
1213476
1213551
1213587
1213702
1213957
1213992
1214179
1214357
1214574
1214593
1214858
1214982
1215328
1215332
1215357
1215670
1215795
1215815
1215940
1216243
1216288
1216289
1216303
1216332
1216370
1216543
1216561
1216566
1216692
1216868
1216989
1217056
1217096
1217168
1217230
1217334
1217354
1217361
1217659
1217709
1217805
1217966
1218010
1218038
1218164
1218166
1218174
1218445
1218523
1218565
1218657
1218668
1218679
1218695
1218789
1218894
1219015
1219021
1219086
1219098
1219126
1219132
1219320
1219438
1219490
1219542
1219564
1219600
1219643
1219692
1219778
1219922
1219953
1219966
1220056
1220160
1220507
1220581
1220876
1220992
1221052
1221080
1221237
1221273
1221275
1221282
1221355
1221363
1221524
1221769
1221958
1221960
1221977
1221978
1222038
1222088
1222110
1222238
1222334
1222350
1222394
1222478
1222483
1222517
1222621
1222801
1222802
1222952
1222979
1223267
1223333
1223476
1223564
1223642
1223656
1223684
1223695
1223728
1223828
1223880
1224422
1224423
1224431
1224535
1224547
1224729
1224742
1224789
1224850
1224861
1224938
1225135
1225209
1225310
1225339
1225341
1225454
1225475
1225539
1225545
1225600
1225733
1225894
1225911
1225938
1226097
1226120
1226124
1226129
1226191
1226246
1226255
1226347
1226365
1226489
1226883
1226922
1227271
1227450
1227467
1227492
1227527
1227607
1227717
1228009
1228145
1228150
1228177
1228238
1228466
1228520
1228542
1228571
1228623
1228672
1228688
1228729
1228766
1228799
1228832
1228836
1228858
1228925
1229112
1229193
1229255
1229470
1229574
1229721
1229803
1230070
1230077
1230106
1230142
1230313
1230335
1230506
1230600
1230752
1230776
1230787
1230806
1230869
1230948
1231057
1231184
1231196
1231572
1231603
1231632
1231641
1231733
1231995
1232145
1232584
1232634
1232728
1232881
1232904
1232993
1233061
1233144
1233209
1233238
1233638
1233708
1233717
1233894
1233901
1233905
1233928
1234197
1234212
1234283
1234314
1234418
1234551
1234575
1234626
1234655
1234752
1235107
1235112
1235140
1235170
1235335
1235362
1235389
1235577
1235614
1235743
1235870
1235885
1235922
1236020
1236026
1236086
1236127
1236268
1236294
1236469
1236478
1236865
1236948
1237063
1237148
1237458
1237459
1237507
1237553
1237590
1237610
1237622
1237675
1237690
1237727
1237878
1238013
1238059
1238072
1238097
1238147
1238155
1238192
1238196
1238288
1238379
1238380
1238395
1238562
1238673
1238781
1238791
1238820
1238890
1238910
1239076
1239206
1239216
1239454
1239634
1239679
1239877
1240075
1240235
1240405
1240636
1240686
1240706
1240949
1240972
1241047
1241070
1241216
1241242
1241333
1241388
1241445
1241544
1241837
1241844
1242236
1242250
1242258
1242292
1242395
1242600
1242649
1242987
1243402
1243680
1243821
1243857
1243925
1244118
1244156
1244304
1244318
1244684
1244712
1244735
1244965
1244984
1245120
1245247
1245255
1245257
1245577
1245645
1245709
1245754
1246014
1246107
1246148
1246159
1246177
1246310
1246332
1246487
1246513
1246567
1246874
1246879
1246902
1246923
1247049
1247083
1247124
1247185
1247225
1247680
1247824
1247826
1247858
1247894
1248069
1248130
1248300
1248478
1248507
1248546
1248681
1248688
1249260
1249309
1249470
1249485
1249540
1249577
1249590
1249725
1249782
1249802
1249840
1249899
1250105
1250279
1250390
1250404
1250415
1250558
1250646
1250664
1250881
1250918
1251123
1251212
1251460
1251472
1251567
1251570
1251598
1251646
1251659
1251692
1251865
1251975
1252046
1252572
1252687
1252722
1252763
1252951
1253048
1253150
1253184
1253256
1253406
1253454
1253502
1253688
1253875
1253927
1253930
1253994
1254000
1254018
1254097
1254118
1254227
1254275
1254354
1254492
1254517
1254606
1254643
1254757
1254845
1254864
1254870
1254896
1255056
1255192
1255248
1255317
1255367
1255406
1255586
1255616
1255632
1255672
1255885
1255899
1255955
1256042
1256121
1256203
1256293
1256323
1256554
1256647
1256697
1256836
1256865
1256874
1257140
1257184
1257245
1257279
1257293
1257301
1257439
1257589
1257791
1257867
1257885
1257977
1258140
1258151
1258325
1258360
1258628
1258720
1258727
1258855
1258862
1258871
1258943
1259036
1259042
1259059
1259201
1259398
1259418
1259540
1259769
1259842
1259885
1260184
1260250
1260353
1260441
1260716
1260758
1260792
1260841
1260931
1260969
1261241
1261395
1261527
1261787
1261900
1261967
1262175
1262220
1262414
1262599
1262646
1262705
1262726
1262850
1263028
1263063
1263088
1263092
1263101
1263135
1263468
1263937
1263987
1264079
1264231
1264245
1264261
1264266
1264347
1264603
1264649
1264659
1264751
1264779
1264789
1264944
1264975
1265024
1265028
1265036
1265065
1265094
1265192
1265337
1265338
1265365
1265526
1265708
1265811
1265940
1265951
1265988
1266006
1266022
1266069
1266112
1266140
1266153
1266219
1266240
1266434
1266557
1266840
1267002
1267082
1267310
1267372
1267395
1267411
1267450
1267496
1267546
1267559
1267576
1267750
1267819
1267863
1267869
1268436
1268798
1269217
1269278
1269429
1269440
1269709
1269772
1269888
1270027
1270041
1270161
1270206
1270272
1270347
1270394
1270516
1270549
1270574
1270683
1270885
1270899
1270948
1271059
1271094
1271466
1271509
1271578
1271682
1271708
1271883
1271895
1271908
1271937
1271964
1271986
1272184
1272310
1272314
1272318
1272338
1272438
1272827
1272842
1272862
1272889
1272896
1272899
1272928
1272979
1273234
1273277
1273314
1273348
1273394
1273649
1273743
1273872
1273968
1274013
1274343
1274475
1274509
1274531
1274696
1274790
1274798
1274935
1275069
1275079
1275111
1275165
1275385
1275504
1275518
1275535
1275606
1275640
1275852
1275884
1275918
1276038
1276060
1276110
1276158
1276206
1276231
1276343
1276426
1276524
1276536
1276595
1276667
1276674
1277345
1277403
1277434
1277488
1277638
1277881
1278159
1278186
1278187
1278350
1278394
1278432
1278435
1278564
1278698
1278730
1278756
1278775
1278874
1278918
1279057
1279121
1279186
1279224
1279406
1279408
1279633
1279701
1279713
1279740
1280043
1280439
1280525
1280570
1280778
1280784
1281137
1281210
1281291
1281318
1281330
1281504
1281663
1281706
1281831
1282003
1282021
1282042
1282138
1282228
1282246
1282387
1282507
1282519
1282566
1282597
1282625
1282739
1282757
1282776
1282786
1282894
1283086
1283212
1283463
1283499
1283777
1284008
1284183
1284185
1284217
1284256
1284354
1284394
1284449
1284451
1284460
1284494
1284508
1284600
1284628
1284663
1284665
1284721
1284761
1284835
1284869
1284934
1285005
1285201
1285335
1285348
1285424
1285486
1285543
1285554
1285568
1285692
1285801
1285812
1285926
1285948
1286050
1286362
1286366
1286487
1286603
1286681
1286892
1287421
1288064
1288102
1288112
1288219
1288297
1288332
1288356
1288890
1289161
1289224
1289329
1289489
1289570
1289700
1289783
1289892
1290091
1290242
1290363
1290479
1290561
1290662
1290688
1290748
1290857
1290881
1291167
1291170
1291192
1291205
1291367
1291512
1291544
1291649
1291676
1291683
1291684
1291712
1291764
1291935
1292091
1292138
1292178
1292228
1292362
1292626
1292634
1292653
1292720
1292786
1292911
1292922
1293020
1293032
1293250
1293306
1293340
1293411
1293476
1293484
1293521
1293545
1293669
1294051
1294106
1294175
1294179
1294223
1294505
1294605
1294618
1294709
1294801
1294919
1294939
1295023
1295059
1295101
1295137
1295182
1295346
1295367
1295397
1295424
1295469
1295542
1295702
1295759
1295991
1296186
1296392
1296404
1296469
1296627
1296681
1296753
1296754
1297099
1297148
1297189
1297207
1297296
1297380
1297394
1297426
1297674
1297758
1297876
1297905
1298031
1298235
1298255
1298294
1298316
1298400
1298505
1298726
1298739
1298740
1298742
1298752
1298778
1298809
1298812
1298823
1298929
1298961
1299006
1299049
1299073
1299105
1299227
1299320
1299359
1299644
1299764
1299770
1299995
1300131
1300140
1300317
1300723
1300803
1300951
1301101
1301180
1301271
1301496
1301657
1301671
1301716
1301778
1302041
1302123
1302195
1302204
1302285
1302419
1302527
1302535
1302540
1302541
1302583
1302642
1302832
1302850
1302887
1303509
1303782
1303822
1303944
1303956
1303999
1304021
1304077
1304086
1304273
1304314
1304414
1304464
1304599
1304650
1304666
1304760
1304815
1304860
1304866
1305075
1305089
1305250
1305270
1305281
1305285
1305303
1305324
1305349
1305476
1305503
1305512
1305520
1305564
1305583
1305618
1305840
1305912
1305915
1306024
1306063
1306219
1306236
1306461
1306532
1306734
1306777
1306808
1306845
1306938
1307091
1307240
1307377
1307396
1307403
1307433
1307631
1307651
1307744
1307798
1307818
1307857
1308225
1308298
1308596
1308730
1308909
1308944
1309367
1309368
1309424
1309477
1309500
1309507
1309543
1309690
1309696
1310165
1310174
1310702
1310709
1310915
1311068
1311070
1311107
1311166
1311285
1311369
1311380
1311458
1311483
1311501
1311650
1311668
1311767
1311771
1311941
1311966
1312334
1312439
1312624
1312708
1312772
1312847
1312876
1312891
1312980
1313198
1313199
1313210
1313233
1313258
1313313
1313326
1313354
1313650
1313670
1313797
1313823
1314003
1314054
1314086
1314176
1314186
1314256
1314505
1314617
1314712
1314786
1314923
1314952
1314953
1314995
1315185
1315277
1315287
1315295
1315414
1315432
1315504
1315540
1315695
1315700
1315725
1315746
1315802
1315845
1315925
1315959
1316185
1316223
1316315
1316410
1316538
1316553
1316611
1316616
1316653
1316657
1316661
1316997
1317013
1317025
1317033
1317035
1317083
1317098
1317107
1317303
1317583
1317703
1317753
1317828
1317854
1317882
1318018
1318115
1318205
1318274
1318332
1318377
1318384
1318405
1318442
1318477
1318649
1318747
1318851
1318964
1319052
1319074
1319244
1319366
1319403
1319455
1319474
1319501
1319541
1319615
1319637
1319752
1319755
1320028
1320307
1320361
1320398
1320534
1320729
1320888
1321056
1321158
1321265
1321428
1321453
1321467
1321569
1322116
1322120
1322443
1322447
1322452
1322515
1322597
1322618
1322700
1322701
1322748
1322840
1322912
1322924
1323114
1323145
1323169
1323220
1323468
1323611
1323737
1323826
1324396
1324491
1324579
1324733
1324768
1324769
1324844
1324909
1325110
1325250
1325424
1325471
1325482
1325495
1325596
1325717
1325835
1325838
1326019
1326058
1326094
1326134
1326152
1326161
1326517
1326747
1326780
1326906
1326910
1326995
1327165
1327528
1327550
1327553
1327861
1327869
1327900
1327953
1327958
1327984
1328029
1328230
1328287
1328345
1328390
1328417
1328441
1328611
1328708
1328784
1328838
1328992
1329095
1329179
1329241
1329274
1329423
1329590
1329771
1329772
1329985
1330095
1330097
1330381
1330496
1330689
1330773
1330928
1331113
1331160
1331367
1331411
1331526
1331684
1331706
1331750
1331968
1332076
1332117
1332183
1332326
1332329
1332344
1332401
1332572
1332696
1332796
1332873
1332881
1332992
1333059
1333079
1333098
1333168
1333179
1333231
1333351
1333448
1333484
1333500
1333616
1333672
1333785
1333813
1333848
1333952
1333977
1333993
1334273
1334321
1334393
1334434
1334461
1334658
1334818
1334858
1334942
1335010
1335061
1335122
1335131
1335293
1335397
1335570
1335793
1335819
1335933
1336022
1336045
1336085
1336305
1336329
1336617
1336695
1336915
1337066
1337086
1337210
1337212
1337219
1337230
1337258
1337343
1337401
1337427
1337672
1337813
1337827
1337893
1337912
1337966
1337974
1338059
1338096
1338099
1338278
1338414
1338552
1338658
1338664
1338695
1338701
1338809
1338965
1339115
1339192
1339245
1339246
1339384
1339404
1339423
1339462
1339545
1339558
1339660
1339816
1339834
1340130
1340207
1340378
1340690
1340763
1340899
1341128
1341166
1341280
1341441
1341483
1341504
1341597
1341609
1341643
1341659
1341704
1341791
1341805
1342095
1342388
1342402
1342405
1342427
1342520
1342535
1342537
1342605
1342665
1342773
1342798
1342861
1342973
1343045
1343052
1343053
1343070
1343248
1343303
1343394
1343453
1343591
1343606
1343620
1343629
1343686
1344209
1344245
1344267
1344334
1344459
1344563
1344624
1344648
1344807
1344822
1344884
1344904
1345091
1345302
1345360
1345365
1345508
1345615
1345818
1345961
1345977
1346095
1346209
1346218
1346272
1346366
1346398
1346436
1346504
1346540
1346542
1346598
1346639
1346756
1346871
1347021
1347033
1347114
1347211
1347461
1347531
1347593
1347599
1347628
1347682
1347726
1347846
1347858
1348029
1348154
1348288
1348322
1348550
1348764
1348887
1349017
1349027
1349155
1349170
1349184
1349211
1349217
1349382
1349406
1349498
1349550
1349595
1349658
1349787
1349877
1349903
1349920
1349961
1349982
1350104
1350225
1350251
1350292
1350424
1350429
1350467
1350486
1350568
1350702
1350740
1351037
1351061
1351074
1351092
1351129
1351484
1351583
1351596
1351696
1351718
1351777
1351823
1351950
1352183
1352192
1352470
1352492
1352635
1352679
1352715
1352778
1352882
1353273
1353321
1353496
1353664
1353716
1353906
1354059
1354190
1354194
1354213
1354306
1354350
1354366
1354499
1354561
1354634
1354695
1354711
1354720
1354868
1354876
1354933
1355034
1355119
1355135
1355236
1355258
1355402
1355416
1355607
1355640
1355853
1355904
1355934
1355941
1356074
1356172
1356214
1356359
1356409
1356438
1356445
1356490
1356515
1356517
1356618
1356791
1356808
1356873
1356973
1357175
1357220
1357434
1357494
1357611
1357683
1357691
1357739
1357824
1357965
1357973
1358329
1358372
1358690
1358696
1358779
1358807
1358870
1358907
1359021
1359127
1359384
1359525
1359689
1359724
1359730
1359955
1359964
1360008
1360113
1360141
1360177
1360247
1360422
1360726
1360872
1360889
1361165
1361286
1361610
1361631
1361659
1361724
1361773
1361837
1361841
1362021
1362060
1362406
1362865
1363003
1363038
1363171
1363212
1363310
1363361
1363412
1363503
1363510
1363517
1363531
1363824
1363844
1363933
1364004
1364048
1364052
1364129
1364190
1364199
1364309
1364380
1364384
1364425
1364454
1364731
1364834
1365212
1365295
1365450
1365496
1365543
1365607
1365674
1365734
1365748
1365789
1365855
1365971
1366107
1366307
1366464
1366576
1366593
1366741
1366923
1366962
1366983
1367196
1367308
1367363
1367370
1367674
1367719
1367902
1367923
1368106
1368162
1368269
1368300
1368756
1368812
1368887
1368903
1368938
1369001
1369044
1369191
1369401
1369436
1369481
1369649
1369656
1369792
1369794
1369909
1369933
1369980
1370026
1370068
1370095
1370108
1370278
1370336
1370367
1370412
1370422
1370456
1370589
1370837
1370894
1370963
1371135
1371352
1371473
1371779
1371838
1371904
1371930
1372014
1372160
1372215
1372220
1372292
1372390
1372427
1372454
1372661
1372709
1372723
1372883
1373159
1373241
1373312
1373518
1373552
1373633
1373682
1373847
1373909
1374168
1374245
1374272
1374296
1374366
1374443
1374506
1374510
1374525
1374559
1374581
1374681
1374684
1374799
1374862
1375000
1375051
1375060
1375067
1375300
1375425
1375456
1375462
1375553
1375714
1376126
1376189
1376284
1376313
1376423
1376425
1376449
1376488
1376621
1376663
1376775
1376848
1376889
1376977
1377049
1377058
1377082
1377226
1377281
1377282
1377541
1377571
1377648
1377677
1377808
1377898
1377971
1377992
1378244
1378314
1378336
1378388
1378471
1378648
1378984
1379141
1379180
1379192
1379206
1379417
1379431
1379541
1379551
1379775
1379965
1380052
1380071
1380076
1380082
1380152
1380250
1380267
1380403
1380438
1380477
1380539
1380717
1380747
1380765
1380973
1381099
1381110
1381255
1381314
1381537
1381539
1381882
1381918
1382149
1382292
1382777
1382791
1382906
1382907
1382912
1382970
1383083
1383121
1383148
1383298
1383322
1383389
1383626
1383793
1383807
1383885
1383952
1383980
1384098
1384407
1384440
1384638
1384643
1384773
1384816
1385057
1385073
1385197
1385420
1385593
1385651
1385693
1385796
1385888
1385904
1385996
1386022
1386025
1386121
1386179
1386217
1386237
1386269
1386334
1386377
1386673
1386747
1386772
1386941
1386994
1387000
1387101
1387263
1387297
1387311
1387367
1387435
1387447
1387472
1387769
1387919
1387941
1388157
1388361
1388513
1388532
1388575
1388589
1388611
1388641
1388705
1388731
1388874
1388950
1389094
1389164
1389354
1389389
1389398
1389487
1389567
1389727
1389735
1389782
1389787
1389813
1390002
1390130
1390191
1390210
1390263
1390347
1390372
1390391
1390418
1390488
1390497
1390720
1390861
1390897
1391120
1391132
1391135
1391290
1391363
1391487
1391567
1391568
1391588
1391628
1391686
1391689
1391880
1392015
1392280
1392329
1392391
1392601
1392678
1392900
1393061
1393092
1393160
1393213
1393628
1393657
1393695
1393769
1393821
1393839
1393901
1393919
1394193
1394488
1394548
1394662
1394672
1394745
1394828
1394915
1394953
1394981
1395056
1395129
1395148
1395325
1395443
1395619
1395685
1395714
1395728
1396026
1396096
1396293
1396299
1396383
1396387
1396472
1396523
1396601
1396608
1397079
1397230
1397263
1397319
1397346
1397352
1397395
1397550
1397598
1397608
1397653
1397749
1397758
1397824
1397886
1398007
1398043
1398163
1398209
1398319
1398565
1398701
1398733
1398926
1399011
1399062
1399232
1399358
1399415
1399424
1399456
1399519
1399556
1399683
1399717
1400067
1400179
1400221
1400367
1400386
1400611
1400613
1400671
1400725
1401127
1401130
1401307
1401317
1401426
1401527
1401721
1401757
1401813
1401884
1402020
1402338
1402404
1402462
1402568
1402747
1403120
1403358
1403388
1403478
1403506
1403819
1403977
1403994
1404196
1404250
1404260
1404275
1404291
1404577
1404647
1404699
1405082
1405142
1405206
1405390
1405514
1405674
1405916
1405938
1406054
1406085
1406086
1406099
1406219
1406346
1406349
1406454
1406474
1406517
1406590
1406628
1406965
1406979
1406980
1406993
1407012
1407097
1407112
1407202
1407281
1407496
1407607
1407659
1407664
1407740
1407883
1407926
1407931
1408348
1408471
1408510
1408702
1408789
1408803
1408818
1408863
1408875
1408951
1408986
1409039
1409094
1409095
1409153
1409195
1409198
1409235
1409306
1409327
1409332
1409488
1409607
1409612
1409640
1409655
1409807
1409814
1409974
1410244
1410249
1410292
1410345
1410390
1410391
1410430
1410433
1410514
1410533
1410540
1410746
1410967
1410971
1411002
1411100
1411457
1411486
1411520
1411568
1411672
1411682
1411808
1411875
1411894
1411918
1412017
1412124
1412243
1412320
1412350
1412545
1412646
1412651
1412821
1412888
1412899
1412937
1412962
1412982
1412995
1413048
1413091
1413157
1413201
1413340
1413429
1413523
1413656
1413703
1413737
1413846
1413854
1413987
1414163
1414169
1414476
1414485
1414618
1414646
1414946
1414956
1415032
1415076
1415356
1415435
1415481
1415773
1415782
1416029
1416043
1416110
1416114
1416224
1416282
1416455
1416489
1416524
1416556
1416747
1416757
1416895
1417025
1417109
1417258
1417377
1417553
1417659
1417668
1417853
1417887
1417891
1417892
1417987
1418132
1418203
1418239
1418278
1418394
1418445
1418760
1418874
1418984
1419122
1419272
1419744
1419768
1419871
1419884
1419964
1419991
1420337
1420579
1420709
1420733
1420864
1420909
1420923
1420952
1420979
1421040
1421204
1421205
1421299
1421349
1421485
1421597
1421769
1421787
1421797
1422053
1422063
1422166
1422269
1422363
1422548
1422633
1422667
1422718
1422736
1422837
1422841
1422884
1422909
1423101
1423186
1423204
1423230
1423306
1423454
1423490
1423528
1423730
1423781
1423786
1423982
1424072
1424102
1424298
1424470
1424493
1424638
1424703
1424763
1424800
1424820
1424987
1425019
1425085
1425122
1425390
1425576
1425595
1425626
1425690
1425705
1425777
1425815
1425819
1425827
1425859
1426035
1426112
1426149
1426218
1426239
1426347
1426484
1426680
1426740
1426769
1426951
1427049
1427177
1427213
1427222
1427250
1427280
1427330
1427344
1427379
1427381
1427413
1427461
1427617
1427641
1427868
1428011
1428058
1428062
1428089
1428185
1428225
1428321
1428447
1428466
1428627
1428697
1428751
1428826
1428885
1428912
1428938
1428968
1429040
1429186
1429212
1429222
1429333
1429346
1429476
1429569
1429686
1430109
1430114
1430121
1430191
1430231
1430642
1430644
1430673
1430745
1431008
1431016
1431049
1431068
1431142
1431151
1431162
1431261
1431518
1431654
1431667
1431974
1431989
1432144
1432149
1432197
1432359
1432444
1432466
1432888
1433176
1433249
1433754
1433771
1433794
1433856
1433865
1433915
1433929
1433946
1434045
1434089
1434098
1434159
1434222
1434224
1434267
1434524
1434574
1434607
1434665
1434837
1434922
1435201
1435289
1435398
1435466
1435549
1435587
1435696
1435716
1435771
1435988
1436041
1436043
1436090
1436179
1436207
1436335
1436465
1436634
1436668
1436792
1436840
1436848
1436890
1436950
1437051
1437139
1437182
1437403
1437440
1437459
1437528
1437555
1437561
1437603
1437703
1437781
1437853
1438182
1438214
1438263
1438373
1438403
1438409
1438508
1438623
1438634
1438701
1438743
1438751
1438781
1438838
1438844
1438956
1439119
1439237
1439246
1439422
1439484
1439585
1439602
1439660
1439678
1439700
1439846
1440176
1440267
1440302
1440344
1440356
1440366
1440406
1440696
1440894
1441036
1441110
1441203
1441204
1441251
1441504
1441524
1441611
1441612
1441711
1441718
1441734
1441914
1442002
1442028
1442032
1442107
1442542
1442606
1442673
1442770
1442941
1442952
1442993
1443026
1443089
1443091
1443101
1443255
1443325
1443568
1443574
1443778
1443876
1443886
1443928
1444037
1444061
1444086
1444115
1444149
1444170
1444340
1444353
1444365
1444503
1444515
1444588
1444616
1444725
1444772
1444899
1444915
1444946
1445179
1445280
1445307
1445372
1445531
1445719
1445874
1446007
1446079
1446242
1446364
1446382
1446623
1446634
1447458
1447472
1447608
1447669
1447907
1447989
1448136
1448201
1448239
1448277
1448300
1448337
1448489
1448633
1448674
1448695
1448767
1448933
1449127
1449422
1449489
1449606
1449724
1449770
1449795
1449846
1449858
1449911
1449920
1450004
1450015
1450035
1450087
1450255
1450301
1450327
1450352
1450440
1450444
1450498
1450541
1450634
1450693
1451043
1451148
1451166
1451626
1451813
1451962
1452171
1452218
1452403
1452416
1452472
1452519
1452593
1452621
1452627
1452757
1452817
1452856
1452879
1452926
1452952
1453112
1453176
1453432
1453634
1453679
1453709
1454109
1454128
1454277
1454378
1454384
1454404
1454470
1454495
1454596
1454719
1454764
1454766
1454771
1454859
1454888
1455011
1455013
1455016
1455110
1455212
1455222
1455322
1455429
1455445
1455618
1455745
1455813
1455867
1455931
1455984
1456007
1456040
1456297
1456350
1456521
1456606
1456639
1456659
1456794
1456811
1456819
1456861
1456872
1456945
1456976
1457034
1457248
1457261
1457339
1457340
1457415
1457436
1457446
1457566
1457574
1457649
1457651
1457823
1457988
1458201
1458225
1458263
1458293
1458379
1458410
1458702
1458732
1458794
1458809
1458831
1458852
1459076
1459180
1459242
1459657
1459670
1459696
1459702
1459737
1459795
1460079
1460151
1460155
1460240
1460306
1460420
1460421
1460441
1460454
1460518
1460552
1460677
1460688
1460716
1460748
1460822
1461040
1461041
1461378
1461479
1461575
1461914
1462007
1462162
1462211
1462234
1462259
1462311
1462359
1462365
1462578
1462801
1462882
1462913
1462990
1463127
1463280
1463353
1463430
1463466
1463492
1463514
1463627
1463731
1464273
1464314
1464335
1464346
1464408
1464417
1464535
1464722
1464853
1464913
1464987
1465112
1465117
1465126
1465277
1465406
1465407
1465462
1465682
1465795
1465866
1465885
1465975
1466128
1466157
1466172
1466210
1466378
1466399
1466432
1466782
1466850
1466924
1466942
1467053
1467072
1467239
1467358
1467380
1467442
1467467
1467538
1467624
1467725
1467770
1467989
1468046
1468109
1468304
1468321
1468492
1468579
1468595
1468687
1469211
1469274
1469402
1469516
1469527
1469552
1469608
1469660
1469724
1469923
1469999
1470039
1470105
1470158
1470202
1470351
1470638
1470661
1470666
1470714
1470727
1470792
1470900
1470943
1470945
1471131
1471154
1471417
1471434
1471496
1471594
1471642
1471677
1471722
1471924
1471928
1471976
1472209
1472218
1472246
1472328
1472984
1473230
1473318
1473425
1473664
1473720
1473863
1473899
1473960
1473998
1474139
1474231
1474359
1474419
1474423
1474427
1474595
1475152
1475265
1475312
1475408
1475412
1475572
1475733
1475823
1475965
1476152
1476173
1476273
1476404
1476555
1476723
1476829
1476997
1477170
1477185
1477263
1477320
1477326
1477350
1477473
1477646
1478111
1478479
1478537
1478580
1478739
1478786
1478924
1478965
1478984
1479116
1479516
1479587
1479602
1479728
1479804
1479831
1479987
1480042
1480062
1480095
1480214
1480327
1480450
1480459
1480502
1480739
1480775
1481074
1481388
1481416
1481418
1481434
1481467
1481726
1481753
1481953
1482017
1482133
1482149
1482154
1482181
1482267
1482307
1482609
1482991
1483040
1483056
1483154
1483300
1483308
1483513
1483632
1483710
1483765
1484005
1484271
1484397
1484452
1484479
1484480
1484531
1484693
1484747
1484901
1485259
1485281
1485292
1485311
1485365
1485374
1485466
1485561
1485873
1486026
1486047
1486085
1486100
1486130
1486132
1486136
1486171
1486197
1486528
1486563
1486605
1486692
1486715
1486849
1487146
1487337
1487553
1487564
1487686
1487732
1487774
1487817
1487988
1488015
1488024
1488305
1488329
1488333
1488400
1488451
1488484
1488775
1488778
1489086
1489091
1489183
1489504
1489531
1489534
1489583
1489633
1489688
1489731
1490017
1490025
1490071
1490094
1490259
1490415
1490458
1490460
1490679
1490743
1490745
1490866
1490953
1491135
1491203
1491209
1491254
1491303
1491346
1491380
1491400
1491731
1491761
1491809
1491816
1491833
1491884
1491907
1492065
1492094
1492318
1492364
1492582
1492781
1492886
1492896
1493123
1493237
1493475
1493645
1493767
1493770
1493976
1493981
1494003
1494112
1494131
1494138
1494219
1494570
1494598
1494604
1494746
1494786
1494822
1494990
1495004
1495478
1495501
1495595
1495737
1495898
1495968
1496172
1496173
1496188
1496210
1496220
1496245
1496619
1496818
1496861
1496895
1496906
1496976
1497065
1497133
1497437
1497602
1497644
1497686
1497837
1497852
1497890
1497944
1497971
1498348
1498473
1498480
1498624
1498714
1498906
1498965
1499057
1499095
1499276
1499351
1499517
1499577
1499816
1500090
1500206
1500269
1500589
1500655
1500717
1500722
1500764
1500847
1500861
1501335
1501403
1501705
1501774
1501972
1502136
1502146
1502163
1502287
1502299
1502492
1502579
1502676
1502714
1502778
1502822
1502825
1502903
1503008
1503052
1503093
1503416
1503435
1503457
1503489
1503620
1503756
1503871
1503915
1503941
1503984
1504228
1504326
1504370
1504587
1505165
1505270
1505483
1505547
1505588
1505622
1505741
1505793
1505814
1505837
1505892
1505943
1505996
1506020
1506225
1506357
1506377
1506434
1506481
1506495
1506574
1506714
1506762
1506775
1506796
1506798
1506860
1506862
1506880
1506890
1507111
1507327
1507478
1507488
1507521
1507571
1507643
1507922
1507971
1507977
1508025
1508097
1508107
1508430
1508434
1508528
1508595
1508635
1508665
1508675
1508745
1508917
1508991
1509155
1509210
1509425
1509564
1509807
1509956
1509998
1510016
1510186
1510198
1510210
1510232
1510316
1510569
1510734
1510812
1510821
1510997
1511357
1511583
1511605
1511676
1511677
1512008
1512144
1512283
1512288
1512460
1512499
1512538
1512854
1512925
1512991
1513010
1513134
1513150
1513327
1513378
1513748
1513766
1513782
1513932
1514013
1514055
1514150
1514198
1514300
1514308
1514385
1514462
1514517
1514582
1514629
1514736
1514763
1514776
1514801
1514826
1515032
1515262
1515357
1515452
1515539
1515569
1515628
1516106
1516120
1516266
1516270
1516346
1516373
1516519
1516703
1516741
1516859
1517034
1517187
1517218
1517351
1517505
1517559
1517567
1517572
1517607
1517636
1517919
1517981
1518264
1518265
1518274
1518476
1518593
1518644
1518693
1518846
1518890
1518893
1518974
1519051
1519079
1519101
1519107
1519208
1519210
1519465
1519572
1519633
1519672
1519684
1519745
1519845
1519876
1519946
1519959
1519971
1519979
1520046
1520074
1520339
1520474
1520559
1520569
1520686
1520726
1521106
1521130
1521136
1521147
1521194
1521254
1521543
1521581
1521619
1521631
1521750
1521852
1522219
1522362
1522392
1522568
1522656
1522662
1522855
1522910
1522996
1523072
1523191
1523566
1523579
1523717
1523838
1524029
1524031
1524197
1524242
1524332
1524449
1524482
1524483
1524797
1524830
1525112
1525204
1525337
1525472
1525477
1525556
1525563
1525662
1525673
1525778
1525818
1525821
1526087
1526095
1526117
1526121
1526245
1526348
1526352
1526623
1526666
1526679
1526705
1526811
1526860
1527049
1527235
1527400
1527422
1527467
1527577
1528086
1528087
1528135
1528712
1528721
1528867
1528921
1528951
1529010
1529015
1529020
1529021
1529051
1529087
1529252
1529286
1529838
1529845
1529856
1529872
1530065
1530110
1530140
1530157
1530500
1530518
1530643
1530644
1530869
1530894
1530976
1530992
1531049
1531221
1531260
1531342
1531523
1531685
1531779
1531890
1532006
1532150
1532190
1532197
1532274
1532541
1532591
1532659
1532855
1532940
1533208
1533371
1533521
1533657
1533775
1533916
1533963
1534023
1534298
1534446
1534707
1534714
1534730
1534862
1534874
1534898
1534904
1535007
1535035
1535234
1535406
1535485
1535628
1535676
1535976
1536043
1536229
1536406
1536430
1536514
1536522
1536559
1536715
1536945
1537052
1537164
1537176
1537223
1537231
1537317
1537357
1537465
1537676
1537833
1537941
1538064
1538137
1538150
1538271
1538377
1538421
1538424
1538457
1538462
1538559
1538785
1539028
1539094
1539161
1539246
1539377
1539406
1539431
1539576
1539646
1539647
1539686
1539832
1539848
1539860
1539882
1539953
1539990
1540083
1540156
1540320
1540435
1540456
1540567
1540602
1540613
1540671
1540935
1541155
1541313
1541341
1541358
1541422
1541662
1541735
1541802
1541887
1541982
1542232
1542352
1542375
1542386
1542447
1542484
1542679
1542694
1542733
1542943
1542987
1543074
1543249
1543492
1543495
1543525
1543543
1543548
1543771
1543853
1543887
1544007
1544124
1544229
1544285
1544347
1544378
1544383
1544522
1544610
1544660
1544718
1544802
1544891
1544949
1545295
1545414
1545552
1545584
1545596
1545600
1545657
1545663
1545672
1545676
1545762
1545777
1545825
1546017
1546105
1546190
1546199
1546235
1546294
1546534
1546649
1546715
1546716
1546746
1546951
1547050
1547146
1547160
1547269
1547312
1547702
1547710
1547713
1547783
1547845
1547883
1547999
1548163
1548343
1548382
1548631
1548790
1549016
1549115
1549135
1549146
1549189
1549193
1549403
1549445
1549469
1549481
1549494
1549508
1549590
1549910
1549940
1549985
1550036
1550180
1550183
1550206
1550215
1550279
1550301
1550381
1550391
1550576
1550733
1550741
1550853
1550984
1551024
1551336
1551511
1551617
1551739
1551793
1551890
1551896
1551992
1552151
1552207
1552253
1552286
1552318
1552638
1552677
1552735
1552757
1552928
1552963
1552966
1552981
1553017
1553162
1553232
1553264
1553354
1553489
1553513
1553515
1553570
1553662
1553851
1553881
1553967
1553973
1554073
1554078
1554141
1554337
1554364
1554856
1554921
1554993
1555008
1555023
1555027
1555067
1555124
1555182
1555262
1555284
1555288
1555346
1555711
1555859
1555980
1556072
1556090
1556190
1556259
1556495
1556504
1556633
1556646
1556874
1557007
1557187
1557212
1557275
1557482
1557607
1557657
1557693
1557826
1557935
1558298
1558318
1558346
1558369
1558394
1558557
1558690
1558725
1558889
1558944
1558975
1559134
1559310
1559314
1559381
1559384
1559540
1559561
1559899
1559968
1559972
1559995
1560130
1560197
1560306
1560390
1560524
1560573
1560659
1560677
1560923
1560944
1560949
1561155
1561202
1561216
1561263
1561318
1561331
1561524
1561679
1561752
1561792
1561831
1561878
1561959
1562268
1562355
1562366
1562560
1562566
1562624
1562664
1562714
1563015
1563042
1563134
1563230
1563310
1563362
1563453
1563509
1563797
1563906
1563908
1564151
1564218
1564294
1564332
1564444
1564626
1564908
1564925
1564975
1565298
1565391
1565739
1565750
1565929
1566100
1566192
1566216
1566222
1566263
1566272
1566302
1566542
1566745
1566919
1567035
1567139
1567166
1567197
1567206
1567221
1567241
1567581
1567824
1567924
1567926
1568180
1568236
1568276
1568712
1568770
1568772
1568810
1568818
1568900
1568926
1568970
1569124
1569230
1569244
1569285
1569382
1569426
1569433
1569458
1569636
1569712
1569722
1569767
1569835
1570109
1570127
1570132
1570242
1570265
1570365
1570394
1570406
1570449
1570519
1570567
1570829
1571173
1571175
1571414
1571614
1571861
1571905
1571931
1571976
1572051
1572167
1572212
1572362
1572457
1572692
1572696
1572740
1572777
1572813
1573024
1573071
1573173
1573181
1573325
1573540
1573731
1573943
1573948
1574099
1574245
1574265
1574277
1574380
1574408
1574610
1574611
1574612
1574626
1574785
1574912
1574929
1575271
1575273
1575289
1575291
1575482
1575536
1575539
1575548
1575612
1575664
1575705
1575746
1575825
1575862
1575937
1576041
1576119
1576193
1576245
1576361
1576377
1576529
1576561
1576595
1576663
1576716
1576815
1576853
1576993
1576994
1577242
1577256
1577288
1577302
1577396
1577420
1577496
1577520
1577540
1577814
1577989
1578121
1578164
1578176
1578201
1578370
1578427
1578464
1578535
1578625
1578661
1578724
1578782
1578917
1578945
1578952
1579137
1579315
1579373
1579390
1579439
1579577
1579869
1580019
1580032
1580188
1580611
1580660
1580995
1581247
1581250
1581280
1581330
1581338
1581389
1581758
1581880
1582001
1582062
1582066
1582067
1582095
1582116
1582237
1582238
1582390
1582830
1582891
1583041
1583121
1583164
1583176
1583194
1583360
1583474
1583750
1583872
1583947
1583973
1584066
1584231
1584273
1584279
1584378
1584382
1584387
1584419
1584673
1584740
1584948
1585175
1585214
1585416
1585435
1585640
1585792
1585954
1585979
1586022
1586077
1586204
1586341
1586345
1586352
1586452
1586499
1586528
1586576
1586631
1586641
1586681
1586850
1586979
1587009
1587080
1587113
1587120
1587180
1587181
1587194
1587210
1587246
1587363
1587381
1587423
1587451
1587683
1587715
1587728
1587868
1587925
1587953
1587963
1588057
1588084
1588106
1588156
1588251
1588332
1588641
1588653
1588698
1588708
1588774
1589070
1589316
1589469
1589568
1589689
1589985
1590141
1590238
1590251
1590277
1590617
1590733
1590837
1590909
1590976
1591100
1591105
1591127
1591188
1591337
1591373
1591453
1591476
1591509
1591569
1591570
1591715
1591732
1591840
1591963
1591994
1592139
1592168
1592337
1592422
1592696
1592798
1592852
1593260
1593389
1593620
1593764
1593898
1594014
1594177
1594205
1594215
1594308
1594354
1594450
1594644
1594651
1594710
1594739
1594901
1594957
1594982
1595017
1595034
1595067
1595090
1595130
1595247
1595380
1595434
1595590
1595599
1595612
1595647
1595649
1595712
1595750
1595757
1595780
1595821
1595838
1595867
1595869
1595875
1595916
1596086
1596093
1596123
1596270
1596335
1596346
1596358
1596387
1596575
1596824
1596835
1597356
1597388
1597424
1597428
1597525
1597557
1597585
1597633
1597681
1597912
1597945
1598017
1598060
1598114
1598219
1598314
1598515
1598611
1598638
1599052
1599172
1599225
1599354
1599561
1599638
1599652
1599682
1599761
1600055
1600078
1600252
1600296
1600464
1600592
1600640
1600740
1600742
1600883
1600966
1601024
1601050
1601073
1601109
1601138
1601143
1601224
1601356
1601413
1601453
1601543
1601554
1601793
1601811
1601821
1601827
1601882
1601891
1601930
1601939
1601993
1602110
1602395
1602452
1602534
1602538
1602595
1602757
1602784
1602857
1602885
1602943
1603218
1603226
1603293
1603392
1603419
1603433
1603515
1603625
1603726
1603732
1604067
1604096
1604130
1604544
1604773
1604802
1604815
1604891
1604991
1605040
1605044
1605223
1605276
1605405
1605503
1605536
1605777
1605878
1605966
1606034
1606196
1606234
1606337
1606454
1606507
1606646
1606701
1606738
1606805
1606882
1606998
1607193
1607302
1607356
1607400
1607450
1607530
1607547
1607594
1607711
1607720
1607787
1607906
1608003
1608072
1608096
1608197
1608305
1608306
1608493
1608547
1608714
1608874
1608896
1608937
1608981
1609047
1609227
1609282
1609365
1609396
1609495
1609537
1609584
1609869
1609995
1610162
1610502
1610571
1610693
1610719
1610729
1610824
1610829
1610850
1610946
1611073
1611112
1611157
1611195
1611302
1611311
1611315
1611332
1611441
1611535
1611583
1611615
1611896
1611930
1611999
1612010
1612051
1612092
1612285
1612381
1612392
1612416
1612695
1612756
1612847
1612891
1613019
1613281
1613289
1613299
1613350
1613451
1613549
1613623
1613699
1613726
1613794
1613824
1613926
1614206
1614383
1614399
1614700
1614721
1614884
1614922
1614944
1615035
1615142
1615217
1615746
1616245
1616452
1616483
1616512
1616745
1616783
1616913
1616926
1617004
1617016
1617249
1617538
1617542
1617586
1617592
1617675
1617856
1617914
1617959
1618052
1618072
1618224
1618233
1618416
1618585
1618602
1618926
1619041
1619126
1619155
1619191
1619247
1619481
1619536
1619544
1619688
1619762
1619804
1619813
1619850
1619889
1619967
1619987
1620165
1620318
1620339
1620366
1620458
1620515
1620688
1620932
1621065
1621135
1621150
1621170
1621212
1621306
1621337
1621344
1621375
1621600
1621726
1621751
1621817
1621867
1621975
1622006
1622244
1622506
1622522
1622605
1622628
1622767
1622795
1622961
1623245
1623325
1623367
1623484
1623612
1623682
1623715
1623736
1623853
1624028
1624161
1624203
1624374
1624412
1624426
1624563
1624874
1624934
1625140
1625144
1625195
1625203
1625267
1625307
1625659
1625811
1625870
1625874
1625972
1626222
1626270
1626491
1626535
1626572
1626688
1626727
1627369
1627633
1627849
1627998
1628021
1628125
1628199
1628317
1628423
1628552
1628642
1628732
1628740
1628953
1628957
1629071
1629141
1629152
1629300
1629414
1629421
1629428
1629520
1629600
1629723
1629751
1629820
1630007
1630029
1630193
1630263
1630379
1630535
1630570
1630588
1630640
1630764
1630899
1630929
1630997
1631012
1631057
1631136
1631251
1631425
1631460
1631461
1631540
1631593
1631661
1631786
1631812
1631843
1631888
1632614
1632754
1632802
1632835
1632838
1632839
1632851
1633082
1633222
1633288
1633570
1633616
1633653
1633717
1633825
1633960
1633967
1634157
1634201
1634454
1634798
1634829
1634855
1634911
1634928
1634946
1635024
1635225
1635257
1635322
1635331
1635349
1635438
1635590
1635593
1635659
1635675
1635747
1635749
1635964
1636269
1636464
1636583
1636634
1636746
1636762
1636829
1636834
1636969
1636980
1637053
1637068
1637714
1637774
1637805
1637984
1638027
1638059
1638386
1638450
1638567
1638635
1638747
1638789
1638799
1638809
1638822
1638844
1638864
1638886
1639019
1639068
1639231
1639493
1639644
1639773
1639782
1639819
1639940
1640071
1640334
1640405
1640463
1640694
1640852
1640876
1640995
1641014
1641031
1641076
1641097
1641373
1641401
1641414
1641774
1641795
1641814
1641885
1641959
1641998
1642051
1642062
1642176
1642279
1642334
1642584
1642592
1642598
1642602
1642747
1642783
1642844
1643002
1643233
1643316
1643398
1643456
1643488
1643536
1643944
1643948
1643978
1644025
1644251
1644378
1644519
1644542
1644742
1644874
1644939
1644955
1644997
1645016
1645074
1645115
1645155
1645258
1645270
1645308
1645343
1645375
1645379
1645525
1645555
1645600
1645645
1645654
1645693
1645798
1645981
1646074
1646091
1646211
1646480
1646547
1646578
1646621
1646700
1646719
1646744
1646789
1646982
1647226
1647266
1647395
1647557
1647657
1647819
1647877
1648112
1648280
1648306
1648367
1648370
1648432
1648480
1648526
1648532
1648540
1648863
1648963
1649096
1649613
1649679
1649680
1649833
1649974
1649995
1650006
1650016
1650035
1650193
1650340
1650438
1650450
1650479
1650801
1650900
1651305
1651436
1651629
1651837
1652013
1652072
1652142
1652168
1652263
1652299
1652483
1652539
1652618
1652854
1652938
1652948
1653035
1653104
1653509
1653556
1653607
1653682
1653690
1653777
1653785
1653883
1653937
1654215
1654226
1654455
1654498
1654573
1654611
1654768
1654788
1654794
1654973
1655005
1655008
1655046
1655124
1655312
1655383
1655444
1655573
1655698
1655790
1655911
1655935
1656142
1656163
1656485
1656515
1656610
1656640
1656705
1656794
1656838
1657143
1657177
1657375
1657443
1657516
1657555
1657747
1657792
1657988
1658037
1658286
1658299
1658680
1658717
1658809
1658816
1658850
1658873
1658921
1659076
1659103
1659107
1659145
1659175
1659193
1659288
1659474
1659679
1659827
1659930
1659980
1660002
1660287
1660313
1660454
1660501
1660525
1660532
1660620
1661019
1661041
1661097
1661215
1661229
1661321
1661402
1661573
1661733
1661768
1661961
1662283
1662298
1662361
1662510
1662589
1662719
1662733
1662806
1662882
1662954
1663045
1663055
1663142
1663286
1663457
1663661
1663697
1663880
1663929
1663993
1664184
1664403
1664701
1664750
1664757
1664791
1664795
1664903
1664914
1664917
1664930
1664953
1665031
1665306
1665323
1665430
1665660
1665734
1666156
1666242
1666372
1666386
1666466
1666698
1666806
1666854
1666997
1667026
1667070
1667073
1667096
1667220
1667381
1667439
1667450
1667539
1667638
1667648
1667676
1668014
1668296
1668503
1668517
1668546
1668575
1668703
1668774
1668910
1668956
1669208
1669237
1669245
1669430
1669446
1669472
1669550
1669607
1669624
1669847
1669865
1669907
1669917
1669920
1670051
1670132
1670220
1670240
1670292
1670331
1670370
1670387
1670390
1670401
1670448
1670590
1670801
1670964
1670969
1671103
1671173
1671297
1671720
1671725
1671856
1671896
1671913
1672151
1672546
1672549
1672700
1672755
1672778
1672895
1672939
1673144
1673275
1673322
1673367
1673373
1673419
1673491
1673503
1673638
1673742
1673749
1673869
1674006
1674022
1674036
1674064
1674117
1674149
1674185
1674362
1674418
1674673
1674774
1674780
1674809
1674838
1674864
1674886
1674900
1674949
1675045
1675098
1675190
1675466
1675503
1675567
1675821
1675862
1675905
1676025
1676114
1676282
1676296
1676319
1676414
1676441
1676582
1676630
1676666
1676704
1676735
1676820
1676890
1677189
1677479
1677590
1677754
1677830
1677903
1678058
1678230
1678300
1678418
1678451
1678463
1678504
1678594
1678971
1679115
1679131
1679256
1679465
1679486
1679496
1679645
1679752
1680066
1680117
1680710
1680750
1680977
1681185
1681194
1681240
1681326
1681414
1681488
1681713
1681904
1681918
1681992
1681993
1682420
1682438
1682439
1682704
1682745
1682746
1682803
1682806
1682874
1682898
1683209
1683225
1683371
1683406
1683410
1683604
1683635
1683680
1683688
1683729
1683851
1683861
1683981
1684099
1684171
1684207
1684322
1684361
1684389
1684396
1684489
1684493
1684578
1684603
1684687
1684701
1684734
1684806
1684929
1685238
1685287
1685579
1685593
1685661
1685666
1685674
1685806
1685914
1685982
1686034
1686105
1686132
1686145
1686150
1686186
1686286
1686333
1686372
1686426
1686526
1686551
1686729
1686907
1687052
1687388
1687505
1687543
1687559
1687795
1687810
1687811
1687916
1687965
1688441
1688511
1688577
1688607
1688632
1688649
1688746
1688810
1688909
1688973
1689122
1689167
1689170
1689182
1689647
1689878
1690147
1690191
1690197
1690208
1690424
1690493
1690509
1690563
1690570
1690629
1690852
1690876
1690911
1690950
1690958
1691048
1691051
1691239
1691393
1691427
1691492
1691514
1691626
1691629
1691640
1691738
1691967
1692034
1692122
1692346
1692491
1692535
1692556
1692618
1692775
1692836
1692917
1693092
1693120
1693459
1693614
1693645
1693906
1693913
1693922
1693936
1693951
1694092
1694139
1694255
1694260
1694265
1694298
1694299
1694310
1694501
1694601
1694670
1694692
1694762
1694882
1695001
1695094
1695158
1695177
1695333
1695546
1695685
1695728
1695734
1695755
1695784
1695937
1696004
1696037
1696081
1696173
1696421
1696428
1696857
1696894
1696976
1696993
1696996
1697114
1697121
1697264
1697306
1697363
1697560
1697562
1697606
1697700
1697886
1698030
1698291
1698476
1698740
1698757
1698795
1698828
1698997
1699101
1699167
1699264
1699290
1699307
1699685
1699712
1700044
1700149
1700350
1700546
1700677
1700715
1700846
1701092
1701223
1701240
1701262
1701589
1701590
1701612
1701681
1701799
1701815
1701842
1701845
1701851
1701893
1701956
1702089
1702126
1702436
1702646
1702843
1702926
1703046
1703048
1703063
1703065
1703111
1703130
1703139
1703342
1703455
1703497
1703541
1703612
1703707
1703737
1703743
1703744
1703754
1703772
1703816
1703859
1704182
1704288
1704399
1704608
1704650
1704713
1704823
1704998
1705061
1705139
1705175
1705240
1705343
1705792
1705959
1706239
1706476
1706528
1706591
1707088
1707133
1707146
1707217
1707318
1707451
1707527
1707655
1707702
1707792
1707928
1708088
1708134
1708224
1708388
1708500
1708637
1709173
1709251
1709519
1709571
1709637
1709756
1710024
1710080
1710082
1710131
1710134
1710197
1710431
1710590
1710755
1710778
1710911
1710912
1711223
1711459
1711478
1711589
1711629
1711760
1711785
1711942
1712017
1712220
1712272
1712284
1712362
1712375
1712572
1712640
1712663
1712750
1713315
1713317
1713402
1713474
1713566
1713746
1713820
1713905
1713924
1713928
1714175
1714268
1714276
1714388
1714545
1714670
1714865
1714890
1714982
1715132
1715136
1715174
1715232
1715264
1715366
1715510
1715549
1715623
1715746
1715758
1715931
1716087
1716252
1716519
1716587
1716609
1717010
1717128
1717144
1717169
1717174
1717324
1717544
1717644
1717679
1717705
1717719
1717791
1717917
1717935
1718242
1718333
1718358
1718420
1718445
1718469
1718470
1718613
1718662
1718670
1718733
1718903
1718934
1718983
1719097
1719210
1719263
1719333
1719482
1719541
1719740
1719804
1719836
1719897
1719923
1719933
1719965
1720021
1720051
1720214
1720434
1720467
1720771
1720973
1721116
1721234
1721245
1721316
1721334
1721394
1721448
1721667
1721676
1721700
1721748
1721785
1721830
1721853
1721875
1721954
1721980
1722122
1722133
1722451
1722463
1722631
1722649
1722728
1722731
1722758
1723264
1723265
1723311
1723391
1723535
1723727
1723939
1724084
1724461
1724471
1724478
1724519
1724544
1724775
1724870
1724872
1724889
1724903
1724986
1725051
1725060
1725108
1725176
1725261
1725280
1725296
1725498
1725514
1725641
1725662
1725891
1726362
1726489
1726525
1726621
1726643
1726696
1726793
1726914
1727311
1727371
1727388
1727552
1727657
1727701
1728141
1728665
1728793
1729056
1729235
1729354
1729368
1729466
1729641
1729663
1729722
1729772
1729808
1730010
1730111
1730332
1730338
1730389
1730411
1730475
1730597
1730671
1730897
1730925
1731074
1731124
1731407
1731484
1731642
1731718
1731797
1731834
1731985
1732025
1732138
1732248
1732265
1732356
1732382
1732498
1732523
1732663
1732828
1733067
1733243
1733259
1733375
1733379
1733495
1733680
1733771
1733860
1733878
1733919
1734303
1734462
1734466
1734648
1734687
1734911
1734918
1735028
1735079
1735142
1735300
1735352
1735487
1735672
1735790
1735933
1736023
1736191
1736257
1736421
1736488
1736707
1736745
1736811
1736819
1736894
1736900
1736952
1736969
1737000
1737078
1737245
1737305
1737388
1737492
1737762
1737929
1738012
1738231
1738338
1738587
1738610
1739015
1739061
1739161
1739331
1739335
1739394
1739495
1739503
1739590
1739629
1739805
1740051
1740058
1740096
1740161
1740187
1740217
1740225
1740241
1740322
1740327
1740414
1740441
1740706
1740883
1740933
1741100
1741418
1741531
1741538
1741622
1741664
1741698
1741896
1741905
1741941
1742059
1742094
1742138
1742141
1742345
1742361
1742539
1742833
1742842
1742988
1743077
1743101
1743293
1743376
1743834
1743882
1743903
1744040
1744078
1744108
1744171
1744577
1744606
1744692
1744698
1744707
1744750
1744840
1744884
1744944
1744999
1745039
1745245
1745263
1745330
1745516
1745704
1745714
1745831
1745901
1745915
1746008
1746013
1746092
1746114
1746406
1746508
1746603
1746761
1746934
1746982
1746986
1747048
1747151
1747243
1747435
1747645
1747733
1747742
1747808
1747836
1747969
1747977
1748004
1748231
1748408
1748481
1748493
1748545
1748577
1748604
1748722
1748845
1748879
1748931
1748986
1748997
1749005
1749274
1749376
1749406
1749956
1750100
1750166
1750211
1750255
1750296
1750426
1750456
1750868
1750916
1750985
1751116
1751258
1751263
1751513
1751548
1751575
1751838
1751894
1752045
1752048
1752095
1752288
1752459
1752546
1752622
1752674
1752700
1752736
1752751
1753252
1753308
1753350
1753371
1753400
1753453
1753494
1753641
1753752
1753873
1754253
1754337
1754375
1754414
1754589
1754620
1754659
1754678
1754716
1754747
1754795
1755017
1755050
1755287
1755293
1755300
1755317
1755369
1755396
1755510
1755532
1755539
1755660
1755677
1755784
1755891
1755905
1755949
1755971
1756111
1756161
1756270
1756272
1756296
1756523
1756535
1756565
1756694
1756706
1756736
1756793
1757279
1757359
1757449
1757453
1757740
1757986
1758060
1758603
1758649
1758818
1758923
1759339
1759494
1759524
1759557
1759678
1759695
1759856
1759863
1759883
1760141
1760225
1760263
1760399
1760425
1760610
1760798
1760820
1761002
1761011
1761023
1761159
1761235
1761334
1761410
1761580
1761612
1761629
1761678
1761708
1761879
1761904
1762037
1762040
1762052
1762112
1762319
1762502
1762907
1762941
1762965
1762981
1763013
1763168
1763376
1763499
1763512
1763515
1763593
1763614
1763686
1763875
1764066
1764075
1764176
1764244
1764515
1764633
1764979
1765149
1765180
1765188
1765312
1765494
1765783
1765839
1765847
1765892
1765894
1765941
1766022
1766461
1766565
1766607
1766786
1766939
1767001
1767023
1767081
1767164
1767238
1767544
1767606
1767875
1768018
1768044
1768046
1768109
1768145
1768210
1768493
1768563
1768842
1768927
1768935
1768997
1769210
1769271
1769367
1769418
1769541
1769647
1769820
1770029
1770046
1770235
1770463
1770522
1770606
1770683
1770734
1770741
1771169
1771339
1771398
1771702
1771838
1771949
1772543
1772565
1772567
1772602
1772624
1772711
1772791
1773079
1773164
1773209
1773269
1773365
1773464
1773507
1773831
1773888
1774081
1774319
1774329
1774597
1774679
1774694
1774836
1774841
1774904
1774939
1774958
1775110
1775310
1775349
1775543
1775714
1775734
1775784
1775906
1775945
1775981
1776006
1776018
1776025
1776062
1776093
1776146
1776203
1776253
1776324
1776477
1776623
1776713
1776917
1776985
1777078
1777100
1777132
1777161
1777193
1777367
1777387
1777520
1777522
1777569
1777802
1777891
1777892
1777915
1777975
1778067
1778189
1778193
1778201
1778214
1778346
1778392
1778504
1778517
1778534
1778667
1778886
1779003
1779160
1779167
1779262
1779392
1779531
1779587
1779635
1779700
1779793
1779932
1779939
1780057
1780082
1780157
1780380
1780415
1780664
1780979
1781115
1781162
1781182
1781280
1781372
1781450
1781711
1781730
1781873
1781937
1781945
1781992
1782111
1782135
1782361
1782368
1782378
1782380
1782442
1782609
1782814
1782839
1782947
1783150
1783216
1783324
1783382
1783449
1783526
1783542
1783576
1783633
1783788
1783827
1783949
1784101
1784308
1784321
1784346
1784371
1784423
1784447
1784511
1784586
1784620
1784874
1784943
1784948
1785000
1785144
1785517
1785606
1785617
1785639
1785641
1785812
1785927
1785980
1786200
1786230
1786254
1786337
1786361
1786372
1786393
1786678
1786734
1786751
1786951
1787138
1787184
1787292
1787369
1787473
1787642
1787643
1787807
1787896
1787974
1788001
1788096
1788118
1788305
1788331
1788348
1788379
1788393
1788431
1788436
1788610
1788642
1788694
1788791
1788882
1788986
1789053
1789059
1789089
1789105
1789153
1789201
1789244
1789333
1789440
1789454
1789523
1789658
1790162
1790261
1790272
1790397
1790410
1790518
1790568
1790644
1790653
1790779
1790783
1790845
1790983
1791116
1791182
1791385
1791400
1791428
1791438
1791471
1791491
1791578
1791691
1791869
1792071
1792119
1792166
1792270
1792271
1792544
1793023
1793171
1793328
1793483
1793535
1793680
1793998
1794030
1794076
1794117
1794157
1794200
1794395
1794647
1794730
1794768
1794783
1794795
1795058
1795108
1795312
1795444
1795475
1795503
1795769
1795837
1795996
1796031
1796164
1796284
1796306
1796314
1796449
1796565
1796600
1796717
1796784
1796891
1797119
1797371
1797373
1797403
1797470
1797625
1797661
1797922
1797990
1798155
1798424
1798486
1798622
1798631
1798680
1798825
1798870
1799198
1799251
1799452
1799477
1799491
1799679
1799754
1799787
1799792
1799829
1799868
1800046
1800219
1800333
1800460
1800629
1800675
1800693
1800879
1800894
1801031
1801076
1801199
1801274
1801409
1801549
1801565
1801645
1801778
1801816
1801900
1802375
1802625
1802655
1802662
1802846
1802917
1803023
1803098
1803135
1803231
1803382
1803479
1803615
1803688
1803772
1803812
1804064
1804093
1804100
1804211
1804215
1804238
1804381
1804443
1804460
1804658
1804762
1804763
1804794
1805042
1805044
1805078
1805167
1805219
1805250
1805267
1805309
1805478
1805553
1805616
1805631
1805635
1805651
1805661
1805689
1805759
1806035
1806151
1806191
1806589
1806636
1806660
1806679
1806762
1806915
1806969
1806989
1807078
1807562
1807570
1807628
1807790
1807872
1807900
1807955
1808097
1808195
1808600
1808809
1808951
1809106
1809118
1809249
1809387
1809636
1809645
1809705
1810074
1810084
1810129
1810131
1810150
1810179
1810537
1810680
1810740
1810852
1811058
1811287
1811326
1811448
1811531
1811640
1811981
1812091
1812279
1812413
1812426
1812459
1812603
1812675
1812744
1812794
1812838
1812887
1812987
1813026
1813121
1813363
1813451
1813722
1813782
1813833
1813919
1814140
1814229
1814490
1814571
1814722
1814804
1814821
1814822
1814859
1815059
1815090
1815154
1815190
1815230
1815337
1815483
1816047
1816082
1816254
1816861
1816867
1816885
1817069
1817100
1817315
1817326
1817453
1817685
1817751
1818020
1818288
1818348
1818535
1818538
1818590
1818804
1818957
1819174
1819239
1819601
1819749
1819921
1820040
1820094
1820139
1820175
1820320
1820495
1820525
1820703
1820969
1820998
1821024
1821036
1821175
1821231
1821277
1821433
1821531
1821551
1821753
1821804
1821828
1821890
1821978
1821996
1822050
1822160
1822221
1822272
1822367
1822432
1822671
1822705
1822747
1822816
1822859
1822962
1822991
1823279
1823413
1823631
1823771
1823810
1823887
1824051
1824058
1824121
1824185
1824497
1824527
1824535
1824623
1824803
1824858
1824949
1824971
1825119
1825149
1825221
1825230
1825570
1825611
1825722
1825731
1825779
1825829
1825905
1825919
1826062
1826209
1826293
1826365
1826484
1826502
1826555
1826624
1826883
1827043
1827085
1827248
1827277
1827455
1827471
1827589
1827644
1827646
1827690
1828018
1828063
1828161
1828235
1828246
1828427
1828566
1828568
1828588
1828811
1828862
1829096
1829100
1829241
1829280
1829316
1829374
1829516
1829750
1829874
1829879
1829881
1829942
1830146
1830245
1830348
1830402
1830447
1830536
1830609
1830672
1830869
1831241
1831292
1831368
1831378
1831380
1831558
1831895
1831931
1832034
1832070
1832285
1832461
1832613
1832663
1832674
1832683
1832716
1833048
1833260
1833320
1833335
1833402
1833496
1833565
1833583
1833749
1833953
1833998
1834026
1834318
1834389
1834485
1834544
1834672
1834700
1834823
1834976
1835010
1835060
1835231
1835323
1835485
1835576
1835626
1835823
1835850
1836257
1836286
1836643
1836719
1836828
1836845
1836849
1836903
1836957
1836990
1837181
1837223
1837386
1837440
1837471
1837510
1837693
1837723
1837918
1838042
1838172
1838207
1838385
1838867
1838947
1838954
1839077
1839169
1839214
1839328
1839518
1839994
1839995
1840005
1840053
1840297
1840337
1840424
1840447
1840897
1840994
1841038
1841054
1841262
1841313
1841357
1841420
1841494
1841565
1841587
1841757
1841801
1841971
1842087
1842139
1842148
1842307
1842338
1842404
1842487
1842630
1842654
1843000
1843006
1843049
1843058
1843060
1843071
1843222
1843294
1843337
1843465
1843526
1843608
1843637
1843696
1843700
1843745
1843838
1843840
1843864
1843974
1844030
1844211
1844256
1844292
1844415
1844627
1844808
1844819
1844871
1844913
1845090
1845214
1845242
1845289
1845298
1845424
1845672
1845695
1845785
1845786
1845798
1845822
1845952
1846036
1846061
1846204
1846256
1846300
1846447
1846564
1846587
1846722
1846849
1847017
1847021
1847148
1847157
1847165
1847282
1847389
1847624
1847682
1847757
1847792
1847860
1847865
1847913
1847983
1848054
1848269
1848512
1848818
1848851
1848962
1848974
1848989
1849202
1849402
1849421
1849441
1849509
1849647
1849775
1849780
1849823
1850042
1850106
1850107
1850377
1850405
1850658
1850677
1850685
1850704
1850770
1850873
1850952
1850966
1851106
1851128
1851155
1851179
1851201
1851296
1851597
1851785
1851814
1851855
1851965
1852080
1852102
1852187
1852243
1852294
1852369
1852387
1852471
1852599
1852736
1852750
1853041
1853294
1853557
1853701
1853776
1853967
1854156
1854426
1854552
1854557
1854588
1854676
1854835
1854885
1854890
1854954
1854984
1854989
1854993
1855088
1855092
1855095
1855266
1855355
1855438
1855443
1855931
1855947
1855964
1856173
1856218
1856234
1856308
1856568
1856593
1856645
1856910
1856915
1857006
1857053
1857090
1857143
1857172
1857351
1857394
1857463
1857582
1857597
1857783
1857901
1857907
1858023
1858057
1858082
1858136
1858255
1858259
1858362
1858522
1858606
1858609
1858626
1858630
1858642
1858747
1858907
1859170
1859224
1859225
1859238
1859239
1859285
1859350
1859364
1859504
1859546
1859558
1859566
1859580
1859649
1859700
1859781
1859884
1859915
1860050
1860420
1860743
1860819
1860843
1860859
1860963
1860964
1861198
1861251
1861261
1861453
1861522
1861665
1862283
1862492
1862653
1862731
1862758
1862768
1862931
1862961
1863053
1863204
1863244
1863327
1863352
1863629
1863631
1863785
1863796
1863870
1864043
1864236
1864376
1864653
1864678
1864896
1864968
1865060
1865260
1865293
1865369
1865373
1865447
1865770
1865794
1865816
1865935
1866562
1866773
1866851
1867005
1867267
1867304
1867457
1867773
1867876
1868004
1868053
1868067
1868367
1868510
1868567
1868570
1868574
1868685
1868739
1868746
1868843
1868916
1868943
1869039
1869190
1869208
1869360
1869395
1869484
1869753
1869835
1870096
1870250
1870317
1870627
1870628
1870662
1870728
1870741
1870749
1870792
1870950
1870978
1871002
1871008
1871434
1871512
1871978
1872112
1872401
1872472
1872566
1872751
1873085
1873139
1873189
1873446
1873535
1873606
1873609
1873680
1873760
1873865
1873928
1874001
1874343
1874415
1874481
1874491
1874504
1874656
1874676
1874769
1874806
1875036
1875055
1875072
1875098
1875210
1875455
1875531
1875635
1875760
1875818
1876086
1876221
1876387
1876403
1876728
1876752
1876853
1877145
1877341
1877412
1877512
1877561
1877607
1877667
1877671
1877758
1877780
1877820
1877968
1878026
1878050
1878110
1878407
1878468
1878495
1878670
1878748
1878774
1878961
1879022
1879130
1879158
1879241
1879476
1879752
1879919
1879938
1880057
1880246
1880384
1880628
1880730
1880734
1880780
1880889
1880947
1880995
1881085
1881210
1881246
1881367
1881605
1881762
1881783
1881787
1881788
1881878
1881916
1881940
1882011
1882076
1882106
1882135
1882179
1882215
1882291
1882353
1882360
1882602
1882684
1882700
1882716
1882844
1882915
1882961
1883007
1883027
1883244
1883363
1883398
1883423
1883608
1883628
1883633
1883690
1883821
1883874
1883953
1884133
1884298
1884433
1884475
1884489
1884492
1884622
1884631
1884703
1884772
1884902
1885010
1885050
1885129
1885159
1885324
1885329
1885441
1885483
1885545
1885562
1885652
1885740
1885824
1885964
1886097
1886133
1886136
1886165
1886173
1886176
1886224
1886322
1886433
1886436
1886456
1886465
1886472
1886594
1886629
1886697
1886713
1886747
1886856
1887076
1887111
1887130
1887201
1887253
1887348
1887350
1887428
1887490
1887583
1887620
1887637
1887854
1887887
1887943
1888131
1888365
1888531
1888533
1888552
1888625
1888664
1888735
1888906
1888928
1888975
1889025
1889057
1889208
1889340
1889427
1889437
1889577
1889724
1889752
1889799
1890014
1890024
1890199
1890300
1890304
1890379
1890436
1890809
1890814
1890865
1890911
1890946
1891253
1891307
1891443
1891447
1891760
1891775
1891789
1891969
1892000
1892106
1892206
1892209
1892211
1892269
1892301
1892385
1892503
1892526
1892581
1892912
1893010
1893014
1893016
1893208
1893297
1893399
1893478
1893495
1893607
1893641
1893733
1894232
1894252
1894382
1894476
1894486
1894503
1894643
1894712
1895054
1895096
1895127
1895177
1895273
1895379
1895504
1895552
1895642
1895643
1895668
1895770
1895818
1895904
1895967
1895993
1896009
1896044
1896212
1896319
1896424
1896475
1896544
1896644
1896678
1896725
1896837
1896841
1896961
1897012
1897028
1897165
1897214
1897227
1897458
1897542
1897702
1897743
1897793
1897827
1897932
1897941
1897970
1898143
1898230
1898353
1898656
1898664
1898704
1898711
1899085
1899171
1899220
1899232
1899291
1899297
1899502
1899586
1899632
1899639
1899703
1899792
1899874
1899962
1899964
1900015
1900085
1900105
1900319
1900358
1900446
1900564
1900678
1900765
1900886
1901130
1901144
1901203
1901233
1901273
1901385
1901462
1901470
1901592
1901620
1901699
1901925
1902029
1902160
1902418
1902425
1902566
1902588
1902612
1902853
1902934
1903033
1903058
1903062
1903300
1903439
1903718
1903820
1903884
1904004
1904015
1904060
1904169
1904280
1904459
1904644
1904684
1904723
1904761
1904767
1905005
1905407
1905424
1905522
1905591
1905626
1905721
1905752
1905799
1905932
1905981
1906046
1906378
1906426
1906715
1906726
1907225
1907544
1907563
1907620
1907689
1907736
1907775
1907826
1907869
1907980
1908103
1908131
1908167
1908322
1908574
1908590
1908988
1909034
1909108
1909284
1909474
1909679
1909766
1909804
1910089
1910097
1910132
1910180
1910191
1910418
1910498
1910514
1910521
1910713
1910843
1911068
1911132
1911141
1911229
1911322
1911356
1911518
1911569
1911736
1911875
1912049
1912252
1912302
1912413
1912440
1912517
1912532
1912618
1912630
1912663
1912787
1912809
1912876
1912935
1913031
1913106
1913172
1913244
1913278
1913470
1913563
1913625
1913867
1913929
1913984
1914046
1914084
1914135
1914331
1914453
1914791
1914811
1914826
1914959
1914981
1915012
1915137
1915384
1915468
1915594
1915607
1915685
1915822
1915876
1915915
1915945
1916029
1916060
1916231
1916232
1916260
1916330
1916335
1916489
1916530
1916622
1916655
1916684
1916736
1916853
1916856
1916880
1916892
1917042
1917143
1917219
1917376
1917489
1917645
1917660
1917785
1918027
1918198
1918596
1918623
1918780
1919042
1919068
1919133
1919142
1919193
1919209
1919304
1919631
1919662
1919795
1919810
1919831
1919949
1920059
1920089
1920106
1920472
1920633
1920648
1920653
1920925
1920984
1921295
1921543
1921547
1922183
1922294
1922472
1922663
1922673
1922771
1922794
1922850
1922873
1922889
1923208
1923216
1923240
1923310
1923636
1923704
1923932
1923939
1924068
1924152
1924165
1924241
1924360
1924474
1924528
1924595
1924775
1924839
1924893
1924963
1925065
1925112
1925184
1925205
1925249
1925279
1925284
1925293
1925355
1925402
1925413
1925443
1925499
1925601
1925672
1925673
1925832
1925863
1925986
1926034
1926046
1926172
1926189
1926271
1926408
1926435
1926450
1926554
1926612
1926705
1927109
1927202
1927264
1927308
1927414
1927624
1927765
1927845
1927893
1927961
1928051
1928074
1928105
1928305
1928619
1928950
1929084
1929104
1929123
1929368
1929422
1929431
1929481
1929558
1929678
1929791
1929934
1930011
1930083
1930210
1930577
1930590
1930638
1930908
1931031
1931341
1931613
1931786
1931822
1932033
1932047
1932203
1932238
1932255
1932364
1932632
1932672
1932716
1933051
1933103
1933240
1933357
1933427
1933578
1933656
1933666
1933724
1933895
1933939
1934105
1934136
1934327
1934349
1934468
1934514
1934854
1935459
1935502
1935596
1935738
1935745
1935856
1935967
1936002
1936472
1936569
1936627
1936642
1936683
1936744
1937069
1937091
1937095
1937099
1937129
1937222
1937293
1937428
1937743
1937860
1937974
1938041
1938107
1938228
1938322
1938403
1938521
1938561
1938609
1938648
1938677
1938818
1939051
1939100
1939275
1939337
1939678
1939843
1939846
1940039
1940097
1940143
1940229
1940290
1940294
1940463
1940486
1940559
1940694
1940700
1940764
1940974
1941083
1941101
1941214
1941235
1941360
1941391
1941523
1941653
1941688
1941778
1942074
1942136
1942142
1942249
1942279
1942409
1942440
1942766
1942802
1942808
1942979
1942992
1943169
1943357
1943452
1943472
1943476
1943567
1943590
1943608
1943988
1944018
1944026
1944221
1944606
1944632
1944640
1944668
1944853
1944909
1944945
1944952
1944974
1944988
1945272
1945409
1945450
1945595
1945645
1945950
1945962
1946055
1946092
1946291
1946346
1946566
1946629
1946656
1946748
1946761
1946775
1946800
1946809
1946831
1946937
1947041
1947063
1947069
1947076
1947191
1947291
1947449
1947577
1947598
1947628
1947708
1947711
1947724
1947725
1947747
1948053
1948059
1948089
1948166
1948435
1948509
1948513
1948596
1948743
1948796
1949301
1949378
1949399
1949471
1949597
1949641
1949861
1950028
1950031
1950205
1950366
1950501
1950874
1950992
1951112
1951179
1951418
1951747
1951772
1951967
1952071
1952332
1952537
1952609
1952619
1952652
1952752
1952785
1952882
1952898
1953058
1953086
1953176
1953213
1953233
1953438
1953515
1953533
1953595
1953803
1953982
1954178
1954327
1954440
1954485
1954486
1954822
1954860
1955014
1955117
1955178
1955338
1955392
1955447
1955467
1955497
1955531
1955651
1955834
1955959
1956064
1956087
1956265
1956340
1956396
1956594
1956790
1956843
1956858
1956927
1957022
1957084
1957087
1957187
1957337
1957394
1957435
1957876
1958037
1958114
1958146
1958173
1958179
1958341
1958577
1958604
1958710
1958713
1958724
1958899
1959200
1959247
1959366
1959561
1959582
1959645
1960112
1960171
1960409
1960440
1960445
1960561
1960658
1960679
1960933
1960986
1961156
1961248
1961438
1961512
1961540
1961690
1961712
1961763
1961787
1961905
1961987
1962101
1962174
1962183
1962266
1962268
1962322
1962328
1962448
1962616
1962871
1962963
1963231
1963290
1963302
1963304
1963512
1963566
1963581
1963629
1963686
1963695
1963737
1963933
1964074
1964121
1964206
1964534
1964943
1965350
1965415
1965460
1965622
1965885
1965930
1965981
1966027
1966228
1966348
1966536
1966591
1966633
1966957
1966994
1967014
1967079
1967117
1967152
1967229
1967255
1967328
1967440
1967463
1967482
1967605
1967655
1967796
1967935
1968178
1968254
1968334
1968766
1968784
1968831
1968847
1969100
1969399
1969459
1969655
1969727
1969841
1969993
1970015
1970059
1970097
1970254
1970365
1970387
1970426
1970503
1970934
1971020
1971200
1971216
1971231
1971249
1971337
1971561
1971632
1971635
1971770
1971781
1971870
1971872
1972057
1972074
1972091
1972415
1972473
1972509
1972633
1972667
1972716
1972925
1973045
1973079
1973123
1973164
1973349
1973401
1973426
1973732
1973775
1973996
1974047
1974062
1974164
1974178
1974298
1974301
1974332
1974632
1974707
1974760
1974999
1975088
1975104
1975110
1975236
1975264
1975387
1975388
1975459
1975563
1975617
1975640
1975656
1975678
1975785
1975811
1975953
1976024
1976373
1976441
1976473
1976516
1976638
1976662
1976768
1976790
1976811
1976822
1976949
1976981
1977028
1977078
1977148
1977244
1977518
1977720
1977855
1977996
1978054
1978071
1978094
1978101
1978127
1978142
1978240
1978250
1978261
1978354
1978366
1978422
1978441
1978464
1978726
1978749
1978769
1978792
1978820
1979059
1979159
1979325
1979362
1979441
1979515
1979528
1979646
1979843
1980054
1980086
1980327
1980359
1980471
1980510
1980526
1980818
1980832
1981116
1981151
1981163
1981218
1981484
1981617
1981636
1981693
1981794
1981933
1981936
1982017
1982133
1982251
1982484
1982603
1982671
1982689
1983036
1983100
1983150
1983268
1983347
1983387
1983681
1983711
1983817
1983843
1983910
1984064
1984278
1984374
1984459
1984472
1984588
1984609
1984755
1984929
1985120
1985318
1985333
1985341
1985551
1985690
1985770
1985789
1986150
1986335
1986343
1986392
1986462
1986560
1986609
1986622
1986641
1986678
1986847
1987025
1987070
1987116
1987184
1987199
1987204
1987348
1987365
1987735
1988121
1988123
1988356
1988376
1988434
1988526
1988546
1988654
1988673
1988792
1988869
1988874
1988888
1989043
1989056
1989159
1989234
1989257
1989420
1989422
1989586
1989756
1989800
1989898
1990018
1990071
1990157
1990252
1990292
1990367
1990568
1990571
1990793
1990883
1990924
1990950
1991005
1991034
1991488
1991528
1991546
1991633
1991635
1991748
1991763
1991912
1992050
1992206
1992344
1992354
1992390
1992587
1992701
1992728
1992733
1993189
1993304
1993618
1993775
1993780
1993929
1994003
1994055
1994221
1994226
1994445
1994748
1995239
1995343
1995470
1995489
1995510
1995606
1995672
1995675
1995696
1995707
1995842
1996107
1996264
1996328
1996411
1996414
1996448
1996463
1996577
1996604
1996695
1996771
1996791
1997017
1997127
1997250
1997345
1997352
1997489
1997491
1997495
1997554
1997568
1997591
1997807
1998147
1998205
1998276
1998300
1998304
1998434
1998448
1998578
1998633
1998808
1998821
1998824
1998838
1998889
1999013
1999097
1999264
1999307
1999403
1999530
1999633
1999671
1999689
1999868
1999871
1999970
2000487
2000509
2000633
2000746
2000887
2001057
2001167
2001182
2001248
2001273
2001286
2001687
2001743
2001819
2001837
2001877
2001978
2002024
2002052
2002230
2002290
2002337
2002411
2002479
2002523
2002579
2002761
2002794
2002873
2002895
2002954
2003066
2003074
2003184
2003214
2003394
2003411
2003551
2003584
2003642
2003682
2003781
2003818
2003844
2004443
2004498
2004685
2005085
2005187
2005272
2005487
2005710
2005718
2005780
2005961
2006007
2006240
2006307
2006352
2006512
2006584
2006597
2006697
2006766
2006979
2007062
2007133
2007306
2007317
2007379
2007470
2007740
2007743
2007786
2007892
2007901
2008003
2008251
2008274
2008405
2008449
2008792
2008815
2008999
2009016
2009039
2009059
2009354
2009422
2009481
2009565
2009611
2009758
2009871
2009872
2009924
2010113
2010135
2010167
2010259
2010295
2010348
2010385
2010703
2010807
2011059
2011200
2011258
2011376
2011439
2011550
2011594
2011625
2011676
2011692
2011694
2011786
2011891
2011928
2011946
2011992
2012014
2012021
2012148
2012160
2012176
2012264
2012283
2012298
2012492
2012517
2012574
2012600
2012639
2012654
2012730
2012783
2012840
2012923
2012944
2013149
2013162
2013380
2013454
2013476
2013560
2013656
2013962
2014072
2014095
2014113
2014157
2014180
2014437
2014564
2014646
2014777
2014805
2014841
2014919
2014988
2015346
2015386
2015586
2015602
2015618
2015663
2015764
2015765
2015774
2015894
2016243
2016258
2016293
2016380
2016442
2016443
2016563
2016874
2017181
2017196
2017288
2017362
2017413
2017472
2017529
2017545
2017548
2017565
2017570
2017847
2017906
2017916
2018072
2018076
2018164
2018262
2018332
2018362
2018377
2018392
2018891
2018904
2019102
2019195
2019337
2019538
2019578
2020009
2020096
2020108
2020122
2020183
2020242
2020275
2020310
2020428
2020525
2020717
2020854
2021110
2021377
2021401
2021407
2021549
2021591
2022092
2022320
2022404
2022444
2022487
2022776
2022839
2022840
2022925
2022989
2023372
2023389
2023400
2023476
2023555
2024100
2024272
2024299
2024333
2024382
2024822
2024866
2024871
2024961
2025170
2025200
2025338
2025475
2025515
2025624
2025651
2026022
2026137
2026366
2026454
2026514
2026702
2026912
2026946
2027240
2027323
2027324
2027342
2027474
2027533
2027640
2027678
2027819
2027832
2027944
2028052
2028213
2028372
2028384
2028415
2028566
2028818
2028872
2028900
2028959
2028982
2029243
2029387
2029491
2029558
2029709
2029762
2029790
2030012
2030218
2030275
2030278
2030399
2030418
2030431
2030497
2030500
2030630
2030749
2030819
2030857
2031050
2031114
2031233
2031243
2031320
2031392
2031546
2031631
2031674
2031737
2031764
2031802
2031928
2031994
2032113
2032288
2032333
2032403
2032458
2032464
2032720
2032898
2032953
2033074
2033101
2033135
2033137
2033266
2033286
2033664
2033685
2033931
2033944
2033961
2034162
2034203
2034362
2034563
2034595
2034623
2034759
2034896
2034947
2035295
2035379
2035459
2035876
2035911
2036172
2036230
2036359
2036458
2036478
2036495
2036503
2036708
2036716
2036832
2036911
2036966
2037351
2037562
2037653
2037955
2038057
2038409
2038452
2038532
2038556
2038609
2038741
2038771
2038968
2038978
2039084
2039088
2039396
2039495
2039704
2040049
2040357
2040420
2040488
2040496
2040510
2040533
2040576
2040596
2040608
2040647
2040817
2040910
2040980
2040992
2041011
2041048
2041138
2041212
2041280
2041371
2041420
2041641
2041670
2041812
2041841
2041953
2042021
2042200
2042258
2042265
2042269
2042342
2042457
2042513
2042550
2042707
2042743
2042852
2043020
2043026
2043109
2043117
2043277
2043291
2043299
2043475
2043605
2043634
2043798
2044033
2044034
2044108
2044121
2044122
2044231
2044261
2044324
2044574
2044588
2044762
2044765
2044845
2044907
2044915
2044927
2044940
2045236
2045310
2045451
2045567
2045573
2045733
2045750
2045808
2045842
2046073
2046110
2046136
2046183
2046433
2046570
2046742
2046747
2046925
2046988
2047166
2047189
2047491
2047532
2047678
2047785
2047850
2047985
2048253
2048494
2048511
2048514
2048772
2048779
2048906
2049044
2049064
2049133
2049169
2049218
2049260
2049355
2049559
2049571
2049601
2049613
2049645
2049689
2049727
2049783
2049784
2049878
2049922
2050148
2050345
2050446
2050497
2050506
2050513
2050672
2050685
2050771
2050884
2050942
2050991
2051095
2051106
2051235
2051243
2051404
2051423
2051463
2051655
2051665
2051693
2051707
2051727
2051769
2051817
2051861
2051973
2052063
2052088
2052122
2052431
2052524
2052571
2052663
2052671
2052832
2053031
2053092
2053181
2053197
2053295
2053410
2053426
2053551
2053598
2054015
2054065
2054113
2054216
2054283
2054589
2054771
2054900
2054922
2055012
2055211
2055273
2055406
2055424
2055601
2055732
2055753
2055789
2055791
2055814
2056097
2056212
2056217
2056249
2056262
2056358
2056553
2056554
2056582
2056615
2056633
2056650
2056651
2056743
2056757
2056840
2056991
2057153
2057214
2057305
2057332
2057536
2057630
2057747
2058050
2058065
2058153
2058218
2058359
2058413
2058567
2058643
2058742
2058948
2059010
2059054
2059196
2059292
2059399
2059468
2059507
2059512
2059529
2059716
2059718
2059999
2060074
2060185
2060197
2060279
2060321
2060406
2060444
2060448
2060476
2060699
2060718
2060759
2060943
2060992
2061038
2061113
2061133
2061202
2061234
2061585
2061612
2061728
2061866
2062175
2062389
2062429
2062702
2062756
2062872
2063633
2063746
2063897
2063926
2063950
2063998
2064230
2064254
2064266
2064290
2064291
2064395
2064453
2064525
2064646
2064894
2064967
2065076
2065185
2065261
2065520
2065547
2065569
2065615
2065616
2065657
2065662
2066070
2066181
2066194
2066233
2066246
2066705
2066739
2066783
2066843
2066847
2067273
2067288
2067433
2067458
2067624
2067627
2067941
2068077
2068081
2068238
2068320
2068364
2068585
2068619
2068624
2068873
2069032
2069048
2069172
2069185
2069443
2069494
2069517
2069582
2069651
2069832
2070007
2070036
2070096
2070216
2070219
2070369
2070389
2070441
2070510
2070526
2070599
2070628
2070661
2070782
2071377
2071404
2071620
2071658
2071682
2071846
2072000
2072048
2072293
2072301
2072334
2072472
2072739
2072759
2072807
2073053
2073104
2073133
2073166
2073249
2073306
2073353
2073412
2073520
2073751
2073778
2073853
2073992
2074008
2074188
2074455
2074624
2074652
2074654
2074761
2074776
2074815
2074984
2075010
2075113
2075115
2075120
2075127
2075360
2075408
2075472
2075696
2075818
2075819
2075829
2075849
2075933
2075957
2076045
2076177
2076255
2076416
2076418
2076483
2076555
2076563
2076607
2076807
2076979
2077078
2077282
2077308
2077395
2077465
2077505
2077711
2077815
2077830
2077975
2078160
2078291
2078454
2078485
2078567
2078812
2078945
2078999
2079064
2079229
2079341
2079386
2079415
2079491
2079538
2079623
2079696
2079946
2079952
2080086
2080128
2080133
2080173
2080270
2080307
2080310
2080364
2080541
2080672
2080753
2080853
2080991
2081068
2081111
2081112
2081167
2081190
2081268
2081276
2081353
2081534
2081538
2081653
2081975
2082040
2082080
2082101
2082252
2082301
2082530
2082542
2082600
2082622
2082765
2082828
2082837
2082979
2083081
2083198
2083207
2083450
2083498
2083608
2083902
2083941
2083954
2083997
2084082
2084109
2084179
2084292
2084313
2084404
2084565
2084943
2085150
2085288
2085446
2085493
2085604
2085724
2086338
2086723
2086753
2086839
2086853
2086868
2086934
2087017
2087104
2087181
2087285
2087291
2087303
2087358
2087649
2087672
2087723
2087820
2087843
2088023
2088173
2088426
2088578
2088766
2088991
2089149
2089203
2089274
2089378
2089705
2089999
2090034
2090128
2090423
2090452
2090469
2090483
2090591
2090986
2091175
2091246
2091358
2091395
2091414
2091468
2091847
2091982
2092239
2092372
2092683
2092692
2092749
2092773
2092957
2092984
2093037
2093118
2093129
2093199
2093351
2093377
2093398
2093742
2093817
2093922
2094420
2094442
2094592
2094729
2094759
2094809
2094866
2095044
2095092
2095261
2095410
2095535
2095690
2095708
2095727
2095886
2095889
2095909
2095994
2096100
2096319
2096370
2096391
2096519
2096727
2097177
2097248
2097254
2097363
2097648
2097737
2097818
2098332
2098392
2098628
2098755
2098828
2099083
2099091
2099158
2099396
2099421
2099933
2100022
2100090
2100226
2100262
2100478
2100498
2100699
2100725
2100837
2100940
2101097
2101138
2101166
2101211
2101324
2101335
2101518
2101604
2101626
2101834
2101862
2101896
2102103
2102270
2102310
2102674
2102834
2102967
2103312
2103475
2103498
2103624
2103677
2103729
2103920
2103978
2103994
2104307
2104321
2104346
2104441
2104491
2104515
2104532
2104623
2104740
2104749
2104772
2104822
2104903
2105387
2105415
2105459
2105701
2105734
2105756
2105917
2105997
2106073
2106127
2106137
2106284
2106299
2106397
2106487
2106533
2106609
2106627
2106691
2106714
2106820
2106847
2106985
2106987
2107041
2107299
2107360
2107367
2107390
2107533
2107827
2107951
2108129
2108310
2108405
2108542
2108635
2108738
2108867
2108873
2108996
2109000
2109015
2109018
2109214
2109228
2109326
2109473
2109651
2109676
2109718
2109758
2109783
2109873
2110227
2110236
2110655
2110723
2110762
2110893
2111112
2111136
2111186
2111203
2111348
2111538
2111551
2111752
2111757
2111804
2111810
2111992
2112179
2112582
2112648
2112808
2112989
2113117
2113126
2113170
2113227
2113529
2113632
2113657
2113800
2113854
2113870
2113974
2114029
2114089
2114119
2114122
2114216
2114378
2114429
2114539
2114544
2114649
2114817
2114889
2114948
2115085
2115231
2115342
2115487
2115561
2115607
2115610
2115668
2115718
2115723
2115739
2115759
2116032
2116052
2116174
2116441
2116451
2116487
2116512
2116513
2116687
2116826
2116926
2117155
2117309
2117552
2117634
2117681
2117936
2118059
2118090
2118175
2118368
2118474
2118510
2118775
2118802
2118826
2118916
2119058
2119063
2119098
2119146
2119148
2119378
2119415
2119537
2119665
2119666
2119950
2119957
2120199
2120415
2120449
2120493
2120495
2120563
2120612
2120672
2120827
2121007
2121092
2121193
2121205
2121230
2121252
2121339
2121559
2121560
2121573
2121651
2121790
2121832
2121899
2122051
2122142
2122201
2122284
2122551
2122569
2122797
2122902
2122926
2122953
2123042
2123081
2123205
2123220
2123255
2123300
2123539
2123713
2123997
2124257
2124284
2124318
2124595
2124611
2124791
2124896
2124928
2125153
2125205
2125416
2125426
2125577
2125696
2125768
2125858
2125988
2126013
2126135
2126218
2126262
2126328
2126349
2126388
2126654
2126670
2126841
2126848
2126875
2126889
2126953
2127043
2127053
2127196
2127258
2127368
2127675
2127751
2127828
2127844
2127872
2128050
2128157
2128397
2128501
2128558
2128593
2128653
2128752
2128754
2128765
2129046
2129076
2129143
2129269
2129341
2129436
2129511
2129684
2129713
2129832
2129920
2130035
2130054
2130601
2130677
2130859
2130885
2131118
2131265
2131295
2131299
2131419
2131589
2131610
2131673
2131796
2131877
2131923
2131948
2132033
2132342
2132783
2132888
2132989
2133210
2133304
2133360
2133386
2133425
2133589
2133638
2133779
2133827
2133831
2134238
2134310
2134449
2134461
2134658
2135107
2135220
2135227
2135438
2135541
2135542
2135546
2135626
2135883
2135967
2136000
2136002
2136281
2136487
2136495
2136723
2137139
2137174
2137295
2137334
2137343
2137377
2137426
2137502
2137573
2137608
2137883
2137912
2138006
2138156
2138389
2138528
2138695
2138745
2138923
2138924
2138948
2138950
2139021
2139123
2139213
2139478
2139727
2139802
2140036
2140192
2140254
2140270
2140399
2140435
2140491
2140541
2140682
2140716
2140787
2140797
2140943
2141216
2141548
2141617
2141680
2141714
2141758
2141844
2141859
2141997
2142327
2142339
2142657
2142773
2142935
2142986
2143185
2143303
2143306
2143349
2143435
2143521
2143526
2143655
2143725
2143927
2144098
2144100
2144286
2144348
2144376
2144478
2144593
2144723
2144737
2144761
2145013
2145070
2145113
2145295
2145340
2145581
2145600
2145775
2145937
2145949
2146099
2146452
2146482
2146510
2146699
2147153
2147178
2147186
2147298
2147307
2147419
2147569
2147608
2147640
2147743
2147799
2147895
2148027
2148029
2148075
2148297
2148356
2148367
2148505
2148531
2148538
2148737
2148853
2148891
2149080
2149342
2149384
2149399
2149455
2149659
2149664
2149958
2149995
2150248
2150266
2150284
2150432
2150436
2150515
2150529
2150536
2150599
2150767
2150769
2150798
2150809
2150828
2150867
2150937
2150946
2150965
2151038
2151199
2151203
2151231
2151256
2151467
2151511
2151551
2151595
2151596
2151726
2151743
2151770
2151870
2151887
2151917
2152028
2152079
2152083
2152553
2152671
2152741
2152841
2152871
2152887
2152908
2152984
2153031
2153048
2153159
2153217
2153236
2153260
2153367
2153376
2153438
2153663
2153690
2153813
2153929
2154072
2154196
2154351
2154513
2154865
2154883
2154952
2155172
2155293
2155294
2155339
2155477
2155576
2155636
2155682
2155693
2155731
2156059
2156307
2156443
2156449
2156591
2156630
2156862
2156903
2156945
2157087
2157220
2157258
2157344
2157596
2157694
2157796
2157990
2158003
2158033
2158156
2158164
2158260
2158547
2158796
2159064
2159348
2159607
2159637
2159731
2159754
2159835
2159941
2160034
2160065
2160196
2160232
2160397
2160406
2160424
2160429
2160512
2160574
2160616
2160710
2160779
2160788
2160837
2160847
2161091
2161141
2161362
2161461
2161504
2161514
2161558
2161710
2161748
2161760
2161833
2161962
2161970
2162068
2162299
2162323
2162555
2162574
2162624
2162640
2162778
2162798
2162953
2162955
2163024
2163073
2163094
2163330
2163349
2163679
2163768
2163876
2164516
2164822
2164907
2164960
2165119
2165213
2165230
2165548
2165566
2165612
2165641
2165961
2166025
2166189
2166304
2166409
2166440
2166540
2166840
2166934
2167025
2167127
2167256
2167399
2167662
2167729
2167789
2167947
2167957
2168089
2168126
2168305
2168368
2168439
2168653
2168702
2168785
2168999
2169667
2169705
2169826
2169855
2169870
2169908
2169942
2169958
2170143
2170166
2170218
2170255
2170269
2170295
2170394
2170498
2170605
2170662
2170767
2170769
2171287
2171304
2171357
2171387
2171407
2171463
2171519
2171656
2171661
2171937
2172063
2172197
2172291
2172569
2172729
2172739
2172814
2172860
2172921
2172936
2172946
2172950
2173003
2173047
2173160
2173189
2173211
2173241
2173552
2173684
2174345
2174468
2174526
2174596
2174687
2174707
2174944
2175077
2175152
2175343
2175359
2175707
2176009
2176037
2176136
2176253
2176329
2176435
2176457
2176495
2176683
2176907
2176997
2177093
2177098
2177214
2177273
2177378
2177385
2177500
2177519
2177584
2177910
2178065
2178203
2178248
2178405
2178417
2178496
2178502
2178560
2178595
2178637
2178701
2178742
2178900
2178937
2178938
2179116
2179224
2179437
2179511
2179670
2179749
2180079
2180112
2180702
2180786
2180795
2180980
2180990
2181009
2181077
2181194
2181235
2181381
2181673
2181817
2181901
2182277
2182378
2182465
2182470
2182483
2182624
2182781
2183308
2183310
2183334
2183727
2183889
2184186
2184559
2184592
2184709
2184772
2185030
2185082
2185304
2185602
2185655
2185668
2185717
2185726
2185760
2185801
2185848
2185850
2185872
2185909
2185947
2186077
2186100
2186141
2186210
2186446
2186452
2186470
2186540
2186636
2186787
2186846
2187051
2187075
2187122
2187161
2187500
2187666
2187698
2187767
2187807
2188009
2188039
2188307
2188320
2188620
2188643
2188645
2188739
2188816
2188912
2188987
2189015
2189229
2189279
2189373
2189439
2189851
2189977
2190025
2190041
2190054
2190084
2190173
2190224
2190473
2190560
2190680
2190894
2191023
2191241
2191270
2191346
2191411
2191422
2191766
2191806
2191841
2192259
2192570
2192576
2192599
2192601
2192907
2193297
2193441
2193517
2193609
2193670
2193700
2193860
2194031
2194183
2194208
2194332
2194380
2194433
2194571
2194917
2195165
2195168
2195172
2195334
2195365
2195368
2195488
2195557
2195844
2196004
2196067
2196161
2196162
2196208
2196781
2197215
2197248
2197308
2197452
2197524
2197649
2197701
2197708
2197762
2197896
2197936
2198151
2198217
2198294
2198326
2198341
2198529
2198577
2198601
2198667
2198781
2198925
2198983
2198998
2199001
2199146
2199170
2199362
2199392
2199456
2199490
2199651
2199734
2199954
2200040
2200068
2200102
2200132
2200139
2200168
2200178
2200268
2200312
2200522
2200603
2200704
2201116
2201160
2201204
2201207
2201482
2201537
2201539
2201671
2201764
2201871
2201940
2202009
2202055
2202165
2202172
2202272
2202317
2202640
2202670
2202755
2202773
2202941
2202961
2203154
2203318
2203381
2203387
2203430
2203443
2203479
2203530
2203580
2203690
2204054
2204115
2204277
2204324
2204362
2204389
2204422
2204437
2204613
2204745
2204776
2204832
2204857
2204899
2205027
2205185
2205263
2205307
2205381
2205502
2205799
2205933
2205994
2206188
2206252
2206330
2206409
2206526
2206564
2206565
2206992
2207093
2207144
2207199
2207208
2207375
2207538
2207561
2207596
2207621
2207713
2207726
2207745
2207803
2207997
2208003
2208077
2208168
2208271
2208290
2208353
2208563
2208675
2209196
2209524
2209555
2209752
2209798
2209915
2209928
2209929
2209940
2209971
2209985
2210245
2210279
2210345
2210356
2210371
2210581
2210761
2210871
2211072
2211105
2211481
2211572
2211738
2211761
2211868
2211874
2212119
2212531
2212577
2212582
2212710
2212782
2212799
2212829
2213015
2213024
2213038
2213164
2213180
2213214
2213268
2213327
2213458
2213509
2213516
2213537
2213615
2213699
2213788
2214028
2214088
2214200
2214290
2214335
2214370
2214387
2214519
2214532
2214556
2214642
2214992
2215066
2215135
2215181
2215190
2215226
2215431
2215494
2215535
2215570
2215610
2215697
2215715
2215737
2215814
2215890
2216120
2216173
2216222
2216268
2216280
2216652
2216667
2216720
2216749
2216791
2216815
2216882
2217010
2217160
2217328
2217463
2217611
2217637
2217640
2217693
2217777
2217969
2218086
2218111
2218228
2218289
2218319
2218370
2218393
2218433
2218443
2218454
2218459
2218475
2218598
2218802
2219116
2219180
2219375
2219386
2219507
2219561
2219638
2219751
2220020
2220041
2220156
2220169
2220308
2220345
2220598
2220605
2220647
2220768
2220769
2220811
2220968
2221071
2221079
2221215
2221356
2221458
2221459
2221491
2221520
2221655
2221670
2221678
2221712
2221730
2221865
2221873
2222163
2222273
2222512
2222690
2222693
2222833
2223015
2223073
2223084
2223197
2223303
2223348
2223469
2223472
2223567
2223620
2223751
2223923
2224228
2224234
2224354
2224386
2224409
2224437
2224805
2224837
2224846
2225012
2225047
2225259
2225427
2225734
2225738
2225749
2225894
2225941
2225965
2226116
2226156
2226196
2226249
2226268
2226282
2226285
2226288
2226386
2226403
2226686
2226693
2226750
2227082
2227183
2227199
2227240
2227269
2227306
2227369
2227702
2227787
2227853
2227867
2228035
2228047
2228128
2228198
2228257
2228326
2228329
2228527
2228537
2228599
2228763
2228985
2228993
2229077
2229124
2229144
2229168
2229172
2229336
2229367
2229622
2229655
2229705
2229888
2230552
2230577
2231110
2231386
2231436
2231501
2231515
2231528
2231635
2231758
2231953
2231973
2231986
2232002
2232137
2232160
2232286
2232487
2232498
2232566
2232860
2232977
2233310
2233399
2233417
2233479
2233505
2233588
2233770
2233830
2233935
2234047
2234146
2234261
2234276
2234364
2234577
2234631
2234693
2234824
2234952
2235036
2235325
2235375
2235408
2235528
2235653
2235834
2235905
2235994
2236083
2236210
2236236
2236634
2236645
2237123
2237296
2237352
2237451
2237499
2237628
2237896
2238121
2238123
2238186
2238234
2238284
2238303
2238312
2238350
2238448
2238521
2238528
2238607
2238609
2238717
2238805
2238831
2238877
2238932
2238947
2239010
2239073
2239207
2239208
2239458
2239696
2239708
2239839
2239863
2239915
2240013
2240032
2240094
2240270
2240296
2240364
2240434
2240492
2240537
2240780
2240960
2241163
2241373
2241394
2241397
2241570
2241812
2241836
2241900
2241978
2242059
2242167
2242297
2242303
2242516
2242526
2242588
2242778
2242793
2242979
2243168
2243278
2243337
2243713
2243815
2243913
2243981
2243989
2244051
2244077
2244123
2244191
2244198
2244297
2244332
2244486
2244495
2244546
2244871
2244935
2244950
2245088
2245210
2245221
2245249
2245337
2245582
2245661
2245806
2245823
2245849
2246179
2246182
2246397
2246451
2246493
2246504
2246587
2246713
2247310
2247739
2247780
2247948
2248042
2248074
2248125
2248204
2248296
2248304
2248319
2248349
2248467
2248477
2248508
2248652
2248856
2248973
2249047
2249070
2249242
2249294
2249440
2249476
2249482
2249566
2249568
2249592
2249900
2249990
2250031
2250103
2250159
2250322
2250489
2250586
2250792
2250981
2250996
2251104
2251107
2251324
2251338
2251436
2251672
2251732
2251815
2252236
2252238
2252283
2252301
2252311
2252349
2252387
2252914
2252969
2252973
2253105
2253110
2253160
2253183
2253275
2253288
2253368
2253383
2253406
2253611
2253638
2253692
2253773
2253893
2254008
2254404
2254653
2254757
2254779
2254815
2255077
2255560
2255692
2255800
2256173
2256234
2256242
2256366
2256458
2256479
2256624
2256633
2256649
2256676
2256710
2256746
2256941
2256942
2257068
2257113
2257287
2257459
2257487
2257495
2257531
2257684
2257828
2257844
2257851
2257872
2257902
2257991
2257994
2258002
2258073
2258256
2258529
2258593
2258643
2258664
2258689
2258714
2258992
2259040
2259142
2259386
2259532
2259899
2259976
2259977
2259982
2260206
2260235
2260237
2260285
2260301
2260407
2260419
2260445
2260529
2260613
2260684
2260701
2260777
2260970
2261162
2261219
2261352
2261368
2261437
2261537
2261714
2261727
2262586
2262622
2263230
2263361
2263482
2263550
2263665
2263724
2263772
2263774
2263825
2263842
2263850
2263944
2263959
2264005
2264194
2264311
2264403
2264464
2264508
2264575
2264633
2264654
2264843
2264870
2265007
2265199
2265309
2265362
2265419
2265420
2265430
2265855
2265858
2265958
2266074
2266418
2266502
2266551
2266774
2266861
2266890
2266949
2266985
2267038
2267064
2267096
2267226
2267408
2267737
2268088
2268153
2268179
2268370
2268426
2268912
2268980
2269062
2269144
2269211
2269504
2269587
2269670
2269801
2269810
2269811
2269935
2270176
2270289
2270331
2270558
2270578
2270584
2270609
2270747
2271147
2271160
2271184
2271296
2271331
2271401
2271484
2271543
2271633
2271757
2271760
2271777
2271879
2271916
2272110
2272166
2272217
2272246
2272248
2272249
2272498
2272551
2272575
2272956
2273215
2273229
2273596
2273713
2273853
2273900
2273913
2274003
2274149
2274163
2274267
2274298
2274441
2274624
2274633
2274658
2274717
2274833
2274887
2275101
2275115
2275139
2275265
2275384
2275816
2275903
2275968
2275970
2275973
2276047
2276194
2276391
2276486
2276707
2276797
2276836
2276868
2276918
2276955
2277298
2277371
2277393
2277621
2277727
2277982
2278028
2278049
2278230
2278234
2278264
2278573
2278595
2278619
2278621
2278709
2278841
2278985
2279001
2279011
2279022
2279076
2279217
2279361
2279533
2279566
2279649
2279714
2279849
2279941
2279945
2280060
2280086
2280094
2280117
2280221
2280283
2280379
2280408
2280442
2280444
2280484
2280596
2280655
2280817
2280836
2281041
2281141
2281245
2281320
2281342
2281344
2281445
2281487
2281565
2281619
2281756
2281765
2281988
2282075
2282081
2282200
2282202
2282298
2282475
2282513
2282635
2282646
2282660
2282699
2282703
2282760
2282833
2282852
2282968
2283081
2283113
2283250
2283260
2283433
2283498
2283552
2283673
2283851
2283858
2283899
2283956
2283993
2284126
2284234
2284344
2284467
2284475
2284501
2284515
2284550
2284571
2284670
2284753
2284890
2284959
2285108
2285141
2285231
2285297
2285359
2285364
2285457
2285477
2285493
2285521
2285782
2285902
2286247
2286370
2286381
2286391
2286559
2286713
2286960
2287001
2287770
2287881
2288202
2288227
2288272
2288352
2288452
2288504
2288860
2288962
2289115
2289218
2289378
2289401
2289536
2289557
2289693
2289739
2289764
2289948
2290071
2290154
2290250
2290403
2290471
2290488
2290668
2290809
2290842
2290934
2291027
2291052
2291108
2291133
2291151
2291210
2291449
2291524
2291811
2291905
2291976
2292133
2292170
2292177
2292201
2292517
2292532
2292844
2292906
2293069
2293091
2293518
2293549
2293556
2293678
2293920
2293958
2294148
2294204
2294248
2294291
2294365
2294391
2294704
2294710
2294855
2295189
2295339
2295427
2295458
2295542
2295658
2295882
2296034
2296133
2296350
2296468
2296690
2296808
2296948
2296962
2297049
2297184
2297212
2297229
2297265
2297309
2297354
2297377
2297555
2297593
2297601
2297825
2297921
2298108
2298159
2298424
2298511
2298595
2298678
2298680
2298759
2298845
2298927
2298962
2299125
2299161
2299179
2299211
2299215
2299229
2299269
2299341
2299374
2299435
2299531
2299566
2299615
2299627
2299686
2299687
2299688
2299870
2299896
2299897
2299989
2300062
2300454
2300496
2300517
2300526
2300546
2300666
2301021
2301334
2301366
2301469
2301521
2301616
2301620
2302250
2302256
2302272
2302289
2302309
2302742
2302806
2302935
2303130
2303166
2303310
2303347
2303487
2303631
2303847
2303916
2304058
2304192
2304381
2304400
2304418
2304489
2304593
2304643
2304658
2304756
2304810
2305120
2305167
2305215
2305729
2305782
2305788
2305888
2305895
2306083
2306152
2306239
2306286
2306392
2306454
2306622
2306685
2306780
2306964
2307057
2307211
2307309
2307399
2307415
2307515
2307580
2307737
2307781
2307786
2307799
2308237
2308298
2308301
2308393
2308594
2308763
2308787
2308814
2308815
2308836
2308910
2308980
2309062
2309068
2309363
2309728
2309745
2309870
2309922
2309989
2310047
2310120
2310193
2310247
2310378
2310505
2310646
2310652
2310712
2310764
2310782
2310913
2310922
2310966
2311024
2311101
2311211
2311454
2311768
2311788
2312056
2312109
2312133
2312364
2312565
2312591
2312595
2312674
2312778
2313064
2313256
2313435
2313516
2313747
2313931
2313952
2313989
2314154
2314202
2314295
2314441
2314467
2314636
2314885
2315027
2315129
2315182
2315294
2315310
2315329
2315331
2315346
2315423
2315735
2315916
2316092
2316147
2316170
2316240
2316381
2316528
2316664
2316694
2316720
2316758
2316798
2317044
2317101
2317179
2317190
2317291
2317318
2317349
2317441
2317555
2317596
2318041
2318126
2318345
2318481
2318616
2318633
2318768
2318891
2319154
2319325
2319341
2319398
2319410
2319605
2319813
2320202
2320215
2320305
2320403
2320560
2320696
2320791
2320912
2320990
2321075
2321171
2321560
2321657
2321668
2321675
2321705
2321761
2321801
2321857
2321869
2322024
2322396
2322431
2322580
2322587
2322756
2322761
2322846
2322854
2322902
2323013
2323270
2323291
2323501
2323900
2323941
2324250
2324475
2324516
2324628
2324845
2325006
2325076
2325147
2325208
2325413
2325826
2325868
2325917
2325952
2325967
2325981
2326551
2326562
2326749
2326811
2326924
2326973
2327105
2327149
2327310
2327346
2327350
2327406
2327528
2327530
2327556
2327853
2327857
2327898
2327931
2328065
2328844
2328978
2329017
2329018
2329038
2329095
2329147
2329336
2329514
2329547
2329748
2329863
2329886
2330123
2330138
2330433
2330828
2331147
2331288
2331325
2331371
2331547
2331626
2331685
2331690
2331905
2332062
2332116
2332410
2332429
2332497
2332530
2332666
2332688
2332821
2332919
2332930
2333032
2333260
2333485
2333643
2333764
2333801
2333835
2333848
2333884
2333906
2333909
2333983
2333993
2334304
2334512
2334555
2334566
2334949
2334964
2335008
2335073
2335100
2335126
2335245
2335259
2335419
2335648
2335677
2335720
2335767
2335778
2335984
2336008
2336080
2336186
2336203
2336526
2336752
2336857
2337166
2337171
2337284
2337345
2337552
2337686
2337782
2338041
2338192
2338398
2338409
2338499
2338553
2338691
2338868
2338941
2338974
2339006
2339026
2339071
2339215
2339253
2339263
2339628
2339683
2339758
2339887
2340118
2340140
2340166
2340730
2340901
2340955
2340969
2341278
2341658
2341802
2341915
2341995
2342005
2342027
2342099
2342551
2342612
2342913
2342957
2342970
2343035
2343119
2343239
2343290
2343338
2343353
2343409
2343454
2343469
2343777
2343791
2343798
2343864
2343893
2344047
2344158
2344389
2344423
2344568
2344613
2344645
2344695
2344829
2344868
2344939
2345268
2345651
2345769
2345923
2345939
2346114
2346361
2346432
2346594
2346624
2346637
2346751
2346833
2346900
2346921
2346958
2347053
2347082
2347265
2347281
2347477
2347830
2347835
2347882
2347928
2348096
2348213
2348215
2348273
2348329
2348623
2348635
2348864
2349242
2349277
2349456
2349504
2349506
2349560
2350007
2350052
2350112
2350125
2350205
2350235
2350270
2350347
2350357
2350590
2350706
2350756
2350986
2351016
2351165
2351213
2351229
2351295
2351600
2351644
2351659
2351925
2351939
2352217
2352340
2352362
2352417
2352587
2352696
2352770
2352884
2352958
2352976
2353116
2353172
2353208
2353447
2353469
2353510
2353657
2353883
2353908
2353989
2354078
2354113
2354183
2354194
2354285
2354319
2354346
2354353
2354550
2354625
2354648
2354951
2355146
2355251
2355292
2355369
2355570
2355586
2355634
2355805
2355865
2355905
2355924
2355966
2356243
2356301
2356475
2356499
2356563
2356702
2356784
2356835
2356856
2356990
2357316
2357467
2357471
2357500
2357530
2357634
2357638
2357683
2357948
2358004
2358046
2358142
2358335
2358378
2358402
2358508
2358527
2358625
2358880
2358908
2358964
2359047
2359112
2359124
2359361
2359406
2359410
2359478
2359505
2359537
2359738
2359782
2359880
2359886
2359974
2360014
2360052
2360097
2360207
2360215
2360790
2360955
2361072
2361351
2361555
2361634
2361841
2361955
2362221
2362415
2362417
2362562
2362587
2362769
2362811
2362976
2363015
2363147
2363350
2363402
2363458
2363519
2363661
2363736
2363785
2363786
2363854
2363999
2364010
2364012
2364023
2364136
2364242
2364361
2364403
2364489
2364714
2364749
2364910
2364991
2365053
2365094
2365308
2365448
2365484
2365508
2365515
2365659
2365694
2365734
2365814
2365947
2366127
2366304
2366312
2366321
2366391
2366404
2366510
2366617
2366664
2366701
2366722
2366806
2366842
2367010
2367150
2367158
2367226
2367329
2367563
2367712
2367807
2367835
2367836
2368006
2368204
2368249
2368287
2368497
2368586
2368987
2369051
2369095
2369228
2369262
2369381
2369383
2369413
2369468
2369511
2369668
2369739
2369888
2370048
2370072
2370077
2370185
2370265
2370654
2370920
2370966
2371090
2371105
2371400
2371470
2371529
2371557
2371693
2371736
2371839
2372288
2372399
2372778
2372837
2373057
2373262
2373360
2373407
2373591
2373618
2373921
2373971
2374030
2374105
2374110
2374137
2374147
2374165
2374266
2374406
2374685
2374700
2374705
2374757
2374796
2374814
2374910
2375006
2375123
2375153
2375563
2375704
2375817
2375827
2376036
2376091
2376364
2376370
2376418
2376459
2376476
2376658
2376762
2376789
2376821
2376989
2377077
2377093
2377307
2377309
2377464
2377473
2377504
2377747
2377767
2377880
2378441
2378654
2378797
2379047
2379053
2379243
2379274
2379289
2379629
2379648
2380009
2380183
2380198
2380201
2380225
2380249
2380301
2380545
2380878
2381004
2381175
2381181
2381241
2381365
2381480
2381575
2381834
2381845
2382165
2382452
2382657
2382667
2382748
2382814
2382836
2382912
2383052
2383540
2383626
2383737
2383770
2383777
2383880
2384150
2384192
2384452
2384704
2384707
2384723
2384817
2385037
2385227
2385232
2385710
2385743
2386053
2386095
2386153
2386161
2386215
2386419
2386471
2386611
2386613
2386716
2386750
2386781
2386819
2386982
2387001
2387038
2387536
2387581
2387603
2387605
2387687
2387755
2387778
2387794
2387883
2388033
2388035
2388223
2388228
2388252
2388340
2388380
2388484
2388631
2388644
2388646
2388996
2389123
2389132
2389152
2389184
2389188
2389261
2389404
2389748
2389760
2389899
2389942
2389972
2390066
2390367
2390637
2390900
2391036
2391055
2391106
2391135
2391181
2391290
2391508
2391559
2391597
2391729
2391862
2392024
2392035
2392158
2392199
2392744
2392850
2392898
2392915
2392982
2393018
2393251
2393406
2393677
2393762
2394098
2394112
2394256
2394351
2394603
2394703
2394867
2395073
2395088
2395176
2395577
2395588
2395732
2395733
2395812
2395870
2395978
2396072
2396267
2396342
2396437
2396527
2396613
2396641
2396704
2396856
2396972
2396996
2397162
2397492
2397558
2397576
2397786
2397807
2397873
2398051
2398489
2398520
2398537
2398602
2398606
2398770
2399004
2399173
2399209
2399350
2399430
2399483
2399553
2399670
2399765
2399912
2400151
2400201
2400266
2400436
2400549
2400670
2400782
2400980
2401039
2401081
2401164
2401205
2401711
2401730
2401860
2401971
2402081
2402250
2402312
2402379
2402466
2402777
2403029
2403060
2403255
2403259
2403287
2403369
2403463
2403490
2403646
2403729
2403746
2403881
2403950
2404007
2404292
2404604
2404635
2404754
2404854
2404966
2404996
2405054
2405112
2405149
2405181
2405259
2405326
2405330
2405768
2405794
2405801
2405803
2405974
2406016
2406066
2406105
2406213
2406304
2406340
2406486
2406504
2406667
2406877
2406922
2406979
2407046
2407596
2407648
2407694
2408054
2408056
2408078
2408161
2408363
2408491
2408581
2408988
2409108
2409258
2409286
2409356
2409466
2409513
2409659
2409767
2409784
2409805
2409816
2409894
2409915
2409981
2410106
2410184
2410290
2410381
2410409
2410411
2410492
2410496
2410905
2411054
2411176
2411190
2411411
2411433
2411500
2411502
2411608
2411641
2411960
2412147
2412357
2412477
2412508
2412585
2412799
2412836
2412898
2412914
2413043
2413095
2413143
2413262
2413274
2413286
2413307
2413466
2413469
2413500
2413624
2414077
2414125
2414154
2414481
2414512
2414528
2414594
2414605
2414639
2414863
2414986
2415127
2415177
2415505
2415787
2415841
2415864
2415975
2416000
2416078
2416214
2416281
2416464
2416485
2416497
2416599
2416662
2417115
2417130
2417187
2417264
2417349
2417384
2417428
2417466
2417858
2418109
2418118
2418141
2418172
2418252
2418260
2418274
2418320
2418358
2418453
2418459
2418499
2418560
2418564
2418671
2418749
2418870
2418917
2419016
2419054
2419101
2419106
2419162
2419438
2419480
2419664
2419827
2419839
2419855
2420051
2420164
2420192
2420248
2420360
2420502
2420521
2420526
2420649
2420740
2420826
2420890
2420974
2421127
2421142
2421318
2421352
2421418
2421439
2421451
2421649
2421808
2421855
2422000
2422043
2422119
2422150
2422175
2422259
2422286
2422529
2422547
2422873
2422909
2422972
2423087
2423329
2423512
2423849
2423855
2423910
2423921
2424162
2424491
2424501
2424717
2424809
2425068
2425139
2425475
2425526
2425558
2425565
2425584
2425844
2426081
2426095
2426142
2426169
2426394
2426480
2426787
2427247
2427344
2427391
2427409
2427512
2427531
2427556
2427788
2428136
2428174
2428225
2428438
2428467
2428600
2428659
2428689
2428808
2428976
2429170
2429303
2429348
2429493
2429698
2429719
2429797
2429804
2430044
2430179
2430418
2430610
2430741
2430901
2430981
2430997
2431039
2431137
2431281
2431312
2431470
2431602
2431613
2431683
2431930
2431967
2432055
2432078
2432147
2432198
2432233
2432348
2432369
2432370
2432471
2432528
2432574
2432752
2433110
2433221
2433238
2433256
2433277
2433519
2433543
2433626
2433658
2433849
2433856
2433936
2433944
2434050
2434086
2434149
2434443
2434619
2434646
2435012
2435033
2435180
2435382
2435404
2435437
2435669
2435678
2435747
2435832
2435922
2436166
2436339
2436683
2436821
2436830
2436877
2436883
2437141
2437162
2437336
2437399
2437423
2437594
2437714
2437745
2437749
2437987
2438012
2438105
2438163
2438182
2438369
2438410
2438435
2438528
2438614
2438632
2438662
2438823
2438903
2438922
2439025
2439054
2439132
2439286
2439382
2439513
2439693
2439718
2439792
2439842
2439983
2440031
2440069
2440120
2440342
2440535
2440572
2440611
2441074
2441093
2441103
2441174
2441311
2441376
2441503
2441520
2441561
2441796
2441892
2441902
2442030
2442061
2442095
2442226
2442280
2442387
2442961
2443151
2443214
2443570
2443603
2443782
2443834
2444070
2444199
2444317
2444452
2444555
2444694
2444874
2444899
2444947
2445001
2445087
2445121
2445231
2445267
2445316
2445514
2445582
2445593
2446123
2446174
2446389
2446428
2446468
2446478
2446508
2446550
2446684
2447008
2447040
2447161
2447223
2447390
2447406
2447626
2447651
2447741
2447827
2447946
2448079
2448173
2448310
2448412
2448706
2448895
2448982
2449037
2449154
2449300
2449367
2449528
2449583
2449808
2449842
2449893
2450011
2450159
2450195
2450269
2450303
2450677
2450680
2450868
2451172
2451409
2451654
2451662
2451762
2451765
2452020
2452045
2452063
2452251
2452295
2452413
2452686
2452932
2452952
2452988
2453111
2453174
2453374
2453499
2453573
2453593
2453712
2453811
2453891
2453920
2453995
2454211
2454273
2454290
2454449
2454624
2454807
2454823
2455026
2455068
2455347
2455407
2455411
2455453
2455611
2455669
2455783
2456054
2456143
2456221
2456469
2456530
2456579
2456769
2457039
2457179
2457216
2457223
2457245
2457284
2457331
2457401
2457500
2457527
2457535
2457574
2457580
2457729
2457815
2458007
2458334
2458344
2458504
2458769
2458804
2459453
2459541
2459690
2459701
2459741
2459790
2459881
2460137
2460142
2460267
2460335
2460337
2460535
2460562
2460590
2460659
2460699
2460957
2461128
2461155
2461305
2461362
2461448
2461468
2461482
2461537
2461594
2461658
2461665
2461694
2461729
2461731
2461842
2461858
2461905
2461968
2462065
2462136
2462281
2462316
2462332
2462361
2462426
2462468
2462651
2462686
2462739
2462762
2462768
2462769
2462854
2462863
2462868
2462883
2463364
2463365
2463575
2463609
2463805
2463813
2463826
2463974
2464071
2464135
2464198
2464309
2464382
2464636
2464639
2464812
2464827
2465006
2465017
2465065
2465097
2465224
2465395
2465475
2465504
2465857
2466029
2466038
2466202
2466498
2466949
2467005
2467021
2467029
2467061
2467331
2467375
2467442
2467531
2467610
2467629
2467636
2467643
2467689
2467747
2467830
2467924
2467929
2467992
2468435
2468484
2468537
2468651
2468771
2468785
2468907
2469354
2469417
2469467
2469688
2469761
2469796
2469806
2469833
2469844
2469950
2470010
2470200
2470229
2470335
2470585
2470614
2470654
2470913
2470915
2470964
2471070
2471302
2471477
2471481
2471496
2471507
2471511
2472066
2472085
2472327
2472409
2472430
2472608
2472635
2472679
2472711
2472744
2472762
2472820
2472891
2472901
2472960
2473144
2473810
2473860
2473896
2473991
2474060
2474281
2474724
2474730
2474932
2475068
2475119
2475140
2475425
2475698
2475732
2476252
2476261
2476285
2476369
2476446
2476545
2476595
2476613
2476714
2476840
2476935
2476946
2477033
2477077
2477243
2477284
2477364
2477387
2477436
2477584
2477608
2477620
2477622
2477771
2477945
2478254
2478409
2478412
2478508
2478671
2478788
2478886
2478936
2478973
2479102
2479191
2479667
2479808
2480004
2480221
2480423
2480453
2480463
2480591
2480655
2480719
2480762
2480876
2480904
2481313
2481330
2481548
2481583
2481629
2481638
2481715
2482150
2482178
2482227
2482268
2482338
2482366
2482423
2482513
2482577
2482665
2482816
2482964
2482993
2483232
2483337
2483483
2483600
2483656
2483714
2483719
2483744
2483782
2483842
2484212
2484603
2484617
2484643
2484750
2485271
2485452
2485518
2485530
2485583
2485678
2485704
2485783
2485845
2485855
2485951
2486122
2486231
2486255
2486450
2486453
2486464
2486562
2486657
2486677
2486682
2486713
2486746
2486749
2486881
2486908
2487089
2487136
2487200
2487343
2487482
2487599
2488153
2488407
2488485
2488705
2488814
2488975
2489036
2489311
2489371
2489409
2489505
2489711
2489769
2489803
2489946
2490021
2490082
2490345
2490350
2490362
2490794
2490956
2490968
2491063
2491075
2491118
2491119
2491623
2491629
2491885
2492069
2492077
2492078
2492112
2492117
2492142
2492482
2492499
2492552
2492575
2492993
2493017
2493188
2493283
2493362
2493378
2493538
2493643
2493758
2493994
2494021
2494118
2494361
2494417
2494987
2495110
2495156
2495165
2495179
2495228
2495266
2495295
2495318
2495415
2495460
2495482
2495541
2495553
2495556
2495565
2495917
2496031
2496065
2496150
2496271
2496462
2496502
2496865
2496963
2497207
2497542
2497778
2497866
2498034
2498067
2498211
2498267
2498506
2498775
2498783
2498978
2499120
2499147
2499159
2499318
2499816
2499904
2500017
2500353
2500640
2501089
2501297
2501337
2501450
2501488
2501561
2501651
2501890
2501951
2502010
2502192
2502490
2502507
2502566
2502645
2502689
2502993
2503022
2503033
2503098
2503598
2503709
2503722
2503892
2503906
2503956
2504002
2504064
2504135
2504308
2504360
2504546
2504572
2504699
2504813
2504825
2504861
2504869
2505018
2505247
2505317
2505339
2505457
2505560
2505627
2505663
2505781
2506090
2506148
2506170
2506191
2506296
2506308
2506465
2506635
2506737
2506793
2506813
2506986
2507017
2507020
2507046
2507249
2507384
2507390
2507559
2507640
2507729
2507745
2507787
2507886
2507996
2508544
2508626
2508742
2508774
2508916
2509028
2509076
2509140
2509328
2509337
2509401
2509450
2509542
2509559
2509830
2509935
2509987
2509992
2510002
2510063
2510104
2510297
2510418
2510694
2510718
2510794
2510797
2510832
2510850
2511004
2511059
2511440
2511486
2511533
2511680
2512015
2512019
2512062
2512190
2512275
2512277
2512397
2512483
2512636
2512689
2512847
2513043
2513109
2513205
2513298
2513421
2513721
2513867
2513951
2514099
2514231
2514370
2514902
2514954
2514967
2514995
2515107
2515324
2515628
2515643
2515717
2515909
2516308
2516431
2516580
2516667
2516882
2516915
2517020
2517311
2517395
2517486
2517862
2517895
2517924
2517948
2518040
2518106
2518120
2518142
2518232
2518551
2518697
2518730
2518798
2519237
2519311
2519373
2519625
2519633
2519647
2519699
2519749
2519792
2519958
2520392
2520467
2520468
2520520
2520611
2520653
2520711
2520764
2520775
2520776
2520790
2520827
2520835
2520891
2521096
2521150
2521208
2521211
2521241
2521270
2521299
2521377
2521418
2521476
2521501
2521526
2521529
2521729
2521732
2521950
2522141
2522227
2522293
2522372
2522397
2522568
2522579
2522964
2523192
2523283
2523384
2523386
2523619
2523683
2523804
2523825
2523878
2523909
2524137
2524163
2524177
2524282
2524470
2524538
2524557
2524620
2524637
2524695
2524727
2524832
2524925
2525137
2525278
2525490
2525624
2525631
2525680
2525894
2526354
2526663
2526677
2526777
2526806
2526820
2526835
2526977
2526978
2527022
2527089
2527097
2527099
2527157
2527354
2527377
2527441
2527557
2527980
2528111
2528351
2528414
2529101
2529209
2529342
2529512
2529644
2529749
2529866
2530125
2530147
2530310
2530354
2530510
2530534
2530646
2530692
2530790
2530824
2530965
2530989
2531290
2531509
2531595
2531796
2532221
2532275
2532285
2532457
2532480
2532576
2532613
2533259
2533364
2533595
2533722
2533750
2533771
2533810
2533825
2533889
2533961
2534254
2534258
2534458
2534572
2534770
2534865
2535060
2535082
2535169
2535202
2535456
2535494
2535681
2535710
2535712
2535748
2535988
2536043
2536074
2536203
2536497
2536573
2536667
2537039
2537096
2537098
2537285
2537301
2537320
2537373
2537589
2537862
2537926
2538012
2538205
2538218
2538320
2538407
2538466
2538538
2538647
2538680
2538787
2538904
2539129
2539556
2539592
2539687
2539692
2539901
2540275
2540405
2540483
2540544
2540549
2540797
2541192
2541341
2541621
2541791
2541927
2541993
2542086
2542113
2542256
2542268
2542299
2542301
2542308
2542475
2542556
2542600
2542657
2542842
2542884
2543124
2543145
2543253
2543328
2543387
2543419
2543452
2543492
2543846
2543888
2543898
2544145
2544281
2544326
2544457
2544626
2544762
2545269
2545300
2545316
2545370
2545499
2545541
2545622
2545744
2545818
2545909
2546049
2546064
2546169
2546275
2546418
2546433
2546456
2546504
2546524
2546620
2546681
2546778
2547058
2547190
2547191
2547230
2547316
2547445
2547517
2547707
2548244
2548542
2548609
2548696
2548715
2548762
2548801
2548853
2549020
2549159
2549200
2549217
2549241
2549393
2549767
2549795
2549811
2549813
2549858
2549905
2549987
2550008
2550430
2550542
2550691
2550988
2551184
2551215
2551520
2551566
2551775
2551787
2551808
2551824
2552005
2552065
2552225
2552426
2552456
2552812
2552872
2553019
2553120
2553123
2553487
2553702
2554406
2554464
2554508
2554515
2554530
2554666
2554934
2555133
2555137
2555255
2555302
2555330
2555435
2555699
2556283
2556699
2556944
2557052
2557097
2557104
2557197
2557302
2557355
2557433
2557461
2557495
2557667
2557839
2558049
2558158
2558225
2558337
2558480
2558785
2558892
2558939
2558975
2559082
2559121
2559139
2559219
2559461
2559478
2559714
2559785
2559893
2559922
2559972
2559974
2559977
2560059
2560100
2560279
2560346
2560351
2560730
2560781
2560843
2560877
2560956
2561101
2561156
2561158
2561201
2561353
2561432
2561441
2561633
2561680
2561777
2561926
2562007
2562025
2562034
2562058
2562233
2562320
2562660
2562828
2562857
2563054
2563122
2563183
2563204
2563230
2563247
2563327
2563541
2563669
2563678
2563809
2563813
2563827
2564100
2564360
2564396
2564792
2564933
2564990
2565066
2565068
2565166
2565187
2565297
2565409
2565446
2565798
2566110
2566336
2566677
2566722
2566919
2567033
2567260
2567453
2567504
2567540
2567563
2567644
2567683
2567739
2568015
2568095
2568268
2568284
2568296
2568400
2568447
2568488
2568580
2568760
2568778
2568864
2568893
2568955
2568973
2568979
2569105
2569114
2569117
2569211
2569356
2569371
2569596
2569927
2569935
2569971
2569994
2570004
2570009
2570140
2570228
2570380
2570640
2570808
2570974
2571003
2571138
2571246
2571248
2571280
2571301
2571358
2571423
2571478
2571647
2571849
2571891
2572174
2572258
2572261
2572337
2572380
2572438
2572518
2572649
2572754
2572833
2572851
2572915
2572989
2573013
2573088
2573113
2573175
2573308
2573325
2573351
2573435
2573565
2574088
2574211
2574232
2574329
2574617
2574643
2574738
2574784
2574809
2574877
2574942
2574974
2575038
2575049
2575265
2575383
2575395
2575568
2575581
2575614
2576474
2576522
2576730
2576732
2576915
2577012
2577014
2577182
2577268
2577297
2578276
2578310
2578407
2578444
2578528
2578588
2578668
2578719
2578939
2579270
2579355
2579480
2579565
2579578
2579591
2579607
2579709
2579908
2579932
2580045
2580140
2580169
2580283
2580298
2580520
2580600
2580632
2580758
2580823
2580841
2581147
2581300
2581805
2581849
2581870
2581879
2581893
2582245
2582299
2582310
2582419
2582823
2582895
2582918
2582991
2583020
2583039
2583134
2583143
2583423
2583465
2583525
2583592
2583700
2583974
2584032
2584189
2584461
2584654
2584675
2584909
2584912
2585073
2585322
2585441
2585471
2585472
2585625
2585689
2585790
2585882
2586136
2586139
2586268
2586329
2586411
2586496
2586618
2586737
2586775
2586807
2586903
2586994
2587148
2587177
2587220
2587326
2587430
2587445
2587638
2587841
2587875
2587953
2588228
2588325
2588354
2588363
2588417
2588418
2588893
2588978
2589076
2589083
2589094
2589212
2589256
2589329
2589430
2589483
2589825
2590064
2590220
2590505
2590520
2590649
2590708
2590932
2591008
2591076
2591224
2591676
2591727
2591844
2591899
2592091
2592182
2592305
2592333
2592374
2592450
2592533
2592619
2592656
2592832
2592991
2593100
2593203
2593349
2593700
2594117
2594146
2594327
2594520
2594565
2594642
2594675
2594762
2594937
2594948
2595241
2595245
2595360
2595458
2595508
2595572
2595642
2595783
2595922
2595998
2596035
2596043
2596225
2596246
2596264
2596298
2596573
2596592
2596601
2596626
2596862
2596868
2596985
2597086
2597117
2597126
2597137
2597154
2597182
2597295
2597445
2597587
2597690
2597719
2597720
2597792
2597800
2597828
2597995
2598199
2598331
2598421
2598673
2598822
2598993
2599049
2599106
2599114
2599146
2599285
2599544
2599558
2599662
2599669
2599731
2599744
2599859
2599978
2600214
2600222
2600316
2600472
2600510
2600557
2600630
2600643
2600682
2600803
2600949
2601043
2601132
2601206
2601242
2601309
2601517
2601633
2601653
2601729
2601768
2601779
2601851
2601875
2602009
2602130
2602166
2602237
2602359
2602363
2602513
2602592
2602642
2602665
2602691
2602706
2602710
2602735
2602763
2602846
2602925
2603086
2603116
2603164
2603277
2603321
2603337
2603421
2603601
2603769
2603921
2603948
2603961
2604006
2604035
2604329
2604351
2604667
2605033
2605099
2605293
2605354
2605363
2605403
2605740
2605771
2605894
2605908
2606114
2606128
2606138
2606306
2606380
2606406
2606741
2606871
2607037
2607526
2607562
2607815
2607887
2607959
2608019
2608167
2608194
2608356
2608459
2608478
2608777
2608928
2608993
2609213
2609294
2609304
2609397
2609437
2609518
2609556
2609618
2609701
2609801
2609917
2610092
2610123
2610149
2610153
2610186
2610191
2610214
2610297
2610479
2610559
2610643
2610688
2610908
2611116
2611118
2611345
2611350
2611368
2611373
2611739
2612097
2612103
2612123
2612142
2612248
2612317
2612466
2612890
2612924
2613139
2613309
2613399
2613644
2613684
2613770
2613836
2613855
2613883
2613994
2614142
2614343
2614471
2614594
2614615
2614664
2614788
2614906
2614980
2615150
2615372
2615379
2615468
2615514
2615627
2615766
2615794
2615813
2615967
2616055
2616190
2616239
2616366
2616416
2616449
2616619
2616640
2616770
2616775
2616809
2617204
2617397
2617514
2617597
2617886
2617926
2617996
2618068
2618168
2618271
2618370
2618455
2618594
2618723
2618770
2618816
2618825
2619067
2619300
2619323
2619379
2619440
2619460
2619474
2619579
2619772
2619785
2619862
2619947
2620605
2620622
2620661
2620949
2621119
2621172
2621361
2621386
2621497
2621698
2621753
2621843
2622161
2622200
2622225
2622280
2622399
2622419
2622456
2622466
2622473
2622713
2622759
2622778
2622855
2622967
2623150
2623190
2623329
2623387
2623393
2623619
2623651
2623907
2623940
2623966
2624034
2624073
2624099
2624201
2624327
2624329
2624481
2624868
2625007
2625029
2625224
2625371
2625381
2625628
2625688
2625774
2625789
2625866
2625895
2625959
2626138
2626163
2626175
2626225
2626306
2626322
2626332
2626632
2626686
2626766
2626928
2626939
2626984
2627161
2627209
2627257
2627413
2627489
2627523
2627787
2627918
2628024
2628164
2628244
2628379
2628498
2628505
2628563
2628658
2628756
2628777
2628895
2628964
2629215
2629245
2629347
2629535
2629682
2629847
2629884
2629893
2629950
2629986
2630003
2630064
2630259
2630462
2630507
2630542
2630829
2630940
2631065
2631124
2631401
2631412
2631566
2631586
2631700
2632098
2632220
2632242
2632406
2632499
2632582
2632612
2632870
2632890
2632894
2632936
2632973
2633030
2633061
2633127
2633280
2633313
2633342
2633456
2633628
2633727
2633774
2633794
2633910
2633947
2634026
2634153
2634170
2634194
2634257
2634452
2634527
2634616
2634895
2634951
2635070
2635163
2636214
2636597
2636798
2636894
2636947
2636964
2637098
2637150
2637153
2637179
2637257
2637272
2637318
2637586
2637671
2637681
2637703
2637712
2638085
2638130
2638356
2638542
2638592
2638695
2638698
2638728
2638806
2638870
2638934
2639097
2639136
2639226
2639336
2639686
2639871
2640468
2640688
2640753
2640846
2640899
2641029
2641299
2641414
2641438
2641487
2641817
2641962
2642475
2642495
2642798
2642857
2643053
2643141
2643499
2643947
2643995
2644069
2644161
2644322
2644367
2644574
2644812
2644823
2644955
2644992
2645019
2645207
2645253
2645284
2645354
2645381
2645876
2645911
2645954
2646107
2646154
2646216
2646491
2646682
2646739
2646799
2646890
2646933
2647090
2647105
2647530
2647740
2647785
2647908
2648036
2648145
2648285
2648476
2648621
2648857
2648991
2649085
2649321
2649623
2649665
2649780
2649969
2649979
2650111
2650199
2650272
2650677
2650714
2650795
2650936
2651144
2651224
2651270
2651368
2651486
2651639
2651688
2651693
2651893
2651946
2652091
2652147
2652400
2652403
2652635
2652722
2652783
2652815
2652988
2653016
2653042
2653094
2653151
2653278
2653287
2653330
2653446
2653477
2653948
2654062
2654109
2654151
2654346
2654445
2654503
2654520
2654673
2654759
2655103
2655165
2655461
2655511
2655751
2655917
2655951
2656214
2656424
2656434
2656454
2656682
2656687
2656711
2656803
2656837
2656882
2657053
2657314
2657384
2657522
2657614
2657780
2657907
2657969
2658020
2658109
2658152
2658202
2658258
2658275
2658970
2658974
2658986
2659068
2659223
2659274
2659383
2659445
2659787
2659867
2659879
2659973
2660137
2660181
2660217
2660224
2660293
2660330
2660436
2660595
2660678
2660682
2660740
2660768
2660877
2660997
2661033
2661245
2661340
2661346
2661392
2661413
2661567
2661614
2661632
2661747
2661758
2661848
2661923
2662011
2662307
2662327
2662392
2662435
2662445
2662582
2662612
2662970
2663011
2663140
2663218
2663240
2663342
2663675
2663687
2663816
2664052
2664070
2664185
2664311
2664331
2664404
2664409
2664859
2665051
2665207
2665294
2665343
2665350
2665378
2665519
2665567
2665871
2665906
2665924
2665987
2666136
2666380
2666564
2666736
2666744
2666775
2666878
2667080
2667141
2667263
2667365
2667978
2668131
2668173
2668441
2668482
2668601
2668743
2668857
2668875
2669012
2669222
2669354
2669479
2669617
2669742
2669804
2669871
2669904
2669962
2670036
2670144
2670295
2670606
2670610
2670659
2670784
2670811
2671066
2671161
2671174
2671201
2671206
2671255
2671431
2671441
2671575
2671640
2671657
2671790
2671840
2672709
2672728
2672972
2673158
2673293
2673307
2673375
2673393
2673429
2673587
2673657
2673711
2673922
2673939
2674026
2674178
2674187
2674500
2674595
2674669
2674878
2674929
2675071
2675259
2675319
2675514
2675631
2675692
2675695
2675768
2675889
2675899
2676108
2676126
2676129
2676178
2676211
2676430
2676442
2676626
2676655
2676695
2676736
2676785
2676884
2676900
2677048
2677184
2677296
2677306
2677352
2677699
2677939
2678180
2678590
2678642
2678673
2678694
2678795
2678891
2679250
2679533
2679542
2679737
2679759
2679906
2680009
2680161
2680274
2680368
2680443
2680709
2680779
2680846
2680849
2680879
2681085
2681148
2681241
2681243
2681317
2681428
2681432
2681528
2681546
2681843
2681873
2681920
2682003
2682057
2682119
2682127
2682643
2682820
2682829
2683022
2683124
2683175
2683234
2683444
2683662
2683718
2683879
2683994
2684101
2684110
2684176
2684216
2684228
2684253
2684489
2684538
2684652
2684821
2685074
2685354
2685391
2685566
2685648
2685710
2685809
2685810
2685831
2685861
2685888
2685961
2686270
2686294
2686733
2686812
2686818
2687267
2687301
2687315
2687416
2687868
2688004
2688052
2688140
2688205
2688326
2688349
2688457
2688637
2688676
2688755
2688904
2689023
2689140
2689312
2689371
2689459
2689489
2689495
2689626
2689767
2689961
2689989
2690246
2690312
2690445
2690594
2690608
2690667
2690708
2690776
2690992
2691054
2691325
2691423
2691442
2691454
2691633
2691686
2691922
2691935
2692010
2692019
2692045
2692247
2692275
2692288
2692370
2692990
2693006
2693119
2693230
2693334
2693349
2693452
2693583
2693738
2693957
2694109
2694123
2694406
2694468
2694503
2694530
2694864
2694990
2694994
2695000
2695048
2695277
2695463
2695472
2695488
2695579
2695732
2695742
2695810
2695958
2696159
2696217
2696234
2696311
2696363
2696371
2696429
2696467
2696628
2696658
2696922
2696965
2696973
2697178
2697240
2697278
2697592
2697600
2697728
2698070
2698087
2698144
2698237
2698360
2698408
2698711
2698714
2698740
2699517
2699620
2699658
2699812
2699903
2700234
2700253
2700275
2700544
2700562
2700577
2700714
2700740
2700771
2700908
2701178
2701200
2701285
2701333
2701771
2701836
2701922
2702026
2702063
2702089
2702147
2702151
2702215
2702452
2702610
2702721
2702913
2703023
2703045
2703072
2703329
2703451
2703527
2703721
2703884
2703914
2704069
2704103
2704294
2704332
2704526
2704632
2704744
2704912
2704915
2704982
2705329
2705455
2705610
2705627
2705922
2706076
2706109
2706125
2706246
2706324
2706332
2706340
2706437
2706464
2706622
2706693
2706697
2706760
2706966
2707022
2707108
2707272
2707405
2707437
2707566
2707617
2707685
2707715
2707855
2708132
2708183
2708195
2708258
2708526
2708602
2708872
2709121
2709146
2709277
2709394
2709464
2709572
2709577
2709762
2709940
2709956
2709966
2709972
2710080
2710258
2710366
2710401
2710456
2710591
2710609
2710666
2710857
2711012
2711504
2711664
2711712
2711806
2711989
2712160
2712224
2712288
2712374
2712477
2712516
2712520
2712553
2712632
2712663
2712729
2712730
2712751
2712771
2712813
2712921
2713042
2713305
2713409
2713509
2713682
2713904
2713957
2714221
2714302
2714482
2714707
2714744
2714822
2714892
2714937
2715104
2715186
2715247
2715249
2715267
2715357
2715501
2715616
2715815
2715841
2715850
2715866
2715887
2715922
2716055
2716140
2716206
2716344
2716616
2716699
2716716
2716826
2716919
2716936
2717085
2717118
2717144
2717233
2717408
2717432
2717483
2717672
2717682
2717746
2717761
2717776
2718008
2718065
2718113
2718147
2718246
2718438
2718441
2718556
2718636
2718692
2718737
2718799
2718808
2718899
2719127
2719134
2719256
2719315
2719382
2719642
2719644
2719666
2720356
2720408
2720565
2720568
2720588
2720605
2720780
2720909
2721035
2721132
2721251
2721252
2721367
2721465
2721565
2721923
2721950
2722149
2722248
2722324
2722337
2722343
2722378
2722407
2722413
2722538
2722655
2722709
2722827
2723093
2723099
2723116
2723394
2723482
2723614
2723618
2723633
2723636
2723734
2723982
2724013
2724035
2724288
2724451
2724646
2724785
2724840
2724856
2724859
2724936
2725241
2725256
2725311
2725320
2725425
2725670
2725689
2725745
2725787
2725843
2726103
2726207
2726226
2726323
2726586
2726724
2726802
2726803
2726919
2727066
2727097
2727144
2727181
2727574
2727622
2727765
2727889
2728140
2728174
2728210
2728383
2728502
2728518
2728547
2728648
2728750
2728767
2728812
2728835
2728870
2728963
2729119
2729300
2729310
2729414
2729598
2729635
2729819
2729855
2729901
2730002
2730041
2730438
2730440
2730502
2730604
2731064
2731383
2731547
2731568
2731616
2731660
2731776
2731907
2732209
2732227
2732366
2732453
2732486
2732580
2732755
2732870
2732871
2732971
2733021
2733280
2733316
2733411
2733497
2733642
2733849
2733965
2734024
2734118
2734440
2734453
2734475
2734523
2734537
2734696
2734801
2734844
2734893
2735212
2735217
2735472
2735493
2735611
2735660
2735679
2735921
2735978
2736060
2736093
2736141
2736147
2736624
2736634
2736642
2736681
2736890
2736939
2737022
2737156
2737175
2737267
2737283
2737386
2737684
2737789
2737947
2738133
2738688
2738782
2738901
2739027
2739042
2739082
2739108
2739135
2739210
2739320
2739376
2739383
2739778
2739970
2740169
2740347
2740394
2740547
2740623
2740683
2740690
2740775
2740800
2741020
2741045
2741472
2741482
2741523
2741542
2741620
2741665
2741763
2742022
2742088
2742144
2742157
2742196
2742287
2742330
2742388
2742474
2742838
2742940
2743127
2743212
2743409
2743422
2743643
2743729
2743769
2743858
2743872
2743955
2743956
2744019
2744087
2744106
2744112
2744257
2744375
2744478
2744646
2744657
2744758
2744827
2744834
2745141
2745349
2745443
2745486
2745556
2746365
2746374
2746403
2746673
2746769
2746918
2747228
2747245
2747340
2747648
2747667
2747744
2748037
2748147
2748304
2748322
2748412
2748436
2748498
2748560
2748855
2748907
2749212
2749268
2749512
2749650
2749876
2749939
2749959
2749966
2750054
2750071
2750261
2750426
2750453
2750543
2750670
2750746
2750747
2750810
2750813
2750830
2751062
2751113
2751122
2751333
2751566
2751576
2752447
2752779
2752963
2752977
2753003
2753020
2753271
2753466
2753586
2753653
2753909
2754119
2754226
2754606
2754830
2754846
2754891
2755452
2755647
2755898
2756419
2757015
2757042
2757054
2757055
2757094
2757179
2757277
2757372
2757461
2757499
2757566
2757575
2757605
2757649
2757722
2757768
2757810
2757825
2758050
2758060
2758136
2758203
2758208
2758406
2758449
2758489
2758536
2758543
2758604
2758691
2758766
2758858
2759253
2759414
2759625
2760265
2760290
2760663
2760683
2760697
2760830
2760848
2761030
2761177
2761262
2761279
2761376
2761396
2761579
2761621
2761836
2762208
2762209
2762238
2762369
2762404
2762495
2762534
2762663
2762889
2762906
2763175
2763788
2764008
2764156
2764433
2764490
2764537
2764995
2765036
2765051
2765187
2765674
2765735
2765758
2765987
2766092
2766168
2766283
2766368
2766552
2767088
2767434
2767746
2767760
2768049
2768055
2768158
2768170
2768392
2768418
2768502
2768596
2768689
2769117
2769180
2769249
2769376
2769390
2769417
2769423
2769597
2769603
2769647
2770119
2770160
2770210
2770224
2770280
2770287
2770371
2770588
2770797
2770953
2771235
2771269
2771512
2771571
2771636
2771655
2772036
2772086
2772094
2772128
2772211
2772312
2772368
2772711
2772736
2772768
2773218
2773331
2773376
2773685
2773711
2773814
2773869
2773988
2774267
2774361
2774424
2774594
2774689
2774707
2774905
2774956
2775186
2775657
2775871
2776065
2776095
2776191
2776200
2776226
2776303
2776386
2776625
2776685
2776746
2776747
2776820
2776866
2776930
2776943
2776964
2777068
2777089
2777122
2777184
2777327
2777369
2777371
2777534
2777662
2777723
2777739
2777851
2777899
2777928
2778305
2778351
2778407
2778799
2778996
2779088
2779299
2779346
2779518
2779607
2779868
2779966
2780057
2780188
2780222
2780266
2780426
2780460
2780504
2780522
2780528
2780545
2780593
2780729
2780737
2780910
2781318
2781425
2781460
2781472
2781499
2781502
2781593
2781636
2781708
2781727
2781886
2782183
2782201
2782245
2782299
2782415
2782500
2782651
2782847
2782909
2783020
2783070
2783146
2783247
2783267
2783395
2783476
2783608
2784220
2784290
2784547
2784600
2784797
2784823
2784991
2785500
2785511
2785559
2785586
2786085
2786274
2786391
2786410
2786519
2786708
2786728
2786873
2787027
2787126
2787169
2787200
2787281
2787312
2787332
2787338
2787424
2787477
2787484
2787498
2787516
2787618
2787678
2787863
2787957
2787980
2788224
2788378
2788440
2788518
2788663
2788669
2788752
2788806
2788984
2789180
2789275
2789428
2789498
2789593
2789621
2789626
2790125
2790443
2790704
2790835
2790837
2790902
2791052
2791132
2791153
2791224
2791310
2791408
2791410
2791500
2791675
2791843
2792194
2792507
2792820
2792824
2792837
2792866
2793081
2793125
2793178
2793358
2793477
2793771
2793991
2794010
2794061
2794127
2794149
2794165
2794184
2794220
2794287
2794584
2795218
2795263
2795471
2795513
2795755
2795835
2795864
2796074
2796086
2796109
2796276
2796360
2796367
2796416
2796456
2796689
2796696
2796828
2796942
2797126
2797184
2797272
2797294
2797506
2797557
2797586
2797695
2798025
2798077
2798268
2798481
2798782
2798866
2798918
2799044
2799242
2799697
2799809
2800168
2800216
2800317
2800348
2800431
2800552
2800645
2800686
2800718
2800957
2800970
2801091
2801358
2801620
2801623
2801648
2801753
2801772
2801804
2801823
2801828
2801923
2802089
2802160
2802236
2802410
2802565
2802932
2803031
2803449
2803473
2803500
2803528
2803696
2803864
2803878
2804020
2804392
2804447
2804499
2804548
2804731
2804777
2805049
2805168
2805224
2805590
2805603
2805629
2805712
2805775
2805796
2805830
2805890
2805892
2805964
2805988
2806006
2806032
2806162
2806209
2806219
2806278
2806293
2806364
2806552
2806684
2806768
2807141
2807143
2807173
2807201
2807296
2807316
2807722
2807976
2807992
2808151
2808246
2808404
2808486
2809198
2809346
2809405
2809448
2809544
2809546
2809644
2809756
2809847
2809997
2810178
2810574
2810631
2810763
2810864
2810936
2811087
2811149
2811355
2811888
2811977
2812153
2812335
2812375
2812497
2812524
2812573
2812652
2812966
2813129
2813222
2813484
2813789
2813806
2813876
2813914
2814226
2814308
2814463
2814540
2814644
2814659
2814998
2815247
2815318
2815480
2815743
2815757
2815810
2815822
2815850
2816117
2816176
2816266
2816314
2816575
2816907
2816911
2817041
2817057
2817438
2817795
2817921
2817930
2817999
2818078
2818096
2818172
2818211
2818248
2818315
2818336
2818499
2818542
2818564
2818723
2818757
2818831
2818917
2818918
2818923
2819007
2819169
2819216
2819255
2819278
2819297
2819422
2819511
2819538
2819688
2819841
2819979
2820000
2820248
2820470
2820584
2820729
2820755
2820801
2821207
2821517
2821523
2821736
2821750
2821839
2821914
2821978
2822044
2822122
2822434
2822443
2822525
2822618
2822706
2822739
2822749
2822807
2822894
2822963
2823745
2823998
2824132
2824378
2824627
2824736
2824775
2824788
2824854
2824859
2824916
2825101
2825123
2825175
2825235
2825513
2825719
2825801
2826054
2826083
2826162
2826574
2826597
2826674
2826715
2826725
2826851
2826901
2827096
2827123
2827176
2827207
2827440
2827453
2827478
2827585
2827850
2827877
2828005
2828063
2828110
2828113
2828200
2828333
2828401
2828405
2828455
2828964
2829105
2829111
2829198
2829301
2829351
2829355
2829483
2829566
2829594
2829708
2829747
2829810
2829942
2830079
2830111
2830152
2830355
2830483
2830633
2830742
2831052
2831521
2831628
2832084
2832447
2832632
2832633
2833008
2833344
2833413
2833583
2833699
2833733
2833795
2833869
2834187
2834518
2834580
2834697
2834941
2834942
2835266
2835349
2835468
2835572
2835840
2835951
2835958
2836105
2836297
2836645
2836661
2836740
2836978
2837012
2837047
2837079
2837286
2837430
2837509
2837615
2837761
2837806
2837808
2837970
2838152
2838221
2838419
2838464
2838592
2838673
2838943
2839021
2839217
2839236
2839295
2839636
2839924
2839938
2839998
2840089
2840095
2840108
2840323
2840554
2840653
2840710
2840980
2840995
2841045
2841065
2841131
2841219
2841338
2841460
2842173
2842195
2842404
2842491
2842533
2842615
2842670
2842796
2842903
2842972
2842976
2842982
2843014
2843155
2843208
2843345
2843620
2843805
2843841
2843847
2843883
2843913
2843953
2843976
2844016
2844218
2844614
2844643
2844706
2844774
2844899
2844923
2845055
2845079
2845124
2845206
2845381
2845493
2845516
2845530
2845624
2845638
2845774
2846035
2846088
2846203
2846324
2846636
2846775
2846895
2846974
2847010
2847019
2847028
2847289
2847644
2847645
2847820
2847924
2848039
2848042
2848529
2848664
2848739
2848741
2848752
2848910
2849171
2849260
2849312
2849456
2849949
2849971
2850016
2850065
2850171
2850186
2850249
2850690
2850953
2851065
2851083
2851197
2851412
2851505
2851623
2851627
2851692
2851708
2851747
2851997
2852080
2852232
2852243
2852337
2852437
2852527
2852830
2852872
2853057
2853144
2853158
2853228
2853277
2853336
2853416
2853915
2854068
2854197
2854242
2854402
2854498
2854514
2854564
2854566
2854593
2854641
2855050
2855231
2855269
2855296
2855414
2855534
2855807
2855811
2856325
2856341
2856354
2856438
2856520
2856629
2857088
2857143
2857367
2857371
2857410
2857553
2857595
2857945
2857965
2858007
2858034
2858131
2858277
2858308
2858463
2858545
2858668
2858922
2859009
2859158
2859290
2859394
2859539
2859603
2859772
2859925
2859927
2860003
2860217
2860253
2860362
2860460
2860553
2860667
2860871
2860909
2860981
2861396
2861420
2861560
2861580
2861633
2861682
2861840
2861866
2861932
2861975
2862146
2862259
2862451
2862533
2862639
2862691
2862735
2863141
2863254
2863280
2863282
2863441
2863477
2863589
2863602
2863638
2863742
2863820
2864013
2864130
2864135
2864232
2864407
2864450
2864603
2864806
2865007
2865044
2865196
2865333
2865361
2865504
2865730
2865735
2865985
2866259
2866384
2866400
2866477
2866547
2866569
2866580
2866614
2866814
2866904
2866966
2867021
2867065
2867134
2867160
2867223
2867327
2867935
2867937
2868002
2868058
2868209
2868607
2868658
2868686
2868724
2868740
2868847
2869055
2869083
2869238
2869393
2869541
2869624
2869997
2870093
2870178
2870482
2870486
2870505
2870796
2870854
2870969
2871156
2871266
2871319
2871364
2871385
2871561
2871608
2871629
2871909
2871954
2871986
2871988
2872056
2872068
2872091
2872093
2872308
2872429
2872432
2872444
2872507
2872714
2872853
2872867
2872976
2872981
2873126
2873298
2873341
2873773
2873829
2873956
2873963
2874008
2874157
2874286
2874413
2874437
2874541
2874716
2875062
2875103
2875149
2875587
2875746
2875793
2876424
2876567
2876737
2876765
2876905
2876960
2877119
2877393
2877510
2877589
2877614
2877714
2877802
2877922
2877982
2878003
2878008
2878082
2878083
2878156
2878211
2878547
2878643
2878955
2878991
2879068
2879111
2879145
2879190
2879193
2879343
2879493
2879655
2879681
2879844
2879941
2880010
2880017
2880087
2880227
2880406
2880493
2880556
2880595
2880755
2880870
2880876
2880890
2881034
2881048
2881244
2881304
2881313
2881333
2881515
2881784
2881951
2881980
2881992
2882028
2882156
2882532
2882672
2882692
2883198
2883579
2883584
2883731
2883775
2883978
2884010
2884070
2884127
2884228
2884260
2884274
2884580
2885074
2885199
2885261
2885379
2885510
2885522
2885687
2885694
2885695
2885809
2885893
2885900
2886024
2886049
2886157
2886261
2886376
2886406
2886637
2886652
2886690
2886817
2886821
2887233
2887236
2887379
2887528
2887622
2887695
2887786
2887793
2887964
2888024
2888446
2888595
2889121
2889217
2889535
2889552
2889554
2889640
2889697
2889849
2889902
2889975
2890066
2890182
2890187
2890560
2890727
2891045
2891142
2891400
2891551
2891780
2892165
2892242
2892675
2892740
2892869
2892884
2892892
2892915
2892959
2893018
2893070
2893147
2893223
2893251
2893346
2893367
2893376
2893413
2893443
2893444
2893509
2893567
2893717
2893757
2893766
2894012
2894025
2894061
2894418
2894425
2894784
2894873
2894896
2894943
2895205
2895333
2895618
2895891
2895917
2895986
2896038
2896167
2896343
2896438
2896455
2896535
2896811
2896874
2896980
2897095
2897134
2897238
2897269
2897317
2897437
2897497
2897674
2897697
2897707
2897895
2898043
2898268
2898280
2898284
2898395
2898614
2898700
2898713
2898788
2898792
2899043
2899099
2899100
2899106
2899165
2899199
2899234
2899423
2899515
2899795
2899801
2899951
2900166
2900481
2900594
2900623
2900636
2900771
2900927
2901025
2901273
2901327
2901422
2901442
2901589
2901692
2901821
2902014
2902116
2902311
2902750
2902772
2902797
2902953
2902962
2902987
2903041
2903550
2903924
2903976
2904051
2904341
2904386
2904430
2904457
2904524
2904582
2904649
2904703
2904990
2905010
2905035
2905251
2905293
2905308
2905315
2905388
2905594
2905645
2905760
2905842
2906015
2906144
2906172
2906294
2906402
2906410
2906429
2906457
2906517
2906592
2906675
2906707
2906752
2906815
2906901
2906948
2907047
2907082
2907116
2907120
2907159
2907274
2907354
2907398
2907399
2907483
2908062
2908223
2908282
2908493
2908498
2908805
2908811
2908943
2909034
2909356
2909449
2909464
2909789
2909952
2910067
2910285
2910400
2910463
2910576
2910731
2910840
2911045
2911063
2911217
2911222
2911230
2911259
2911379
2911451
2911578
2911588
2911748
2911864
2911909
2912020
2912032
2912259
2912674
2912796
2912959
2912962
2913215
2913440
2913471
2913555
2913563
2913582
2913769
2913776
2913998
2914030
2914177
2914267
2914420
2914428
2914617
2914655
2914800
2914887
2914956
2915094
2915193
2915431
2915533
2915658
2915981
2916009
2916167
2916266
2916482
2916509
2916652
2916770
2916816
2917001
2917148
2917201
2917324
2917334
2917378
2917965
2917974
2917997
2918034
2918199
2918308
2918424
2918435
2918590
2918652
2918756
2918938
2919017
2919058
2919078
2919099
2919493
2919565
2919588
2919646
2919755
2919832
2920058
2920250
2920462
2920464
2920779
2920871
2920961
2921091
2921217
2921274
2921284
2921286
2921307
2921311
2921403
2921455
2921704
2922019
2922099
2922128
2922171
2922232
2922294
2922399
2922401
2922654
2922764
2922796
2922942
2922951
2923564
2923582
2923709
2923732
2923804
2923976
2924169
2924602
2924758
2924924
2924952
2925148
2925173
2925293
2925740
2925904
2926152
2926369
2926425
2926619
2926633
2926654
2926731
2926762
2927015
2927027
2927278
2927694
2927769
2927883
2928005
2928073
2928080
2928213
2928256
2928508
2928701
2928923
2929282
2929385
2929431
2929550
2929583
2929657
2929899
2929945
2930041
2930100
2930139
2930141
2930364
2930490
2930860
2930937
2930957
2931025
2931051
2931128
2931226
2931236
2931935
2932014
2932027
2932106
2932273
2932393
2932395
2932594
2932827
2933018
2933034
2933065
2933203
2933269
2933317
2933472
2933643
2933694
2933701
2933929
2933982
2934039
2934050
2934157
2934159
2934174
2934478
2934650
2934995
2935482
2935532
2935704
2935810
2935880
2935922
2936125
2936219
2936401
2936660
2937052
2937060
2937090
2937181
2937220
2937587
2937695
2937980
2938019
2938064
2938265
2938506
2938511
2939002
2939016
2939147
2939181
2939601
2939671
2939783
2940185
2940424
2940446
2940447
2940698
2940755
2940785
2940853
2941053
2941159
2941426
2941524
2941545
2941754
2941807
2941853
2941899
2941908
2941956
2942026
2942218
2942316
2942336
2942367
2942374
2942445
2942506
2942552
2942557
2942582
2942604
2942847
2942980
2943092
2943136
2943146
2943151
2943263
2943386
2943564
2943569
2943672
2943774
2943865
2943873
2943937
2944002
2944232
2944629
2944764
2944807
2944887
2944917
2945225
2945388
2945591
2945618
2945638
2945783
2945861
2945909
2945921
2945927
2945990
2946283
2946765
2946776
2946807
2947193
2947441
2947742
2947878
2947985
2948022
2948039
2948132
2948289
2948350
2948384
2948610
2948724
2948764
2948773
2948851
2949337
2949704
2949753
2949799
2950049
2950086
2950211
2950212
2950314
2950406
2950473
2950518
2950614
2950653
2950702
2951015
2951194
2951200
2951219
2951322
2951506
2951799
2951915
2951978
2952518
2952887
2952943
2953098
2953239
2953559
2953632
2953655
2953839
2953847
2954057
2954325
2954473
2954599
2954680
2954969
2955185
2955535
2955543
2955573
2955705
2955832
2956022
2956105
2956140
2956512
2956598
2956735
2956872
2956948
2956964
2957147
2957219
2957251
2957296
2957644
2957827
2957886
2958021
2958318
2958632
2958880
2959164
2959304
2959322
2959338
2959358
2959406
2959428
2960034
2960172
2960309
2960446
2960521
2960572
2960663
2960872
2961004
2961045
2961050
2961053
2961260
2961267
2961467
2961588
2961872
2961879
2962062
2962081
2962334
2962497
2962582
2962655
2962681
2962955
2963062
2963175
2963237
2963399
2963543
2963620
2963647
2963674
2963723
2963840
2963878
2964031
2964051
2964162
2964186
2964321
2964538
2964550
2964780
2964803
2964931
2965011
2965093
2965189
2965361
2965367
2965536
2965548
2965684
2965718
2965773
2965905
2965954
2965959
2966004
2966017
2966018
2966065
2966131
2966192
2966382
2966523
2966557
2966651
2966710
2966744
2966777
2966893
2967104
2967140
2967170
2967247
2967351
2967427
2967468
2967655
2967743
2967885
2968179
2968227
2968261
2968681
2968845
2968888
2969529
2969710
2969735
2969903
2969940
2970019
2970303
2970418
2970432
2970449
2970668
2970882
2971009
2971073
2971148
2971367
2971374
2971758
2971801
2971932
2972034
2972198
2972240
2972277
2972295
2972310
2972333
2972351
2972430
2972672
2972744
2972862
2972867
2973230
2973315
2973431
2973453
2973522
2973686
2973868
2974005
2974154
2974230
2974411
2974459
2974467
2974859
2975255
2975271
2975629
2975763
2976121
2976153
2976508
2976655
2976707
2976934
2977142
2977184
2977337
2977345
2977648
2977724
2977931
2978117
2978459
2978573
2978630
2978689
2978700
2978825
2978836
2978978
2979387
2979408
2979448
2979848
2979982
2979997
2980122
2980221
2980420
2980448
2980453
2980693
2980762
2980891
2981004
2981133
2981232
2981275
2981438
2981451
2981481
2981683
2981720
2981746
2981749
2981769
2981805
2981866
2982286
2982377
2982481
2982893
2982902
2983067
2983098
2983478
2983751
2983771
2983823
2984437
2984440
2984442
2984443
2984517
2984555
2984593
2984611
2984623
2984655
2984712
2984735
2984893
2985001
2985085
2985139
2985200
2985325
2985434
2985494
2985533
2985832
2985882
2986002
2986119
2986155
2986227
2986373
2986504
2986615
2986792
2986837
2986976
2986998
2987067
2987124
2987151
2987242
2987265
2987323
2987470
2987525
2987691
2987713
2987720
2987777
2988391
2988452
2988792
2988861
2988871
2988957
2989210
2989211
2989484
2989872
2989888
2990008
2990428
2990451
2990531
2990561
2990797
2990940
2990984
2991091
2991125
2991177
2991179
2991240
2991446
2991536
2991613
2991703
2992058
2992301
2992348
2993109
2993166
2993210
2993249
2993401
2993475
2993563
2993682
2993835
2993937
2993951
2993960
2994037
2994328
2994345
2994401
2994417
2994565
2994656
2994861
2994926
2994954
2995110
2995319
2995431
2995745
2996206
2996354
2996379
2996400
2996406
2996488
2996604
2996663
2996702
2996711
2996778
2996847
2996858
2996994
2997030
2997133
2997183
2997240
2997242
2997537
2997609
2997662
2997735
2997999
2998152
2998313
2998316
2998427
2998448
2998922
2998947
2999291
2999518
2999573
2999654
2999845
2999851
3000114
3000133
3000244
3000416
3000425
3000497
3000535
3000621
3000788
3001018
3001150
3001363
3001769
3001959
3001966
3002091
3002313
3002382
3002398
3002450
3002769
3002986
3003161
3003162
3003261
3003500
3003542
3003559
3003614
3003646
3003656
3003752
3003775
3003880
3003951
3004021
3004038
3004383
3004457
3004628
3004638
3004851
3004918
3005265
3005441
3005664
3005759
3006005
3006041
3006066
3006102
3006515
3006546
3006560
3006650
3006705
3007367
3007394
3007641
3007828
3007855
3007885
3008010
3008196
3008250
3008383
3008575
3008658
3008842
3008902
3008949
3008968
3009009
3009089
3009091
3009187
3009209
3009554
3009561
3009629
3009693
3009891
3010067
3010236
3010316
3010422
3010443
3010484
3010488
3010615
3010833
3011209
3011299
3011343
3011498
3011530
3011658
3011662
3012085
3012092
3012131
3012146
3012283
3012439
3012470
3012650
3012715
3012958
3013115
3013198
3013308
3013706
3013772
3014015
3014156
3014352
3014448
3014673
3014693
3014697
3014823
3014885
3014937
3015132
3015539
3015612
3015856
3015881
3016035
3016051
3016060
3016146
3016181
3016188
3016206
3016212
3016297
3016346
3016558
3016590
3016637
3016639
3016726
3016919
3016998
3017089
3017093
3017298
3017412
3017419
3017518
3018054
3018137
3018195
3018250
3018383
3018446
3018521
3018738
3018764
3018892
3018980
3019009
3019166
3019302
3019560
3019739
3019858
3020010
3020016
3020328
3020389
3020438
3020966
3021034
3021405
3021482
3021597
3021620
3021897
3022099
3022205
3022320
3022486
3022747
3022766
3022895
3022989
3023076
3023205
3023482
3023515
3023711
3023714
3023855
3023977
3024093
3024785
3024801
3025089
3025207
3025569
3025595
3025701
3025732
3025808
3026003
3026172
3026192
3026204
3026221
3026233
3026486
3026514
3026604
3026728
3026902
3027172
3027188
3027385
3027393
3027462
3027553
3027555
3027579
3027867
3027887
3028225
3028373
3028385
3028416
3028474
3028567
3028575
3028714
3029142
3029198
3029445
3029464
3029472
3029545
3029762
3029998
3030096
3030119
3030197
3030289
3030651
3030652
3030856
3030961
3031039
3031514
3031542
3031818
3031887
3032248
3032280
3032347
3032388
3032392
3032395
3032424
3032560
3032586
3032615
3032651
3032693
3032742
3032793
3032825
3032892
3032971
3033124
3033127
3033185
3033276
3033282
3033329
3033442
3033507
3033520
3033529
3033593
3033609
3033715
3033726
3033823
3033922
3034180
3034311
3034420
3034606
3034723
3034845
3035506
3035580
3035819
3035847
3035869
3036098
3036599
3036651
3037091
3037129
3037159
3037424
3037747
3038044
3038066
3038196
3038205
3038274
3038277
3038711
3038830
3039025
3039027
3039368
3039409
3039429
3039521
3039761
3040098
3040203
3040420
3040594
3040637
3040657
3040730
3040734
3040834
3040975
3041441
3041772
3041842
3041912
3041918
3041931
3042056
3042214
3042374
3042403
3042694
3042716
3042862
3042895
3042979
3042984
3043364
3043500
3043894
3043928
3044091
3044344
3044755
3044789
3044839
3044878
3044889
3044987
3045181
3045210
3045223
3045284
3045288
3045399
3045603
3045609
3045741
3045857
3045916
3046169
3046196
3046592
3046718
3046741
3046870
3046943
3046964
3047236
3047342
3047458
3047584
3047593
3047740
3047824
3047877
3047944
3048002
3048202
3048762
3048811
3049083
3049107
3049147
3049194
3049197
3049233
3049562
3049676
3049706
3049878
3050071
3050102
3050249
3050335
3050342
3050452
3050546
3050700
3050707
3050969
3051037
3051071
3051121
3051328
3051419
3051578
3051703
3051719
3052068
3052324
3052577
3052593
3052640
3052917
3053087
3053208
3053340
3053655
3053769
3053793
3053870
3053880
3053981
3053992
3054189
3054199
3054331
3054479
3054648
3054780
3054967
3055059
3055069
3055071
3055099
3055102
3055106
3055139
3055162
3055272
3055339
3055397
3055634
3055657
3055664
3055688
3055691
3055709
3055845
3055898
3056024
3056331
3056356
3056526
3056685
3056913
3057156
3057209
3057643
3058025
3058126
3058246
3058416
3058437
3058486
3058596
3058618
3058708
3058841
3058896
3058947
3059167
3059271
3059453
3059574
3059615
3059776
3060073
3060134
3060235
3060344
3060388
3060402
3060461
3060545
3060579
3060830
3060886
3061439
3061721
3062103
3062554
3062579
3062583
3062622
3062681
3063020
3063180
3063523
3063550
3063709
3063735
3063907
3064290
3064303
3064367
3064420
3064562
3064891
3064993
3065070
3065119
3065201
3065346
3065351
3065925
3066111
3066165
3066246
3066382
3066384
3066406
3066594
3066629
3066690
3066722
3066790
3066850
3066949
3067173
3067252
3067399
3067436
3067514
3067570
3067669
3067879
3067909
3068001
3068042
3068129
3068285
3068371
3068625
3068664
3069146
3069196
3069197
3069270
3069310
3069322
3069453
3069568
3069761
3069883
3070168
3070239
3070351
3070945
3070967
3070969
3071045
3071177
3071380
3071517
3071756
3071757
3071998
3072437
3072460
3072517
3072525
3072590
3072607
3072624
3072801
3073079
3073209
3073469
3073618
3073632
3073916
3074125
3074181
3074249
3074363
3074382
3074428
3074461
3074506
3074554
3074976
3075196
3075202
3075210
3075234
3075371
3075456
3075487
3075511
3075780
3075847
3075947
3076243
3076437
3076552
3076700
3076922
3077091
3077222
3077264
3077435
3077471
3077640
3077916
3078203
3078277
3078512
3078656
3078742
3078775
3078781
3078873
3079211
3079235
3079385
3079601
3079723
3079745
3079804
3079809
3079847
3079975
3080115
3080132
3080145
3080228
3080248
3080324
3080402
3080419
3080479
3080504
3080712
3080791
3080836
3081015
3081140
3081403
3081429
3081637
3081726
3082126
3082165
3082260
3082347
3082650
3082704
3083060
3083101
3083202
3083259
3083509
3083520
3083695
3083728
3083795
3083825
3083918
3083983
3084078
3084080
3084095
3084656
3084804
3085044
3085046
3085085
3085648
3085731
3085747
3085878
3085896
3086018
3086037
3086040
3086105
3086290
3086325
3086335
3086355
3086501
3086798
3086952
3086997
3087077
3087170
3087286
3087468
3087476
3087633
3087642
3087655
3087821
3087968
3088135
3088311
3088452
3088582
3088751
3088833
3089232
3089393
3089999
3090250
3090367
3090517
3090639
3090646
3090786
3090912
3091084
3091148
3091181
3091207
3091258
3091294
3091367
3091417
3091789
3091903
3091938
3092495
3092613
3092631
3092655
3092775
3092984
3093072
3093331
3093342
3093407
3093903
3094087
3094102
3094193
3094282
3094567
3094600
3094980
3095063
3095133
3095365
3095409
3095601
3095790
3095858
3095928
3096372
3096547
3096555
3096578
3096627
3096880
3097036
3097054
3097249
3097258
3097324
3097380
3097856
3097861
3097895
3097943
3098036
3098288
3098447
3098633
3098713
3098923
3098926
3099025
3099029
3099081
3099114
3099122
3099270
3099279
3099442
3099447
3099709
3099756
3100197
3100338
3100386
3100519
3100647
3100702
3101053
3101262
3101527
3101631
3101715
3101781
3101936
3102300
3102486
3102692
3102741
3102801
3102811
3102949
3103523
3103572
3103878
3104171
3104181
3104383
3104452
3104551
3104577
3104622
3104625
3104896
3105131
3105133
3105136
3105198
3105312
3105407
3105441
3105461
3105599
3105624
3105724
3105897
3105924
3105990
3106116
3106429
3106605
3107120
3107582
3107778
3107879
3107940
3107994
3108225
3108464
3108655
3109336
3109408
3109478
3109498
3109699
3109825
3109868
3109906
3109938
3109939
3109957
3110067
3110295
3110430
3110432
3110569
3110631
3110754
3110856
3110874
3110971
3111211
3111346
3111425
3111476
3111520
3111587
3111600
3111690
3111829
3112097
3112131
3112357
3112666
3112721
3112835
3112888
3113058
3113130
3113159
3113356
3113649
3113795
3113805
3113832
3114145
3114168
3114257
3114534
3114599
3114708
3114793
3114810
3114823
3114942
3114976
3115124
3115311
3115351
3115385
3115410
3115606
3115899
3115953
3116266
3116300
3116457
3116638
3116641
3116833
3117197
3117808
3117851
3118074
3118117
3118342
3118343
3118436
3118466
3118589
3118664
3118946
3119205
3119349
3119392
3119396
3119414
3119473
3119481
3119545
3119640
3119679
3119736
3119745
3120000
3120087
3120132
3120177
3120365
3120426
3120554
3120688
3120703
3120884
3121028
3121150
3121260
3121706
3121820
3121914
3122005
3122029
3122123
3122391
3122479
3122512
3122985
3123001
3123166
3123202
3123269
3123329
3123352
3123612
3123837
3123936
3123975
3124366
3124476
3124553
3124590
3124618
3124986
3125025
3125163
3125182
3125285
3125289
3125427
3125479
3125868
3126117
3126120
3126227
3126375
3126512
3126577
3126580
3126613
3126831
3126887
3126970
3127228
3127252
3127431
3127589
3127957
3127967
3128032
3128046
3128227
3128262
3128316
3128338
3128416
3128575
3128636
3128876
3129139
3129157
3129172
3129280
3129537
3129567
3129580
3129770
3130175
3130309
3130451
3130687
3130803
3130824
3130931
3130947
3131143
3131455
3131560
3131901
3132010
3132649
3132661
3133046
3133047
3133170
3133193
3133254
3133292
3133490
3133517
3133634
3133766
3133783
3134022
3134059
3134096
3134102
3134129
3134475
3134638
3134732
3134965
3135025
3135037
3135129
3135209
3135296
3135520
3135541
3135614
3135721
3135742
3136079
3136093
3136349
3136462
3136894
3136922
3137013
3137342
3137363
3137420
3137878
3137971
3138223
3138300
3138580
3138915
3139008
3139064
3139127
3139251
3139397
3139773
3139802
3139882
3139937
3139981
3140548
3140590
3140690
3141010
3141016
3141133
3141146
3141309
3141706
3141875
3142033
3142043
3142241
3142387
3142407
3142508
3142633
3142773
3142804
3143256
3143332
3143533
3143695
3143818
3144401
3144431
3144473
3144552
3144754
3144850
3145015
3145116
3145277
3145441
3145466
3145517
3145583
3145587
3145650
3146138
3146934
3147168
3147248
3147360
3147374
3147724
3147733
3147834
3147893
3147944
3147976
3148157
3148179
3148269
3148296
3148358
3148374
3148413
3148474
3148719
3148892
3148936
3149027
3149070
3149129
3149212
3149417
3149515
3149522
3149524
3149630
3149670
3149786
3149872
3149941
3149994
3150050
3150324
3150329
3150372
3150394
3150514
3150588
3150883
3150981
3151065
3151189
3151271
3151595
3151691
3151765
3151858
3151912
3152024
3152047
3152169
3152377
3152439
3152453
3152458
3152461
3152490
3152641
3152754
3152941
3153225
3153644
3153741
3153789
3153842
3153891
3153996
3154302
3154497
3154786
3154940
3155058
3155135
3155159
3155305
3155423
3155431
3155640
3155834
3155848
3155954
3156081
3156323
3156351
3156717
3156782
3156876
3157140
3157150
3157295
3157306
3157374
3157467
3157534
3157592
3157594
3157724
3157903
3157973
3158189
3158338
3158445
3158479
3158790
3159427
3159737
3159794
3159851
3159887
3160076
3160393
3160481
3160491
3160689
3161006
3161224
3161233
3161277
3161295
3161638
3161650
3161673
3161675
3161758
3161842
3161857
3161913
3162155
3162195
3162223
3162435
3162599
3162728
3162868
3162870
3163078
3163125
3163163
3163651
3163726
3164088
3164116
3164489
3164610
3164621
3164650
3164767
3164777
3164866
3164877
3165188
3165961
3165981
3166042
3166045
3166155
3166185
3166210
3166861
3167445
3167505
3167644
3167867
3167932
3167942
3168102
3168448
3168548
3168819
3168970
3168998
3168999
3169165
3169174
3169226
3169420
3169618
3169642
3169730
3169742
3169835
3169980
3170111
3170262
3170320
3170326
3170465
3170510
3170526
3170565
3170818
3170988
3171351
3171469
3171580
3171600
3171679
3171780
3171927
3172076
3172106
3172240
3172354
3172499
3172523
3172590
3172615
3172711
3172733
3172965
3173012
3173172
3173194
3173401
3173407
3173431
3173440
3173631
3173747
3174095
3174125
3174267
3174793
3174912
3174952
3175320
3175622
3175645
3175728
3175818
3175847
3175937
3176067
3176090
3176120
3176261
3176335
3176952
3177286
3177358
3177527
3177615
3177912
3177950
3178076
3178138
3178234
3178438
3178443
3178573
3178700
3178729
3178788
3178827
3179140
3179208
3179286
3179381
3179597
3179710
3179807
3179921
3179966
3180028
3180030
3180041
3180168
3180274
3180384
3180591
3180608
3180796
3180867
3180908
3180948
3180970
3180978
3181060
3181167
3181171
3181202
3181326
3181329
3181363
3181401
3181448
3181759
3181858
3182001
3182116
3182405
3182655
3182972
3182985
3183320
3183332
3183341
3183365
3183374
3183565
3183931
3184110
3184467
3184706
3184827
3184951
3185002
3185024
3185180
3185462
3185702
3185796
3185879
3185926
3186010
3186022
3186105
3186304
3186323
3186415
3186447
3186620
3186764
3186909
3186953
3187007
3187017
3187150
3187603
3187615
3187673
3187913
3188063
3188450
3188516
3188777
3188823
3189268
3189367
3189637
3189785
3189924
3190205
3190282
3190319
3190321
3190433
3190466
3190478
3190634
3190936
3191196
3191256
3191500
3191540
3191557
3191793
3192206
3192256
3192643
3192898
3192981
3193257
3193455
3193513
3193920
3193935
3193943
3194057
3194264
3194300
3194376
3194414
3194556
3194618
3194672
3194693
3194747
3194815
3194842
3194945
3195076
3195207
3195960
3196300
3196495
3196585
3196593
3197610
3197651
3197970
3197972
3198079
3198179
3198303
3198428
3198537
3198861
3199031
3199058
3199064
3199361
3199559
3199668
3199920
3200003
3200073
3200423
3200551
3200587
3200635
3200739
3200870
3200994
3201253
3201325
3201710
3202182
3202280
3202372
3202865
3202913
3202935
3202969
3203125
3203205
3203625
3203863
3204049
3204068
3204176
3204463
3204604
3204644
3204839
3204866
3204925
3204962
3205217
3205278
3205285
3205456
3205543
3205566
3205753
3205872
3206699
3206721
3206747
3206912
3206934
3207439
3207456
3207696
3207941
3208193
3208221
3208294
3208726
3208938
3209155
3209316
3209454
3209486
3209535
3209756
3209855
3209925
3210058
3210088
3210337
3210409
3210504
3210839
3210858
3210944
3211064
3211338
3211491
3211592
3211933
3212121
3212298
3212324
3212354
3212450
3212464
3212624
3212697
3212721
3212787
3212838
3213057
3213190
3213372
3213376
3213403
3213508
3213725
3213793
3213833
3214008
3214159
3214193
3214348
3214532
3214579
3214730
3214878
3214904
3214961
3215188
3215220
3215331
3215524
3215646
3215675
3215730
3215855
3215906
3215974
3216043
3216048
3216174
3216177
3216238
3216498
3216730
3216781
3216932
3216956
3217070
3217430
3217561
3217881
3217934
3218128
3218195
3218356
3218549
3218557
3218811
3218863
3218957
3219314
3219415
3219577
3219834
3219995
3220098
3220445
3221014
3221061
3221645
3221683
3221747
3221785
3221918
3222002
3222114
3222213
3222287
3222540
3222653
3222811
3222882
3222884
3222956
3223104
3223208
3223285
3223289
3223443
3223817
3223874
3224004
3224010
3224043
3224079
3224111
3224485
3224516
3224553
3224651
3224740
3224802
3224882
3224893
3225180
3225195
3225482
3225579
3225611
3225685
3226071
3226302
3226395
3226512
3226964
3227145
3227197
3227412
3227569
3227895
3228016
3228275
3228299
3228432
3228549
3228558
3228830
3228903
3228931
3229118
3229134
3229313
3229374
3229553
3229651
3229935
3229938
3230067
3230374
3230441
3230702
3231139
3231263
3231297
3231470
3231574
3231593
3231618
3231721
3232064
3232267
3232443
3232759
3232871
3232881
3232892
3233095
3233378
3233420
3233454
3233500
3234195
3234263
3234368
3234660
3234764
3234815
3234891
3234945
3235024
3235048
3235104
3235239
3235284
3235328
3235364
3235429
3235668
3235687
3236033
3236035
3236082
3236330
3236516
3236778
3236952
3237150
3237379
3237477
3237573
3237723
3237820
3237850
3238092
3238286
3238394
3238455
3238501
3239182
3239352
3239411
3239524
3239665
3239777
3239778
3240455
3240742
3240776
3240786
3240815
3241046
3241083
3241138
3241406
3241522
3241683
3242102
3242206
3242701
3242913
3243223
3243371
3243644
3243672
3243738
3243758
3243891
3244031
3244050
3244066
3244122
3244207
3244251
3244407
3244775
3244821
3244832
3245070
3245180
3245212
3245456
3246096
3246110
3246132
3246247
3246255
3246352
3246353
3246558
3247001
3247026
3247272
3247348
3247497
3247716
3247905
3247906
3248000
3248045
3248191
3248220
3248451
3248468
3248603
3248806
3249022
3249048
3249171
3249213
3249243
3249613
3249630
3249845
3249950
3250380
3250414
3250541
3251013
3251133
3251269
3251364
3251567
3251815
3251842
3252063
3252116
3252174
3252490
3252554
3252621
3252714
3252752
3253100
3253262
3253732
3254705
3254824
3254894
3254975
3254980
3255471
3255504
3255521
3255534
3255570
3255734
3255740
3255831
3255936
3256310
3256354
3256378
3256403
3256472
3256701
3256706
3256917
3257298
3257406
3257472
3257496
3257537
3257640
3257777
3257924
3258004
3258093
3258177
3258412
3258502
3259008
3259220
3259257
3259331
3259400
3259542
3259791
3259966
3260124
3260165
3260562
3260606
3260607
3260619
3260682
3260924
3260925
3261010
3261396
3261474
3261626
3261665
3262020
3262061
3262096
3262167
3262209
3262228
3262552
3262612
3262635
3262785
3262794
3262882
3262958
3263161
3263386
3263448
3263492
3263545
3263594
3263752
3264224
3264982
3265031
3265079
3265193
3265447
3265484
3265774
3265814
3266042
3266089
3266154
3266503
3266580
3266587
3266981
3267016
3267061
3267238
3267253
3267432
3267499
3267587
3267703
3267714
3267933
3268074
3268133
3268272
3268281
3268627
3268640
3268645
3268950
3269093
3269151
3269185
3269241
3269259
3269310
3269377
3269797
3269817
3269930
3270093
3270261
3270515
3270743
3270801
3270874
3271007
3271181
3271276
3271371
3271529
3271632
3271691
3271855
3272013
3272136
3272471
3272551
3272776
3272985
3273078
3273123
3273999
3274069
3274304
3274439
3274548
3274790
3274943
3275030
3275080
3275092
3275141
3275217
3275347
3275398
3275420
3275438
3275530
3275583
3275798
3275843
3275884
3275896
3275968
3275969
3276141
3276250
3276518
3277034
3277253
3277255
3277269
3277385
3277420
3277514
3278421
3278673
3278897
3278918
3278963
3279167
3279193
3279297
3279973
3280124
3280265
3280509
3280663
3280696
3280900
3280991
3281033
3281092
3281135
3281189
3281261
3281310
3281400
3281558
3281627
3281743
3281751
3281860
3282013
3282070
3282141
3282363
3282478
3282562
3282721
3282784
3283082
3283268
3283435
3283685
3283738
3283776
3283832
3283983
3284174
3284290
3284543
3284687
3284850
3285122
3285217
3285244
3285455
3285531
3285965
3286323
3286483
3286504
3286568
3286613
3287010
3287086
3287098
3287577
3287734
3287796
3287807
3287865
3287906
3287927
3287937
3287939
3288083
3288118
3288220
3288226
3288279
3288337
3288384
3288519
3288826
3289203
3289327
3289429
3289438
3289790
3289859
3290029
3290030
3290245
3290744
3290822
3290926
3290934
3290952
3290969
3291276
3291404
3291700
3291706
3291779
3291853
3291867
3292121
3292202
3292235
3292323
3292436
3292617
3292668
3292762
3292868
3293203
3293311
3293363
3293768
3293889
3294030
3294311
3294489
3294648
3295028
3295136
3295161
3295174
3295247
3295280
3295554
3295593
3295642
3295783
3295795
3295808
3295864
3296076
3296147
3296169
3296290
3296782
3296899
3297400
3297423
3297866
3297951
3298078
3298129
3298340
3298423
3298672
3298824
3298839
3298862
3298942
3299016
3299061
3299087
3299329
3299334
3299389
3299513
3299620
3299785
3300027
3300070
3300247
3300304
3300357
3300432
3300600
3300616
3301172
3301389
3301435
3301455
3301497
3301687
3302041
3302248
3302327
3302458
3302945
3303034
3303107
3303146
3303235
3303269
3303303
3303439
3303459
3303474
3303750
3303753
3303761
3303799
3303804
3303883
3304005
3304064
3304188
3304662
3305021
3305063
3305167
3305217
3305309
3305393
3305405
3305445
3305486
3305526
3305584
3305718
3305914
3305921
3306115
3306187
3306245
3306807
3306984
3307133
3307191
3307289
3307412
3307454
3307579
3307584
3307739
3307868
3307950
3308199
3308213
3308223
3308379
3308399
3308650
3308652
3308885
3309189
3309737
3309799
3309846
3309940
3310368
3310551
3310628
3310717
3310790
3310835
3310874
3310969
3310993
3311170
3311220
3311333
3311428
3311441
3311572
3311808
3311915
3312125
3312258
3312300
3312501
3312529
3312538
3312697
3312703
3312962
3313068
3313694
3313836
3313900
3313968
3314398
3314552
3314640
3315344
3315502
3315694
3316110
3316159
3316160
3316393
3316840
3317163
3317321
3317390
3317530
3317544
3317580
3317706
3318026
3318046
3318047
3318123
3318333
3318380
3318398
3318420
3318532
3318552
3318572
3318904
3319333
3319341
3319398
3319611
3319661
3319695
3320037
3320061
3320110
3320271
3320274
3320284
3320291
3320294
3320418
3320571
3320610
3320823
3321070
3321242
3321350
3321679
3321692
3321714
3321750
3322031
3322087
3322171
3322206
3322282
3322630
3322683
3322827
3322832
3322903
3322915
3322966
3323168
3323209
3323231
3323787
3323985
3324022
3324145
3324236
3324280
3324291
3324473
3324495
3324496
3324675
3324706
3324923
3325161
3325187
3325202
3325219
3325247
3325382
3325414
3325565
3325567
3325599
3325705
3325835
3326286
3326567
3326955
3327144
3327246
3327582
3327633
3327644
3327920
3327927
3328217
3328350
3328380
3328464
3328686
3328729
3328779
3329098
3329207
3329475
3329519
3329559
3329590
3329739
3329903
3330364
3330562
3330588
3330987
3331310
3331335
3331629
3331854
3331906
3331925
3332035
3332168
3332368
3332673
3332691
3332790
3332964
3333094
3333298
3333349
3333465
3333614
3333629
3333709
3333784
3334068
3334113
3334133
3334440
3334645
3335025
3335162
3335629
3335776
3335817
3336212
3336556
3336808
3337105
3337381
3338009
3338099
3338102
3338103
3338196
3338230
3338273
3338344
3338696
3338887
3339184
3339428
3339570
3339721
3340177
3340248
3340280
3340396
3340579
3340847
3340889
3341011
3341083
3341171
3341534
3341722
3341754
3342105
3342155
3342373
3342418
3342457
3342916
3342963
3343183
3343370
3343453
3343533
3343965
3344037
3344047
3344201
3344389
3344521
3344567
3344900
3345004
3345034
3345109
3345471
3345655
3345785
3346102
3346187
3346207
3346289
3346388
3346548
3346648
3346713
3347092
3347178
3347782
3347815
3347892
3348339
3348441
3348585
3348600
3349176
3349263
3349296
3349593
3349709
3349880
3349905
3349933
3349967
3350087
3350205
3350264
3350316
3350401
3350799
3351046
3351057
3351231
3351464
3351542
3351601
3351784
3351924
3351977
3352265
3352339
3352419
3352471
3352535
3352763
3352781
3352977
3353092
3353332
3353365
3353684
3353874
3353970
3354207
3354501
3354708
3354740
3354745
3354951
3355227
3355433
3355867
3356069
3356113
3356159
3356179
3356297
3356450
3356615
3357109
3357414
3357514
3357961
3357971
3358145
3358270
3358400
3358770
3358897
3358970
3359365
3359524
3359683
3359723
3359991
3360109
3360184
3360205
3360214
3360588
3360676
3360772
3361083
3361169
3361202
3361405
3361490
3361667
3361721
3361793
3361937
3362244
3362250
3362532
3363057
3363466
3363505
3363567
3363709
3363788
3363852
3363892
3364250
3364275
3364405
3364505
3365030
3365488
3365515
3365541
3365775
3365791
3365794
3365907
3366130
3366318
3366320
3366557
3366676
3366898
3367028
3367029
3367031
3367055
3367062
3367088
3367155
3367499
3367644
3367682
3368154
3368164
3368482
3368517
3368672
3368907
3369110
3369113
3369551
3369592
3369610
3369654
3369864
3369934
3369961
3369971
3370198
3370293
3370302
3370551
3370853
3371027
3371053
3371063
3371084
3371122
3371157
3371456
3371798
3371965
3371977
3371998
3372056
3372319
3372536
3372682
3372731
3372774
3373016
3373395
3373404
3373422
3373443
3373656
3373727
3373732
3373880
3373965
3374019
3374095
3374163
3374465
3375212
3375286
3375315
3375352
3375822
3375941
3376238
3376263
3376274
3376340
3376392
3376470
3376560
3376672
3376828
3376889
3376927
3376995
3377150
3377329
3377366
3377565
3377580
3377599
3377747
3378289
3378321
3378344
3378710
3378905
3379043
3379050
3379158
3379221
3379383
3379460
3379474
3379483
3379658
3379711
3379766
3379778
3379861
3379980
3380437
3380761
3380765
3380865
3380904
3381093
3381515
3381537
3381542
3381773
3381808
3381881
3382247
3382331
3382393
3382433
3382521
3382524
3382619
3382730
3382803
3382962
3382993
3383352
3383423
3383506
3383542
3383622
3383804
3384225
3384564
3384626
3384630
3384650
3384675
3384707
3384781
3384833
3384847
3384908
3384966
3385068
3385134
3385289
3385323
3385866
3385947
3386001
3386011
3386070
3386075
3386343
3386455
3386605
3386625
3386664
3386752
3386774
3386984
3387280
3387437
3387556
3387572
3387913
3387973
3388133
3388399
3388508
3388542
3388557
3388688
3388716
3388778
3388864
3389147
3389455
3389531
3389836
3390120
3390367
3390413
3390415
3390519
3390652
3390752
3390770
3390872
3391056
3391098
3391203
3391211
3391299
3391404
3391798
3391808
3391937
3392018
3392132
3392228
3392320
3392392
3392450
3392460
3393037
3393314
3393339
3393387
3393393
3393431
3393583
3393652
3393661
3394024
3394193
3394268
3394300
3394520
3394780
3394894
3395022
3395035
3395290
3395301
3395364
3395795
3395942
3396307
3396362
3396645
3396710
3396856
3397162
3397566
3397821
3397898
3397936
3398009
3398262
3398264
3398390
3398463
3398648
3398657
3398738
3398813
3398994
3399076
3399220
3399221
3399257
3399311
3399414
3399538
3399621
3399816
3399883
3400173
3400245
3400464
3400504
3400565
3400916
3400959
3400974
3400991
3401071
3401174
3401381
3401579
3401897
3402229
3402244
3402284
3402545
3402552
3402649
3402754
3402757
3403267
3403407
3403607
3403833
3403903
3404142
3404182
3404183
3404291
3404463
3404491
3404601
3404651
3404750
3404926
3405009
3405120
3405264
3405400
3405527
3405595
3405730
3405855
3406149
3406433
3406620
3406711
3406921
3406983
3406992
3407124
3407198
3407254
3407344
3407735
3407784
3407836
3407875
3408051
3408708
3408751
3408816
3408958
3409131
3409241
3409481
3409712
3409844
3410082
3410170
3410330
3410525
3410562
3410856
3410966
3411095
3411106
3411110
3411320
3411451
3411636
3411756
3411840
3412084
3412162
3412171
3412474
3412485
3412540
3412621
3412716
3412753
3412807
3413094
3413240
3413295
3413296
3413313
3413486
3413701
3413967
3414178
3414211
3414519
3414791
3414922
3415234
3415269
3415451
3415591
3415673
3415893
3415971
3416025
3416064
3416199
3416235
3416280
3416399
3416826
3416888
3416890
3416912
3416994
3417013
3417204
3417284
3417349
3417568
3417625
3417887
3418089
3418115
3418163
3418291
3418308
3418380
3418457
3418522
3418956
3419052
3419066
3419119
3419326
3419610
3419645
3419693
3419754
3419878
3420159
3420501
3421057
3421103
3421314
3421338
3421385
3421617
3421653
3421847
3421911
3421950
3422185
3422269
3422436
3422451
3422550
3422773
3423293
3423905
3423914
3424208
3424354
3424525
3424821
3424939
3424945
3425026
3425042
3425157
3425358
3425378
3425392
3425718
3425772
3425797
3425858
3425930
3425938
3426266
3426297
3426426
3426670
3426712
3426842
3427018
3427337
3427706
3427765
3428100
3428171
3428271
3428318
3428339
3428341
3428477
3428529
3428581
3428675
3428740
3428798
3428849
3428907
3429023
3429335
3429504
3429568
3429597
3429707
3429713
3429863
3429906
3430075
3430168
3430256
3430322
3430817
3430858
3431047
3431131
3431326
3431371
3431699
3431747
3431832
3431896
3431898
3431973
3432039
3432292
3432526
3432559
3432789
3432790
3432852
3432917
3433092
3433552
3433560
3433870
3433980
3434046
3434126
3434371
3434558
3434778
3434893
3435077
3435101
3435121
3435271
3435334
3435493
3435640
3435683
3436110
3436190
3436242
3436383
3436425
3436650
3436755
3436850
3437310
3437639
3437697
3437778
3437805
3438027
3438252
3438266
3438587
3438634
3438741
3438879
3438952
3439141
3439205
3439337
3439389
3439497
3439745
3439882
3439956
3440302
3440488
3441169
3441367
3441372
3441382
3441463
3441543
3441938
3442138
3442174
3442300
3442358
3442471
3442496
3442788
3443050
3443084
3443250
3443960
3444145
3444441
3444524
3444539
3444693
3444804
3444957
3445078
3445102
3445144
3445230
3445361
3445512
3445585
3445715
3445746
3445773
3445999
3446317
3446329
3446452
3446473
3446607
3446717
3446785
3447240
3447241
3447937
3447959
3448018
3448148
3448563
3448867
3449040
3449168
3449408
3449579
3449627
3449651
3449920
3449997
3450086
3450159
3450201
3450419
3450533
3450581
3450635
3450822
3451333
3451451
3451607
3451724
3451742
3451760
3452145
3452500
3452679
3453151
3453159
3453199
3453490
3453507
3453811
3453833
3454023
3454200
3454420
3454633
3454648
3454701
3455010
3455260
3455302
3455651
3455797
3455918
3455955
3456104
3456213
3456312
3456358
3456369
3456522
3456861
3456865
3457070
3457090
3457162
3457178
3457306
3457311
3457552
3457981
3457999
3458222
3458265
3458427
3458724
3459016
3459026
3459440
3459503
3459687
3459966
3460095
3460355
3460397
3460444
3460511
3460916
3460955
3461015
3461057
3461167
3461219
3461301
3461381
3461524
3462052
3462250
3462313
3462363
3462412
3462643
3462936
3462985
3463117
3463197
3463529
3463602
3463715
3463718
3463890
3464231
3464349
3464388
3464681
3464730
3464996
3465145
3465278
3465318
3465490
3465510
3465638
3465727
3466072
3466103
3466360
3466388
3466594
3466870
3467348
3467759
3467768
3467980
3468150
3468201
3468229
3468538
3468865
3468914
3468925
3468961
3468991
3469159
3469272
3469296
3469483
3469599
3469612
3469795
3469945
3469966
3469975
3470000
3470029
3470408
3470473
3470483
3470491
3470952
3471051
3471117
3471206
3471446
3471454
3471593
3471611
3471672
3471766
3472043
3472502
3472546
3472735
3472837
3472863
3472870
3472935
3472971
3473043
3473208
3473303
3473390
3473440
3473530
3473964
3474044
3474468
3474546
3475042
3475097
3475291
3475563
3475620
3475668
3475826
3476065
3476221
3476371
3476668
3476803
3476869
3476958
3476989
3477322
3477387
3477455
3477855
3477904
3478526
3478555
3478681
3478910
3479132
3479154
3479177
3479358
3479444
3479568
3479588
3479663
3479754
3479803
