45
62
161
198
289
705
715
733
797
837
1040
1059
1262
1277
1288
1356
1554
1795
1797
1864
2108
2232
2237
2250
2251
2352
2412
2430
2616
2741
2854
2988
3010
3073
3120
3318
3324
3343
3360
3373
3563
3781
4185
4205
4207
4364
4719
4802
4851
4934
5041
5097
5114
5119
5267
5282
5301
5328
5370
5641
5644
5690
5693
5696
5742
5925
6468
6476
6539
6645
6699
6709
6723
6847
6885
7014
7143
7357
7527
7551
7577
7604
7654
7799
7907
7929
8096
8120
8142
8203
8217
8246
8413
8471
8586
8930
8938
8945
8957
8960
9017
9340
9604
9621
9729
9850
10103
10121
10127
10146
10281
10290
10312
10445
10487
10596
10695
10756
10896
10917
11032
11225
11319
11532
11602
11810
12014
12068
12184
12212
12240
12276
12364
12449
12523
12668
12723
12782
12819
13130
13659
13853
14010
14050
14128
14229
14239
14593
14616
14662
14711
14774
14853
14965
15100
15224
15236
15267
15352
15407
15619
15664
15894
16005
16032
16044
16113
16263
16410
16461
16482
16673
16716
16857
16969
16990
17119
17163
17189
17192
17392
17428
17479
17629
17700
17718
17754
17762
17798
18180
18329
18570
18572
18654
18669
18704
18718
18894
18958
19019
19021
19032
19294
19559
19622
19627
19913
19933
20089
20091
20149
20196
20300
20331
20381
20553
20576
20577
20617
20657
20692
20735
20762
20789
20820
20832
20965
21042
21161
21222
21240
21358
21392
21500
21824
22027
22047
22093
22107
22133
22270
22273
22280
22448
22629
22639
22679
22689
22691
22710
22800
23102
23111
23179
23310
23318
23335
23600
23645
23690
24072
24201
24224
24301
24349
24413
24429
24432
24497
24639
24709
24772
24778
24821
24931
24995
25075
25113
25151
25171
25284
25310
25491
25547
25561
25746
25771
25792
25808
25831
25934
25965
26036
26049
26206
26340
26406
26476
26488
26523
26623
26643
26646
26668
26724
26755
26769
26795
26798
27094
27308
27442
27787
27996
28006
28091
28265
28548
28588
28615
28627
28753
28766
28866
29156
29180
29365
29460
29562
29669
29699
29731
29838
29872
29907
29917
30028
30234
30389
30416
30521
30592
30920
30941
31015
31068
31147
31219
31310
31315
31323
31348
31414
31638
31694
31751
31973
32129
32171
32174
32478
32561
32595
32747
32814
32867
32894
32994
32999
33054
33074
33147
33320
33430
33493
33600
33726
33799
33834
33942
33986
34021
34109
34185
34330
34383
34507
34584
34610
34688
34915
34952
35088
35144
35284
35314
35334
35524
35555
35713
35733
35846
35888
35961
36000
36096
36120
36194
36219
36327
36335
36374
36397
36406
36455
36490
36957
37030
37052
37158
37312
37322
37608
37699
37891
38031
38100
38136
38162
38284
38320
38765
38837
38959
38970
38989
39012
39065
39129
39151
39162
39522
39551
39596
39609
39738
39784
39825
39859
39927
39983
40020
40044
40076
40093
40120
40137
40267
40292
40314
40342
40521
40527
40566
40574
40620
40978
41099
41148
41163
41176
41178
41221
41237
41286
41361
41499
41527
41528
41585
41650
41740
41801
41860
41872
41898
42020
42321
42349
42354
42383
42384
42493
42737
42767
42791
42821
42929
42939
42962
43045
43096
43103
43121
43213
43220
43255
43271
43462
43546
43876
44117
44251
44262
44355
44393
44397
44655
44707
44726
44739
44745
44915
44943
44951
45067
45072
45086
45089
45123
45229
45252
45281
45484
45530
45596
45690
45787
45819
45858
45861
45977
46052
46061
46283
46549
46838
46871
46894
47097
47116
47429
47477
47522
47566
47612
47815
48016
48095
48121
48173
48336
48627
48633
48724
48833
48838
48853
49162
49208
49212
49278
49392
49408
49501
49508
49660
49750
50016
50055
50069
50083
50088
50127
50183
50207
50221
50400
50402
50421
50501
50537
50620
50683
50742
50765
50896
50926
50939
51074
51120
51235
51265
51291
51310
51414
51472
51581
51657
51707
51922
52129
52158
52290
52324
52371
52412
52439
52487
52541
52585
52648
52654
52671
52681
52882
52989
52998
53068
53165
53273
53294
53419
53530
53672
53673
53812
53891
53897
54027
54077
54137
54388
54435
54479
54610
54843
54925
55030
55053
55054
55100
55101
55178
55238
55357
55366
55456
55527
55532
55577
55580
55584
55864
55866
55926
55990
56065
56233
56248
56269
56577
56792
56814
56929
56930
56952
57024
57256
57388
57560
57817
57843
57877
57914
57916
57944
58007
58047
58076
58090
58172
58184
58365
58641
58645
58672
58695
58710
58946
58969
58976
59010
59291
59314
59456
59545
59788
59811
59928
59987
59989
60041
60145
60156
60464
60603
60629
60802
60930
61055
61405
61429
61524
61555
61594
61604
61646
61816
61865
61879
61972
61980
61993
62090
62103
62257
62312
62345
62657
62743
62759
62778
62793
62816
62864
62898
63035
63108
63255
63423
63568
63584
63805
63824
63840
63883
63886
63969
64051
64110
64129
64207
64215
64261
64279
64310
64384
64446
64718
64792
64815
64840
64922
64982
65101
65170
65231
65380
65554
65590
65710
65746
65852
65893
65905
65918
66109
66168
66242
66279
66584
67079
67198
67357
67659
67699
68014
68041
68140
68247
68456
68478
68495
68620
68712
68735
68740
68761
68769
68845
68847
68974
68986
68993
69151
69284
69411
69653
69949
69951
70056
70301
70386
70387
70388
70436
70556
70590
70645
70695
70742
70831
70837
70887
70924
71098
71132
71466
71499
71689
71691
72021
72171
72184
72206
72331
72349
72363
72512
72525
72603
72685
72748
72928
72930
73118
73229
73245
73276
73303
73384
73496
73529
73675
73678
73726
73750
73771
73942
73954
74057
74079
74095
74164
74426
74492
74554
74562
74705
74912
75090
75168
75212
75229
75314
75565
75636
75642
75811
75932
76333
76446
76469
76494
76690
76885
76890
76902
77091
77242
77540
77620
77669
77966
77976
77983
78150
78491
78564
78632
78793
79060
79077
79083
79281
79305
79384
79406
79423
79440
79461
79468
79533
79621
79749
79762
79813
79987
79995
80190
80248
80258
80280
80499
80534
80785
80793
80892
80918
80940
81171
81285
81409
81494
81501
81564
81645
82227
82287
82388
82405
82463
82676
82711
82746
82753
82866
82910
83000
83013
83033
83107
83207
83341
83459
83468
83472
83504
83676
83740
83863
83931
84183
84209
84454
84545
84698
84699
84793
84803
84824
85038
85198
85692
85736
85874
85957
85974
85985
86137
86190
86224
86394
86405
86411
86436
86440
86711
86759
86794
86831
86983
86986
87055
87200
87231
87252
87334
87389
87394
87467
87642
87786
87856
87891
87894
87933
87940
88077
88090
88154
88187
88306
88330
88423
88438
88545
88581
88605
88663
88711
88736
88807
88834
88848
88883
89027
89059
89091
89112
89127
89277
89282
89327
89344
89388
89390
89455
89628
89671
89766
89981
90007
90174
90205
90266
90304
90314
90350
90447
90651
90662
90693
90791
90851
90866
90875
91045
91071
91088
91139
91337
91428
91448
91463
91491
91501
91764
91852
91998
92109
92173
92308
92487
92599
92667
92680
92685
92785
92860
93077
93100
93221
93317
93399
93549
93621
93625
93666
93681
93841
93842
93862
93924
93986
94085
94219
94245
94282
94328
94337
94408
94599
94652
94693
94707
94731
94813
94837
94853
94920
95064
95117
95170
95263
95397
95462
95478
95521
95556
95582
95664
95733
95774
95919
96042
96087
96298
96460
96869
97104
97195
97302
97387
97412
97431
97606
97631
97659
97722
97768
97829
97975
98081
98155
98174
98197
98211
98289
98292
98358
98429
98474
98602
98664
98780
98931
98970
99028
99051
99061
99070
99072
99141
99228
99247
99366
99527
99583
99730
99949
100068
100112
100144
100236
100245
100359
100388
100430
100514
100700
100755
100810
100857
100861
101042
101115
101122
101191
101213
101301
101338
101427
101443
101568
101653
101715
101741
101787
101992
102348
102361
102422
102752
102753
102820
102983
102989
103009
103057
103098
103099
103121
103277
103356
103430
103476
103570
103643
103737
103910
103918
103949
103977
103999
104170
104187
104221
104275
104300
104330
104338
104575
104606
104673
104707
104741
104782
104785
104804
104887
104913
104928
104932
105193
105454
105524
105563
105621
105747
105867
105872
105945
106116
106128
106133
106137
106178
106298
106386
106388
106390
106495
106525
106543
106717
106752
106910
106969
107192
107340
107450
107618
107707
107788
107839
107846
108039
108086
108333
108369
108612
108712
108814
108842
108885
109029
109202
109358
109503
109537
109744
109849
109953
109977
109979
110042
110389
110431
110559
110647
110654
110710
110715
110749
110765
111112
111281
111397
111422
111486
111565
111621
111650
111702
111972
112038
112071
112234
112319
112421
112533
112567
112576
112588
112704
112829
112967
112996
113236
113371
113406
113566
113586
113905
114023
114067
114441
114751
114771
115052
115261
115346
115389
115394
115548
115613
115762
115840
115903
116205
116325
116404
116413
116471
116526
116586
116670
116733
116745
116828
117064
117132
117154
117201
117210
117212
117322
117404
117459
117462
117479
117488
117503
117595
117646
117678
117684
117726
117756
117834
118111
118134
118207
118277
118363
118380
118405
118466
118476
118622
118752
118870
118957
119006
119108
119120
119158
119192
119198
119323
119327
119593
119686
119697
119750
119762
119822
119851
119959
120021
120031
120090
120370
120457
120686
120726
120731
120793
120837
120996
121128
121176
121284
121378
121379
121487
121521
121538
121855
121895
122033
122049
122312
122321
122440
122464
122566
122706
122736
122742
122793
122803
122814
122881
123219
123286
123413
123567
123659
123840
123852
123882
123967
124174
124250
124254
124412
124423
124577
124787
124970
125113
125156
125181
125434
125548
125590
125619
125872
125910
125979
125990
126064
126092
126168
126277
126281
126390
126442
126652
126700
126763
126790
126950
126962
126984
127051
127510
127656
127718
127931
128044
128233
128321
128323
128505
128529
128581
128585
128624
128756
128893
129129
129224
129379
129562
129829
129871
129916
129951
130050
130127
130151
130172
130364
130422
130489
130524
130584
130602
130621
130662
130729
130858
130866
130892
130963
130990
131137
131176
131441
131597
131618
131682
131693
131787
131842
131992
132124
132130
132188
132299
132490
132599
132602
132608
132694
132695
132729
132806
132824
132910
132999
133195
133261
133279
133280
133289
133391
133438
133679
133689
133693
133826
133830
133847
133851
133876
133916
134057
134110
134153
134282
134316
134355
134387
134447
134457
134540
134790
134871
134877
135095
135129
135145
135206
135267
135279
135365
135446
135455
135912
136062
136224
136236
136276
136333
136365
136375
136382
136503
136544
136580
136633
136702
136708
136990
137036
137113
137213
137219
137317
137343
137523
137587
137685
137913
137995
138210
138275
138284
138436
138586
138631
138711
138837
138868
138888
139051
139083
139219
139333
139337
139360
139377
139403
139431
139555
139569
139589
139608
139613
139651
139729
139732
139885
139902
139948
140041
140104
140262
140527
140536
140537
140545
140592
140614
140626
140671
140793
140861
141056
141091
141143
141146
141256
141263
141313
141528
141570
141590
141646
141749
141853
142044
142073
142085
142279
142310
142381
142414
142548
142608
142611
142682
142918
142933
143110
143114
143130
143179
143226
143314
143403
143424
143434
143535
143543
143578
143656
143739
143784
143791
143809
143973
144003
144032
144180
144247
144324
144364
144375
144569
144604
144659
144663
144726
144734
145021
145026
145073
145097
145325
145523
145764
145820
146111
146172
146239
146267
146461
146463
146922
146949
146999
147027
147118
147149
147212
147223
147295
147348
147411
147445
147693
147698
147705
147745
147762
147829
147923
148133
148183
148189
148227
148316
148325
148396
148400
148586
148740
148875
149000
149081
149168
149200
149269
149284
149309
149397
149475
149489
149792
150307
150329
150404
150416
150450
150487
150573
150638
150731
150756
150830
150846
151027
151081
151345
151394
151424
151578
151706
151817
151958
152157
152254
152258
152280
152286
152361
152380
152471
152483
152516
152635
152650
152848
152934
152998
153128
153143
153185
153434
153451
153782
153854
153892
153907
153958
154009
154080
154206
154451
154515
154575
154600
154648
154674
154709
154719
154858
154915
155039
155257
155388
155450
156080
156081
156186
156242
156408
156538
156687
156736
156829
156935
157014
157035
157193
157312
157372
157451
157470
157504
157523
157598
157832
157973
158091
158207
158233
158234
158260
158740
158761
158764
158783
158795
158881
159774
159924
160069
160070
160145
160150
160401
160473
160632
160959
160961
161177
161281
161305
161576
161762
162012
162126
162164
162250
162262
162362
162435
162560
162564
162569
162763
162824
162875
162922
162959
162988
163103
163312
163480
163517
163571
163727
163807
163869
164118
164141
164325
164414
164485
164525
164662
164714
164736
164795
164803
164895
165026
165236
165554
165627
165861
165869
166528
166543
166632
166636
166651
166689
166745
166855
166953
167089
167121
167174
167295
167318
167334
167566
167590
167619
167676
167747
167804
167829
168039
168058
168090
168246
168315
168444
168463
168518
168602
168860
168987
169089
169158
169164
169273
169346
169513
169710
169917
169922
169979
170016
170070
170142
170151
170177
170244
170279
170322
170435
170450
170520
170532
170868
170872
170898
170984
171228
171315
171339
171380
171439
171466
171564
171985
172138
172142
172150
172151
172162
172226
172326
172352
172423
172658
172664
172762
172764
172879
172913
172929
173156
173307
173326
173363
173368
173585
173724
173728
173785
173826
173953
174117
174143
174359
174516
174793
174848
175053
175223
175233
175432
175437
175503
175543
175639
175714
175745
175798
175935
175967
176084
176089
176145
176168
176176
176306
176420
176473
177021
177059
177105
177199
177297
177372
177435
177502
177506
177730
177870
177891
178021
178028
178043
178139
178153
178170
178178
178208
178220
178274
178444
178474
178511
178520
178665
178795
178874
178913
178934
178941
178953
179021
179109
179247
179289
179292
179321
179494
179652
179719
179752
179767
179827
179875
179878
179926
180000
180107
180391
180522
180540
180647
180684
180720
180856
180920
180959
181027
181143
181159
181184
181191
181308
181321
181357
181368
181374
181670
181702
181815
181824
181894
182258
182280
182397
182403
182463
182718
182736
182883
182967
182982
182984
182987
183078
183112
183248
183797
183816
183927
184013
184163
184247
184764
185029
185202
185211
185252
185288
185304
185320
185352
185526
185564
185900
185943
186024
186117
186135
186204
186316
186492
186568
186697
186803
186872
186896
186945
186999
187025
187141
187299
187464
187480
187529
187551
187620
187697
187750
187766
187900
188095
188187
188252
188293
188308
188323
188332
188540
188851
189034
189069
189116
189154
189239
189245
189259
189485
189546
189617
189827
189851
190028
190037
190048
190077
190079
190647
190789
190967
190970
190972
190975
191223
191324
191423
191537
191772
191786
191834
191884
191891
191923
191928
192062
192069
192104
192298
192379
192427
192512
192612
192789
192811
192860
192911
193121
193132
193167
193173
193187
193222
193244
193286
193290
193297
193308
193311
193633
193681
193710
193884
193904
194102
194175
194290
194460
194483
194762
194843
194922
194960
194973
194981
195034
195036
195095
195115
195180
195239
195240
195451
195516
195842
195887
196028
196096
196126
196196
196288
196453
196622
196809
196842
197063
197076
197109
197227
197335
197489
197515
197928
198089
198208
198231
198249
198272
198298
198314
198424
198473
198628
198747
198776
198972
199022
199037
199044
199172
199176
199228
199347
199382
199492
199520
199580
199594
199656
199683
199857
199916
200109
200205
200302
200364
200522
200597
200880
200901
200948
200980
201044
201069
201089
201208
201307
201356
201600
201636
201837
201888
201897
201956
202099
202123
202171
202370
202402
202447
203037
203123
203214
203245
203335
203508
203673
203864
204092
204150
204159
204218
204256
204325
204488
204737
204979
205066
205154
205321
205486
205546
205551
205589
205675
205745
205940
205953
206056
206217
206230
206237
206304
206392
206432
206585
206722
206772
206850
206853
207077
207087
207178
207355
207378
207585
207664
207680
207790
207874
207934
207936
207958
208038
208193
208354
208400
208478
208588
208649
208708
208897
208939
209270
209317
209359
209516
209527
209546
209581
209782
209843
209917
210045
210047
210131
210298
210640
210647
210757
210762
210801
210875
210956
211095
211101
211169
211575
211673
211716
211797
211892
211902
211938
211971
212057
212072
212088
212145
212423
212434
212770
212859
212911
213025
213111
213284
213404
213432
213454
213477
213481
213568
213676
213740
213767
213786
214057
214104
214121
214178
214217
214244
214321
214325
214864
214955
215159
215255
215257
215299
215332
215440
215448
215480
215521
215622
215712
215713
215801
215864
215921
216123
216176
216284
216324
216340
216516
216551
216654
216786
216815
216892
216932
216964
217006
217095
217168
217223
217265
217419
217483
217484
217505
217587
217650
217674
217703
217725
217726
217932
218126
218419
218421
218425
218453
218498
218685
218745
218805
218958
219021
219049
219075
219083
219113
219287
219304
219458
219517
219557
219659
219672
219729
219759
219770
219854
219906
219932
219986
220132
220142
220166
220172
220233
220247
220308
220330
220334
220445
220669
220726
220744
220793
220902
220916
220966
220980
221105
221107
221116
221149
221151
221481
221804
221820
221842
221868
221908
222009
222019
222132
222205
222285
222342
222385
222454
222548
222768
222789
222839
222938
223113
223137
223142
223158
223174
223264
223349
223448
223481
223513
223544
223691
223715
223728
223798
223804
223817
223820
223878
223915
224042
224046
224137
224327
224411
224443
224613
224638
224668
224675
224796
224826
224872
224938
225035
225058
225083
225094
225098
225285
225314
225373
225405
225438
225477
225646
225669
225700
225983
226038
226128
226172
226200
226229
226295
226344
226491
226523
226601
226662
226800
226924
227052
227113
227162
227181
227187
227225
227347
227563
227565
227671
227777
228047
228053
228278
228288
228407
228460
228468
228475
228487
228547
228611
228657
228713
228747
228771
228882
229057
229270
229464
229572
229610
229612
229651
229860
230200
230205
230223
230324
230432
230449
230455
230592
230720
230792
230824
231113
231139
231403
231549
231701
231751
231755
231818
231848
232040
232248
232360
232704
232714
232759
232774
232802
232809
232920
233035
233166
233286
233306
233312
233392
233435
233502
233541
233619
233728
233792
233846
233859
234095
234151
234252
234261
234449
234513
234575
234641
234728
234797
234835
234933
234990
234991
235126
235140
235219
235361
235380
235437
235656
235875
235930
235965
236216
236292
236309
236342
236399
236491
236533
236620
236647
236653
236704
236776
236780
236814
237084
237189
237290
237328
237712
237741
237784
237851
238034
238048
238074
238127
238183
238342
238502
238575
238642
238764
238905
238920
238989
239193
239226
239609
239772
239867
240060
240070
240193
240374
240412
240525
240611
240683
240893
240904
240943
241046
241206
241259
241306
241315
241458
241468
241515
241539
241554
241576
241655
241659
241669
241724
241862
241899
241914
241959
242190
242292
242299
242501
242510
242550
242607
242694
242897
242934
243065
243079
243179
243275
243292
243401
243411
243446
243487
243495
243537
243670
243705
243778
243800
243808
244040
244211
244316
244328
244343
244481
244482
244504
244634
244749
244794
244804
245217
245327
245329
245373
245414
245474
245559
245617
245735
245756
245811
245850
245960
246039
246299
246383
246408
246444
246452
246560
246744
246896
247003
247006
247078
247099
247141
247237
247247
247298
247307
247359
247384
247438
247575
247728
247766
247928
248099
248219
248223
248253
248299
248366
248459
248723
248724
248746
248917
249114
249222
249361
249537
249595
249604
249656
249659
249808
249837
249864
249866
249988
250194
250252
250357
250388
250504
250552
250563
250621
250692
250709
250763
250872
250925
251001
251028
251126
251283
251417
251457
251867
252058
252111
252220
252239
252247
252277
252553
252633
252643
252662
252771
252806
253167
253178
253266
253284
253406
253596
253621
253737
253762
253794
253818
253849
253863
253899
253918
254117
254144
254164
254265
254403
254475
254569
254581
254683
254761
254806
254837
254900
255216
255346
255358
255376
255620
255755
255781
255784
255825
255954
256014
256191
256219
256320
256332
256410
256781
256859
256912
256924
257152
257224
257269
257276
257307
257326
257489
257720
257729
257748
257860
257980
258033
258107
258304
258530
258542
258715
258737
259443
259489
259700
259775
259800
259995
260014
260130
260199
260279
260447
260561
260675
260772
260853
260860
260866
260934
260943
261031
261095
261150
261159
261319
261420
261429
261443
261774
261834
262089
262158
262199
262478
262570
262582
262750
262786
262875
262887
263039
263142
263252
263322
263343
263480
263483
263485
263527
263594
263746
263827
263918
263929
264001
264081
264307
264325
264347
264395
264521
264717
264796
264972
264976
264988
264998
265028
265212
265342
265572
265593
265656
266061
266072
266295
266354
266559
266590
266593
266646
266782
266858
266924
266966
267071
267130
267182
267409
267421
267423
267486
267551
267669
267810
267820
267831
268169
268256
268273
268291
268491
268687
268735
268741
268831
268867
268887
268919
269053
269092
269118
269217
269263
269283
269307
269373
269378
269380
269438
269482
269498
269551
269586
269664
269800
269965
270502
270551
270573
270590
270994
270997
271003
271035
271038
271369
271480
271554
271666
271707
271715
271729
271807
271923
272022
272316
272424
272638
272785
272882
273043
273113
273117
273130
273211
273291
273300
273321
273471
273490
273829
274096
274165
274171
274239
274319
274327
274405
274590
274623
274668
274724
274795
274961
275201
275482
275692
275770
275813
275917
275938
276208
276343
276397
276475
276477
276545
276571
276599
276626
276633
276684
276984
277047
277104
277131
277370
277591
277593
277791
278121
278311
278385
278555
278707
278923
279117
279176
279201
279210
279278
279305
279317
279377
279627
279691
279756
279770
279776
279802
279840
279879
279926
279997
280033
280038
280129
280249
280285
280388
280669
280672
280695
280734
280821
280961
281107
281277
281308
281383
281744
281908
281909
281932
281991
282116
282120
282143
282239
282430
282557
282619
282875
282901
283010
283036
283096
283128
283166
283233
283275
283391
283448
283452
283475
283544
283576
283593
283700
283712
283835
283966
283973
284145
284164
284203
284282
284375
284452
284546
284576
284742
284865
284995
285055
285081
285185
285259
285297
285310
285564
285742
285763
285787
285950
285957
286117
286190
286272
286273
286276
286320
286384
286405
286409
286475
286507
286754
286830
286982
287138
287227
287282
287306
287721
287765
287867
287947
287975
288006
288264
288301
288410
288589
288670
288690
288724
288874
289005
289024
289083
289204
289243
289306
289332
289414
289504
289529
289705
289870
289938
289951
289990
290058
290084
290320
290328
290341
290351
290397
290401
290604
290654
290679
290783
290786
290808
290855
290914
291259
291303
291353
291397
291489
291499
291654
291815
291879
291931
292113
292172
292284
292293
292305
292392
292415
292595
292665
292715
292775
292886
293121
293124
293128
293187
293421
293425
293485
293506
293535
293587
293903
293960
293998
294086
294205
294285
294450
294515
294521
294544
294735
294961
295033
295055
295103
295115
295142
295255
295356
295367
295445
295467
295472
295489
295603
295655
296022
296157
296169
296266
296299
296351
296449
296493
296632
296637
296656
296676
296737
296857
296940
297190
297573
297610
297657
297812
297815
297873
298058
298181
298259
298275
298402
298408
298574
298632
298647
298961
299099
299409
299540
299668
299723
299834
300060
300083
300238
300255
300439
300573
300586
300857
301052
301085
301117
301282
301286
301447
301666
301745
301793
301817
302010
302209
302233
302410
302529
302548
302641
302642
302714
302810
302909
302919
302935
302978
303000
303061
303069
303206
303210
303291
303314
303343
303470
303536
303551
303632
303703
303768
303990
304084
304110
304249
304313
304380
304470
304495
304526
304627
304720
304743
304830
304884
304913
304973
305033
305146
305226
305309
305325
305335
305366
305454
305518
305739
305754
305802
305808
306061
306097
306213
306301
306438
306543
306565
306576
306710
306844
306973
307059
307061
307125
307182
307296
307353
307435
307441
307485
307506
307624
307841
307896
307900
307964
308005
308062
308095
308115
308122
308192
308262
308349
308447
308468
308509
308669
308778
308952
308996
309092
309125
309182
309188
309384
309408
309439
309450
309475
309574
309693
309846
309862
309893
309954
309982
310046
310072
310174
310267
310283
310334
310382
310540
310578
310600
310734
310770
310789
310975
311068
311096
311221
311307
311404
311452
311478
311514
311556
311810
311876
312213
312234
312268
312365
312371
312421
312646
312731
312773
312784
312827
312882
312893
312963
313011
313174
313484
313526
313700
313736
313886
313888
313954
314021
314072
314079
314115
314220
314284
314402
314462
314708
314806
314854
314976
315008
315100
315204
315263
315507
315525
315573
315624
315634
315690
315788
315830
315836
315888
315981
315997
316376
316412
316548
316572
316857
316883
317036
317068
317094
317095
317110
317156
317212
317263
317294
317516
317689
317707
317728
317749
317826
318069
318440
318476
318651
318743
318925
319026
319304
319580
319617
319724
319994
320171
320216
320275
320284
320301
320305
320318
320609
320615
320631
320639
320703
320745
320807
320819
320948
320971
321056
321281
321361
321610
321635
321725
321784
321886
321895
321938
321983
321984
322136
322180
322189
322295
322324
322339
322372
322426
322511
322523
322736
322774
322777
322844
322950
323056
323218
323318
323336
323538
323542
323551
323758
323771
323806
323832
324106
324145
324173
324192
324294
324325
324516
324944
324983
325104
325116
325196
325200
325286
325354
325372
325603
325614
325728
325782
325815
326025
326050
326068
326213
326235
326261
326312
326449
326479
326581
326609
326700
326750
326798
326814
326865
326954
326969
327049
327262
327424
327467
327502
327549
327629
327667
327817
327827
327962
328089
328184
328231
328279
328336
328547
328634
328657
328740
328860
328874
328944
329003
329030
329048
329054
329245
329291
329489
329564
329670
329702
329708
329731
329806
329807
329871
330006
330021
330074
330113
330127
330152
330178
330284
330303
330408
330451
330598
330609
330687
330744
330812
330874
331026
331067
331185
331312
331371
331398
331413
331416
331441
331484
331525
331602
331808
331868
331903
331955
331960
331964
332120
332174
332215
332259
332560
332570
332876
332920
333426
333465
333504
333835
334075
334125
334216
334228
334234
334306
334381
334472
334490
334588
334617
334667
334728
334957
334961
335065
335093
335154
335373
335541
335563
335663
335715
335725
336051
336084
336095
336391
336569
336573
336621
336790
336807
336843
336920
336944
337018
337102
337254
337278
337358
337369
337452
337572
337705
337755
337869
338015
338071
338108
338258
338610
338719
338734
338890
338896
338937
338977
339069
339558
339580
339900
339946
340034
340086
340128
340144
340283
340374
340425
340523
340670
340867
340995
341059
341150
341166
341172
341201
341446
341547
341552
341559
341603
341695
341700
341702
341716
341853
341964
341982
342024
342040
342190
342598
342606
342711
342891
343044
343408
343427
343431
343558
343610
343716
343729
343757
344026
344036
344059
344094
344133
344361
344377
344379
344440
344447
344448
344518
344605
344692
344854
344896
344946
344999
345088
345208
345236
345255
345358
345399
345429
345444
345474
345593
345649
345891
346287
346318
346360
346398
346588
346728
346763
346837
346872
346944
346945
347084
347166
347278
347296
347326
347418
347583
347586
347663
347695
347706
347829
347894
347904
347910
347967
347969
347995
348065
348069
348223
348289
348496
348551
348745
348791
348798
348848
348894
349092
349093
349168
349194
349317
349319
349364
349388
349405
349443
349444
349486
349780
349791
349916
349962
349970
349984
349987
349998
350033
350090
350233
350243
350300
350378
350406
350529
350533
350570
350656
350678
350692
350770
350824
350967
350988
351141
351146
351165
351311
351356
351640
351782
351862
351903
352019
352048
352127
352273
352274
352328
352401
352429
352463
352475
352745
352897
352916
352987
353053
353101
353131
353199
353259
353349
353546
353825
353851
353871
353890
354001
354009
354086
354124
354492
354546
354549
354618
354679
354680
354854
354890
354912
354928
355029
355052
355084
355127
355143
355199
355275
355318
355320
355415
355418
355448
355595
355661
355772
355794
355795
355799
355891
355945
355982
356043
356174
356199
356201
356292
356301
356462
356509
356523
356567
356756
356805
356961
356988
357044
357052
357132
357404
357438
357447
357527
357550
357615
357658
357733
357736
357810
357876
357944
358098
358214
358248
358276
358361
358427
358583
358639
358685
358697
359007
359026
359028
359104
359143
359167
359177
359245
359251
359274
359291
359310
359446
359462
359490
359531
359730
359802
359918
360235
360355
360473
360487
360754
360788
360842
360846
360984
361011
361058
361070
361147
361194
361234
361345
361480
361646
361671
361770
361847
361923
361945
361971
362176
362178
362207
362535
362610
362757
362761
362858
362932
362945
363010
363069
363115
363153
363294
363375
363533
363568
363602
363699
363786
363820
363973
364050
364092
364201
364422
364435
364556
364586
365019
365075
365202
365207
365481
365531
365560
365686
366046
366105
366212
366252
366311
366493
366627
366631
366652
366970
367006
367086
367109
367137
367237
367259
367560
367620
367658
367713
367736
367824
368007
368045
368054
368067
368119
368151
368372
368384
368451
368506
368591
368648
368667
368675
368780
368782
369023
369057
369066
369077
369110
369407
369445
369460
369475
369536
369558
369641
369937
369998
370116
370137
370182
370228
370297
370421
370471
370512
370549
370631
370642
370656
370686
370810
370820
370900
371093
371094
371128
371192
371236
371305
371369
371496
371604
371698
371977
372055
372087
372175
372207
372250
372278
372501
372562
372592
372658
372669
373021
373126
373130
373151
373179
373342
373361
373377
373435
373445
373473
373585
373715
373944
373991
374201
374204
374424
374463
374488
374504
374602
374732
374770
374778
374791
374819
374834
374847
374882
374887
374891
374933
375096
375111
375268
375281
375459
375533
375553
375780
375924
376108
376109
376136
376294
376407
376475
376542
376562
376567
376598
376893
376936
376980
377133
377180
377218
377299
377434
377466
377514
377565
377571
377902
377971
378183
378644
378660
378687
378694
378877
378889
378926
379177
379371
379391
379479
379566
379623
379712
379807
379850
379921
380037
380090
380127
380236
380273
380395
380406
380434
380486
380588
380685
380745
380988
381086
381168
381251
381257
381277
381291
381459
381464
381470
381626
381741
381782
381843
382217
382251
382273
382378
382412
382519
382555
382587
382718
382737
382960
382980
383108
383196
383219
383320
383384
383411
383421
383524
383575
383658
383677
383718
383760
383829
383892
383982
384052
384060
384169
384274
384285
384311
384326
384546
384885
384892
384912
385078
385109
385264
385343
385350
385357
385447
385546
385734
385785
385865
385919
386220
386234
386408
386462
386552
386592
386637
386668
386676
386830
386864
387133
387348
387367
387378
387560
387693
387916
387920
387980
388029
388106
388148
388283
388298
388305
388432
388687
388897
389005
389025
389080
389165
389184
389189
389211
389271
389382
389436
389463
389529
389558
389580
389583
389604
389697
390081
390176
390192
390235
390252
390288
390309
390354
390418
390470
390662
390837
390941
390948
390956
390964
391025
391079
391148
391174
391321
391620
391713
391714
391732
391963
392071
392129
392146
392181
392184
392195
392258
392260
392304
392373
392378
392498
392500
392501
392627
392681
392747
392763
392774
392903
392919
392961
393010
393080
393081
393097
393136
393144
393158
393204
393230
393291
393337
393391
393460
393538
393542
393576
393588
393684
393753
393758
393768
393785
393889
394044
394144
394313
394370
394511
394529
394539
394610
394645
394647
394649
394671
394716
394727
394871
394886
394902
394998
395027
395094
395096
395194
395361
395457
395472
395542
395697
395727
395781
395906
395975
396057
396256
396383
396557
396567
396641
396673
396716
396967
397285
397302
397397
397447
397724
397735
397956
398073
398091
398259
398313
398386
398433
398504
398536
398553
398571
398589
398772
398794
399019
399045
399072
399106
399304
399313
399356
399402
399458
399502
399611
399635
399719
399896
399925
400103
400163
400172
400403
400454
400457
400466
400504
400698
400801
400871
400955
401013
401044
401087
401236
401274
401479
401484
401669
401753
401826
401844
401845
401948
401962
402014
402071
402318
402427
402623
402736
402913
402930
403106
403336
403478
403518
403618
403798
403893
403963
403993
404024
404162
404273
404335
404357
404553
404573
404580
404761
404822
404904
404970
405038
405096
405114
405120
405253
405506
405582
405627
405646
405690
405730
405753
405934
405952
405999
406096
406188
406249
406311
406338
406377
406471
406496
406500
406631
406834
406878
406919
406937
407000
407262
407275
407339
407457
407584
407599
407715
407716
407908
408088
408130
408225
408294
408405
408435
408445
408469
408526
408657
408770
408877
408945
408973
409017
409551
409573
409716
410033
410061
410071
410090
410198
410271
410318
410337
410519
410573
410597
410648
410692
410735
410753
410942
410947
410995
411075
411081
411505
411523
411536
411708
411763
411910
411915
411945
411988
412005
412079
412100
412266
412468
412688
412748
412989
413052
413077
413094
413210
413321
413359
413440
413448
413509
413518
413550
413629
413709
413757
413806
413868
413925
414131
414158
414385
414452
414626
414650
414761
414774
414776
414859
415133
415145
415361
415375
415659
415704
415945
415961
415983
416053
416075
416119
416124
416149
416185
416241
416326
416349
416471
416769
416846
416867
416873
417003
417124
417417
417489
417505
417653
417693
417742
417793
417866
417995
418022
418025
418075
418199
418234
418283
418301
418438
418439
418458
418511
418519
418565
418923
418936
419198
419213
419235
419288
419315
419384
419390
419455
419550
419579
419592
419604
419753
419808
419887
420023
420401
420462
420509
420624
420674
420768
420884
420978
420980
420982
421032
421042
421058
421071
421178
421236
421261
421289
421366
421370
421419
421460
421576
421754
421821
421901
422094
422098
422140
422246
422407
422414
422655
422722
422730
422733
422755
422900
423003
423041
423045
423059
423095
423317
423351
423731
423789
423832
424000
424276
424296
424527
424573
424605
424639
424780
424825
424831
424866
425347
425412
425450
425499
425620
425748
425770
425884
425928
426089
426241
426277
426482
426488
426568
426710
426735
426751
426869
427078
427394
427467
427498
427670
427747
428127
428246
428540
428561
428656
428658
428666
428708
428775
428818
428870
428905
428909
428923
428969
429027
429033
429040
429111
429173
429253
429360
429396
429416
429495
429637
429639
429644
429825
429878
429904
429958
429978
430089
430249
430329
430443
430477
430503
430508
430541
430609
430668
430744
430807
430877
430999
431039
431268
431344
431348
431417
431455
431546
431551
431569
431571
431656
431749
431810
431823
431933
432196
432633
432741
432758
432765
432801
432844
432919
432944
432982
433227
433242
433289
433344
433381
433439
433472
433598
433628
433823
433943
433977
434009
434135
434136
434154
434159
434333
434348
434408
434465
434469
434488
434502
434543
434623
434717
434724
434833
434906
434909
434915
435039
435046
435118
435282
435377
435400
435440
435506
435602
435617
435658
435786
435893
435944
436009
436056
436094
436100
436105
436289
436316
436356
436373
436451
436483
436511
436583
436714
436921
437029
437091
437105
437215
437249
437359
437471
437547
437613
437642
437673
437677
437827
437850
437954
437969
437998
438081
438187
438549
438715
438739
438802
438832
438867
438868
439202
439335
439602
439617
439624
439639
439784
439821
439919
440035
440170
440173
440198
440328
440355
440399
440433
440503
440588
440728
441069
441210
441242
441298
441332
441525
441529
441681
441735
441893
442006
442069
442120
442151
442155
442165
442228
442549
442580
442686
442831
442953
443059
443073
443122
443136
443148
443192
443292
443351
443370
443432
443455
443460
443529
443645
443696
443729
444119
444188
444191
444288
444310
444317
444344
444382
444426
444497
444502
444647
444672
444780
444802
444805
444880
444884
444996
445041
445061
445171
445254
445286
445350
445625
445678
445819
445885
445937
446188
446240
446241
446273
446293
446409
446434
446464
446561
446678
446777
446841
446874
447031
447200
447420
447616
447679
447756
447765
447841
448079
448115
448116
448145
448238
448413
448450
448453
448565
448590
448613
448632
448663
448786
448818
448834
448896
448956
449255
449573
449600
449674
449738
449778
449870
449881
449965
449985
450212
450553
450783
450849
450924
450951
450994
451009
451057
451389
451481
451516
451534
451535
452107
452112
452137
452140
452370
452375
452462
452503
452646
452788
452826
453095
453239
453306
453428
453484
453623
453680
453817
453832
453891
453893
454159
454209
454547
454590
454606
454630
454670
454767
454941
454959
454972
455031
455112
455139
455211
455332
455353
455367
455387
455408
455428
455487
455754
455840
456023
456049
456114
456171
456254
456342
456489
456767
456866
456907
456984
457156
457303
457372
457616
457630
457842
458072
458104
458132
458189
458332
458355
458420
458485
458553
458595
458745
458772
458837
458893
459142
459156
459163
459247
459303
459428
459728
459829
459899
459969
459985
460125
460160
460169
460226
460344
460634
460664
460729
460753
460781
460890
461078
461125
461140
461241
461263
461276
461286
461356
461466
461481
461576
461689
462150
462194
462514
462556
462588
462715
462834
462892
463006
463049
463117
463217
463233
463273
463278
463280
463443
463452
463498
463544
463605
463766
463830
463833
464084
464115
464153
464170
464185
464264
464278
464329
464404
464438
464572
464646
464787
464969
464972
465042
465108
465127
465181
465401
465428
465430
465553
465880
465896
465943
466053
466087
466090
466101
466167
466269
466281
466714
466731
466750
466759
466763
466910
467138
467253
467467
467592
467666
467668
467736
467775
468074
468077
468219
468263
468367
468379
468469
468591
468595
468870
469137
469227
469298
469383
469399
469478
469532
469582
469607
469632
469635
469637
469704
469803
469924
470009
470107
470187
470229
470263
470440
470462
470507
470542
470666
470717
470814
470958
471276
471323
471347
471349
471417
471427
471593
471677
471709
471793
472118
472236
472381
472398
472404
472414
472630
472860
472922
472950
473226
473385
473446
473635
473759
473921
473945
474014
474247
474362
474378
474481
474499
474528
474594
474922
474955
474956
475042
475052
475496
475526
475540
475658
475711
475744
475769
475838
475874
475877
475939
476005
476020
476110
476196
476234
476605
476632
476716
476821
476824
476921
476946
477087
477152
477158
477224
477261
477376
477518
477555
477568
477616
477620
477628
477644
477665
477671
477680
477682
477788
477823
478037
478115
478177
478189
478200
478247
478272
478319
478395
478513
478574
478622
478687
478711
478993
479141
479188
479204
479307
479444
479530
479536
479590
479610
479650
479763
480089
480098
480105
480115
480203
480267
480295
480314
480344
480448
480682
480760
481176
481214
481286
481328
481465
481514
481661
481687
481721
481941
482058
482097
482127
482166
482186
482262
482308
482309
482659
482712
482794
482861
482917
482926
482939
482959
483063
483118
483196
483352
483432
483453
483541
483693
483700
483708
483920
484015
484052
484211
484582
484830
484843
484900
484930
485039
485040
485043
485153
485236
485281
485293
485484
485588
485650
485765
485998
486006
486084
486108
486112
486603
486611
486737
486815
486827
486847
486904
486999
487042
487159
487189
487207
487232
487242
487266
487272
487398
487462
487478
487581
487597
487756
487833
487861
487961
488013
488080
488099
488139
488216
488334
488371
488427
488675
488829
488857
489366
489402
489549
489583
489607
489609
489613
489749
489803
489847
489873
489878
489897
490125
490182
490259
490350
490352
490362
490384
490412
490415
490449
490488
490533
490665
490859
490861
490897
491056
491079
491093
491141
491358
491450
491510
491689
491740
491782
491884
492011
492057
492117
492143
492168
492348
492404
492567
492640
492685
492814
492832
493200
493263
493293
493304
493392
493397
493469
493607
493792
493918
494189
494284
494358
494453
494456
494580
494660
494677
494705
494871
495063
495111
495242
495305
495315
495380
495413
495447
495557
495562
495632
495774
495839
496027
496030
496059
496188
496270
496679
496706
496851
496876
496928
497033
497126
497128
497186
497187
497356
497440
497461
497472
497565
497686
497772
497853
497949
497982
498186
498230
498268
498329
498426
498491
498591
498661
498711
498783
498798
498897
498963
499418
499569
499587
499605
499711
499794
499822
499856
500151
500188
500231
500347
500425
500429
500585
500605
500669
500712
500816
500938
500942
500957
500974
501074
501169
501429
501471
501551
501555
501563
501570
501661
501672
501712
502020
502056
502060
502081
502102
502111
502117
502300
502602
502627
502655
502713
502835
503044
503143
503155
503240
503343
503451
503616
503717
503734
503771
503852
503930
504022
504146
504147
504239
504514
504540
504596
504781
504985
505194
505268
505322
505362
505375
505412
505425
505486
505673
505720
505763
505903
506077
506109
506219
506241
506286
506442
506456
506625
506661
506723
506949
507008
507202
507211
507271
507307
507440
507449
507483
507572
507647
507657
507873
507883
508016
508094
508095
508101
508127
508189
508407
508475
508542
508735
508766
508797
508916
508960
509075
509113
509379
509522
509566
509661
509683
509779
509853
509859
509871
509874
509950
510024
510116
510254
510298
510395
510423
510509
510541
510571
510712
510813
510922
511005
511204
511281
511350
511384
511405
511431
511563
511609
511652
511682
511717
511740
511757
511764
511813
511823
511837
511878
511937
512063
512118
512368
512479
512549
512581
512978
512982
513282
513370
513888
514022
514046
514181
514435
514439
514586
514601
514728
514908
515050
515090
515093
515104
515147
515310
515434
515446
515463
515483
515527
515567
515644
515672
515818
515875
515973
516085
516152
516199
516473
516582
516768
516876
516901
516923
517032
517135
517315
517328
517331
517413
517448
517566
517596
517610
517628
517792
517806
517878
517913
518134
518201
518487
518571
518648
518754
518756
518834
518873
519000
519021
519238
519284
519516
519666
519752
519762
519989
520029
520122
520145
520170
520290
520321
520584
520749
520757
520776
520777
520853
521013
521262
521277
521279
521382
521654
521869
521919
522067
522131
522242
522313
522358
522408
522836
522908
522998
523062
523137
523185
523238
523285
523292
523399
524180
524321
524379
524552
524554
524560
524587
524802
524960
524991
525054
525145
525465
525483
525630
525669
525824
525955
526198
526367
526404
526406
526427
526655
526704
526961
527060
527110
527171
527181
527351
527463
527492
527626
527719
527791
527816
527870
527900
527932
528020
528204
528208
528240
528243
528322
528579
528752
528841
528874
528916
529090
529254
529335
529620
529720
529847
529982
530047
530173
530381
530387
530388
530395
530569
530719
531080
531081
531092
531121
531330
531335
531382
531555
531569
531631
531650
531692
531950
532029
532091
532243
532265
532327
532403
532450
532477
532546
532653
532682
532917
532972
533097
533195
533196
533197
533272
533406
533408
533525
533565
533928
533981
533986
534303
534378
534439
534496
534559
534631
534638
534673
534685
534851
535133
535145
535182
535313
535314
535330
535476
535573
535933
536060
536270
536340
536536
536697
536717
536918
537078
537309
537414
537433
537462
537525
537530
537552
537687
537922
537943
538100
538105
538212
538409
538511
538595
538817
538872
539161
539275
539306
539316
539445
539513
539602
539627
539691
539729
539745
539836
539871
539918
539956
540069
540219
540338
540405
540659
540912
540929
540989
541138
541199
541384
541441
541500
541583
541902
542155
542327
542573
542599
542704
542735
542828
542864
542947
542996
543174
543297
543360
543385
543412
543435
543530
543786
543872
543877
544151
544314
544341
544354
544412
544422
544464
544552
544642
544678
544679
544701
544708
544720
544723
545048
545192
545197
545278
545337
545350
545444
545474
545517
545604
545729
545872
545918
546128
546269
546279
546483
546741
546915
546923
546957
546987
546991
547007
547074
547486
547557
547682
547747
547759
547799
547894
547921
547936
548026
548035
548053
548114
548239
548262
548269
548278
548322
548513
548518
548622
548674
548765
548827
548833
549013
549185
549286
549357
549543
549710
549716
549726
549745
549932
549941
549971
550157
550298
550479
550502
550612
550744
550751
550923
550942
550943
550968
551169
551223
551286
551353
551458
551561
551747
551773
551790
551850
551953
552063
552122
552126
552179
552185
552193
552212
552228
552407
552439
552444
552463
552682
552713
552720
552734
552882
553048
553093
553095
553113
553163
553232
553297
553306
553342
553520
553640
553667
553819
553965
553991
554244
554584
554604
554667
554703
554711
554769
554934
555021
555073
555132
555195
555197
555550
555560
555569
555589
555686
555739
555870
556151
556174
556177
556240
556304
556367
556373
556395
556444
556735
556756
556811
556874
556892
556942
557165
557192
557366
557583
557612
557795
557886
557945
557997
558080
558123
558168
558267
558349
558357
558462
558599
558676
558802
558831
558834
558932
559513
559518
559716
559718
559798
559937
560185
560203
560242
560265
560287
560326
560387
560467
560483
560529
560698
560716
561069
561106
561380
561433
561494
561531
561838
561853
561860
562112
562131
562135
562243
562576
562635
562928
563006
563009
563080
563122
563386
563738
563850
564041
564049
564081
564136
564161
564335
564432
564634
564636
564658
564663
564690
564730
564772
564810
564998
565040
565125
565127
565201
565267
565353
565369
565400
565458
565562
565566
565668
566021
566028
566072
566079
566139
566252
566474
566526
566584
566690
566996
567001
567350
567361
567371
567390
567640
567727
567846
567866
567940
568024
568268
568282
568290
568410
568503
568822
568848
568851
568863
568882
568940
569058
569132
569180
569279
569525
569799
569829
569906
569974
570040
570093
570177
570548
570552
570625
570635
570659
570692
570760
570804
570857
570878
571057
571108
571162
571229
571284
571364
571733
571778
571819
571838
571904
571975
572010
572057
572303
572319
572347
572433
572443
572618
572652
572702
572705
572711
572744
572789
572813
572814
572995
573013
573024
573111
573454
573511
573757
573798
573799
573988
574093
574209
574231
574250
574265
574323
574324
574337
574387
574397
574520
574527
574700
574704
574730
574743
574853
574940
574955
575052
575175
575212
575284
575315
575409
575475
575554
575678
575754
575873
575935
576027
576258
576384
576392
576398
576438
576579
576763
576819
576863
576913
577059
577137
577201
577407
577688
577765
577865
577891
577892
578232
578337
578391
578439
578513
578562
578770
578789
578854
578860
578887
578889
578911
579094
579251
579293
579346
579401
579646
579825
580024
580057
580322
580452
580497
580566
580640
580799
580907
580985
581028
581078
581226
581244
581249
581272
581377
581463
581613
581649
581733
581783
581786
581862
582095
582184
582188
582333
582344
582384
582395
582550
582580
582602
583003
583045
583098
583144
583395
583471
583510
583623
583758
583760
583881
584081
584211
584247
584256
584364
584496
584581
584602
584643
584654
584710
584724
584801
584879
585078
585234
585398
585522
585538
585539
585560
585805
585890
585918
586028
586141
586148
586214
586270
586316
586431
586610
586792
586885
586914
586987
586988
587132
587205
587225
587320
587379
587450
587503
587584
587623
587665
587810
587971
587988
588024
588090
588302
588420
588518
588587
588685
588708
588775
588778
588834
588916
588925
588930
588931
589197
589319
589615
589631
589659
589712
589804
589851
589861
589870
589982
590159
590180
590285
590293
590315
590316
590387
590442
590443
590492
590534
590618
590633
590731
590758
590807
590956
590957
591146
591171
591219
591362
591407
591528
591570
591663
591673
591676
591855
591892
592156
592379
592848
592912
592938
592964
593000
593176
593251
593261
593496
593729
593731
594135
594167
594182
594251
594282
594284
594411
594580
594621
594745
594808
594883
594894
594978
595099
595118
595173
595260
595497
595714
595758
595763
595789
595832
595843
596077
596105
596139
596205
596213
596474
596542
596706
597042
597048
597100
597158
597197
597285
597474
597492
597605
597667
597684
597808
597844
597891
597964
598314
598329
598371
598608
598835
598868
598886
598931
598958
599030
599066
599067
599085
599117
599187
599658
599718
599814
600008
600009
600133
600189
600340
600344
600391
600413
600549
600586
600587
600648
600710
600807
600809
600881
601059
601091
601272
601386
601474
601502
601526
601567
601570
601638
601718
601832
601912
601957
601967
602032
602343
602371
602408
602520
602632
602683
602738
602763
602803
602842
602895
602903
602924
602964
603073
603167
603247
603603
603616
603685
603688
603750
603764
603882
603963
604094
604127
604199
604275
604291
604425
604682
604711
604767
604947
605048
605092
605185
605291
605326
605360
605376
605580
605749
605875
605945
606004
606037
606203
606290
606325
606340
606484
606522
606524
606560
606647
606681
606683
606756
606874
606876
606963
607490
607818
607999
608043
608109
608276
608311
608313
608483
608618
608640
608781
608851
608867
608886
608917
609392
609459
609593
609606
609780
610058
610076
610089
610142
610181
610217
610444
610459
610521
610603
610621
610645
610719
610805
610927
610995
611004
611058
611250
611296
611439
611472
611695
611713
611718
611766
611796
611862
611973
612063
612067
612120
612122
612196
612607
612611
612670
612735
612935
613062
613135
613200
613207
613229
613299
613307
613399
613403
613465
613559
613667
613750
613799
613860
613872
613925
614094
614125
614171
614286
614302
614367
614381
614400
614440
614559
614851
614917
614953
615099
615189
615221
615309
615495
615502
615748
615791
615821
615862
616397
616630
616782
616821
616860
616871
616991
617049
617216
617245
617413
617495
617516
617587
617624
617687
617736
617857
617932
618032
618083
618108
618142
618189
618286
618525
618529
618548
618566
618569
618646
618841
618980
619020
619050
619052
619340
619453
619554
619590
619665
619745
619843
620036
620051
620069
620200
620205
620342
620506
620508
620615
620632
620652
620712
620758
620849
621324
621399
621433
621615
621672
621728
621777
621808
621831
621929
622106
622205
622324
622380
622440
622517
622527
622564
622797
622844
623077
623108
623375
623542
623548
623557
623567
623607
623702
623710
624025
624125
624139
624194
624202
624318
624324
624358
624448
624513
624593
624614
624675
624778
624831
624841
624955
624960
624990
624991
625039
625053
625055
625226
625316
625358
625364
625419
625606
625621
625790
625792
626011
626089
626334
626366
626372
626490
626574
626645
626696
626730
626736
626845
626852
626913
626938
626962
626967
626985
627009
627141
627148
627403
627722
627928
627940
627957
627958
628089
628139
628239
628282
628336
628595
628637
628724
628771
628915
628977
629019
629023
629051
629099
629138
629158
629171
629280
629376
629435
629708
629798
629845
629885
629886
629957
630023
630174
630175
630199
630225
630383
630545
630582
630626
630692
630700
630900
630907
631029
631184
631353
631450
631584
631636
631640
631653
631719
631808
631821
631840
631868
632031
632324
632349
632389
632577
632644
632847
632959
633073
633106
633538
633639
633759
633925
633935
634127
634196
634267
634308
634385
634450
634603
634697
634806
634881
635147
635215
635258
635310
635322
635349
635368
635383
635445
635503
635608
635668
635725
635795
635908
636141
636235
636248
636675
636680
636705
636893
637105
637150
637154
637164
637268
637382
637430
637446
637505
637602
637653
637713
637804
637865
637883
637997
638032
638033
638164
638173
638195
638226
638261
638474
638654
638759
638921
638946
639066
639126
639640
639719
639837
639901
639932
640008
640017
640058
640065
640331
640369
640405
640407
640424
640472
640497
640610
640715
640770
640784
640801
640823
640844
640892
640975
641028
641031
641241
641293
641300
641334
641461
641520
641542
641595
641600
641833
641845
641952
641994
642125
642191
642334
642352
642358
642454
642492
642516
642592
642601
642741
642765
643109
643133
643160
643235
643251
643284
643369
643456
643469
643510
643602
643762
643896
643906
643909
643974
644013
644174
644247
644503
644701
644819
644843
645026
645087
645399
645435
645471
645473
645915
645916
645956
646063
646183
646215
646225
646250
646266
646718
646966
647012
647157
647159
647183
647200
647203
647276
647428
647455
647471
647606
647657
647659
647759
647974
648045
648055
648070
648081
648093
648144
648189
648303
648426
648434
648492
648623
648624
648726
648745
648764
648772
648825
648888
649089
649122
649239
649330
649499
649598
649611
649660
649679
649791
649883
650030
650129
650226
650253
650352
650625
650650
650693
650837
650970
650994
651161
651246
651279
651365
651556
651604
651665
651976
651999
652079
652132
652163
652255
652267
652376
652464
652750
652898
652980
653001
653029
653040
653163
653206
653295
653341
653360
653469
653703
653728
653754
653799
653986
654054
654144
654224
654237
654335
654358
654417
654649
654894
655017
655104
655109
655139
655200
655323
655356
655448
655637
655761
655791
655882
655935
655942
656103
656144
656145
656288
656332
656424
656661
656720
656888
656982
657075
657076
657079
657133
657147
657184
657203
657401
657526
657603
657700
657714
657938
657974
658013
658036
658091
658152
658274
658308
658310
658430
658466
658487
658536
658579
658660
658828
658927
659025
659055
659168
659174
659342
659354
659786
659908
659935
660027
660158
660218
660248
660286
660330
660407
660423
660526
660688
660790
660791
660863
660954
661067
661122
661152
661198
661303
661461
661502
661558
661577
661581
661633
661644
661713
661722
661886
661888
661927
661960
662101
662124
662129
662161
662536
662591
662632
662639
662789
663066
663183
663208
663223
663304
663324
663326
663665
663791
663869
664044
664242
664370
664504
664671
664732
665020
665060
665203
665249
665391
665548
665620
665858
665954
665960
666039
666122
666132
666215
666256
666349
666352
666508
666619
666685
666761
666763
666779
666880
666949
667051
667079
667099
667113
667138
667180
667209
667383
667386
667404
667539
667612
667732
667736
667790
667906
667930
667978
668292
668360
668442
668667
668727
668740
668741
668856
668926
669014
669181
669387
669419
669483
669595
669696
669800
669847
669945
669967
670190
670300
670345
670402
670477
670540
670766
670831
670862
670954
671003
671053
671212
671439
671444
671690
671753
671943
671950
672008
672152
672210
672245
672283
672393
672433
672565
672707
672750
672905
673256
673304
673537
673647
673747
673936
673972
674241
674302
674352
674368
674426
674486
674494
674496
674524
674538
674637
674698
674707
674804
674849
674893
674911
674912
674942
674953
675149
675331
675340
675375
675428
675479
675494
675553
675739
675800
675801
675802
675891
676040
676074
676425
676469
676472
676484
676555
676671
676690
676815
676829
676850
676857
676903
676914
677060
677082
677143
677188
677326
677354
677601
677662
677735
677790
677872
677899
677972
678107
678175
678262
678304
678394
678508
678835
678964
679114
679116
679335
679363
679368
679579
679630
679652
679664
679758
679824
679942
680006
680065
680133
680340
680347
680385
680484
680630
680682
680739
680868
680941
680973
681239
681287
681361
681374
681441
681631
681693
681788
681863
681941
682024
682165
682301
682503
682617
682647
682761
682784
682861
682868
682962
683040
683048
683081
683190
683192
683238
683286
683756
683773
683797
683904
683949
684062
684083
684155
684167
684323
684385
684460
684660
684718
684735
684831
684890
684945
685033
685053
685159
685210
685241
685251
685272
685489
685610
685648
685662
685910
685963
685967
686048
686153
686256
686374
686402
686492
686613
686655
686731
686738
686748
686784
686806
686925
687117
687203
687232
687241
687281
687342
687556
687690
687696
687769
687961
688065
688109
688145
688215
688381
688400
688434
688740
688762
688880
689278
689338
689341
689374
689913
690222
690261
690378
690397
690494
690503
690764
690871
690962
690968
691053
691195
691244
691304
691396
691483
691529
691586
691701
691735
691828
691958
692130
692221
692353
692419
692429
692527
692550
692622
692740
692924
693076
693105
693257
693273
693457
693484
693528
693562
693567
693599
693613
693894
693963
694254
694382
694385
694739
694782
694855
694862
694870
694881
694919
694968
695080
695122
695232
695338
695470
695658
695711
695811
695816
695851
695864
695876
696272
696353
696446
696470
696615
696649
696732
696811
696837
696857
696861
696930
697107
697301
697358
697454
697669
697859
697886
697968
698196
698297
698372
698485
698488
698562
698589
698958
699005
699022
699031
699045
699120
699272
699298
699465
699603
699706
699758
699798
699845
699923
699931
699961
700009
700047
700054
700324
700455
700719
700729
700800
700814
700819
700972
701069
701105
701117
701210
701219
701220
701262
701378
701543
701591
701791
701884
701917
701958
702022
702050
702092
702123
702146
702173
702213
702222
702238
702320
702370
702497
702545
702649
702664
702698
702717
702780
702799
702815
702871
702873
702887
702935
702979
703105
703166
703528
703565
703615
703678
703733
704021
704181
704197
704239
704438
704458
704515
704594
704751
704799
705140
705272
705339
705347
705407
705508
705776
705912
705940
705987
706009
706030
706238
706260
706326
706378
706405
706465
706488
706561
706746
706767
706801
706830
706868
706925
707136
707200
707428
707449
707472
707582
707614
707641
707649
707661
707797
707930
708011
708083
708199
708212
708240
708394
708395
708445
708473
708475
708607
708733
708758
708805
708844
708875
708932
709015
709163
709186
709194
709268
709360
709463
709599
709621
709631
709657
709692
709740
709767
709795
709983
710007
710115
710153
710166
710194
710326
711061
711140
711449
711517
711735
711754
711858
711958
712067
712113
712159
712233
712248
712410
712601
712604
712698
712815
712852
712903
712980
713156
713201
713263
713281
713375
713413
713455
713581
713606
713715
713939
713962
714012
714054
714066
714078
714100
714161
714249
714470
714505
714866
714872
715072
715094
715145
715312
715695
715706
715742
715748
715752
715772
715811
715840
715842
715906
715976
716096
716219
716249
716293
716372
716464
716490
716559
716561
716603
716671
716771
716814
716964
716992
717176
717218
717304
717382
717461
717467
717595
717602
717615
717640
717686
717710
717742
717798
718033
718093
718161
718290
718310
718377
718383
718480
719015
719247
719272
719287
719393
719409
719609
719721
719913
719961
720018
720032
720136
720767
721233
721534
721544
721568
721692
721956
722002
722094
722108
722140
722205
722269
722302
722356
722819
722933
723105
723156
723205
723207
723270
723281
723295
723347
723434
723508
723709
723811
723902
724204
724212
724228
724314
724361
724434
724436
724507
724511
724582
724586
724649
724722
724768
724787
724802
724811
724880
725010
725109
725171
725273
725290
725531
725593
725746
725798
725825
725849
725961
726031
726072
726273
726299
726397
726438
726531
726634
726719
726842
726996
727003
727011
727073
727104
727295
727360
727606
727709
727771
727971
728083
728131
728163
728217
728338
728447
728450
728520
728597
728674
728773
728930
728964
728967
728986
728999
729180
729193
729311
729374
729517
729628
729657
729689
729713
729738
729793
729795
729933
730115
730150
730170
730291
730403
730502
730531
730540
730546
730626
730632
730690
730717
730997
731135
731245
731435
731483
731533
731888
731933
731965
731966
732350
732410
732456
732473
732625
732641
732661
732719
732786
732933
733006
733018
733098
733327
733438
733460
733631
734008
734013
734052
734137
734164
734187
734279
734300
734306
734468
734502
734588
734714
734945
735090
735115
735132
735186
735279
735511
735651
735856
735932
736115
736244
736272
736370
736377
736518
736579
736606
736812
736849
736903
736923
736926
736970
736973
737024
737155
737382
737393
737456
737509
737682
737736
737790
737832
737914
738044
738056
738108
738214
738312
738437
738541
738752
738879
738903
739011
739062
739092
739118
739145
739216
739345
739388
739488
739565
740037
740127
740201
740547
740560
740568
740579
740868
741024
741072
741115
741308
741433
741755
741770
741921
742290
742399
742428
742439
742624
742654
742675
742759
742779
742954
743078
743142
743182
743210
743273
743400
743527
743539
743596
743733
743818
743842
743960
744107
744212
744295
744418
744463
744835
744858
744874
744895
745001
745056
745202
745269
745277
745440
745485
745549
745556
746029
746253
746407
746464
746540
746655
746667
746802
746906
747269
747313
747386
747400
747543
747797
747964
748075
748214
748372
748597
748645
748710
748949
749054
749071
749271
749533
749555
749877
749907
749944
749955
749968
750128
750136
750154
750308
750411
750478
750505
750509
750562
750579
750805
750895
750908
751276
751348
751385
751584
751646
751840
751880
751996
752047
752171
752213
752258
752417
752430
752441
752627
752723
752735
752867
752923
752978
753209
753552
753590
753871
754091
754102
754561
754573
754731
754747
754865
754938
755062
755067
755089
755106
755178
755204
755304
755371
755388
755420
755652
755686
755755
755811
755815
755850
755980
755995
756060
756464
756526
756636
756877
756991
757031
757200
757288
757370
757448
757554
757710
757933
758015
758021
758077
758078
758104
758174
758223
758332
758340
758544
758548
758585
758636
758670
758726
758859
758901
758939
758990
759002
759066
759146
759172
759780
759990
760017
760085
760098
760107
760361
760803
760861
760884
760921
760974
760983
761119
761180
761208
761293
761339
761385
761446
761480
761498
761603
761624
761752
761778
761820
761892
761972
762078
762141
762376
762528
762530
762565
762574
762634
762649
762806
762816
762903
762950
763024
763027
763047
763071
763121
763185
763322
763502
763575
763655
763715
763854
763906
764192
764345
764455
764786
764828
764829
764865
765015
765045
765096
765103
765175
765432
765492
765782
766056
766060
766143
766347
766414
766615
766657
766721
766762
766828
766937
766961
767016
767034
767142
767387
767440
767746
767794
767886
767892
767922
768142
768198
768297
768336
768420
768553
768613
768742
768934
768984
768989
769111
769236
769373
769399
769760
769788
769823
769923
769949
769973
770026
770267
770312
770621
770743
770782
770987
771039
771063
771071
771081
771221
771296
771310
771314
771360
771401
771440
771675
771690
771716
772010
772019
772036
772320
772691
772694
772732
772894
773086
773436
773473
773493
773505
773713
773731
774007
774018
774136
774184
774188
774258
774277
774279
774294
774482
774519
774610
774769
774818
774850
774896
774913
775059
775082
775185
775279
775353
775560
775634
775706
775744
775912
775992
776108
776147
776353
776382
776555
776756
776772
776853
776854
776890
776949
776990
776998
777047
777096
777140
777213
777302
777310
777504
777659
777746
777756
777875
778034
778072
778116
778176
778245
778501
778611
778622
778803
778804
778815
778907
779094
779164
779271
779398
779415
779433
779612
779690
779702
779798
779810
779849
779870
779891
780160
780420
780455
780617
780633
780637
780832
780873
780921
781008
781020
781093
781193
781460
781473
781560
781692
781770
781893
781912
781931
782027
782070
782084
782223
782367
782380
782469
782749
782989
783409
783497
783584
783593
783660
783753
783810
783850
784004
784032
784053
784112
784250
784318
784459
784508
784514
784546
784734
784841
784845
784923
784990
785017
785278
785311
785323
785363
785623
785665
785767
786146
786272
786422
786592
786609
786620
786626
786811
786828
786908
786919
787000
787057
787061
787136
787226
787307
787833
787841
787913
787936
787956
788106
788107
788123
788189
788194
788224
788254
788275
788281
788393
788458
788487
788702
788728
788913
788916
788957
789033
789198
789317
789319
789534
789588
789804
789871
789986
790086
790093
790099
790136
790139
790294
790606
790676
790917
791014
791082
791137
791156
791516
791547
791562
791594
791641
791838
791852
791942
792014
792075
792081
792287
792329
792360
792372
792537
792600
792727
792789
792924
792985
792993
793017
793088
793208
793297
793355
793439
793450
793545
793559
793622
793674
793738
793827
793868
794192
794236
794240
794286
794357
794362
794434
794609
794753
794769
795095
795103
795188
795435
795439
795470
795511
795520
795583
795604
795639
795664
795725
796098
796236
796365
796389
796468
796606
796965
797029
797081
797088
797170
797202
797288
797430
797447
797467
797908
797964
798165
798217
798258
798271
798272
798298
798353
798378
798445
798463
798488
798502
798581
798745
798879
799003
799161
799322
799777
799830
799870
799872
799985
800023
800184
800313
800486
800533
800584
800649
800692
800710
800861
800893
800974
801002
801186
801272
801400
801556
801615
801756
801782
801816
801865
802063
802083
802212
802268
802340
802351
802378
802395
802415
802535
802561
802586
802649
802716
802906
802945
803161
803188
803263
803291
803330
803373
803441
803613
803644
803826
803980
804026
804368
804389
804442
804613
804628
804676
804886
804917
804972
805110
805199
805208
805224
805490
805513
805553
805687
805884
805922
805940
805942
806232
806244
806274
806305
806540
806627
806706
806928
807061
807169
807311
807414
807415
807531
807616
807684
807729
807825
807842
807949
807995
808010
808063
808133
808246
808386
808430
808588
808791
808918
809009
809024
809190
809331
809437
809574
809624
809827
809937
810006
810147
810200
810243
810533
810655
810672
810734
810844
810915
810982
811124
811154
811157
811202
811384
811392
811394
811558
811587
811682
811740
811745
811768
811861
811948
811951
812031
812294
812298
812331
812493
812624
812821
812825
812914
812948
812995
813079
813103
813146
813220
813275
813345
813368
813397
813519
813721
813905
813941
814234
814324
814620
814630
814721
814745
814757
814761
815070
815163
815226
815227
815458
815540
815546
815559
815651
815750
815813
815905
815992
816134
816158
816341
816409
816413
816448
816506
816620
816679
816701
817026
817034
817065
817109
817190
817228
817258
817459
817555
817692
817704
817753
818226
818238
818334
818480
818496
818521
818579
818873
819009
819148
819188
819310
819386
819404
819413
819474
819582
819661
819683
819856
819960
820003
820087
820109
820139
820563
820596
820633
820683
820690
820828
820847
820903
821063
821068
821123
821158
821489
821565
821832
821857
821992
822027
822224
822440
822469
822830
822831
823035
823095
823301
823392
823409
823440
823495
823503
823547
823607
823797
823840
823925
824168
824292
824337
824339
824428
824585
824588
824593
824622
824989
825050
825061
825271
825289
825295
825367
825442
825605
825617
825672
825736
825791
825922
826078
826172
826205
826318
826430
826436
826504
826575
826639
826647
826664
826678
826811
826841
826968
826970
827039
827109
827294
827395
827429
827507
827520
827524
827546
827604
827606
827616
827644
827665
827674
827709
827884
827891
828326
828379
828404
828414
828555
828611
828619
828660
828746
828802
828910
828953
829036
829128
829143
829246
829366
829507
829553
829680
829899
829986
830065
830317
830421
830560
830597
830634
830637
830731
830743
830752
830879
830935
831112
831199
831286
831289
831342
831372
831435
831486
831487
831528
831679
831692
831869
831907
832090
832107
832117
832137
832205
832338
832341
832441
832494
832536
832591
832694
832785
832796
833521
833535
833557
833625
833833
833839
833855
833995
834054
834151
834270
834284
834298
834368
834462
834659
834854
835084
835192
835337
835455
835467
835833
835915
835972
836035
836129
836227
836253
836258
836363
836458
836463
836492
836685
836736
836831
836928
836965
837139
837216
837252
837348
837609
837694
837756
837921
838004
838017
838112
838199
838362
838572
838681
838749
838772
838819
839150
839192
839220
839549
839698
839792
839945
839987
840001
840002
840163
840353
840402
840687
840739
840812
840877
840962
841027
841052
841100
841192
841317
841348
841593
841888
841956
841958
842005
842090
842098
842118
842169
842204
842212
842338
842589
842595
842625
842715
842826
842940
843067
843076
843339
843368
843453
843581
843730
843787
843797
844149
844254
844265
844326
844333
844337
844522
844708
844730
844770
844876
844907
845073
845280
845346
845402
845491
845522
845590
845682
845737
845800
845832
845856
845933
845992
846157
846176
846280
846361
846559
846658
846701
846800
846827
846836
846961
847141
847213
847344
847688
847691
847725
847802
847987
848081
848178
848190
848247
848394
848455
848490
848618
848686
848746
848773
848777
849084
849130
849200
849234
849250
849254
849366
849457
849685
849762
849873
850011
850131
850199
850209
850255
850420
850499
850582
850652
850788
850850
850866
851092
851096
851172
851215
851337
851339
851444
851538
851673
851717
851816
851852
852010
852107
852267
852284
852659
852740
852847
853006
853045
853086
853229
853411
853485
853750
853903
853940
853983
854232
854256
854436
854494
854609
854616
854620
854692
854722
854801
854815
854824
854826
854833
855049
855194
855457
855460
855517
855527
855645
855760
855773
855852
855877
855893
856116
856135
856231
856233
856568
856627
856871
856990
857069
857105
857118
857390
857488
857575
857599
857876
857923
857935
858004
858169
858313
858376
858443
858501
858512
858532
858656
858682
858688
858725
858748
858885
859006
859098
859146
859189
859223
859233
859261
859368
859611
859805
859865
859868
859973
859995
860026
860135
860261
860288
860324
860352
860378
860618
860788
860795
860816
860832
860936
860951
861010
861045
861132
861170
861176
861202
861212
861302
861307
861466
861471
861573
861750
861898
861915
861943
862086
862254
862270
862362
862473
862500
862637
862798
862960
863095
863268
863472
863489
863509
863548
863555
863582
863645
863806
863819
863892
863921
863939
863994
864015
864021
864180
864298
864327
864401
864430
864435
864521
864586
864624
864831
864890
865003
865074
865088
865290
865311
865629
865693
865834
865870
865907
865914
865934
866038
866042
866138
866237
866248
866427
866562
866718
866791
866866
866885
866951
866958
867026
867304
867376
867391
867430
867456
867463
867518
867528
867601
867616
867691
867724
867987
868227
868331
868603
868647
868743
868809
868916
868930
868940
868973
869048
869136
869181
869442
869570
869616
869638
869857
870021
870136
870315
870459
870602
870611
870617
870710
870802
870885
871079
871085
871213
871598
871903
871933
871959
872024
872102
872429
872437
872520
872607
872832
872885
872931
872997
873013
873043
873098
873172
873173
873252
873292
873461
873552
873595
873783
873821
873829
874069
874116
874121
874269
874312
874382
874398
874404
874415
874484
874522
874750
874783
874808
874886
874956
875019
875048
875208
875289
875359
875368
875408
875433
875462
875533
875651
875693
875705
875722
875732
876175
876211
876212
876244
876249
876327
876412
876697
876731
876771
876900
876978
877103
877144
877222
877354
877369
877383
877487
877708
877887
877903
878180
878214
878251
878252
878289
878374
878559
878697
878806
878939
879119
879163
879214
879370
879406
879658
879665
879913
880016
880086
880098
880189
880218
880288
880295
880618
880627
880653
880744
880838
880956
880977
881082
881114
881265
881294
881581
881790
881824
881980
882092
882190
882217
882385
882576
882782
882902
882908
883006
883505
883528
883530
883559
883602
883615
883644
883705
883723
883906
883957
883987
884058
884104
884174
884204
884213
884367
884508
884662
884906
884920
885071
885350
885494
885529
885586
885692
885725
885820
885822
885830
885897
885927
886180
886186
886350
886454
886615
886659
886661
886840
886879
886931
887077
887157
887292
887393
887430
887635
887665
887679
887900
887990
888077
888081
888129
888182
888239
888241
888287
888416
888500
888538
888625
888653
888829
888939
888985
889130
889262
889300
889354
889365
889420
889421
889615
889654
889862
889871
889929
890023
890045
890141
890284
890405
890493
890495
890638
890753
890757
891042
891318
891322
891338
891348
891447
891682
891697
892149
892221
892243
892250
892254
892288
892362
892452
892513
892669
892779
892901
893202
893244
893349
893378
893548
893558
893628
893840
893966
893971
894184
894212
894327
894341
894419
894424
894554
894645
894736
894850
894908
895191
895221
895299
895323
895459
895483
895618
895858
895869
895872
895895
895905
895966
896055
896195
896224
896407
896420
896481
896542
896557
896847
896941
897163
897182
897210
897313
897367
897502
897508
897655
897776
897930
898108
898466
898694
898699
898826
898849
898898
898986
899003
899215
899222
899305
899376
899434
899507
899581
899670
899791
899914
899998
900091
900342
900387
900482
900492
900557
900737
900896
900901
900907
900982
901076
901334
901482
901485
901512
901624
901661
901715
901821
901956
902073
902082
902147
902220
902352
902500
902692
902698
902737
902754
902958
903200
903304
903324
903405
903472
903628
903761
903765
903775
903828
903969
904010
904032
904062
904068
904178
904190
904336
904439
904494
904827
904897
905031
905214
905236
905247
905267
905288
905396
905435
905475
905557
905584
905607
905671
905800
905863
905956
905988
906011
906067
906336
906616
906672
906785
906884
907069
907152
907197
907375
907416
907601
907636
907679
907775
907780
908188
908212
908285
908291
908387
908434
908488
908514
908522
908567
908630
909053
909093
909208
909261
909386
909418
909434
909473
909521
909550
909556
909806
909832
910148
910238
910254
910446
910455
910465
910478
910727
910838
910878
910883
911131
911203
911253
911322
911355
911387
911415
911718
911852
911971
912099
912252
912318
912421
912435
912436
912446
912540
912547
912557
912558
912630
912709
912957
913229
913410
913523
913531
913582
913634
913812
913887
914080
914091
914125
914158
914161
914172
914174
914330
914506
914781
914812
914834
914877
914921
915082
915237
915345
915372
915390
915406
915672
915772
915856
916017
916018
916065
916087
916116
916365
916512
916584
916607
916654
917171
917201
917445
917625
917669
918002
918112
918181
918206
918222
918223
918336
918394
918474
918497
918521
918529
918605
918712
918980
919139
919639
919659
919671
919843
919942
920068
920232
920355
920358
920374
920456
920582
920681
920708
920832
921051
921064
921155
921189
921413
921463
921487
921577
921797
922040
922218
922478
922482
922603
922685
922712
922787
922827
922981
922992
923014
923108
923344
923412
923425
923497
923579
923631
923698
923811
923995
924090
924168
924191
924200
924240
924272
924292
924297
924425
924433
924537
924565
924598
924664
924765
924801
925068
925072
925096
925272
925505
925616
925628
925758
925845
925875
926038
926145
926156
926429
926479
926523
926528
926654
926727
926818
926884
926974
927001
927079
927159
927297
927514
927547
927696
927879
927981
928083
928190
928224
928396
928489
928510
928515
928575
928609
928615
928663
928712
928740
929064
929084
929176
929398
929636
929660
929766
929807
929829
929976
930095
930192
930198
930226
930264
930267
930290
930308
930333
930355
930372
930396
930643
930732
931000
931103
931142
931251
931285
931307
931337
931376
931471
931495
931568
931600
931652
931719
931739
931763
931789
931860
931911
931983
932123
932271
932296
932433
932608
932680
932726
932799
933083
933310
933503
933862
933925
933926
933992
934065
934076
934199
934224
934415
934419
934436
934471
934479
934493
934706
934814
934938
935015
935158
935208
935263
935267
935381
935704
935785
935841
935850
935851
935934
936053
936113
936117
936444
936520
936587
936588
936741
936851
936882
936890
936981
937020
937193
937249
937316
937363
937384
937462
937567
937575
937598
937633
937701
937772
937901
938003
938012
938152
938163
938193
938318
938373
938609
938653
938691
938695
938800
938816
938821
939066
939205
939395
939489
939764
939824
939893
939956
939963
940133
940197
940254
940490
940535
940542
940657
940732
940755
940800
941101
941210
941341
941512
941544
941665
941685
941704
941747
941803
941968
941985
942242
942385
942410
942467
942515
942522
942562
942806
942825
942849
942898
942994
943042
943070
943120
943140
943145
943159
943193
943358
943713
943834
943996
944190
944193
944206
944267
944331
944446
944501
944577
944628
944772
944783
944828
944850
944932
944978
945119
945144
945176
945185
945327
945422
945501
945519
945614
945632
945802
945845
945868
945917
945920
945984
946096
946166
946213
946355
946472
946514
946560
946642
946727
946771
946964
946981
947018
947094
947098
947160
947166
947505
947547
947555
947782
947892
948120
948142
948238
948450
948467
948484
948558
948566
948600
948776
948832
948888
949177
949340
949355
949396
949407
949560
949568
949793
949894
949993
950152
950228
950255
950311
950360
950411
950679
950732
950733
950743
951257
951326
951379
951432
951524
951535
951565
951663
951805
951815
952037
952072
952083
952118
952333
952354
952442
952861
952934
953135
953246
953270
953316
953363
953440
953502
953515
953606
953644
953677
953832
953861
954019
954291
954337
954390
954411
954629
954728
954836
954904
955036
955115
955136
955200
955279
955288
955318
955380
955455
955636
955714
955731
955736
955776
955867
955917
955935
955969
956167
956193
956203
956219
956480
956492
956560
956598
956925
957033
957035
957074
957084
957158
957221
957377
957596
957636
957693
957707
957724
957729
957880
957986
958038
958060
958109
958140
958202
958228
958276
958420
958564
958569
958641
958642
958677
958678
958703
958831
958850
958886
959071
959072
959107
959240
959355
959426
959534
959640
959746
959886
960018
960044
960336
960359
960556
960759
960803
960856
960911
961088
961113
961127
961138
961411
961551
961573
961906
961933
962002
962068
962300
962304
962386
962493
962690
962808
962872
962877
963006
963026
963082
963110
963123
963288
963489
963550
963571
963642
963681
963727
964042
964142
964159
964232
964383
964470
964523
964677
964681
964685
964692
964824
964875
964898
964903
965116
965125
965146
965174
965225
965384
965526
965597
965610
965646
965747
965927
965938
966181
966183
966221
966264
966296
966510
966512
966726
966981
967022
967082
967117
967192
967219
967447
967815
967840
968073
968086
968299
968319
968341
968371
968450
968513
968561
968685
968686
968722
968901
968964
969038
969114
969137
969141
969262
969597
969603
969794
969814
969955
969999
970017
970037
970075
970101
970360
970508
970555
970991
971083
971148
971152
971170
971201
971277
971325
971630
971671
971696
971776
972081
972275
972296
972393
972603
972645
972830
972865
972925
973130
973169
973196
973219
973275
973357
973371
973560
973870
973914
974319
974369
974511
974601
974684
974709
974713
974791
974860
975096
975227
975392
975472
975548
975571
975575
975631
975679
975794
975865
975932
975951
976131
976132
976329
976332
976443
976511
976545
976571
976592
976594
976720
976734
977044
977115
977174
977190
977330
977383
977443
977506
977621
977693
977712
978030
978088
978243
978290
978318
978351
978357
978637
978816
978841
978903
979417
979484
979530
979708
979755
979788
979790
979888
980535
980669
980784
980857
980995
981073
981131
981281
981514
981575
981628
981648
981714
981813
982026
982056
982063
982087
982404
982543
982876
982991
983268
983325
983352
983489
983545
983644
983648
983941
984067
984143
984183
984188
984560
984602
985112
985154
985275
985349
985365
985430
985431
985433
985545
985565
985780
985851
985893
985908
985965
986029
986059
986118
986187
986211
986241
986311
986338
986634
986710
986743
986825
986953
987003
987018
987173
987441
987627
987641
987714
987759
987825
987867
988036
988548
988650
988670
988752
988829
988907
988926
988935
989113
989277
989279
989519
989613
989683
989720
989865
989922
990011
990074
990081
990115
990149
990209
990278
990296
990306
990614
990634
990647
990673
990849
990859
990881
990896
991084
991143
991216
991237
991248
991359
991517
991580
991800
991851
991871
992069
992099
992148
992381
992476
992480
992637
992680
992693
992748
992759
992797
992841
992966
993012
993106
993175
993249
993375
993777
994020
994058
994102
994149
994246
994261
994409
994422
994465
994514
994517
994615
994651
994741
994950
994991
995023
995039
995058
995071
995085
995183
995371
995485
995589
995748
995881
995952
995980
996103
996147
996213
996820
996821
997101
997123
997211
997212
997227
997304
997397
997529
997716
997826
997865
997902
998039
998064
998085
998155
998157
998252
998255
998362
998385
998495
998545
998548
998654
998707
998729
998787
998851
998871
998881
998954
999133
999562
999676
999720
999810
999887
999983
1000131
1000133
1000187
1000367
1000486
1000513
1000686
1000845
1001174
1001210
1001338
1001354
1001409
1001515
1001519
1001528
1001554
1001619
1001718
1001859
1001992
1002072
1002099
1002252
1002424
1002573
1002641
1002689
1002691
1002804
1002925
1002973
1002975
1003067
1003175
1003353
1003499
1003582
1003627
1003703
1003943
1004093
1004177
1004338
1004350
1004373
1004384
1004453
1004485
1004561
1004993
1005029
1005035
1005067
1005178
1005614
1005697
1005802
1005878
1006021
1006353
1006372
1006426
1006629
1006728
1006761
1007066
1007114
1007197
1007205
1007237
1007409
1007569
1007608
1007622
1007649
1007666
1007774
1008161
1008333
1008477
1008709
1008716
1008810
1008906
1008950
1009209
1009242
1009282
1009323
1009340
1009439
1009449
1009499
1009518
1009567
1009666
1009766
1009806
1009861
1009986
1010163
1010197
1010300
1010327
1010349
1010387
1010436
1010588
1010663
1010871
1010909
1011054
1011198
1011277
1011369
1011401
1011779
1011803
1011859
1011896
1011996
1012035
1012444
1012452
1012555
1012695
1012705
1012795
1013103
1013300
1013362
1013780
1013916
1013941
1014067
1014105
1014152
1014168
1014190
1014225
1014340
1014657
1014732
1014736
1014758
1014770
1014800
1014833
1014869
1014871
1014924
1014984
1015024
1015049
1015366
1015485
1015539
1015931
1016055
1016161
1016340
1016775
1016806
1016956
1017127
1017208
1017213
1017322
1017397
1017406
1017472
1017514
1017623
1017730
1017754
1017790
1017877
1017985
1018026
1018174
1018364
1018405
1018603
1018613
1018761
1018836
1018859
1018897
1018949
1019012
1019033
1019371
1019482
1019525
1019766
1019931
1020002
1020044
1020146
1020278
1020358
1020499
1020548
1020610
1020693
1020827
1020916
1020933
1021013
1021025
1021159
1021224
1021243
1021315
1021317
1021440
1021479
1021501
1021599
1021613
1021800
1021835
1021867
1021967
1021969
1022115
1022163
1022191
1022263
1022320
1022372
1022388
1022613
1022713
1022761
1023002
1023036
1023252
1023300
1023362
1023396
1023468
1023497
1023651
1023672
1023778
1023802
1023804
1023884
1023912
1024054
1024072
1024224
1024440
1024554
1024641
1024742
1024752
1024844
1024913
1024938
1025104
1025108
1025198
1025212
1025219
1025435
1025671
1025736
1025985
1026045
1026054
1026111
1026219
1026315
1026362
1026512
1026553
1026583
1026720
1026824
1026955
1027176
1027329
1027344
1027413
1027418
1027441
1027516
1027609
1027614
1027816
1027824
1027860
1028158
1028358
1028531
1028579
1028937
1028961
1029055
1029057
1029134
1029207
1029290
1029344
1029506
1029555
1029594
1029597
1029707
1029822
1029900
1029959
1030000
1030127
1030171
1030400
1030404
1030579
1030651
1030780
1030983
1030989
1031061
1031106
1031168
1031239
1031295
1031335
1031339
1031343
1031382
1031498
1031712
1031754
1031755
1031949
1032089
1032310
1032422
1032529
1032793
1032994
1033109
1033150
1033258
1033362
1033363
1033501
1033621
1033933
1033973
1034023
1034098
1034126
1034216
1034247
1034374
1034483
1034535
1034678
1034690
1034775
1034865
1034866
1035170
1035183
1035344
1035392
1035487
1035585
1035715
1035803
1035893
1035958
1036038
1036141
1036149
1036232
1036268
1036309
1036326
1036381
1036401
1036488
1036503
1036676
1036741
1036931
1037117
1037191
1037235
1037239
1037310
1037386
1037457
1037502
1037535
1037605
1037625
1037857
1037953
1038139
1038478
1038504
1038527
1038599
1038892
1039004
1039087
1039282
1039308
1039309
1039342
1039430
1039471
1039583
1039747
1039791
1040123
1040180
1040231
1040234
1040320
1040340
1040609
1040794
1040913
1040968
1041008
1041034
1041240
1041290
1041377
1041455
1041559
1041734
1041738
1041882
1041911
1041928
1042018
1042108
1042226
1042313
1042549
1042788
1042804
1042957
1043011
1043153
1043214
1043266
1043347
1043575
1043672
1043735
1043866
1043870
1044163
1044248
1044405
1044414
1044456
1044566
1044689
1044780
1044815
1044921
1045353
1045381
1045428
1045431
1045440
1045474
1045531
1045647
1045650
1045663
1045747
1045906
1046042
1046216
1046274
1046499
1046503
1046543
1046574
1046702
1046745
1046764
1046800
1046839
1046849
1047184
1047229
1047330
1047434
1047443
1047461
1047668
1047756
1047773
1047812
1047954
1047980
1048032
1048036
1048038
1048099
1048164
1048196
1048403
1048434
1048445
1048542
1048721
1048793
1048881
1048988
1049040
1049119
1049272
1049276
1049308
1049361
1049420
1049659
1049813
1049874
1049911
1050041
1050244
1050252
1050282
1050336
1050369
1050447
1050542
1050578
1050629
1050705
1050817
1050822
1050990
1051009
1051017
1051031
1051217
1051224
1051226
1051246
1051409
1051441
1051519
1051558
1051569
1051606
1051658
1051744
1051944
1052081
1052231
1052470
1052830
1052920
1052968
1053013
1053090
1053354
1053381
1053382
1053437
1053496
1053510
1053569
1053580
1053611
1053685
1053713
1053803
1053998
1054035
1054084
1054257
1054481
1054512
1054660
1054705
1054904
1054967
1054999
1055033
1055037
1055140
1055189
1055222
1055338
1055431
1055469
1055615
1055771
1055936
1056081
1056106
1056144
1056200
1056227
1056291
1056838
1056897
1057211
1057236
1057239
1057361
1057414
1057482
1057524
1057527
1057670
1057706
1057771
1057916
1058237
1058372
1058432
1058450
1058459
1058716
1058831
1059050
1059067
1059207
1059228
1059307
1059369
1059501
1059690
1059719
1059750
1059783
1059914
1060091
1060206
1060377
1060463
1060591
1060691
1060705
1060748
1060818
1060846
1060965
1060970
1061081
1061147
1061168
1061195
1061213
1061274
1061448
1061611
1061714
1061769
1061997
1062045
1062216
1062291
1062550
1062585
1062609
1062620
1062626
1062787
1062861
1063004
1063263
1063344
1063370
1063500
1063898
1063967
1063989
1064201
1064219
1064279
1064289
1064356
1064374
1064381
1064409
1064557
1064605
1064636
1064680
1064691
1064699
1064748
1064816
1064919
1065114
1065240
1065549
1065553
1065701
1065798
1065812
1065935
1065940
1065998
1065999
1066023
1066045
1066100
1066109
1066199
1066203
1066235
1066292
1066308
1066343
1066393
1066667
1066840
1066870
1067054
1067056
1067171
1067250
1067252
1067345
1067404
1067457
1067635
1068133
1068244
1068298
1068481
1068507
1068509
1068577
1068584
1068683
1068692
1068760
1068779
1068807
1068830
1068982
1069028
1069214
1069219
1069359
1069483
1069512
1069746
1069835
1069853
1069919
1070044
1070225
1070395
1070451
1070456
1070466
1070477
1070766
1070885
1070898
1070960
1071055
1071182
1071235
1071299
1071371
1071395
1071446
1071614
1071646
1071652
1071658
1071703
1071790
1071800
1071958
1072004
1072033
1072130
1072134
1072175
1072208
1072260
1072564
1072565
1072638
1072697
1072700
1072772
1072833
1072851
1073069
1073245
1073349
1073371
1073396
1073404
1073434
1073513
1073544
1073581
1073766
1073875
1073939
1074026
1074137
1074219
1074223
1074238
1074357
1074423
1074540
1074667
1074736
1074787
1074842
1074889
1075028
1075042
1075072
1075136
1075260
1075340
1075421
1075451
1075536
1075672
1075837
1075938
1075947
1076046
1076052
1076175
1076236
1076251
1076368
1076471
1076481
1076544
1076595
1076621
1076692
1076978
1077409
1077488
1077724
1077776
1077866
1077868
1077980
1078028
1078035
1078073
1078089
1078138
1078241
1078242
1078252
1078598
1078600
1078601
1078710
1079019
1079160
1079285
1079291
1079331
1079431
1079556
1079646
1079674
1080140
1080275
1080431
1080435
1080530
1080791
1080816
1080891
1080962
1081010
1081041
1081122
1081134
1081142
1081171
1081202
1081225
1081240
1081279
1081290
1081299
1081487
1081522
1081525
1081568
1081622
1081810
1081827
1081945
1082099
1082122
1082154
1082251
1082296
1082385
1082415
1082429
1082705
1082788
1082810
1082875
1082894
1082920
1083056
1083354
1083448
1083547
1083562
1083608
1083854
1083856
1084008
1084070
1084100
1084185
1084213
1084248
1084264
1084424
1084555
1084621
1084626
1084668
1084758
1084870
1084887
1084956
1084966
1084994
1085012
1085116
1085149
1085405
1085552
1085616
1085836
1085840
1086060
1086073
1086074
1086531
1086536
1086566
1086607
1086610
1086717
1086736
1086780
1086922
1087160
1087400
1087663
1087715
1087987
1088046
1088135
1088222
1088245
1088360
1088599
1088779
1088918
1088956
1089155
1089179
1089251
1089442
1089456
1089473
1089663
1089814
1089963
1090094
1090104
1090168
1090207
1090275
1090336
1090617
1090702
1090728
1090753
1090763
1090832
1090937
1091016
1091070
1091123
1091234
1091535
1091588
1091852
1091857
1091858
1091911
1092067
1092210
1092271
1092517
1092521
1092711
1092769
1092961
1092994
1093087
1093135
1093149
1093331
1093373
1093403
1093440
1093744
1093863
1093921
1093929
1094077
1094085
1094262
1094306
1094312
1094323
1094391
1094428
1094443
1094557
1094560
1094786
1094938
1095099
1095151
1095308
1095448
1095451
1095465
1095480
1095550
1095552
1095631
1095717
1095720
1095848
1095928
1096079
1096090
1096148
1096281
1096302
1096396
1096397
1096615
1096661
1096801
1096866
1096998
1097079
1097130
1097138
1097167
1097182
1097377
1097453
1097546
1097641
1097658
1097838
1097847
1097876
1097900
1097973
1098002
1098015
1098155
1098156
1098201
1098304
1098366
1098525
1098746
1098832
1098851
1098857
1098954
1099000
1099012
1099169
1099226
1099283
1099355
1099404
1099460
1099473
1099508
1099528
1099634
1099637
1099797
1099837
1099853
1099896
1099932
1099970
1100201
1100328
1100364
1100586
1100735
1100745
1100797
1100872
1100902
1100924
1101248
1101259
1101333
1101334
1101370
1101412
1101425
1101493
1101734
1101764
1101818
1101829
1101897
1102113
1102310
1102388
1102520
1102555
1102667
1102811
1102850
1102924
1102981
1103290
1103358
1103373
1103418
1103471
1103482
1103540
1103641
1103664
1103694
1103756
1103933
1103958
1104100
1104109
1104168
1104193
1104197
1104567
1104595
1104634
1104718
1104818
1104888
1104933
1105112
1105198
1105276
1105307
1105311
1105392
1105453
1105478
1105519
1105549
1105550
1105603
1105649
1105874
1105986
1106002
1106203
1106219
1106375
1106436
1106677
1106784
1106811
1106831
1106870
1106919
1107084
1107161
1107254
1107286
1107306
1107691
1107779
1107781
1107803
1107992
1108146
1108376
1108391
1108488
1108529
1108571
1108602
1108655
1108689
1108795
1108797
1108826
1108831
1109094
1109108
1109146
1109199
1109454
1109517
1109711
1109787
1109794
1109841
1109844
1110029
1110111
1110455
1110554
1110569
1110695
1110889
1110942
1111162
1111266
1111269
1111298
1111363
1111440
1111450
1111545
1111660
1111685
1112006
1112123
1112327
1112334
1112351
1112524
1112587
1112642
1112687
1112693
1112727
1112753
1112829
1112857
1112862
1112885
1113038
1113236
1113309
1113515
1113684
1113728
1113739
1113750
1113780
1113785
1113823
1113837
1113863
1113885
1113901
1113931
1113955
1113956
1114114
1114151
1114576
1114669
1114671
1114677
1115130
1115305
1115383
1115438
1115683
1115764
1115917
1116005
1116220
1116245
1116348
1116622
1116686
1117044
1117089
1117146
1117155
1117202
1117252
1117287
1117477
1117488
1117597
1117635
1117678
1117814
1118027
1118049
1118193
1118362
1118406
1118409
1118520
1118735
1118809
1118850
1118870
1118985
1119011
1119079
1119095
1119207
1119291
1119800
1119804
1120038
1120060
1120183
1120543
1120578
1120694
1120734
1120818
1120872
1120994
1121023
1121139
1121157
1121196
1121303
1121418
1121479
1121551
1121637
1121650
1121856
1121893
1121973
1121975
1122191
1122308
1122311
1122321
1122337
1122521
1122621
1122651
1122667
1122792
1122806
1123032
1123234
1123301
1123345
1123399
1123531
1123642
1123872
1124008
1124194
1124253
1124498
1124519
1124555
1124569
1124657
1124728
1125050
1125364
1125555
1125664
1125667
1125849
1126224
1126235
1126363
1126396
1126473
1126568
1126571
1126598
1126615
1126657
1126756
1126962
1126966
1127097
1127213
1127304
1127349
1127418
1127457
1127499
1127533
1127602
1127662
1127714
1127943
1128086
1128119
1128328
1128600
1128633
1128666
1128719
1128733
1128766
1128772
1128894
1128946
1129098
1129107
1129145
1129177
1129220
1129251
1129831
1129852
1129856
1129881
1129885
1129952
1130123
1130280
1130326
1130345
1130515
1130593
1130606
1130629
1130646
1130675
1130691
1130767
1130812
1130827
1130837
1130990
1131083
1131197
1131234
1131529
1131569
1131748
1131816
1131852
1131959
1132213
1132375
1132434
1132443
1132491
1132855
1132981
1133143
1133174
1133237
1133323
1133333
1133625
1133781
1133851
1133910
1134036
1134123
1134318
1134328
1134388
1134533
1134628
1134652
1134660
1134998
1135016
1135068
1135069
1135077
1135158
1135486
1135635
1135684
1135727
1135874
1135927
1135983
1135997
1136142
1136160
1136167
1136381
1136414
1136423
1136463
1136492
1136784
1136786
1137085
1137180
1137184
1137226
1137291
1137492
1137613
1137641
1137787
1137819
1137826
1137835
1137891
1138014
1138125
1138126
1138228
1138291
1138296
1138373
1138388
1138481
1138728
1138737
1138788
1138904
1138937
1138971
1139145
1139190
1139285
1139296
1139305
1139424
1139517
1139595
1139644
1139670
1139818
1139846
1139948
1139960
1140177
1140448
1140518
1140535
1140542
1140693
1140767
1140855
1140863
1140878
1141007
1141021
1141194
1141511
1141552
1141602
1141662
1141712
1141829
1141894
1141953
1142027
1142044
1142066
1142079
1142255
1142310
1142348
1142675
1142765
1142770
1142787
1143064
1143077
1143217
1143407
1143605
1143632
1143725
1143745
1144192
1144240
1144254
1144462
1144637
1145080
1145082
1145141
1145280
1145396
1145401
1145854
1145956
1146013
1146172
1146250
1146557
1146687
1146725
1146748
1146776
1146892
1146916
1147010
1147079
1147159
1147249
1147290
1147352
1147368
1147384
1147385
1147490
1147520
1147555
1147780
1147885
1148067
1148286
1148292
1148315
1148328
1148485
1148525
1148559
1148684
1148785
1148831
1148842
1148995
1149039
1149235
1149270
1149416
1149496
1149498
1149532
1149567
1149702
1149853
1149919
1149998
1150270
1150284
1150357
1150444
1150534
1150538
1150598
1150680
1150799
1150855
1150877
1151044
1151099
1151258
1151288
1151463
1151653
1151982
1151986
1151989
1152069
1152164
1152231
1152342
1152419
1152493
1152513
1152559
1152629
1152659
1152800
1152835
1152886
1152928
1153162
1153238
1153245
1153268
1153381
1153468
1153504
1153594
1153761
1153922
1153952
1154288
1154294
1154429
1154458
1154491
1154635
1154673
1154756
1154815
1154890
1155032
1155096
1155109
1155374
1155403
1155549
1155642
1155693
1155813
1155838
1155848
1155868
1155872
1155873
1155876
1155911
1156087
1156258
1156276
1156294
1156315
1156352
1156398
1156445
1156457
1156506
1156547
1156607
1156614
1156771
1156788
1156802
1156863
1156866
1156869
1157046
1157230
1157267
1157285
1157311
1157338
1157454
1157479
1157748
1157752
1157766
1157842
1158244
1158483
1158502
1158551
1158781
1158973
1159106
1159116
1159171
1159177
1159303
1159324
1159473
1159556
1159573
1159630
1159807
1159922
1159939
1159964
1160014
1160139
1160252
1160325
1160448
1160506
1160518
1160595
1160684
1160927
1160945
1161077
1161143
1161176
1161219
1161328
1161367
1161456
1161636
1161799
1161811
1161885
1161924
1161981
1161998
1162044
1162083
1162098
1162177
1162223
1162277
1162292
1162319
1162413
1162576
1162681
1162865
1163126
1163158
1163547
1163642
1163849
1163867
1163890
1163894
1163978
1164023
1164032
1164073
1164077
1164108
1164157
1164183
1164436
1164444
1164463
1164641
1164718
1164801
1164888
1164895
1165042
1165083
1165094
1165258
1165321
1165407
1165813
1165858
1165986
1166021
1166150
1166181
1166195
1166337
1166392
1166428
1166506
1166627
1166751
1166792
1166829
1166855
1166866
1167014
1167069
1167097
1167291
1167315
1167335
1167390
1167542
1167573
1167634
1167819
1167861
1167972
1168028
1168077
1168213
1168302
1168320
1168613
1168616
1168626
1168801
1168861
1168908
1169063
1169128
1169152
1169193
1169245
1169267
1169313
1169346
1169430
1169469
1169549
1169743
1169806
1169837
1169838
1169950
1169951
1169965
1169979
1170169
1170299
1170442
1170631
1170829
1170890
1170931
1171001
1171002
1171170
1171353
1171465
1171572
1171607
1171751
1171761
1171796
1171827
1171933
1171955
1172008
1172106
1172124
1172245
1172285
1172621
1172705
1172837
1172912
1173111
1173481
1173536
1173606
1173624
1173822
1174015
1174112
1174278
1174333
1174352
1174466
1174729
1174746
1174817
1174846
1174897
1174979
1175016
1175136
1175409
1175413
1175420
1175426
1175553
1175885
1175931
1175942
1175997
1176040
1176168
1176272
1176329
1176340
1176505
1176614
1176787
1176900
1176937
1177236
1177586
1177691
1177692
1177705
1177708
1177783
1177908
1178175
1178190
1178235
1178252
1178399
1178436
1178464
1178474
1178586
1178731
1178780
1178814
1178815
1178984
1179044
1179104
1179135
1179187
1179293
1179390
1179402
1179478
1179604
1179719
1179759
1179825
1179889
1179976
1180037
1180309
1180314
1180396
1180505
1180575
1180582
1180694
1180712
1180808
1181073
1181103
1181224
1181302
1181321
1181323
1181375
1181376
1181469
1181521
1181633
1181660
1182001
1182161
1182175
1182625
1182735
1182806
1182834
1182949
1183220
1183380
1183574
1183616
1183813
1183874
1183976
1183985
1184001
1184048
1184109
1184168
1184229
1184286
1184572
1184690
1184733
1184801
1184853
1184946
1184950
1185006
1185075
1185234
1185427
1185693
1185730
1185753
1185830
1186045
1186050
1186051
1186144
1186406
1186742
1187034
1187037
1187091
1187104
1187135
1187194
1187309
1187330
1187342
1187361
1187388
1187414
1187419
1187564
1187625
1187629
1187650
1187714
1187724
1187730
1187762
1187810
1187891
1187924
1188183
1188188
1188373
1188480
1188540
1188546
1188568
1188634
1188648
1188741
1188903
1189032
1189070
1189073
1189336
1189379
1189385
1189487
1189527
1189727
1189837
1189902
1190072
1190102
1190146
1190337
1190409
1190469
1190479
1190519
1190611
1190695
1190818
1190830
1190841
1190976
1191047
1191056
1191218
1191394
1191569
1191678
1191693
1191695
1191743
1191747
1192156
1192173
1192207
1192329
1192368
1192479
1192592
1192761
1192962
1193002
1193092
1193249
1193264
1193281
1193586
1193635
1193690
1193804
1193888
1194143
1194175
1194237
1194568
1194578
1194631
1194815
1195034
1195118
1195194
1195235
1195505
1195509
1195818
1195937
1195954
1196044
1196075
1196330
1196456
1196829
1196841
1196859
1196865
1196981
1197049
1197245
1197257
1197296
1197542
1197566
1197574
1197586
1197704
1197722
1197826
1197934
1197956
1198024
1198055
1198176
1198512
1198624
1198682
1198738
1198758
1198785
1198887
1198945
1199272
1199303
1199402
1199406
1199528
1199583
1199619
1199622
1199751
1199860
1199873
1200300
1200424
1200545
1200611
1200742
1200833
1200877
1200970
1200977
1201058
1201113
1201164
1201216
1201328
1201344
1201374
1201451
1201583
1201585
1201686
1201714
1201887
1202079
1202245
1202307
1202322
1202451
1202593
1202707
1202748
1202765
1202902
1202982
1203117
1203144
1203193
1203427
1203438
1203518
1203590
1203595
1203683
1203687
1203817
1204052
1204078
1204262
1204390
1204432
1204476
1204672
1204752
1204795
1204799
1204845
1204862
1205052
1205270
1205307
1205482
1205774
1205856
1205972
1205977
1205992
1206076
1206077
1206117
1206128
1206155
1206386
1206404
1206448
1206469
1206481
1206734
1206773
1206793
1206934
1206992
1207274
1207306
1207559
1207864
1207874
1207947
1207954
1207956
1208069
1208105
1208117
1208122
1208165
1208178
1208340
1208518
1208565
1208660
1208669
1208678
1208743
1208826
1209019
1209025
1209288
1209405
1209544
1209605
1209636
1209770
1209990
1210157
1210537
1210579
1210681
1210741
1210804
1210825
1210847
1210884
1211060
1211081
1211346
1211599
1211854
1211887
1212097
1212214
1212377
1212394
1212424
1212485
1212490
1212550
1212575
1212622
1212736
1212747
1212771
1212782
1212854
1212915
1212931
1212962
1213048
1213183
1213276
1213338
1213415
1213623
1214011
1214067
1214131
1214231
1214456
1214482
1214613
1214760
1214799
1215044
1215250
1215292
1215311
1215339
1215375
1215453
1215576
1215636
1215734
1215991
1215999
1216101
1216183
1216262
1216422
1216668
1216713
1216990
1217136
1217151
1217261
1217495
1217556
1217696
1217708
1217773
1217793
1217871
1218143
1218181
1218520
1218573
1218578
1218614
1218691
1218907
1218921
1218949
1219054
1219107
1219209
1219247
1219374
1219390
1219551
1219601
1219692
1219935
1219962
1220070
1220250
1220251
1220294
1220343
1220557
1220830
1220858
1220941
1221092
1221190
1221202
1221223
1221318
1221404
1221437
1221609
1221663
1221664
1221857
1221909
1221959
1222051
1222118
1222148
1222288
1222290
1222359
1222366
1222427
1222558
1222792
1223163
1223213
1223390
1223419
1223546
1223656
1223781
1223834
1223898
1223986
1224169
1224245
1224345
1224414
1224461
1224626
1224641
1224834
1224901
1224928
1224988
1224992
1225069
1225225
1225235
1225447
1225651
1225785
1225941
1225970
1226463
1226777
1226872
1226894
1226899
1226901
1227001
1227136
1227160
1227269
1227391
1227453
1227459
1227485
1227490
1227521
1227689
1227717
1227809
1227871
1227897
1228005
1228032
1228045
1228078
1228079
1228172
1228226
1228227
1228329
1228392
1228478
1228522
1229114
1229134
1229266
1229279
1229344
1229717
1229806
1229844
1230020
1230216
1230352
1230493
1230664
1230774
1231108
1231563
1231652
1231865
1232101
1232234
1232346
1232407
1232429
1232671
1232845
1233149
1233165
1233395
1233462
1233475
1233505
1233898
1233937
1233977
1233998
1234007
1234030
1234221
1234464
1234825
1234854
1235016
1235060
1235147
1235173
1235329
1235356
1235412
1235486
1235523
1235641
1235818
1235866
1235877
1235913
1236215
1236347
1236390
1236425
1236511
1236534
1236786
1236842
1237041
1237151
1237181
1237202
1237345
1237436
1237440
1237696
1237748
1237828
1237850
1237874
1237908
1237990
1238040
1238264
1238356
1238592
1238669
1238748
1238941
1238980
1239294
1239395
1239670
1239904
1239966
1240065
1240167
1240219
1240308
1240393
1240405
1240429
1240541
1240658
1240963
1240966
1241090
1241139
1241140
1241148
1241184
1241197
1241286
1241288
1241301
1241446
1241482
1241524
1241534
1241654
1241711
1241783
1241801
1242029
1242033
1242053
1242427
1242481
1242545
1242764
1242904
1242987
1243270
1243273
1243501
1243513
1243646
1243877
1243922
1244044
1244119
1244124
1244136
1244150
1244217
1244226
1244290
1244395
1244460
1244512
1244593
1244615
1244660
1244706
1244732
1244752
1244780
1244811
1244869
1245220
1245272
1245305
1245432
1245440
1245445
1245457
1245504
1245668
1245827
1245921
1246022
1246099
1246260
1246262
1246269
1246645
1246661
1246721
1246741
1246778
1246836
1246845
1246887
1247099
1247106
1247334
1247523
1247534
1247554
1247602
1247612
1247675
1247701
1247834
1247931
1247995
1248055
1248083
1248096
1248199
1248229
1248249
1248350
1248437
1248658
1248774
1248928
1248946
1249110
1249142
1249185
1249194
1249290
1249307
1249634
1249676
1249866
1249892
1250017
1250048
1250287
1250298
1250330
1250349
1250452
1250936
1250975
1251068
1251100
1251208
1251214
1251245
1251256
1251323
1251355
1251435
1251466
1251683
1251857
1251899
1251971
1251972
1252031
1252038
1252213
1252215
1252229
1252308
1252428
1252443
1252481
1252563
1252633
1252694
1252778
1252866
1252914
1252928
1252990
1253008
1253251
1253265
1253277
1253341
1253353
1253368
1253389
1253594
1253937
1253947
1253957
1254054
1254234
1254273
1254358
1254716
1254823
1254880
1254917
1255191
1255251
1255295
1255326
1255373
1255445
1255476
1255643
1255698
1255748
1255784
1255994
1256341
1256527
1256572
1256673
1256711
1256893
1256970
1256992
1257465
1257485
1257486
1257713
1257853
1257880
1258067
1258092
1258167
1258318
1258630
1259059
1259145
1259151
1259196
1259293
1259299
1259331
1259509
1259516
1259563
1259826
1259845
1259865
1259883
1259897
1259958
1259984
1260158
1260178
1260282
1260412
1260414
1260575
1260662
1260795
1260801
1260957
1261047
1261068
1261241
1261251
1261316
1261345
1261398
1261434
1261440
1261442
1261492
1261518
1261542
1261586
1261589
1261675
1261684
1262032
1262070
1262139
1262246
1262248
1262300
1262483
1262877
1263156
1263215
1263884
1263914
1263956
1263970
1264080
1264224
1264228
1264247
1264463
1264517
1264598
1264669
1264686
1264735
1264757
1264843
1264998
1265123
1265381
1265417
1265574
1265604
1265654
1265698
1265815
1265829
1265851
1265959
1266035
1266052
1266101
1266232
1266347
1266504
1266528
1266606
1266664
1266902
1266939
1266994
1267068
1267075
1267083
1267088
1267239
1267262
1267273
1267287
1267476
1267556
1267701
1267878
1267905
1267975
1268048
1268078
1268121
1268365
1268423
1268429
1268658
1268725
1268869
1269039
1269207
1269284
1269348
1269434
1269446
1269471
1269516
1269575
1269617
1269687
1269778
1269827
1269915
1270180
1270217
1270253
1270272
1270286
1270301
1270302
1270872
1270884
1271116
1271452
1271482
1271540
1271577
1271723
1271816
1271857
1271974
1272055
1272140
1272149
1272735
1272749
1272824
1272865
1272975
1273028
1273080
1273101
1273166
1273170
1273249
1273267
1273357
1273381
1273559
1273570
1273671
1273678
1273716
1273935
1273957
1273973
1274034
1274247
1274330
1274342
1274353
1274723
1274819
1274924
1274977
1275045
1275308
1275340
1275455
1275474
1275520
1275684
1275788
1275835
1275909
1276094
1276159
1276171
1276242
1276245
1276283
1276363
1276467
1276557
1276966
1276975
1277285
1277292
1277355
1277511
1277601
1277747
1277977
1278176
1278218
1278299
1278330
1278341
1278412
1278447
1278529
1278592
1278640
1278680
1278874
1278877
1279033
1279050
1279076
1279087
1279307
1279419
1279594
1279620
1279641
1279975
1280116
1280246
1280344
1280400
1280435
1280559
1280610
1280642
1280842
1280859
1281067
1281124
1281160
1281173
1281175
1281381
1281494
1281782
1281866
1281961
1282046
1282089
1282148
1282281
1282461
1282605
1282761
1282809
1282811
1282826
1282846
1282904
1282987
1283038
1283121
1283129
1283308
1283335
1283369
1283398
1283608
1283620
1283664
1283723
1283905
1283928
1283938
1283951
1284420
1284528
1284541
1284724
1284746
1284766
1284872
1285068
1285095
1285162
1285195
1285274
1285291
1285420
1285481
1285630
1285704
1285948
1286010
1286102
1286104
1286342
1286587
1286873
1286996
1287004
1287050
1287153
1287188
1287402
1287438
1287550
1287768
1287866
1287889
1287990
1288014
1288035
1288120
1288133
1288323
1288422
1288439
1288791
1288850
1288877
1289001
1289038
1289045
1289186
1289286
1289297
1289312
1289454
1289538
1289565
1289566
1289718
1289816
1289838
1289846
1289868
1289987
1290048
1290093
1290135
1290148
1290153
1290339
1290340
1290382
1290487
1290535
1290552
1290581
1290817
1290874
1290977
1291105
1291202
1291348
1291476
1291655
1291811
1291885
1291973
1292043
1292135
1292187
1292470
1292515
1292517
1292611
1292662
1292691
1292695
1292747
1292840
1292885
1293067
1293134
1293137
1293231
1293283
1293354
1293355
1293447
1293466
1293579
1293595
1293661
1293712
1293741
1293801
1293954
1294057
1294109
1294136
1294158
1294219
1294335
1294492
1294555
1294606
1294627
1294741
1294883
1295013
1295082
1295095
1295143
1295191
1295242
1295253
1295285
1295510
1295531
1295540
1295555
1295571
1295630
1295646
1295652
1295671
1295809
1295834
1295982
1296036
1296037
1296353
1296373
1296701
1296791
1296997
1297198
1297232
1297234
1297251
1297288
1297366
1297503
1297585
1297592
1297631
1297693
1297695
1297730
1298182
1298387
1298452
1298720
1298813
1298814
1298911
1299114
1299203
1299215
1299299
1299499
1299585
1299769
1299887
1299888
1299934
1299946
1300085
1300138
1300429
1300461
1300533
1300539
1300584
1300852
1300864
1300867
1300882
1300983
1301001
1301084
1301286
1301317
1301518
1301549
1301661
1301866
1302093
1302236
1302409
1302499
1302767
1302834
1303003
1303182
1303267
1303271
1303272
1303318
1303356
1303554
1303556
1304003
1304117
1304286
1304432
1304542
1304588
1304599
1304626
1304696
1304707
1304941
1305067
1305140
1305458
1305753
1305783
1305818
1305847
1306014
1306022
1306026
1306208
1306226
1306239
1306339
1306363
1306401
1306427
1306468
1306587
1306650
1306716
1306784
1306801
1307025
1307027
1307267
1307296
1307407
1307539
1307573
1307601
1307652
1307739
1307742
1307827
1307855
1308040
1308153
1308169
1308221
1308358
1308376
1308514
1308627
1308761
1308846
1308962
1309045
1309074
1309099
1309146
1309176
1309289
1309324
1309567
1309600
1309603
1309801
1309809
1309836
1310061
1310063
1310103
1310358
1310383
1310385
1310646
1310701
1310748
1310866
1310967
1311046
1311103
1311109
1311142
1311245
1311309
1311338
1311466
1311523
1311698
1311795
1311849
1311878
1311900
1312083
1312089
1312095
1312217
1312254
1312298
1312388
1312394
1312400
1312428
1312453
1312629
1312675
1312686
1312810
1312829
1312835
1312838
1313119
1313195
1313398
1313465
1313782
1313892
1313900
1314147
1314155
1314265
1314363
1314426
1314492
1314515
1314773
1314799
1314868
1315088
1315098
1315300
1315339
1315452
1315495
1315662
1315719
1316081
1316305
1316339
1316438
1316553
1316632
1316796
1317149
1317267
1317373
1317381
1317461
1317489
1317705
1317752
1317945
1318030
1318057
1318100
1318377
1318407
1318500
1318526
1318559
1318659
1318716
1318761
1318892
1319034
1319122
1319147
1319174
1319224
1319239
1319290
1319394
1319549
1319604
1319637
1319940
1320072
1320266
1320347
1320456
1320657
1320756
1320827
1320956
1320989
1320992
1321017
1321045
1321112
1321233
1321296
1321590
1321656
1321737
1321794
1321810
1321845
1321991
1322015
1322033
1322182
1322299
1322371
1322516
1322525
1322617
1322626
1322780
1322858
1322940
1322950
1323107
1323503
1324032
1324037
1324204
1324465
1324512
1324541
1324577
1324592
1324612
1324724
1324733
1324873
1324877
1324901
1324954
1325028
1325057
1325126
1325270
1325350
1325405
1325421
1325434
1325586
1325695
1325774
1325892
1325990
1326077
1326137
1326158
1326328
1326331
1326410
1326529
1326558
1326634
1326789
1326830
1326982
1327126
1327251
1327288
1327337
1327365
1327654
1327814
1327861
1327902
1328010
1328090
1328091
1328096
1328455
1328589
1328780
1329050
1329210
1329269
1329289
1329432
1329458
1329476
1329633
1329683
1329723
1329782
1329819
1330074
1330134
1330142
1330206
1330365
1330373
1330494
1330548
1330641
1330677
1331399
1331486
1331555
1331574
1331606
1331654
1331745
1331855
1331901
1331923
1332086
1332169
1332235
1332311
1332317
1332344
1332354
1332411
1332475
1332476
1332568
1332674
1332785
1332933
1333111
1333174
1333178
1333266
1333362
1333478
1333632
1333788
1333809
1333879
1333905
1333968
1334050
1334121
1334124
1334172
1334208
1334218
1334236
1334349
1334393
1334587
1334669
1334783
1334806
1334815
1334897
1334904
1335107
1335160
1335286
1335497
1335758
1335798
1335862
1336098
1336115
1336293
1336303
1336329
1336363
1336436
1336472
1336696
1336722
1336782
1337071
1337253
1337289
1337303
1337526
1337721
1337827
1337898
1337954
1337982
1338029
1338127
1338222
1338314
1338490
1338541
1338552
1338650
1338759
1338883
1338908
1338945
1339270
1339280
1339326
1339370
1339396
1339460
1339506
1339548
1339621
1339662
1339853
1339954
1340084
1340150
1340169
1340569
1340602
1340714
1340807
1340995
1341014
1341045
1341062
1341089
1341236
1341283
1341443
1341517
1341551
1341625
1341655
1341718
1341755
1341863
1341895
1341931
1341953
1341992
1342000
1342140
1342221
1342278
1342398
1342407
1342482
1342526
1342560
1342670
1342789
1342934
1343246
1343273
1343344
1343386
1343407
1343467
1343541
1343583
1343610
1343720
1343828
1343934
1344026
1344205
1344211
1344231
1344261
1344295
1344511
1344604
1344650
1344942
1345170
1345408
1345455
1345568
1345808
1346114
1346126
1346127
1346256
1346267
1346508
1346515
1346588
1346913
1346937
1347090
1347275
1347285
1347480
1347532
1347547
1347593
1347603
1347746
1347819
1347848
1347951
1348035
1348084
1348130
1348217
1348432
1348434
1348502
1348595
1348677
1348847
1349051
1349214
1349224
1349234
1349240
1349344
1349439
1349507
1349517
1349738
1349965
1350012
1350084
1350177
1350327
1350359
1350415
1350446
1350544
1350548
1350757
1351014
1351121
1351206
1351218
1351447
1351618
1351707
1351747
1351876
1351909
1351954
1351964
1352003
1352331
1352421
1352600
1352670
1352770
1352789
1352957
1353123
1353153
1353416
1353628
1353660
1353879
1354034
1354119
1354143
1354152
1354190
1354265
1354440
1354485
1354537
1354617
1354766
1354784
1354826
1354882
1354983
1355214
1355300
1355356
1355386
1355519
1355525
1355710
1355722
1356232
1356290
1356457
1356740
1356767
1356822
1356958
1357119
1357348
1357607
1357659
1357676
1357703
1357731
1357775
1357776
1357813
1357935
1358186
1358211
1358277
1358288
1358420
1358506
1358552
1358639
1358653
1358909
1358924
1358928
1359139
1359155
1359440
1359463
1359588
1359597
1359641
1359672
1359679
1359805
1359828
1360271
1360283
1360433
1360473
1360531
1360662
1360707
1360756
1360875
1360968
1361080
1361103
1361223
1361244
1361342
1361467
1361469
1361482
1361526
1361556
1361601
1361627
1361690
1361748
1361825
1361884
1361927
1361950
1361962
1361984
1362116
1362160
1362198
1362529
1362642
1362765
1362816
1362834
1363138
1363160
1363509
1363568
1363576
1363581
1363602
1363614
1363622
1363716
1363942
1364019
1364074
1364109
1364147
1364152
1364190
1364191
1364246
1364516
1364533
1364583
1364729
1364735
1364791
1364823
1364942
1365004
1365052
1365109
1365194
1365318
1365352
1365359
1365571
1365732
1365957
1365973
1366036
1366083
1366251
1366461
1366463
1366486
1366488
1366497
1366542
1366680
1366819
1366953
1367036
1367055
1367105
1367135
1367470
1367591
1367676
1367729
1367957
1368220
1368252
1368411
1368510
1368612
1368801
1369078
1369082
1369254
1369539
1369609
1369610
1369758
1369816
1369982
1370104
1370206
1370399
1370421
1370536
1370642
1370645
1370649
1370675
1371358
1371526
1371867
1371901
1371902
1371948
1371975
1372027
1372074
1372110
1372116
1372210
1372327
1372529
1372612
1372630
1372644
1372763
1372772
1373071
1373102
1373186
1373297
1373531
1373542
1373601
1373605
1373673
1373751
1373989
1374027
1374160
1374220
1374596
1374630
1374724
1374784
1374934
1374999
1375005
1375107
1375112
1375301
1375372
1375393
1375409
1375504
1375530
1375758
1375759
1375788
1375862
1376119
1376183
1376186
1376210
1376270
1376322
1376362
1376487
1376493
1376872
1377069
1377081
1377109
1377182
1377382
1377486
1377550
1377617
1377629
1377813
1377863
1377905
1377948
1377978
1378013
1378031
1378233
1378329
1378484
1378639
1378904
1378991
1379191
1379399
1379408
1379441
1379576
1379696
1379784
1379925
1379931
1379988
1380050
1380069
1380198
1380201
1380248
1380420
1380487
1380501
1380514
1380528
1380582
1380590
1380607
1380780
1380910
1380953
1380985
1380988
1381004
1381009
1381264
1381445
1381468
1381594
1381652
1381679
1381989
1382023
1382062
1382072
1382098
1382131
1382637
1382775
1382897
1382901
1383083
1383118
1383212
1383231
1383493
1383571
1383585
1383613
1383915
1383917
1383930
1383959
1384308
1384545
1384562
1384698
1384728
1384756
1384848
1384958
1384994
1385174
1385249
1385274
1385324
1385328
1385376
1385475
1385488
1385624
1385677
1385771
1385802
1386114
1386116
1386146
1386278
1386281
1386311
1386357
1386373
1386404
1386442
1386456
1386543
1386592
1386716
1386987
1386997
1387198
1387397
1387430
1387440
1387582
1387692
1387749
1387750
1387797
1387800
1387845
1387849
1387975
1387991
1388123
1388274
1388414
1388422
1388434
1388672
1388676
1388688
1388799
1388874
1388913
1389270
1389326
1389517
1389792
1390111
1390279
1390295
1390426
1390443
1390506
1390676
1390830
1390868
1390874
1390878
1390921
1391082
1391217
1391356
1391372
1391453
1391481
1391533
1391583
1391595
1391628
1391660
1391717
1391782
1391797
1391946
1391954
1391990
1392044
1392135
1392148
1392186
1392203
1392305
1392358
1392428
1392451
1392516
1392555
1392608
1392880
1393049
1393057
1393064
1393072
1393086
1393164
1393172
1393356
1393521
1393569
1393603
1393636
1393802
1393913
1393934
1394109
1394216
1394219
1394275
1394391
1394557
1394617
1394646
1394765
1394817
1394830
1394916
1395012
1395058
1395227
1395339
1395367
1395549
1395613
1395708
1395768
1395883
1395884
1395892
1395910
1396100
1396116
1396265
1396282
1396305
1396466
1396742
1396749
1396829
1396836
1396929
1396958
1396997
1397032
1397136
1397162
1397227
1397328
1397454
1397642
1397719
1397781
1397864
1397997
1398028
1398053
1398238
1398338
1398340
1398396
1398480
1398553
1398589
1398653
1398840
1398873
1398885
1398899
1399005
1399111
1399172
1399404
1400007
1400015
1400046
1400131
1400167
1400671
1400692
1400733
1400774
1401012
1401201
1401282
1401437
1401487
1401503
1401605
1401644
1401666
1401742
1401814
1401824
1401846
1401879
1402004
1402055
1402243
1402586
1402740
1402983
1403101
1403194
1403227
1403233
1403420
1403504
1403551
1403654
1403754
1403761
1403876
1403936
1403940
1403980
1404175
1404244
1404547
1404796
1404840
1404851
1404867
1405176
1405238
1405428
1405488
1405557
1405676
1405742
1405770
1405910
1405994
1406077
1406113
1406212
1406309
1406363
1406423
1406568
1406643
1406738
1406832
1406907
1406994
1407017
1407063
1407065
1407242
1407311
1407320
1407334
1407339
1407414
1407489
1407498
1407522
1407721
1407907
1407986
1407991
1408062
1408074
1408150
1408252
1408274
1408336
1408552
1408589
1408637
1408676
1408808
1408826
1408860
1409170
1409186
1409320
1409435
1409534
1409720
1409941
1409963
1409986
1410363
1410558
1410577
1410657
1410712
1410813
1410834
1411009
1411114
1411131
1411275
1411442
1411520
1411701
1411827
1411934
1412083
1412104
1412136
1412306
1412454
1412598
1412837
1412856
1412955
1413160
1413185
1413232
1413261
1413379
1413621
1413629
1413689
1413739
1413931
1414036
1414147
1414411
1414665
1414666
1414697
1414780
1414792
1414842
1414923
1415002
1415247
1415257
1415411
1415473
1415593
1415730
1415833
1415958
1415976
1416217
1416245
1416264
1416281
1416581
1416695
1416741
1416990
1416999
1417199
1417218
1417241
1417350
1417511
1417659
1417886
1418074
1418111
1418203
1418304
1418377
1418457
1418520
1418521
1418553
1418572
1418660
1418935
1419028
1419127
1419208
1419220
1419382
1419452
1419719
1419731
1420074
1420135
1420215
1420464
1420577
1420733
1420750
1420864
1421181
1421335
1421746
1421796
1421822
1421880
1422002
1422030
1422050
1422122
1422434
1422485
1422507
1422677
1422678
1422685
1422736
1422792
1422869
1422967
1423002
1423035
1423168
1423230
1423235
1423272
1423315
1423526
1423571
1423785
1423865
1423917
1424329
1424470
1424930
1425168
1425189
1425274
1425338
1425341
1425419
1425553
1425597
1425632
1425691
1425881
1425989
1426040
1426145
1426243
1426320
1426400
1426441
1426458
1426612
1426765
1427189
1427202
1427367
1427504
1427581
1428057
1428062
1428199
1428246
1428344
1428396
1428412
1428435
1428483
1428740
1428777
1428892
1428925
1429087
1429133
1429199
1429230
1429252
1429291
1429328
1429611
1429623
1429629
1429663
1429680
1429898
1430047
1430348
1430367
1430370
1430408
1430426
1430556
1430581
1430592
1430767
1430807
1430957
1430959
1431049
1431169
1431203
1431278
1431311
1431437
1431479
1431547
1431576
1431580
1431596
1431634
1431668
1431677
1431686
1431770
1432109
1432127
1432197
1432213
1432244
1432249
1432250
1432267
1432328
1432435
1432521
1432570
1432655
1432709
1432847
1433027
1433032
1433093
1433095
1433246
1433325
1433394
1433402
1433507
1433545
1433565
1433605
1433718
1433738
1433754
1433906
1433946
1434016
1434056
1434109
1434205
1434236
1434294
1434295
1434516
1434871
1435101
1435149
1435230
1435256
1435258
1435420
1435526
1435848
1435850
1435903
1435923
1436028
1436037
1436165
1436207
1436337
1436338
1436427
1436508
1436529
1436581
1436635
1436714
1436740
1436774
1436937
1437035
1437097
1437116
1437141
1437247
1437387
1437557
1437693
1437775
1438019
1438049
1438208
1438224
1438321
1438369
1438434
1438484
1438572
1438668
1438684
1438799
1438817
1439062
1439076
1439358
1439510
1439561
1439680
1439774
1439791
1439807
1439976
1440032
1440048
1440286
1440314
1440422
1440451
1440715
1440721
1440739
1440746
1440909
1440916
1440951
1440963
1440985
1441317
1441502
1441523
1441594
1441645
1441670
1441860
1441877
1441878
1441900
1441933
1441982
1441998
1442049
1442277
1442372
1442445
1442451
1442454
1442510
1442546
1442609
1442737
1442972
1443024
1443078
1443233
1443239
1443271
1443408
1443444
1443448
1443526
1443537
1443545
1443558
1443576
1443622
1443724
1443905
1444118
1444141
1444241
1444289
1444349
1444404
1444423
1444585
1444764
1444777
1444835
1444931
1445025
1445038
1445317
1445443
1445535
1445545
1445589
1445649
1445690
1445718
1445734
1445909
1445916
1446220
1446272
1446368
1446369
1446382
1446553
1446558
1446892
1446893
1446920
1446958
1447047
1447121
1447177
1447258
1447275
1447362
1447376
1447568
1447642
1447686
1448052
1448082
1448168
1448351
1448498
1448696
1448751
1448939
1448978
1448993
1449127
1449164
1449250
1449278
1449348
1449411
1449434
1449452
1449508
1449602
1449682
1449816
1449934
1449991
1449998
1450169
1450232
1450346
1450528
1450535
1450560
1450679
1450737
1450774
1450856
1451414
1451426
1451452
1451462
1451505
1451512
1451664
1451686
1451691
1451933
1451986
1452027
1452182
1452412
1452599
1452740
1452873
1452918
1452971
1453400
1453412
1453437
1453661
1453744
1453857
1453942
1454116
1454277
1454315
1454456
1454592
1454750
1454794
1454888
1455012
1455013
1455027
1455081
1455288
1455297
1455363
1455412
1455589
1455837
1455911
1455950
1456091
1456215
1456299
1456335
1456599
1456703
1456869
1456892
1457016
1457019
1457262
1457320
1457374
1457379
1457506
1457526
1457563
1457586
1457904
1457954
1458023
1458288
1458470
1458490
1458580
1458869
1459309
1459458
1459464
1459491
1459555
1459629
1459702
1459709
1459765
1459846
1460076
1460098
1460158
1460267
1460338
1460514
1460885
1461047
1461167
1461204
1461230
1461399
1461438
1461520
1461735
1461773
1461842
1462018
1462073
1462086
1462102
1462156
1462248
1462275
1462276
1462318
1462410
1462509
1462613
1462668
1462869
1462897
1462921
1462923
1462951
1463059
1463186
1463234
1463365
1463784
1463894
1463947
1463950
1464148
1464185
1464254
1464516
1464560
1464649
1464681
1464717
1464841
1464883
1464921
1464925
1464988
1465323
1465324
1465390
1465398
1465427
1465608
1465696
1465703
1465712
1465867
1466017
1466022
1466059
1466121
1466246
1466251
1466532
1466822
1466920
1466936
1467072
1467107
1467178
1467379
1467400
1467476
1467478
1467529
1467543
1467561
1467586
1467587
1467873
1468161
1468219
1468339
1468371
1468398
1468529
1468610
1468616
1468776
1468915
1469002
1469055
1469070
1469369
1469429
1469543
1469547
1469590
1469793
1469834
1469886
1469915
1470010
1470082
1470190
1470213
1470225
1470228
1470240
1470512
1470863
1470869
1470882
1471076
1471342
1471422
1471507
1471660
1471724
1471751
1471855
1471968
1472088
1472094
1472184
1472189
1472283
1472309
1472491
1472621
1472796
1472825
1473070
1473186
1473261
1473307
1473439
1473496
1473718
1474012
1474143
1474195
1474633
1474686
1474830
1474833
1475330
1475360
1475453
1475670
1476013
1476017
1476022
1476085
1476117
1476218
1476275
1476357
1476432
1476470
1476491
1476578
1476795
1476813
1476883
1476949
1477094
1477119
1477227
1477337
1477624
1477940
1478064
1478245
1478269
1478377
1478434
1478452
1478453
1478648
1478652
1478737
1478762
1478777
1478813
1478843
1478998
1479109
1479307
1479523
1479544
1479576
1479780
1479784
1479934
1479987
1480052
1480058
1480173
1480233
1480365
1480421
1480482
1480622
1480796
1480830
1480965
1480982
1481008
1481149
1481292
1481542
1481587
1481860
1481877
1481952
1481976
1482176
1482202
1482220
1482278
1482371
1482420
1482426
1482528
1482538
1482546
1482616
1482728
1482802
1482858
1482894
1482934
1482983
1483053
1483272
1483360
1483409
1483519
1483658
1483729
1483789
1483850
1483957
1484012
1484055
1484101
1484141
1484238
1484405
1484558
1484779
1485060
1485153
1485158
1485222
1485308
1485356
1485474
1485597
1485667
1485744
1485855
1486116
1486225
1486292
1486436
1486479
1486559
1486753
1486763
1486893
1486981
1486982
1487029
1487260
1487262
1487278
1487368
1487442
1487589
1487617
1487620
1487712
1487717
1487911
1487946
1488018
1488253
1488300
1488360
1488536
1488552
1488569
1488639
1488671
1488821
1488884
1488887
1488918
1489154
1489267
1489276
1489407
1489540
1489555
1489664
1489834
1489882
1489899
1489937
1490562
1490698
1490735
1490790
1490797
1490847
1490932
1490970
1491069
1491220
1491292
1491441
1491687
1491926
1492062
1492102
1492135
1492204
1492293
1492358
1492360
1492470
1492483
1492539
1492767
1493210
1493240
1493405
1493414
1493460
1493495
1493523
1493527
1493590
1493766
1493841
1493880
1493909
1494016
1494043
1494213
1494432
1494570
1494692
1494751
1494761
1494812
1494843
1494927
1494954
1494977
1494999
1495002
1495077
1495195
1495374
1495376
1495387
1495475
1495584
1495595
1495713
1495717
1495733
1495811
1495874
1495901
1496042
1496101
1496119
1496146
1496234
1496247
1496477
1496516
1496523
1496567
1496572
1496612
1496783
1496806
1497023
1497051
1497328
1497372
1497800
1497810
1497937
1497940
1498297
1498388
1498402
1498610
1498872
1498917
1498947
1498952
1498965
1499194
1499225
1499367
1499392
1499404
1499546
1499623
1499978
1500003
1500016
1500040
1500127
1500284
1500296
1500349
1500521
1500522
1500584
1500600
1500687
1500807
1500823
1500863
1500974
1501039
1501051
1501077
1501687
1501762
1501823
1501831
1501909
1501919
1501929
1502038
1502078
1502086
1502105
1502182
1502411
1502538
1502580
1502713
1502741
1502760
1502843
1502884
1503047
1503073
1503121
1503232
1503444
1503561
1503597
1503861
1503870
1503883
1503972
1503995
1504085
1504182
1504235
1504243
1504377
1504461
1504579
1504790
1505018
1505023
1505026
1505250
1505472
1505604
1505626
1505655
1505863
1506193
1506217
1506393
1506471
1506546
1506593
1506673
1507084
1507125
1507215
1507304
1507340
1507381
1507396
1507465
1507578
1507896
1507968
1508099
1508210
1508241
1508327
1508449
1508501
1508507
1508519
1508669
1508676
1508739
1508974
1508997
1509002
1509022
1509023
1509222
1509224
1509324
1509358
1509457
1509591
1509619
1509646
1509880
1510279
1510304
1510432
1510837
1511064
1511192
1511206
1511368
1511382
1511564
1511611
1511762
1511912
1511956
1511986
1512014
1512066
1512075
1512149
1512192
1512216
1512223
1512278
1512365
1512415
1512460
1512582
1512587
1512705
1512722
1512731
1512785
1512889
1512938
1513078
1513110
1513113
1513190
1513255
1513270
1513306
1513447
1513458
1513565
1513863
1513933
1514082
1514442
1514577
1514582
1514647
1514663
1514711
1514748
1514806
1514958
1514986
1515207
1515651
1515713
1515842
1515914
1516036
1516115
1516225
1516300
1516310
1516359
1516430
1516649
1516746
1517031
1517111
1517280
1517305
1517345
1517416
1517650
1517666
1517895
1517945
1517972
1518007
1518037
1518091
1518115
1518305
1518407
1518418
1518421
1518440
1518452
1518480
1518494
1518601
1518653
1518658
1518931
1519003
1519106
1519242
1519427
1519503
1519567
1519664
1519737
1519770
1519936
1520038
1520060
1520123
1520184
1520279
1520348
1520368
1520382
1520453
1520536
1520570
1520632
1520687
1520689
1520694
1520712
1520762
1520783
1520807
1520913
1520943
1520965
1521000
1521040
1521094
1521108
1521363
1521543
1521556
1521596
1521603
1521646
1521650
1521822
1522108
1522312
1522426
1522429
1522435
1522443
1522556
1522658
1522678
1522694
1522738
1522817
1522819
1523690
1523761
1523808
1523872
1524037
1524148
1524179
1524218
1524376
1524525
1524728
1524792
1524886
1524907
1525132
1525136
1525273
1525276
1525531
1525572
1525910
1526181
1526249
1526371
1526495
1526580
1526585
1526964
1527003
1527036
1527038
1527128
1527180
1527329
1527363
1527430
1527486
1527487
1527500
1527533
1527547
1527602
1527671
1528022
1528148
1528171
1528172
1528230
1528241
1528306
1528316
1528359
1528386
1528531
1528534
1528726
1528756
1528910
1528949
1529082
1529219
1529368
1529383
1530077
1530218
1530415
1530436
1530466
1530563
1530589
1530603
1530621
1530715
1530933
1531083
1531550
1531638
1531745
1531825
1532113
1532286
1532305
1532464
1532480
1532526
1532540
1532552
1532561
1532569
1532688
1532814
1532971
1532990
1533092
1533129
1533141
1533339
1533467
1533628
1533733
1533936
1534013
1534417
1534468
1534625
1534718
1534826
1535057
1535135
1535215
1535219
1535223
1535325
1535326
1535411
1535454
1535512
1535547
1535663
1535779
1535832
1536011
1536200
1536280
1536327
1536470
1536494
1536542
1536581
1536597
1536643
1536650
1536754
1536907
1537004
1537076
1537102
1537108
1537153
1537204
1537226
1537268
1537332
1537468
1537484
1537603
1537737
1537833
1537863
1538007
1538366
1538463
1538531
1538592
1538677
1538833
1538984
1539024
1539045
1539160
1539207
1539253
1539322
1539387
1539400
1539499
1539523
1539604
1539730
1539810
1539854
1540003
1540011
1540131
1540158
1540337
1540484
1540579
1540697
1540715
1540732
1540899
1541062
1541392
1541569
1541694
1542067
1542133
1542348
1542489
1542520
1542747
1542781
1542840
1543011
1543015
1543016
1543298
1543311
1543397
1543423
1543619
1543728
1543773
1543860
1543909
1543912
1544010
1544052
1544125
1544244
1544347
1544430
1544593
1544605
1544639
1544932
1545034
1545040
1545049
1545059
1545095
1545155
1545172
1545205
1545298
1545305
1545335
1545357
1545394
1545536
1545541
1545553
1545559
1545672
1545726
1545756
1546060
1546065
1546154
1546192
1546294
1546379
1546420
1546581
1546810
1546866
1546960
1546966
1547095
1547120
1547140
1547397
1547474
1547480
1547523
1547810
1547935
1548244
1548374
1548384
1548439
1548603
1548707
1548772
1548859
1548949
1549015
1549071
1549080
1549104
1549108
1549226
1549379
1549476
1549643
1549663
1549685
1549730
1549764
1549938
1549992
1550042
1550070
1550151
1550265
1550507
1550537
1550646
1550675
1550710
1550719
1550733
1551218
1551270
1551281
1551491
1551542
1551644
1551773
1551833
1551918
1552003
1552351
1552680
1552706
1552869
1552882
1552930
1553026
1553148
1553187
1553201
1553236
1553307
1553352
1553732
1553752
1553754
1553870
1553875
1554146
1554233
1554287
1554296
1554446
1554571
1554628
1554634
1554664
1554751
1554766
1554791
1554994
1555095
1555127
1555166
1555228
1555472
1555489
1555700
1555734
1555804
1555814
1556072
1556154
1556372
1556404
1556411
1556463
1556654
1556658
1556715
1556826
1556845
1556924
1557042
1557114
1557117
1557151
1557242
1557289
1557385
1557448
1557611
1557794
1557822
1557940
1558044
1558123
1558125
1558140
1558149
1558272
1558284
1558306
1558355
1558448
1558465
1558603
1558657
1558672
1558678
1558870
1558937
1559106
1559193
1559197
1559281
1559286
1559301
1559329
1559342
1559479
1559484
1559661
1559721
1559869
1560330
1560502
1560755
1560756
1560828
1560839
1560988
1561027
1561180
1561185
1561238
1561383
1561402
1561509
1561529
1561834
1561966
1562040
1562046
1562049
1562082
1562150
1562189
1562466
1562626
1562682
1562714
1562725
1562954
1563068
1563092
1563107
1563357
1563431
1563521
1563688
1563706
1563944
1564076
1564091
1564134
1564411
1564637
1564709
1564867
1565033
1565063
1565082
1565135
1565168
1565392
1565486
1565518
1565551
1565599
1565638
1565640
1565755
1565767
1565783
1565913
1566221
1566225
1566330
1566396
1566470
1566533
1566607
1566613
1566688
1566835
1566933
1566964
1567251
1567355
1567491
1567497
1567531
1567595
1567643
1567709
1567839
1567944
1567995
1568056
1568135
1568142
1568143
1568153
1568205
1568330
1568379
1568398
1568605
1568798
1568877
1568879
1569153
1569311
1569409
1569482
1569563
1569802
1569867
1569881
1570086
1570110
1570120
1570397
1570518
1570594
1570635
1570696
1570814
1570915
1570976
1571086
1571242
1571270
1571287
1571371
1571484
1571490
1571641
1571645
1571729
1571804
1572238
1572364
1572407
1572548
1572730
1572829
1572904
1573081
1573145
1573162
1573179
1573182
1573215
1573304
1573307
1573372
1573382
1573537
1573573
1573596
1573668
1573689
1573848
1573985
1574099
1574134
1574240
1574352
1574404
1574487
1574536
1574637
1574705
1574852
1575121
1575216
1575310
1575331
1575363
1575450
1575533
1575564
1575588
1575594
1575912
1575917
1575938
1575954
1575992
1575995
1576052
1576363
1576378
1576501
1576576
1576731
1576771
1576822
1576899
1576913
1577261
1577333
1577687
1577768
1577865
1578088
1578189
1578391
1578475
1578540
1578599
1578632
1578677
1578688
1578738
1578903
1578927
1578967
1579317
1579341
1579394
1579400
1579429
1579463
1579500
1579505
1579570
1579593
1579595
1579666
1579879
1579955
1579995
1580250
1580278
1580373
1580429
1580548
1580675
1580724
1580927
1581160
1581276
1581297
1581317
1581522
1581536
1581556
1581913
1581926
1582078
1582247
1582447
1582466
1582765
1582802
1582848
1582982
1583213
1583337
1583368
1583486
1583506
1583515
1583632
1583690
1583820
1583826
1583872
1583924
1583928
1583983
1584083
1584124
1584324
1584426
1584434
1584624
1584753
1584777
1584835
1584850
1585200
1585326
1585334
1585441
1585644
1585699
1585740
1585756
1586058
1586092
1586174
1586264
1586345
1586381
1586563
1586591
1586644
1586693
1586727
1586931
1587100
1587106
1587180
1587206
1587208
1587302
1587361
1587443
1587473
1587677
1587700
1587753
1587778
1587779
1587945
1587947
1588168
1588274
1588373
1588454
1588512
1588616
1588774
1588802
1589207
1589346
1589557
1589715
1589870
1589960
1590040
1590134
1590227
1590310
1590353
1590485
1590706
1590805
1590904
1591043
1591055
1591082
1591411
1591550
1591561
1591585
1591590
1591599
1591897
1592112
1592131
1592204
1592233
1592249
1592266
1592307
1592430
1592445
1592477
1592526
1592745
1592831
1592837
1593024
1593089
1593181
1593197
1593321
1593354
1593461
1593480
1593619
1593678
1593771
1593881
1593882
1593970
1594042
1594133
1594197
1594316
1594336
1594402
1594474
1594522
1594580
1594589
1594960
1594996
1595093
1595241
1595261
1595540
1595561
1595630
1595644
1595702
1595747
1595780
1595820
1595902
1595907
1596115
1596117
1596199
1596343
1596413
1596574
1596584
1596722
1596767
1597061
1597069
1597120
1597139
1597151
1597343
1597414
1597451
1597703
1597778
1597794
1598225
1598312
1598365
1598429
1598583
1598613
1598652
1598712
1598738
1598775
1598936
1598951
1598952
1599017
1599218
1599307
1599348
1599422
1599450
1599485
1599487
1599505
1599508
1599524
1599535
1599588
1599596
1599649
1599691
1599764
1599823
1599945
1600007
1600082
1600187
1600236
1600370
1600399
1600471
1600472
1600521
1600625
1600629
1600903
1600948
1601026
1601095
1601108
1601150
1601174
1601207
1601219
1601438
1601448
1601526
1601717
1601743
1601889
1601907
1601983
1602065
1602071
1602212
1602249
1602317
1602385
1602446
1602477
1602544
1602612
1602766
1602846
1603168
1603451
1603518
1603576
1603643
1603851
1603860
1604304
1604469
1604615
1604686
1604767
1604771
1604808
1604967
1605007
1605077
1605253
1605273
1605349
1605426
1605546
1605564
1605830
1605880
1605909
1606006
1606064
1606139
1606171
1606380
1606452
1606521
1606534
1606550
1606704
1606708
1606870
1606928
1606948
1607265
1607444
1607465
1607532
1607597
1607611
1607639
1607828
1608050
1608074
1608238
1608294
1608301
1608480
1608530
1608625
1608674
1608916
1608928
1608964
1609132
1609192
1609469
1609657
1609684
1609786
1609800
1609905
1609918
1609980
1610034
1610066
1610071
1610253
1610326
1610402
1610411
1610541
1610604
1610780
1610867
1610925
1611098
1611155
1611401
1611607
1611642
1611750
1611823
1611936
1611969
1612003
1612247
1612252
1612262
1612266
1612271
1612274
1612302
1612420
1612470
1612610
1612660
1612685
1612754
1612988
1613090
1613101
1613266
1613287
1613340
1613443
1613665
1613835
1613985
1614065
1614136
1614209
1614239
1614398
1614418
1614452
1614558
1614728
1614928
1615045
1615067
1615170
1615180
1615348
1615427
1615591
1615741
1615795
1615799
1615808
1615841
1615867
1616009
1616130
1616409
1616438
1616664
1616845
1617191
1617194
1617232
1617242
1617365
1617420
1617506
1617529
1617574
1617652
1617707
1617881
1618087
1618215
1618217
1618469
1618564
1618850
1618976
1619019
1619084
1619170
1619223
1619340
1619519
1619543
1619660
1620095
1620453
1620487
1620594
1620690
1620800
1620890
1621031
1621037
1621058
1621178
1621414
1621528
1621566
1621600
1621717
1621732
1621834
1621863
1621938
1621977
1622109
1622114
1622119
1622129
1622416
1622556
1622737
1622784
1622795
1622826
1622835
1622909
1623058
1623063
1623311
1623458
1623466
1623515
1623532
1623542
1623747
1623903
1623904
1623916
1623927
1624019
1624095
1624123
1624246
1624422
1624474
1624552
1624692
1624811
1625017
1625266
1625270
1625286
1625400
1625438
1625446
1625675
1625749
1625888
1625893
1625963
1626068
1626160
1626234
1626263
1626369
1626392
1626426
1626582
1626679
1626744
1626765
1626777
1627111
1627365
1627379
1627478
1627577
1627579
1627644
1627660
1627799
1628004
1628121
1628166
1628303
1628474
1628514
1628896
1629031
1629066
1629175
1629219
1629335
1629538
1629598
1629674
1629909
1629927
1630169
1630235
1630254
1630498
1630530
1630538
1630581
1630766
1630786
1630988
1631037
1631184
1631214
1631283
1631399
1631535
1631589
1631691
1631778
1631808
1631862
1632069
1632084
1632101
1632164
1632232
1632417
1632901
1633148
1633272
1633319
1633325
1633522
1633552
1633598
1633652
1633770
1633772
1633816
1634182
1634240
1634307
1634527
1634549
1634667
1634693
1634990
1635062
1635153
1635263
1635488
1635829
1635860
1635895
1636178
1636285
1636395
1636578
1636726
1636761
1636800
1637235
1637338
1637339
1637380
1638020
1638216
1638481
1638520
1638580
1638640
1638866
1638916
1638943
1638959
1639018
1639027
1639149
1639232
1639258
1639569
1639574
1639608
1639880
1639901
1639960
1639971
1640026
1640033
1640070
1640340
1640416
1640540
1640695
1640751
1640794
1640844
1640919
1640952
1641070
1641167
1641184
1641200
1641232
1641378
1641448
1641600
1641618
1641659
1641937
1641945
1642083
1642179
1642189
1642261
1642379
1642401
1642689
1642694
1642704
1642739
1642839
1642840
1643125
1643345
1643424
1643461
1643525
1643857
1643966
1644170
1644330
1644406
1644428
1644436
1644659
1644758
1644775
1644887
1644931
1645024
1645072
1645161
1645389
1645421
1645476
1645669
1645948
1646136
1646217
1646280
1646442
1646482
1646517
1646672
1646680
1646734
1646894
1646997
1647139
1647462
1647469
1647610
1647672
1647684
1647712
1647812
1647930
1648140
1648160
1648222
1648225
1648234
1648294
1648462
1648709
1648723
1648838
1648931
1649094
1649454
1649480
1649623
1649642
1649891
1650069
1650076
1650212
1650679
1650763
1650829
1650898
1650966
1650979
1651009
1651085
1651102
1651224
1651234
1651369
1651448
1651453
1651516
1651523
1651635
1652076
1652161
1652252
1652257
1652285
1652437
1652451
1652512
1652615
1652617
1652693
1652785
1652987
1653065
1653154
1653181
1653223
1653357
1653460
1653621
1653641
1653676
1653740
1653770
1653798
1653840
1653887
1653889
1654041
1654046
1654050
1654088
1654437
1654499
1654630
1654748
1654780
1654862
1654908
1654942
1655109
1655113
1655338
1655351
1655360
1655455
1655479
1655507
1655621
1655737
1655796
1655907
1655955
1655999
1656085
1656115
1656730
1656736
1656901
1656921
1657138
1657316
1657475
1657620
1657624
1657847
1657883
1657913
1657935
1657962
1658085
1658197
1658252
1658543
1658621
1658622
1658745
1658750
1658770
1658779
1658867
1659008
1659025
1659316
1659321
1659400
1659431
1659471
1659506
1659659
1659703
1660007
1660030
1660031
1660108
1660150
1660257
1660282
1660348
1660498
1660714
1660761
1660826
1660866
1660875
1661045
1661131
1661159
1661169
1661204
1661384
1661475
1661528
1661609
1661663
1661734
1661889
1661895
1661950
1661979
1662127
1662227
1662343
1662394
1662425
1662534
1662599
1662646
1662829
1662848
1662911
1662913
1663248
1663266
1663301
1663572
1663707
1663725
1663843
1664090
1664113
1664175
1664196
1664207
1664450
1664656
1664706
1664830
1665005
1665075
1665193
1665498
1665687
1665780
1665864
1665881
1665952
1665995
1666061
1666144
1666638
1666880
1667038
1667190
1667204
1667205
1667396
1667599
1667712
1667777
1667850
1667920
1668043
1668100
1668202
1668330
1668420
1668551
1668629
1668771
1668906
1669042
1669158
1669178
1669370
1669382
1669646
1669963
1670401
1670485
1670763
1670767
1670774
1670801
1670898
1670902
1671031
1671057
1671246
1671402
1671553
1671614
1671799
1671927
1671934
1671941
1672028
1672089
1672176
1672189
1672272
1672415
1672456
1672541
1672582
1672634
1672660
1672663
1672714
1672766
1672907
1673027
1673127
1673151
1673262
1673536
1673540
1673736
1673885
1673994
1674035
1674165
1674330
1674339
1674377
1674574
1674629
1674637
1674664
1674703
1674746
1674749
1674928
1674947
1675061
1675397
1675413
1675673
1675682
1675942
1675944
1676148
1676207
1676342
1676385
1676420
1676503
1676684
1676709
1676904
1677040
1677167
1677254
1677372
1677509
1677628
1677705
1677764
1677786
1678189
1678544
1678753
1678776
1678820
1678832
1678856
1678880
1678945
1678990
1679030
1679139
1679365
1679475
1679484
1679510
1679579
1679788
1680078
1680202
1680525
1680677
1680738
1680772
1680797
1680954
1681020
1681021
1681051
1681177
1681306
1681362
1681417
1681482
1681495
1681674
1681695
1681826
1681857
1682152
1682253
1682317
1682332
1682450
1682571
1682602
1682641
1682707
1682729
1682800
1682823
1682935
1682967
1683023
1683039
1683133
1683189
1683570
1683576
1683662
1683663
1683755
1683856
1683893
1683959
1683983
1684141
1684272
1684300
1684335
1684666
1684718
1684733
1685064
1685116
1685567
1685810
1685891
1685916
1685977
1686364
1686507
1686789
1686873
1686937
1686944
1687062
1687106
1687176
1687240
1687398
1687412
1687484
1687661
1687696
1687707
1687751
1687860
1687991
1688034
1688040
1688163
1688230
1688402
1688594
1688630
1688729
1688859
1688876
1689044
1689108
1689133
1689227
1689254
1689307
1689537
1689541
1689633
1689691
1689894
1690216
1690349
1690482
1690605
1690684
1690748
1690778
1691092
1691770
1691803
1691899
1692018
1692194
1692244
1692299
1692324
1692382
1692388
1692476
1692525
1692615
1692644
1692689
1692821
1692834
1692865
1692875
1692890
1692901
1692905
1692925
1692947
1693102
1693203
1693365
1693436
1693480
1693688
1693719
1693790
1693905
1693974
1694279
1694289
1694413
1694435
1694509
1694582
1694609
1694706
1694722
1694786
1694811
1694946
1695006
1695048
1695098
1695128
1695144
1695380
1695462
1695902
1695990
1696004
1696103
1696311
1696402
1696414
1696718
1696729
1696826
1696851
1696877
1696936
1696958
1697126
1697173
1697256
1697261
1697518
1697519
1697582
1697626
1697750
1697909
1698020
1698036
1698203
1698219
1698342
1698356
1698406
1698430
1698562
1698616
1698663
1698669
1698975
1698991
1699007
1699090
1699161
1699175
1699236
1699276
1699309
1699310
1699397
1699546
1699675
1699752
1700020
1700045
1700149
1700225
1700243
1700395
1700411
1700441
1700526
1700666
1700731
1700953
1701001
1701049
1701064
1701093
1701135
1701144
1701419
1701435
1701482
1701513
1701545
1701585
1701632
1701720
1701936
1702049
1702224
1702412
1702459
1702531
1702542
1702589
1702643
1702693
1702948
1702949
1703033
1703140
1703212
1703213
1703273
1703347
1703363
1703435
1703466
1703570
1703607
1703633
1703647
1703677
1703750
1703781
1703851
1703865
1704004
1704067
1704127
1704352
1704393
1704507
1704604
1704710
1704882
1704986
1705134
1705147
1705160
1705170
1705251
1705281
1705357
1705448
1705522
1705542
1705599
1705793
1705839
1706019
1706040
1706058
1706184
1706195
1706466
1706494
1706602
1706647
1706680
1706691
1706883
1706896
1707006
1707035
1707039
1707074
1707272
1707368
1707480
1707547
1707680
1707899
1707913
1707930
1708157
1708178
1708180
1708245
1708346
1708434
1708571
1708788
1709014
1709116
1709268
1709275
1709310
1709475
1709650
1710074
1710190
1710292
1710427
1710499
1710668
1710826
1710916
1710928
1711344
1711706
1711710
1711759
1711779
1711802
1711884
1711896
1712038
1712139
1712156
1712190
1712237
1712362
1712464
1712472
1712503
1712615
1712729
1713046
1713057
1713139
1713156
1713158
1713279
1713306
1713445
1713477
1713531
1713669
1713788
1713929
1713946
1713949
1713978
1714033
1714149
1714275
1714785
1715007
1715144
1715288
1715401
1715450
1715507
1715574
1715590
1715642
1715735
1715869
1715957
1715982
1716103
1716188
1716217
1716225
1716259
1716268
1716355
1716517
1716612
1716628
1716797
1717058
1717149
1717378
1717471
1717685
1717810
1717842
1717915
1717933
1717949
1718299
1718360
1718417
1718462
1718542
1718589
1718698
1718701
1718840
1718950
1718987
1719017
1719072
1719118
1719175
1719238
1719243
1719377
1719388
1719455
1719638
1719957
1719964
1719976
1719992
1720028
1720096
1720105
1720202
1720345
1720366
1720478
1720514
1720576
1720678
1720689
1720725
1720994
1721101
1721105
1721180
1721685
1721923
1721929
1721971
1722137
1722885
1722920
1722987
1723001
1723018
1723198
1723273
1723510
1723599
1723600
1723631
1723720
1723754
1723788
1723830
1723837
1724038
1724343
1724416
1724514
1724535
1724537
1724540
1724569
1724648
1724717
1724792
1724806
1724844
1725182
1725432
1725505
1725510
1725976
1726203
1726209
1726290
1726311
1726357
1726370
1726417
1726769
1726837
1726841
1726934
1727102
1727169
1727335
1727437
1727557
1727683
1727728
1727791
1727863
1727881
1728111
1728115
1728149
1728181
1728380
1728476
1728479
1728588
1728630
1728666
1728846
1728978
1729024
1729071
1729401
1729463
1729475
1729487
1729510
1729554
1729694
1729730
1729762
1730038
1730193
1730290
1730346
1730509
1730511
1730547
1730573
1730620
1730702
1730722
1730764
1731122
1731270
1731366
1731373
1731473
1731872
1731876
1731896
1732000
1732005
1732046
1732097
1732147
1732230
1732375
1732547
1732583
1732645
1732713
1732830
1732862
1732907
1732910
1732986
1733022
1733362
1733492
1733570
1733621
1733622
1733958
1734139
1734321
1734407
1734418
1734585
1734828
1734891
1735037
1735117
1735124
1735151
1735212
1735234
1735248
1735288
1735392
1735512
1735708
1735749
1735777
1735877
1736102
1736106
1736159
1736248
1736303
1736326
1736498
1736504
1736515
1736653
1736773
1736845
1737043
1737089
1737198
1737257
1737298
1737399
1737456
1737525
1737610
1737678
1737732
1737754
1737788
1737806
1737886
1738038
1738111
1738129
1738181
1738316
1738345
1738561
1738582
1738604
1738781
1738823
1739003
1739020
1739062
1739092
1739192
1739247
1739444
1739482
1739494
1739636
1739711
1739861
1739870
1739879
1739915
1739920
1740392
1740502
1740507
1740655
1740784
1740807
1741006
1741020
1741092
1741194
1741276
1741320
1741351
1741371
1741460
1741528
1741805
1741874
1741897
1742013
1742129
1742199
1742575
1742593
1742840
1742903
1743093
1743109
1743189
1743241
1743260
1743315
1743318
1743337
1743534
1743610
1743653
1743918
1743968
1743996
1744013
1744028
1744053
1744084
1744124
1744334
1744522
1744566
1744646
1744873
1744940
1745062
1745171
1745228
1745281
1745451
1745513
1745714
1745746
1745834
1745869
1745918
1745921
1746018
1746043
1746070
1746075
1746207
1746208
1746283
1746323
1746835
1747039
1747126
1747203
1747584
1747769
1747790
1748154
1748175
1748277
1748312
1748324
1748689
1748833
1748854
1748937
1749104
1749137
1749319
1749344
1749354
1749444
1749581
1749847
1749902
1749924
1750054
1750134
1750141
1750290
1750476
1750542
1750566
1750743
1750794
1750856
1750870
1751020
1751068
1751324
1751442
1751689
1751709
1751934
1752015
1752190
1752639
1752720
1752733
1752755
1752760
1752790
1752867
1752868
1752960
1753038
1753082
1753090
1753306
1753404
1753408
1753453
1753464
1753465
1753511
1753752
1753941
1753992
1754011
1754019
1754226
1754303
1754334
1754629
1754641
1754678
1754682
1755132
1755136
1755174
1755235
1755441
1755450
1755467
1755516
1755653
1755701
1755738
1755781
1755823
1755989
1756150
1756320
1756352
1756513
1756638
1756806
1757038
1757091
1757108
1757120
1757191
1757256
1757337
1757347
1757451
1757846
1757860
1758032
1758185
1758417
1758533
1758707
1758746
1758887
1758895
1758999
1759030
1759498
1759511
1759575
1759582
1759796
1759814
1759851
1759983
1759998
1760000
1760042
1760093
1760193
1760217
1760220
1760241
1760604
1760703
1760919
1761030
1761315
1761321
1761353
1761618
1761640
1761728
1761771
1761778
1761799
1761907
1761972
1762027
1762065
1762106
1762121
1762123
1762157
1762416
1762463
1762616
1762769
1762832
1762858
1762893
1762963
1763152
1763187
1763239
1763566
1764246
1764492
1764520
1764521
1764779
1764874
1765139
1765175
1765361
1765392
1765713
1765874
1765999
1766012
1766056
1766080
1766120
1766253
1766380
1766455
1766494
1766499
1766663
1766673
1766959
1767053
1767255
1767352
1767365
1767397
1767505
1767551
1767571
1767579
1767727
1767740
1767843
1767890
1767907
1767911
1768004
1768458
1768576
1768661
1768677
1768754
1768886
1768934
1769054
1769129
1769150
1769205
1769221
1769328
1769633
1769860
1770061
1770098
1770120
1770206
1770223
1770397
1770511
1770647
1770664
1770677
1770698
1770722
1770723
1770809
1770872
1770878
1770899
1771117
1771124
1771154
1771255
1771318
1771345
1771349
1771361
1771631
1771755
1771870
1771906
1772172
1772192
1772245
1772541
1772816
1772885
1772894
1772979
1773529
1773546
1773715
1773773
1773871
1773883
1773952
1773973
1774060
1774139
1774259
1774394
1774434
1774625
1774665
1774667
1774742
1774869
1774959
1775446
1775454
1775560
1775564
1775565
1775583
1775672
1775675
1775848
1775853
1775919
1775992
1775993
1776214
1776266
1776288
1776303
1776922
1776936
1776948
1777105
1777168
1777607
1777791
1777822
1778119
1778122
1778129
1778169
1778399
1778520
1778940
1778996
1779007
1779071
1779166
1779233
1779303
1779306
1779541
1779623
1779643
1779645
1779671
1779922
1780122
1780254
1780591
1780684
1780733
1780735
1780752
1781024
1781330
1781513
1781577
1781777
1781802
1781871
1781933
1781968
1781971
1782004
1782122
1782216
1782235
1782446
1782639
1782707
1782764
1782782
1782800
1782907
1782967
1783006
1783569
1783906
1783932
1783956
1784158
1784182
1784353
1784647
1784753
1784773
1785536
1785627
1785652
1785950
1785995
1786029
1786318
1786335
1786417
1786420
1786535
1786537
1786633
1786670
1786911
1786969
1787098
1787125
1787236
1787254
1787290
1787311
1787523
1787560
1787591
1787610
1787623
1787662
1787804
1787977
1788082
1788167
1788204
1788208
1788381
1788421
1788422
1788452
1788459
1788576
1788617
1788673
1788731
1788826
1788835
1788867
1788942
1788990
1789006
1789195
1789608
1789635
1789708
1789750
1789773
1790017
1790146
1790152
1790224
1790839
1791313
1791489
1791510
1791526
1791836
1792028
1792086
1792128
1792184
1792227
1792346
1792359
1792377
1792620
1792622
1792684
1792884
1792968
1793105
1793244
1793388
1793503
1793858
1793859
1793975
1794019
1794100
1794217
1794280
1794290
1794359
1794436
1794486
1794801
1794804
1794869
1794892
1795040
1795068
1795097
1795182
1795245
1795481
1795549
1795550
1795586
1795727
1795760
1796025
1796291
1796630
1796977
1796996
1797002
1797190
1797196
1797263
1797279
1797324
1797412
1797422
1797523
1797524
1797542
1797784
1797815
1797852
1797974
1797980
1798009
1798325
1798374
1798504
1798550
1798583
1798864
1798906
1798935
1798958
1799016
1799026
1799226
1799405
1799742
1799811
1799936
1799972
1800004
1800021
1800109
1800147
1800519
1800546
1800550
1800621
1800793
1800833
1800874
1800990
1801033
1801057
1801131
1801343
1801459
1801625
1801741
1801751
1801754
1801755
1801798
1801913
1801925
1801954
1802167
1802387
1802462
1802512
1802780
1802811
1802988
1803223
1803378
1803431
1803551
1803589
1803688
1803863
1803973
1804047
1804331
1804428
1804483
1804586
1804654
1804827
1804919
1804987
1805093
1805179
1805253
1805374
1805404
1805434
1805490
1805620
1805641
1805660
1806075
1806109
1806123
1806262
1806340
1806618
1806750
1806908
1807059
1807120
1807135
1807241
1807271
1807375
1807574
1807651
1807752
1807844
1807845
1807872
1807940
1807997
1808057
1808066
1808158
1808175
1808284
1808392
1808496
1808638
1808710
1809044
1809164
1809299
1809313
1809329
1809462
1809668
1809691
1809703
1809783
1809894
1809899
1809946
1809960
1810280
1810341
1810441
1810460
1810522
1810605
1810631
1810747
1810792
1811014
1811126
1811182
1811239
1811499
1811582
1811777
1811789
1811860
1811942
1812060
1812198
1812199
1812205
1812250
1812258
1812324
1812462
1812627
1812679
1812746
1812930
1813015
1813017
1813035
1813159
1813323
1813331
1813366
1813428
1813443
1813945
1814127
1814166
1814199
1814674
1814719
1814750
1814754
1814853
1814863
1815012
1815026
1815091
1815152
1815220
1815223
1815261
1815347
1815440
1815444
1815624
1815716
1815866
1816165
1816207
1816423
1816571
1816584
1816691
1816861
1816925
1816963
1816979
1817200
1817586
1817644
1817744
1818136
1818261
1818360
1818513
1818616
1818644
1818777
1818996
1819105
1819232
1819295
1819310
1819497
1819566
1819639
1819664
1819845
1820124
1820362
1820409
1820438
1820495
1820629
1820687
1820705
1820907
1820934
1820974
1821039
1821070
1821138
1821150
1821172
1821180
1821247
1821277
1821390
1821641
1821662
1821664
1821679
1822027
1822032
1822033
1822068
1822160
1822182
1822323
1822540
1822555
1822610
1822735
1822784
1822877
1822904
1822910
1823015
1823043
1823143
1823161
1823200
1823414
1823419
1823462
1823496
1823563
1823618
1823676
1823742
1823802
1823942
1824142
1824279
1824303
1824772
1824810
1825079
1825197
1825367
1825533
1825555
1825620
1825682
1825719
1825827
1825857
1825944
1825962
1826043
1826266
1826267
1826300
1826307
1826333
1826495
1826762
1826771
1826915
1827003
1827138
1827375
1827427
1827497
1827516
1827525
1827554
1827566
1827754
1827859
1827864
1828029
1828334
1828603
1828612
1828725
1828842
1828880
1828933
1829025
1829272
1829383
1829491
1829563
1829617
1829793
1829796
1829804
1829890
1829914
1829923
1829958
1829971
1829997
1830016
1830135
1830517
1830559
1830568
1830595
1830720
1830750
1830942
1830962
1830973
1831045
1831081
1831190
1831219
1831234
1831257
1831484
1831523
1831558
1831670
1831706
1831730
1831830
1831880
1832029
1832041
1832245
1832283
1832316
1832326
1832400
1832434
1832502
1832585
1832624
1832643
1832747
1832799
1832837
1832926
1832948
1833215
1833361
1833374
1833458
1833673
1833697
1833708
1833811
1833839
1833981
1834032
1834051
1834080
1834310
1834504
1834574
1834609
1834617
1834651
1834744
1834896
1835019
1835112
1835527
1835529
1835611
1835752
1835898
1835929
1836004
1836106
1836251
1836359
1836380
1836403
1836750
1836895
1836964
1837011
1837032
1837057
1837080
1837139
1837208
1837333
1837413
1837454
1837600
1837769
1837889
1838127
1838239
1838261
1838342
1838414
1838482
1838565
1838596
1838638
1838666
1838768
1838923
1839027
1839048
1840156
1840235
1840262
1840410
1840445
1840452
1840629
1840802
1840854
1841049
1841145
1841359
1841472
1841515
1841583
1841791
1842014
1842070
1842111
1842120
1842222
1842263
1842629
1842648
1842651
1842668
1842723
1842953
1843099
1843100
1843117
1843137
1843303
1843305
1843320
1843428
1843471
1843608
1843971
1844132
1844273
1844419
1844503
1844603
1844651
1844681
1845231
1845244
1845270
1845426
1845520
1845572
1845590
1845708
1845948
1846007
1846032
1846035
1846125
1846175
1846515
1846538
1846566
1846606
1846623
1846846
1846871
1846881
1846897
1847372
1847383
1847715
1847751
1847756
1847832
1847836
1847896
1847913
1847983
1848246
1848311
1848657
1848670
1848751
1848848
1848946
1849121
1849472
1849573
1849620
1849624
1849633
1849697
1849732
1849825
1849903
1849911
1849988
1850040
1850592
1850615
1850625
1850669
1850895
1850913
1851068
1851123
1851212
1851436
1851532
1851591
1851623
1851711
1851735
1851786
1851794
1851828
1851875
1851894
1851902
1852081
1852129
1852135
1852325
1852423
1852590
1852705
1852749
1852818
1852826
1852835
1852902
1853061
1853103
1853134
1853190
1853196
1853234
1853267
1853270
1853435
1853581
1853639
1853770
1853784
1853839
1853991
1854029
1854112
1854170
1854316
1854333
1854446
1854485
1854706
1854793
1855021
1855266
1855503
1855524
1855636
1855649
1855778
1855834
1855905
1856006
1856022
1856060
1856173
1856526
1856590
1856750
1856820
1857057
1857087
1857239
1857261
1857322
1857401
1857480
1857517
1857780
1857794
1857817
1857933
1858004
1858010
1858052
1858255
1858326
1858334
1858530
1858867
1858961
1859050
1859141
1859180
1859184
1859221
1859430
1859464
1859481
1859735
1859828
1859842
1859898
1859955
1860005
1860128
1860133
1860147
1860227
1860325
1860415
1860668
1860693
1860816
1860891
1860900
1860985
1861076
1861205
1861249
1861265
1861443
1861605
1861613
1861724
1861735
1861806
1861829
1861926
1861995
1862000
1862106
1862140
1862224
1862379
1862414
1862457
1862486
1862516
1862566
1862569
1862667
1862909
1862943
1863215
1863315
1863587
1863609
1863631
1863649
1863749
1863937
1864011
1864131
1864429
1864518
1864592
1864686
1864742
1864762
1864769
1864847
1865053
1865153
1865175
1865178
1865305
1865731
1865791
1865859
1866062
1866094
1866098
1866386
1866427
1866667
1866691
1866748
1866767
1866802
1866817
1866919
1866922
1867069
1867100
1867520
1867557
1867677
1867862
1867876
1867988
1868032
1868077
1868116
1868157
1868174
1868244
1868251
1868315
1868425
1868488
1868591
1868593
1868641
1868750
1869027
1869183
1869187
1869244
1869460
1869487
1869540
1869636
1869709
1870027
1870094
1870116
1870332
1870334
1870361
1870458
1870477
1870625
1870797
1870914
1870982
1870991
1871081
1871374
1871377
1871390
1871607
1871653
1871794
1871806
1872023
1872080
1872100
1872332
1872387
1872436
1872458
1872467
1872505
1872516
1872551
1872595
1872663
1872749
1873156
1873287
1873387
1873499
1873710
1873956
1873980
1874120
1874123
1874132
1874176
1874219
1874311
1874365
1874414
1874429
1874619
1874644
1874659
1874682
1874700
1874749
1875056
1875201
1875220
1875246
1875252
1875289
1875343
1875501
1875556
1875586
1875630
1875642
1875803
1875836
1876037
1876050
1876113
1876196
1876351
1876388
1876524
1876675
1876868
1876958
1877089
1877117
1877321
1877474
1877645
1877673
1877694
1877701
1877787
1877873
1878224
1878281
1878343
1878764
1878802
1878837
1879088
1879219
1879234
1879293
1879299
1879405
1879462
1879527
1879661
1879780
1879799
1879821
1879872
1879997
1880210
1880222
1880236
1880264
1880345
1880615
1880725
1880941
1881030
1881061
1881333
1881613
1881645
1881833
1881897
1881935
1881945
1881994
1882007
1882065
1882648
1882705
1882733
1882764
1882835
1882958
1882960
1882994
1883067
1883392
1883440
1883532
1883644
1883777
1883962
1884247
1884344
1884408
1884421
1884452
1884518
1884738
1884866
1884938
1884998
1885189
1885248
1885331
1885397
1885521
1885575
1885657
1885660
1885903
1886129
1886409
1886431
1886656
1886666
1886691
1886712
1886757
1886818
1886914
1886921
1886984
1887035
1887171
1887185
1887210
1887250
1887332
1887685
1887883
1887913
1887934
1888036
1888166
1888202
1888243
1888293
1888471
1888730
1888836
1888854
1888910
1888956
1888996
1889157
1889185
1889202
1889236
1889240
1889345
1889390
1889416
1889473
1889570
1890023
1890334
1890378
1890486
1890603
1890636
1890689
1890703
1890797
1890825
1890989
1891043
1891119
1891142
1891157
1891369
1891374
1891512
1891597
1891649
1891735
1891776
1891818
1891968
1892059
1892122
1892123
1892154
1892507
1892539
1892801
1892807
1892980
1892996
1893100
1893260
1893366
1893425
1893446
1893473
1893489
1893557
1893559
1893689
1893695
1893784
1893846
1893893
1894037
1894104
1894108
1894211
1894219
1894395
1894612
1894792
1894930
1894993
1895085
1895103
1895323
1895406
1895628
1895797
1895836
1895853
1896019
1896117
1896156
1896182
1896207
1896333
1896459
1896707
1896744
1896914
1896941
1896960
1897236
1897458
1897528
1897670
1897725
1897727
1897902
1897988
1898088
1898368
1898410
1898605
1898795
1898883
1899121
1899257
1899289
1899383
1899471
1899542
1899717
1899777
1899854
1899932
1899954
1900138
1900251
1900382
1900407
1900619
1900768
1900834
1900844
1900854
1900942
1901037
1901080
1901100
1901164
1901185
1901201
1901270
1901367
1901485
1901562
1901633
1901735
1901765
1901851
1901915
1902055
1902119
1902231
1902253
1902369
1902737
1902868
1902967
1903132
1903479
1903514
1903547
1903568
1903598
1903717
1903766
1903928
1904077
1904151
1904320
1904523
1904614
1904684
1904701
1904709
1904885
1905008
1905308
1905416
1905613
1905719
1905760
1905920
1906045
1906148
1906149
1906321
1906331
1906395
1906634
1906640
1906706
1906739
1906990
1907409
1907412
1907453
1907672
1907718
1907873
1907922
1907955
1908011
1908042
1908086
1908127
1908207
1908272
1908433
1908442
1908624
1908666
1908753
1909075
1909364
1909430
1909607
1910044
1910175
1910332
1910365
1910589
1910714
1910765
1910831
1910957
1910970
1911038
1911091
1911131
1911575
1911598
1911734
1911775
1911913
1912001
1912104
1912109
1912151
1912215
1912289
1912333
1912381
1912434
1912509
1912525
1912545
1912621
1912908
1913261
1913361
1913436
1913689
1913825
1913931
1914083
1914167
1914213
1914279
1914396
1914411
1914452
1914569
1914646
1914724
1914734
1914737
1914986
1914991
1915077
1915112
1915136
1915213
1915283
1915469
1915506
1915543
1915590
1915801
1915843
1916130
1916226
1916242
1916391
1916557
1916579
1916606
1916684
1916690
1916775
1916793
1916808
1916866
1916902
1916964
1917024
1917370
1917386
1917436
1917450
1917473
1917488
1917622
1917838
1917906
1917933
1917934
1918059
1918072
1918077
1918234
1918274
1918334
1918499
1918621
1918706
1918810
1918854
1919064
1919228
1919233
1919388
1919400
1919529
1919580
1919819
1919825
1919942
1920011
1920090
1920176
1920183
1920200
1920208
1920244
1920298
1920332
1920341
1920361
1920531
1920551
1920640
1920719
1920785
1920874
1920901
1921098
1921159
1921252
1921314
1921339
1921381
1921391
1921527
1921694
1921760
1921767
1922144
1922215
1922297
1922393
1922781
1923037
1923230
1923256
1923346
1923425
1923482
1923498
1923516
1923627
1923856
1923869
1923878
1923949
1924073
1924075
1924525
1924557
1924573
1924610
1924676
1924723
1924771
1925015
1925259
1925289
1925333
1925400
1925491
1925493
1925606
1925646
1925686
1925750
1925757
1925782
1925796
1925802
1925889
1925907
1925979
1926037
1926128
1926176
1926469
1926497
1926556
1926769
1926784
1926786
1926990
1927017
1927049
1927182
1927214
1927257
1927320
1927358
1927452
1927522
1927609
1927728
1927919
1927947
1928020
1928155
1928158
1928233
1928240
1928433
1928499
1928525
1928614
1928645
1928677
1928686
1928842
1928915
1928921
1928935
1928980
1929384
1929418
1929419
1929558
1929838
1929954
1930113
1930346
1930570
1930583
1930607
1930840
1930936
1930960
1930990
1931056
1931204
1931248
1931377
1931405
1931421
1931494
1931828
1931875
1931878
1931893
1931936
1931957
1931958
1931990
1932068
1932082
1932129
1932254
1932266
1932273
1932321
1932370
1932553
1932566
1932684
1932798
1933016
1933023
1933068
1933103
1933165
1933341
1933402
1933426
1933587
1933902
1934000
1934114
1934178
1934424
1934721
1934748
1934796
1934822
1935011
1935155
1935173
1935219
1935288
1935318
1935503
1935555
1935596
1935629
1935643
1935648
1935924
1936000
1936076
1936122
1936144
1936177
1936357
1936696
1936739
1936824
1937097
1937367
1937428
1937528
1937603
1937763
1937851
1937904
1937952
1938015
1938131
1938176
1938215
1938220
1938256
1938399
1938633
1938833
1939000
1939054
1939072
1939156
1939181
1939393
1939477
1939496
1939696
1939750
1939829
1939837
1940024
1940074
1940180
1940213
1940214
1940434
1940758
1940776
1940818
1940999
1941235
1941501
1941579
1941760
1942010
1942019
1942030
1942032
1942185
1942202
1942259
1942284
1942384
1942873
1943097
1943106
1943143
1943160
1943231
1943232
1943271
1943336
1943351
1943368
1943389
1943401
1943409
1943464
1943513
1943550
1943633
1943635
1943880
1943895
1943958
1944085
1944167
1944324
1944387
1944418
1944442
1944443
1944570
1944586
1944635
1944761
1944826
1944908
1945043
1945090
1945194
1945199
1945274
1945355
1945472
1945487
1945688
1945695
1945892
1945911
1946074
1946172
1946492
1946590
1946653
1946661
1946684
1946732
1946778
1946806
1946823
1946942
1947025
1947086
1947237
1947239
1947242
1947271
1947396
1947462
1947463
1947515
1947533
1947590
1947591
1947617
1947849
1947933
1947939
1947942
1947975
1948053
1948182
1948359
1948423
1948455
1948495
1948556
1948574
1948681
1948747
1948772
1948857
1948925
1948953
1949181
1949267
1949349
1949479
1949608
1949704
1949711
1949788
1949922
1950082
1950134
1950294
1950315
1950474
1950566
1950664
1950712
1950740
1950815
1950950
1951002
1951003
1951041
1951238
1951352
1951362
1951409
1951503
1951823
1951853
1951948
1952065
1952122
1952185
1952186
1952252
1952371
1952461
1952534
1952564
1952589
1952630
1952637
1952800
1952836
1953433
1953571
1953635
1953859
1953904
1953941
1953991
1954154
1954203
1954296
1954539
1954567
1954615
1954766
1954813
1954944
1954949
1954976
1955056
1955252
1955337
1955381
1955407
1955431
1955479
1955621
1955625
1955664
1955665
1955683
1955794
1955810
1955860
1955908
1955924
1955931
1956000
1956034
1956282
1956403
1956555
1956686
1956721
1956792
1956857
1957019
1957103
1957123
1957145
1957190
1957325
1957422
1957534
1957574
1957635
1957671
1957679
1957897
1957964
1958076
1958202
1958219
1958253
1958261
1958373
1958554
1958626
1958661
1958724
1958747
1958752
1959115
1959237
1959242
1959331
1959491
1959619
1959717
1959903
1960027
1960134
1960152
1960189
1960246
1960264
1960314
1960447
1960479
1960540
1960559
1960567
1960769
1960932
1961043
1961352
1961460
1961498
1961612
1961629
1961964
1962063
1962098
1962264
1962338
1962357
1962432
1962628
1962637
1962744
1962833
1962846
1963354
1963398
1963440
1963487
1963699
1963777
1963845
1963856
1963885
1963940
1963964
1964131
1964166
1964230
1964244
1964291
1964392
1964421
1964620
1964694
1964742
1964761
1965274
1965567
1965831
1965835
1965909
1966213
1966365
1966457
1966529
1966608
1966752
1966808
1967009
1967221
1967256
1967270
1967427
1967523
1967532
1967538
1967558
1967620
1967761
1967879
1968031
1968080
1968096
1968113
1968191
1968202
1968288
1968444
1968781
1968902
1968996
1969130
1969307
1969637
1969901
1969927
1970047
1970187
1970275
1970315
1970359
1970404
1970530
1970719
1970722
1970750
1971428
1971505
1971544
1972053
1972125
1972392
1972454
1972493
1972507
1972549
1972730
1972994
1973024
1973037
1973158
1973186
1973249
1973319
1973349
1973384
1973486
1973500
1973614
1973868
1973889
1973916
1974051
1974082
1974090
1974148
1974167
1974189
1974393
1974644
1974736
1974754
1974938
1975021
1975147
1975304
1975354
1975398
1975598
1975616
1975864
1975884
1976002
1976019
1976039
1976111
1976218
1976312
1976387
1976599
1976614
1976660
1976667
1976728
1976855
1977012
1977263
1977272
1977334
1977439
1977442
1977546
1977657
1977676
1977732
1977878
1977909
1977985
1977990
1978058
1978162
1978325
1978330
1978347
1978451
1978460
1978522
1978555
1978614
1978736
1978825
1978939
1979005
1979213
1979233
1979287
1979652
1979709
1979859
1979903
1979912
1979916
1979972
1980022
1980036
1980139
1980302
1980392
1980615
1980715
1980846
1980932
1980979
1981117
1981184
1981198
1981243
1981315
1981531
1981578
1981639
1981796
1981820
1981828
1981986
1982056
1982078
1982219
1982281
1982362
1982372
1982416
1982441
1982461
1982552
1982560
1982562
1982609
1982648
1982722
1982762
1982801
1983042
1983699
1983884
1983892
1984016
1984132
1984260
1984303
1984565
1984660
1984848
1984930
1984941
1985116
1985151
1985319
1985324
1985407
1985457
1985467
1985790
1985800
1985839
1985896
1985939
1986007
1986104
1986105
1986264
1986340
1986376
1986383
1986438
1986564
1986582
1986596
1986641
1986670
1986810
1986907
1987003
1987299
1987360
1987372
1987410
1987625
1988144
1988302
1988654
1988684
1988811
1988854
1988894
1989144
1989257
1989404
1989462
1989909
1989974
1990059
1990314
1990318
1990868
1990929
1991121
1991140
1991435
1991474
1991515
1991569
1991572
1991931
1992461
1992670
1992739
1992841
1993027
1993086
1993115
1993327
1993334
1993354
1993404
1993415
1993544
1993680
1993809
1994350
1994451
1994489
1994669
1994709
1995019
1995123
1995226
1995315
1995405
1995406
1995562
1995628
1995728
1995808
1995876
1995946
1995999
1996008
1996020
1996060
1996313
1996394
1996734
1996751
1996891
1997016
1997096
1997111
1997143
1997198
1997249
1997696
1997804
1998032
1998071
1998395
1998401
1998483
1998596
1998620
1998795
1998976
1999020
1999215
1999265
1999512
1999550
1999578
1999870
2000119
2000310
2000502
2000776
2000987
2000995
2000996
2001303
2001320
2001400
2001529
2001687
2001831
2001925
2002012
2002069
2002195
2002262
2002473
2002579
2003059
2003080
2003085
2003101
2003110
2003166
2003192
2003197
2003468
2003583
2003700
2003917
2003985
2004672
2004692
2004718
2004879
2005090
2005250
2005387
2005412
2005428
2005609
2005842
2005858
2005942
2006024
2006025
2006192
2006220
2006255
2006487
2006525
2006633
2006672
2006718
2006895
2006901
2006938
2007000
2007015
2007213
2007245
2007385
2007441
2007467
2007658
2007848
2007861
2007891
2008021
2008051
2008209
2008449
2008457
2008508
2008563
2008695
2008745
2008796
2008801
2009203
2009216
2009251
2009447
2009586
2009841
2009952
2010117
2010123
2010127
2010223
2010289
2010427
2010722
2010733
2010854
2011008
2011258
2011399
2011451
2011787
2011803
2012145
2012298
2012421
2012430
2012474
2012788
2013185
2013390
2013458
2013481
2013542
2013720
2013816
2013818
2013846
2014254
2014373
2014391
2014432
2014530
2014597
2014619
2014651
2014687
2014692
2014891
2014958
2015024
2015180
2015236
2015265
2015335
2015778
2016042
2016104
2016120
2016154
2016164
2016235
2016238
2016329
2016786
2016878
2016933
2016984
2017118
2017158
2017176
2017264
2017526
2017590
2017667
2017722
2017790
2017802
2017824
2017976
2018017
2018074
2018185
2018226
2018292
2018328
2018349
2018393
2018408
2018422
2018437
2018518
2018637
2018788
2018828
2018929
2019037
2019052
2019177
2019400
2019449
2019488
2019622
2019683
2019988
2020011
2020061
2020224
2020385
2020402
2020468
2020494
2020545
2020805
2020822
2020984
2021139
2021286
2021314
2021441
2021480
2021496
2021512
2021538
2021593
2021726
2021728
2022007
2022101
2022167
2022184
2022428
2022485
2022487
2022640
2022741
2022968
2023203
2023288
2023673
2023705
2023797
2023832
2023878
2024021
2024160
2024266
2024287
2024604
2024818
2025116
2025152
2025189
2025218
2025247
2025248
2025436
2025460
2025546
2025626
2025690
2025706
2025745
2025787
2025815
2025855
2026215
2026252
2026375
2026633
2026640
2026795
2027034
2027135
2027219
2027277
2027286
2027327
2027421
2027455
2027643
2027754
2027867
2027906
2027944
2028011
2028044
2028260
2028309
2028326
2028587
2028757
2029046
2029182
2029444
2029448
2029521
2029852
2029856
2029865
2030044
2030091
2030112
2030120
2030151
2030259
2030279
2030307
2030554
2030695
2030764
2030802
2030957
2031128
2031183
2031348
2031379
2031442
2031580
2031582
2031627
2031661
2031673
2031696
2031791
2031798
2031907
2031980
2032060
2032074
2032166
2032251
2032385
2032549
2032622
2032907
2032922
2033041
2033102
2033256
2033283
2033356
2033422
2033450
2033625
2033634
2033639
2033691
2033745
2033786
2033808
2033856
2034017
2034036
2034110
2034125
2034238
2034363
2034477
2034642
2034744
2034847
2034953
2034999
2035003
2035208
2035219
2035445
2035451
2035820
2035848
2035871
2035913
2036083
2036106
2036200
2036206
2036209
2036288
2036299
2036307
2036410
2036418
2036446
2036492
2036578
2036788
2036861
2036881
2036902
2036954
2036985
2037123
2037151
2037230
2037240
2037245
2037282
2037310
2037377
2037452
2037481
2037638
2037676
2037704
2037725
2037799
2037936
2038031
2038055
2038076
2038111
2038318
2038408
2038410
2038412
2038571
2038669
2038896
2039028
2039080
2039123
2039209
2039340
2039558
2039560
2039595
2039624
2039648
2039733
2039915
2040007
2040013
2040270
2040297
2040355
2040374
2040425
2040684
2040728
2040747
2040813
2040818
2041116
2041295
2041375
2041450
2041737
2041888
2041895
2042097
2042357
2042380
2042585
2042616
2042780
2042801
2042843
2043053
2043253
2043465
2043491
2043513
2043533
2043546
2043553
2043680
2043756
2043770
2043821
2043945
2044427
2044531
2044547
2044904
2044955
2045109
2045172
2045178
2045192
2045326
2045427
2045472
2045522
2045526
2045536
2045540
2045596
2045661
2045714
2046000
2046093
2046250
2046455
2046506
2046519
2046579
2046616
2046728
2046792
2047003
2047596
2047618
2047628
2048132
2048146
2048152
2048507
2048599
2048714
2048821
2048945
2049006
2049010
2049094
2049202
2049244
2049403
2049572
2049592
2049787
2050032
2050037
2050089
2050215
2050435
2050449
2050559
2050656
2050679
2050723
2050798
2050847
2050901
2051284
2051309
2051570
2051688
2051795
2051820
2051859
2051898
2051906
2051974
2051986
2052052
2052140
2052155
2052248
2052266
2052304
2052408
2052455
2052499
2052667
2052690
2052805
2052867
2053047
2053049
2053113
2053131
2053418
2053464
2053506
2053522
2053528
2053590
2053716
2053721
2053767
2053891
2053918
2053989
2054255
2054269
2054391
2054442
2054533
2054722
2054972
2055202
2055299
2055325
2055551
2055569
2055581
2055789
2056026
2056201
2056322
2056449
2056652
2056667
2056675
2056686
2056785
2056796
2056962
2057073
2057261
2057405
2057542
2057593
2057616
2057644
2057699
2057728
2057873
2057956
2057992
2058147
2058175
2058369
2058718
2058755
2058807
2059039
2059047
2059149
2059401
2059479
2059573
2059637
2059747
2059800
2060016
2060028
2060052
2060071
2060199
2060251
2060325
2060580
2060906
2060977
2061036
2061070
2061176
2061253
2061264
2061379
2061384
2061479
2061591
2061626
2061714
2061740
2061831
2061850
2061853
2062119
2062284
2062460
2062745
2062797
2062899
2063086
2063139
2063185
2063378
2063548
2063677
2063744
2063959
2063961
2063999
2064076
2064250
2064288
2064353
2064394
2064540
2064674
2064693
2064786
2064791
2064800
2065318
2065337
2065436
2065577
2065724
2065778
2065904
2066212
2066286
2066393
2066442
2066481
2066666
2066752
2067016
2067069
2067212
2067521
2067616
2067739
2067819
2068030
2068097
2068277
2068295
2068319
2068647
2068656
2068841
2068998
2069161
2069232
2069413
2069475
2069709
2069754
2069898
2069904
2070063
2070164
2070260
2070268
2070276
2070372
2070415
2070421
2070604
2070679
2070785
2070789
2070809
2070897
2070944
2071223
2071241
2071305
2071323
2071364
2071675
2071739
2071769
2071984
2072168
2072198
2072485
2072487
2072734
2072819
2072893
2072957
2072981
2073061
2073195
2073286
2073367
2073679
2073710
2073854
2074010
2074043
2074074
2074176
2074331
2074444
2074457
2074538
2074554
2074555
2074565
2074609
2074809
2074856
2075057
2075120
2075155
2075317
2075337
2075352
2075488
2075610
2075715
2075738
2075802
2075807
2075880
2076104
2076146
2076381
2076582
2076834
2077101
2077212
2077374
2077478
2077577
2077578
2077669
2077706
2077720
2077819
2077993
2078098
2078198
2078240
2078253
2078287
2078387
2078454
2078493
2078550
2078575
2078639
2078954
2079004
2079113
2079232
2079259
2079457
2079483
2079589
2079670
2079755
2079940
2080115
2080145
2080485
2080794
2080882
2080968
2081068
2081104
2081140
2081284
2081306
2081467
2081468
2081488
2081631
2081701
2081987
2082043
2082169
2082287
2082312
2082396
2082549
2082564
2082635
2082802
2082996
2083056
2083151
2083234
2083503
2083639
2083713
2083837
2083851
2083861
2083905
2083973
2084047
2084062
2084180
2084230
2084378
2084444
2084499
2084539
2084542
2084557
2084645
2084796
2084975
2084997
2085135
2085220
2085339
2085374
2085640
2085758
2085772
2085818
2085860
2085866
2085917
2086039
2086131
2086132
2086148
2086307
2086591
2086600
2087098
2087136
2087149
2087344
2087358
2087362
2087529
2087534
2087599
2087649
2087812
2087847
2087896
2087975
2088041
2088057
2088188
2088233
2088531
2088547
2088587
2088798
2088844
2089171
2089173
2089248
2089326
2089359
2089806
2089881
2090016
2090187
2090227
2090304
2090316
2090355
2090473
2090641
2090675
2090784
2090796
2090908
2090979
2091036
2091178
2091213
2091216
2091463
2091703
2091824
2091979
2091998
2092012
2092040
2092306
2092516
2092545
2092644
2092760
2092951
2092959
2092968
2093128
2093129
2093168
2093545
2093599
2093807
2093905
2093909
2094123
2094249
2094255
2094305
2094435
2094494
2094563
2094613
2094793
2094866
2094929
2094940
2095133
2095142
2095291
2095524
2095750
2095763
2095773
2095797
2095898
2095988
2096047
2096073
2096094
2096241
2096279
2096339
2096355
2096640
2096686
2096917
2097060
2097376
2097767
2098058
2098086
2098232
2098269
2098330
2098382
2098404
2098411
2098440
2098471
2098478
2098561
2098580
2098691
2098792
2098803
2098988
2099027
2099048
2099191
2099222
2099228
2099725
2099759
2099920
2100236
2100266
2100290
2100364
2100649
2100781
2100984
2101055
2101168
2101379
2101383
2101522
2101532
2101559
2101659
2101740
2101847
2101856
2101950
2102085
2102201
2102316
2102425
2102683
2102755
2102893
2102921
2102946
2103015
2103086
2103146
2103220
2103290
2103292
2103307
2103539
2103675
2103704
2103812
2103916
2103948
2104022
2104070
2104111
2104598
2104674
2105078
2105142
2105483
2105548
2105654
2105708
2105738
2105793
2105827
2106050
2106086
2106105
2106110
2106126
2106214
2106305
2106351
2106492
2106495
2106609
2106691
2106702
2106718
2106962
2107155
2107202
2107225
2107333
2107525
2107630
2107701
2107804
2107878
2107886
2107970
2108243
2108507
2108740
2108796
2108965
2109007
2109101
2109209
2109301
2109396
2109434
2109511
2109704
2109870
2109924
2110338
2110476
2110502
2110545
2110553
2110572
2110789
2110831
2110983
2111342
2111447
2111631
2111729
2111761
2111982
2111996
2112081
2112267
2112492
2112746
2112771
2112899
2113057
2113093
2113209
2113305
2113596
2113697
2113732
2113975
2114033
2114226
2114271
2114365
2114451
2114498
2114524
2115036
2115061
2115240
2115342
2115459
2115695
2115716
2115746
2115801
2115822
2115932
2116107
2116355
2116382
2116470
2116737
2116846
2116868
2116879
2116948
2116953
2116989
2117169
2117174
2117266
2117398
2117530
2117595
2117635
2117863
2117998
2118018
2118077
2118136
2118161
2118254
2118324
2118518
2118555
2118594
2118648
2118924
2118984
2119087
2119204
2119332
2119358
2119374
2119396
2119413
2119450
2119482
2119630
2119651
2119779
2119885
2120077
2120189
2120237
2120246
2120282
2120291
2120306
2120386
2120411
2120443
2120461
2120512
2120604
2120645
2120887
2120904
2121026
2121160
2121192
2121494
2121543
2121557
2121574
2121623
2121887
2122031
2122118
2122567
2122624
2122666
2122813
2123166
2123184
2123299
2123315
2123439
2123465
2123752
2123813
2123825
2123896
2124259
2124288
2124374
2124513
2124627
2124630
2124893
2125010
2125068
2125114
2125131
2125168
2125196
2125489
2125512
2125887
2125979
2126142
2126346
2126446
2126695
2126748
2126762
2126889
2127011
2127015
2127019
2127055
2127195
2127268
2127367
2127373
2127440
2127487
2127533
2127627
2127667
2127722
2127725
2127947
2128068
2128114
2128122
2128209
2128455
2128541
2128642
2128808
2128904
2128929
2129020
2129134
2129558
2129622
2129770
2129939
2129957
2130008
2130032
2130040
2130280
2130384
2130400
2130571
2130619
2130620
2130674
2130702
2130771
2130794
2130879
2130913
2131083
2131226
2131232
2131284
2131334
2131474
2131529
2131535
2131697
2131759
2131850
2131936
2131980
2132010
2132015
2132116
2132217
2132251
2132346
2132641
2132809
2132867
2132933
2132948
2133052
2133400
2133479
2133510
2133758
2133779
2133803
2133816
2133887
2134129
2134408
2134425
2134525
2134570
2134657
2134800
2134904
2134948
2135128
2135235
2135274
2135340
2135407
2135435
2135502
2135607
2135621
2135678
2135976
2136034
2136107
2136250
2136300
2136347
2136458
2136459
2136567
2136618
2136772
2136845
2136938
2137069
2137242
2137358
2137392
2137467
2137527
2137620
2137775
2137853
2137944
2138017
2138064
2138200
2138368
2138381
2138451
2138532
2138738
2138920
2139037
2139041
2139078
2139129
2139314
2139320
2139363
2139532
2139618
2139746
2139793
2139983
2140265
2140285
2140424
2140651
2140652
2140834
2140922
2141071
2141244
2141407
2141519
2141564
2141568
2141581
2141691
2141756
2141788
2141858
2142046
2142209
2142285
2142333
2142546
2142614
2143096
2143218
2143250
2143272
2143446
2143527
2143667
2144113
2144393
2144481
2144525
2144582
2144853
2144953
2145387
2145393
2145452
2145523
2145578
2145589
2145592
2145666
2145848
2145908
2146061
2146067
2146159
2146304
2146330
2146498
2146743
2146820
2146869
2146933
2147004
2147012
2147105
2147128
2147170
2147199
2147396
2147579
2147649
2147823
2147935
2147939
2147951
2148092
2148150
2148169
2148285
2148381
2148395
2148581
2148587
2148912
2148918
2148953
2149051
2149728
2149816
2149876
2149895
2149896
2149905
2149925
2149955
2150241
2150581
2150819
2150848
2150979
2151145
2151150
2151443
2151481
2151488
2151613
2151924
2152189
2152272
2152356
2152401
2152749
2152787
2152811
2152816
2152929
2152945
2153027
2153103
2153572
2153590
2153703
2153810
2153953
2153963
2153971
2154011
2154078
2154238
2154248
2154307
2154407
2154435
2154442
2154594
2154648
2154668
2154827
2154888
2154951
2155030
2155117
2155196
2155306
2155460
2155798
2155825
2156010
2156185
2156227
2156357
2156360
2156494
2156718
2156984
2157075
2157207
2157216
2157308
2157448
2157462
2157568
2157680
2157706
2157741
2157747
2157775
2157786
2157894
2157904
2158143
2158312
2158477
2158516
2158591
2158802
2158843
2159033
2159034
2159040
2159126
2159389
2159411
2159429
2159508
2159546
2159711
2159734
2159920
2160091
2160110
2160175
2160195
2160244
2160274
2160278
2160367
2160452
2160481
2160616
2160686
2160778
2160829
2160872
2160909
2161194
2161201
2161311
2161459
2161464
2161558
2161760
2161812
2162009
2162138
2162168
2162194
2162383
2162428
2162514
2162617
2162764
2162859
2162929
2163038
2163138
2163224
2163250
2163422
2163479
2163523
2163679
2163805
2164309
2164578
2164714
2164739
2164867
2164938
2165114
2165293
2165317
2165320
2165380
2165388
2165732
2165752
2165935
2166180
2166196
2166240
2166320
2166384
2166418
2166465
2166471
2166492
2166510
2166589
2166779
2166850
2166964
2167009
2167010
2167079
2167083
2167321
2167419
2167629
2167737
2167857
2168006
2168102
2168159
2168275
2168329
2168357
2168365
2168399
2168816
2168828
2169052
2169075
2169434
2169616
2169792
2169879
2169962
2170036
2170066
2170089
2170107
2170133
2170305
2170503
2170513
2170603
2170621
2170626
2170642
2170698
2170721
2170813
2170846
2170925
2170977
2171085
2171183
2171276
2171401
2171406
2171413
2171483
2171519
2171579
2171900
2172041
2172250
2172257
2172427
2172636
2172673
2172772
2172791
2172846
2172894
2172925
2172997
2173058
2173185
2173206
2173334
2173366
2173427
2173508
2173674
2173819
2174235
2174279
2174305
2174492
2174527
2174574
2174655
2174864
2175210
2175231
2175286
2175399
2175513
2175528
2175575
2175585
2175711
2175841
2175942
2176000
2176168
2176335
2176378
2176398
2176484
2176544
2176818
2177083
2177164
2177177
2177393
2177737
2177802
2177873
2177972
2177980
2177994
2178020
2178126
2178167
2178292
2178356
2178390
2178456
2178496
2178820
2178885
2178892
2178931
2179057
2179226
2179245
2179288
2179479
2179563
2179711
2179757
2179772
2180036
2180046
2180132
2180135
2180249
2180286
2180349
2180379
2180602
2180617
2180699
2180705
2180711
2180803
2181019
2181024
2181039
2181269
2181296
2181360
2181378
2181492
2181525
2181697
2181735
2181958
2182033
2182057
2182145
2182168
2182203
2182217
2182309
2182336
2182366
2182469
2182534
2182540
2182678
2182777
2182842
2182872
2182880
2182886
2182896
2182932
2183148
2183299
2183432
2183451
2183611
2183655
2183690
2183777
2183801
2183823
2183833
2184063
2184082
2184148
2184241
2184553
2184575
2184582
2184773
2184784
2184874
2185169
2185324
2185560
2185649
2185975
2186050
2186054
2186165
2186325
2186430
2186456
2186874
2186885
2187125
2187134
2187137
2187166
2187172
2187263
2187275
2187348
2187664
2187845
2187865
2187882
2188088
2188132
2188227
2188310
2188512
2188526
2188624
2189195
2189379
2189382
2189597
2189686
2189739
2189760
2189913
2189933
2190031
2190070
2190351
2190380
2190492
2190594
2190718
2190877
2190930
2191358
2191421
2191505
2191892
2191957
2192016
2192052
2192168
2192169
2192216
2192348
2192597
2192689
2192702
2192748
2192779
2192782
2192848
2192919
2193044
2193242
2193247
2193253
2193287
2193323
2193391
2193707
2193822
2193859
2193995
2194068
2194093
2194222
2194260
2194336
2194364
2194365
2194461
2194518
2194743
2194776
2195156
2195401
2195415
2195702
2195798
2195859
2195907
2195940
2196041
2196144
2196252
2196314
2196359
2196366
2196409
2196460
2196613
2196620
2196695
2196927
2196986
2197181
2197398
2197429
2197710
2198153
2198298
2198302
2198442
2198482
2198532
2198628
2198800
2198849
2199242
2199357
2199518
2199537
2199729
2199746
2199831
2199863
2199974
2200051
2200081
2200128
2200195
2200345
2200485
2200801
2200889
2200901
2200979
2200994
2201067
2201127
2201173
2201245
2201318
2201324
2201333
2201383
2201458
2201535
2201787
2201982
2202066
2202172
2202364
2202447
2202764
2202766
2202834
2202855
2202889
2203102
2203111
2203145
2203312
2203532
2203700
2203800
2203816
2203878
2203912
2203945
2203998
2204176
2204227
2204388
2204402
2204469
2204493
2204537
2204573
2204584
2204615
2204735
2204824
2204832
2205060
2205260
2205407
2205433
2205787
2205792
2205803
2205835
2205924
2205926
2206041
2206240
2206287
2206393
2206418
2206621
2206676
2206796
2206848
2206870
2206882
2206896
2206952
2206971
2207169
2207219
2207266
2207399
2207463
2207712
2207764
2207787
2207912
2207946
2207949
2207979
2208033
2208084
2208526
2208633
2208703
2209068
2209124
2209257
2209399
2209507
2209553
2209607
2209608
2209644
2209649
2209773
2210029
2210063
2210137
2210164
2210435
2210732
2210765
2210795
2210827
2210838
2210839
2210956
2211047
2211111
2211137
2211177
2211196
2211317
2211368
2211376
2211427
2211535
2211627
2211660
2211726
2211769
2211853
2211943
2212158
2212336
2212350
2212407
2212431
2212725
2212832
2212849
2212921
2212926
2212932
2212969
2213081
2213187
2213189
2213232
2213388
2213523
2213590
2213726
2214334
2214421
2214504
2214522
2214638
2214684
2214754
2214855
2214913
2215040
2215211
2215328
2215434
2215572
2215903
2215911
2215996
2216018
2216026
2216257
2216306
2216421
2216423
2216456
2216586
2216667
2216758
2216790
2216848
2216925
2216956
2217040
2217081
2217146
2217265
2217341
2217350
2217494
2217517
2217595
2217640
2217688
2217879
2218164
2218214
2218219
2218567
2218733
2218749
2218942
2218991
2219074
2219147
2219295
2219368
2219609
2219645
2219652
2219678
2219706
2219758
2219987
2220028
2220186
2220267
2220509
2220645
2220749
2220908
2220920
2220971
2220981
2221108
2221131
2221173
2221239
2221247
2221491
2222000
2222011
2222013
2222036
2222072
2222479
2222770
2222855
2222954
2223032
2223164
2223227
2223494
2223535
2223562
2223671
2223753
2223796
2223808
2223815
2223818
2224047
2224096
2224508
2224565
2224654
2224766
2224919
2224928
2225263
2225315
2225323
2225406
2225440
2225549
2225675
2225699
2225741
2225745
2225775
2225831
2225907
2226207
2226326
2226415
2226426
2226497
2226535
2226536
2226989
2227236
2227493
2227616
2227830
2227863
2227878
2227991
2228259
2228265
2228605
2228607
2228619
2228669
2228707
2228746
2228755
2228823
2228972
2229257
2229367
2229374
2229473
2229708
2229898
2229958
2229991
2230060
2230064
2230097
2230157
2230170
2230185
2230217
2230251
2230390
2230513
2230625
2230728
2230961
2231528
2231591
2231602
2231652
2231682
2231707
2231715
2231890
2231956
2231971
2231972
2232032
2232126
2232194
2232242
2232344
2232700
2232788
2232831
2232840
2232906
2232961
2233010
2233110
2233226
2233240
2233280
2233285
2233292
2233413
2233469
2233484
2233490
2233567
2233587
2233603
2233624
2233638
2233653
2233815
2233992
2234155
2234159
2234200
2234201
2234317
2234444
2234504
2234507
2234538
2234745
2234814
2234902
2235117
2235161
2235253
2235407
2235608
2235709
2235715
2235782
2235898
2235906
2235908
2235909
2235999
2236006
2236027
2236091
2236218
2236264
2236528
2236598
2236738
2236805
2237053
2237260
2237425
2237479
2237503
2237546
2237701
2237826
2237927
2237960
2238076
2238112
2238166
2238303
2238309
2238360
2238573
2238627
2238669
2238722
2238740
2238831
2239033
2239240
2239312
2239349
2239625
2239690
2239766
2239922
2239923
2239959
2240033
2240185
2240329
2240347
2240406
2240419
2240485
2240516
2240714
2240731
2240834
2240876
2240877
2240979
2241013
2241160
2241279
2241292
2241391
2241521
2241664
2241905
2241936
2241971
2242088
2242177
2242254
2242407
2242460
2242510
2242729
2242784
2242879
2242912
2242930
2242948
2243074
2243080
2243092
2243103
2243133
2243240
2243255
2243482
2243512
2243567
2243661
2243694
2243697
2243865
2243886
2243999
2244102
2244125
2244296
2244315
2244535
2244565
2244811
2244819
2244826
2245037
2245194
2245251
2245463
2245623
2245680
2245731
2245889
2246047
2246091
2246344
2246367
2246396
2246572
2246704
2246713
2246838
2246849
2246879
2246957
2247068
2247166
2247401
2247428
2247438
2247496
2247615
2247780
2248361
2248382
2248463
2248496
2248869
2248906
2248914
2248966
2249059
2249212
2249393
2249465
2249477
2249716
2249960
2250002
2250072
2250087
2250099
2250649
2250693
2250809
2251019
2251132
2251159
2251176
2251224
2251349
2251376
2251867
2251916
2251989
2252185
2252226
2252352
2252396
2252407
2252468
2252647
2252750
2252863
2253142
2253335
2253501
2253540
2253574
2253630
2253726
2253780
2253781
2253917
2253943
2254132
2254212
2254493
2254663
2254668
2254795
2254881
2254896
2254947
2254983
2255031
2255105
2255282
2255291
2255312
2255344
2255377
2255451
2255539
2255547
2255576
2255597
2255643
2255651
2255824
2255953
2255963
2256003
2256010
2256090
2256316
2256679
2256708
2256824
2256864
2256921
2257035
2257101
2257343
2257600
2257691
2258033
2258087
2258094
2258104
2258196
2258361
2258367
2258482
2258545
2258658
2258731
2259011
2259047
2259134
2259183
2259185
2259261
2259333
2259437
2259440
2259618
2259942
2260014
2260071
2260080
2260197
2260240
2260691
2260719
2260796
2260823
2260893
2260918
2260919
2260960
2260966
2260993
2261076
2261253
2261287
2261324
2261453
2261475
2261537
2261736
2261872
2261970
2262044
2262135
2262197
2262231
2262326
2262520
2262730
2262814
2262859
2262865
2262883
2262887
2262911
2262972
2263006
2263067
2263209
2263482
2263488
2263510
2263688
2263689
2263743
2263759
2264046
2264130
2264159
2264227
2264275
2264308
2264340
2264418
2264762
2264807
2264856
2264900
2264928
2265044
2265051
2265085
2265152
2265339
2265379
2265427
2265559
2265638
2265780
2265903
2265985
2266075
2266150
2266274
2266331
2266383
2266531
2266651
2266669
2266703
2266875
2266981
2267267
2267459
2267996
2268002
2268020
2268026
2268167
2268178
2268275
2268279
2268403
2268438
2268444
2268449
2268592
2268750
2268756
2268885
2268929
2269138
2269186
2269260
2269418
2269423
2269568
2269887
2270089
2270236
2270637
2270671
2270769
2271016
2271160
2271201
2271206
2271224
2271275
2271328
2271381
2271441
2271454
2271545
2271758
2271784
2271888
2271991
2271994
2272032
2272042
2272154
2272190
2272216
2272266
2272292
2272401
2272439
2272526
2272536
2272568
2272572
2272826
2273015
2273039
2273088
2273318
2273407
2273553
2273557
2273692
2273786
2273798
2273883
2274176
2274200
2274345
2274391
2274402
2274464
2274476
2274631
2274639
2274732
2274890
2275055
2275195
2275363
2275493
2275500
2275586
2275606
2275723
2276081
2276168
2276368
2276401
2276426
2276598
2277078
2277250
2277463
2277474
2277481
2277489
2277491
2277562
2277942
2278089
2278377
2278434
2278735
2278755
2278788
2278799
2278820
2278823
2278945
2279194
2279232
2279294
2279350
2279430
2279467
2279628
2279832
2279914
2280386
2280389
2280398
2280655
2280711
2280755
2280778
2281146
2281240
2281261
2281866
2281889
2281995
2282013
2282042
2282105
2282149
2282300
2282389
2282499
2282637
2282760
2283004
2283073
2283369
2283371
2283378
2283396
2284063
2284260
2284552
2284578
2284603
2284804
2284813
2284916
2284927
2284935
2284956
2285053
2285072
2285316
2285378
2285412
2285421
2285672
2285761
2285957
2286082
2286197
2286272
2286633
2286713
2286838
2286961
2287013
2287044
2287081
2287192
2287414
2287515
2287578
2287587
2287652
2287690
2287709
2287944
2288023
2288024
2288126
2288243
2288257
2288370
2288383
2288401
2288527
2288613
2288674
2288698
2288837
2288847
2289058
2289123
2289171
2289304
2289347
2289412
2289711
2289759
2289970
2289972
2290120
2290144
2290288
2290328
2290385
2290387
2290529
2291006
2291065
2291074
2291146
2291540
2291877
2291883
2291986
2292033
2292294
2292417
2292665
2292723
2292797
2292871
2292952
2293032
2293216
2293731
2293941
2293943
2294052
2294077
2294211
2294405
2294688
2294822
2294959
2295003
2295345
2295573
2295582
2295749
2295753
2295886
2295976
2296044
2296197
2296810
2296818
2296849
2296850
2297055
2297080
2297370
2297471
2297539
2297678
2297846
2297877
2297919
2297945
2298061
2298269
2298527
2298620
2298655
2298736
2298829
2298847
2299023
2299135
2299256
2299287
2299374
2299969
2300007
2300289
2300330
2300366
2300381
2300495
2300573
2300657
2300689
2300712
2300798
2300853
2300948
2301028
2301095
2301188
2301245
2301247
2301352
2301475
2302129
2302350
2302361
2302606
2302615
2302623
2302646
2302664
2302729
2302887
2302987
2303005
2303061
2303116
2303318
2303446
2303450
2303597
2303613
2303807
2303859
2303867
2303885
2303922
2304053
2304462
2304615
2304616
2304666
2304682
2304913
2305077
2305484
2305575
2305661
2305959
2306062
2306065
2306091
2306231
2306405
2306566
2306584
2306620
2306685
2306971
2307085
2307169
2307187
2307222
2307294
2307335
2307340
2307449
2307486
2307594
2307613
2307825
2307892
2307939
2308139
2308333
2308393
2308533
2308666
2309480
2309517
2309660
2309676
2309810
2310005
2310047
2310142
2310177
2310275
2310331
2310389
2310483
2310559
2310622
2310624
2310900
2311407
2311483
2311579
2311633
2311750
2311794
2311892
2311902
2311957
2312008
2312099
2312439
2312500
2312690
2312859
2312898
2313023
2313116
2313232
2313356
2313504
2313614
2313966
2314098
2314242
2314339
2314342
2314349
2314521
2314603
2314746
2314757
2314948
2315013
2315091
2315344
2315479
2315517
2315557
2315582
2315907
2316167
2316208
2316783
2316823
2316911
2316936
2317031
2317041
2317129
2317151
2317159
2317441
2317464
2317471
2317548
2318057
2318089
2318233
2318241
2318246
2318373
2318389
2318479
2318523
2318539
2318657
2318963
2319036
2319167
2319184
2319296
2319413
2319512
2319569
2319927
2320044
2320050
2320118
2320183
2320361
2320545
2320585
2320860
2320948
2321011
2321032
2321042
2321049
2321311
2321408
2321409
2321419
2321627
2321782
2321789
2321792
2321831
2322044
2322092
2322127
2322281
2322405
2322451
2323166
2323269
2323308
2323362
2323416
2323440
2323530
2323616
2323845
2323986
2324057
2324381
2324393
2324618
2324662
2324696
2325051
2325376
2325524
2325529
2325610
2325702
2325778
2326136
2326194
2326285
2326504
2326673
2326680
2326972
2326973
2327029
2327059
2327265
2327344
2327455
2327535
2327543
2327611
2327684
2327722
2327987
2328000
2328091
2328115
2328313
2328382
2328438
2328488
2328576
2328682
2328736
2328764
2328830
2328948
2329139
2329288
2329462
2329620
2329677
2329747
2329782
2329836
2329897
2329915
2330010
2330013
2330030
2330131
2330394
2330450
2330735
2330873
2330914
2331356
2331485
2331598
2331992
2332006
2332084
2332255
2332314
2332333
2332362
2332398
2332408
2332469
2332546
2332617
2332689
2332730
2333006
2333014
2333084
2333110
2333300
2333448
2333683
2333804
2333923
2333944
2333996
2334138
2334160
2334360
2334500
2334556
2334641
2334648
2334660
2334710
2334811
2334825
2334914
2335015
2335040
2335165
2335267
2335485
2335546
2336157
2336309
2336540
2336590
2337078
2337166
2337184
2337213
2337219
2337325
2337394
2337566
2337568
2337681
2337717
2337730
2337837
2337874
2337900
2338080
2338273
2338290
2338495
2338515
2338521
2338578
2338607
2338684
2338705
2338780
2338822
2339023
2339104
2339107
2339176
2339366
2339367
2339548
2340009
2340029
2340063
2340068
2340539
2340624
2340687
2340708
2340760
2341040
2341050
2341112
2341427
2341490
2341494
2341723
2341750
2341816
2342077
2342137
2342240
2342365
2342422
2342471
2342481
2342565
2342613
2342692
2342804
2343088
2343092
2343192
2343471
2343723
2343737
2343838
2343841
2343916
2344011
2344132
2344160
2344215
2344242
2344615
2344723
2344773
2344788
2344945
2345075
2345119
2345129
2345188
2345275
2345486
2345544
2345897
2345904
2346028
2346065
2346079
2346083
2346407
2346556
2346602
2346653
2346686
2347028
2347047
2347102
2347120
2347282
2347367
2347408
2347427
2347596
2347751
2347830
2347971
2348178
2348303
2348372
2348411
2348417
2348575
2348592
2348684
2348809
2348826
2348883
2349018
2349044
2349057
2349092
2349128
2349162
2349174
2349179
2349235
2349270
2349300
2349387
2349412
2349450
2349466
2349486
2349521
2349801
2349912
2349937
2349964
2349989
2350094
2350199
2350386
2350430
2350476
2350534
2350627
2350640
2350762
2350879
2350962
2351097
2351158
2351356
2351583
2351734
2351913
2352193
2352259
2352274
2352461
2352472
2352504
2352641
2352966
2353018
2353107
2353278
2353327
2353398
2353420
2353544
2353594
2353747
2353867
2353878
2354095
2354131
2354339
2354351
2354362
2354383
2354806
2354847
2354870
2354903
2354904
2354957
2355071
2355079
2355199
2355200
2355226
2355275
2355353
2355361
2355391
2355525
2355721
2355910
2355928
2356303
2356604
2356902
2357030
2357251
2357303
2357399
2357616
2357767
2358051
2358058
2358112
2358128
2358398
2358423
2358536
2358568
2358577
2358592
2358619
2358639
2358850
2358868
2358899
2358912
2359049
2359071
2359314
2359410
2359478
2359499
2359842
2359905
2359956
2360005
2360111
2360625
2360881
2360915
2361191
2361357
2361602
2361610
2361709
2361746
2361885
2361895
2361942
2361953
2362265
2362300
2362320
2362589
2362647
2362833
2362862
2362953
2363036
2363092
2363335
2363600
2363663
2363747
2363769
2364146
2364297
2364510
2364683
2364722
2364738
2364779
2364831
2364856
2364881
2364923
2365091
2365166
2365354
2365418
2365504
2365563
2365681
2365753
2365800
2365888
2366077
2366131
2366181
2366374
2366389
2366690
2366815
2366911
2366949
2367082
2367192
2367382
2367459
2367707
2367713
2367898
2368264
2368424
2368436
2368489
2368513
2368516
2368567
2368666
2368737
2368785
2368810
2368831
2368842
2369071
2369080
2369111
2369176
2369254
2369423
2369596
2369631
2369647
2369730
2369834
2369899
2370016
2370080
2370220
2370541
2370584
2370592
2371136
2371190
2371279
2371454
2371674
2371739
2372012
2372131
2372230
2372295
2372426
2372445
2372646
2372661
2372752
2372951
2372956
2373079
2373138
2373352
2373382
2373506
2373524
2373650
2373674
2373812
2374039
2374068
2374127
2374146
2374271
2374272
2374295
2374340
2374356
2374474
2374563
2374607
2374641
2374804
2374810
2374827
2375047
2375054
2375066
2375118
2375219
2375253
2375300
2375346
2375362
2375427
2375448
2375596
2375631
2375673
2375704
2375737
2375875
2375962
2375982
2376015
2376083
2376110
2376149
2376197
2376326
2376646
2376753
2376903
2376912
2376924
2376994
2377151
2377168
2377258
2377431
2377645
2377690
2377724
2377778
2377797
2377841
2377987
2378080
2378156
2378386
2378512
2378538
2378788
2378811
2378842
2378857
2378941
2379042
2379092
2379112
2379198
2379607
2379776
2379795
2379823
2379858
2379881
2379973
2379989
2380182
2380201
2380484
2380530
2380543
2380587
2380636
2381002
2381137
2381170
2381683
2381748
2381823
2382044
2382178
2382238
2382692
2382812
2382898
2382917
2382945
2383015
2383050
2383112
2383301
2383375
2383511
2383568
2383764
2384219
2384386
2384576
2384594
2384711
2384764
2384790
2384844
2385024
2385157
2385262
2385278
2385484
2385522
2385710
2385784
2385809
2385810
2385845
2385856
2385886
2386061
2386162
2386310
2386317
2386328
2386514
2386553
2386596
2386701
2386789
2386809
2387173
2387194
2387463
2387466
2387469
2387634
2387754
2387775
2387804
2387949
2388079
2388209
2388211
2388212
2388254
2388299
2388352
2388512
2388609
2388833
2389057
2389096
2389171
2389317
2389445
2389477
2389520
2389594
2389699
2389702
2389706
2389856
2389902
2389943
2390033
2390071
2390126
2390186
2390347
2390434
2390497
2390508
2390539
2390663
2390782
2390881
2391018
2391019
2391025
2391051
2391180
2391193
2391387
2391715
2391736
2391810
2391820
2391826
2391951
2391987
2392040
2392083
2392092
2392127
2392130
2392327
2392335
2392496
2392548
2392772
2392802
2392840
2392841
2392874
2392961
2393105
2393134
2393318
2393477
2394243
2394453
2394582
2394647
2394657
2394695
2394779
2394823
2395229
2395296
2395388
2395445
2395506
2395738
2395803
2395868
2395892
2395984
2396093
2396225
2396273
2396458
2396660
2396780
2396784
2396795
2396821
2396994
2397013
2397242
2397289
2397415
2397464
2397661
2398383
2398424
2398522
2398523
2398558
2398725
2398777
2398988
2399026
2399165
2399166
2399204
2399326
2399402
2399407
2399480
2399708
2399785
2399999
2400027
2400043
2400098
2400118
2400134
2400240
2400270
2400307
2400488
2400510
2400724
2400873
2400875
2401063
2401516
2401591
2401741
2402006
2402031
2402061
2402347
2402615
2402740
2402814
2402822
2402991
2403008
2403037
2403069
2403176
2403247
2403282
2403420
2403640
2403646
2403650
2403701
2403863
2403864
2404004
2404253
2404285
2404324
2404608
2404817
2405075
2405097
2405309
2405479
2405551
2405645
2405862
2406137
2406166
2406176
2406625
2406663
2406898
2406929
2407057
2407080
2407295
2407478
2407610
2407681
2407791
2407831
2407868
2407892
2407910
2407991
2408007
2408137
2408197
2408436
2408459
2408563
2408577
2408655
2408839
2408858
2408899
2409195
2409208
2409290
2409324
2409479
2409623
2409664
2409725
2409837
2410563
2410610
2410707
2410786
2410840
2410869
2411021
2411101
2411333
2411644
2411673
2411686
2411741
2411845
2412136
2412223
2412260
2412320
2412516
2412649
2412758
2412768
2412854
2413035
2413080
2413291
2413431
2413457
2413940
2414018
2414162
2414233
2414798
2414937
2415159
2415279
2415339
2415389
2415744
2415807
2415881
2415903
2415910
2416226
2416233
2416277
2416483
2416789
2417009
2417030
2417086
2417101
2417127
2417274
2417315
2417355
2417408
2417478
2417567
2417667
2417924
2418153
2418237
2418294
2418473
2418562
2418860
2418918
2418928
2419075
2419152
2419155
2419181
2419244
2419247
2419330
2419558
2419587
2419663
2419753
2419817
2419879
2419882
2420072
2420379
2420420
2420429
2420430
2420551
2420705
2420790
2420835
2421075
2421368
2421371
2421511
2421624
2421641
2421792
2421809
2421818
2422020
2422041
2422047
2422137
2422175
2422237
2422249
2422254
2422476
2422510
2422559
2422773
2422996
2423181
2423229
2423404
2423410
2423507
2423601
2423613
2423882
2423997
2424143
2424315
2424320
2424457
2424543
2424692
2424758
2424914
2424920
2425016
2425021
2425039
2425132
2425228
2425367
2425432
2425511
2425518
2425661
2425710
2425886
2425946
2426131
2426241
2426308
2426380
2426392
2426396
2426542
2426709
2426721
2426939
2427172
2427297
2427324
2427396
2427400
2427442
2427446
2427562
2427563
2427578
2427582
2427635
2427652
2427778
2427873
2428008
2428074
2428089
2428122
2428148
2428230
2428282
2428326
2428441
2428445
2428498
2428581
2428849
2428962
2429024
2429036
2429091
2429293
2429492
2429493
2429506
2429697
2429955
2430005
2430016
2430072
2430237
2430270
2430280
2430341
2430429
2430501
2430803
2430825
2430828
2431005
2431064
2431090
2431101
2431212
2431260
2431314
2431384
2431506
2431716
2431761
2431780
2432190
2432227
2432384
2432405
2432814
2432926
2432931
2433259
2433374
2433442
2433674
2433838
2433984
2434105
2434128
2434135
2434153
2434251
2434319
2434447
2434961
2435068
2435180
2435350
2435422
2435798
2436069
2436114
2436301
2436657
2436695
2436732
2436847
2437096
2437153
2437288
2437293
2437387
2437423
2437446
2437518
2437748
2437804
2437870
2437904
2437914
2437983
2438216
2438224
2438350
2438525
2438527
2438691
2438764
2438765
2438814
2438873
2438973
2439222
2439310
2439380
2439448
2439771
2439791
2439863
2440032
2440114
2440555
2440590
2440749
2440830
2440911
2440932
2440953
2440995
2441016
2441295
2441306
2441319
2441361
2441373
2441458
2441562
2441613
2441678
2441695
2441757
2441824
2441952
2441967
2442123
2442164
2442176
2442537
2442550
2442693
2442779
2442859
2442871
2442911
2442954
2443102
2443143
2443218
2443291
2443362
2443387
2443567
2443910
2443934
2444001
2444039
2444175
2444446
2444489
2444678
2444679
2444934
2444975
2445179
2445241
2445405
2445510
2445597
2445785
2445861
2446054
2446196
2446225
2446420
2446635
2446792
2446883
2446900
2447070
2447165
2447342
2447642
2447651
2447860
2448253
2448461
2448527
2448573
2448852
2448943
2448957
2448964
2448965
2449084
2449430
2449462
2449569
2449716
2449748
2449910
2449979
2449982
2450018
2450286
2450398
2450477
2450485
2450569
2450671
2450679
2450719
2450731
2450756
2450803
2450838
2450930
2450993
2451119
2451206
2451392
2451444
2451556
2451799
2451845
2451901
2452188
2452257
2452289
2452353
2452440
2452737
2452741
2452845
2452863
2452945
2452972
2453049
2453205
2453247
2453384
2453477
2453513
2453624
2453708
2453729
2453763
2454016
2454142
2454281
2454588
2454683
2454746
2454831
2455264
2455322
2455382
2455414
2455493
2455673
2455711
2455782
2455814
2455904
2455994
2456041
2456114
2456229
2456312
2456527
2456733
2456780
2456786
2456798
2456837
2456925
2457913
2457924
2458004
2458064
2458098
2458220
2458268
2458284
2458347
2458392
2458478
2458557
2458650
2458691
2458901
2459302
2459486
2459585
2459680
2459902
2459943
2459994
2460025
2460065
2460075
2460430
2460536
2460599
2460630
2460727
2460756
2460942
2460978
2461161
2461165
2461175
2461178
2461240
2461403
2461458
2461729
2461951
2462106
2462149
2462343
2462408
2462474
2462589
2462619
2462630
2462692
2462705
2462834
2462880
2462902
2463085
2463194
2463249
2463411
2463437
2463531
2463751
2463956
2464041
2464296
2464342
2464456
2464475
2464584
2464679
2465034
2465208
2465287
2465654
2465729
2465777
2465953
2466146
2466188
2466209
2466600
2466847
2466962
2467143
2467199
2467399
2467491
2467584
2467636
2467947
2467987
2467989
2468337
2468529
2468924
2469224
2469268
2469287
2469339
2469470
2469565
2469693
2469868
2469962
2469981
2470447
2470455
2470462
2470681
2470810
2470980
2471234
2471385
2471405
2471442
2471456
2471874
2471913
2471922
2471985
2472036
2472074
2472250
2472309
2472352
2472391
2472440
2472479
2472497
2472694
2472703
2472787
2472808
2472986
2473185
2473299
2473350
2473492
2473786
2473851
2473967
2473997
2474004
2474084
2474093
2474157
2474280
2474359
2474379
2474437
2474524
2474552
2474606
2475009
2475167
2475368
2475416
2475443
2475526
2476000
2476045
2476302
2476664
2476730
2476890
2477223
2477364
2477498
2477585
2477642
2477696
2477698
2477709
2477715
2477778
2478055
2478070
2478130
2478418
2478446
2478502
2478504
2478528
2478703
2479032
2479047
2479248
2479382
2479755
2479819
2480087
2480114
2480170
2480341
2480709
2480959
2481164
2481334
2481758
2482222
2482253
2482273
2482445
2482462
2482641
2482659
2482832
2482918
2483010
2483068
2483381
2483499
2483587
2484003
2484192
2484237
2484449
2484458
2484496
2484528
2484580
2484634
2484647
2484875
2484950
2485018
2485030
2485323
2485385
2485483
2485535
2485557
2485818
2485836
2485842
2485888
2485928
2485940
2485988
2486029
2486157
2486171
2486271
2486356
2486630
2486727
2486932
2487004
2487094
2487151
2487174
2487231
2487286
2487305
2487401
2487714
2487790
2487817
2487858
2487877
2487917
2487969
2488077
2488110
2488118
2488127
2488578
2488654
2488801
2488997
2489215
2489223
2489317
2489456
2489514
2489524
2489703
2489770
2489805
2489874
2489973
2490175
2490180
2490252
2490340
2490515
2490697
2490968
2491108
2491232
2491368
2491478
2491551
2491914
2491916
2491989
2492098
2492248
2492341
2492381
2492554
2492668
2492809
2492822
2492916
2493038
2493075
2493144
2493308
2493674
2493728
2493869
2494066
2494155
2494196
2494399
2494422
2494490
2494656
2494665
2494809
2494887
2495014
2495050
2495067
2495185
2495352
2495700
2495709
2495788
2495814
2496128
2496144
2496204
2496290
2496332
2496401
2496631
2496654
2497091
2497478
2497885
2498078
2498128
2498321
2498416
2498526
2498543
2498644
2498658
2498755
2498937
2499106
2499341
2499576
2499611
2499661
2499689
2499935
2499978
2499987
2500062
2500219
2500235
2500308
2500381
2500425
2500566
2500786
2500870
2501091
2501108
2501345
2501423
2501500
2501547
2501681
2501785
2501805
2502163
2502445
2502530
2502594
2502840
2502908
2503306
2503337
2503543
2503587
2503993
2504042
2504105
2504316
2504396
2504518
2504552
2504619
2504930
2504961
2505051
2505096
2505253
2505344
2505759
2506042
2506288
2506319
2506429
2506556
2506560
2506648
2506865
2506909
2506924
2507056
2507089
2507294
2507451
2507493
2507587
2507749
2507860
2508032
2508322
2508533
2508670
2508671
2508991
2509095
2509130
2509168
2509181
2509290
2509329
2509374
2509398
2509794
2509800
2509801
2510168
2510216
2510262
2510310
2510375
2510376
2510451
2510546
2510651
2510832
2510947
2511027
2511129
2511442
2511563
2511745
2511767
2511794
2511873
2511905
2512078
2512100
2512220
2512328
2512501
2512596
2512874
2513186
2513385
2513410
2513548
2513575
2513614
2513698
2513718
2513736
2513906
2514019
2514061
2514132
2514146
2514223
2514224
2514269
2514291
2514578
2514583
2514612
2514690
2514714
2515013
2515017
2515232
2515437
2515474
2515649
2515656
2515664
2515704
2515766
2516017
2516116
2516154
2516364
2516483
2516542
2516557
2516572
2516627
2516854
2517078
2517155
2517180
2517306
2517462
2517735
2517787
2517964
2517979
2517988
2518065
2518077
2518111
2518193
2518224
2518256
2518286
2518316
2518362
2518386
2519067
2519081
2519497
2519678
2519764
2519993
2520004
2520035
2520054
2520132
2520257
2520267
2520507
2520699
2520716
2521307
2521380
2521550
2521629
2521632
2521662
2521829
2522149
2522188
2522231
2522271
2522363
2522445
2522527
2522545
2522679
2522708
2522788
2523006
2523026
2523027
2523049
2523103
2523166
2523226
2523298
2523389
2523482
2523711
2523713
2523904
2524469
2524712
2524775
2524895
2524904
2524929
2525257
2525465
2525497
2525680
2525702
2525895
2525902
2526051
2526386
2526470
2526595
2526755
2526989
2526992
2527082
2527086
2527295
2527528
2527849
2527992
2528010
2528030
2528078
2528216
2528407
2528568
2529220
2529291
2529335
2529465
2529479
2529612
2529800
2529857
2530004
2530125
2530141
2530306
2530543
2530617
2530634
2530639
2530679
2530748
2530938
2531087
2531125
2531255
2531280
2531321
2531376
2531462
2531641
2531740
2532103
2532129
2532169
2532321
2532460
2532584
2532647
2532677
2532699
2532722
2532825
2533021
2533500
2533597
2533903
2533986
2534121
2534176
2534815
2534934
2535076
2535111
2535192
2535374
2535631
2535685
2535780
2535923
2536190
2536296
2536310
2536520
2536575
2536579
2536647
2536682
2536750
2536879
2536990
2537201
2537214
2537268
2537361
2537375
2537889
2537920
2537930
2537946
2537970
2538016
2538561
2538616
2538714
2538791
2538837
2538921
2538963
2538979
2539094
2539379
2539543
2539699
2539738
2539752
2539874
2539895
2540087
2540104
2540202
2540230
2540264
2540319
2540322
2540339
2540939
2541153
2541174
2541186
2541233
2541247
2541282
2541362
2541434
2541654
2541789
2541981
2542191
2542197
2542246
2542408
2542431
2542435
2542489
2542516
2542815
2543044
2543047
2543162
2543227
2543332
2543360
2543361
2543459
2543552
2543614
2543697
2543735
2543939
2544072
2544215
2544407
2544460
2544630
2544758
2544812
2544888
2544988
2544995
2545096
2545265
2545278
2545440
2545567
2545801
2546428
2546476
2546624
2546733
2546735
2546739
2546786
2546835
2546943
2546955
2547018
2547025
2547115
2547320
2547616
2547666
2547699
2547760
2547983
2547985
2547996
2548077
2548286
2548401
2548421
2548427
2548542
2548721
2548792
2548948
2549166
2549192
2549284
2549482
2549550
2549579
2549622
2549640
2549644
2549716
2549961
2549969
2550062
2550562
2550776
2550782
2550829
2550863
2550864
2550972
2551045
2551104
2551144
2551345
2551430
2551478
2551551
2551627
2551671
2551986
2552122
2552400
2552415
2552467
2552577
2552619
2552648
2552670
2552974
2552983
2553068
2553307
2553356
2553403
2553550
2553734
2553875
2553915
2553991
2554054
2554178
2554277
2554464
2554544
2554563
2554699
2554837
2554860
2554888
2554889
2554948
2554981
2555273
2555282
2555302
2555477
2555877
2555884
2555948
2555992
2556210
2556416
2556532
2556765
2556803
2556960
2557195
2557650
2557738
2557835
2558447
2558544
2558575
2558604
2558618
2558978
2558980
2559000
2559086
2559111
2559132
2559139
2559331
2559426
2559493
2559552
2559819
2559897
2559913
2559922
2559969
2559971
2559979
2560029
2560259
2560394
2560423
2560429
2560570
2560735
2560787
2560829
2560880
2561083
2561223
2561305
2561668
2561755
2562026
2562050
2562057
2562156
2562268
2562307
2562346
2562481
2562621
2562674
2562745
2562788
2562962
2563162
2563465
2563468
2563544
2563624
2563724
2563739
2563825
2564309
2564379
2564591
2564629
2564640
2564681
2564748
2564888
2564901
2564978
2565021
2565026
2565099
2565179
2565205
2565245
2565672
2565825
2565889
2565896
2566009
2566071
2566084
2566137
2566156
2566278
2566285
2566325
2566338
2566529
2566563
2566662
2566728
2566903
2567376
2567616
2567795
2567834
2568065
2568117
2568215
2568281
2568322
2568343
2568448
2568466
2568603
2568759
2568862
2568867
2568981
2569040
2569116
2569142
2569162
2569371
2569502
2569505
2569513
2569520
2569546
2569577
2569595
2569711
2569797
2569936
2569971
2570070
2570137
2570166
2570266
2570269
2570296
2570443
2570591
2570835
2570912
2571036
2571070
2571158
2571299
2571520
2571540
2571580
2571666
2572150
2572313
2572550
2572557
2572664
2572686
2572923
2573412
2573470
2573590
2573651
2573860
2573900
2574091
2574111
2574291
2574359
2574468
2574535
2574698
2574924
2575012
2575024
2575089
2575105
2575237
2575265
2575297
2575357
2575406
2575479
2575498
2575560
2575751
2575828
2575999
2576048
2576150
2576153
2576196
2576343
2576442
2576795
2576852
2576968
2577191
2577363
2577409
2577416
2577451
2577595
2577704
2577857
2577913
2577962
2578065
2578149
2578198
2578203
2578312
2578464
2578673
2578859
2579043
2579059
2579066
2579076
2579363
2579627
2579650
2579721
2579755
2579790
2579986
2580042
2580089
2580219
2580231
2580420
2580695
2580749
2580765
2580772
2580815
2580835
2581021
2581025
2581141
2581196
2581360
2581363
2581411
2581530
2581554
2581581
2581605
2581754
2581854
2581870
2582177
2582318
2582533
2582907
2583047
2583161
2583307
2583324
2583367
2583490
2583791
2583858
2584173
2584229
2584292
2584328
2584351
2584385
2584453
2584488
2584512
2584586
2584902
2584927
2585048
2585272
2585303
2585317
2585430
2585462
2585473
2585550
2586038
2586085
2586093
2586204
2586349
2586466
2586499
2586710
2586849
2586924
2587105
2587195
2587431
2587515
2587596
2587799
2587958
2588096
2588131
2588517
2588696
2588860
2588919
2588927
2588992
2589110
2589139
2589191
2589233
2589496
2589743
2589841
2589903
2589918
2589977
2590151
2590234
2590248
2590487
2590504
2590539
2590733
2590775
2591045
2591115
2591172
2591452
2591491
2591509
2591546
2591903
2591926
2592106
2592278
2592296
2592338
2592473
2592495
2592499
2592542
2592884
2593021
2593103
2593238
2593285
2593437
2593606
2593699
2593913
2593973
2594148
2594332
2594337
2594791
2594923
2594936
2594966
2595237
2595382
2595486
2595588
2595592
2595731
2595910
2596030
2596044
2596382
2596462
2596547
2596604
2596645
2596663
2597038
2597081
2597311
2597360
2597394
2597560
2597697
2597874
2597899
2597913
2597982
2598074
2598084
2598267
2598449
2598469
2598515
2598529
2598620
2598638
2598832
2598854
2598900
2599180
2599187
2599515
2599560
2599579
2599848
2599898
2600022
2600179
2600287
2600312
2600327
2600425
2600563
2600681
2600766
2600788
2600814
2600919
2600929
2600982
2601001
2601361
2601666
2601683
2601916
2601940
2602004
2602106
2602183
2602326
2602341
2602443
2602758
2602769
2602999
2603153
2603191
2603332
2603340
2603385
2603411
2603442
2603742
2603744
2603751
2603776
2603777
2603829
2603865
2603925
2604179
2604192
2604255
2604321
2604379
2604581
2604608
2604642
2604760
2604791
2604967
2604975
2605039
2605276
2605417
2605719
2605783
2605839
2605993
2606035
2606235
2606241
2606256
2606322
2606607
2606657
2606659
2606873
2607081
2607101
2607110
2607176
2607337
2607385
2607532
2607601
2607765
2607995
2608004
2608250
2608328
2608358
2608373
2608415
2608509
2608594
2608599
2608655
2608749
2608843
2608877
2609019
2609232
2609368
2609381
2609399
2609588
2609668
2610139
2610417
2610459
2610545
2610668
2610798
2610801
2611063
2611209
2611281
2611353
2611404
2611480
2611533
2611658
2611941
2612053
2612389
2612838
2613077
2613279
2613281
2613429
2613431
2613444
2613483
2613496
2613976
2614098
2614110
2614117
2614266
2614603
2614755
2614819
2614943
2615060
2615070
2615105
2615150
2615244
2615476
2615881
2616016
2616110
2616481
2616666
2616817
2617010
2617113
2617296
2617561
2617588
2617742
2617774
2618065
2618066
2618069
2618103
2618196
2618307
2618409
2618495
2618555
2618556
2618627
2618658
2618793
2618844
2619012
2619107
2619258
2619279
2619366
2619377
2619396
2619551
2619586
2619674
2619777
2619808
2619991
2620041
2620073
2620158
2620317
2620367
2620447
2620507
2620531
2620567
2620618
2620676
2621398
2621434
2621628
2621645
2621769
2621831
2622151
2622462
2622469
2622480
2622599
2622611
2622919
2623040
2623317
2623386
2623468
2623534
2623612
2623656
2623791
2623932
2624257
2624265
2624291
2624552
2624638
2624675
2624760
2624939
2625070
2625148
2625184
2625282
2625286
2625371
2625399
2625632
2625875
2625951
2625971
2626103
2626512
2626535
2626564
2626631
2626740
2627097
2627252
2627314
2627422
2627426
2627703
2627707
2628025
2628213
2628247
2628422
2628453
2628755
2628802
2628810
2628942
2629067
2629112
2629213
2629272
2629312
2629370
2629400
2629469
2629476
2629652
2630238
2630325
2630414
2630443
2630467
2630684
2630921
2630978
2631118
2631172
2631236
2631246
2631286
2631369
2631424
2631680
2631818
2631854
2631885
2632054
2632177
2632363
2632575
2632628
2632842
2632898
2632918
2633102
2633446
2633526
2633898
2634014
2634067
2634136
2634159
2634485
2634621
2634789
2634849
2634967
2635075
2635318
2635409
2635534
2635571
2635629
2635763
2635915
2636071
2636202
2636337
2636468
2636607
2636661
2636785
2636818
2637119
2637187
2637255
2637281
2637362
2637413
2637765
2637779
2637944
2638236
2638406
2638492
2638675
2638724
2638744
2638870
2639019
2639189
2639913
2640395
2640609
2640681
2640917
2640962
2640998
2641224
2641547
2641571
2641704
2641781
2641798
2641807
2641844
2641871
2641978
2642134
2642238
2642385
2642779
2642783
2642840
2642893
2642894
2642999
2643042
2643075
2643313
2643323
2643412
2643520
2643754
2643782
2643870
2643921
2643982
2644216
2644365
2644405
2644465
2644483
2644524
2644562
2644820
2644870
2644879
2644924
2644936
2644975
2645189
2645206
2645227
2645229
2645274
2645300
2645330
2645344
2645364
2645677
2645735
2645794
2645915
2645921
2645986
2646055
2646183
2646382
2646426
2646575
2646742
2646788
2646847
2646868
2646934
2646963
2647071
2647269
2647322
2647489
2647613
2647618
2647743
2647816
2648014
2648181
2648266
2648288
2648332
2648340
2648442
2648513
2648920
2648939
2649032
2649217
2649245
2649278
2649285
2649419
2649461
2649483
2649508
2649660
2649663
2649704
2649794
2649818
2650517
2650538
2650808
2650929
2650955
2650976
2651439
2651445
2651447
2651473
2651489
2651601
2651671
2652158
2652194
2652338
2652456
2652465
2652536
2652576
2652585
2652885
2652926
2653039
2653185
2653365
2653374
2653382
2653720
2653856
2653908
2653948
2654040
2654047
2654062
2654091
2654189
2654228
2654423
2654428
2654511
2654528
2654566
2654627
2654647
2654698
2654821
2655014
2655336
2655341
2655472
2655588
2655615
2655849
2655946
2656161
2656183
2656961
2656985
2657218
2657247
2657280
2657529
2657718
2657879
2658016
2658048
2658200
2658819
2658830
2659124
2659132
2659177
2659349
2659363
2659626
2659628
2659685
2659830
2659944
2660001
2660249
2660332
2661053
2661169
2661524
2661659
2661672
2661998
2662057
2662121
2662123
2662160
2662239
2662394
2662672
2662873
2663087
2663184
2663224
2663232
2663241
2663286
2663408
2663480
2663571
2663581
2663687
2664163
2664238
2664275
2664410
2664540
2664552
2664976
2665012
2665162
2665169
2665265
2665292
2665334
2665448
2665617
2665680
2665887
2665965
2666041
2666477
2666531
2666654
2667008
2667039
2667499
2667640
2667851
2668192
2668226
2668292
2668296
2668364
2668415
2668505
2668506
2668741
2668845
2668847
2669094
2669127
2669183
2669678
2669685
2669758
2669765
2669882
2669908
2669944
2669966
2670005
2670086
2670393
2670591
2670612
2670665
2670758
2670806
2671007
2671214
2671236
2671303
2671554
2671860
2672287
2672542
2672709
2672987
2673027
2673261
2673549
2673597
2673799
2673830
2674207
2674312
2674346
2674708
2674799
2674921
2675016
2675069
2675088
2675142
2675190
2675215
2675297
2675358
2675398
2675429
2675446
2675456
2675486
2675539
2675868
2675893
2676081
2676092
2676342
2676379
2676407
2676410
2676680
2676702
2676739
2677369
2677379
2677854
2678105
2678513
2678625
2678680
2678688
2679107
2679240
2679276
2679356
2679660
2679827
2679905
2679956
2680053
2680189
2680509
2680762
2680891
2680997
2681097
2681123
2681162
2681320
2681394
2681398
2681408
2681528
2681560
2681591
2681713
2681870
2682065
2682217
2682219
2682568
2683201
2683444
2683532
2683566
2683789
2683939
2684051
2684070
2684121
2684221
2684293
2684301
2684572
2684840
2685084
2685142
2685236
2685427
2685437
2685633
2685661
2685759
2685923
2686104
2686182
2686316
2686327
2686371
2686567
2686569
2686635
2686818
2686916
2687049
2687105
2687309
2687347
2687535
2687598
2687713
2687840
2687928
2688658
2688887
2689044
2689125
2689164
2689704
2689884
2689998
2690025
2690156
2690504
2690518
2690616
2690736
2690759
2690905
2690993
2691281
2691335
2691380
2691545
2691841
2692319
2692335
2692439
2692597
2692685
2692752
2692775
2693299
2693463
2693505
2693678
2693732
2693788
2693901
2693913
2694012
2694036
2694120
2694141
2694161
2694210
2694255
2694299
2694374
2694452
2694524
2694638
2694647
2694767
2694768
2694813
2695343
2695373
2695413
2695451
2695536
2695633
2695711
2695772
2696140
2696172
2696206
2696268
2696335
2696449
2696607
2696611
2696881
2696925
2697066
2697167
2697293
2697459
2697622
2697663
2697798
2697870
2697906
2698006
2698226
2698230
2698287
2698352
2698403
2698690
2698749
2698875
2698964
2698983
2699006
2699014
2699095
2699104
2699160
2699484
2699488
2699602
2699643
2699805
2700040
2700128
2700148
2700221
2700310
2700370
2700414
2700632
2700642
2700751
2700828
2700848
2700939
2701077
2701304
2701376
2701463
2701495
2701529
2701557
2701860
2701919
2702086
2702180
2702286
2702457
2702932
2703014
2703414
2703631
2703770
2703920
2704101
2704186
2704345
2704379
2704485
2704642
2705159
2705220
2705243
2705365
2705462
2705573
2705614
2705632
2705633
2705734
2705877
2705994
2706104
2706196
2706280
2706317
2706339
2706382
2706499
2706771
2706780
2706804
2707069
2707287
2707590
2707765
2707862
2707950
2707979
2707988
2708024
2708091
2708142
2708209
2708586
2708715
2708733
2708744
2709006
2709087
2709212
2709229
2709334
2709417
2709511
2709561
2709588
2709792
2709832
2709897
2710063
2710099
2710117
2710173
2710245
2710251
2710277
2710323
2710540
2710728
2710761
2710776
2710893
2711201
2711205
2711207
2711385
2711631
2712056
2712068
2712141
2712217
2712269
2712532
2712574
2712605
2712637
2712642
2712690
2712709
2712728
2712729
2712732
2712835
2712861
2712955
2712961
2712964
2712978
2713114
2713187
2713280
2713283
2713322
2713782
2714115
2714230
2714339
2714347
2714373
2714382
2714548
2714555
2714655
2714736
2715195
2715263
2715307
2715506
2715616
2715628
2715652
2715769
2715883
2715919
2715953
2716076
2716250
2716277
2716372
2716732
2716773
2716781
2716849
2716873
2716908
2717254
2717366
2717551
2717584
2717728
2717772
2717822
2717848
2718038
2718088
2718173
2718196
2718210
2718247
2718329
2718424
2718497
2718647
2719216
2719302
2719369
2719531
2719553
2719568
2719726
2719829
2719849
2719930
2720015
2720107
2720201
2720356
2720762
2720792
2720908
2720952
2721126
2721232
2721477
2721652
2721822
2721888
2722066
2722097
2722110
2722199
2722215
2722349
2722460
2722490
2722614
2722620
2722714
2722877
2722921
2722926
2723021
2723196
2723385
2723463
2723474
2723538
2723596
2723744
2723767
2723813
2723854
2723880
2723889
2724059
2724104
2724171
2724174
2724180
2724277
2724331
2724889
2725062
2725298
2725884
2725957
2726002
2726027
2726048
2726146
2726375
2726536
2726607
2726691
2726804
2727237
2727275
2727368
2727471
2727486
2727562
2727565
2727599
2727654
2727666
2727878
2728008
2728021
2728167
2728465
2728494
2729051
2729293
2729853
2729862
2729927
2729972
2730208
2730296
2730756
2730791
2730794
2730917
2731012
2731123
2731197
2731206
2731215
2731266
2731322
2731579
2731595
2731725
2731860
2731985
2732058
2732073
2732235
2732337
2732606
2732871
2732944
2733009
2733035
2733100
2733175
2733270
2733364
2733427
2733500
2733599
2733646
2733713
2733897
2733919
2734020
2734215
2734230
2734362
2734367
2734420
2734628
2734703
2734755
2734759
2734856
2734994
2735003
2735204
2735262
2735844
2736275
2736394
2736512
2736623
2736655
2736731
2736732
2736825
2736864
2736946
2737000
2737123
2737179
2737258
2737352
2737390
2737495
2737723
2737729
2737731
2737742
2737832
2737998
2738014
2738135
2738664
2738831
2738850
2739183
2739266
2739322
2739333
2739530
2739634
2739644
2739655
2739740
2740112
2740188
2740192
2740273
2740323
2740326
2740435
2740610
2740678
2740681
2741085
2741096
2741242
2741385
2741589
2741675
2741695
2741812
2741849
2741901
2741980
2742000
2742055
2742194
2742286
2742431
2742641
2742784
2742863
2742896
2742968
2742981
2743079
2743186
2743353
2743358
2743388
2743530
2743563
2743587
2743776
2743932
2744007
2744039
2744103
2744226
2744450
2744606
2744824
2744871
2744982
2745038
2745108
2745202
2745240
2745444
2745528
2745557
2745932
2746070
2746117
2746127
2746136
2746290
2746307
2746482
2746647
2746735
2746798
2746872
2746909
2747079
2747103
2747217
2747292
2747367
2747413
2747579
2747640
2747692
2747942
2748090
2748131
2748185
2748371
2748375
2748461
2748620
2748693
2748701
2748710
2749005
2749101
2749120
2749137
2749551
2749579
2749987
2750053
2750191
2750276
2750641
2750692
2751078
2751283
2751322
2751404
2751430
2751984
2752006
2752019
2752121
2752274
2752553
2752704
2752930
2752932
2752985
2753161
2753326
2753360
2753422
2753431
2753692
2753917
2753958
2754088
2754114
2754162
2754210
2754255
2754284
2754366
2754376
2754387
2754651
2754674
2754807
2755145
2755373
2755415
2755525
2755616
2755620
2755774
2756067
2756086
2756099
2756165
2756288
2756425
2756459
2756573
2756612
2756905
2757177
2757319
2757366
2757737
2757740
2757961
2757991
2758014
2758111
2758128
2758147
2758277
2758322
2758329
2758577
2758696
2758697
2758722
2758968
2759036
2759439
2759627
2759775
2759991
2760067
2760068
2760449
2760600
2761065
2761070
2761386
2761813
2761860
2761891
2761896
2762013
2762094
2762195
2762213
2762231
2762912
2762916
2763108
2763272
2763584
2763670
2763737
2763759
2763841
2763871
2763886
2763971
2764381
2764434
2764873
2765033
2765112
2765276
2765441
2765456
2765478
2765761
2765781
2765870
2765990
2766153
2766327
2766474
2766503
2766507
2766588
2766598
2766748
2767016
2767018
2767094
2767125
2767207
2767378
2767597
2767634
2767644
2767842
2767930
2768003
2768119
2768148
2768228
2768361
2768473
2768483
2768579
2768590
2768592
2768642
2768657
2768709
2768840
2768968
2769180
2769209
2769285
2769356
2769415
2769587
2769820
2769886
2769889
2769933
2769977
2770065
2770326
2770437
2770513
2770563
2770620
2770623
2770672
2770792
2770861
2770884
2770930
2771041
2771072
2771166
2771394
2771585
2771949
2772036
2772054
2772514
2772652
2772862
2772903
2773252
2773368
2773454
2773524
2773609
2773647
2773664
2773700
2773820
2773920
2774052
2774135
2774210
2774548
2774599
2774740
2774744
2774768
2774780
2774873
2774878
2775112
2775242
2775362
2775414
2775502
2775622
2775735
2775755
2775831
2775963
2776025
2776070
2776163
2776211
2776317
2776354
2776707
2776804
2777034
2777089
2777255
2777300
2777304
2777463
2777544
2777627
2777890
2777952
2778060
2778162
2778305
2778312
2778335
2778754
2778864
2779081
2779136
2779295
2779320
2779375
2779530
2779543
2779776
2779854
2780124
2780266
2780443
2780496
2780512
2780649
2780749
2780907
2781064
2781277
2781362
2781365
2781429
2781554
2781629
2781946
2782024
2782036
2782050
2782083
2782097
2782316
2782385
2782394
2782403
2782505
2782730
2782800
2782889
2782947
2783089
2783117
2783247
2783390
2783451
2783609
2783891
2784220
2784322
2784390
2784442
2784527
2784598
2784623
2784664
2784730
2785045
2785050
2785101
2785147
2785214
2785500
2785640
2785705
2785839
2785843
2786066
2786347
2786434
2786548
2786678
2786722
2786768
2786975
2787065
2787434
2787585
2787673
2787693
2787799
2788067
2788294
2788563
2788589
2788707
2788947
2789132
2789242
2789459
2789687
2789827
2789924
2790088
2790407
2790611
2790623
2790640
2790701
2790936
2791029
2791052
2791057
2791307
2791388
2791430
2791496
2791534
2791687
2791742
2792188
2792321
2792527
2792563
2792643
2792686
2792693
2792873
2793062
2793092
2793146
2793300
2793435
2793508
2793525
2793616
2793631
2793642
2793852
2793879
2794186
2794397
2794551
2794580
2794584
2794822
2794825
2795191
2795324
2795525
2795590
2795638
2795726
2796101
2796179
2796217
2796480
2796629
2796845
2796859
2796930
2796941
2796970
2797200
2797225
2797497
2797660
2797812
2798004
2798013
2798025
2798312
2798347
2798393
2798402
2798425
2798775
2798994
2799039
2799071
2799149
2799182
2799193
2799334
2799660
2799910
2799933
2799957
2800255
2800487
2800502
2800547
2800818
2800836
2800873
2800962
2801019
2801063
2801070
2801105
2801420
2801892
2802035
2802276
2802420
2802487
2802546
2802553
2802628
2802661
2802715
2802990
2803013
2803184
2803200
2803227
2803264
2803285
2803293
2803404
2803461
2803573
2803787
2803814
2803874
2804011
2804183
2804605
2804776
2804817
2804838
2804858
2805013
2805091
2805124
2805134
2805346
2805364
2805809
2805830
2805973
2806126
2806127
2806165
2806215
2806268
2806477
2806858
2807077
2807499
2807555
2807651
2807700
2807841
2807865
2808171
2808243
2808328
2808503
2808945
2808984
2808992
2809013
2809349
2809476
2809617
2809663
2809856
2809928
2810172
2810284
2810334
2810446
2810502
2810515
2810615
2810907
2810918
2810939
2811031
2811115
2811217
2811389
2811562
2811668
2811741
2811834
2811849
2811995
2812051
2812125
2812282
2812352
2812595
2812715
2812939
2813507
2813558
2813576
2813632
2814017
2814149
2814166
2814277
2814321
2814356
2814448
2814559
2814645
2815189
2815233
2815292
2815754
2815883
2815916
2816087
2816144
2816431
2816552
2816616
2816752
2816846
2816921
2817229
2817230
2817278
2817305
2817528
2817580
2817621
2817774
2817792
2817978
2818026
2818101
2818369
2818610
2818777
2818807
2818911
2818943
2819060
2819079
2819348
2819476
2819517
2819671
2819756
2819872
2820021
2820074
2820102
2820475
2820498
2820604
2820735
2820844
2820924
2821211
2821261
2821296
2821376
2821458
2821549
2821681
2821744
2821984
2822015
2822364
2822447
2822520
2822611
2822713
2822984
2823351
2823662
2823760
2823788
2823835
2823837
2823848
2823897
2824087
2824214
2824246
2824395
2824405
2824485
2824548
2824637
2824747
2824791
2824903
2824977
2825001
2825117
2825157
2825454
2825487
2825670
2826038
2826092
2826229
2826268
2826289
2826319
2826455
2826505
2826513
2826695
2826813
2826820
2826871
2826959
2827027
2827058
2827124
2827162
2827477
2827553
2827718
2827976
2828373
2828386
2828760
2828958
2829045
2829899
2830082
2830201
2830217
2830250
2830257
2830322
2830352
2830353
2830367
2830422
2830514
2830534
2830564
2830773
2830971
2830981
2831055
2831135
2831224
2831402
2831417
2831433
2831501
2831539
2831581
2831827
2831905
2832058
2832180
2832460
2832518
2832567
2832647
2832661
2832743
2832773
2832983
2833004
2833054
2833420
2833499
2833527
2833713
2833795
2833884
2833959
2834182
2834264
2834285
2834341
2834594
2834748
2834852
2834899
2835084
2835323
2835685
2835715
2835789
2835892
2835952
2835975
2836058
2836250
2836491
2836592
2836664
2836715
2836882
2837076
2837100
2837183
2837242
2837268
2837330
2837481
2837483
2837519
2837619
2837679
2837854
2837874
2837910
2837991
2838090
2838158
2838174
2838212
2838392
2838460
2838703
2838999
2839028
2839179
2839393
2839425
2839506
2839834
2840091
2840259
2840271
2840345
2840346
2840655
2840845
2841129
2841547
2841560
2841724
2841876
2841897
2842111
2842229
2842275
2842432
2842518
2842623
2842703
2842972
2842986
2843081
2843279
2843364
2843501
2843523
2843621
2843640
2843646
2843895
2843905
2843908
2843939
2843956
2844026
2844173
2844241
2844419
2844433
2844472
2844519
2844525
2844546
2844588
2844918
2844963
2844975
2844976
2845106
2845124
2845219
2845244
2845314
2845454
2845551
2845623
2845646
2845701
2846104
2846161
2846167
2846270
2846279
2846439
2846675
2846773
2846808
2846857
2846881
2847248
2847258
2847295
2847315
2847553
2847572
2847959
2848607
2848846
2848857
2848859
2848872
2849062
2849399
2849415
2849604
2849724
2850177
2850263
2850273
2850333
2850341
2850596
2851066
2851121
2851248
2851389
2851565
2851578
2851657
2851675
2851890
2851910
2851914
2852171
2852326
2852333
2852402
2852589
2852642
2852863
2852962
2852985
2853150
2853261
2853383
2853396
2853922
2854087
2854106
2854153
2854176
2854291
2854394
2854432
2854559
2854763
2854871
2854927
2855236
2855427
2855514
2855748
2855848
2855924
2856048
2856094
2856168
2856266
2856416
2856562
2856611
2857015
2857024
2857081
2857148
2857234
2857391
2857444
2857499
2857651
2857682
2857684
2857849
2857964
2858374
2858382
2858387
2858452
2858476
2858705
2858720
2858850
2858927
2858934
2858968
2859011
2859036
2859089
2859093
2859115
2859133
2859393
2859411
2859502
2860134
2860339
2860399
2860412
2860724
2860772
2860786
2860852
2860942
2861025
2861125
2861175
2861481
2861496
2861663
2861813
2861846
2861950
2861980
2862087
2862113
2862122
2862189
2862401
2862549
2862562
2862658
2862725
2862800
2863274
2863277
2863322
2863335
2863336
2863379
2863688
2863717
2864050
2864078
2864135
2864391
2864512
2864564
2864606
2864633
2864649
2864658
2864671
2864750
2864902
2865176
2865317
2865397
2865448
2865933
2866077
2866110
2866199
2866274
2866502
2866546
2866798
2866851
2867041
2867331
2867583
2867646
2867880
2868146
2868182
2868336
2868532
2868835
2868866
2868886
2869680
2869735
2869856
2869890
2870035
2870114
2870305
2870336
2870447
2870661
2870894
2871018
2871737
2871779
2871804
2872045
2872072
2872267
2872395
2872516
2872522
2873068
2873331
2873367
2873385
2873488
2873876
2873932
2874021
2874207
2874209
2874330
2875177
2875285
2875305
2875505
2875537
2875582
2875600
2875687
2875706
2875765
2875785
2876064
2876098
2876134
2876464
2876474
2876569
2876600
2876695
2876706
2876997
2877013
2877155
2877584
2877622
2877668
2877970
2878027
2878250
2878425
2878581
2878958
2878994
2879246
2879299
2879663
2879702
2879740
2879745
2879793
2879860
2880042
2880130
2880208
2880281
2880287
2880485
2880783
2880955
2881030
2881034
2881221
2881391
2881468
2881551
2881586
2881665
2881771
2881787
2881940
2881966
2881972
2882018
2882243
2882407
2882414
2882488
2882502
2882625
2882773
2882885
2882943
2882946
2883231
2883376
2883427
2883505
2883787
2883957
2884034
2884144
2884156
2884694
2885031
2885171
2885257
2885261
2885313
2885429
2885529
2885586
2885638
2885670
2885739
2885784
2885821
2885856
2886595
2886602
2886679
2886994
2887096
2887289
2887399
2887636
2887673
2887764
2887921
2887959
2888075
2888110
2888228
2888296
2888492
2888731
2888797
2889113
2889114
2889199
2889216
2889470
2889473
2889655
2889714
2889762
2889884
2890096
2890197
2890285
2890361
2890419
2890426
2890583
2890619
2890709
2890923
2891053
2891054
2891069
2891151
2891374
2891534
2891795
2892248
2892268
2892360
2892376
2892534
2892563
2892938
2893201
2893312
2893379
2893429
2893592
2893764
2893879
2893964
2894010
2894033
2894044
2894231
2894548
2894558
2894713
2895110
2895234
2895352
2895591
2895791
2895884
2896115
2896505
2896628
2896746
2896758
2896818
2896918
2897347
2897418
2897435
2897542
2897576
2897886
2897952
2898248
2898293
2898476
2898740
2898772
2898795
2899021
2899043
2899064
2899102
2899162
2899203
2899232
2899393
2899454
2900223
2900519
2900617
2900739
2900868
2900915
2900996
2901204
2901214
2901310
2901322
2901347
2901372
2901681
2902162
2902225
2902266
2902288
2902514
2902560
2903000
2903026
2903085
2903101
2903165
2903172
2903365
2903458
2904002
2904111
2904214
2904216
2904228
2904431
2904513
2904627
2904681
2904702
2904703
2904710
2905300
2905594
2905724
2905991
2905994
2906047
2906152
2906241
2906242
2906360
2906523
2906630
2906944
2906997
2907042
2907161
2907193
2907412
2907473
2907756
2907789
2907890
2907963
2908427
2908558
2908585
2908671
2908722
2909196
2909218
2909340
2909348
2909371
2909661
2910008
2910509
2910548
2910606
2910934
2911500
2911748
2911841
2912104
2912113
2912114
2912146
2912193
2912204
2912236
2912294
2912481
2912791
2912885
2912926
2912996
2913128
2913542
2913563
2913571
2913578
2913588
2913655
2913871
2914100
2914118
2914443
2914569
2914634
2914720
2915079
2915340
2915456
2915768
2915842
2915864
2915959
2916016
2916025
2916051
2916410
2916543
2916643
2916718
2916739
2916858
2916879
2917042
2917120
2917324
2917573
2917593
2917780
2918060
2918190
2918645
2918931
2919106
2919186
2919210
2919407
2919516
2919526
2919708
2919779
2919784
2919790
2919934
2919942
2920026
2920045
2920121
2920159
2920242
2920308
2920328
2920362
2920546
2920651
2920653
2920673
2920808
2920852
2920901
2921019
2921237
2921750
2921772
2921812
2922078
2922105
2922222
2922429
2922611
2922667
2922834
2922953
2923015
2923061
2923092
2923194
2923375
2923559
2923658
2924104
2924461
2924462
2924741
2924745
2924755
2924834
2924910
2925049
2925071
2925193
2925276
2925417
2925535
2925817
2926147
2926180
2926285
2926474
2926607
2926721
2926766
2926808
2926812
2926913
2927251
2927309
2927408
2927496
2927550
2927583
2927606
2927706
2927712
2927801
2927907
2928004
2928018
2928102
2928176
2928207
2928231
2928597
2928618
2928621
2928798
2929000
2929060
2929129
2929879
2929946
2930106
2930450
2930463
2930591
2930869
2930979
2931034
2931254
2931322
2931328
2931337
2931367
2931748
2931837
2932005
2932163
2932487
2932523
2932616
2932814
2932889
2933091
2933257
2933774
2934113
2934218
2934257
2934365
2934835
2934836
2934864
2934980
2935023
2935267
2935330
2935413
2935561
2935749
2936068
2936140
2936494
2936727
2936834
2937007
2937151
2937189
2937222
2937338
2937659
2937738
2937798
2938084
2938101
2938168
2938189
2938277
2938440
2938611
2938620
2938711
2938819
2938883
2939063
2939159
2939185
2939210
2939224
2939243
2939372
2939498
2939556
2939905
2939959
2940050
2940383
2940410
2940439
2940610
2940723
2940792
2940796
2940883
2940992
2941196
2941209
2941445
2941465
2941568
2941662
2942037
2942108
2942141
2942167
2942400
2942404
2942435
2942590
2942733
2942744
2943554
2943563
2943569
2943599
2943773
2943819
2943914
2944082
2944175
2944473
2944569
2944700
2944716
2944773
2944835
2944990
2945036
2945212
2945231
2945340
2945406
2945465
2945474
2945701
2945800
2945866
2945976
2946083
2946122
2946164
2946518
2946749
2946899
2947007
2947031
2947089
2947163
2947243
2947248
2947336
2947537
2947665
2947741
2947810
2947898
2947952
2948023
2948163
2948168
2948217
2948369
2948379
2948432
2948627
2948754
2948867
2948882
2948979
2948986
2949046
2949095
2949410
2949445
2949562
2949790
2949828
2949844
2949863
2950190
2950341
2950584
2950699
2950700
2950919
2950954
2951373
2951444
2951529
2951680
2951892
2951935
2952118
2952274
2952675
2952677
2952726
2952756
2952777
2953078
2953085
2953240
2953500
2953574
2953618
2953715
2953734
2953760
2953794
2953889
2954013
2954546
2954759
2954863
2955083
2955192
2955396
2955403
2955439
2955476
2955556
2955702
2955726
2955838
2955959
2956130
2956211
2956328
2956640
2956655
2956813
2956856
2956873
2957019
2957069
2957117
2957791
2957843
2958373
2958572
2958904
2958944
2959051
2959223
2959813
2959956
2959972
2960074
2960173
2960177
2960274
2960280
2960356
2960559
2960629
2960884
2960961
2961075
2961340
2961431
2961434
2961548
2961556
2961601
2961750
2962099
2962104
2962173
2962244
2962558
2962585
2962650
2962722
2962800
2962961
2963023
2963045
2963127
2963228
2963242
2963478
2963579
2963624
2963679
2963821
2963889
2963933
2964028
2964129
2964201
2964249
2964550
2964887
2965004
2965302
2965312
2965343
2965647
2965667
2965703
2965768
2965784
2965802
2965849
2966012
2966132
2966355
2966553
2966797
2966972
2967227
2967421
2967582
2967586
2967615
2968174
2968363
2968364
2968381
2968492
2968918
2969107
2969185
2969243
2969316
2969471
2969779
2969780
2969841
2970245
2970259
2970346
2970380
2970745
2970781
2971130
2971150
2971176
2971376
2971529
2971573
2971753
2972007
2972298
2972303
2972476
2972651
2972696
2972774
2972898
2973030
2973061
2973151
2973215
2973337
2973416
2973702
2973754
2973953
2974088
2974116
2974206
2974263
2974334
2974622
2974626
2974697
2975007
2975014
2975366
2975410
2975504
2975586
2975598
2975618
2975663
2975712
2975784
2975845
2975956
2976015
2976054
2976057
2976074
2976940
2976967
2976975
2976982
2977009
2977060
2977532
2977657
2977987
2978001
2978060
2978078
2978287
2978383
2978426
2978629
2978726
2978886
2978939
2978985
2979030
2979102
2979190
2979386
2979437
2979523
2979690
2979952
2980008
2980157
2980316
2980774
2980809
2981021
2981174
2981334
2981693
2981831
2981959
2981966
2982143
2982190
2982268
2982287
2982389
2982587
2982616
2982744
2982852
2982888
2983157
2983187
2983459
2983491
2983872
2983976
2983991
2984074
2984126
2984276
2984676
2984679
2984691
2984775
2984835
2985291
2985300
2985474
2985521
2985750
2986087
2986132
2986534
2986578
2986705
2986795
2987078
2987223
2987516
2987572
2987607
2987942
2988050
2988061
2988069
2988084
2988125
2988264
2988303
2988482
2988498
2988784
2989227
2989310
2989445
2989550
2989608
2989674
2989708
2989843
2990166
2990195
2990264
2990402
2990459
2990614
2990616
2990655
2990708
2990940
2991045
2991145
2991196
2991334
2991626
2991681
2991697
2991725
2991908
2991922
2991985
2991989
2992050
2992238
2992285
2992335
2992438
2992485
2992546
2992562
2992713
2992810
2992992
2993202
2993325
2993349
2993376
2993387
2993429
2993465
2993470
2993566
2993704
2993741
2993885
2993916
2994494
2994602
2994848
2994923
2995015
2995117
2995132
2995573
2995600
2995964
2996007
2996102
2996534
2996608
2997069
2997093
2997136
2997246
2997247
2997314
2997417
2997431
2997565
2997851
2998251
2998319
2998567
2998808
2998885
2998928
2999367
2999479
2999579
2999626
2999670
2999858
2999894
2999924
3000004
3000368
3000530
3000638
3000747
3000755
3000937
3001544
3001547
3001571
3001618
3001715
3001792
3001800
3001814
3001827
3001927
3002170
3002258
3002404
3002691
3002989
3003124
3003168
3003513
3003865
3004060
3004253
3004721
3004997
3005045
3005082
3005143
3005212
3005303
3005306
3005460
3005722
3005755
3005920
3006038
3006146
3006649
3006668
3006848
3006865
3006889
3007213
3007595
3007602
3007832
3007952
3007983
3008266
3008476
3008768
3008856
3009004
3009181
3009214
3009426
3009704
3009714
3009812
3009891
3009912
3009946
3010091
3010131
3010151
3010429
3010596
3010677
3010803
3011035
3011299
3011317
3011503
3011670
3011721
3011737
3011937
3012123
3012474
3012666
3013031
3013273
3013368
3013541
3013784
3014068
3014166
3014265
3014334
3014482
3014653
3014952
3015060
3015681
3016051
3016070
3016181
3016301
3016491
3017079
3017188
3017318
3017328
3017496
3017637
3017666
3017838
3017854
3017867
3017941
3018085
3018356
3018390
3018407
3018598
3018621
3018899
3018959
3018960
3018996
3019088
3019118
3019119
3019215
3019256
3019541
3019657
3019915
3020183
3020447
3020475
3020720
3020753
3020764
3020808
3020915
3021004
3021243
3021404
3021420
3021480
3021698
3021936
3021973
3022000
3022165
3022330
3022369
3022394
3022442
3022613
3022779
3022883
3023077
3023174
3023276
3023312
3023333
3023345
3023369
3023669
3023872
3023940
3023997
3024393
3024478
3024505
3024519
3024616
3024702
3025074
3025390
3025571
3025647
3025651
3025944
3026029
3026062
3026096
3026182
3026189
3026191
3026298
3026346
3026347
3026396
3026420
3026432
3026527
3026653
3026663
3026811
3026992
3027114
3027171
3027175
3027639
3027665
3027724
3027751
3027803
3027857
3027870
3027964
3027988
3028252
3028429
3028512
3028635
3028813
3029061
3029126
3029261
3029307
3029450
3029532
3029610
3029860
3029877
3029894
3029966
3030146
3030152
3030633
3030768
3030923
3031327
3031401
3031533
3031587
3031724
3031973
3032025
3032239
3032336
3032445
3032610
3032830
3032926
3033125
3033377
3033507
3033661
3033916
3033932
3034331
3034513
3034645
3034755
3034802
3034840
3034927
3035656
3035706
3035760
3035846
3036032
3036050
3036118
3036417
3036472
3036612
3036732
3036934
3036982
3037015
3037744
3037824
3037986
3037993
3038044
3038446
3038560
3038602
3038609
3038628
3038771
3038815
3038995
3039173
3039450
3039529
3039614
3039746
3039796
3040058
3040093
3040155
3040157
3040229
3040312
3040493
3040548
3040729
3040834
3041099
3041198
3041207
3041251
3041287
3041455
3041521
3041546
3041950
3041994
3042056
3042134
3042271
3042342
3042470
3042491
3042631
3042689
3042828
3042836
3042936
3042961
3043022
3043090
3043313
3043350
3043460
3043594
3043784
3043815
3043857
3043886
3044192
3044328
3044451
3044724
3044734
3044751
3044755
3045030
3045096
3045182
3045212
3045605
3046028
3046172
3046279
3046299
3046330
3046396
3046645
3046669
3046882
3047022
3047152
3047174
3047240
3047250
3047361
3047611
3047644
3047950
3047991
3048238
3048417
3048418
3048614
3048926
3049160
3049539
3049677
3049790
3049872
3049895
3049981
3049997
3050212
3050425
3050478
3050527
3050545
3050548
3050676
3050800
3050837
3050891
3051150
3051272
3051424
3051579
3051594
3051702
3051754
3051870
3051947
3052476
3052605
3052611
3052810
3052848
3052903
3052960
3053141
3053242
3053468
3053490
3053505
3053679
3053686
3053748
3053799
3053904
3053917
3054126
3054363
3054428
3054681
3054689
3054897
3054976
3055102
3055159
3055235
3055311
3055372
3055482
3055489
3055538
3055855
3055984
3056138
3056352
3056505
3056565
3056695
3056900
3056988
3057373
3057405
3057415
3057428
3057536
3057592
3057738
3058153
3058173
3058428
3058736
3059138
3059215
3059231
3059262
3059330
3059549
3059561
3059574
3059717
3059826
3060019
3060138
3060373
3060378
3060849
3060857
3060946
3061131
3061172
3061288
3061334
3061353
3061583
3061886
3061914
3062178
3062355
3062531
3062697
3062725
3062768
3062769
3063056
3063135
3063182
3063242
3063246
3063298
3063307
3063330
3063412
3063443
3063454
3063539
3063735
3063759
3063860
3064122
3064218
3064581
3064604
3064774
3064811
3065096
3065143
3065356
3065587
3065740
3065910
3065978
3066139
3066180
3066406
3066629
3067055
3067295
3067848
3067912
3068000
3068024
3068113
3068154
3068175
3068530
3068622
3068821
3068854
3068874
3068878
3068956
3068982
3069007
3069132
3069266
3069297
3069425
3069451
3069457
3069558
3069682
3069743
3069747
3069937
3070089
3070114
3070202
3070245
3070387
3070398
3070413
3070616
3070810
3070812
3070925
3070975
3071302
3071303
3071399
3071400
3071727
3071777
3071932
3072089
3072181
3072297
3072395
3072420
3072536
3072556
3072630
3072755
3072942
3073037
3073098
3073200
3073258
3073352
3073389
3073406
3073504
3073526
3073598
3073708
3073835
3073906
3073965
3074066
3074594
3074691
3074900
3075013
3075236
3075447
3075919
3076087
3076120
3076157
3076224
3076369
3076415
3076428
3076462
3076802
3076816
3077739
3078100
3078101
3078722
3078867
3078929
3079189
3079240
3079463
3079470
3079509
3079683
3079769
3079986
3080207
3080221
3080227
3080444
3080482
3080550
3080554
3080586
3080743
3080804
3080888
3081039
3081062
3081174
3081255
3081401
3081671
3081697
3081825
3082125
3082263
3082354
3083234
3083610
3083792
3084001
3084305
3084433
3084549
3084563
3084882
3084999
3085259
3085472
3085501
3085572
3085686
3085780
3085883
3086072
3086259
3086338
3086513
3086681
3086916
3087141
3087156
3087327
3087355
3087383
3087498
3087650
3087684
3087776
3087872
3087942
3088341
3088392
3088657
3088877
3088882
3088948
3088957
3088969
3088977
3089208
3089232
3089469
3089894
3089948
3090297
3090423
3090591
3090771
3090980
3091209
3091221
3091297
3091303
3091315
3091350
3091495
3091537
3091560
3091617
3091629
3091768
3091840
3091922
3092280
3092457
3092872
3092880
3093072
3093128
3093711
3093747
3093901
3093949
3094255
3094394
3094564
3094589
3094651
3094895
3095237
3095571
3095589
3095618
3095668
3095687
3095693
3095713
3095789
3095850
3095867
3096589
3096674
3096687
3096852
3097008
3097119
3097278
3097291
3097314
3097330
3097338
3097348
3097363
3097579
3097832
3097946
3098204
3098744
3098784
3099002
3099059
3099126
3099199
3099248
3099475
3099710
3099723
3100041
3100371
3100403
3100531
3100893
3101123
3101214
3101309
3101392
3101585
3101640
3101677
3101771
3101790
3101898
3102013
3102635
3102644
3102749
3102931
3102982
3103137
3103155
3103198
3103353
3103405
3103726
3103963
3104026
3104111
3104615
3104622
3104734
3105256
3105266
3105491
3105519
3105999
3106036
3106091
3106485
3106533
3107056
3107944
3108174
3108268
3108457
3108459
3108505
3108619
3108631
3108929
3109113
3109175
3109200
3109377
3109453
3109527
3109555
3109693
3109818
3110267
3110319
3110591
3110630
3110658
3110742
3110840
3111041
3111246
3111287
3111610
3111872
3112046
3112109
3112121
3112218
3112284
3112471
3112542
3112549
3112654
3112721
3112777
3112832
3112913
3112927
3113110
3113395
3113456
3113474
3113692
3113731
3114074
3114112
3114132
3114242
3114434
3115026
3115410
3115430
3115561
3115666
3115667
3115922
3116036
3116141
3116257
3116283
3116321
3116380
3116381
3116403
3116573
3117022
3117129
3117244
3117281
3117438
3117660
3117666
3117878
3117907
3117979
3117995
3118110
3118327
3118476
3118568
3118642
3118706
3118717
3118797
3118878
3118959
3119045
3119458
3119812
3119925
3120130
3120136
3120264
3120374
3120772
3120776
3120993
3121166
3121200
3121538
3121539
3121570
3121637
3121653
3121677
3122402
3122409
3122414
3122416
3122582
3122592
3122666
3122701
3122941
3122964
3122977
3123017
3123279
3123525
3123529
3123541
3123769
3123885
3124138
3124227
3124232
3124264
3124747
3124933
3125333
3125387
3125526
3125679
3125856
3125975
3126115
3126152
3126171
3126204
3126256
3126295
3126422
3126469
3126477
3126485
3126629
3126708
3126939
3127033
3127320
3127399
3127665
3127845
3127878
3128308
3128311
3128402
3128675
3128699
3128787
3129005
3129112
3129273
3129508
3130011
3130059
3130191
3130372
3130837
3131510
3131639
3131693
3131709
3131795
3131916
3132057
3132078
3132129
3132217
3132432
3132494
3132588
3132653
3132693
3132751
3132852
3133193
3133419
3133500
3133570
3133845
3133858
3133953
3133992
3134072
3134178
3134414
3134548
3134559
3134822
3134851
3134947
3135080
3135122
3135169
3135390
3135559
3135644
3135738
3136053
3136125
3136140
3136171
3136302
3136365
3136396
3136492
3136741
3136909
3137095
3137162
3137436
3137757
3137808
3137872
3137959
3137990
3137998
3138267
3138319
3138657
3138907
3138969
3139063
3139251
3139470
3139561
3139850
3139876
3139983
3140225
3140581
3140671
3140690
3140769
3140929
3140984
3141050
3141122
3141216
3141343
3141401
3141496
3141542
3141611
3141655
3141661
3141853
3141928
3141961
3142079
3142442
3142498
3142510
3142581
3142609
3142776
3142912
3143137
3143381
3143401
3143501
3143830
3144288
3144386
3144394
3144445
3144447
3144602
3144790
3144800
3144819
3145473
3145801
3146074
3146287
3146311
3146336
3146810
3146848
3147067
3147097
3147319
3147376
3147446
3147577
3147615
3147640
3147966
3147971
3148021
3148077
3148419
3148561
3148627
3148661
3148735
3148997
3149019
3149077
3149115
3149521
3149546
3149711
3149766
3149830
3149939
3149977
3150014
3150139
3150192
3151081
3151176
3151451
3151453
3151780
3151973
3152261
3152318
3152381
3152580
3152945
3153009
3153198
3153231
3153644
3154060
3154358
3154495
3154521
3154612
3154666
3154687
3154763
3154845
3155287
3155302
3155319
3155421
3155764
3155882
3156237
3156261
3156270
3156408
3156653
3156904
3156948
3156987
3157086
3157432
3157451
3157460
3157923
3158075
3158189
3158199
3158919
3158922
3159128
3159298
3159354
3159424
3159442
3159454
3159611
3159901
3160089
3160094
3160311
3160543
3160617
3160727
3160930
3160952
3160980
3161215
3161277
3161300
3161378
3161412
3161554
3161582
3161953
3162050
3162383
3162787
3163502
3163515
3163527
3163640
3163705
3163739
3163754
3164015
3164041
3164339
3164604
3164800
3165170
3165214
3165281
3165687
3165938
3166115
3166225
3166336
3166525
3166655
3166805
3166942
3167002
3167049
3167099
3167477
3167482
3167566
3167574
3167695
3167707
3168045
3168074
3168117
3168294
3168419
3168564
3168684
3168785
3168808
3168855
3168904
3168970
3168983
3169235
3169555
3169718
3169719
3169812
3169913
3169922
3170061
3170192
3170287
3170303
3170348
3170809
3171008
3171025
3171056
3171135
3171281
3171360
3171564
3172072
3172141
3172277
3172615
3172783
3172800
3173121
3173204
3173409
3173507
3173574
3173584
3173592
3173666
3173815
3173817
3174047
3174151
3174317
3174892
3174909
3175002
3175020
3175134
3175320
3175439
3175490
3175517
3175729
3175774
3176007
3176203
3176211
3176281
3176330
3176384
3176417
3176421
3176572
3176681
3176703
3176872
3176880
3176972
3177037
3177113
3177136
3177200
3177324
3178246
3178895
3179070
3179174
3179203
3179317
3179577
3179725
3179917
3180002
3180090
3180320
3180498
3180929
3181129
3181287
3181374
3181403
3181572
3182286
3182312
3182363
3182411
3182784
3183002
3183043
3183080
3183412
3183496
3183625
3183942
3184146
3184188
3184278
3184367
3184645
3184776
3185279
3185378
3185401
3185623
3186003
3186281
3186685
3186813
3186879
3186915
3187108
3187127
3187536
3187571
3187603
3187684
3187731
3187858
3188010
3188075
3188137
3188160
3188161
3188385
3188401
3188517
3188557
3188691
3188761
3188772
3188788
3188789
3188828
3188989
3188996
3189312
3189452
3189483
3189752
3189775
3190021
3190307
3190371
3190514
3190626
3190631
3190663
3190847
3191224
3191232
3191365
3191642
3191710
3191723
3191762
3191821
3191925
3192020
3192221
3192407
3192528
3192667
3192758
3193119
3193221
3193243
3193271
3193318
3193348
3193657
3193774
3193903
3194266
3194392
3194519
3194522
3194524
3194842
3195082
3195162
3195216
3195341
3195434
3195546
3195565
3195602
3195958
3196525
3196632
3196667
3196881
3197021
3197210
3197215
3197252
3197594
3198160
3198516
3198519
3198715
3198725
3198807
3198859
3198997
3199064
3199447
3199539
3199938
3199995
3200051
3200101
3200485
3200641
3200792
3200810
3201057
3201083
3201237
3201373
3201396
3201424
3201828
3201987
3202013
3202175
3202366
3202646
3202959
3203192
3203456
3203697
3204001
3204306
3204594
3204712
3204787
3204975
3205249
3205309
3205402
3205435
3205696
3206027
3206130
3206198
3206284
3206331
3206436
3206472
3206745
3207396
3207589
3207677
3207843
3208119
3208239
3208312
3208465
3209071
3209080
3209186
3209217
3209338
3209344
3209402
3209549
3209650
3209690
3209770
3209792
3209872
3209874
3210031
3210056
3210350
3210395
3210427
3210699
3210709
3210719
3210778
3210850
3210859
3210869
3210945
3210972
3211064
3211178
3211246
3211464
3211673
3211819
3212029
3212106
3212269
3212745
3212935
3212979
3213126
3213510
3213556
3213974
3214008
3214186
3214284
3214634
3214745
3214945
3214964
3214979
3215111
3215218
3215284
3215410
3215548
3215932
3215992
3216004
3216040
3216130
3216186
3216258
3216344
3216348
3216533
3216622
3216779
3216995
3217042
3217090
3217578
3217744
3217785
3218722
3218788
3219224
3219554
3219584
3219587
3220038
3220243
3220273
3220491
3220575
3220628
3220717
3220725
3220796
3220933
3220934
3221099
3221305
3221566
3221800
3222024
3222034
3222155
3222213
3222269
3222284
3222363
3222432
3222441
3222628
3222680
3222725
3222727
3222759
3222866
3223050
3223089
3223093
3223180
3223295
3223367
3223512
3223749
3223767
3223863
3224679
3224805
3224941
3225156
3225256
3225282
3225343
3225514
3225560
3225754
3225910
3226232
3226760
3226828
3226900
3227340
3227400
3227444
3227524
3227931
3228003
3228195
3228198
3228332
3228346
3228355
3228466
3228558
3228674
3228717
3228722
3228723
3228743
3228908
3229095
3229097
3229334
3229362
3229527
3230065
3230114
3230422
3230646
3231263
3231606
3231893
3232033
3232063
3232255
3232392
3232405
3232757
3232852
3232892
3232987
3233093
3233109
3233415
3233540
3233625
3234050
3234185
3234496
3234518
3234590
3234660
3234796
3234807
3234893
3235023
3235377
3235387
3235416
3235501
3235507
3235541
3235623
3235740
3236260
3236625
3236668
3236978
3237000
3237018
3237114
3237385
3237777
3237863
3237868
3238103
3238121
3238207
3238316
3238401
3238605
3238739
3238764
3238818
3239213
3239291
3239341
3239411
3239709
3239806
3239947
3239966
3240239
3240304
3240332
3240364
3240446
3240951
3241150
3241227
3241567
3241574
3241685
3241697
3242139
3242152
3242231
3242970
3243217
3243280
3243768
3243813
3243904
3244071
3244186
3244199
3244210
3244554
3244715
3244779
3245318
3245536
3245558
3245617
3245763
3245829
3245923
3246198
3246271
3246577
3246706
3246856
3246889
3247261
3247364
3247459
3247467
3247531
3247535
3247834
3247922
3248008
3248324
3248400
3248526
3248670
3248695
3248958
3248973
3248985
3249040
3249123
3249243
3249318
3249365
3249400
3249438
3249684
3249702
3250508
3250606
3250859
3251045
3251117
3251283
3251371
3251388
3251441
3251451
3251474
3251480
3251541
3251707
3251744
3251920
3252063
3252231
3252444
3252615
3252789
3252906
3252937
3253301
3253302
3253326
3253579
3254138
3254288
3254322
3254328
3254329
3254496
3254499
3254614
3254720
3254762
3254807
3254872
3255054
3255136
3255148
3255159
3255252
3255291
3255355
3255367
3255615
3255892
3255910
3256147
3256152
3256253
3256277
3256349
3256526
3256830
3256886
3256931
3256945
3257082
3257181
3257258
3257379
3257445
3257505
3257621
3257714
3257722
3257948
3258146
3258331
3258486
3258496
3258711
3258839
3258956
3258976
3259054
3259167
3259399
3259603
3259639
3259722
3260016
3260040
3260168
3260296
3260344
3260636
3260669
3260673
3260825
3261176
3261193
3261200
3261572
3261577
3261777
3261976
3262032
3262488
3263246
3263576
3263736
3264094
3264314
3264596
3264727
3264831
3264867
3264996
3265003
3265022
3265094
3265167
3265189
3265232
3265363
3265480
3265519
3265590
3265612
3265994
3266084
3266330
3266581
3266860
3266916
3267122
3267156
3267840
3267989
3268411
3268610
3268624
3269018
3269126
3269145
3269357
3269444
3269456
3269468
3269789
3269817
3269880
3269951
3270070
3270104
3270774
3270803
3270840
3271177
3271344
3271366
3271385
3271590
3271613
3271795
3272247
3272304
3272334
3272459
3272818
3273004
3273143
3273215
3273385
3273398
3273450
3273525
3273661
3273771
3273862
3273866
3274189
3274203
3274677
3274736
3274757
3274782
3274987
3275172
3275180
3275189
3275243
3275323
3275436
3275584
3275641
3275703
3276124
3276221
3276485
3276705
3277020
3277420
3277646
3277665
3277698
3277874
3277993
3278171
3278203
3278406
3278438
3278594
3278673
3278717
3278860
3279038
3279092
3279305
3279976
3280015
3280054
3280429
3280431
3280473
3281309
3281327
3282173
3282417
3282421
3282425
3282449
3282457
3282494
3282498
3282639
3282691
3283205
3283312
3283392
3283544
3283569
3283698
3283864
3283872
3284012
3284264
3284315
3284575
3284793
3284811
3285005
3285013
3285100
3285222
3285242
3285492
3285656
3285689
3285854
3285988
3286512
3286638
3286740
3286753
3286805
3286885
3286904
3286961
3287115
3287384
3287477
3287973
3288129
3288295
3288360
3288473
3288517
3289317
3289456
3289556
3289635
3289769
3289789
3290050
3290077
3290175
3290409
3290584
3290925
3291212
3291317
3291439
3291536
3291616
3291822
3291906
3292110
3292158
3292324
3292401
3292453
3292577
3292669
3292936
3293053
3293154
3293331
3293429
3293469
3293519
3293718
3293850
3293893
3293924
3294025
3294026
3294559
3294597
3294622
3294745
3295165
3295395
3295478
3295614
3295649
3296185
3296201
3296231
3296265
3296335
3296522
3296612
3296740
3296824
3296918
3297049
3297336
3297400
3297518
3297599
3297646
3297883
3297984
3298321
3298376
3298414
3298420
3298510
3298540
3298711
3299185
3299574
3299620
3299710
3299730
3299732
3299809
3299837
3300246
3300344
3300559
3300916
3300936
3301047
3301364
3301528
3301532
3301580
3301900
3301979
3302002
3302304
3302335
3302710
3302735
3302971
3303128
3303361
3303418
3303508
3303647
3303687
3303753
3303887
3303982
3304055
3304087
3304108
3304748
3304756
3304831
3304878
3305108
3305264
3305433
3305907
3305964
3306123
3306418
3306564
3306621
3306622
3306699
3307033
3307225
3308223
3308381
3308423
3308602
3308710
3308737
3308743
3308789
3308825
3309335
3309366
3309391
3309423
3309479
3309607
3309637
3309767
3310053
3310093
3310101
3310375
3310401
3310427
3310707
3310966
3311138
3311153
3311171
3311226
3311317
3311335
3311407
3311439
3311559
3311712
3311929
3312093
3312108
3312126
3312253
3312284
3312292
3312629
3312961
3313145
3313256
3313332
3313542
3313637
3314266
3314401
3314411
3314418
3314513
3314773
3314781
3314927
3315020
3315266
3315435
3315584
3315684
3315688
3315797
3315866
3315943
3316127
3316141
3316401
3316618
3316698
3316708
3316985
3317228
3317251
3317267
3317426
3317549
3317665
3318165
3318254
3318284
3318339
3318518
3318596
3318624
3318627
3318885
3318941
3319058
3319062
3319250
3319316
3319518
3319725
3319911
3319932
3320023
3320026
3320108
3320129
3320210
3320257
3320296
3320469
3320533
3320553
3320734
3320972
3321119
3321200
3321255
3321355
3321407
3321607
3321811
3321966
3322085
3322215
3322896
3322915
3323136
3323155
3323466
3323555
3323715
3323942
3324574
3324609
3324634
3324829
3324923
3324946
3325135
3325273
3325365
3325537
3326104
3326262
3326408
3326466
3326472
3326615
3326762
3326845
3327116
3327176
3327211
3327329
3327645
3327679
3327869
3328340
3328771
3328804
3329016
3329131
3329207
3329269
3329501
3329555
3329562
3329608
3329644
3329929
3329997
3330085
3330086
3330154
3330223
3330477
3331168
3331200
3331236
3331352
3331436
3331481
3331550
3331762
3331786
3331805
3332008
3332098
3332404
3332618
3332668
3333034
3333350
3333395
3333475
3333890
3333916
3334013
3334305
3334433
3334769
3334892
3335134
3335197
3335341
3335615
3335725
3336158
3336175
3336196
3336230
3336347
3336474
3336730
3336766
3336875
3337040
3337333
3337439
3337572
3337802
3337905
3337954
3338298
3338519
3338586
3338610
3338772
3339192
3339289
3339307
3339506
3339545
3339549
3339605
3339611
3339938
3339971
3340205
3340285
3340823
3341006
3341110
3341151
3341839
3341974
3342412
3342486
3342521
3342720
3342958
3343080
3343124
3343167
3343327
3343391
3343422
3343444
3343447
3343660
3343983
3343996
3344571
3344839
3344950
3345126
3345128
3345162
3345468
3345550
3345895
3346048
3346061
3346101
3346168
3346415
3346500
3346517
3346828
3347036
3347068
3347309
3347360
3347474
3347959
3347986
3348105
3348112
3348253
3348310
3348338
3348402
3348423
3348714
3348785
3349028
3349134
3349434
3349435
3349605
3349631
3349763
3350088
3350092
3351068
3351071
3351230
3351378
3351747
3352075
3352186
3352204
3352235
3352402
3352410
3352467
3353437
3353456
3353532
3353920
3353931
3353983
3354138
3354144
3354395
3354405
3354481
3354497
3354566
3354690
3354713
3354887
3354909
3354952
3355016
3355075
3355164
3355197
3355310
3355315
3355426
3355537
3355582
3355677
3356416
3356480
3356574
3356803
3356810
3356911
3357388
3357521
3357562
3357746
3357852
3358393
3358452
3358572
3358688
3358765
3359186
3359229
3359283
3359363
3359506
3359536
3359565
3359617
3359712
3359805
3359830
3359905
3360437
3360538
3361057
3361081
3361485
3361589
3361679
3361706
3361914
3362051
3362120
3362349
3362394
3362619
3362863
3363059
3363459
3363757
3363850
3364014
3364158
3364210
3364434
3364636
3364675
3364681
3364798
3364856
3364976
3365007
3365068
3365124
3365261
3365568
3365923
3365995
3366124
3366145
3366162
3366266
3366295
3366368
3366449
3366524
3366869
3367619
3367831
3367938
3368176
3368295
3368305
3368339
3368459
3369477
3369618
3369704
3369868
3369998
3370198
3370266
3370414
3370566
3370569
3370612
3370615
3370713
3370956
3371027
3371063
3371096
3371330
3371389
3371620
3371642
3372018
3372139
3372436
3372495
3372845
3372918
3373159
3373232
3373327
3373655
3373675
3373822
3373920
3374337
3374388
3374460
3374703
3374709
3374732
3374799
3374826
3374841
3374861
3375084
3375446
3375453
3375528
3375809
3376025
3376096
3376257
3376304
3376356
3376554
3376610
3376741
3377111
3377139
3377386
3377529
3377554
3377697
3377704
3377815
3377994
3378077
3378088
3378167
3378175
3378301
3378303
3378646
3378734
3378781
3378816
3379180
3379521
3379658
3380063
3380118
3380257
3380394
3380409
3380426
3380437
3380580
3381003
3381113
3381310
3381329
3381384
3381439
3381521
3381542
3381621
3381627
3381662
3381762
3382006
3382033
3382044
3382148
3382595
3382778
3382797
3383159
3383206
3383602
3383746
3383749
3383752
3383754
3383952
3384156
3384520
3384529
3384665
3384815
3384872
3385086
3385209
3385312
3385409
3385548
3386432
3386516
3386588
3386645
3387193
3387549
3387583
3387743
3387858
3388047
3388376
3388405
3388619
3388662
3388714
3388757
3388909
3389028
3389084
3389374
3389386
3389394
3389577
3389621
3389691
3390043
3390123
3390308
3390339
3390619
3390643
3390985
3391139
3391178
3391706
3391734
3391789
3391917
3391963
3392126
3392401
3392678
3392714
3393110
3393295
3393386
3393519
3393538
3393541
3393609
3393914
3393956
3393957
3393998
3394310
3394455
3394501
3394561
3394827
3395233
3395302
3395324
3395495
3395811
3395900
3396459
3396818
3396836
3396843
3396886
3397062
3397064
3397141
3397411
3397559
3397570
3397700
3397769
3398114
3398332
3398338
3398401
3398471
3398529
3398548
3398592
3398767
3398782
3398922
3398986
3399030
3399098
3399243
3399269
3399303
3399529
3399542
3399599
3400132
3400505
3400662
3401281
3401322
3401701
3401934
3402049
3402227
3402322
3402332
3402553
3402559
3402953
3403143
3403905
3403962
3404023
3404284
3404656
3404667
3404701
3404791
3404948
3404964
3405110
3405119
3405161
3405365
3405535
3405955
3406038
3406162
3406244
3406376
3406482
3406567
3406692
3406731
3406828
3406999
3407114
3407245
3407514
3407736
3407766
3408247
3408341
3408430
3408630
3408645
3408963
3409023
3409051
3409328
3409444
3409675
3409840
3410026
3410071
3410079
3410139
3410215
3410226
3410357
3410400
3410446
3410554
3410557
3411102
3411196
3411234
3411263
3411343
3411752
3411805
3411861
3411892
3411998
3412066
3412294
3412646
3412760
3412805
3412808
3413065
3413100
3413138
3413238
3413506
3413532
3413896
3414092
3414371
3414572
3415073
3415147
3415168
3415316
3415332
3415356
3415372
3415382
3415591
3415693
3415904
3415964
3416413
3416519
3416623
3417117
3417158
3417182
3417426
3417480
3417668
3417892
3418007
3418078
3418112
3418313
3418398
3418408
3418637
3418678
3418873
3418977
3419025
3419373
3419461
3420021
3420097
3420557
3420582
3420604
3421003
3421044
3421057
3421070
3421249
3421407
3421629
3421840
3421875
3422320
3422496
3422667
3422671
3422706
3422755
3422965
3423005
3423256
3423578
3423596
3423840
3423890
3424093
3424418
3424495
3424812
3424960
3425003
3425026
3425237
3425318
3425335
3425420
3425552
3425619
3426650
3426815
3426861
3426945
3427481
3427492
3427563
3427645
3427654
3427655
3427665
3428016
3428110
3428178
3428318
3428615
3428685
3428718
3428734
3428758
3428872
3429216
3429277
3429408
3429552
3429671
3429687
3429709
3429856
3430073
3430115
3430137
3430256
3430364
3430388
3430482
3430770
3430804
3430936
3430991
3430998
3431136
3432106
3432162
3432365
3432540
3432551
3432657
3432908
3433007
3433156
3433482
3433532
3433663
3433770
3434011
3434275
3434348
3434538
3434570
3435009
3435126
3435861
3436174
3436237
3436327
3436328
3436330
3436416
3436675
3436706
3437013
3437081
3437548
3437899
3437961
3438029
3438454
3438536
3438581
3438646
3438706
3438951
3439068
3439340
3439371
3439423
3439533
3439563
3439644
3439653
3439748
3439882
3440741
3440907
3440980
3441121
3441549
3441604
3441784
3441894
3441951
3442002
3442223
3442291
3442358
3442468
3442480
3442982
3443017
3443049
3443065
3443215
3443271
3443566
3443966
3443996
3443997
3444139
3444270
3444410
3444639
3444743
3444867
3445034
3445083
3445102
3445103
3445125
3445296
3445330
3445347
3445515
3445643
3446013
3446472
3446570
3446872
3447137
3447332
3447607
3447780
3447847
3447864
3447886
3448634
3448770
3448881
3448901
3449126
3449276
3449286
3449347
3449366
3449840
3449956
3450094
3450168
3450201
3450400
3450772
3450888
3450978
3451025
3451051
3451160
3451180
3451267
3451630
3451690
3451849
3452228
3452770
3453051
3453828
3453851
3453859
3453954
3453994
3454158
3454173
3454312
3454468
3454507
3454557
3454612
3454857
3454875
3455212
3455300
3455318
3455456
3455908
3456118
3456120
3456504
3457113
3457149
3457552
3457684
3457925
3458039
3458175
3458237
3458364
3458366
3458640
3459071
3459137
3459383
3459597
3459654
3460068
3460122
3460356
3460374
3460516
3460599
3461015
3461019
3461486
3461645
3461676
3461724
3461846
3461876
3461999
3462164
3462411
3462721
3462729
3462877
3462905
3462983
3463058
3463273
3463437
3463684
3464093
3464332
3464578
3464795
3464949
3464950
3464990
3465106
3465200
3465345
3465632
3466032
3466066
3466448
3466449
3466582
3466978
3467054
3467151
3467424
3467449
3467560
3467575
3467612
3467678
3467693
3468013
3468104
3468474
3469325
3469522
3469686
3469986
3470004
3470132
3470225
3470258
3470466
3470554
3470881
3471145
3471299
3471425
3471614
3471698
3472028
3472129
3472213
3472285
3472408
3472421
3472746
3472829
3472838
3472917
3473095
3473283
3473463
3473516
3473587
3473802
3473825
3474423
3474468
3474801
3475010
3475026
3475082
3475439
3475617
3475727
3476148
3476222
3476329
3476465
3477481
3478067
3478275
3478452
3478461
3478583
3478804
3478921
3479132
3479291
3479427
3479897
3479914
